AC;1200013;ACRELANDIA;14.540.727,51;0,00;0;0;0,00;14.540.727,51;;;;
AC;1200054;ASSIS BRASIL;9.026.085,89;0,00;0;0;0,00;9.026.085,89;;;;
AC;1200104;BRASILEIA;21.106.341,34;0,00;0;0;0,00;21.106.341,34;;;;
AC;1200138;BUJARI;11.621.765,41;0,00;0;0;0,00;11.621.765,41;;;;
AC;1200179;CAPIXABA;14.952.122,82;0,00;0;0;0,00;14.952.122,82;;;;
AC;1200203;CRUZEIRO DO SUL;82.886.430,92;0,00;0;0;0,00;82.886.430,92;;;;
AC;1200252;EPITACIOLANDIA;16.378.029,88;0,00;0;0;0,00;16.378.029,88;;;;
AC;1200302;FEIJO;29.854.720,20;0,00;0;0;0,00;29.854.720,20;;;;
AC;1200328;JORDAO;19.013.815,89;0,00;0;0;0,00;19.013.815,89;;;;
AC;1200336;MANCIO LIMA;21.766.882,98;0,00;0;0;0,00;21.766.882,98;;;;
AC;1200344;MANOEL URBANO;15.399.674,72;0,00;0;0;0,00;15.399.674,72;;;;
AC;1200351;MARECHAL THAUMATURGO;36.510.269,78;0,00;0;0;0,00;36.510.269,78;;;;
AC;1200385;PLACIDO DE CASTRO;14.186.453,56;0,00;0;0;0,00;14.186.453,56;;;;
AC;1200807;PORTO ACRE;17.684.832,83;0,00;0;0;0,00;17.684.832,83;;;;
AC;1200393;PORTO WALTER;25.125.193,39;0,00;0;0;0,00;25.125.193,39;;;;
AC;1200401;RIO BRANCO;153.637.308,05;0,00;0;0;0,00;153.637.308,05;;;;
AC;1200427;RODRIGUES ALVES;28.676.744,13;0,00;0;0;0,00;28.676.744,13;;;;
AC;1200435;SANTA ROSA DO PURUS;16.572.485,56;0,00;0;0;0,00;16.572.485,56;;;;
AC;1200500;SENA MADUREIRA;36.165.718,61;0,00;0;0;0,00;36.165.718,61;;;;
AC;1200450;SENADOR GUIOMARD;15.795.574,34;0,00;0;0;0,00;15.795.574,34;;;;
AC;1200609;TARAUACA;48.985.513,33;0,00;0;0;0,00;48.985.513,33;;;;
AC;1200708;XAPURI;8.984.156,38;0,00;0;0;0,00;8.984.156,38;;;;
AL;2700102;AGUA BRANCA;25.272.463,45;5.185.728,33;0;0;5.185.728,33;30.458.191,78;;;;
AL;2700201;ANADIA;14.471.385,01;2.969.424,46;0;0;2.969.424,46;17.440.809,47;;;;
AL;2700300;ARAPIRACA;148.224.541,09;30.414.613,24;0;0;30.414.613,24;178.639.154,33;;;;
AL;2700409;ATALAIA;46.377.896,72;9.516.411,93;0;0;9.516.411,93;55.894.308,65;;;;
AL;2700508;BARRA DE SANTO ANTONIO;16.569.797,56;3.400.003,67;0;0;3.400.003,67;19.969.801,23;;;;
AL;2700607;BARRA DE SAO MIGUEL;9.066.163,73;1.860.311,80;0;0;1.860.311,80;10.926.475,53;;;;
AL;2700706;BATALHA;21.687.072,36;4.450.031,78;0;0;4.450.031,78;26.137.104,14;;;;
AL;2700805;BELEM;8.546.242,65;1.753.627,73;0;0;1.753.627,73;10.299.870,38;;;;
AL;2700904;BELO MONTE;8.320.865,48;1.707.381,95;0;0;1.707.381,95;10.028.247,43;;;;
AL;2701001;BOCA DA MATA;28.942.557,20;5.938.805,25;0;0;5.938.805,25;34.881.362,45;;;;
AL;2701100;BRANQUINHA;13.949.548,54;2.862.347,36;0;0;2.862.347,36;16.811.895,90;;;;
AL;2701209;CACIMBINHAS;16.037.958,52;3.290.874,11;0;0;3.290.874,11;19.328.832,63;;;;
AL;2701308;CAJUEIRO;22.515.583,52;4.620.036,33;0;0;4.620.036,33;27.135.619,85;;;;
AL;2701357;CAMPESTRE;7.059.476,92;1.448.554,06;0;0;1.448.554,06;8.508.030,98;;;;
AL;2701407;CAMPO ALEGRE;50.754.129,69;10.414.383,57;0;0;10.414.383,57;61.168.513,26;;;;
AL;2701506;CAMPO GRANDE;10.098.769,99;2.072.195,20;0;0;2.072.195,20;12.170.965,19;;;;
AL;2701605;CANAPI;32.863.992,24;6.743.455,61;0;0;6.743.455,61;39.607.447,85;;;;
AL;2701704;CAPELA;18.867.623,13;3.871.501,01;0;0;3.871.501,01;22.739.124,14;;;;
AL;2701803;CARNEIROS;12.562.382,92;2.577.710,92;0;0;2.577.710,92;15.140.093,84;;;;
AL;2701902;CHA PRETA;7.034.151,26;1.443.357,41;0;0;1.443.357,41;8.477.508,67;;;;
AL;2702009;COITE DO NOIA;11.366.117,52;2.332.245,83;0;0;2.332.245,83;13.698.363,35;;;;
AL;2702108;COLONIA LEOPOLDINA;18.465.179,11;3.788.922,38;0;0;3.788.922,38;22.254.101,49;;;;
AL;2702207;COQUEIRO SECO;6.289.278,66;1.290.514,89;0;0;1.290.514,89;7.579.793,55;;;;
AL;2702306;CORURIPE;66.127.874,66;13.568.965,82;0;0;13.568.965,82;79.696.840,48;;;;
AL;2702355;CRAIBAS;30.042.414,80;6.164.488,15;0;0;6.164.488,15;36.206.902,95;;;;
AL;2702405;DELMIRO GOUVEIA;46.091.652,81;9.457.676,74;0;0;9.457.676,74;55.549.329,55;;;;
AL;2702504;DOIS RIACHOS;15.653.178,61;3.211.920,03;0;0;3.211.920,03;18.865.098,64;;;;
AL;2702553;ESTRELA DE ALAGOAS;16.518.720,58;3.389.523,04;0;0;3.389.523,04;19.908.243,62;;;;
AL;2702603;FEIRA GRANDE;25.851.761,52;5.304.596,14;0;0;5.304.596,14;31.156.357,66;;;;
AL;2702702;FELIZ DESERTO;4.946.805,40;1.015.049,00;0;0;1.015.049,00;5.961.854,40;;;;
AL;2702801;FLEXEIRAS;12.226.977,43;2.508.888,12;0;0;2.508.888,12;14.735.865,55;;;;
AL;2702900;GIRAU DO PONCIANO;69.098.426,61;14.178.501,79;0;0;14.178.501,79;83.276.928,40;;;;
AL;2703007;IBATEGUARA;14.007.861,42;2.874.312,75;0;0;2.874.312,75;16.882.174,17;;;;
AL;2703106;IGACI;21.100.325,57;4.329.635,54;0;0;4.329.635,54;25.429.961,11;;;;
AL;2703205;IGREJA NOVA;26.532.149,44;5.444.206,86;0;0;5.444.206,86;31.976.356,30;;;;
AL;2703304;INHAPI;22.314.255,10;4.578.725,18;0;0;4.578.725,18;26.892.980,28;;;;
AL;2703403;JACARE DOS HOMENS;10.086.000,74;2.069.575,05;0;0;2.069.575,05;12.155.575,79;;;;
AL;2703502;JACUIPE;10.047.905,83;2.061.758,24;0;0;2.061.758,24;12.109.664,07;;;;
AL;2703601;JAPARATINGA;9.974.908,31;2.046.779,68;0;0;2.046.779,68;12.021.687,99;;;;
AL;2703700;JARAMATAIA;6.335.673,57;1.300.034,80;0;0;1.300.034,80;7.635.708,37;;;;
AL;2703759;JEQUIA DA PRAIA;11.653.425,52;2.391.199,38;0;0;2.391.199,38;14.044.624,90;;;;
AL;2703809;JOAQUIM GOMES;17.344.890,70;3.559.047,23;0;0;3.559.047,23;20.903.937,93;;;;
AL;2703908;JUNDIA;7.151.628,31;1.467.462,86;0;0;1.467.462,86;8.619.091,17;;;;
AL;2704005;JUNQUEIRO;26.700.277,83;5.478.705,60;0;0;5.478.705,60;32.178.983,43;;;;
AL;2704104;LAGOA DA CANOA;23.042.740,51;4.728.205,16;0;0;4.728.205,16;27.770.945,67;;;;
AL;2704203;LIMOEIRO DE ANADIA;33.160.238,71;6.804.243,27;0;0;6.804.243,27;39.964.481,98;;;;
AL;2704302;MACEIO;234.602.522,45;48.138.755,78;0;0;48.138.755,78;282.741.278,23;;;;
AL;2704401;MAJOR ISIDORO;25.760.461,42;5.285.862,01;0;0;5.285.862,01;31.046.323,43;;;;
AL;2704906;MAR VERMELHO;3.343.413,91;686.044,56;0;0;686.044,56;4.029.458,47;;;;
AL;2704500;MARAGOGI;31.746.257,69;6.514.104,49;0;0;6.514.104,49;38.260.362,18;;;;
AL;2704609;MARAVILHA;14.908.518,82;3.059.121,19;0;0;3.059.121,19;17.967.640,01;;;;
AL;2704708;MARECHAL DEODORO;51.311.720,04;10.528.797,11;0;0;10.528.797,11;61.840.517,15;;;;
AL;2704807;MARIBONDO;9.705.690,07;1.991.538,02;0;0;1.991.538,02;11.697.228,09;;;;
AL;2705002;MATA GRANDE;25.687.251,08;5.270.839,78;0;0;5.270.839,78;30.958.090,86;;;;
AL;2705101;MATRIZ DE CAMARAGIBE;25.991.797,57;5.333.330,53;0;0;5.333.330,53;31.325.128,10;;;;
AL;2705200;MESSIAS;16.435.933,30;3.372.535,69;0;0;3.372.535,69;19.808.468,99;;;;
AL;2705309;MINADOR DO NEGRAO;7.223.987,36;1.482.310,42;0;0;1.482.310,42;8.706.297,78;;;;
AL;2705408;MONTEIROPOLIS;8.767.576,22;1.799.043,79;0;0;1.799.043,79;10.566.620,01;;;;
AL;2705507;MURICI;29.885.565,92;6.132.303,88;0;0;6.132.303,88;36.017.869,80;;;;
AL;2705606;NOVO LINO;15.621.468,32;3.205.413,31;0;0;3.205.413,31;18.826.881,63;;;;
AL;2705705;OLHO DAGUA DAS FLORES;19.450.539,15;3.991.111,20;0;0;3.991.111,20;23.441.650,35;;;;
AL;2705804;OLHO DAGUA DO CASADO;9.306.438,35;1.909.614,43;0;0;1.909.614,43;11.216.052,78;;;;
AL;2705903;OLHO DAGUA GRANDE;7.824.141,87;1.605.457,82;0;0;1.605.457,82;9.429.599,69;;;;
AL;2706000;OLIVENCA;14.451.592,68;2.965.363,22;0;0;2.965.363,22;17.416.955,90;;;;
AL;2706109;OURO BRANCO;14.157.261,59;2.904.968,59;0;0;2.904.968,59;17.062.230,18;;;;
AL;2706208;PALESTINA;5.645.921,54;1.158.502,63;0;0;1.158.502,63;6.804.424,17;;;;
AL;2706307;PALMEIRA DOS INDIOS;57.232.393,17;11.743.676,79;0;0;11.743.676,79;68.976.069,96;;;;
AL;2706406;PAO DE ACUCAR;25.128.383,80;5.156.164,22;0;0;5.156.164,22;30.284.548,02;;;;
AL;2706422;PARICONHA;9.907.444,14;2.032.936,51;0;0;2.032.936,51;11.940.380,65;;;;
AL;2706448;PARIPUEIRA;13.749.497,04;2.821.298,23;0;0;2.821.298,23;16.570.795,27;;;;
AL;2706505;PASSO DE CAMARAGIBE;15.509.950,24;3.182.530,60;0;0;3.182.530,60;18.692.480,84;;;;
AL;2706604;PAULO JACINTO;6.382.919,78;1.309.729,38;0;0;1.309.729,38;7.692.649,16;;;;
AL;2706703;PENEDO;40.913.936,92;8.395.246,55;0;0;8.395.246,55;49.309.183,47;;;;
AL;2706802;PIACABUCU;15.057.280,52;3.089.646,02;0;0;3.089.646,02;18.146.926,54;;;;
AL;2706901;PILAR;35.436.782,23;7.271.373,67;0;0;7.271.373,67;42.708.155,90;;;;
AL;2707008;PINDOBA;2.574.279,73;528.223,75;0;0;528.223,75;3.102.503,48;;;;
AL;2707107;PIRANHAS;23.037.207,17;4.727.069,76;0;0;4.727.069,76;27.764.276,93;;;;
AL;2707206;POCO DAS TRINCHEIRAS;18.007.827,33;3.695.077,07;0;0;3.695.077,07;21.702.904,40;;;;
AL;2707305;PORTO CALVO;28.937.662,32;5.937.800,86;0;0;5.937.800,86;34.875.463,18;;;;
AL;2707404;PORTO DE PEDRAS;12.952.057,71;2.657.669,39;0;0;2.657.669,39;15.609.727,10;;;;
AL;2707503;PORTO REAL DO COLEGIO;15.358.634,69;3.151.481,74;0;0;3.151.481,74;18.510.116,43;;;;
AL;2707602;QUEBRANGULO;17.124.834,06;3.513.893,18;0;0;3.513.893,18;20.638.727,24;;;;
AL;2707701;RIO LARGO;72.426.943,07;14.861.489,50;0;0;14.861.489,50;87.288.432,57;;;;
AL;2707800;ROTEIRO;10.365.008,74;2.126.825,49;0;0;2.126.825,49;12.491.834,23;;;;
AL;2707909;SANTA LUZIA DO NORTE;6.538.704,57;1.341.695,30;0;0;1.341.695,30;7.880.399,87;;;;
AL;2708006;SANTANA DO IPANEMA;30.640.866,74;6.287.286,20;0;0;6.287.286,20;36.928.152,94;;;;
AL;2708105;SANTANA DO MUNDAU;15.192.208,87;3.117.332,35;0;0;3.117.332,35;18.309.541,22;;;;
AL;2708204;SAO BRAS;6.604.466,18;1.355.189,11;0;0;1.355.189,11;7.959.655,29;;;;
AL;2708303;SAO JOSE DA LAJE;20.095.386,01;4.123.429,15;0;0;4.123.429,15;24.218.815,16;;;;
AL;2708402;SAO JOSE DA TAPERA;38.685.490,90;7.937.985,40;0;0;7.937.985,40;46.623.476,30;;;;
AL;2708501;SAO LUIS DO QUITUNDE;32.560.722,68;6.681.226,87;0;0;6.681.226,87;39.241.949,55;;;;
AL;2708600;SAO MIGUEL DOS CAMPOS;43.523.544,89;8.930.719,40;0;0;8.930.719,40;52.454.264,29;;;;
AL;2708709;SAO MIGUEL DOS MILAGRES;11.478.486,87;2.355.303,22;0;0;2.355.303,22;13.833.790,09;;;;
AL;2708808;SAO SEBASTIAO;34.057.703,80;6.988.396,67;0;0;6.988.396,67;41.046.100,47;;;;
AL;2708907;SATUBA;11.855.818,06;2.432.728,87;0;0;2.432.728,87;14.288.546,93;;;;
AL;2708956;SENADOR RUI PALMEIRA;16.237.584,37;3.331.835,91;0;0;3.331.835,91;19.569.420,28;;;;
AL;2709004;TANQUE DARCA;8.293.198,79;1.701.704,94;0;0;1.701.704,94;9.994.903,73;;;;
AL;2709103;TAQUARANA;27.420.037,59;5.626.395,14;0;0;5.626.395,14;33.046.432,73;;;;
AL;2709152;TEOTONIO VILELA;71.902.978,39;14.753.975,71;0;0;14.753.975,71;86.656.954,10;;;;
AL;2709202;TRAIPU;28.640.777,38;5.876.882,20;0;0;5.876.882,20;34.517.659,58;;;;
AL;2709301;UNIAO DOS PALMARES;59.800.926,73;12.270.721,47;0;0;12.270.721,47;72.071.648,20;;;;
AL;2709400;VICOSA;22.764.796,61;4.671.173,07;0;0;4.671.173,07;27.435.969,68;;;;
AM;1300029;ALVARAES;17.826.892,04;6.623.533,62;0;0;6.623.533,62;24.450.425,66;;;;
AM;1300060;AMATURA;13.327.297,49;4.951.721,42;0;0;4.951.721,42;18.279.018,91;;;;
AM;1300086;ANAMA;8.234.140,20;3.059.372,57;0;0;3.059.372,57;11.293.512,77;;;;
AM;1300102;ANORI;10.585.389,21;3.932.972,79;0;0;3.932.972,79;14.518.362,00;;;;
AM;1300144;APUI;9.244.356,31;3.434.715,64;0;0;3.434.715,64;12.679.071,95;;;;
AM;1300201;ATALAIA DO NORTE;12.195.526,32;4.531.214,89;0;0;4.531.214,89;16.726.741,21;;;;
AM;1300300;AUTAZES;32.262.771,74;11.987.145,77;0;0;11.987.145,77;44.249.917,51;;;;
AM;1300409;BARCELOS;12.319.512,48;4.577.281,62;0;0;4.577.281,62;16.896.794,10;;;;
AM;1300508;BARREIRINHA;38.957.837,79;14.474.679,49;0;0;14.474.679,49;53.432.517,28;;;;
AM;1300607;BENJAMIN CONSTANT;43.040.965,98;15.991.754,75;0;0;15.991.754,75;59.032.720,73;;;;
AM;1300631;BERURI;23.885.383,56;8.874.549,80;0;0;8.874.549,80;32.759.933,36;;;;
AM;1300680;BOA VISTA DO RAMOS;16.665.199,62;6.191.909,94;0;0;6.191.909,94;22.857.109,56;;;;
AM;1300706;BOCA DO ACRE;20.513.072,00;7.621.576,54;0;0;7.621.576,54;28.134.648,54;;;;
AM;1300805;BORBA;28.935.716,07;10.750.987,21;0;0;10.750.987,21;39.686.703,28;;;;
AM;1300839;CAAPIRANGA;12.199.266,47;4.532.604,54;0;0;4.532.604,54;16.731.871,01;;;;
AM;1300904;CANUTAMA;9.996.501,67;3.714.173,21;0;0;3.714.173,21;13.710.674,88;;;;
AM;1301001;CARAUARI;21.138.987,09;7.854.133,60;0;0;7.854.133,60;28.993.120,69;;;;
AM;1301100;CAREIRO;31.616.659,81;11.747.084,62;0;0;11.747.084,62;43.363.744,43;;;;
AM;1301159;CAREIRO DA VARZEA;14.807.090,17;5.501.534,39;0;0;5.501.534,39;20.308.624,56;;;;
AM;1301209;COARI;46.931.102,13;17.437.124,33;0;0;17.437.124,33;64.368.226,46;;;;
AM;1301308;CODAJAS;12.728.311,53;4.729.169,79;0;0;4.729.169,79;17.457.481,32;;;;
AM;1301407;EIRUNEPE;28.218.354,17;10.484.453,33;0;0;10.484.453,33;38.702.807,50;;;;
AM;1301506;ENVIRA;13.408.084,86;4.981.737,74;0;0;4.981.737,74;18.389.822,60;;;;
AM;1301605;FONTE BOA;26.314.427,81;9.777.054,63;0;0;9.777.054,63;36.091.482,44;;;;
AM;1301654;GUAJARA;9.934.976,10;3.691.313,56;0;0;3.691.313,56;13.626.289,66;;;;
AM;1301704;HUMAITA;36.370.210,94;13.513.253,72;0;0;13.513.253,72;49.883.464,66;;;;
AM;1301803;IPIXUNA;10.964.828,02;4.073.952,26;0;0;4.073.952,26;15.038.780,28;;;;
AM;1301852;IRANDUBA;49.666.839,15;18.453.580,04;0;0;18.453.580,04;68.120.419,19;;;;
AM;1301902;ITACOATIARA;72.249.339,41;26.844.047,07;0;0;26.844.047,07;99.093.386,48;;;;
AM;1301951;ITAMARATI;11.757.928,08;4.368.626,44;0;0;4.368.626,44;16.126.554,52;;;;
AM;1302009;ITAPIRANGA;7.248.048,11;2.692.992,71;0;0;2.692.992,71;9.941.040,82;;;;
AM;1302108;JAPURA;12.399.925,84;4.607.158,98;0;0;4.607.158,98;17.007.084,82;;;;
AM;1302207;JURUA;11.156.511,01;4.145.171,56;0;0;4.145.171,56;15.301.682,57;;;;
AM;1302306;JUTAI;31.869.494,35;11.841.024,61;0;0;11.841.024,61;43.710.518,96;;;;
AM;1302405;LABREA;31.003.835,26;11.519.391,32;0;0;11.519.391,32;42.523.226,58;;;;
AM;1302504;MANACAPURU;73.906.041,47;27.459.590,24;0;0;27.459.590,24;101.365.631,71;;;;
AM;1302553;MANAQUIRI;17.979.490,40;6.680.231,13;0;0;6.680.231,13;24.659.721,53;;;;
AM;1302603;MANAUS;994.375.050,36;369.457.366,26;0;0;369.457.366,26;1.363.832.416,62;;;;
AM;1302702;MANICORE;46.019.813,14;17.098.537,37;0;0;17.098.537,37;63.118.350,51;;;;
AM;1302801;MARAA;21.423.612,96;7.959.885,57;0;0;7.959.885,57;29.383.498,53;;;;
AM;1302900;MAUES;49.623.079,33;18.437.321,20;0;0;18.437.321,20;68.060.400,53;;;;
AM;1303007;NHAMUNDA;14.891.617,70;5.532.940,36;0;0;5.532.940,36;20.424.558,06;;;;
AM;1303106;NOVA OLINDA DO NORTE;27.021.130,26;10.039.628,02;0;0;10.039.628,02;37.060.758,28;;;;
AM;1303205;NOVO AIRAO;11.712.672,19;4.351.811,74;0;0;4.351.811,74;16.064.483,93;;;;
AM;1303304;NOVO ARIPUANA;12.297.258,56;4.569.013,23;0;0;4.569.013,23;16.866.271,79;;;;
AM;1303403;PARINTINS;71.143.749,33;26.433.268,06;0;0;26.433.268,06;97.577.017,39;;;;
AM;1303502;PAUINI;13.829.974,44;5.138.489,68;0;0;5.138.489,68;18.968.464,12;;;;
AM;1303536;PRESIDENTE FIGUEIREDO;33.541.718,04;12.462.334,82;0;0;12.462.334,82;46.004.052,86;;;;
AM;1303569;RIO PRETO DA EVA;24.641.456,08;9.155.466,50;0;0;9.155.466,50;33.796.922,58;;;;
AM;1303601;SANTA ISABEL DO RIO NEGRO;10.339.473,96;3.841.603,64;0;0;3.841.603,64;14.181.077,60;;;;
AM;1303700;SANTO ANTONIO DO ICA;30.247.575,74;11.238.405,13;0;0;11.238.405,13;41.485.980,87;;;;
AM;1303809;SAO GABRIEL DA CACHOEIRA;42.757.836,18;15.886.558,64;0;0;15.886.558,64;58.644.394,82;;;;
AM;1303908;SAO PAULO DE OLIVENCA;34.183.902,81;12.700.936,83;0;0;12.700.936,83;46.884.839,64;;;;
AM;1303957;SAO SEBASTIAO DO UATUMA;6.373.225,64;2.367.954,79;0;0;2.367.954,79;8.741.180,43;;;;
AM;1304005;SILVES;10.036.334,32;3.728.972,93;0;0;3.728.972,93;13.765.307,25;;;;
AM;1304062;TABATINGA;64.845.700,82;24.093.245,13;0;0;24.093.245,13;88.938.945,95;;;;
AM;1304104;TAPAUA;18.941.645,50;7.037.717,27;0;0;7.037.717,27;25.979.362,77;;;;
AM;1304203;TEFE;62.457.050,26;23.205.748,46;0;0;23.205.748,46;85.662.798,72;;;;
AM;1304237;TONANTINS;20.595.542,43;7.652.218,21;0;0;7.652.218,21;28.247.760,64;;;;
AM;1304260;UARINI;15.816.745,26;5.876.669,01;0;0;5.876.669,01;21.693.414,27;;;;
AM;1304302;URUCARA;11.496.304,18;4.271.420,79;0;0;4.271.420,79;15.767.724,97;;;;
AM;1304401;URUCURITUBA;14.048.025,54;5.219.505,97;0;0;5.219.505,97;19.267.531,51;;;;
AP;1600105;AMAPA;10.068.550,58;0,00;0;0;0,00;10.068.550,58;;;;
AP;1600204;CALCOENE;12.622.634,20;0,00;0;0;0,00;12.622.634,20;;;;
AP;1600212;CUTIAS;6.164.804,06;0,00;0;0;0,00;6.164.804,06;;;;
AP;1600238;FERREIRA GOMES;13.335.410,17;0,00;0;0;0,00;13.335.410,17;;;;
AP;1600253;ITAUBAL;7.713.448,74;0,00;0;0;0,00;7.713.448,74;;;;
AP;1600279;LARANJAL DO JARI;51.775.930,05;0,00;0;0;0,00;51.775.930,05;;;;
AP;1600303;MACAPA;262.381.075,97;0,00;0;0;0,00;262.381.075,97;;;;
AP;1600402;MAZAGAO;31.902.080,33;0,00;0;0;0,00;31.902.080,33;;;;
AP;1600501;OIAPOQUE;33.016.087,80;0,00;0;0;0,00;33.016.087,80;;;;
AP;1600154;PEDRA BRANCA DO AMAPARI;14.506.788,30;0,00;0;0;0,00;14.506.788,30;;;;
AP;1600535;PORTO GRANDE;24.114.194,98;0,00;0;0;0,00;24.114.194,98;;;;
AP;1600550;PRACUUBA;5.422.616,55;0,00;0;0;0,00;5.422.616,55;;;;
AP;1600600;SANTANA;80.199.823,43;0,00;0;0;0,00;80.199.823,43;;;;
AP;1600055;SERRA DO NAVIO;5.091.827,50;0,00;0;0;0,00;5.091.827,50;;;;
AP;1600709;TARTARUGALZINHO;16.311.422,31;0,00;0;0;0,00;16.311.422,31;;;;
AP;1600808;VITORIA DO JARI;19.987.501,72;0,00;0;0;0,00;19.987.501,72;;;;
BA;2900108;ABAIRA;4.248.921,14;1.555.961,36;0;0;1.555.961,36;5.804.882,50;;;;
BA;2900207;ABARE;15.625.185,93;5.721.966,78;0;0;5.721.966,78;21.347.152,71;;;;
BA;2900306;ACAJUTIBA;12.249.441,38;4.485.764,01;0;0;4.485.764,01;16.735.205,39;;;;
BA;2900355;ADUSTINA;9.866.651,20;3.613.182,64;0;0;3.613.182,64;13.479.833,84;;;;
BA;2900405;AGUA FRIA;13.032.878,46;4.772.659,85;0;0;4.772.659,85;17.805.538,31;;;;
BA;2900603;AIQUARA;3.881.514,87;1.421.416,63;0;0;1.421.416,63;5.302.931,50;;;;
BA;2900702;ALAGOINHAS;56.740.707,10;20.778.532,99;0;0;20.778.532,99;77.519.240,09;;;;
BA;2900801;ALCOBACA;22.295.008,36;8.164.465,87;0;0;8.164.465,87;30.459.474,23;;;;
BA;2900900;ALMADINA;3.924.319,48;1.437.091,74;0;0;1.437.091,74;5.361.411,22;;;;
BA;2901007;AMARGOSA;24.399.944,01;8.935.296,50;0;0;8.935.296,50;33.335.240,51;;;;
BA;2901106;AMELIA RODRIGUES;17.426.359,03;6.381.559,10;0;0;6.381.559,10;23.807.918,13;;;;
BA;2901155;AMERICA DOURADA;16.349.297,31;5.987.137,47;0;0;5.987.137,47;22.336.434,78;;;;
BA;2901205;ANAGE;15.755.664,91;5.769.748,39;0;0;5.769.748,39;21.525.413,30;;;;
BA;2901304;ANDARAI;11.050.348,97;4.046.654,55;0;0;4.046.654,55;15.097.003,52;;;;
BA;2901353;ANDORINHA;15.820.435,04;5.793.467,31;0;0;5.793.467,31;21.613.902,35;;;;
BA;2901403;ANGICAL;11.963.889,55;4.381.194,49;0;0;4.381.194,49;16.345.084,04;;;;
BA;2901502;ANGUERA;7.541.121,60;2.761.570,16;0;0;2.761.570,16;10.302.691,76;;;;
BA;2901601;ANTAS;14.438.672,07;5.287.463,61;0;0;5.287.463,61;19.726.135,68;;;;
BA;2901700;ANTONIO CARDOSO;10.624.931,19;3.890.865,92;0;0;3.890.865,92;14.515.797,11;;;;
BA;2901809;ANTONIO GONCALVES;7.750.263,44;2.838.158,22;0;0;2.838.158,22;10.588.421,66;;;;
BA;2901908;APORA;14.124.020,61;5.172.237,77;0;0;5.172.237,77;19.296.258,38;;;;
BA;2901957;APUAREMA;7.489.493,23;2.742.663,78;0;0;2.742.663,78;10.232.157,01;;;;
BA;2902054;ARACAS;11.585.782,12;4.242.730,98;0;0;4.242.730,98;15.828.513,10;;;;
BA;2902005;ARACATU;10.457.843,00;3.829.677,97;0;0;3.829.677,97;14.287.520,97;;;;
BA;2902104;ARACI;45.498.676,06;16.661.684,18;0;0;16.661.684,18;62.160.360,24;;;;
BA;2902203;ARAMARI;7.093.926,03;2.597.806,47;0;0;2.597.806,47;9.691.732,50;;;;
BA;2902252;ARATACA;7.554.826,59;2.766.588,96;0;0;2.766.588,96;10.321.415,55;;;;
BA;2902302;ARATUIPE;7.844.884,16;2.872.808,48;0;0;2.872.808,48;10.717.692,64;;;;
BA;2902401;AURELINO LEAL;12.465.905,05;4.565.033,34;0;0;4.565.033,34;17.030.938,39;;;;
BA;2902500;BAIANOPOLIS;11.688.851,12;4.280.475,01;0;0;4.280.475,01;15.969.326,13;;;;
BA;2902609;BAIXA GRANDE;14.975.607,14;5.484.090,05;0;0;5.484.090,05;20.459.697,19;;;;
BA;2902658;BANZAE;11.183.644,03;4.095.467,41;0;0;4.095.467,41;15.279.111,44;;;;
BA;2902708;BARRA;49.355.597,04;18.074.094,49;0;0;18.074.094,49;67.429.691,53;;;;
BA;2902807;BARRA DA ESTIVA;16.964.519,77;6.212.432,87;0;0;6.212.432,87;23.176.952,64;;;;
BA;2902906;BARRA DO CHOCA;32.750.223,00;11.993.181,33;0;0;11.993.181,33;44.743.404,33;;;;
BA;2903003;BARRA DO MENDES;10.317.601,57;3.778.321,34;0;0;3.778.321,34;14.095.922,91;;;;
BA;2903102;BARRA DO ROCHA;7.598.382,15;2.782.539,07;0;0;2.782.539,07;10.380.921,22;;;;
BA;2903201;BARREIRAS;99.443.378,27;36.416.315,93;0;0;36.416.315,93;135.859.694,20;;;;
BA;2903235;BARRO ALTO;10.205.896,55;3.737.414,79;0;0;3.737.414,79;13.943.311,34;;;;
BA;2903300;BARRO PRETO;9.141.601,13;3.347.668,20;0;0;3.347.668,20;12.489.269,33;;;;
BA;2903276;BARROCAS;13.886.530,11;5.085.268,38;0;0;5.085.268,38;18.971.798,49;;;;
BA;2903409;BELMONTE;19.544.624,18;7.157.271,02;0;0;7.157.271,02;26.701.895,20;;;;
BA;2903508;BELO CAMPO;14.546.810,04;5.327.063,90;0;0;5.327.063,90;19.873.873,94;;;;
BA;2903607;BIRITINGA;17.374.918,39;6.362.721,46;0;0;6.362.721,46;23.737.639,85;;;;
BA;2903706;BOA NOVA;12.210.579,29;4.471.532,65;0;0;4.471.532,65;16.682.111,94;;;;
BA;2903805;BOA VISTA DO TUPIM;15.509.913,86;5.679.753,98;0;0;5.679.753,98;21.189.667,84;;;;
BA;2903904;BOM JESUS DA LAPA;63.714.479,81;23.332.339,14;0;0;23.332.339,14;87.046.818,95;;;;
BA;2903953;BOM JESUS DA SERRA;7.998.455,10;2.929.046,39;0;0;2.929.046,39;10.927.501,49;;;;
BA;2904001;BONINAL;9.778.038,15;3.580.732,40;0;0;3.580.732,40;13.358.770,55;;;;
BA;2904050;BONITO;13.972.139,33;5.116.618,61;0;0;5.116.618,61;19.088.757,94;;;;
BA;2904100;BOQUIRA;13.048.648,57;4.778.434,90;0;0;4.778.434,90;17.827.083,47;;;;
BA;2904209;BOTUPORA;9.143.478,52;3.348.355,70;0;0;3.348.355,70;12.491.834,22;;;;
BA;2904308;BREJOES;11.719.077,20;4.291.543,84;0;0;4.291.543,84;16.010.621,04;;;;
BA;2904407;BREJOLANDIA;6.213.615,35;2.275.435,37;0;0;2.275.435,37;8.489.050,72;;;;
BA;2904506;BROTAS DE MACAUBAS;8.983.712,18;3.289.849,03;0;0;3.289.849,03;12.273.561,21;;;;
BA;2904605;BRUMADO;44.282.499,36;16.216.318,42;0;0;16.216.318,42;60.498.817,78;;;;
BA;2904704;BUERAREMA;10.510.034,59;3.848.790,60;0;0;3.848.790,60;14.358.825,19;;;;
BA;2904753;BURITIRAMA;18.033.884,15;6.604.035,73;0;0;6.604.035,73;24.637.919,88;;;;
BA;2904803;CAATIBA;5.329.362,14;1.951.620,50;0;0;1.951.620,50;7.280.982,64;;;;
BA;2904852;CABACEIRAS DO PARAGUACU;16.549.990,88;6.060.631,76;0;0;6.060.631,76;22.610.622,64;;;;
BA;2904902;CACHOEIRA;21.669.084,74;7.935.251,70;0;0;7.935.251,70;29.604.336,44;;;;
BA;2905008;CACULE;15.359.722,23;5.624.753,58;0;0;5.624.753,58;20.984.475,81;;;;
BA;2905107;CAEM;9.875.474,97;3.616.413,91;0;0;3.616.413,91;13.491.888,88;;;;
BA;2905156;CAETANOS;9.052.424,85;3.315.011,71;0;0;3.315.011,71;12.367.436,56;;;;
BA;2905206;CAETITE;32.367.985,32;11.853.205,31;0;0;11.853.205,31;44.221.190,63;;;;
BA;2905305;CAFARNAUM;14.260.882,74;5.222.356,89;0;0;5.222.356,89;19.483.239,63;;;;
BA;2905404;CAIRU;19.945.448,08;7.304.053,34;0;0;7.304.053,34;27.249.501,42;;;;
BA;2905503;CALDEIRAO GRANDE;16.204.174,65;5.933.993,33;0;0;5.933.993,33;22.138.167,98;;;;
BA;2905602;CAMACAN;17.911.853,45;6.559.347,90;0;0;6.559.347,90;24.471.201,35;;;;
BA;2905701;CAMACARI;144.485.659,51;52.910.867,64;0;0;52.910.867,64;197.396.527,15;;;;
BA;2905800;CAMAMU;32.162.598,26;11.777.992,26;0;0;11.777.992,26;43.940.590,52;;;;
BA;2905909;CAMPO ALEGRE DE LOURDES;22.890.142,68;8.382.404,96;0;0;8.382.404,96;31.272.547,64;;;;
BA;2906006;CAMPO FORMOSO;57.636.224,66;21.106.472,88;0;0;21.106.472,88;78.742.697,54;;;;
BA;2906105;CANAPOLIS;8.642.964,93;3.165.066,86;0;0;3.165.066,86;11.808.031,79;;;;
BA;2906204;CANARANA;23.367.564,31;8.557.237,49;0;0;8.557.237,49;31.924.801,80;;;;
BA;2906303;CANAVIEIRAS;25.053.465,32;9.174.617,00;0;0;9.174.617,00;34.228.082,32;;;;
BA;2906402;CANDEAL;5.436.373,68;1.990.808,29;0;0;1.990.808,29;7.427.181,97;;;;
BA;2906501;CANDEIAS;49.055.964,74;17.964.368,69;0;0;17.964.368,69;67.020.333,43;;;;
BA;2906600;CANDIBA;8.823.570,35;3.231.204,85;0;0;3.231.204,85;12.054.775,20;;;;
BA;2906709;CANDIDO SALES;23.683.342,21;8.672.875,84;0;0;8.672.875,84;32.356.218,05;;;;
BA;2906808;CANSANCAO;55.880.860,02;20.463.655,69;0;0;20.463.655,69;76.344.515,71;;;;
BA;2906824;CANUDOS;14.116.886,52;5.169.625,25;0;0;5.169.625,25;19.286.511,77;;;;
BA;2906857;CAPELA DO ALTO ALEGRE;6.446.600,12;2.360.754,74;0;0;2.360.754,74;8.807.354,86;;;;
BA;2906873;CAPIM GROSSO;20.517.490,44;7.513.536,12;0;0;7.513.536,12;28.031.026,56;;;;
BA;2906899;CARAIBAS;8.160.474,33;2.988.378,07;0;0;2.988.378,07;11.148.852,40;;;;
BA;2906907;CARAVELAS;18.363.367,04;6.724.692,86;0;0;6.724.692,86;25.088.059,90;;;;
BA;2907004;CARDEAL DA SILVA;8.339.953,31;3.054.103,55;0;0;3.054.103,55;11.394.056,86;;;;
BA;2907103;CARINHANHA;25.169.863,84;9.217.242,31;0;0;9.217.242,31;34.387.106,15;;;;
BA;2907202;CASA NOVA;55.110.940,19;20.181.709,88;0;0;20.181.709,88;75.292.650,07;;;;
BA;2907301;CASTRO ALVES;18.902.930,46;6.922.281,80;0;0;6.922.281,80;25.825.212,26;;;;
BA;2907400;CATOLANDIA;3.133.748,30;1.147.583,38;0;0;1.147.583,38;4.281.331,68;;;;
BA;2907509;CATU;28.540.163,95;10.451.451,32;0;0;10.451.451,32;38.991.615,27;;;;
BA;2907558;CATURAMA;8.256.972,45;3.023.715,83;0;0;3.023.715,83;11.280.688,28;;;;
BA;2907608;CENTRAL;11.103.667,00;4.066.179,69;0;0;4.066.179,69;15.169.846,69;;;;
BA;2907707;CHORROCHO;10.779.253,08;3.947.378,83;0;0;3.947.378,83;14.726.631,91;;;;
BA;2907806;CICERO DANTAS;28.381.711,78;10.393.425,90;0;0;10.393.425,90;38.775.137,68;;;;
BA;2907905;CIPO;15.171.794,95;5.555.934,32;0;0;5.555.934,32;20.727.729,27;;;;
BA;2908002;COARACI;13.072.866,97;4.787.303,71;0;0;4.787.303,71;17.860.170,68;;;;
BA;2908101;COCOS;14.485.794,70;5.304.719,99;0;0;5.304.719,99;19.790.514,69;;;;
BA;2908200;CONCEICAO DA FEIRA;16.195.726,38;5.930.899,56;0;0;5.930.899,56;22.126.625,94;;;;
BA;2908309;CONCEICAO DO ALMEIDA;7.798.512,50;2.855.827,10;0;0;2.855.827,10;10.654.339,60;;;;
BA;2908408;CONCEICAO DO COITE;39.670.865,45;14.527.531,09;0;0;14.527.531,09;54.198.396,54;;;;
BA;2908507;CONCEICAO DO JACUIPE;21.299.613,35;7.799.950,71;0;0;7.799.950,71;29.099.564,06;;;;
BA;2908606;CONDE;23.184.893,74;8.490.343,25;0;0;8.490.343,25;31.675.236,99;;;;
BA;2908705;CONDEUBA;12.071.652,04;4.420.657,28;0;0;4.420.657,28;16.492.309,32;;;;
BA;2908804;CONTENDAS DO SINCORA;3.851.288,80;1.410.347,80;0;0;1.410.347,80;5.261.636,60;;;;
BA;2908903;CORACAO DE MARIA;19.227.344,37;7.041.082,67;0;0;7.041.082,67;26.268.427,04;;;;
BA;2909000;CORDEIROS;5.395.446,46;1.975.820,68;0;0;1.975.820,68;7.371.267,14;;;;
BA;2909109;CORIBE;10.291.318,04;3.768.696,27;0;0;3.768.696,27;14.060.014,31;;;;
BA;2909208;CORONEL JOAO SA;25.459.733,68;9.323.393,09;0;0;9.323.393,09;34.783.126,77;;;;
BA;2909307;CORRENTINA;25.829.392,83;9.458.762,82;0;0;9.458.762,82;35.288.155,65;;;;
BA;2909406;COTEGIPE;11.724.521,64;4.293.537,60;0;0;4.293.537,60;16.018.059,24;;;;
BA;2909505;CRAVOLANDIA;3.935.020,64;1.441.010,52;0;0;1.441.010,52;5.376.031,16;;;;
BA;2909604;CRISOPOLIS;16.994.558,10;6.223.432,95;0;0;6.223.432,95;23.217.991,05;;;;
BA;2909703;CRISTOPOLIS;10.395.888,95;3.806.990,30;0;0;3.806.990,30;14.202.879,25;;;;
BA;2909802;CRUZ DAS ALMAS;34.208.959,18;12.527.372,73;0;0;12.527.372,73;46.736.331,91;;;;
BA;2909901;CURACA;32.002.644,19;11.719.416,83;0;0;11.719.416,83;43.722.061,02;;;;
BA;2910008;DARIO MEIRA;15.026.672,29;5.502.790,18;0;0;5.502.790,18;20.529.462,47;;;;
BA;2910057;DIAS DAVILA;51.441.195,53;18.837.843,82;0;0;18.837.843,82;70.279.039,35;;;;
BA;2910107;DOM BASILIO;9.207.309,96;3.371.730,87;0;0;3.371.730,87;12.579.040,83;;;;
BA;2910206;DOM MACEDO COSTA;3.557.664,16;1.302.822,01;0;0;1.302.822,01;4.860.486,17;;;;
BA;2910305;ELISIO MEDRADO;7.484.236,52;2.740.738,77;0;0;2.740.738,77;10.224.975,29;;;;
BA;2910404;ENCRUZILHADA;17.934.194,47;6.567.529,21;0;0;6.567.529,21;24.501.723,68;;;;
BA;2910503;ENTRE RIOS;30.248.781,46;11.077.149,64;0;0;11.077.149,64;41.325.931,10;;;;
BA;2900504;ERICO CARDOSO;8.752.980,29;3.205.354,66;0;0;3.205.354,66;11.958.334,95;;;;
BA;2910602;ESPLANADA;25.156.534,34;9.212.361,02;0;0;9.212.361,02;34.368.895,36;;;;
BA;2910701;EUCLIDES DA CUNHA;46.048.940,63;16.863.191,90;0;0;16.863.191,90;62.912.132,53;;;;
BA;2910727;EUNAPOLIS;79.188.159,95;28.998.824,27;0;0;28.998.824,27;108.186.984,22;;;;
BA;2910750;FATIMA;14.830.109,00;5.430.808,41;0;0;5.430.808,41;20.260.917,41;;;;
BA;2910776;FEIRA DA MATA;3.925.445,92;1.437.504,25;0;0;1.437.504,25;5.362.950,17;;;;
BA;2910800;FEIRA DE SANTANA;206.678.698,16;75.686.052,70;0;0;75.686.052,70;282.364.750,86;;;;
BA;2910859;FILADELFIA;17.216.841,71;6.304.833,54;0;0;6.304.833,54;23.521.675,25;;;;
BA;2910909;FIRMINO ALVES;3.974.821,41;1.455.585,63;0;0;1.455.585,63;5.430.407,04;;;;
BA;2911006;FLORESTA AZUL;7.094.113,77;2.597.875,22;0;0;2.597.875,22;9.691.988,99;;;;
BA;2911105;FORMOSA DO RIO PRETO;19.366.083,88;7.091.889,29;0;0;7.091.889,29;26.457.973,17;;;;
BA;2911204;GANDU;19.679.984,39;7.206.840,13;0;0;7.206.840,13;26.886.824,52;;;;
BA;2911253;GAVIAO;4.309.185,53;1.578.030,27;0;0;1.578.030,27;5.887.215,80;;;;
BA;2911303;GENTIO DO OURO;8.287.573,99;3.034.922,17;0;0;3.034.922,17;11.322.496,16;;;;
BA;2911402;GLORIA;12.625.859,14;4.623.608,77;0;0;4.623.608,77;17.249.467,91;;;;
BA;2911501;GONGOGI;6.366.059,85;2.331.260,77;0;0;2.331.260,77;8.697.320,62;;;;
BA;2911600;GOVERNADOR MANGABEIRA;18.127.753,91;6.638.410,98;0;0;6.638.410,98;24.766.164,89;;;;
BA;2911659;GUAJERU;5.060.331,40;1.853.101,03;0;0;1.853.101,03;6.913.432,43;;;;
BA;2911709;GUANAMBI;51.148.509,60;18.730.661,78;0;0;18.730.661,78;69.879.171,38;;;;
BA;2911808;GUARATINGA;15.003.955,82;5.494.471,37;0;0;5.494.471,37;20.498.427,19;;;;
BA;2911857;HELIOPOLIS;10.144.693,45;3.715.002,13;0;0;3.715.002,13;13.859.695,58;;;;
BA;2911907;IACU;25.272.181,89;9.254.711,34;0;0;9.254.711,34;34.526.893,23;;;;
BA;2912004;IBIASSUCE;6.058.917,98;2.218.784,95;0;0;2.218.784,95;8.277.702,93;;;;
BA;2912103;IBICARAI;12.421.786,26;4.548.876,97;0;0;4.548.876,97;16.970.663,23;;;;
BA;2912202;IBICOARA;17.843.704,00;6.534.391,47;0;0;6.534.391,47;24.378.095,47;;;;
BA;2912301;IBICUI;9.552.750,71;3.498.231,79;0;0;3.498.231,79;13.050.982,50;;;;
BA;2912400;IBIPEBA;11.033.640,14;4.040.535,76;0;0;4.040.535,76;15.074.175,90;;;;
BA;2912509;IBIPITANGA;9.920.720,20;3.632.982,78;0;0;3.632.982,78;13.553.702,98;;;;
BA;2912608;IBIQUERA;3.470.177,55;1.270.784,28;0;0;1.270.784,28;4.740.961,83;;;;
BA;2912707;IBIRAPITANGA;25.051.400,19;9.173.860,74;0;0;9.173.860,74;34.225.260,93;;;;
BA;2912806;IBIRAPUA;7.841.504,86;2.871.570,97;0;0;2.871.570,97;10.713.075,83;;;;
BA;2912905;IBIRATAIA;14.537.423,07;5.323.626,38;0;0;5.323.626,38;19.861.049,45;;;;
BA;2913002;IBITIARA;9.371.957,53;3.432.025,06;0;0;3.432.025,06;12.803.982,59;;;;
BA;2913101;IBITITA;12.140.364,70;4.445.819,97;0;0;4.445.819,97;16.586.184,67;;;;
BA;2913200;IBOTIRAMA;21.958.015,90;8.041.058,72;0;0;8.041.058,72;29.999.074,62;;;;
BA;2913309;ICHU;5.410.090,15;1.981.183,22;0;0;1.981.183,22;7.391.273,37;;;;
BA;2913408;IGAPORA;10.610.099,77;3.885.434,62;0;0;3.885.434,62;14.495.534,39;;;;
BA;2913457;IGRAPIUNA;13.962.189,14;5.112.974,84;0;0;5.112.974,84;19.075.163,98;;;;
BA;2913507;IGUAI;17.744.202,05;6.497.953,70;0;0;6.497.953,70;24.242.155,75;;;;
BA;2913606;ILHEUS;79.502.811,41;29.114.050,11;0;0;29.114.050,11;108.616.861,52;;;;
BA;2913705;INHAMBUPE;30.121.118,57;11.030.399,30;0;0;11.030.399,30;41.151.517,87;;;;
BA;2913804;IPECAETA;16.832.538,88;6.164.101,26;0;0;6.164.101,26;22.996.640,14;;;;
BA;2913903;IPIAU;29.107.325,08;10.659.146,59;0;0;10.659.146,59;39.766.471,67;;;;
BA;2914000;IPIRA;39.544.892,21;14.481.399,50;0;0;14.481.399,50;54.026.291,71;;;;
BA;2914109;IPUPIARA;7.533.987,49;2.758.957,65;0;0;2.758.957,65;10.292.945,14;;;;
BA;2914208;IRAJUBA;7.141.236,40;2.615.131,60;0;0;2.615.131,60;9.756.368,00;;;;
BA;2914307;IRAMAIA;10.622.678,31;3.890.040,90;0;0;3.890.040,90;14.512.719,21;;;;
BA;2914406;IRAQUARA;19.610.520,76;7.181.402,44;0;0;7.181.402,44;26.791.923,20;;;;
BA;2914505;IRARA;25.985.216,64;9.515.825,74;0;0;9.515.825,74;35.501.042,38;;;;
BA;2914604;IRECE;41.858.969,71;15.328.818,19;0;0;15.328.818,19;57.187.787,90;;;;
BA;2914653;ITABELA;24.732.430,72;9.057.053,64;0;0;9.057.053,64;33.789.484,36;;;;
BA;2914703;ITABERABA;48.193.864,80;17.648.666,38;0;0;17.648.666,38;65.842.531,18;;;;
BA;2914802;ITABUNA;83.380.008,26;30.533.885,47;0;0;30.533.885,47;113.913.893,73;;;;
BA;2914901;ITACARE;23.425.388,09;8.578.412,64;0;0;8.578.412,64;32.003.800,73;;;;
BA;2915007;ITAETE;12.384.613,84;4.535.264,37;0;0;4.535.264,37;16.919.878,21;;;;
BA;2915106;ITAGI;13.472.752,17;4.933.742,28;0;0;4.933.742,28;18.406.494,45;;;;
BA;2915205;ITAGIBA;14.004.993,75;5.128.649,95;0;0;5.128.649,95;19.133.643,70;;;;
BA;2915304;ITAGIMIRIM;7.172.401,16;2.626.544,18;0;0;2.626.544,18;9.798.945,34;;;;
BA;2915353;ITAGUACU DA BAHIA;10.787.513,61;3.950.403,85;0;0;3.950.403,85;14.737.917,46;;;;
BA;2915403;ITAJU DO COLONIA;6.106.603,83;2.236.247,58;0;0;2.236.247,58;8.342.851,41;;;;
BA;2915502;ITAJUIPE;14.775.289,06;5.410.733,26;0;0;5.410.733,26;20.186.022,32;;;;
BA;2915601;ITAMARAJU;44.922.315,69;16.450.620,13;0;0;16.450.620,13;61.372.935,82;;;;
BA;2915700;ITAMARI;7.238.109,99;2.650.606,86;0;0;2.650.606,86;9.888.716,85;;;;
BA;2915809;ITAMBE;22.270.226,74;8.155.390,81;0;0;8.155.390,81;30.425.617,55;;;;
BA;2915908;ITANAGRA;6.623.450,75;2.425.517,71;0;0;2.425.517,71;9.048.968,46;;;;
BA;2916005;ITANHEM;14.314.576,25;5.242.019,53;0;0;5.242.019,53;19.556.595,78;;;;
BA;2916104;ITAPARICA;17.718.481,74;6.488.534,89;0;0;6.488.534,89;24.207.016,63;;;;
BA;2916203;ITAPE;8.728.761,90;3.196.485,84;0;0;3.196.485,84;11.925.247,74;;;;
BA;2916302;ITAPEBI;8.251.527,99;3.021.722,07;0;0;3.021.722,07;11.273.250,06;;;;
BA;2916401;ITAPETINGA;43.565.334,34;15.953.691,50;0;0;15.953.691,50;59.519.025,84;;;;
BA;2916500;ITAPICURU;37.564.615,61;13.756.219,21;0;0;13.756.219,21;51.320.834,82;;;;
BA;2916609;ITAPITANGA;7.716.470,32;2.825.783,14;0;0;2.825.783,14;10.542.253,46;;;;
BA;2916708;ITAQUARA;5.598.017,42;2.050.002,47;0;0;2.050.002,47;7.648.019,89;;;;
BA;2916807;ITARANTIM;12.539.498,95;4.591.983,53;0;0;4.591.983,53;17.131.482,48;;;;
BA;2916856;ITATIM;16.606.500,47;6.081.325,66;0;0;6.081.325,66;22.687.826,13;;;;
BA;2916906;ITIRUCU;7.033.661,64;2.575.737,56;0;0;2.575.737,56;9.609.399,20;;;;
BA;2917003;ITIUBA;36.016.139,94;13.189.165,06;0;0;13.189.165,06;49.205.305,00;;;;
BA;2917102;ITORORO;12.407.142,58;4.543.514,43;0;0;4.543.514,43;16.950.657,01;;;;
BA;2917201;ITUACU;15.226.990,37;5.576.146,97;0;0;5.576.146,97;20.803.137,34;;;;
BA;2917300;ITUBERA;17.953.531,63;6.574.610,51;0;0;6.574.610,51;24.528.142,14;;;;
BA;2917334;IUIU;9.497.555,28;3.478.019,15;0;0;3.478.019,15;12.975.574,43;;;;
BA;2917359;JABORANDI;6.464.247,63;2.367.217,29;0;0;2.367.217,29;8.831.464,92;;;;
BA;2917409;JACARACI;8.747.911,32;3.203.498,40;0;0;3.203.498,40;11.951.409,72;;;;
BA;2917508;JACOBINA;47.613.749,65;17.436.227,33;0;0;17.436.227,33;65.049.976,98;;;;
BA;2917607;JAGUAQUARA;36.923.485,10;13.521.436,24;0;0;13.521.436,24;50.444.921,34;;;;
BA;2917706;JAGUARARI;21.606.942,96;7.912.495,28;0;0;7.912.495,28;29.519.438,24;;;;
BA;2917805;JAGUARIPE;17.745.328,49;6.498.366,21;0;0;6.498.366,21;24.243.694,70;;;;
BA;2917904;JANDAIRA;10.254.333,35;3.755.152,42;0;0;3.755.152,42;14.009.485,77;;;;
BA;2918001;JEQUIE;87.321.975,25;31.977.439,77;0;0;31.977.439,77;119.299.415,02;;;;
BA;2918100;JEREMOABO;32.828.134,91;12.021.712,79;0;0;12.021.712,79;44.849.847,70;;;;
BA;2918209;JIQUIRICA;15.386.756,72;5.634.653,65;0;0;5.634.653,65;21.021.410,37;;;;
BA;2918308;JITAUNA;19.583.674,01;7.171.571,12;0;0;7.171.571,12;26.755.245,13;;;;
BA;2918357;JOAO DOURADO;21.132.900,65;7.738.900,26;0;0;7.738.900,26;28.871.800,91;;;;
BA;2918407;JUAZEIRO;152.399.444,10;55.808.907,55;0;0;55.808.907,55;208.208.351,65;;;;
BA;2918456;JUCURUCU;7.729.799,83;2.830.664,42;0;0;2.830.664,42;10.560.464,25;;;;
BA;2918506;JUSSARA;12.298.629,13;4.503.776,64;0;0;4.503.776,64;16.802.405,77;;;;
BA;2918555;JUSSARI;7.357.512,33;2.694.332,18;0;0;2.694.332,18;10.051.844,51;;;;
BA;2918605;JUSSIAPE;4.448.300,51;1.628.974,40;0;0;1.628.974,40;6.077.274,91;;;;
BA;2918704;LAFAIETE COUTINHO;5.454.584,41;1.997.477,09;0;0;1.997.477,09;7.452.061,50;;;;
BA;2918753;LAGOA REAL;8.428.566,38;3.086.553,79;0;0;3.086.553,79;11.515.120,17;;;;
BA;2918803;LAJE;18.887.723,56;6.916.713,01;0;0;6.916.713,01;25.804.436,57;;;;
BA;2918902;LAJEDAO;3.208.093,16;1.174.808,58;0;0;1.174.808,58;4.382.901,74;;;;
BA;2919009;LAJEDINHO;3.060.342,14;1.120.701,93;0;0;1.120.701,93;4.181.044,07;;;;
BA;2919058;LAJEDO DO TABOCAL;7.865.347,78;2.880.302,29;0;0;2.880.302,29;10.745.650,07;;;;
BA;2919108;LAMARAO;7.689.435,84;2.815.883,06;0;0;2.815.883,06;10.505.318,90;;;;
BA;2919157;LAPAO;24.329.353,94;8.909.446,31;0;0;8.909.446,31;33.238.800,25;;;;
BA;2919207;LAURO DE FREITAS;109.805.474,11;40.210.931,14;0;0;40.210.931,14;150.016.405,25;;;;
BA;2919306;LENCOIS;9.008.493,80;3.298.924,09;0;0;3.298.924,09;12.307.417,89;;;;
BA;2919405;LICINIO DE ALMEIDA;8.414.861,39;3.081.535,00;0;0;3.081.535,00;11.496.396,39;;;;
BA;2919504;LIVRAMENTO DE NOSSA SENHORA;25.082.940,44;9.185.410,83;0;0;9.185.410,83;34.268.351,27;;;;
BA;2919553;LUIS EDUARDO MAGALHAES;79.917.903,51;29.266.057,47;0;0;29.266.057,47;109.183.960,98;;;;
BA;2919603;MACAJUBA;12.255.449,04;4.487.964,02;0;0;4.487.964,02;16.743.413,06;;;;
BA;2919702;MACARANI;13.148.713,74;4.815.078,91;0;0;4.815.078,91;17.963.792,65;;;;
BA;2919801;MACAUBAS;29.908.972,89;10.952.711,23;0;0;10.952.711,23;40.861.684,12;;;;
BA;2919900;MACURURE;7.879.615,98;2.885.527,32;0;0;2.885.527,32;10.765.143,30;;;;
BA;2919926;MADRE DE DEUS;13.638.901,67;4.994.586,47;0;0;4.994.586,47;18.633.488,14;;;;
BA;2919959;MAETINGA;5.165.465,54;1.891.601,31;0;0;1.891.601,31;7.057.066,85;;;;
BA;2920007;MAIQUINIQUE;8.317.987,79;3.046.059,74;0;0;3.046.059,74;11.364.047,53;;;;
BA;2920106;MAIRI;11.355.050,23;4.158.236,61;0;0;4.158.236,61;15.513.286,84;;;;
BA;2920205;MALHADA;13.718.503,22;5.023.736,69;0;0;5.023.736,69;18.742.239,91;;;;
BA;2920304;MALHADA DE PEDRAS;8.306.347,94;3.041.797,21;0;0;3.041.797,21;11.348.145,15;;;;
BA;2920403;MANOEL VITORINO;10.606.157,24;3.883.990,86;0;0;3.883.990,86;14.490.148,10;;;;
BA;2920452;MANSIDAO;9.094.478,50;3.330.411,82;0;0;3.330.411,82;12.424.890,32;;;;
BA;2920502;MARACAS;20.436.011,49;7.483.698,40;0;0;7.483.698,40;27.919.709,89;;;;
BA;2920601;MARAGOGIPE;28.975.156,45;10.610.746,24;0;0;10.610.746,24;39.585.902,69;;;;
BA;2920700;MARAU;23.702.303,90;8.679.819,63;0;0;8.679.819,63;32.382.123,53;;;;
BA;2920809;MARCIONILIO SOUZA;9.320.516,90;3.413.187,43;0;0;3.413.187,43;12.733.704,33;;;;
BA;2920908;MASCOTE;10.054.390,73;3.681.933,14;0;0;3.681.933,14;13.736.323,87;;;;
BA;2921005;MATA DE SAO JOAO;48.792.378,44;17.867.842,98;0;0;17.867.842,98;66.660.221,42;;;;
BA;2921054;MATINA;9.167.696,92;3.357.224,51;0;0;3.357.224,51;12.524.921,43;;;;
BA;2921104;MEDEIROS NETO;16.305.178,52;5.970.981,10;0;0;5.970.981,10;22.276.159,62;;;;
BA;2921203;MIGUEL CALMON;18.474.321,11;6.765.324,40;0;0;6.765.324,40;25.239.645,51;;;;
BA;2921302;MILAGRES;8.648.972,59;3.167.266,88;0;0;3.167.266,88;11.816.239,47;;;;
BA;2921401;MIRANGABA;14.404.691,23;5.275.019,77;0;0;5.275.019,77;19.679.711,00;;;;
BA;2921450;MIRANTE;6.832.968,09;2.502.243,27;0;0;2.502.243,27;9.335.211,36;;;;
BA;2921500;MONTE SANTO;49.349.401,63;18.071.825,72;0;0;18.071.825,72;67.421.227,35;;;;
BA;2921609;MORPARA;6.753.178,77;2.473.024,31;0;0;2.473.024,31;9.226.203,08;;;;
BA;2921708;MORRO DO CHAPEU;25.192.392,58;9.225.492,37;0;0;9.225.492,37;34.417.884,95;;;;
BA;2921807;MORTUGABA;8.087.068,16;2.961.496,62;0;0;2.961.496,62;11.048.564,78;;;;
BA;2921906;MUCUGE;9.108.558,98;3.335.568,11;0;0;3.335.568,11;12.444.127,09;;;;
BA;2922003;MUCURI;34.562.848,20;12.656.967,43;0;0;12.656.967,43;47.219.815,63;;;;
BA;2922052;MULUNGU DO MORRO;12.323.035,27;4.512.714,20;0;0;4.512.714,20;16.835.749,47;;;;
BA;2922102;MUNDO NOVO;13.464.679,38;4.930.786,01;0;0;4.930.786,01;18.395.465,39;;;;
BA;2922201;MUNIZ FERREIRA;5.218.032,61;1.910.851,45;0;0;1.910.851,45;7.128.884,06;;;;
BA;2922250;MUQUEM DE SAO FRANCISCO;13.165.610,30;4.821.266,46;0;0;4.821.266,46;17.986.876,76;;;;
BA;2922300;MURITIBA;25.672.442,57;9.401.287,40;0;0;9.401.287,40;35.073.729,97;;;;
BA;2922409;MUTUIPE;15.484.944,51;5.670.610,16;0;0;5.670.610,16;21.155.554,67;;;;
BA;2922508;NAZARE;39.903.286,98;14.612.644,21;0;0;14.612.644,21;54.515.931,19;;;;
BA;2922607;NILO PECANHA;16.001.228,22;5.859.674,04;0;0;5.859.674,04;21.860.902,26;;;;
BA;2922656;NORDESTINA;11.917.330,14;4.364.144,37;0;0;4.364.144,37;16.281.474,51;;;;
BA;2922706;NOVA CANAA;14.983.492,21;5.486.977,57;0;0;5.486.977,57;20.470.469,78;;;;
BA;2922730;NOVA FATIMA;6.863.381,88;2.513.380,85;0;0;2.513.380,85;9.376.762,73;;;;
BA;2922755;NOVA IBIA;6.763.316,71;2.476.736,84;0;0;2.476.736,84;9.240.053,55;;;;
BA;2922805;NOVA ITARANA;7.974.799,92;2.920.383,82;0;0;2.920.383,82;10.895.183,74;;;;
BA;2922854;NOVA REDENCAO;6.256.983,19;2.291.316,73;0;0;2.291.316,73;8.548.299,92;;;;
BA;2922904;NOVA SOURE;20.224.053,56;7.406.079,08;0;0;7.406.079,08;27.630.132,64;;;;
BA;2923001;NOVA VICOSA;33.030.518,13;12.095.825,83;0;0;12.095.825,83;45.126.343,96;;;;
BA;2923035;NOVO HORIZONTE;7.797.386,07;2.855.414,60;0;0;2.855.414,60;10.652.800,67;;;;
BA;2923050;NOVO TRIUNFO;11.256.486,97;4.122.142,60;0;0;4.122.142,60;15.378.629,57;;;;
BA;2923100;OLINDINA;19.980.930,86;7.317.047,18;0;0;7.317.047,18;27.297.978,04;;;;
BA;2923209;OLIVEIRA DOS BREJINHOS;14.477.721,90;5.301.763,72;0;0;5.301.763,72;19.779.485,62;;;;
BA;2923308;OURICANGAS;7.316.960,60;2.679.482,07;0;0;2.679.482,07;9.996.442,67;;;;
BA;2923357;OUROLANDIA;17.253.263,17;6.318.171,14;0;0;6.318.171,14;23.571.434,31;;;;
BA;2923407;PALMAS DE MONTE ALTO;18.203.225,22;6.666.048,68;0;0;6.666.048,68;24.869.273,90;;;;
BA;2923506;PALMEIRAS;7.787.060,39;2.851.633,32;0;0;2.851.633,32;10.638.693,71;;;;
BA;2923605;PARAMIRIM;10.647.459,94;3.899.115,97;0;0;3.899.115,97;14.546.575,91;;;;
BA;2923704;PARATINGA;26.994.316,63;9.885.359,69;0;0;9.885.359,69;36.879.676,32;;;;
BA;2923803;PARIPIRANGA;18.374.631,41;6.728.817,89;0;0;6.728.817,89;25.103.449,30;;;;
BA;2923902;PAU BRASIL;6.641.661,50;2.432.186,51;0;0;2.432.186,51;9.073.848,01;;;;
BA;2924009;PAULO AFONSO;69.456.305,73;25.435.004,49;0;0;25.435.004,49;94.891.310,22;;;;
BA;2924058;PE DE SERRA;10.312.720,34;3.776.533,83;0;0;3.776.533,83;14.089.254,17;;;;
BA;2924108;PEDRAO;5.500.017,39;2.014.114,71;0;0;2.014.114,71;7.514.132,10;;;;
BA;2924207;PEDRO ALEXANDRE;13.451.725,35;4.926.042,22;0;0;4.926.042,22;18.377.767,57;;;;
BA;2924306;PIATA;15.989.400,63;5.855.342,76;0;0;5.855.342,76;21.844.743,39;;;;
BA;2924405;PILAO ARCADO;31.522.406,44;11.543.553,05;0;0;11.543.553,05;43.065.959,49;;;;
BA;2924504;PINDAI;10.373.735,68;3.798.877,74;0;0;3.798.877,74;14.172.613,42;;;;
BA;2924603;PINDOBACU;23.555.679,34;8.626.125,49;0;0;8.626.125,49;32.181.804,83;;;;
BA;2924652;PINTADAS;6.731.776,48;2.465.186,75;0;0;2.465.186,75;9.196.963,23;;;;
BA;2924678;PIRAI DO NORTE;7.482.171,39;2.739.982,51;0;0;2.739.982,51;10.222.153,90;;;;
BA;2924702;PIRIPA;6.877.650,09;2.518.605,89;0;0;2.518.605,89;9.396.255,98;;;;
BA;2924801;PIRITIBA;13.260.794,24;4.856.122,96;0;0;4.856.122,96;18.116.917,20;;;;
BA;2924900;PLANALTINO;7.585.052,65;2.777.657,78;0;0;2.777.657,78;10.362.710,43;;;;
BA;2925006;PLANALTO;18.594.662,14;6.809.393,48;0;0;6.809.393,48;25.404.055,62;;;;
BA;2925105;POCOES;36.854.209,21;13.496.067,31;0;0;13.496.067,31;50.350.276,52;;;;
BA;2925204;POJUCA;20.218.045,89;7.403.879,07;0;0;7.403.879,07;27.621.924,96;;;;
BA;2925253;PONTO NOVO;20.402.218,38;7.471.323,31;0;0;7.471.323,31;27.873.541,69;;;;
BA;2925303;PORTO SEGURO;133.407.337,37;48.853.969,26;0;0;48.853.969,26;182.261.306,63;;;;
BA;2925402;POTIRAGUA;7.893.320,96;2.890.546,11;0;0;2.890.546,11;10.783.867,07;;;;
BA;2925501;PRADO;26.327.090,33;9.641.020,40;0;0;9.641.020,40;35.968.110,73;;;;
BA;2925600;PRESIDENTE DUTRA;10.420.670,57;3.816.065,37;0;0;3.816.065,37;14.236.735,94;;;;
BA;2925709;PRESIDENTE JANIO QUADROS;10.620.425,43;3.889.215,90;0;0;3.889.215,90;14.509.641,33;;;;
BA;2925758;PRESIDENTE TANCREDO NEVES;22.641.575,53;8.291.379,30;0;0;8.291.379,30;30.932.954,83;;;;
BA;2925808;QUEIMADAS;19.579.356,00;7.169.989,86;0;0;7.169.989,86;26.749.345,86;;;;
BA;2925907;QUIJINGUE;23.186.771,14;8.491.030,76;0;0;8.491.030,76;31.677.801,90;;;;
BA;2925931;QUIXABEIRA;12.424.226,88;4.549.770,72;0;0;4.549.770,72;16.973.997,60;;;;
BA;2925956;RAFAEL JAMBEIRO;17.939.451,17;6.569.454,22;0;0;6.569.454,22;24.508.905,39;;;;
BA;2926004;REMANSO;31.741.686,23;11.623.853,63;0;0;11.623.853,63;43.365.539,86;;;;
BA;2926103;RETIROLANDIA;9.873.034,36;3.615.520,15;0;0;3.615.520,15;13.488.554,51;;;;
BA;2926202;RIACHAO DAS NEVES;18.108.229,01;6.631.260,93;0;0;6.631.260,93;24.739.489,94;;;;
BA;2926301;RIACHAO DO JACUIPE;17.517.975,91;6.415.109,34;0;0;6.415.109,34;23.933.085,25;;;;
BA;2926400;RIACHO DE SANTANA;21.732.916,20;7.958.626,87;0;0;7.958.626,87;29.691.543,07;;;;
BA;2926509;RIBEIRA DO AMPARO;12.835.751,93;4.700.471,83;0;0;4.700.471,83;17.536.223,76;;;;
BA;2926608;RIBEIRA DO POMBAL;44.897.534,07;16.441.545,07;0;0;16.441.545,07;61.339.079,14;;;;
BA;2926657;RIBEIRAO DO LARGO;9.785.923,20;3.583.619,92;0;0;3.583.619,92;13.369.543,12;;;;
BA;2926707;RIO DE CONTAS;7.798.887,98;2.855.964,60;0;0;2.855.964,60;10.654.852,58;;;;
BA;2926806;RIO DO ANTONIO;8.770.252,34;3.211.679,70;0;0;3.211.679,70;11.981.932,04;;;;
BA;2926905;RIO DO PIRES;5.963.170,82;2.183.722,19;0;0;2.183.722,19;8.146.893,01;;;;
BA;2927002;RIO REAL;28.408.183,05;10.403.119,72;0;0;10.403.119,72;38.811.302,77;;;;
BA;2927101;RODELAS;8.718.436,22;3.192.704,56;0;0;3.192.704,56;11.911.140,78;;;;
BA;2927200;RUY BARBOSA;20.174.678,07;7.387.997,70;0;0;7.387.997,70;27.562.675,77;;;;
BA;2927309;SALINAS DA MARGARIDA;14.887.369,56;5.451.777,31;0;0;5.451.777,31;20.339.146,87;;;;
BA;2927408;SALVADOR;667.697.905,42;244.511.985,57;0;0;244.511.985,57;912.209.890,99;;;;
BA;2927507;SANTA BARBARA;16.029.201,41;5.869.917,87;0;0;5.869.917,87;21.899.119,28;;;;
BA;2927606;SANTA BRIGIDA;12.479.797,78;4.570.120,87;0;0;4.570.120,87;17.049.918,65;;;;
BA;2927705;SANTA CRUZ CABRALIA;31.838.747,57;11.659.397,64;0;0;11.659.397,64;43.498.145,21;;;;
BA;2927804;SANTA CRUZ DA VITORIA;4.825.844,72;1.767.231,66;0;0;1.767.231,66;6.593.076,38;;;;
BA;2927903;SANTA INES;7.907.401,43;2.895.702,40;0;0;2.895.702,40;10.803.103,83;;;;
BA;2928059;SANTA LUZIA;10.294.321,86;3.769.796,28;0;0;3.769.796,28;14.064.118,14;;;;
BA;2928109;SANTA MARIA DA VITORIA;28.515.570,07;10.442.445,01;0;0;10.442.445,01;38.958.015,08;;;;
BA;2928406;SANTA RITA DE CASSIA;21.354.996,51;7.820.232,11;0;0;7.820.232,11;29.175.228,62;;;;
BA;2928505;SANTA TERESINHA;8.401.344,14;3.076.584,97;0;0;3.076.584,97;11.477.929,11;;;;
BA;2928000;SANTALUZ;32.252.900,97;11.811.061,25;0;0;11.811.061,25;44.063.962,22;;;;
BA;2928208;SANTANA;17.037.174,97;6.239.039,31;0;0;6.239.039,31;23.276.214,28;;;;
BA;2928307;SANTANOPOLIS;7.395.623,45;2.708.288,53;0;0;2.708.288,53;10.103.911,98;;;;
BA;2928604;SANTO AMARO;43.032.341,80;15.758.508,83;0;0;15.758.508,83;58.790.850,63;;;;
BA;2928703;SANTO ANTONIO DE JESUS;46.508.527,01;17.031.493,12;0;0;17.031.493,12;63.540.020,13;;;;
BA;2928802;SANTO ESTEVAO;38.616.520,23;14.141.428,27;0;0;14.141.428,27;52.757.948,50;;;;
BA;2928901;SAO DESIDERIO;27.653.282,39;10.126.673,95;0;0;10.126.673,95;37.779.956,34;;;;
BA;2928950;SAO DOMINGOS;5.579.243,47;2.043.127,42;0;0;2.043.127,42;7.622.370,89;;;;
BA;2929107;SAO FELIPE;19.012.007,12;6.962.225,84;0;0;6.962.225,84;25.974.232,96;;;;
BA;2929008;SAO FELIX;7.736.933,93;2.833.276,94;0;0;2.833.276,94;10.570.210,87;;;;
BA;2929057;SAO FELIX DO CORIBE;12.362.085,10;4.527.014,31;0;0;4.527.014,31;16.889.099,41;;;;
BA;2929206;SAO FRANCISCO DO CONDE;33.823.342,18;12.386.159,20;0;0;12.386.159,20;46.209.501,38;;;;
BA;2929255;SAO GABRIEL;14.532.166,37;5.321.701,36;0;0;5.321.701,36;19.853.867,73;;;;
BA;2929305;SAO GONCALO DOS CAMPOS;19.212.325,20;7.035.582,63;0;0;7.035.582,63;26.247.907,83;;;;
BA;2929354;SAO JOSE DA VITORIA;4.250.798,52;1.556.648,87;0;0;1.556.648,87;5.807.447,39;;;;
BA;2929370;SAO JOSE DO JACUIPE;8.760.865,36;3.208.242,18;0;0;3.208.242,18;11.969.107,54;;;;
BA;2929404;SAO MIGUEL DAS MATAS;7.273.405,03;2.663.531,95;0;0;2.663.531,95;9.936.936,98;;;;
BA;2929503;SAO SEBASTIAO DO PASSE;24.893.323,50;9.115.972,82;0;0;9.115.972,82;34.009.296,32;;;;
BA;2929602;SAPEACU;20.806.609,34;7.619.411,89;0;0;7.619.411,89;28.426.021,23;;;;
BA;2929701;SATIRO DIAS;14.724.411,64;5.392.101,88;0;0;5.392.101,88;20.116.513,52;;;;
BA;2929750;SAUBARA;8.602.976,40;3.150.423,01;0;0;3.150.423,01;11.753.399,41;;;;
BA;2929800;SAUDE;9.248.612,66;3.386.855,98;0;0;3.386.855,98;12.635.468,64;;;;
BA;2929909;SEABRA;32.656.353,24;11.958.806,08;0;0;11.958.806,08;44.615.159,32;;;;
BA;2930006;SEBASTIAO LARANJEIRAS;6.743.979,54;2.469.655,53;0;0;2.469.655,53;9.213.635,07;;;;
BA;2930105;SENHOR DO BONFIM;43.140.479,76;15.798.109,12;0;0;15.798.109,12;58.938.588,88;;;;
BA;2930204;SENTO SE;33.338.974,18;12.208.782,91;0;0;12.208.782,91;45.547.757,09;;;;
BA;2930154;SERRA DO RAMALHO;33.869.901,58;12.403.209,33;0;0;12.403.209,33;46.273.110,91;;;;
BA;2930303;SERRA DOURADA;11.214.245,58;4.106.673,74;0;0;4.106.673,74;15.320.919,32;;;;
BA;2930402;SERRA PRETA;12.603.142,65;4.615.289,95;0;0;4.615.289,95;17.218.432,60;;;;
BA;2930501;SERRINHA;70.782.497,80;25.920.658,04;0;0;25.920.658,04;96.703.155,84;;;;
BA;2930600;SERROLANDIA;10.453.900,47;3.828.234,21;0;0;3.828.234,21;14.282.134,68;;;;
BA;2930709;SIMOES FILHO;80.353.834,71;29.425.696,13;0;0;29.425.696,13;109.779.530,84;;;;
BA;2930758;SITIO DO MATO;11.555.180,57;4.231.524,65;0;0;4.231.524,65;15.786.705,22;;;;
BA;2930766;SITIO DO QUINTO;10.746.774,14;3.935.484,99;0;0;3.935.484,99;14.682.259,13;;;;
BA;2930774;SOBRADINHO;17.622.171,36;6.453.265,88;0;0;6.453.265,88;24.075.437,24;;;;
BA;2930808;SOUTO SOARES;12.831.809,41;4.699.028,06;0;0;4.699.028,06;17.530.837,47;;;;
BA;2930907;TABOCAS DO BREJO VELHO;8.777.761,91;3.214.429,72;0;0;3.214.429,72;11.992.191,63;;;;
BA;2931004;TANHACU;14.789.181,80;5.415.820,80;0;0;5.415.820,80;20.205.002,60;;;;
BA;2931053;TANQUE NOVO;13.466.181,29;4.931.336,01;0;0;4.931.336,01;18.397.517,30;;;;
BA;2931103;TANQUINHO;4.861.702,97;1.780.363,00;0;0;1.780.363,00;6.642.065,97;;;;
BA;2931202;TAPEROA;20.731.325,77;7.591.842,94;0;0;7.591.842,94;28.323.168,71;;;;
BA;2931301;TAPIRAMUTA;11.735.598,27;4.297.593,88;0;0;4.297.593,88;16.033.192,15;;;;
BA;2931350;TEIXEIRA DE FREITAS;92.022.034,49;33.698.608,59;0;0;33.698.608,59;125.720.643,08;;;;
BA;2931400;TEODORO SAMPAIO;4.591.358,04;1.681.362,28;0;0;1.681.362,28;6.272.720,32;;;;
BA;2931509;TEOFILANDIA;21.290.977,33;7.796.788,19;0;0;7.796.788,19;29.087.765,52;;;;
BA;2931608;TEOLANDIA;15.186.250,90;5.561.228,11;0;0;5.561.228,11;20.747.479,01;;;;
BA;2931707;TERRA NOVA;8.931.145,11;3.270.598,88;0;0;3.270.598,88;12.201.743,99;;;;
BA;2931806;TREMEDAL;11.272.632,58;4.128.055,15;0;0;4.128.055,15;15.400.687,73;;;;
BA;2931905;TUCANO;43.465.644,64;15.917.184,99;0;0;15.917.184,99;59.382.829,63;;;;
BA;2932002;UAUA;19.585.551,40;7.172.258,63;0;0;7.172.258,63;26.757.810,03;;;;
BA;2932101;UBAIRA;16.036.335,51;5.872.530,38;0;0;5.872.530,38;21.908.865,89;;;;
BA;2932200;UBAITABA;15.414.542,18;5.644.828,72;0;0;5.644.828,72;21.059.370,90;;;;
BA;2932309;UBATA;14.133.032,11;5.175.537,79;0;0;5.175.537,79;19.308.569,90;;;;
BA;2932408;UIBAI;8.204.593,12;3.004.534,44;0;0;3.004.534,44;11.209.127,56;;;;
BA;2932457;UMBURANAS;11.598.548,41;4.247.406,02;0;0;4.247.406,02;15.845.954,43;;;;
BA;2932507;UNA;18.275.129,45;6.692.380,12;0;0;6.692.380,12;24.967.509,57;;;;
BA;2932606;URANDI;11.093.529,06;4.062.467,16;0;0;4.062.467,16;15.155.996,22;;;;
BA;2932705;URUCUCA;18.535.524,19;6.787.737,07;0;0;6.787.737,07;25.323.261,26;;;;
BA;2932804;UTINGA;11.111.364,32;4.068.998,47;0;0;4.068.998,47;15.180.362,79;;;;
BA;2932903;VALENCA;59.301.849,81;21.716.427,33;0;0;21.716.427,33;81.018.277,14;;;;
BA;2933000;VALENTE;20.914.935,05;7.659.080,93;0;0;7.659.080,93;28.574.015,98;;;;
BA;2933059;VARZEA DA ROCA;9.955.076,53;3.645.564,12;0;0;3.645.564,12;13.600.640,65;;;;
BA;2933109;VARZEA DO POCO;6.363.806,97;2.330.435,77;0;0;2.330.435,77;8.694.242,74;;;;
BA;2933158;VARZEA NOVA;11.362.747,55;4.161.055,39;0;0;4.161.055,39;15.523.802,94;;;;
BA;2933174;VARZEDO;6.556.052,27;2.400.836,28;0;0;2.400.836,28;8.956.888,55;;;;
BA;2933208;VERA CRUZ;35.811.503,84;13.114.227,02;0;0;13.114.227,02;48.925.730,86;;;;
BA;2933257;VEREDA;5.775.806,76;2.115.109,19;0;0;2.115.109,19;7.890.915,95;;;;
BA;2933307;VITORIA DA CONQUISTA;192.661.501,33;70.552.933,97;0;0;70.552.933,97;263.214.435,30;;;;
BA;2933406;WAGNER;6.433.458,35;2.355.942,20;0;0;2.355.942,20;8.789.400,55;;;;
BA;2933455;WANDERLEY;12.020.211,40;4.401.819,64;0;0;4.401.819,64;16.422.031,04;;;;
BA;2933505;WENCESLAU GUIMARAES;21.823.406,65;7.991.764,61;0;0;7.991.764,61;29.815.171,26;;;;
BA;2933604;XIQUE-XIQUE;45.940.614,92;16.823.522,85;0;0;16.823.522,85;62.764.137,77;;;;
CE;2300101;ABAIARA;7.121.471,99;2.989.108,74;0;0;2.989.108,74;10.110.580,73;;;;
CE;2300150;ACARAPE;11.006.584,63;4.619.814,32;0;0;4.619.814,32;15.626.398,95;;;;
CE;2300200;ACARAU;49.709.569,11;20.864.690,26;0;0;20.864.690,26;70.574.259,37;;;;
CE;2300309;ACOPIARA;32.500.534,48;13.641.510,03;0;0;13.641.510,03;46.142.044,51;;;;
CE;2300408;AIUABA;10.538.492,24;4.423.341,03;0;0;4.423.341,03;14.961.833,27;;;;
CE;2300507;ALCANTARAS;8.684.188,77;3.645.030,77;0;0;3.645.030,77;12.329.219,54;;;;
CE;2300606;ALTANEIRA;7.017.230,65;2.945.355,32;0;0;2.945.355,32;9.962.585,97;;;;
CE;2300705;ALTO SANTO;12.234.717,43;5.135.300,79;0;0;5.135.300,79;17.370.018,22;;;;
CE;2300754;AMONTADA;36.702.887,65;15.405.371,57;0;0;15.405.371,57;52.108.259,22;;;;
CE;2300804;ANTONINA DO NORTE;5.953.137,96;2.498.721,71;0;0;2.498.721,71;8.451.859,67;;;;
CE;2300903;APUIARES;9.115.968,32;3.826.262,41;0;0;3.826.262,41;12.942.230,73;;;;
CE;2301000;AQUIRAZ;60.270.282,63;25.297.358,28;0;0;25.297.358,28;85.567.640,91;;;;
CE;2301109;ARACATI;50.162.305,32;21.054.718,08;0;0;21.054.718,08;71.217.023,40;;;;
CE;2301208;ARACOIABA;21.599.455,81;9.065.979,92;0;0;9.065.979,92;30.665.435,73;;;;
CE;2301257;ARARENDA;11.503.763,43;4.828.496,11;0;0;4.828.496,11;16.332.259,54;;;;
CE;2301307;ARARIPE;18.176.654,41;7.629.321,10;0;0;7.629.321,10;25.805.975,51;;;;
CE;2301406;ARATUBA;9.916.657,43;4.162.337,14;0;0;4.162.337,14;14.078.994,57;;;;
CE;2301505;ARNEIROZ;5.293.725,67;2.221.945,36;0;0;2.221.945,36;7.515.671,03;;;;
CE;2301604;ASSARE;13.794.543,63;5.790.009,56;0;0;5.790.009,56;19.584.553,19;;;;
CE;2301703;AURORA;13.194.388,12;5.538.105,17;0;0;5.538.105,17;18.732.493,29;;;;
CE;2301802;BAIXIO;3.864.155,98;1.621.909,41;0;0;1.621.909,41;5.486.065,39;;;;
CE;2301851;BANABUIU;15.232.785,05;6.393.685,32;0;0;6.393.685,32;21.626.470,37;;;;
CE;2301901;BARBALHA;44.546.099,94;18.697.417,71;0;0;18.697.417,71;63.243.517,65;;;;
CE;2301950;BARREIRA;18.082.349,41;7.589.738,29;0;0;7.589.738,29;25.672.087,70;;;;
CE;2302008;BARRO;12.024.428,13;5.047.035,68;0;0;5.047.035,68;17.071.463,81;;;;
CE;2302057;BARROQUINHA;12.832.163,02;5.386.067,75;0;0;5.386.067,75;18.218.230,77;;;;
CE;2302107;BATURITE;23.803.518,77;9.991.095,39;0;0;9.991.095,39;33.794.614,16;;;;
CE;2302206;BEBERIBE;40.283.225,36;16.908.153,40;0;0;16.908.153,40;57.191.378,76;;;;
CE;2302305;BELA CRUZ;18.569.591,86;7.794.249,47;0;0;7.794.249,47;26.363.841,33;;;;
CE;2302404;BOA VIAGEM;38.960.787,58;16.353.084,12;0;0;16.353.084,12;55.313.871,70;;;;
CE;2302503;BREJO SANTO;51.643.002,05;21.676.213,69;0;0;21.676.213,69;73.319.215,74;;;;
CE;2302602;CAMOCIM;42.359.561,07;17.779.657,67;0;0;17.779.657,67;60.139.218,74;;;;
CE;2302701;CAMPOS SALES;16.891.071,45;7.089.720,96;0;0;7.089.720,96;23.980.792,41;;;;
CE;2302800;CANINDE;59.640.679,40;25.033.093,74;0;0;25.033.093,74;84.673.773,14;;;;
CE;2302909;CAPISTRANO;13.004.513,52;5.458.408,74;0;0;5.458.408,74;18.462.922,26;;;;
CE;2303006;CARIDADE;18.791.262,79;7.887.291,82;0;0;7.887.291,82;26.678.554,61;;;;
CE;2303105;CARIRE;13.616.773,31;5.715.393,69;0;0;5.715.393,69;19.332.167,00;;;;
CE;2303204;CARIRIACU;21.321.780,00;8.949.430,54;0;0;8.949.430,54;30.271.210,54;;;;
CE;2303303;CARIUS;11.732.118,81;4.924.344,13;0;0;4.924.344,13;16.656.462,94;;;;
CE;2303402;CARNAUBAL;13.901.494,88;5.834.900,41;0;0;5.834.900,41;19.736.395,29;;;;
CE;2303501;CASCAVEL;54.176.951,82;22.739.793,16;0;0;22.739.793,16;76.916.744,98;;;;
CE;2303600;CATARINA;7.845.922,20;3.293.183,57;0;0;3.293.183,57;11.139.105,77;;;;
CE;2303659;CATUNDA;12.331.551,67;5.175.945,21;0;0;5.175.945,21;17.507.496,88;;;;
CE;2303709;CAUCAIA;228.758.611,93;96.017.279,36;0;0;96.017.279,36;324.775.891,29;;;;
CE;2303808;CEDRO;13.596.358,62;5.706.825,00;0;0;5.706.825,00;19.303.183,62;;;;
CE;2303907;CHAVAL;10.105.628,73;4.241.654,42;0;0;4.241.654,42;14.347.283,15;;;;
CE;2303931;CHORO;9.949.357,06;4.176.062,21;0;0;4.176.062,21;14.125.419,27;;;;
CE;2303956;CHOROZINHO;17.313.456,63;7.267.009,48;0;0;7.267.009,48;24.580.466,11;;;;
CE;2304004;COREAU;17.556.626,20;7.369.075,50;0;0;7.369.075,50;24.925.701,70;;;;
CE;2304103;CRATEUS;50.546.390,39;21.215.930,83;0;0;21.215.930,83;71.762.321,22;;;;
CE;2304202;CRATO;75.879.565,01;31.849.071,51;0;0;31.849.071,51;107.728.636,52;;;;
CE;2304236;CROATA;16.949.966,90;7.114.441,26;0;0;7.114.441,26;24.064.408,16;;;;
CE;2304251;CRUZ;23.092.618,14;9.692.707,73;0;0;9.692.707,73;32.785.325,87;;;;
CE;2304269;DEPUTADO IRAPUAN PINHEIRO;5.538.701,86;2.324.769,67;0;0;2.324.769,67;7.863.471,53;;;;
CE;2304277;ERERE;5.007.197,49;2.101.680,35;0;0;2.101.680,35;7.108.877,84;;;;
CE;2304285;EUSEBIO;59.581.603,29;25.008.297,61;0;0;25.008.297,61;84.589.900,90;;;;
CE;2304301;FARIAS BRITO;13.796.169,58;5.790.692,02;0;0;5.790.692,02;19.586.861,60;;;;
CE;2304350;FORQUILHA;15.664.203,29;6.574.765,29;0;0;6.574.765,29;22.238.968,58;;;;
CE;2304400;FORTALEZA;1.055.663.421,06;443.095.579,02;0;0;443.095.579,02;1.498.759.000,08;;;;
CE;2304459;FORTIM;10.739.567,82;4.507.738,86;0;0;4.507.738,86;15.247.306,68;;;;
CE;2304509;FRECHEIRINHA;12.740.206,62;5.347.470,72;0;0;5.347.470,72;18.087.677,34;;;;
CE;2304608;GENERAL SAMPAIO;7.842.670,30;3.291.818,65;0;0;3.291.818,65;11.134.488,95;;;;
CE;2304657;GRACA;16.927.022,97;7.104.810,96;0;0;7.104.810,96;24.031.833,93;;;;
CE;2304707;GRANJA;41.949.641,50;17.607.601,36;0;0;17.607.601,36;59.557.242,86;;;;
CE;2304806;GRANJEIRO;4.405.596,69;1.849.169,33;0;0;1.849.169,33;6.254.766,02;;;;
CE;2304905;GROAIRAS;8.405.429,01;3.528.026,41;0;0;3.528.026,41;11.933.455,42;;;;
CE;2304954;GUAIUBA;18.409.526,31;7.727.064,85;0;0;7.727.064,85;26.136.591,16;;;;
CE;2305001;GUARACIABA DO NORTE;34.685.086,07;14.558.435,95;0;0;14.558.435,95;49.243.522,02;;;;
CE;2305100;GUARAMIRANGA;4.842.434,74;2.032.524,18;0;0;2.032.524,18;6.874.958,92;;;;
CE;2305209;HIDROLANDIA;12.542.744,27;5.264.589,47;0;0;5.264.589,47;17.807.333,74;;;;
CE;2305233;HORIZONTE;52.455.253,45;22.017.141,49;0;0;22.017.141,49;74.472.394,94;;;;
CE;2305266;IBARETAMA;9.737.080,49;4.086.962,98;0;0;4.086.962,98;13.824.043,47;;;;
CE;2305308;IBIAPINA;18.826.311,00;7.902.002,67;0;0;7.902.002,67;26.728.313,67;;;;
CE;2305332;IBICUITINGA;12.424.411,37;5.214.921,39;0;0;5.214.921,39;17.639.332,76;;;;
CE;2305357;ICAPUI;16.377.994,49;6.874.366,21;0;0;6.874.366,21;23.252.360,70;;;;
CE;2305407;ICO;47.756.805,44;20.045.053,13;0;0;20.045.053,13;67.801.858,57;;;;
CE;2305506;IGUATU;53.090.637,84;22.283.832,56;0;0;22.283.832,56;75.374.470,40;;;;
CE;2305605;INDEPENDENCIA;14.933.429,94;6.268.036,43;0;0;6.268.036,43;21.201.466,37;;;;
CE;2305654;IPAPORANGA;8.643.720,74;3.628.045,04;0;0;3.628.045,04;12.271.765,78;;;;
CE;2305704;IPAUMIRIM;8.088.549,79;3.395.022,10;0;0;3.395.022,10;11.483.571,89;;;;
CE;2305803;IPU;29.218.287,26;12.263.846,27;0;0;12.263.846,27;41.482.133,53;;;;
CE;2305902;IPUEIRAS;31.350.808,51;13.158.933,40;0;0;13.158.933,40;44.509.741,91;;;;
CE;2306009;IRACEMA;9.866.072,38;4.141.104,98;0;0;4.141.104,98;14.007.177,36;;;;
CE;2306108;IRAUCUBA;22.607.724,29;9.489.182,33;0;0;9.489.182,33;32.096.906,62;;;;
CE;2306207;ITAICABA;5.704.367,89;2.394.304,99;0;0;2.394.304,99;8.098.672,88;;;;
CE;2306256;ITAITINGA;37.498.879,57;15.739.474,75;0;0;15.739.474,75;53.238.354,32;;;;
CE;2306306;ITAPAJE;33.830.379,36;14.199.688,30;0;0;14.199.688,30;48.030.067,66;;;;
CE;2306405;ITAPIPOCA;101.988.678,19;42.807.898,34;0;0;42.807.898,34;144.796.576,53;;;;
CE;2306504;ITAPIUNA;12.755.020,81;5.353.688,71;0;0;5.353.688,71;18.108.709,52;;;;
CE;2306553;ITAREMA;30.039.752,37;12.608.641,35;0;0;12.608.641,35;42.648.393,72;;;;
CE;2306603;ITATIRA;28.995.351,70;12.170.273,12;0;0;12.170.273,12;41.165.624,82;;;;
CE;2306702;JAGUARETAMA;11.663.467,67;4.895.529,06;0;0;4.895.529,06;16.558.996,73;;;;
CE;2306801;JAGUARIBARA;11.051.388,54;4.638.619,95;0;0;4.638.619,95;15.690.008,49;;;;
CE;2306900;JAGUARIBE;30.480.745,62;12.793.740,28;0;0;12.793.740,28;43.274.485,90;;;;
CE;2307007;JAGUARUANA;20.792.624,23;8.727.327,00;0;0;8.727.327,00;29.519.951,23;;;;
CE;2307106;JARDIM;22.864.804,75;9.597.087,19;0;0;9.597.087,19;32.461.891,94;;;;
CE;2307205;JATI;7.011.449,51;2.942.928,79;0;0;2.942.928,79;9.954.378,30;;;;
CE;2307254;JIJOCA DE JERICOACOARA;21.435.054,38;8.996.975,41;0;0;8.996.975,41;30.432.029,79;;;;
CE;2307304;JUAZEIRO DO NORTE;137.465.420,31;57.698.617,57;0;0;57.698.617,57;195.164.037,88;;;;
CE;2307403;JUCAS;19.226.294,23;8.069.888,38;0;0;8.069.888,38;27.296.182,61;;;;
CE;2307502;LAVRAS DA MANGABEIRA;17.811.358,07;7.475.994,58;0;0;7.475.994,58;25.287.352,65;;;;
CE;2307601;LIMOEIRO DO NORTE;33.000.603,84;13.851.405,08;0;0;13.851.405,08;46.852.008,92;;;;
CE;2307635;MADALENA;16.069.245,02;6.744.774,22;0;0;6.744.774,22;22.814.019,24;;;;
CE;2307650;MARACANAU;157.763.756,33;66.218.476,04;0;0;66.218.476,04;223.982.232,37;;;;
CE;2307700;MARANGUAPE;60.422.579,78;25.361.282,24;0;0;25.361.282,24;85.783.862,02;;;;
CE;2307809;MARCO;25.174.373,68;10.566.486,88;0;0;10.566.486,88;35.740.860,56;;;;
CE;2307908;MARTINOPOLE;8.933.862,13;3.749.826,64;0;0;3.749.826,64;12.683.688,77;;;;
CE;2308005;MASSAPE;29.683.127,75;12.458.954,64;0;0;12.458.954,64;42.142.082,39;;;;
CE;2308104;MAURITI;32.313.550,44;13.563.026,87;0;0;13.563.026,87;45.876.577,31;;;;
CE;2308203;MERUOCA;12.096.873,16;5.077.443,16;0;0;5.077.443,16;17.174.316,32;;;;
CE;2308302;MILAGRES;17.654.002,43;7.409.947,40;0;0;7.409.947,40;25.063.949,83;;;;
CE;2308351;MILHA;8.977.040,08;3.767.949,80;0;0;3.767.949,80;12.744.989,88;;;;
CE;2308377;MIRAIMA;10.035.532,30;4.212.232,71;0;0;4.212.232,71;14.247.765,01;;;;
CE;2308401;MISSAO VELHA;25.943.808,45;10.889.443,17;0;0;10.889.443,17;36.833.251,62;;;;
CE;2308500;MOMBACA;30.129.360,17;12.646.252,61;0;0;12.646.252,61;42.775.612,78;;;;
CE;2308609;MONSENHOR TABOSA;16.902.633,74;7.094.574,03;0;0;7.094.574,03;23.997.207,77;;;;
CE;2308708;MORADA NOVA;40.701.455,34;17.083.697,85;0;0;17.083.697,85;57.785.153,19;;;;
CE;2308807;MORAUJO;7.083.713,87;2.973.260,45;0;0;2.973.260,45;10.056.974,32;;;;
CE;2308906;MORRINHOS;16.904.259,69;7.095.256,49;0;0;7.095.256,49;23.999.516,18;;;;
CE;2309003;MUCAMBO;11.761.566,54;4.936.704,28;0;0;4.936.704,28;16.698.270,82;;;;
CE;2309102;MULUNGU;7.353.440,59;3.086.473,35;0;0;3.086.473,35;10.439.913,94;;;;
CE;2309201;NOVA OLINDA;11.171.528,04;4.689.046,32;0;0;4.689.046,32;15.860.574,36;;;;
CE;2309300;NOVA RUSSAS;24.482.803,76;10.276.212,94;0;0;10.276.212,94;34.759.016,70;;;;
CE;2309409;NOVO ORIENTE;25.272.111,23;10.607.510,44;0;0;10.607.510,44;35.879.621,67;;;;
CE;2309458;OCARA;17.278.408,42;7.252.298,63;0;0;7.252.298,63;24.530.707,05;;;;
CE;2309508;OROS;15.454.455,97;6.486.727,67;0;0;6.486.727,67;21.941.183,64;;;;
CE;2309607;PACAJUS;44.541.583,43;18.695.521,98;0;0;18.695.521,98;63.237.105,41;;;;
CE;2309706;PACATUBA;43.928.600,99;18.438.233,72;0;0;18.438.233,72;62.366.834,71;;;;
CE;2309805;PACOTI;9.531.307,73;4.000.593,59;0;0;4.000.593,59;13.531.901,32;;;;
CE;2309904;PACUJA;6.863.849,55;2.880.976,39;0;0;2.880.976,39;9.744.825,94;;;;
CE;2310001;PALHANO;7.149.474,43;3.000.862,25;0;0;3.000.862,25;10.150.336,68;;;;
CE;2310100;PALMACIA;7.581.976,62;3.182.397,21;0;0;3.182.397,21;10.764.373,83;;;;
CE;2310209;PARACURU;30.646.592,32;12.863.351,43;0;0;12.863.351,43;43.509.943,75;;;;
CE;2310258;PARAIPABA;25.851.671,40;10.850.770,31;0;0;10.850.770,31;36.702.441,71;;;;
CE;2310308;PARAMBU;22.098.802,54;9.275.571,65;0;0;9.275.571,65;31.374.374,19;;;;
CE;2310407;PARAMOTI;8.659.799,54;3.634.793,84;0;0;3.634.793,84;12.294.593,38;;;;
CE;2310506;PEDRA BRANCA;30.265.578,49;12.703.427,78;0;0;12.703.427,78;42.969.006,27;;;;
CE;2310605;PENAFORTE;6.818.864,99;2.862.094,93;0;0;2.862.094,93;9.680.959,92;;;;
CE;2310704;PENTECOSTE;27.984.011,99;11.745.781,61;0;0;11.745.781,61;39.729.793,60;;;;
CE;2310803;PEREIRO;16.441.587,13;6.901.058,07;0;0;6.901.058,07;23.342.645,20;;;;
CE;2310852;PINDORETAMA;19.471.451,08;8.172.788,52;0;0;8.172.788,52;27.644.239,60;;;;
CE;2310902;PIQUET CARNEIRO;10.784.010,41;4.526.392,82;0;0;4.526.392,82;15.310.403,23;;;;
CE;2310951;PIRES FERREIRA;7.003.681,09;2.939.668,14;0;0;2.939.668,14;9.943.349,23;;;;
CE;2311009;PORANGA;9.823.255,74;4.123.133,48;0;0;4.123.133,48;13.946.389,22;;;;
CE;2311108;PORTEIRAS;15.658.964,11;6.572.566,25;0;0;6.572.566,25;22.231.530,36;;;;
CE;2311207;POTENGI;6.724.740,66;2.822.587,95;0;0;2.822.587,95;9.547.328,61;;;;
CE;2311231;POTIRETAMA;5.975.901,23;2.508.276,18;0;0;2.508.276,18;8.484.177,41;;;;
CE;2311264;QUITERIANOPOLIS;20.303.033,20;8.521.830,03;0;0;8.521.830,03;28.824.863,23;;;;
CE;2311306;QUIXADA;49.209.680,40;20.654.871,04;0;0;20.654.871,04;69.864.551,44;;;;
CE;2311355;QUIXELO;13.484.168,21;5.659.735,10;0;0;5.659.735,10;19.143.903,31;;;;
CE;2311405;QUIXERAMOBIM;60.279.496,35;25.301.225,56;0;0;25.301.225,56;85.580.721,91;;;;
CE;2311504;QUIXERE;12.538.950,38;5.262.997,06;0;0;5.262.997,06;17.801.947,44;;;;
CE;2311603;REDENCAO;21.099.386,44;8.856.084,87;0;0;8.856.084,87;29.955.471,31;;;;
CE;2311702;RERIUTABA;12.650.237,49;5.309.707,81;0;0;5.309.707,81;17.959.945,30;;;;
CE;2311801;RUSSAS;52.656.329,04;22.101.539,31;0;0;22.101.539,31;74.757.868,35;;;;
CE;2311900;SABOEIRO;12.228.213,64;5.132.570,94;0;0;5.132.570,94;17.360.784,58;;;;
CE;2311959;SALITRE;17.214.996,45;7.225.682,60;0;0;7.225.682,60;24.440.679,05;;;;
CE;2312205;SANTA QUITERIA;31.548.090,21;13.241.738,82;0;0;13.241.738,82;44.789.829,03;;;;
CE;2312007;SANTANA DO ACARAU;21.166.592,29;8.884.293,31;0;0;8.884.293,31;30.050.885,60;;;;
CE;2312106;SANTANA DO CARIRI;12.920.144,88;5.422.996,54;0;0;5.422.996,54;18.343.141,42;;;;
CE;2312304;SAO BENEDITO;41.433.312,64;17.390.881,69;0;0;17.390.881,69;58.824.194,33;;;;
CE;2312403;SAO GONCALO DO AMARANTE;53.089.192,55;22.283.225,93;0;0;22.283.225,93;75.372.418,48;;;;
CE;2312502;SAO JOAO DO JAGUARIBE;3.947.440,65;1.656.866,64;0;0;1.656.866,64;5.604.307,29;;;;
CE;2312601;SAO LUIS DO CURU;7.681.882,10;3.224.330,72;0;0;3.224.330,72;10.906.212,82;;;;
CE;2312700;SENADOR POMPEU;12.356.121,55;5.186.257,97;0;0;5.186.257,97;17.542.379,52;;;;
CE;2312809;SENADOR SA;6.437.128,50;2.701.867,97;0;0;2.701.867,97;9.138.996,47;;;;
CE;2312908;SOBRAL;134.656.504,65;56.519.626,15;0;0;56.519.626,15;191.176.130,80;;;;
CE;2313005;SOLONOPOLE;14.003.026,31;5.877.516,38;0;0;5.877.516,38;19.880.542,69;;;;
CE;2313104;TABULEIRO DO NORTE;15.357.802,39;6.446.159,08;0;0;6.446.159,08;21.803.961,47;;;;
CE;2313203;TAMBORIL;17.291.416,00;7.257.758,33;0;0;7.257.758,33;24.549.174,33;;;;
CE;2313252;TARRAFAS;5.600.668,54;2.350.779,06;0;0;2.350.779,06;7.951.447,60;;;;
CE;2313302;TAUA;40.265.881,91;16.900.873,81;0;0;16.900.873,81;57.166.755,72;;;;
CE;2313351;TEJUCUOCA;18.168.163,34;7.625.757,13;0;0;7.625.757,13;25.793.920,47;;;;
CE;2313401;TIANGUA;65.923.162,19;27.670.051,96;0;0;27.670.051,96;93.593.214,15;;;;
CE;2313500;TRAIRI;46.031.132,53;19.320.733,22;0;0;19.320.733,22;65.351.865,75;;;;
CE;2313559;TURURU;13.422.924,16;5.634.029,02;0;0;5.634.029,02;19.056.953,18;;;;
CE;2313609;UBAJARA;29.811.396,98;12.512.793,33;0;0;12.512.793,33;42.324.190,31;;;;
CE;2313708;UMARI;4.471.357,27;1.876.771,13;0;0;1.876.771,13;6.348.128,40;;;;
CE;2313757;UMIRIM;14.367.058,02;6.030.312,09;0;0;6.030.312,09;20.397.370,11;;;;
CE;2313807;URUBURETAMA;17.708.562,02;7.432.847,80;0;0;7.432.847,80;25.141.409,82;;;;
CE;2313906;URUOCA;11.395.366,90;4.782.998,62;0;0;4.782.998,62;16.178.365,52;;;;
CE;2313955;VARJOTA;17.652.918,46;7.409.492,43;0;0;7.409.492,43;25.062.410,89;;;;
CE;2314003;VARZEA ALEGRE;24.294.374,45;10.197.123,15;0;0;10.197.123,15;34.491.497,60;;;;
CE;2314102;VICOSA DO CEARA;52.107.300,56;21.871.094,57;0;0;21.871.094,57;73.978.395,13;;;;
ES;3200102;AFONSO CLAUDIO;22.230.532,43;0,00;0;0;0,00;22.230.532,43;;;;
ES;3200169;AGUA DOCE DO NORTE;8.792.033,80;0,00;0;0;0,00;8.792.033,80;;;;
ES;3200136;AGUIA BRANCA;8.463.329,32;0,00;0;0;0,00;8.463.329,32;;;;
ES;3200201;ALEGRE;15.254.482,74;0,00;0;0;0,00;15.254.482,74;;;;
ES;3200300;ALFREDO CHAVES;11.077.557,11;0,00;0;0;0,00;11.077.557,11;;;;
ES;3200359;ALTO RIO NOVO;5.461.738,44;0,00;0;0;0,00;5.461.738,44;;;;
ES;3200409;ANCHIETA;34.685.891,12;0,00;0;0;0,00;34.685.891,12;;;;
ES;3200508;APIACA;5.562.566,38;0,00;0;0;0,00;5.562.566,38;;;;
ES;3200607;ARACRUZ;90.360.752,44;0,00;0;0;0,00;90.360.752,44;;;;
ES;3200706;ATILIO VIVACQUA;12.339.122,73;0,00;0;0;0,00;12.339.122,73;;;;
ES;3200805;BAIXO GUANDU;25.091.018,26;0,00;0;0;0,00;25.091.018,26;;;;
ES;3200904;BARRA DE SAO FRANCISCO;31.120.420,68;0,00;0;0;0,00;31.120.420,68;;;;
ES;3201001;BOA ESPERANCA;11.669.279,23;0,00;0;0;0,00;11.669.279,23;;;;
ES;3201100;BOM JESUS DO NORTE;8.054.611,25;0,00;0;0;0,00;8.054.611,25;;;;
ES;3201159;BREJETUBA;9.261.302,68;0,00;0;0;0,00;9.261.302,68;;;;
ES;3201209;CACHOEIRO DE ITAPEMIRIM;129.322.504,91;0,00;0;0;0,00;129.322.504,91;;;;
ES;3201308;CARIACICA;268.156.354,98;0,00;0;0;0,00;268.156.354,98;;;;
ES;3201407;CASTELO;29.439.864,99;0,00;0;0;0,00;29.439.864,99;;;;
ES;3201506;COLATINA;90.306.959,52;0,00;0;0;0,00;90.306.959,52;;;;
ES;3201605;CONCEICAO DA BARRA;30.794.149,06;0,00;0;0;0,00;30.794.149,06;;;;
ES;3201704;CONCEICAO DO CASTELO;8.573.077,69;0,00;0;0;0,00;8.573.077,69;;;;
ES;3201803;DIVINO DE SAO LOURENCO;2.265.790,23;0,00;0;0;0,00;2.265.790,23;;;;
ES;3201902;DOMINGOS MARTINS;32.809.085,87;0,00;0;0;0,00;32.809.085,87;;;;
ES;3202009;DORES DO RIO PRETO;5.539.048,87;0,00;0;0;0,00;5.539.048,87;;;;
ES;3202108;ECOPORANGA;12.941.657,49;0,00;0;0;0,00;12.941.657,49;;;;
ES;3202207;FUNDAO;16.972.612,39;0,00;0;0;0,00;16.972.612,39;;;;
ES;3202256;GOVERNADOR LINDENBERG;5.085.188,00;0,00;0;0;0,00;5.085.188,00;;;;
ES;3202306;GUACUI;26.801.849,37;0,00;0;0;0,00;26.801.849,37;;;;
ES;3202405;GUARAPARI;123.557.471,71;0,00;0;0;0,00;123.557.471,71;;;;
ES;3202454;IBATIBA;22.117.269,95;0,00;0;0;0,00;22.117.269,95;;;;
ES;3202504;IBIRACU;7.834.303,56;0,00;0;0;0,00;7.834.303,56;;;;
ES;3202553;IBITIRAMA;8.364.663,91;0,00;0;0;0,00;8.364.663,91;;;;
ES;3202603;ICONHA;9.955.474,64;0,00;0;0;0,00;9.955.474,64;;;;
ES;3202652;IRUPI;9.463.499,19;0,00;0;0;0,00;9.463.499,19;;;;
ES;3202702;ITAGUACU;8.448.461,93;0,00;0;0;0,00;8.448.461,93;;;;
ES;3202801;ITAPEMIRIM;47.480.766,93;0,00;0;0;0,00;47.480.766,93;;;;
ES;3202900;ITARANA;5.254.946,56;0,00;0;0;0,00;5.254.946,56;;;;
ES;3203007;IUNA;20.564.033,17;0,00;0;0;0,00;20.564.033,17;;;;
ES;3203056;JAGUARE;30.607.901,21;0,00;0;0;0,00;30.607.901,21;;;;
ES;3203106;JERONIMO MONTEIRO;8.183.281,76;0,00;0;0;0,00;8.183.281,76;;;;
ES;3203130;JOAO NEIVA;12.761.897,23;0,00;0;0;0,00;12.761.897,23;;;;
ES;3203163;LARANJA DA TERRA;6.822.510,10;0,00;0;0;0,00;6.822.510,10;;;;
ES;3203205;LINHARES;157.530.268,75;0,00;0;0;0,00;157.530.268,75;;;;
ES;3203304;MANTENOPOLIS;9.501.343,46;0,00;0;0;0,00;9.501.343,46;;;;
ES;3203320;MARATAIZES;45.325.536,01;0,00;0;0;0,00;45.325.536,01;;;;
ES;3203346;MARECHAL FLORIANO;14.481.108,15;0,00;0;0;0,00;14.481.108,15;;;;
ES;3203353;MARILANDIA;8.258.429,65;0,00;0;0;0,00;8.258.429,65;;;;
ES;3203403;MIMOSO DO SUL;15.844.582,97;0,00;0;0;0,00;15.844.582,97;;;;
ES;3203502;MONTANHA;17.716.522,52;0,00;0;0;0,00;17.716.522,52;;;;
ES;3203601;MUCURICI;3.987.163,67;0,00;0;0;0,00;3.987.163,67;;;;
ES;3203700;MUNIZ FREIRE;14.372.981,68;0,00;0;0;0,00;14.372.981,68;;;;
ES;3203809;MUQUI;9.004.502,31;0,00;0;0;0,00;9.004.502,31;;;;
ES;3203908;NOVA VENECIA;42.260.691,15;0,00;0;0;0,00;42.260.691,15;;;;
ES;3204005;PANCAS;11.784.433,92;0,00;0;0;0,00;11.784.433,92;;;;
ES;3204054;PEDRO CANARIO;16.037.318,40;0,00;0;0;0,00;16.037.318,40;;;;
ES;3204104;PINHEIROS;22.098.888,45;0,00;0;0;0,00;22.098.888,45;;;;
ES;3204203;PIUMA;21.205.493,47;0,00;0;0;0,00;21.205.493,47;;;;
ES;3204252;PONTO BELO;4.980.845,95;0,00;0;0;0,00;4.980.845,95;;;;
ES;3204302;PRESIDENTE KENNEDY;18.368.795,47;0,00;0;0;0,00;18.368.795,47;;;;
ES;3204351;RIO BANANAL;21.001.404,75;0,00;0;0;0,00;21.001.404,75;;;;
ES;3204401;RIO NOVO DO SUL;7.494.245,81;0,00;0;0;0,00;7.494.245,81;;;;
ES;3204500;SANTA LEOPOLDINA;7.226.362,47;0,00;0;0;0,00;7.226.362,47;;;;
ES;3204559;SANTA MARIA DE JETIBA;24.784.209,40;0,00;0;0;0,00;24.784.209,40;;;;
ES;3204609;SANTA TERESA;17.909.528,28;0,00;0;0;0,00;17.909.528,28;;;;
ES;3204658;SAO DOMINGOS DO NORTE;8.154.357,92;0,00;0;0;0,00;8.154.357,92;;;;
ES;3204708;SAO GABRIEL DA PALHA;23.481.015,09;0,00;0;0;0,00;23.481.015,09;;;;
ES;3204807;SAO JOSE DO CALCADO;7.705.092,43;0,00;0;0;0,00;7.705.092,43;;;;
ES;3204906;SAO MATEUS;102.845.575,59;0,00;0;0;0,00;102.845.575,59;;;;
ES;3204955;SAO ROQUE DO CANAA;4.572.127,89;0,00;0;0;0,00;4.572.127,89;;;;
ES;3205002;SERRA;378.981.123,60;0,00;0;0;0,00;378.981.123,60;;;;
ES;3205010;SOORETAMA;28.435.910,69;0,00;0;0;0,00;28.435.910,69;;;;
ES;3205036;VARGEM ALTA;16.326.556,72;0,00;0;0;0,00;16.326.556,72;;;;
ES;3205069;VENDA NOVA DO IMIGRANTE;13.783.422,08;0,00;0;0;0,00;13.783.422,08;;;;
ES;3205101;VIANA;79.234.808,74;0,00;0;0;0,00;79.234.808,74;;;;
ES;3205150;VILA PAVAO;7.666.166,90;0,00;0;0;0,00;7.666.166,90;;;;
ES;3205176;VILA VALERIO;13.025.185,19;0,00;0;0;0,00;13.025.185,19;;;;
ES;3205200;VILA VELHA;319.786.745,60;0,00;0;0;0,00;319.786.745,60;;;;
ES;3205309;VITORIA;257.657.274,50;0,00;0;0;0,00;257.657.274,50;;;;
GO;5200050;ABADIA DE GOIAS;16.616.874,35;0,00;0;0;0,00;16.616.874,35;;;;
GO;5200100;ABADIANIA;7.966.614,46;0,00;0;0;0,00;7.966.614,46;;;;
GO;5200134;ACREUNA;12.929.193,70;0,00;0;0;0,00;12.929.193,70;;;;
GO;5200159;ADELANDIA;1.435.941,42;0,00;0;0;0,00;1.435.941,42;;;;
GO;5200175;AGUA FRIA DE GOIAS;3.804.386,64;0,00;0;0;0,00;3.804.386,64;;;;
GO;5200209;AGUA LIMPA;1.354.132,81;0,00;0;0;0,00;1.354.132,81;;;;
GO;5200258;AGUAS LINDAS DE GOIAS;127.812.516,88;0,00;0;0;0,00;127.812.516,88;;;;
GO;5200308;ALEXANIA;19.019.072,77;0,00;0;0;0,00;19.019.072,77;;;;
GO;5200506;ALOANDIA;368.996,90;0,00;0;0;0,00;368.996,90;;;;
GO;5200555;ALTO HORIZONTE;8.725.489,48;0,00;0;0;0,00;8.725.489,48;;;;
GO;5200605;ALTO PARAISO DE GOIAS;5.897.371,38;0,00;0;0;0,00;5.897.371,38;;;;
GO;5200803;ALVORADA DO NORTE;8.292.704,74;0,00;0;0;0,00;8.292.704,74;;;;
GO;5200829;AMARALINA;2.195.960,62;0,00;0;0;0,00;2.195.960,62;;;;
GO;5200852;AMERICANO DO BRASIL;3.100.146,05;0,00;0;0;0,00;3.100.146,05;;;;
GO;5200902;AMORINOPOLIS;1.709.971,68;0,00;0;0;0,00;1.709.971,68;;;;
GO;5201108;ANAPOLIS;218.384.093,15;0,00;0;0;0,00;218.384.093,15;;;;
GO;5201207;ANHANGUERA;617.283,18;0,00;0;0;0,00;617.283,18;;;;
GO;5201306;ANICUNS;8.232.349,44;0,00;0;0;0,00;8.232.349,44;;;;
GO;5201405;APARECIDA DE GOIANIA;287.489.203,26;0,00;0;0;0,00;287.489.203,26;;;;
GO;5201454;APARECIDA DO RIO DOCE;3.701.982,85;0,00;0;0;0,00;3.701.982,85;;;;
GO;5201504;APORE;4.057.821,72;0,00;0;0;0,00;4.057.821,72;;;;
GO;5201603;ARACU;1.691.092,77;0,00;0;0;0,00;1.691.092,77;;;;
GO;5201702;ARAGARCAS;12.696.925,88;0,00;0;0;0,00;12.696.925,88;;;;
GO;5201801;ARAGOIANIA;8.257.235,28;0,00;0;0;0,00;8.257.235,28;;;;
GO;5202155;ARAGUAPAZ;4.814.408,39;0,00;0;0;0,00;4.814.408,39;;;;
GO;5202353;ARENOPOLIS;2.285.492,43;0,00;0;0;0,00;2.285.492,43;;;;
GO;5202502;ARUANA;5.560.125,38;0,00;0;0;0,00;5.560.125,38;;;;
GO;5202601;AURILANDIA;1.416.490,42;0,00;0;0;0,00;1.416.490,42;;;;
GO;5202809;AVELINOPOLIS;2.584.122,48;0,00;0;0;0,00;2.584.122,48;;;;
GO;5203104;BALIZA;1.904.767,72;0,00;0;0;0,00;1.904.767,72;;;;
GO;5203203;BARRO ALTO;12.425.756,07;0,00;0;0;0,00;12.425.756,07;;;;
GO;5203302;BELA VISTA DE GOIAS;15.575.387,75;0,00;0;0;0,00;15.575.387,75;;;;
GO;5203401;BOM JARDIM DE GOIAS;3.817.544,67;0,00;0;0;0,00;3.817.544,67;;;;
GO;5203500;BOM JESUS DE GOIAS;19.037.951,68;0,00;0;0;0,00;19.037.951,68;;;;
GO;5203559;BONFINOPOLIS;6.558.991,41;0,00;0;0;0,00;6.558.991,41;;;;
GO;5203575;BONOPOLIS;1.969.127,64;0,00;0;0;0,00;1.969.127,64;;;;
GO;5203609;BRAZABRANTES;2.488.011,65;0,00;0;0;0,00;2.488.011,65;;;;
GO;5203807;BRITANIA;5.045.818,07;0,00;0;0;0,00;5.045.818,07;;;;
GO;5203906;BURITI ALEGRE;6.785.824,38;0,00;0;0;0,00;6.785.824,38;;;;
GO;5203939;BURITI DE GOIAS;2.086.405,73;0,00;0;0;0,00;2.086.405,73;;;;
GO;5203962;BURITINOPOLIS;3.388.478,51;0,00;0;0;0,00;3.388.478,51;;;;
GO;5204003;CABECEIRAS;4.812.406,08;0,00;0;0;0,00;4.812.406,08;;;;
GO;5204102;CACHOEIRA ALTA;7.640.238,14;0,00;0;0;0,00;7.640.238,14;;;;
GO;5204201;CACHOEIRA DE GOIAS;838.681,32;0,00;0;0;0,00;838.681,32;;;;
GO;5204250;CACHOEIRA DOURADA;6.196.859,56;0,00;0;0;0,00;6.196.859,56;;;;
GO;5204300;CACU;10.494.672,29;0,00;0;0;0,00;10.494.672,29;;;;
GO;5204409;CAIAPONIA;8.319.306,85;0,00;0;0;0,00;8.319.306,85;;;;
GO;5204508;CALDAS NOVAS;61.883.354,50;0,00;0;0;0,00;61.883.354,50;;;;
GO;5204557;CALDAZINHA;2.668.219,45;0,00;0;0;0,00;2.668.219,45;;;;
GO;5204607;CAMPESTRE DE GOIAS;3.119.024,96;0,00;0;0;0,00;3.119.024,96;;;;
GO;5204656;CAMPINACU;3.478.010,32;0,00;0;0;0,00;3.478.010,32;;;;
GO;5204706;CAMPINORTE;6.021.800,57;0,00;0;0;0,00;6.021.800,57;;;;
GO;5204805;CAMPO ALEGRE DE GOIAS;5.070.989,96;0,00;0;0;0,00;5.070.989,96;;;;
GO;5204854;CAMPO LIMPO DE GOIAS;5.731.751,84;0,00;0;0;0,00;5.731.751,84;;;;
GO;5204904;CAMPOS BELOS;17.624.035,65;0,00;0;0;0,00;17.624.035,65;;;;
GO;5204953;CAMPOS VERDES;2.627.029,09;0,00;0;0;0,00;2.627.029,09;;;;
GO;5205000;CARMO DO RIO VERDE;5.606.178,48;0,00;0;0;0,00;5.606.178,48;;;;
GO;5205059;CASTELANDIA;2.037.206,14;0,00;0;0;0,00;2.037.206,14;;;;
GO;5205109;CATALAO;51.941.033,39;0,00;0;0;0,00;51.941.033,39;;;;
GO;5205208;CATURAI;3.014.904,91;0,00;0;0;0,00;3.014.904,91;;;;
GO;5205307;CAVALCANTE;7.273.529,59;0,00;0;0;0,00;7.273.529,59;;;;
GO;5205406;CERES;10.784.434,97;0,00;0;0;0,00;10.784.434,97;;;;
GO;5205455;CEZARINA;4.552.391,98;0,00;0;0;0,00;4.552.391,98;;;;
GO;5205471;CHAPADAO DO CEU;17.703.841,96;0,00;0;0;0,00;17.703.841,96;;;;
GO;5205497;CIDADE OCIDENTAL;78.529.405,35;0,00;0;0;0,00;78.529.405,35;;;;
GO;5205513;COCALZINHO DE GOIAS;17.415.509,50;0,00;0;0;0,00;17.415.509,50;;;;
GO;5205521;COLINAS DO SUL;3.137.045,74;0,00;0;0;0,00;3.137.045,74;;;;
GO;5205703;CORREGO DO OURO;1.275.184,64;0,00;0;0;0,00;1.275.184,64;;;;
GO;5205802;CORUMBA DE GOIAS;4.412.230,37;0,00;0;0;0,00;4.412.230,37;;;;
GO;5205901;CORUMBAIBA;7.519.241,48;0,00;0;0;0,00;7.519.241,48;;;;
GO;5206206;CRISTALINA;55.943.076,51;0,00;0;0;0,00;55.943.076,51;;;;
GO;5206305;CRISTIANOPOLIS;3.690.541,09;0,00;0;0;0,00;3.690.541,09;;;;
GO;5206404;CRIXAS;10.225.218,75;0,00;0;0;0,00;10.225.218,75;;;;
GO;5206503;CROMINIA;2.381.889,29;0,00;0;0;0,00;2.381.889,29;;;;
GO;5206602;CUMARI;995.433,49;0,00;0;0;0,00;995.433,49;;;;
GO;5206701;DAMIANOPOLIS;2.300.938,80;0,00;0;0;0,00;2.300.938,80;;;;
GO;5206800;DAMOLANDIA;1.633.883,95;0,00;0;0;0,00;1.633.883,95;;;;
GO;5206909;DAVINOPOLIS;1.405.048,66;0,00;0;0;0,00;1.405.048,66;;;;
GO;5207105;DIORAMA;1.246.580,22;0,00;0;0;0,00;1.246.580,22;;;;
GO;5208301;DIVINOPOLIS DE GOIAS;3.597.862,80;0,00;0;0;0,00;3.597.862,80;;;;
GO;5207253;DOVERLANDIA;5.093.015,35;0,00;0;0;0,00;5.093.015,35;;;;
GO;5207352;EDEALINA;4.124.183,95;0,00;0;0;0,00;4.124.183,95;;;;
GO;5207402;EDEIA;7.050.987,27;0,00;0;0;0,00;7.050.987,27;;;;
GO;5207501;ESTRELA DO NORTE;2.985.728,40;0,00;0;0;0,00;2.985.728,40;;;;
GO;5207535;FAINA;4.129.618,79;0,00;0;0;0,00;4.129.618,79;;;;
GO;5207600;FAZENDA NOVA;2.107.859,03;0,00;0;0;0,00;2.107.859,03;;;;
GO;5207808;FIRMINOPOLIS;4.292.949,98;0,00;0;0;0,00;4.292.949,98;;;;
GO;5207907;FLORES DE GOIAS;8.636.815,81;0,00;0;0;0,00;8.636.815,81;;;;
GO;5208004;FORMOSA;79.739.371,93;0,00;0;0;0,00;79.739.371,93;;;;
GO;5208103;FORMOSO;2.633.322,07;0,00;0;0;0,00;2.633.322,07;;;;
GO;5208152;GAMELEIRA DE GOIAS;4.209.711,14;0,00;0;0;0,00;4.209.711,14;;;;
GO;5208400;GOIANAPOLIS;8.295.279,14;0,00;0;0;0,00;8.295.279,14;;;;
GO;5208509;GOIANDIRA;3.688.824,83;0,00;0;0;0,00;3.688.824,83;;;;
GO;5208608;GOIANESIA;44.374.594,63;0,00;0;0;0,00;44.374.594,63;;;;
GO;5208707;GOIANIA;676.875.899,26;0,00;0;0;0,00;676.875.899,26;;;;
GO;5208806;GOIANIRA;46.678.393,87;0,00;0;0;0,00;46.678.393,87;;;;
GO;5208905;GOIAS;10.952.056,82;0,00;0;0;0,00;10.952.056,82;;;;
GO;5209101;GOIATUBA;19.551.400,86;0,00;0;0;0,00;19.551.400,86;;;;
GO;5209150;GOUVELANDIA;3.308.386,16;0,00;0;0;0,00;3.308.386,16;;;;
GO;5209200;GUAPO;11.198.626,85;0,00;0;0;0,00;11.198.626,85;;;;
GO;5209291;GUARAITA;1.313.514,55;0,00;0;0;0,00;1.313.514,55;;;;
GO;5209408;GUARANI DE GOIAS;3.326.120,89;0,00;0;0;0,00;3.326.120,89;;;;
GO;5209457;GUARINOS;1.058.935,29;0,00;0;0;0,00;1.058.935,29;;;;
GO;5209606;HEITORAI;1.869.584,30;0,00;0;0;0,00;1.869.584,30;;;;
GO;5209705;HIDROLANDIA;20.223.890,56;0,00;0;0;0,00;20.223.890,56;;;;
GO;5209804;HIDROLINA;1.754.022,47;0,00;0;0;0,00;1.754.022,47;;;;
GO;5209903;IACIARA;7.941.442,58;0,00;0;0;0,00;7.941.442,58;;;;
GO;5209937;INACIOLANDIA;5.965.163,84;0,00;0;0;0,00;5.965.163,84;;;;
GO;5209952;INDIARA;14.081.665,41;0,00;0;0;0,00;14.081.665,41;;;;
GO;5210000;INHUMAS;28.304.922,66;0,00;0;0;0,00;28.304.922,66;;;;
GO;5210109;IPAMERI;19.918.681,49;0,00;0;0;0,00;19.918.681,49;;;;
GO;5210158;IPIRANGA DE GOIAS;1.887.605,07;0,00;0;0;0,00;1.887.605,07;;;;
GO;5210208;IPORA;16.109.146,05;0,00;0;0;0,00;16.109.146,05;;;;
GO;5210307;ISRAELANDIA;1.174.497,11;0,00;0;0;0,00;1.174.497,11;;;;
GO;5210406;ITABERAI;32.201.415,51;0,00;0;0;0,00;32.201.415,51;;;;
GO;5210562;ITAGUARI;3.458.845,36;0,00;0;0;0,00;3.458.845,36;;;;
GO;5210604;ITAGUARU;2.322.106,07;0,00;0;0;0,00;2.322.106,07;;;;
GO;5210802;ITAJA;3.219.140,40;0,00;0;0;0,00;3.219.140,40;;;;
GO;5210901;ITAPACI;13.866.846,29;0,00;0;0;0,00;13.866.846,29;;;;
GO;5211008;ITAPIRAPUA;5.025.794,99;0,00;0;0;0,00;5.025.794,99;;;;
GO;5211206;ITAPURANGA;12.575.643,18;0,00;0;0;0,00;12.575.643,18;;;;
GO;5211305;ITARUMA;3.970.578,27;0,00;0;0;0,00;3.970.578,27;;;;
GO;5211404;ITAUCU;4.892.498,43;0,00;0;0;0,00;4.892.498,43;;;;
GO;5211503;ITUMBIARA;81.699.346,16;0,00;0;0;0,00;81.699.346,16;;;;
GO;5211602;IVOLANDIA;793.772,40;0,00;0;0;0,00;793.772,40;;;;
GO;5211701;JANDAIA;3.965.715,52;0,00;0;0;0,00;3.965.715,52;;;;
GO;5211800;JARAGUA;25.523.143,71;0,00;0;0;0,00;25.523.143,71;;;;
GO;5211909;JATAI;62.733.477,60;0,00;0;0;0,00;62.733.477,60;;;;
GO;5212006;JAUPACI;1.699.674,09;0,00;0;0;0,00;1.699.674,09;;;;
GO;5212055;JESUPOLIS;1.647.041,98;0,00;0;0;0,00;1.647.041,98;;;;
GO;5212105;JOVIANIA;6.385.076,59;0,00;0;0;0,00;6.385.076,59;;;;
GO;5212204;JUSSARA;10.880.259,75;0,00;0;0;0,00;10.880.259,75;;;;
GO;5212253;LAGOA SANTA;1.331.249,28;0,00;0;0;0,00;1.331.249,28;;;;
GO;5212303;LEOPOLDO DE BULHOES;5.965.449,88;0,00;0;0;0,00;5.965.449,88;;;;
GO;5212501;LUZIANIA;124.803.046,81;0,00;0;0;0,00;124.803.046,81;;;;
GO;5212600;MAIRIPOTABA;1.732.283,12;0,00;0;0;0,00;1.732.283,12;;;;
GO;5212709;MAMBAI;5.821.283,65;0,00;0;0;0,00;5.821.283,65;;;;
GO;5212808;MARA ROSA;5.834.155,64;0,00;0;0;0,00;5.834.155,64;;;;
GO;5212907;MARZAGAO;1.552.647,42;0,00;0;0;0,00;1.552.647,42;;;;
GO;5212956;MATRINCHA;2.818.678,64;0,00;0;0;0,00;2.818.678,64;;;;
GO;5213004;MAURILANDIA;6.621.349,02;0,00;0;0;0,00;6.621.349,02;;;;
GO;5213053;MIMOSO DE GOIAS;1.373.011,72;0,00;0;0;0,00;1.373.011,72;;;;
GO;5213087;MINACU;18.444.410,16;0,00;0;0;0,00;18.444.410,16;;;;
GO;5213103;MINEIROS;47.830.579,55;0,00;0;0;0,00;47.830.579,55;;;;
GO;5213400;MOIPORA;787.193,38;0,00;0;0;0,00;787.193,38;;;;
GO;5213509;MONTE ALEGRE DE GOIAS;4.614.177,52;0,00;0;0;0,00;4.614.177,52;;;;
GO;5213707;MONTES CLAROS DE GOIAS;6.539.254,36;0,00;0;0;0,00;6.539.254,36;;;;
GO;5213756;MONTIVIDIU;11.641.709,17;0,00;0;0;0,00;11.641.709,17;;;;
GO;5213772;MONTIVIDIU DO NORTE;3.074.402,08;0,00;0;0;0,00;3.074.402,08;;;;
GO;5213806;MORRINHOS;27.532.889,61;0,00;0;0;0,00;27.532.889,61;;;;
GO;5213855;MORRO AGUDO DE GOIAS;2.314.668,92;0,00;0;0;0,00;2.314.668,92;;;;
GO;5213905;MOSSAMEDES;3.335.274,30;0,00;0;0;0,00;3.335.274,30;;;;
GO;5214002;MOZARLANDIA;12.205.502,11;0,00;0;0;0,00;12.205.502,11;;;;
GO;5214051;MUNDO NOVO;3.844.718,86;0,00;0;0;0,00;3.844.718,86;;;;
GO;5214101;MUTUNOPOLIS;2.111.577,61;0,00;0;0;0,00;2.111.577,61;;;;
GO;5214408;NAZARIO;5.992.051,98;0,00;0;0;0,00;5.992.051,98;;;;
GO;5214507;NEROPOLIS;17.934.393,51;0,00;0;0;0,00;17.934.393,51;;;;
GO;5214606;NIQUELANDIA;20.669.547,27;0,00;0;0;0,00;20.669.547,27;;;;
GO;5214705;NOVA AMERICA;2.138.465,75;0,00;0;0;0,00;2.138.465,75;;;;
GO;5214804;NOVA AURORA;1.314.658,72;0,00;0;0;0,00;1.314.658,72;;;;
GO;5214838;NOVA CRIXAS;9.141.969,70;0,00;0;0;0,00;9.141.969,70;;;;
GO;5214861;NOVA GLORIA;3.845.004,91;0,00;0;0;0,00;3.845.004,91;;;;
GO;5214879;NOVA IGUACU DE GOIAS;1.612.144,60;0,00;0;0;0,00;1.612.144,60;;;;
GO;5214903;NOVA ROMA;2.059.231,54;0,00;0;0;0,00;2.059.231,54;;;;
GO;5215009;NOVA VENEZA;4.885.633,37;0,00;0;0;0,00;4.885.633,37;;;;
GO;5215207;NOVO BRASIL;1.735.143,56;0,00;0;0;0,00;1.735.143,56;;;;
GO;5215231;NOVO GAMA;56.845.831,71;0,00;0;0;0,00;56.845.831,71;;;;
GO;5215256;NOVO PLANALTO;2.709.981,89;0,00;0;0;0,00;2.709.981,89;;;;
GO;5215306;ORIZONA;11.331.065,26;0,00;0;0;0,00;11.331.065,26;;;;
GO;5215405;OURO VERDE DE GOIAS;2.953.691,46;0,00;0;0;0,00;2.953.691,46;;;;
GO;5215504;OUVIDOR;3.740.884,85;0,00;0;0;0,00;3.740.884,85;;;;
GO;5215603;PADRE BERNARDO;30.397.335,31;0,00;0;0;0,00;30.397.335,31;;;;
GO;5215652;PALESTINA DE GOIAS;1.960.546,32;0,00;0;0;0,00;1.960.546,32;;;;
GO;5215702;PALMEIRAS DE GOIAS;19.741.048,10;0,00;0;0;0,00;19.741.048,10;;;;
GO;5215801;PALMELO;1.003.442,73;0,00;0;0;0,00;1.003.442,73;;;;
GO;5215900;PALMINOPOLIS;2.609.294,36;0,00;0;0;0,00;2.609.294,36;;;;
GO;5216007;PANAMA;1.459.397,04;0,00;0;0;0,00;1.459.397,04;;;;
GO;5216304;PARANAIGUARA;5.516.646,67;0,00;0;0;0,00;5.516.646,67;;;;
GO;5216403;PARAUNA;8.155.403,58;0,00;0;0;0,00;8.155.403,58;;;;
GO;5216452;PEROLANDIA;2.548.080,92;0,00;0;0;0,00;2.548.080,92;;;;
GO;5216809;PETROLINA DE GOIAS;3.566.970,03;0,00;0;0;0,00;3.566.970,03;;;;
GO;5216908;PILAR DE GOIAS;1.926.221,02;0,00;0;0;0,00;1.926.221,02;;;;
GO;5217104;PIRACANJUBA;14.763.022,48;0,00;0;0;0,00;14.763.022,48;;;;
GO;5217203;PIRANHAS;4.992.613,87;0,00;0;0;0,00;4.992.613,87;;;;
GO;5217302;PIRENOPOLIS;15.301.357,49;0,00;0;0;0,00;15.301.357,49;;;;
GO;5217401;PIRES DO RIO;13.347.390,19;0,00;0;0;0,00;13.347.390,19;;;;
GO;5217609;PLANALTINA;103.830.864,88;0,00;0;0;0,00;103.830.864,88;;;;
GO;5217708;PONTALINA;10.726.654,07;0,00;0;0;0,00;10.726.654,07;;;;
GO;5218003;PORANGATU;32.205.992,22;0,00;0;0;0,00;32.205.992,22;;;;
GO;5218052;PORTEIRAO;2.843.278,44;0,00;0;0;0,00;2.843.278,44;;;;
GO;5218102;PORTELANDIA;2.334.692,02;0,00;0;0;0,00;2.334.692,02;;;;
GO;5218300;POSSE;24.413.292,56;0,00;0;0;0,00;24.413.292,56;;;;
GO;5218391;PROFESSOR JAMIL;1.290.631,01;0,00;0;0;0,00;1.290.631,01;;;;
GO;5218508;QUIRINOPOLIS;36.851.920,62;0,00;0;0;0,00;36.851.920,62;;;;
GO;5218607;RIALMA;7.051.559,36;0,00;0;0;0,00;7.051.559,36;;;;
GO;5218706;RIANAPOLIS;2.303.227,16;0,00;0;0;0,00;2.303.227,16;;;;
GO;5218789;RIO QUENTE;3.633.904,35;0,00;0;0;0,00;3.633.904,35;;;;
GO;5218805;RIO VERDE;150.660.862,12;0,00;0;0;0,00;150.660.862,12;;;;
GO;5218904;RUBIATABA;13.345.673,93;0,00;0;0;0,00;13.345.673,93;;;;
GO;5219001;SANCLERLANDIA;5.423.396,29;0,00;0;0;0,00;5.423.396,29;;;;
GO;5219100;SANTA BARBARA DE GOIAS;4.294.094,15;0,00;0;0;0,00;4.294.094,15;;;;
GO;5219209;SANTA CRUZ DE GOIAS;1.195.664,38;0,00;0;0;0,00;1.195.664,38;;;;
GO;5219258;SANTA FE DE GOIAS;3.439.966,44;0,00;0;0;0,00;3.439.966,44;;;;
GO;5219308;SANTA HELENA DE GOIAS;20.004.208,68;0,00;0;0;0,00;20.004.208,68;;;;
GO;5219357;SANTA ISABEL;1.708.255,42;0,00;0;0;0,00;1.708.255,42;;;;
GO;5219407;SANTA RITA DO ARAGUAIA;3.544.658,59;0,00;0;0;0,00;3.544.658,59;;;;
GO;5219456;SANTA RITA DO NOVO DESTINO;1.374.727,98;0,00;0;0;0,00;1.374.727,98;;;;
GO;5219506;SANTA ROSA DE GOIAS;1.386.169,75;0,00;0;0;0,00;1.386.169,75;;;;
GO;5219605;SANTA TEREZA DE GOIAS;2.546.364,66;0,00;0;0;0,00;2.546.364,66;;;;
GO;5219704;SANTA TEREZINHA DE GOIAS;8.026.111,64;0,00;0;0;0,00;8.026.111,64;;;;
GO;5219712;SANTO ANTONIO DA BARRA;2.815.818,20;0,00;0;0;0,00;2.815.818,20;;;;
GO;5219738;SANTO ANTONIO DE GOIAS;5.070.417,87;0,00;0;0;0,00;5.070.417,87;;;;
GO;5219753;SANTO ANTONIO DO DESCOBERTO;56.337.531,33;0,00;0;0;0,00;56.337.531,33;;;;
GO;5219803;SAO DOMINGOS;7.333.312,81;0,00;0;0;0,00;7.333.312,81;;;;
GO;5219902;SAO FRANCISCO DE GOIAS;3.993.747,84;0,00;0;0;0,00;3.993.747,84;;;;
GO;5220058;SAO JOAO DA PARAUNA;1.043.488,91;0,00;0;0;0,00;1.043.488,91;;;;
GO;5220009;SAO JOAO DALIANCA;9.440.599,75;0,00;0;0;0,00;9.440.599,75;;;;
GO;5220108;SAO LUIS DE MONTES BELOS;21.077.160,13;0,00;0;0;0,00;21.077.160,13;;;;
GO;5220157;SAO LUIZ DO NORTE;3.430.240,95;0,00;0;0;0,00;3.430.240,95;;;;
GO;5220207;SAO MIGUEL DO ARAGUAIA;13.620.848,35;0,00;0;0;0,00;13.620.848,35;;;;
GO;5220264;SAO MIGUEL DO PASSA QUATRO;4.395.067,73;0,00;0;0;0,00;4.395.067,73;;;;
GO;5220280;SAO PATRICIO;1.143.032,26;0,00;0;0;0,00;1.143.032,26;;;;
GO;5220405;SAO SIMAO;14.947.520,93;0,00;0;0;0,00;14.947.520,93;;;;
GO;5220454;SENADOR CANEDO;142.814.386,19;0,00;0;0;0,00;142.814.386,19;;;;
GO;5220504;SERRANOPOLIS;5.252.055,87;0,00;0;0;0,00;5.252.055,87;;;;
GO;5220603;SILVANIA;11.930.899,76;0,00;0;0;0,00;11.930.899,76;;;;
GO;5220686;SIMOLANDIA;4.812.978,17;0,00;0;0;0,00;4.812.978,17;;;;
GO;5220702;SITIO DABADIA;1.867.868,03;0,00;0;0;0,00;1.867.868,03;;;;
GO;5221007;TAQUARAL DE GOIAS;1.905.625,85;0,00;0;0;0,00;1.905.625,85;;;;
GO;5221080;TERESINA DE GOIAS;2.113.293,87;0,00;0;0;0,00;2.113.293,87;;;;
GO;5221197;TEREZOPOLIS DE GOIAS;4.708.858,11;0,00;0;0;0,00;4.708.858,11;;;;
GO;5221304;TRES RANCHOS;1.688.804,42;0,00;0;0;0,00;1.688.804,42;;;;
GO;5221403;TRINDADE;83.862.697,75;0,00;0;0;0,00;83.862.697,75;;;;
GO;5221452;TROMBAS;1.819.812,62;0,00;0;0;0,00;1.819.812,62;;;;
GO;5221502;TURVANIA;2.906.208,14;0,00;0;0;0,00;2.906.208,14;;;;
GO;5221551;TURVELANDIA;5.139.354,49;0,00;0;0;0,00;5.139.354,49;;;;
GO;5221577;UIRAPURU;1.966.839,29;0,00;0;0;0,00;1.966.839,29;;;;
GO;5221601;URUACU;18.157.221,87;0,00;0;0;0,00;18.157.221,87;;;;
GO;5221700;URUANA;8.145.392,03;0,00;0;0;0,00;8.145.392,03;;;;
GO;5221809;URUTAI;1.956.541,70;0,00;0;0;0,00;1.956.541,70;;;;
GO;5221858;VALPARAISO DE GOIAS;149.200.034,87;0,00;0;0;0,00;149.200.034,87;;;;
GO;5221908;VARJAO;1.832.970,65;0,00;0;0;0,00;1.832.970,65;;;;
GO;5222005;VIANOPOLIS;9.079.898,14;0,00;0;0;0,00;9.079.898,14;;;;
GO;5222054;VICENTINOPOLIS;7.243.208,91;0,00;0;0;0,00;7.243.208,91;;;;
GO;5222203;VILA BOA;5.990.049,67;0,00;0;0;0,00;5.990.049,67;;;;
GO;5222302;VILA PROPICIO;4.509.771,41;0,00;0;0;0,00;4.509.771,41;;;;
MA;2100055;ACAILANDIA;61.906.648,29;44.350.504,90;0;0;44.350.504,90;106.257.153,19;;;;
MA;2100105;AFONSO CUNHA;8.616.368,25;6.172.847,23;0;0;6.172.847,23;14.789.215,48;;;;
MA;2100154;AGUA DOCE DO MARANHAO;12.033.626,47;8.621.003,15;0;0;8.621.003,15;20.654.629,62;;;;
MA;2100204;ALCANTARA;14.662.620,00;10.504.438,83;0;0;10.504.438,83;25.167.058,83;;;;
MA;2100303;ALDEIAS ALTAS;29.225.567,48;20.937.471,32;0;0;20.937.471,32;50.163.038,80;;;;
MA;2100402;ALTAMIRA DO MARANHAO;7.056.127,17;5.055.075,85;0;0;5.055.075,85;12.111.203,02;;;;
MA;2100436;ALTO ALEGRE DO MARANHAO;20.695.721,55;14.826.609,50;0;0;14.826.609,50;35.522.331,05;;;;
MA;2100477;ALTO ALEGRE DO PINDARE;25.679.795,95;18.397.247,27;0;0;18.397.247,27;44.077.043,22;;;;
MA;2100501;ALTO PARNAIBA;7.078.542,28;5.071.134,24;0;0;5.071.134,24;12.149.676,52;;;;
MA;2100550;AMAPA DO MARANHAO;6.305.818,72;4.517.547,82;0;0;4.517.547,82;10.823.366,54;;;;
MA;2100600;AMARANTE DO MARANHAO;26.759.457,08;19.170.726,65;0;0;19.170.726,65;45.930.183,73;;;;
MA;2100709;ANAJATUBA;17.067.312,98;12.227.183,50;0;0;12.227.183,50;29.294.496,48;;;;
MA;2100808;ANAPURUS;15.736.901,49;11.274.064,20;0;0;11.274.064,20;27.010.965,69;;;;
MA;2100832;APICUM-ACU;14.614.053,92;10.469.645,64;0;0;10.469.645,64;25.083.699,56;;;;
MA;2100873;ARAGUANA;12.622.247,26;9.042.696,62;0;0;9.042.696,62;21.664.943,88;;;;
MA;2100907;ARAIOSES;31.643.858,96;22.669.958,09;0;0;22.669.958,09;54.313.817,05;;;;
MA;2100956;ARAME;19.555.240,75;14.009.558,34;0;0;14.009.558,34;33.564.799,09;;;;
MA;2101004;ARARI;20.460.362,89;14.657.996,35;0;0;14.657.996,35;35.118.359,24;;;;
MA;2101103;AXIXA;8.943.628,86;6.407.299,80;0;0;6.407.299,80;15.350.928,66;;;;
MA;2101202;BACABAL;59.867.471,02;42.889.619,13;0;0;42.889.619,13;102.757.090,15;;;;
MA;2101251;BACABEIRA;14.080.275,44;10.087.241,71;0;0;10.087.241,71;24.167.517,15;;;;
MA;2101301;BACURI;16.564.467,36;11.866.940,16;0;0;11.866.940,16;28.431.407,52;;;;
MA;2101350;BACURITUBA;4.588.372,99;3.287.153,56;0;0;3.287.153,56;7.875.526,55;;;;
MA;2101400;BALSAS;54.128.156,84;38.777.920,50;0;0;38.777.920,50;92.906.077,34;;;;
MA;2101509;BARAO DE GRAJAU;9.085.740,65;6.509.110,03;0;0;6.509.110,03;15.594.850,68;;;;
MA;2101608;BARRA DO CORDA;57.823.511,86;41.425.307,58;0;0;41.425.307,58;99.248.819,44;;;;
MA;2101707;BARREIRINHAS;50.070.723,08;35.871.136,80;0;0;35.871.136,80;85.941.859,88;;;;
MA;2101772;BELA VISTA DO MARANHAO;15.980.628,47;11.448.672,48;0;0;11.448.672,48;27.429.300,95;;;;
MA;2101731;BELAGUA;14.902.162,80;10.676.049,55;0;0;10.676.049,55;25.578.212,35;;;;
MA;2101806;BENEDITO LEITE;3.283.813,60;2.352.554,94;0;0;2.352.554,94;5.636.368,54;;;;
MA;2101905;BEQUIMAO;11.203.819,10;8.026.521,35;0;0;8.026.521,35;19.230.340,45;;;;
MA;2101939;BERNARDO DO MEARIM;4.034.271,48;2.890.190,02;0;0;2.890.190,02;6.924.461,50;;;;
MA;2101970;BOA VISTA DO GURUPI;8.908.063,55;6.381.820,48;0;0;6.381.820,48;15.289.884,03;;;;
MA;2102002;BOM JARDIM;34.473.542,44;24.697.169,93;0;0;24.697.169,93;59.170.712,37;;;;
MA;2102036;BOM JESUS DAS SELVAS;25.107.314,04;17.987.115,85;0;0;17.987.115,85;43.094.429,89;;;;
MA;2102077;BOM LUGAR;9.519.398,31;6.819.786,45;0;0;6.819.786,45;16.339.184,76;;;;
MA;2102101;BREJO;30.534.908,76;21.875.495,73;0;0;21.875.495,73;52.410.404,49;;;;
MA;2102150;BREJO DE AREIA;8.435.553,03;6.043.309,50;0;0;6.043.309,50;14.478.862,53;;;;
MA;2102200;BURITI;33.552.430,85;24.037.276,93;0;0;24.037.276,93;57.589.707,78;;;;
MA;2102309;BURITI BRAVO;16.652.932,33;11.930.317,29;0;0;11.930.317,29;28.583.249,62;;;;
MA;2102325;BURITICUPU;48.848.053,55;34.995.204,85;0;0;34.995.204,85;83.843.258,40;;;;
MA;2102358;BURITIRANA;10.098.007,01;7.234.307,17;0;0;7.234.307,17;17.332.314,18;;;;
MA;2102374;CACHOEIRA GRANDE;10.533.308,45;7.546.161,21;0;0;7.546.161,21;18.079.469,66;;;;
MA;2102408;CAJAPIO;7.012.044,11;5.023.494,34;0;0;5.023.494,34;12.035.538,45;;;;
MA;2102507;CAJARI;16.182.962,18;11.593.626,27;0;0;11.593.626,27;27.776.588,45;;;;
MA;2102556;CAMPESTRE DO MARANHAO;8.868.463,51;6.353.450,65;0;0;6.353.450,65;15.221.914,16;;;;
MA;2102606;CANDIDO MENDES;19.442.567,46;13.928.838,14;0;0;13.928.838,14;33.371.405,60;;;;
MA;2102705;CANTANHEDE;17.295.050,51;12.390.336,79;0;0;12.390.336,79;29.685.387,30;;;;
MA;2102754;CAPINZAL DO NORTE;9.147.755,79;6.553.538,26;0;0;6.553.538,26;15.701.294,05;;;;
MA;2102804;CAROLINA;22.025.087,00;15.778.979,41;0;0;15.778.979,41;37.804.066,41;;;;
MA;2102903;CARUTAPERA;20.415.980,97;14.626.200,73;0;0;14.626.200,73;35.042.181,70;;;;
MA;2103000;CAXIAS;100.810.313,04;72.221.456,12;0;0;72.221.456,12;173.031.769,16;;;;
MA;2103109;CEDRAL;7.010.250,91;5.022.209,66;0;0;5.022.209,66;12.032.460,57;;;;
MA;2103125;CENTRAL DO MARANHAO;8.497.717,59;6.087.844,79;0;0;6.087.844,79;14.585.562,38;;;;
MA;2103158;CENTRO DO GUILHERME;18.654.751,07;13.364.439,07;0;0;13.364.439,07;32.019.190,14;;;;
MA;2103174;CENTRO NOVO DO MARANHAO;18.219.001,33;13.052.263,86;0;0;13.052.263,86;31.271.265,19;;;;
MA;2103208;CHAPADINHA;64.864.396,76;46.469.463,71;0;0;46.469.463,71;111.333.860,47;;;;
MA;2103257;CIDELANDIA;10.132.675,72;7.259.144,15;0;0;7.259.144,15;17.391.819,87;;;;
MA;2103307;CODO;83.048.281,09;59.496.569,41;0;0;59.496.569,41;142.544.850,50;;;;
MA;2103406;COELHO NETO;39.595.245,62;28.366.406,25;0;0;28.366.406,25;67.961.651,87;;;;
MA;2103505;COLINAS;28.824.337,00;20.650.026,05;0;0;20.650.026,05;49.474.363,05;;;;
MA;2103554;CONCEICAO DO LAGO-ACU;18.643.095,21;13.356.088,70;0;0;13.356.088,70;31.999.183,91;;;;
MA;2103604;COROATA;47.112.526,31;33.751.856,82;0;0;33.751.856,82;80.864.383,13;;;;
MA;2103703;CURURUPU;20.305.997,50;14.547.407,53;0;0;14.547.407,53;34.853.405,03;;;;
MA;2103752;DAVINOPOLIS;10.148.665,17;7.270.599,14;0;0;7.270.599,14;17.419.264,31;;;;
MA;2103802;DOM PEDRO;13.151.841,59;9.422.102,97;0;0;9.422.102,97;22.573.944,56;;;;
MA;2103901;DUQUE BACELAR;11.797.670,08;8.451.961,77;0;0;8.451.961,77;20.249.631,85;;;;
MA;2104008;ESPERANTINOPOLIS;13.827.134,13;9.905.888,90;0;0;9.905.888,90;23.733.023,03;;;;
MA;2104057;ESTREITO;21.944.691,47;15.721.383,30;0;0;15.721.383,30;37.666.074,77;;;;
MA;2104073;FEIRA NOVA DO MARANHAO;5.950.016,21;4.262.647,55;0;0;4.262.647,55;10.212.663,76;;;;
MA;2104081;FERNANDO FALCAO;7.022.355,06;5.030.881,20;0;0;5.030.881,20;12.053.236,26;;;;
MA;2104099;FORMOSA DA SERRA NEGRA;12.907.965,19;9.247.387,63;0;0;9.247.387,63;22.155.352,82;;;;
MA;2104107;FORTALEZA DOS NOGUEIRAS;9.923.318,59;7.109.158,74;0;0;7.109.158,74;17.032.477,33;;;;
MA;2104206;FORTUNA;14.055.917,68;10.069.791,59;0;0;10.069.791,59;24.125.709,27;;;;
MA;2104305;GODOFREDO VIANA;7.022.056,20;5.030.667,09;0;0;5.030.667,09;12.052.723,29;;;;
MA;2104404;GONCALVES DIAS;11.135.378,30;7.977.489,71;0;0;7.977.489,71;19.112.868,01;;;;
MA;2104503;GOVERNADOR ARCHER;7.872.037,17;5.639.601,44;0;0;5.639.601,44;13.511.638,61;;;;
MA;2104552;GOVERNADOR EDISON LOBAO;14.191.454,39;10.166.891,35;0;0;10.166.891,35;24.358.345,74;;;;
MA;2104602;GOVERNADOR EUGENIO BARROS;12.019.579,67;8.610.939,89;0;0;8.610.939,89;20.630.519,56;;;;
MA;2104628;GOVERNADOR LUIZ ROCHA;5.612.444,66;4.020.808,12;0;0;4.020.808,12;9.633.252,78;;;;
MA;2104651;GOVERNADOR NEWTON BELLO;11.303.192,76;8.097.713,57;0;0;8.097.713,57;19.400.906,33;;;;
MA;2104677;GOVERNADOR NUNES FREIRE;21.518.505,51;15.416.059,67;0;0;15.416.059,67;36.934.565,18;;;;
MA;2104701;GRACA ARANHA;4.445.812,90;3.185.022,16;0;0;3.185.022,16;7.630.835,06;;;;
MA;2104800;GRAJAU;63.088.372,88;45.197.103,51;0;0;45.197.103,51;108.285.476,39;;;;
MA;2104909;GUIMARAES;7.906.108,14;5.664.010,20;0;0;5.664.010,20;13.570.118,34;;;;
MA;2105005;HUMBERTO DE CAMPOS;25.621.666,09;18.355.602,50;0;0;18.355.602,50;43.977.268,59;;;;
MA;2105104;ICATU;20.845.454,48;14.933.879,58;0;0;14.933.879,58;35.779.334,06;;;;
MA;2105153;IGARAPE DO MEIO;22.338.001,94;16.003.154,61;0;0;16.003.154,61;38.341.156,55;;;;
MA;2105203;IGARAPE GRANDE;8.558.387,83;6.131.309,51;0;0;6.131.309,51;14.689.697,34;;;;
MA;2105302;IMPERATRIZ;136.795.082,19;98.001.283,07;0;0;98.001.283,07;234.796.365,26;;;;
MA;2105351;ITAIPAVA DO GRAJAU;11.192.760,98;8.018.599,21;0;0;8.018.599,21;19.211.360,19;;;;
MA;2105401;ITAPECURU MIRIM;48.958.186,47;35.074.105,10;0;0;35.074.105,10;84.032.291,57;;;;
MA;2105427;ITINGA DO MARANHAO;17.372.158,48;12.445.577,68;0;0;12.445.577,68;29.817.736,16;;;;
MA;2105450;JATOBA;6.483.944,12;4.645.158,54;0;0;4.645.158,54;11.129.102,66;;;;
MA;2105476;JENIPAPO DOS VIEIRAS;13.303.068,87;9.530.443,61;0;0;9.530.443,61;22.833.512,48;;;;
MA;2105500;JOAO LISBOA;21.770.003,04;15.596.234,87;0;0;15.596.234,87;37.366.237,91;;;;
MA;2105609;JOSELANDIA;9.989.219,02;7.156.370,42;0;0;7.156.370,42;17.145.589,44;;;;
MA;2105658;JUNCO DO MARANHAO;5.266.654,22;3.773.080,61;0;0;3.773.080,61;9.039.734,83;;;;
MA;2105708;LAGO DA PEDRA;28.473.017,52;20.398.337,46;0;0;20.398.337,46;48.871.354,98;;;;
MA;2105807;LAGO DO JUNCO;10.146.722,51;7.269.207,42;0;0;7.269.207,42;17.415.929,93;;;;
MA;2105948;LAGO DOS RODRIGUES;6.447.631,65;4.619.143,93;0;0;4.619.143,93;11.066.775,58;;;;
MA;2105906;LAGO VERDE;12.989.855,06;9.306.054,30;0;0;9.306.054,30;22.295.909,36;;;;
MA;2105922;LAGOA DO MATO;7.532.224,10;5.396.156,17;0;0;5.396.156,17;12.928.380,27;;;;
MA;2105963;LAGOA GRANDE DO MARANHAO;8.547.180,28;6.123.280,31;0;0;6.123.280,31;14.670.460,59;;;;
MA;2105989;LAJEADO NOVO;6.562.695,88;4.701.577,03;0;0;4.701.577,03;11.264.272,91;;;;
MA;2106003;LIMA CAMPOS;9.865.786,47;7.067.942,19;0;0;7.067.942,19;16.933.728,66;;;;
MA;2106102;LORETO;7.999.653,86;5.731.027,24;0;0;5.731.027,24;13.730.681,10;;;;
MA;2106201;LUIS DOMINGUES;6.394.283,69;4.580.924,95;0;0;4.580.924,95;10.975.208,64;;;;
MA;2106300;MAGALHAES DE ALMEIDA;17.894.878,85;12.820.059,46;0;0;12.820.059,46;30.714.938,31;;;;
MA;2106326;MARACACUME;19.426.727,46;13.917.490,21;0;0;13.917.490,21;33.344.217,67;;;;
MA;2106359;MARAJA DO SENA;7.258.012,59;5.199.708,46;0;0;5.199.708,46;12.457.721,05;;;;
MA;2106375;MARANHAOZINHO;19.376.218,74;13.881.305,29;0;0;13.881.305,29;33.257.524,03;;;;
MA;2106409;MATA ROMA;14.035.295,78;10.055.017,87;0;0;10.055.017,87;24.090.313,65;;;;
MA;2106508;MATINHA;18.058.359,72;12.937.178,69;0;0;12.937.178,69;30.995.538,41;;;;
MA;2106607;MATOES;31.682.861,25;22.697.899,69;0;0;22.697.899,69;54.380.760,94;;;;
MA;2106631;MATOES DO NORTE;10.362.206,44;7.423.582,13;0;0;7.423.582,13;17.785.788,57;;;;
MA;2106672;MILAGRES DO MARANHAO;8.840.369,91;6.333.324,13;0;0;6.333.324,13;15.173.694,04;;;;
MA;2106706;MIRADOR;13.973.280,65;10.010.589,64;0;0;10.010.589,64;23.983.870,29;;;;
MA;2106755;MIRANDA DO NORTE;16.108.394,58;11.540.205,34;0;0;11.540.205,34;27.648.599,92;;;;
MA;2106805;MIRINZAL;9.928.997,08;7.113.226,87;0;0;7.113.226,87;17.042.223,95;;;;
MA;2106904;MONCAO;28.435.509,56;20.371.466,41;0;0;20.371.466,41;48.806.975,97;;;;
MA;2107001;MONTES ALTOS;5.020.835,19;3.596.973,53;0;0;3.596.973,53;8.617.808,72;;;;
MA;2107100;MORROS;16.082.393,05;11.521.577,60;0;0;11.521.577,60;27.603.970,65;;;;
MA;2107209;NINA RODRIGUES;12.423.201,08;8.900.098,06;0;0;8.900.098,06;21.323.299,14;;;;
MA;2107258;NOVA COLINAS;3.951.186,14;2.830.666,90;0;0;2.830.666,90;6.781.853,04;;;;
MA;2107308;NOVA IORQUE;2.922.780,89;2.093.907,72;0;0;2.093.907,72;5.016.688,61;;;;
MA;2107357;NOVA OLINDA DO MARANHAO;18.969.907,51;13.590.220,11;0;0;13.590.220,11;32.560.127,62;;;;
MA;2107407;OLHO DAGUA DAS CUNHAS;21.061.087,83;15.088.361,35;0;0;15.088.361,35;36.149.449,18;;;;
MA;2107456;OLINDA NOVA DO MARANHAO;10.553.930,35;7.560.934,93;0;0;7.560.934,93;18.114.865,28;;;;
MA;2107506;PACO DO LUMIAR;75.509.033,58;54.095.381,62;0;0;54.095.381,62;129.604.415,20;;;;
MA;2107605;PALMEIRANDIA;15.632.596,52;11.199.339,13;0;0;11.199.339,13;26.831.935,65;;;;
MA;2107704;PARAIBANO;13.286.929,98;9.518.881,57;0;0;9.518.881,57;22.805.811,55;;;;
MA;2107803;PARNARAMA;31.457.514,68;22.536.459,29;0;0;22.536.459,29;53.993.973,97;;;;
MA;2107902;PASSAGEM FRANCA;13.477.607,85;9.655.484,99;0;0;9.655.484,99;23.133.092,84;;;;
MA;2108009;PASTOS BONS;21.307.355,18;15.264.789,59;0;0;15.264.789,59;36.572.144,77;;;;
MA;2108058;PAULINO NEVES;17.454.347,22;12.504.458,46;0;0;12.504.458,46;29.958.805,68;;;;
MA;2108108;PAULO RAMOS;19.742.182,77;14.143.485,36;0;0;14.143.485,36;33.885.668,13;;;;
MA;2108207;PEDREIRAS;20.807.199,36;14.906.473,26;0;0;14.906.473,26;35.713.672,62;;;;
MA;2108256;PEDRO DO ROSARIO;31.352.910,83;22.461.520,11;0;0;22.461.520,11;53.814.430,94;;;;
MA;2108306;PENALVA;29.648.017,58;21.240.118,55;0;0;21.240.118,55;50.888.136,13;;;;
MA;2108405;PERI MIRIM;8.091.406,37;5.796.759,61;0;0;5.796.759,61;13.888.165,98;;;;
MA;2108454;PERITORO;21.208.579,27;15.194.025,59;0;0;15.194.025,59;36.402.604,86;;;;
MA;2108504;PINDARE MIRIM;34.816.792,48;24.943.077,50;0;0;24.943.077,50;59.759.869,98;;;;
MA;2108603;PINHEIRO;53.291.027,20;38.178.192,95;0;0;38.178.192,95;91.469.220,15;;;;
MA;2108702;PIO XII;27.616.162,58;19.784.478,53;0;0;19.784.478,53;47.400.641,11;;;;
MA;2108801;PIRAPEMAS;16.796.687,89;12.033.305,14;0;0;12.033.305,14;28.829.993,03;;;;
MA;2108900;POCAO DE PEDRAS;13.415.742,15;9.611.163,82;0;0;9.611.163,82;23.026.905,97;;;;
MA;2109007;PORTO FRANCO;20.539.114,65;14.714.414,84;0;0;14.714.414,84;35.253.529,49;;;;
MA;2109056;PORTO RICO DO MARANHAO;4.782.338,41;3.426.112,21;0;0;3.426.112,21;8.208.450,62;;;;
MA;2109106;PRESIDENTE DUTRA;24.612.089,55;17.632.332,37;0;0;17.632.332,37;42.244.421,92;;;;
MA;2109205;PRESIDENTE JUSCELINO;10.360.263,80;7.422.190,40;0;0;7.422.190,40;17.782.454,20;;;;
MA;2109239;PRESIDENTE MEDICI;5.910.416,19;4.234.277,72;0;0;4.234.277,72;10.144.693,91;;;;
MA;2109270;PRESIDENTE SARNEY;20.907.320,18;14.978.200,76;0;0;14.978.200,76;35.885.520,94;;;;
MA;2109304;PRESIDENTE VARGAS;12.953.841,45;9.280.253,81;0;0;9.280.253,81;22.234.095,26;;;;
MA;2109403;PRIMEIRA CRUZ;13.543.209,41;9.702.482,56;0;0;9.702.482,56;23.245.691,97;;;;
MA;2109452;RAPOSA;17.693.441,72;12.675.748,01;0;0;12.675.748,01;30.369.189,73;;;;
MA;2109502;RIACHAO;14.997.352,30;10.744.244,20;0;0;10.744.244,20;25.741.596,50;;;;
MA;2109551;RIBAMAR FIQUENE;5.495.736,64;3.937.197,41;0;0;3.937.197,41;9.432.934,05;;;;
MA;2109601;ROSARIO;33.402.249,62;23.929.685,69;0;0;23.929.685,69;57.331.935,31;;;;
MA;2109700;SAMBAIBA;4.236.455,77;3.035.036,75;0;0;3.035.036,75;7.271.492,52;;;;
MA;2109759;SANTA FILOMENA DO MARANHAO;4.932.818,52;3.533.917,57;0;0;3.533.917,57;8.466.736,09;;;;
MA;2109809;SANTA HELENA;37.287.535,34;26.713.140,90;0;0;26.713.140,90;64.000.676,24;;;;
MA;2109908;SANTA INES;56.290.318,35;40.326.913,32;0;0;40.326.913,32;96.617.231,67;;;;
MA;2110005;SANTA LUZIA;52.250.517,81;37.432.762,23;0;0;37.432.762,23;89.683.280,04;;;;
MA;2110039;SANTA LUZIA DO PARUA;17.318.212,79;12.406.930,47;0;0;12.406.930,47;29.725.143,26;;;;
MA;2110104;SANTA QUITERIA DO MARANHAO;37.496.145,29;26.862.591,04;0;0;26.862.591,04;64.358.736,33;;;;
MA;2110203;SANTA RITA;27.981.379,43;20.046.123,32;0;0;20.046.123,32;48.027.502,75;;;;
MA;2110237;SANTANA DO MARANHAO;9.330.214,78;6.684.253,59;0;0;6.684.253,59;16.014.468,37;;;;
MA;2110278;SANTO AMARO DO MARANHAO;10.567.229,98;7.570.462,91;0;0;7.570.462,91;18.137.692,89;;;;
MA;2110302;SANTO ANTONIO DOS LOPES;11.650.925,83;8.346.832,81;0;0;8.346.832,81;19.997.758,64;;;;
MA;2110401;SAO BENEDITO DO RIO PRETO;17.917.742,26;12.836.439,02;0;0;12.836.439,02;30.754.181,28;;;;
MA;2110500;SAO BENTO;32.084.241,16;22.985.452,03;0;0;22.985.452,03;55.069.693,19;;;;
MA;2110609;SAO BERNARDO;32.154.475,16;23.035.768,34;0;0;23.035.768,34;55.190.243,50;;;;
MA;2110658;SAO DOMINGOS DO AZEITAO;5.748.728,52;4.118.443,16;0;0;4.118.443,16;9.867.171,68;;;;
MA;2110708;SAO DOMINGOS DO MARANHAO;25.604.630,61;18.343.398,12;0;0;18.343.398,12;43.948.028,73;;;;
MA;2110807;SAO FELIX DE BALSAS;2.774.841,17;1.987.922,31;0;0;1.987.922,31;4.762.763,48;;;;
MA;2110856;SAO FRANCISCO DO BREJAO;7.104.095,51;5.089.440,81;0;0;5.089.440,81;12.193.536,32;;;;
MA;2110906;SAO FRANCISCO DO MARANHAO;9.966.505,03;7.140.097,92;0;0;7.140.097,92;17.106.602,95;;;;
MA;2111003;SAO JOAO BATISTA;14.556.820,68;10.428.643,20;0;0;10.428.643,20;24.985.463,88;;;;
MA;2111029;SAO JOAO DO CARU;12.595.498,56;9.023.533,59;0;0;9.023.533,59;21.619.032,15;;;;
MA;2111052;SAO JOAO DO PARAISO;9.758.492,81;6.991.076,01;0;0;6.991.076,01;16.749.568,82;;;;
MA;2111078;SAO JOAO DO SOTER;16.677.588,94;11.947.981,53;0;0;11.947.981,53;28.625.570,47;;;;
MA;2111102;SAO JOAO DOS PATOS;18.137.559,77;12.993.918,35;0;0;12.993.918,35;31.131.478,12;;;;
MA;2111201;SAO JOSE DE RIBAMAR;106.625.838,60;76.387.753,30;0;0;76.387.753,30;183.013.591,90;;;;
MA;2111250;SAO JOSE DOS BASILIOS;5.162.050,37;3.698.141,43;0;0;3.698.141,43;8.860.191,80;;;;
MA;2111300;SAO LUIS;334.724.387,98;239.799.698,74;0;0;239.799.698,74;574.524.086,72;;;;
MA;2111409;SAO LUIS GONZAGA DO MARANHAO;19.430.463,31;13.920.166,60;0;0;13.920.166,60;33.350.629,91;;;;
MA;2111508;SAO MATEUS DO MARANHAO;28.577.173,06;20.472.955,47;0;0;20.472.955,47;49.050.128,53;;;;
MA;2111532;SAO PEDRO DA AGUA BRANCA;8.242.783,09;5.905.207,30;0;0;5.905.207,30;14.147.990,39;;;;
MA;2111573;SAO PEDRO DOS CRENTES;3.433.546,54;2.459.825,02;0;0;2.459.825,02;5.893.371,56;;;;
MA;2111607;SAO RAIMUNDO DAS MANGABEIRAS;12.453.984,50;8.922.151,59;0;0;8.922.151,59;21.376.136,09;;;;
MA;2111631;SAO RAIMUNDO DO DOCA BEZERRA;5.192.236,06;3.719.766,73;0;0;3.719.766,73;8.912.002,79;;;;
MA;2111672;SAO ROBERTO;4.526.955,60;3.243.153,55;0;0;3.243.153,55;7.770.109,15;;;;
MA;2111706;SAO VICENTE FERRER;13.321.299,82;9.543.504,44;0;0;9.543.504,44;22.864.804,26;;;;
MA;2111722;SATUBINHA;13.442.490,85;9.630.326,83;0;0;9.630.326,83;23.072.817,68;;;;
MA;2111748;SENADOR ALEXANDRE COSTA;9.562.285,89;6.850.511,52;0;0;6.850.511,52;16.412.797,41;;;;
MA;2111763;SENADOR LA ROCQUE;12.260.168,51;8.783.300,00;0;0;8.783.300,00;21.043.468,51;;;;
MA;2111789;SERRANO DO MARANHAO;15.338.211,41;10.988.438,87;0;0;10.988.438,87;26.326.650,28;;;;
MA;2111805;SITIO NOVO;14.590.144,48;10.452.516,68;0;0;10.452.516,68;25.042.661,16;;;;
MA;2111904;SUCUPIRA DO NORTE;7.948.248,53;5.694.199,99;0;0;5.694.199,99;13.642.448,52;;;;
MA;2111953;SUCUPIRA DO RIACHAO;3.814.603,41;2.732.817,74;0;0;2.732.817,74;6.547.421,15;;;;
MA;2112001;TASSO FRAGOSO;7.243.517,48;5.189.324,03;0;0;5.189.324,03;12.432.841,51;;;;
MA;2112100;TIMBIRAS;21.858.766,88;15.659.826,12;0;0;15.659.826,12;37.518.593,00;;;;
MA;2112209;TIMON;100.255.464,36;71.823.957,30;0;0;71.823.957,30;172.079.421,66;;;;
MA;2112233;TRIZIDELA DO VALE;18.738.284,71;13.424.283,35;0;0;13.424.283,35;32.162.568,06;;;;
MA;2112274;TUFILANDIA;6.333.165,16;4.537.139,06;0;0;4.537.139,06;10.870.304,22;;;;
MA;2112308;TUNTUM;25.010.929,07;17.918.064,75;0;0;17.918.064,75;42.928.993,82;;;;
MA;2112407;TURIACU;34.372.525,01;24.624.800,10;0;0;24.624.800,10;58.997.325,11;;;;
MA;2112456;TURILANDIA;25.175.455,98;18.035.933,37;0;0;18.035.933,37;43.211.389,35;;;;
MA;2112506;TUTOIA;46.528.388,55;33.333.375,03;0;0;33.333.375,03;79.861.763,58;;;;
MA;2112605;URBANO SANTOS;31.574.222,69;22.620.070,01;0;0;22.620.070,01;54.194.292,70;;;;
MA;2112704;VARGEM GRANDE;49.839.100,28;35.705.200,05;0;0;35.705.200,05;85.544.300,33;;;;
MA;2112803;VIANA;39.649.789,05;28.405.481,67;0;0;28.405.481,67;68.055.270,72;;;;
MA;2112852;VILA NOVA DOS MARTIRIOS;8.545.536,50;6.122.102,70;0;0;6.122.102,70;14.667.639,20;;;;
MA;2112902;VITORIA DO MEARIM;21.243.098,53;15.218.755,52;0;0;15.218.755,52;36.461.854,05;;;;
MA;2113009;VITORINO FREIRE;25.549.489,45;18.303.894,46;0;0;18.303.894,46;43.853.383,91;;;;
MA;2114007;ZE DOCA;53.330.776,66;38.206.669,84;0;0;38.206.669,84;91.537.446,50;;;;
MG;3100104;ABADIA DOS DOURADOS;2.759.926,72;0,00;0;0;0,00;2.759.926,72;;;;
MG;3100203;ABAETE;9.992.857,24;0,00;0;0;0,00;9.992.857,24;;;;
MG;3100302;ABRE CAMPO;4.039.748,22;0,00;0;0;0,00;4.039.748,22;;;;
MG;3100401;ACAIACA;2.409.499,42;0,00;0;0;0,00;2.409.499,42;;;;
MG;3100500;ACUCENA;3.247.200,75;0,00;0;0;0,00;3.247.200,75;;;;
MG;3100609;AGUA BOA;4.297.651,62;0,00;0;0;0,00;4.297.651,62;;;;
MG;3100708;AGUA COMPRIDA;1.267.632,70;0,00;0;0;0,00;1.267.632,70;;;;
MG;3100807;AGUANIL;2.823.917,79;0,00;0;0;0,00;2.823.917,79;;;;
MG;3100906;AGUAS FORMOSAS;6.876.962,86;0,00;0;0;0,00;6.876.962,86;;;;
MG;3101003;AGUAS VERMELHAS;6.814.079,85;0,00;0;0;0,00;6.814.079,85;;;;
MG;3101102;AIMORES;11.358.831,22;0,00;0;0;0,00;11.358.831,22;;;;
MG;3101201;AIURUOCA;2.731.116,90;0,00;0;0;0,00;2.731.116,90;;;;
MG;3101300;ALAGOA;2.126.387,38;0,00;0;0;0,00;2.126.387,38;;;;
MG;3101409;ALBERTINA;3.246.646,72;0,00;0;0;0,00;3.246.646,72;;;;
MG;3101508;ALEM PARAIBA;18.952.161,68;0,00;0;0;0,00;18.952.161,68;;;;
MG;3101607;ALFENAS;35.334.984,78;0,00;0;0;0,00;35.334.984,78;;;;
MG;3101631;ALFREDO VASCONCELOS;3.287.645,31;0,00;0;0;0,00;3.287.645,31;;;;
MG;3101706;ALMENARA;27.545.525,83;0,00;0;0;0,00;27.545.525,83;;;;
MG;3101805;ALPERCATA;5.131.197,71;0,00;0;0;0,00;5.131.197,71;;;;
MG;3101904;ALPINOPOLIS;7.630.450,82;0,00;0;0;0,00;7.630.450,82;;;;
MG;3102001;ALTEROSA;8.975.371,46;0,00;0;0;0,00;8.975.371,46;;;;
MG;3102050;ALTO CAPARAO;3.872.152,53;0,00;0;0;0,00;3.872.152,53;;;;
MG;3153509;ALTO JEQUITIBA;3.197.614,59;0,00;0;0;0,00;3.197.614,59;;;;
MG;3102100;ALTO RIO DOCE;4.594.891,55;0,00;0;0;0,00;4.594.891,55;;;;
MG;3102209;ALVARENGA;2.365.730,64;0,00;0;0;0,00;2.365.730,64;;;;
MG;3102308;ALVINOPOLIS;4.209.005,98;0,00;0;0;0,00;4.209.005,98;;;;
MG;3102407;ALVORADA DE MINAS;1.736.069,53;0,00;0;0;0,00;1.736.069,53;;;;
MG;3102506;AMPARO DO SERRA;2.833.890,44;0,00;0;0;0,00;2.833.890,44;;;;
MG;3102605;ANDRADAS;20.110.649,45;0,00;0;0;0,00;20.110.649,45;;;;
MG;3102803;ANDRELANDIA;8.230.748,04;0,00;0;0;0,00;8.230.748,04;;;;
MG;3102852;ANGELANDIA;4.441.146,77;0,00;0;0;0,00;4.441.146,77;;;;
MG;3102902;ANTONIO CARLOS;3.910.103,96;0,00;0;0;0,00;3.910.103,96;;;;
MG;3103009;ANTONIO DIAS;3.054.950,51;0,00;0;0;0,00;3.054.950,51;;;;
MG;3103108;ANTONIO PRADO DE MINAS;886.179,42;0,00;0;0;0,00;886.179,42;;;;
MG;3103207;ARACAI;2.193.425,66;0,00;0;0;0,00;2.193.425,66;;;;
MG;3103306;ARACITABA;793.932,55;0,00;0;0;0,00;793.932,55;;;;
MG;3103405;ARACUAI;12.030.044,96;0,00;0;0;0,00;12.030.044,96;;;;
MG;3103504;ARAGUARI;50.275.654,05;0,00;0;0;0,00;50.275.654,05;;;;
MG;3103603;ARANTINA;2.659.923,35;0,00;0;0;0,00;2.659.923,35;;;;
MG;3103702;ARAPONGA;2.647.734,58;0,00;0;0;0,00;2.647.734,58;;;;
MG;3103751;ARAPORA;8.993.100,58;0,00;0;0;0,00;8.993.100,58;;;;
MG;3103801;ARAPUA;1.376.777,65;0,00;0;0;0,00;1.376.777,65;;;;
MG;3103900;ARAUJOS;6.008.512,56;0,00;0;0;0,00;6.008.512,56;;;;
MG;3104007;ARAXA;60.127.509,31;0,00;0;0;0,00;60.127.509,31;;;;
MG;3104106;ARCEBURGO;6.570.858,37;0,00;0;0;0,00;6.570.858,37;;;;
MG;3104205;ARCOS;19.925.878,67;0,00;0;0;0,00;19.925.878,67;;;;
MG;3104304;AREADO;7.931.568,99;0,00;0;0;0,00;7.931.568,99;;;;
MG;3104403;ARGIRITA;2.703.138,10;0,00;0;0;0,00;2.703.138,10;;;;
MG;3104452;ARICANDUVA;2.820.870,60;0,00;0;0;0,00;2.820.870,60;;;;
MG;3104502;ARINOS;10.775.709,09;0,00;0;0;0,00;10.775.709,09;;;;
MG;3104601;ASTOLFO DUTRA;6.231.788,78;0,00;0;0;0,00;6.231.788,78;;;;
MG;3104700;ATALEIA;5.031.194,34;0,00;0;0;0,00;5.031.194,34;;;;
MG;3104809;AUGUSTO DE LIMA;3.919.245,54;0,00;0;0;0,00;3.919.245,54;;;;
MG;3104908;BAEPENDI;8.721.900,31;0,00;0;0;0,00;8.721.900,31;;;;
MG;3105004;BALDIM;4.308.178,31;0,00;0;0;0,00;4.308.178,31;;;;
MG;3105103;BAMBUI;9.522.481,29;0,00;0;0;0,00;9.522.481,29;;;;
MG;3105202;BANDEIRA;2.088.712,98;0,00;0;0;0,00;2.088.712,98;;;;
MG;3105301;BANDEIRA DO SUL;4.262.747,41;0,00;0;0;0,00;4.262.747,41;;;;
MG;3105400;BARAO DE COCAIS;21.684.940,67;0,00;0;0;0,00;21.684.940,67;;;;
MG;3105509;BARAO DE MONTE ALTO;3.420.613,80;0,00;0;0;0,00;3.420.613,80;;;;
MG;3105608;BARBACENA;43.508.113,15;0,00;0;0;0,00;43.508.113,15;;;;
MG;3105707;BARRA LONGA;1.752.690,60;0,00;0;0;0,00;1.752.690,60;;;;
MG;3105905;BARROSO;10.219.734,69;0,00;0;0;0,00;10.219.734,69;;;;
MG;3106002;BELA VISTA DE MINAS;4.208.451,94;0,00;0;0;0,00;4.208.451,94;;;;
MG;3106101;BELMIRO BRAGA;1.634.127,04;0,00;0;0;0,00;1.634.127,04;;;;
MG;3106200;BELO HORIZONTE;1.226.738.258,26;0,00;0;0;0,00;1.226.738.258,26;;;;
MG;3106309;BELO ORIENTE;22.867.805,99;0,00;0;0;0,00;22.867.805,99;;;;
MG;3106408;BELO VALE;4.322.860,24;0,00;0;0;0,00;4.322.860,24;;;;
MG;3106507;BERILO;2.999.823,99;0,00;0;0;0,00;2.999.823,99;;;;
MG;3106655;BERIZAL;2.523.630,69;0,00;0;0;0,00;2.523.630,69;;;;
MG;3106606;BERTOPOLIS;2.295.922,19;0,00;0;0;0,00;2.295.922,19;;;;
MG;3106705;BETIM;345.693.080,23;0,00;0;0;0,00;345.693.080,23;;;;
MG;3106804;BIAS FORTES;1.500.050,50;0,00;0;0;0,00;1.500.050,50;;;;
MG;3106903;BICAS;9.187.843,99;0,00;0;0;0,00;9.187.843,99;;;;
MG;3107000;BIQUINHAS;1.941.339,60;0,00;0;0;0,00;1.941.339,60;;;;
MG;3107109;BOA ESPERANCA;21.123.148,92;0,00;0;0;0,00;21.123.148,92;;;;
MG;3107208;BOCAINA DE MINAS;2.707.847,40;0,00;0;0;0,00;2.707.847,40;;;;
MG;3107307;BOCAIUVA;20.526.452,92;0,00;0;0;0,00;20.526.452,92;;;;
MG;3107406;BOM DESPACHO;24.924.938,96;0,00;0;0;0,00;24.924.938,96;;;;
MG;3107505;BOM JARDIM DE MINAS;4.022.573,11;0,00;0;0;0,00;4.022.573,11;;;;
MG;3107604;BOM JESUS DA PENHA;3.151.352,65;0,00;0;0;0,00;3.151.352,65;;;;
MG;3107703;BOM JESUS DO AMPARO;3.825.613,58;0,00;0;0;0,00;3.825.613,58;;;;
MG;3107802;BOM JESUS DO GALHO;5.484.118,17;0,00;0;0;0,00;5.484.118,17;;;;
MG;3107901;BOM REPOUSO;7.084.449,07;0,00;0;0;0,00;7.084.449,07;;;;
MG;3108008;BOM SUCESSO;7.940.987,60;0,00;0;0;0,00;7.940.987,60;;;;
MG;3108107;BONFIM;2.694.550,55;0,00;0;0;0,00;2.694.550,55;;;;
MG;3108206;BONFINOPOLIS DE MINAS;4.565.804,70;0,00;0;0;0,00;4.565.804,70;;;;
MG;3108255;BONITO DE MINAS;5.363.338,48;0,00;0;0;0,00;5.363.338,48;;;;
MG;3108305;BORDA DA MATA;11.178.769,75;0,00;0;0;0,00;11.178.769,75;;;;
MG;3108404;BOTELHOS;8.793.647,90;0,00;0;0;0,00;8.793.647,90;;;;
MG;3108503;BOTUMIRIM;2.276.530,95;0,00;0;0;0,00;2.276.530,95;;;;
MG;3108701;BRAS PIRES;2.485.679,26;0,00;0;0;0,00;2.485.679,26;;;;
MG;3108552;BRASILANDIA DE MINAS;10.730.278,19;0,00;0;0;0,00;10.730.278,19;;;;
MG;3108602;BRASILIA DE MINAS;11.556.898,82;0,00;0;0;0,00;11.556.898,82;;;;
MG;3108800;BRAUNAS;2.065.166,48;0,00;0;0;0,00;2.065.166,48;;;;
MG;3108909;BRAZOPOLIS;6.982.783,59;0,00;0;0;0,00;6.982.783,59;;;;
MG;3109006;BRUMADINHO;35.320.856,88;0,00;0;0;0,00;35.320.856,88;;;;
MG;3109105;BUENO BRANDAO;3.911.489,04;0,00;0;0;0,00;3.911.489,04;;;;
MG;3109204;BUENOPOLIS;5.722.630,36;0,00;0;0;0,00;5.722.630,36;;;;
MG;3109253;BUGRE;1.586.202,99;0,00;0;0;0,00;1.586.202,99;;;;
MG;3109303;BURITIS;21.234.510,00;0,00;0;0;0,00;21.234.510,00;;;;
MG;3109402;BURITIZEIRO;11.619.504,81;0,00;0;0;0,00;11.619.504,81;;;;
MG;3109451;CABECEIRA GRANDE;6.896.077,06;0,00;0;0;0,00;6.896.077,06;;;;
MG;3109501;CABO VERDE;5.912.664,45;0,00;0;0;0,00;5.912.664,45;;;;
MG;3109600;CACHOEIRA DA PRATA;3.392.912,03;0,00;0;0;0,00;3.392.912,03;;;;
MG;3109709;CACHOEIRA DE MINAS;7.059.794,49;0,00;0;0;0,00;7.059.794,49;;;;
MG;3102704;CACHOEIRA DE PAJEU;4.563.034,54;0,00;0;0;0,00;4.563.034,54;;;;
MG;3109808;CACHOEIRA DOURADA;2.591.777,02;0,00;0;0;0,00;2.591.777,02;;;;
MG;3109907;CAETANOPOLIS;7.491.665,00;0,00;0;0;0,00;7.491.665,00;;;;
MG;3110004;CAETE;19.430.571,14;0,00;0;0;0,00;19.430.571,14;;;;
MG;3110103;CAIANA;3.016.722,07;0,00;0;0;0,00;3.016.722,07;;;;
MG;3110202;CAJURI;3.935.312,55;0,00;0;0;0,00;3.935.312,55;;;;
MG;3110301;CALDAS;6.421.822,88;0,00;0;0;0,00;6.421.822,88;;;;
MG;3110400;CAMACHO;1.391.736,61;0,00;0;0;0,00;1.391.736,61;;;;
MG;3110509;CAMANDUCAIA;18.948.837,46;0,00;0;0;0,00;18.948.837,46;;;;
MG;3110608;CAMBUI;14.261.422,03;0,00;0;0;0,00;14.261.422,03;;;;
MG;3110707;CAMBUQUIRA;6.627.646,98;0,00;0;0;0,00;6.627.646,98;;;;
MG;3110806;CAMPANARIO;2.244.950,94;0,00;0;0;0,00;2.244.950,94;;;;
MG;3110905;CAMPANHA;9.261.253,66;0,00;0;0;0,00;9.261.253,66;;;;
MG;3111002;CAMPESTRE;13.993.268,95;0,00;0;0;0,00;13.993.268,95;;;;
MG;3111101;CAMPINA VERDE;6.613.519,08;0,00;0;0;0,00;6.613.519,08;;;;
MG;3111150;CAMPO AZUL;2.997.330,84;0,00;0;0;0,00;2.997.330,84;;;;
MG;3111200;CAMPO BELO;24.313.007,01;0,00;0;0;0,00;24.313.007,01;;;;
MG;3111309;CAMPO DO MEIO;5.145.325,60;0,00;0;0;0,00;5.145.325,60;;;;
MG;3111408;CAMPO FLORIDO;7.347.338,81;0,00;0;0;0,00;7.347.338,81;;;;
MG;3111507;CAMPOS ALTOS;9.348.237,19;0,00;0;0;0,00;9.348.237,19;;;;
MG;3111606;CAMPOS GERAIS;10.743.852,07;0,00;0;0;0,00;10.743.852,07;;;;
MG;3111903;CANA VERDE;2.729.731,80;0,00;0;0;0,00;2.729.731,80;;;;
MG;3111705;CANAA;1.754.075,68;0,00;0;0;0,00;1.754.075,68;;;;
MG;3111804;CANAPOLIS;5.522.346,60;0,00;0;0;0,00;5.522.346,60;;;;
MG;3112000;CANDEIAS;5.870.003,74;0,00;0;0;0,00;5.870.003,74;;;;
MG;3112059;CANTAGALO;2.331.103,43;0,00;0;0;0,00;2.331.103,43;;;;
MG;3112109;CAPARAO;3.125.590,00;0,00;0;0;0,00;3.125.590,00;;;;
MG;3112208;CAPELA NOVA;1.768.203,58;0,00;0;0;0,00;1.768.203,58;;;;
MG;3112307;CAPELINHA;16.952.094,34;0,00;0;0;0,00;16.952.094,34;;;;
MG;3112406;CAPETINGA;3.897.084,12;0,00;0;0;0,00;3.897.084,12;;;;
MG;3112505;CAPIM BRANCO;5.076.071,20;0,00;0;0;0,00;5.076.071,20;;;;
MG;3112604;CAPINOPOLIS;8.874.537,04;0,00;0;0;0,00;8.874.537,04;;;;
MG;3112653;CAPITAO ANDRADE;3.132.515,45;0,00;0;0;0,00;3.132.515,45;;;;
MG;3112703;CAPITAO ENEAS;7.184.175,41;0,00;0;0;0,00;7.184.175,41;;;;
MG;3112802;CAPITOLIO;4.912.076,76;0,00;0;0;0,00;4.912.076,76;;;;
MG;3112901;CAPUTIRA;5.934.548,85;0,00;0;0;0,00;5.934.548,85;;;;
MG;3113008;CARAI;12.214.261,68;0,00;0;0;0,00;12.214.261,68;;;;
MG;3113107;CARANAIBA;1.203.918,64;0,00;0;0;0,00;1.203.918,64;;;;
MG;3113206;CARANDAI;17.059.023,15;0,00;0;0;0,00;17.059.023,15;;;;
MG;3113305;CARANGOLA;11.171.290,28;0,00;0;0;0,00;11.171.290,28;;;;
MG;3113404;CARATINGA;36.719.518,93;0,00;0;0;0,00;36.719.518,93;;;;
MG;3113503;CARBONITA;5.913.495,52;0,00;0;0;0,00;5.913.495,52;;;;
MG;3113602;CAREACU;3.842.788,67;0,00;0;0;0,00;3.842.788,67;;;;
MG;3113701;CARLOS CHAGAS;11.556.621,82;0,00;0;0;0,00;11.556.621,82;;;;
MG;3113800;CARMESIA;2.352.987,82;0,00;0;0;0,00;2.352.987,82;;;;
MG;3113909;CARMO DA CACHOEIRA;6.516.839,94;0,00;0;0;0,00;6.516.839,94;;;;
MG;3114006;CARMO DA MATA;4.883.820,95;0,00;0;0;0,00;4.883.820,95;;;;
MG;3114105;CARMO DE MINAS;5.659.470,34;0,00;0;0;0,00;5.659.470,34;;;;
MG;3114204;CARMO DO CAJURU;13.015.950,72;0,00;0;0;0,00;13.015.950,72;;;;
MG;3114303;CARMO DO PARANAIBA;15.117.683,55;0,00;0;0;0,00;15.117.683,55;;;;
MG;3114402;CARMO DO RIO CLARO;10.325.555,42;0,00;0;0;0,00;10.325.555,42;;;;
MG;3114501;CARMOPOLIS DE MINAS;11.210.903,79;0,00;0;0;0,00;11.210.903,79;;;;
MG;3114550;CARNEIRINHO;5.121.502,09;0,00;0;0;0,00;5.121.502,09;;;;
MG;3114600;CARRANCAS;2.359.636,25;0,00;0;0;0,00;2.359.636,25;;;;
MG;3114709;CARVALHOPOLIS;3.724.779,16;0,00;0;0;0,00;3.724.779,16;;;;
MG;3114808;CARVALHOS;2.013.087,18;0,00;0;0;0,00;2.013.087,18;;;;
MG;3114907;CASA GRANDE;1.710.860,94;0,00;0;0;0,00;1.710.860,94;;;;
MG;3115003;CASCALHO RICO;2.361.852,37;0,00;0;0;0,00;2.361.852,37;;;;
MG;3115102;CASSIA;9.808.917,53;0,00;0;0;0,00;9.808.917,53;;;;
MG;3115300;CATAGUASES;27.454.664,04;0,00;0;0;0,00;27.454.664,04;;;;
MG;3115359;CATAS ALTAS;3.689.874,93;0,00;0;0;0,00;3.689.874,93;;;;
MG;3115409;CATAS ALTAS DA NORUEGA;970.392,79;0,00;0;0;0,00;970.392,79;;;;
MG;3115458;CATUJI;5.635.923,83;0,00;0;0;0,00;5.635.923,83;;;;
MG;3115474;CATUTI;3.284.875,15;0,00;0;0;0,00;3.284.875,15;;;;
MG;3115508;CAXAMBU;9.362.642,12;0,00;0;0;0,00;9.362.642,12;;;;
MG;3115607;CEDRO DO ABAETE;719.691,83;0,00;0;0;0,00;719.691,83;;;;
MG;3115706;CENTRAL DE MINAS;2.849.403,41;0,00;0;0;0,00;2.849.403,41;;;;
MG;3115805;CENTRALINA;5.906.570,07;0,00;0;0;0,00;5.906.570,07;;;;
MG;3115904;CHACARA;3.635.025,45;0,00;0;0;0,00;3.635.025,45;;;;
MG;3116001;CHALE;2.608.675,10;0,00;0;0;0,00;2.608.675,10;;;;
MG;3116100;CHAPADA DO NORTE;4.847.531,63;0,00;0;0;0,00;4.847.531,63;;;;
MG;3116159;CHAPADA GAUCHA;10.516.697,59;0,00;0;0;0,00;10.516.697,59;;;;
MG;3116209;CHIADOR;3.054.673,50;0,00;0;0;0,00;3.054.673,50;;;;
MG;3116308;CIPOTANEA;1.542.711,23;0,00;0;0;0,00;1.542.711,23;;;;
MG;3116407;CLARAVAL;2.788.182,53;0,00;0;0;0,00;2.788.182,53;;;;
MG;3116506;CLARO DOS POCOES;3.546.656,81;0,00;0;0;0,00;3.546.656,81;;;;
MG;3116605;CLAUDIO;20.139.736,28;0,00;0;0;0,00;20.139.736,28;;;;
MG;3116704;COIMBRA;3.828.937,78;0,00;0;0;0,00;3.828.937,78;;;;
MG;3116803;COLUNA;3.215.066,71;0,00;0;0;0,00;3.215.066,71;;;;
MG;3116902;COMENDADOR GOMES;3.044.977,88;0,00;0;0;0,00;3.044.977,88;;;;
MG;3117009;COMERCINHO;4.211.222,13;0,00;0;0;0,00;4.211.222,13;;;;
MG;3117108;CONCEICAO DA APARECIDA;5.542.568,88;0,00;0;0;0,00;5.542.568,88;;;;
MG;3115201;CONCEICAO DA BARRA DE MINAS;1.678.172,85;0,00;0;0;0,00;1.678.172,85;;;;
MG;3117306;CONCEICAO DAS ALAGOAS;21.017.328,16;0,00;0;0;0,00;21.017.328,16;;;;
MG;3117207;CONCEICAO DAS PEDRAS;1.519.718,77;0,00;0;0;0,00;1.519.718,77;;;;
MG;3117405;CONCEICAO DE IPANEMA;2.426.674,51;0,00;0;0;0,00;2.426.674,51;;;;
MG;3117504;CONCEICAO DO MATO DENTRO;14.521.264,57;0,00;0;0;0,00;14.521.264,57;;;;
MG;3117603;CONCEICAO DO PARA;1.845.214,48;0,00;0;0;0,00;1.845.214,48;;;;
MG;3117702;CONCEICAO DO RIO VERDE;7.411.052,86;0,00;0;0;0,00;7.411.052,86;;;;
MG;3117801;CONCEICAO DOS OUROS;7.128.771,89;0,00;0;0;0,00;7.128.771,89;;;;
MG;3117836;CONEGO MARINHO;3.491.530,30;0,00;0;0;0,00;3.491.530,30;;;;
MG;3117876;CONFINS;5.564.730,31;0,00;0;0;0,00;5.564.730,31;;;;
MG;3117900;CONGONHAL;5.632.876,64;0,00;0;0;0,00;5.632.876,64;;;;
MG;3118007;CONGONHAS;44.321.713,97;0,00;0;0;0,00;44.321.713,97;;;;
MG;3118106;CONGONHAS DO NORTE;1.589.250,18;0,00;0;0;0,00;1.589.250,18;;;;
MG;3118205;CONQUISTA;3.663.281,23;0,00;0;0;0,00;3.663.281,23;;;;
MG;3118304;CONSELHEIRO LAFAIETE;71.646.456,73;0,00;0;0;0,00;71.646.456,73;;;;
MG;3118403;CONSELHEIRO PENA;12.656.381,84;0,00;0;0;0,00;12.656.381,84;;;;
MG;3118502;CONSOLACAO;847.673,98;0,00;0;0;0,00;847.673,98;;;;
MG;3118601;CONTAGEM;353.350.401,78;0,00;0;0;0,00;353.350.401,78;;;;
MG;3118700;COQUEIRAL;2.517.813,31;0,00;0;0;0,00;2.517.813,31;;;;
MG;3118809;CORACAO DE JESUS;10.053.801,13;0,00;0;0;0,00;10.053.801,13;;;;
MG;3118908;CORDISBURGO;2.488.449,44;0,00;0;0;0,00;2.488.449,44;;;;
MG;3119005;CORDISLANDIA;1.817.789,74;0,00;0;0;0,00;1.817.789,74;;;;
MG;3119104;CORINTO;13.528.156,34;0,00;0;0;0,00;13.528.156,34;;;;
MG;3119203;COROACI;6.227.356,50;0,00;0;0;0,00;6.227.356,50;;;;
MG;3119302;COROMANDEL;11.137.494,12;0,00;0;0;0,00;11.137.494,12;;;;
MG;3119401;CORONEL FABRICIANO;61.834.769,02;0,00;0;0;0,00;61.834.769,02;;;;
MG;3119500;CORONEL MURTA;6.814.633,88;0,00;0;0;0,00;6.814.633,88;;;;
MG;3119609;CORONEL PACHECO;2.363.237,46;0,00;0;0;0,00;2.363.237,46;;;;
MG;3119708;CORONEL XAVIER CHAVES;1.713.631,10;0,00;0;0;0,00;1.713.631,10;;;;
MG;3119807;CORREGO DANTA;1.345.751,68;0,00;0;0;0,00;1.345.751,68;;;;
MG;3119906;CORREGO DO BOM JESUS;1.933.583,12;0,00;0;0;0,00;1.933.583,12;;;;
MG;3119955;CORREGO FUNDO;4.002.904,87;0,00;0;0;0,00;4.002.904,87;;;;
MG;3120003;CORREGO NOVO;2.096.469,48;0,00;0;0;0,00;2.096.469,48;;;;
MG;3120102;COUTO DE MAGALHAES DE MINAS;3.228.363,55;0,00;0;0;0,00;3.228.363,55;;;;
MG;3120151;CRISOLITA;4.286.570,92;0,00;0;0;0,00;4.286.570,92;;;;
MG;3120201;CRISTAIS;8.052.348,68;0,00;0;0;0,00;8.052.348,68;;;;
MG;3120300;CRISTALIA;3.092.901,93;0,00;0;0;0,00;3.092.901,93;;;;
MG;3120409;CRISTIANO OTONI;3.628.931,06;0,00;0;0;0,00;3.628.931,06;;;;
MG;3120508;CRISTINA;6.091.340,84;0,00;0;0;0,00;6.091.340,84;;;;
MG;3120607;CRUCILANDIA;2.650.227,73;0,00;0;0;0,00;2.650.227,73;;;;
MG;3120706;CRUZEIRO DA FORTALEZA;5.490.489,59;0,00;0;0;0,00;5.490.489,59;;;;
MG;3120805;CRUZILIA;7.860.098,46;0,00;0;0;0,00;7.860.098,46;;;;
MG;3120839;CUPARAQUE;2.780.980,07;0,00;0;0;0,00;2.780.980,07;;;;
MG;3120870;CURRAL DE DENTRO;5.249.761,25;0,00;0;0;0,00;5.249.761,25;;;;
MG;3120904;CURVELO;40.016.028,82;0,00;0;0;0,00;40.016.028,82;;;;
MG;3121001;DATAS;4.989.364,67;0,00;0;0;0,00;4.989.364,67;;;;
MG;3121100;DELFIM MOREIRA;4.356.379,37;0,00;0;0;0,00;4.356.379,37;;;;
MG;3121209;DELFINOPOLIS;5.226.214,75;0,00;0;0;0,00;5.226.214,75;;;;
MG;3121258;DELTA;13.333.412,94;0,00;0;0;0,00;13.333.412,94;;;;
MG;3121308;DESCOBERTO;2.482.632,07;0,00;0;0;0,00;2.482.632,07;;;;
MG;3121407;DESTERRO DE ENTRE RIOS;1.917.793,11;0,00;0;0;0,00;1.917.793,11;;;;
MG;3121506;DESTERRO DO MELO;2.682.638,81;0,00;0;0;0,00;2.682.638,81;;;;
MG;3121605;DIAMANTINA;19.875.738,50;0,00;0;0;0,00;19.875.738,50;;;;
MG;3121704;DIOGO DE VASCONCELOS;2.319.468,67;0,00;0;0;0,00;2.319.468,67;;;;
MG;3121803;DIONISIO;2.131.927,73;0,00;0;0;0,00;2.131.927,73;;;;
MG;3121902;DIVINESIA;3.486.543,98;0,00;0;0;0,00;3.486.543,98;;;;
MG;3122009;DIVINO;9.481.482,69;0,00;0;0;0,00;9.481.482,69;;;;
MG;3122108;DIVINO DAS LARANJEIRAS;1.898.678,89;0,00;0;0;0,00;1.898.678,89;;;;
MG;3122207;DIVINOLANDIA DE MINAS;4.813.735,50;0,00;0;0;0,00;4.813.735,50;;;;
MG;3122306;DIVINOPOLIS;77.592.363,28;0,00;0;0;0,00;77.592.363,28;;;;
MG;3122355;DIVISA ALEGRE;6.621.275,58;0,00;0;0;0,00;6.621.275,58;;;;
MG;3122405;DIVISA NOVA;4.278.260,39;0,00;0;0;0,00;4.278.260,39;;;;
MG;3122454;DIVISOPOLIS;4.983.547,29;0,00;0;0;0,00;4.983.547,29;;;;
MG;3122470;DOM BOSCO;1.911.144,69;0,00;0;0;0,00;1.911.144,69;;;;
MG;3122504;DOM CAVATI;2.335.258,68;0,00;0;0;0,00;2.335.258,68;;;;
MG;3122603;DOM JOAQUIM;1.847.153,60;0,00;0;0;0,00;1.847.153,60;;;;
MG;3122702;DOM SILVERIO;2.616.154,57;0,00;0;0;0,00;2.616.154,57;;;;
MG;3122801;DOM VICOSO;1.438.829,60;0,00;0;0;0,00;1.438.829,60;;;;
MG;3122900;DONA EUZEBIA;3.120.880,71;0,00;0;0;0,00;3.120.880,71;;;;
MG;3123007;DORES DE CAMPOS;4.877.726,56;0,00;0;0;0,00;4.877.726,56;;;;
MG;3123106;DORES DE GUANHAES;3.006.195,41;0,00;0;0;0,00;3.006.195,41;;;;
MG;3123205;DORES DO INDAIA;7.524.353,06;0,00;0;0;0,00;7.524.353,06;;;;
MG;3123304;DORES DO TURVO;2.366.007,64;0,00;0;0;0,00;2.366.007,64;;;;
MG;3123403;DORESOPOLIS;1.370.129,23;0,00;0;0;0,00;1.370.129,23;;;;
MG;3123502;DOURADOQUARA;202.222,87;0,00;0;0;0,00;202.222,87;;;;
MG;3123528;DURANDE;3.559.122,62;0,00;0;0;0,00;3.559.122,62;;;;
MG;3123601;ELOI MENDES;15.965.080,50;0,00;0;0;0,00;15.965.080,50;;;;
MG;3123700;ENGENHEIRO CALDAS;7.524.353,06;0,00;0;0;0,00;7.524.353,06;;;;
MG;3123809;ENGENHEIRO NAVARRO;4.239.754,94;0,00;0;0;0,00;4.239.754,94;;;;
MG;3123858;ENTRE FOLHAS;3.237.782,14;0,00;0;0;0,00;3.237.782,14;;;;
MG;3123908;ENTRE RIOS DE MINAS;5.778.587,92;0,00;0;0;0,00;5.778.587,92;;;;
MG;3124005;ERVALIA;10.880.698,77;0,00;0;0;0,00;10.880.698,77;;;;
MG;3124104;ESMERALDAS;50.187.008,40;0,00;0;0;0,00;50.187.008,40;;;;
MG;3124203;ESPERA FELIZ;10.681.246,06;0,00;0;0;0,00;10.681.246,06;;;;
MG;3124302;ESPINOSA;14.077.205,29;0,00;0;0;0,00;14.077.205,29;;;;
MG;3124401;ESPIRITO SANTO DO DOURADO;4.533.947,68;0,00;0;0;0,00;4.533.947,68;;;;
MG;3124500;ESTIVA;4.253.328,80;0,00;0;0;0,00;4.253.328,80;;;;
MG;3124609;ESTRELA DALVA;1.552.406,85;0,00;0;0;0,00;1.552.406,85;;;;
MG;3124708;ESTRELA DO INDAIA;1.064.301,75;0,00;0;0;0,00;1.064.301,75;;;;
MG;3124807;ESTRELA DO SUL;3.341.386,75;0,00;0;0;0,00;3.341.386,75;;;;
MG;3124906;EUGENOPOLIS;5.365.277,60;0,00;0;0;0,00;5.365.277,60;;;;
MG;3125002;EWBANK DA CAMARA;3.064.923,15;0,00;0;0;0,00;3.064.923,15;;;;
MG;3125101;EXTREMA;52.287.079,12;0,00;0;0;0,00;52.287.079,12;;;;
MG;3125200;FAMA;1.472.625,76;0,00;0;0;0,00;1.472.625,76;;;;
MG;3125309;FARIA LEMOS;2.186.777,24;0,00;0;0;0,00;2.186.777,24;;;;
MG;3125408;FELICIO DOS SANTOS;4.005.398,02;0,00;0;0;0,00;4.005.398,02;;;;
MG;3125606;FELISBURGO;4.800.715,66;0,00;0;0;0,00;4.800.715,66;;;;
MG;3125705;FELIXLANDIA;8.659.848,37;0,00;0;0;0,00;8.659.848,37;;;;
MG;3125804;FERNANDES TOURINHO;1.619.445,11;0,00;0;0;0,00;1.619.445,11;;;;
MG;3125903;FERROS;3.141.657,03;0,00;0;0;0,00;3.141.657,03;;;;
MG;3125952;FERVEDOURO;4.401.810,26;0,00;0;0;0,00;4.401.810,26;;;;
MG;3126000;FLORESTAL;4.597.384,71;0,00;0;0;0,00;4.597.384,71;;;;
MG;3126109;FORMIGA;34.454.622,71;0,00;0;0;0,00;34.454.622,71;;;;
MG;3126208;FORMOSO;5.610.438,21;0,00;0;0;0,00;5.610.438,21;;;;
MG;3126307;FORTALEZA DE MINAS;1.782.885,51;0,00;0;0;0,00;1.782.885,51;;;;
MG;3126406;FORTUNA DE MINAS;3.241.660,40;0,00;0;0;0,00;3.241.660,40;;;;
MG;3126505;FRANCISCO BADARO;2.383.736,77;0,00;0;0;0,00;2.383.736,77;;;;
MG;3126604;FRANCISCO DUMONT;3.270.193,22;0,00;0;0;0,00;3.270.193,22;;;;
MG;3126703;FRANCISCO SA;11.097.049,56;0,00;0;0;0,00;11.097.049,56;;;;
MG;3126752;FRANCISCOPOLIS;2.680.976,70;0,00;0;0;0,00;2.680.976,70;;;;
MG;3126802;FREI GASPAR;4.350.284,98;0,00;0;0;0,00;4.350.284,98;;;;
MG;3126901;FREI INOCENCIO;4.164.406,15;0,00;0;0;0,00;4.164.406,15;;;;
MG;3126950;FREI LAGONEGRO;2.190.378,47;0,00;0;0;0,00;2.190.378,47;;;;
MG;3127008;FRONTEIRA;8.678.685,57;0,00;0;0;0,00;8.678.685,57;;;;
MG;3127057;FRONTEIRA DOS VALES;2.214.201,98;0,00;0;0;0,00;2.214.201,98;;;;
MG;3127073;FRUTA DE LEITE;2.491.773,65;0,00;0;0;0,00;2.491.773,65;;;;
MG;3127107;FRUTAL;32.162.024,74;0,00;0;0;0,00;32.162.024,74;;;;
MG;3127206;FUNILANDIA;2.948.575,74;0,00;0;0;0,00;2.948.575,74;;;;
MG;3127305;GALILEIA;3.833.924,10;0,00;0;0;0,00;3.833.924,10;;;;
MG;3127339;GAMELEIRAS;3.565.771,04;0,00;0;0;0,00;3.565.771,04;;;;
MG;3127354;GLAUCILANDIA;1.477.058,03;0,00;0;0;0,00;1.477.058,03;;;;
MG;3127370;GOIABEIRA;2.694.273,55;0,00;0;0;0,00;2.694.273,55;;;;
MG;3127388;GOIANA;2.141.900,38;0,00;0;0;0,00;2.141.900,38;;;;
MG;3127404;GONCALVES;2.182.898,98;0,00;0;0;0,00;2.182.898,98;;;;
MG;3127503;GONZAGA;3.210.080,39;0,00;0;0;0,00;3.210.080,39;;;;
MG;3127602;GOUVEIA;6.794.688,61;0,00;0;0;0,00;6.794.688,61;;;;
MG;3127701;GOVERNADOR VALADARES;131.447.639,26;0,00;0;0;0,00;131.447.639,26;;;;
MG;3127800;GRAO MOGOL;9.584.256,22;0,00;0;0;0,00;9.584.256,22;;;;
MG;3127909;GRUPIARA;212.749,56;0,00;0;0;0,00;212.749,56;;;;
MG;3128006;GUANHAES;16.326.311,50;0,00;0;0;0,00;16.326.311,50;;;;
MG;3128105;GUAPE;7.367.284,08;0,00;0;0;0,00;7.367.284,08;;;;
MG;3128204;GUARACIABA;2.524.461,73;0,00;0;0;0,00;2.524.461,73;;;;
MG;3128253;GUARACIAMA;2.907.577,12;0,00;0;0;0,00;2.907.577,12;;;;
MG;3128303;GUARANESIA;9.595.336,92;0,00;0;0;0,00;9.595.336,92;;;;
MG;3128402;GUARANI;5.067.206,62;0,00;0;0;0,00;5.067.206,62;;;;
MG;3128501;GUARARA;3.680.456,34;0,00;0;0;0,00;3.680.456,34;;;;
MG;3128600;GUARDA-MOR;4.349.453,93;0,00;0;0;0,00;4.349.453,93;;;;
MG;3128709;GUAXUPE;25.220.239,78;0,00;0;0;0,00;25.220.239,78;;;;
MG;3128808;GUIDOVAL;3.359.669,91;0,00;0;0;0,00;3.359.669,91;;;;
MG;3128907;GUIMARANIA;5.305.995,84;0,00;0;0;0,00;5.305.995,84;;;;
MG;3129004;GUIRICEMA;2.472.936,45;0,00;0;0;0,00;2.472.936,45;;;;
MG;3129103;GURINHATA;2.533.880,34;0,00;0;0;0,00;2.533.880,34;;;;
MG;3129202;HELIODORA;3.377.953,07;0,00;0;0;0,00;3.377.953,07;;;;
MG;3129301;IAPU;5.160.838,60;0,00;0;0;0,00;5.160.838,60;;;;
MG;3129400;IBERTIOGA;2.744.690,76;0,00;0;0;0,00;2.744.690,76;;;;
MG;3129509;IBIA;11.390.411,23;0,00;0;0;0,00;11.390.411,23;;;;
MG;3129608;IBIAI;4.766.088,45;0,00;0;0;0,00;4.766.088,45;;;;
MG;3129657;IBIRACATU;3.907.610,80;0,00;0;0;0,00;3.907.610,80;;;;
MG;3129707;IBIRACI;5.412.093,58;0,00;0;0;0,00;5.412.093,58;;;;
MG;3129806;IBIRITE;105.401.886,92;0,00;0;0;0,00;105.401.886,92;;;;
MG;3129905;IBITIURA DE MINAS;1.827.762,37;0,00;0;0;0,00;1.827.762,37;;;;
MG;3130002;IBITURUNA;1.531.353,50;0,00;0;0;0,00;1.531.353,50;;;;
MG;3130051;ICARAI DE MINAS;4.757.500,91;0,00;0;0;0,00;4.757.500,91;;;;
MG;3130101;IGARAPE;28.220.894,81;0,00;0;0;0,00;28.220.894,81;;;;
MG;3130200;IGARATINGA;6.150.345,60;0,00;0;0;0,00;6.150.345,60;;;;
MG;3130309;IGUATAMA;2.748.291,99;0,00;0;0;0,00;2.748.291,99;;;;
MG;3130408;IJACI;3.672.699,84;0,00;0;0;0,00;3.672.699,84;;;;
MG;3130507;ILICINEA;7.942.649,72;0,00;0;0;0,00;7.942.649,72;;;;
MG;3130556;IMBE DE MINAS;3.631.424,22;0,00;0;0;0,00;3.631.424,22;;;;
MG;3130606;INCONFIDENTES;3.465.490,64;0,00;0;0;0,00;3.465.490,64;;;;
MG;3130655;INDAIABIRA;4.248.065,48;0,00;0;0;0,00;4.248.065,48;;;;
MG;3130705;INDIANOPOLIS;6.765.324,75;0,00;0;0;0,00;6.765.324,75;;;;
MG;3130804;INGAI;1.419.992,40;0,00;0;0;0,00;1.419.992,40;;;;
MG;3130903;INHAPIM;8.895.590,39;0,00;0;0;0,00;8.895.590,39;;;;
MG;3131000;INHAUMA;3.583.500,16;0,00;0;0;0,00;3.583.500,16;;;;
MG;3131109;INIMUTABA;3.622.282,64;0,00;0;0;0,00;3.622.282,64;;;;
MG;3131158;IPABA;7.174.479,80;0,00;0;0;0,00;7.174.479,80;;;;
MG;3131208;IPANEMA;11.442.767,56;0,00;0;0;0,00;11.442.767,56;;;;
MG;3131307;IPATINGA;146.283.595,85;0,00;0;0;0,00;146.283.595,85;;;;
MG;3131406;IPIACU;3.338.616,56;0,00;0;0;0,00;3.338.616,56;;;;
MG;3131505;IPUIUNA;4.667.747,19;0,00;0;0;0,00;4.667.747,19;;;;
MG;3131604;IRAI DE MINAS;4.760.271,09;0,00;0;0;0,00;4.760.271,09;;;;
MG;3131703;ITABIRA;59.462.666,99;0,00;0;0;0,00;59.462.666,99;;;;
MG;3131802;ITABIRINHA;5.504.340,45;0,00;0;0;0,00;5.504.340,45;;;;
MG;3131901;ITABIRITO;44.366.036,79;0,00;0;0;0,00;44.366.036,79;;;;
MG;3132008;ITACAMBIRA;2.136.914,07;0,00;0;0;0,00;2.136.914,07;;;;
MG;3132107;ITACARAMBI;18.647.442,28;0,00;0;0;0,00;18.647.442,28;;;;
MG;3132206;ITAGUARA;5.424.282,37;0,00;0;0;0,00;5.424.282,37;;;;
MG;3132305;ITAIPE;9.066.510,26;0,00;0;0;0,00;9.066.510,26;;;;
MG;3132404;ITAJUBA;46.162.496,15;0,00;0;0;0,00;46.162.496,15;;;;
MG;3132503;ITAMARANDIBA;21.219.828,06;0,00;0;0;0,00;21.219.828,06;;;;
MG;3132602;ITAMARATI DE MINAS;3.571.311,39;0,00;0;0;0,00;3.571.311,39;;;;
MG;3132701;ITAMBACURI;12.108.717,95;0,00;0;0;0,00;12.108.717,95;;;;
MG;3132800;ITAMBE DO MATO DENTRO;385.885,57;0,00;0;0;0,00;385.885,57;;;;
MG;3132909;ITAMOGI;6.344.811,97;0,00;0;0;0,00;6.344.811,97;;;;
MG;3133006;ITAMONTE;6.294.948,80;0,00;0;0;0,00;6.294.948,80;;;;
MG;3133105;ITANHANDU;6.676.125,07;0,00;0;0;0,00;6.676.125,07;;;;
MG;3133204;ITANHOMI;6.730.697,54;0,00;0;0;0,00;6.730.697,54;;;;
MG;3133303;ITAOBIM;10.956.601,60;0,00;0;0;0,00;10.956.601,60;;;;
MG;3133402;ITAPAGIPE;6.689.698,92;0,00;0;0;0,00;6.689.698,92;;;;
MG;3133501;ITAPECERICA;4.490.732,93;0,00;0;0;0,00;4.490.732,93;;;;
MG;3133600;ITAPEVA;11.207.302,56;0,00;0;0;0,00;11.207.302,56;;;;
MG;3133709;ITATIAIUCU;10.604.512,19;0,00;0;0;0,00;10.604.512,19;;;;
MG;3133758;ITAU DE MINAS;10.834.713,84;0,00;0;0;0,00;10.834.713,84;;;;
MG;3133808;ITAUNA;35.367.949,87;0,00;0;0;0,00;35.367.949,87;;;;
MG;3133907;ITAVERAVA;1.548.528,59;0,00;0;0;0,00;1.548.528,59;;;;
MG;3134004;ITINGA;6.737.900,01;0,00;0;0;0,00;6.737.900,01;;;;
MG;3134103;ITUETA;3.730.596,52;0,00;0;0;0,00;3.730.596,52;;;;
MG;3134202;ITUIUTABA;54.940.908,08;0,00;0;0;0,00;54.940.908,08;;;;
MG;3134301;ITUMIRIM;2.068.213,67;0,00;0;0;0,00;2.068.213,67;;;;
MG;3134400;ITURAMA;23.507.716,73;0,00;0;0;0,00;23.507.716,73;;;;
MG;3134509;ITUTINGA;2.136.360,03;0,00;0;0;0,00;2.136.360,03;;;;
MG;3134608;JABOTICATUBAS;8.460.949,72;0,00;0;0;0,00;8.460.949,72;;;;
MG;3134707;JACINTO;6.358.385,85;0,00;0;0;0,00;6.358.385,85;;;;
MG;3134806;JACUI;3.982.405,56;0,00;0;0;0,00;3.982.405,56;;;;
MG;3134905;JACUTINGA;21.507.372,38;0,00;0;0;0,00;21.507.372,38;;;;
MG;3135001;JAGUARACU;2.453.268,20;0,00;0;0;0,00;2.453.268,20;;;;
MG;3135050;JAIBA;17.308.339,03;0,00;0;0;0,00;17.308.339,03;;;;
MG;3135076;JAMPRUCA;2.578.480,17;0,00;0;0;0,00;2.578.480,17;;;;
MG;3135100;JANAUBA;32.990.030,48;0,00;0;0;0,00;32.990.030,48;;;;
MG;3135209;JANUARIA;30.574.436,67;0,00;0;0;0,00;30.574.436,67;;;;
MG;3135308;JAPARAIBA;4.081.577,86;0,00;0;0;0,00;4.081.577,86;;;;
MG;3135357;JAPONVAR;5.602.127,70;0,00;0;0;0,00;5.602.127,70;;;;
MG;3135407;JECEABA;6.202.147,89;0,00;0;0;0,00;6.202.147,89;;;;
MG;3135456;JENIPAPO DE MINAS;2.337.751,83;0,00;0;0;0,00;2.337.751,83;;;;
MG;3135506;JEQUERI;5.792.438,80;0,00;0;0;0,00;5.792.438,80;;;;
MG;3135605;JEQUITAI;3.986.283,80;0,00;0;0;0,00;3.986.283,80;;;;
MG;3135704;JEQUITIBA;3.298.449,01;0,00;0;0;0,00;3.298.449,01;;;;
MG;3135803;JEQUITINHONHA;11.732.805,03;0,00;0;0;0,00;11.732.805,03;;;;
MG;3135902;JESUANIA;2.501.192,26;0,00;0;0;0,00;2.501.192,26;;;;
MG;3136009;JOAIMA;11.108.961,30;0,00;0;0;0,00;11.108.961,30;;;;
MG;3136108;JOANESIA;1.319.157,98;0,00;0;0;0,00;1.319.157,98;;;;
MG;3136207;JOAO MONLEVADE;37.536.997,98;0,00;0;0;0,00;37.536.997,98;;;;
MG;3136306;JOAO PINHEIRO;16.219.659,70;0,00;0;0;0,00;16.219.659,70;;;;
MG;3136405;JOAQUIM FELICIO;4.025.620,30;0,00;0;0;0,00;4.025.620,30;;;;
MG;3136504;JORDANIA;2.769.899,35;0,00;0;0;0,00;2.769.899,35;;;;
MG;3136520;JOSE GONCALVES DE MINAS;2.389.000,11;0,00;0;0;0,00;2.389.000,11;;;;
MG;3136553;JOSE RAYDAN;2.551.609,46;0,00;0;0;0,00;2.551.609,46;;;;
MG;3136579;JOSENOPOLIS;2.509.225,76;0,00;0;0;0,00;2.509.225,76;;;;
MG;3136652;JUATUBA;31.414.908,17;0,00;0;0;0,00;31.414.908,17;;;;
MG;3136702;JUIZ DE FORA;238.145.691,70;0,00;0;0;0,00;238.145.691,70;;;;
MG;3136801;JURAMENTO;2.335.812,71;0,00;0;0;0,00;2.335.812,71;;;;
MG;3136900;JURUAIA;6.748.426,67;0,00;0;0;0,00;6.748.426,67;;;;
MG;3136959;JUVENILIA;3.687.935,81;0,00;0;0;0,00;3.687.935,81;;;;
MG;3137007;LADAINHA;7.029.876,60;0,00;0;0;0,00;7.029.876,60;;;;
MG;3137106;LAGAMAR;2.687.071,09;0,00;0;0;0,00;2.687.071,09;;;;
MG;3137205;LAGOA DA PRATA;16.066.468,96;0,00;0;0;0,00;16.066.468,96;;;;
MG;3137304;LAGOA DOS PATOS;2.322.515,87;0,00;0;0;0,00;2.322.515,87;;;;
MG;3137403;LAGOA DOURADA;12.250.828,00;0,00;0;0;0,00;12.250.828,00;;;;
MG;3137502;LAGOA FORMOSA;10.023.052,16;0,00;0;0;0,00;10.023.052,16;;;;
MG;3137536;LAGOA GRANDE;5.797.425,11;0,00;0;0;0,00;5.797.425,11;;;;
MG;3137601;LAGOA SANTA;49.542.388,36;0,00;0;0;0,00;49.542.388,36;;;;
MG;3137700;LAJINHA;11.625.876,22;0,00;0;0;0,00;11.625.876,22;;;;
MG;3137809;LAMBARI;8.946.838,64;0,00;0;0;0,00;8.946.838,64;;;;
MG;3137908;LAMIM;1.165.690,21;0,00;0;0;0,00;1.165.690,21;;;;
MG;3138005;LARANJAL;4.401.256,22;0,00;0;0;0,00;4.401.256,22;;;;
MG;3138104;LASSANCE;3.507.874,34;0,00;0;0;0,00;3.507.874,34;;;;
MG;3138203;LAVRAS;57.068.957,58;0,00;0;0;0,00;57.068.957,58;;;;
MG;3138302;LEANDRO FERREIRA;1.002.249,81;0,00;0;0;0,00;1.002.249,81;;;;
MG;3138351;LEME DO PRADO;4.386.020,26;0,00;0;0;0,00;4.386.020,26;;;;
MG;3138401;LEOPOLDINA;28.791.274,14;0,00;0;0;0,00;28.791.274,14;;;;
MG;3138500;LIBERDADE;2.013.918,23;0,00;0;0;0,00;2.013.918,23;;;;
MG;3138609;LIMA DUARTE;8.527.710,97;0,00;0;0;0,00;8.527.710,97;;;;
MG;3138625;LIMEIRA DO OESTE;5.551.433,46;0,00;0;0;0,00;5.551.433,46;;;;
MG;3138658;LONTRA;8.058.997,11;0,00;0;0;0,00;8.058.997,11;;;;
MG;3138674;LUISBURGO;4.949.751,15;0,00;0;0;0,00;4.949.751,15;;;;
MG;3138682;LUISLANDIA;3.101.212,45;0,00;0;0;0,00;3.101.212,45;;;;
MG;3138708;LUMINARIAS;2.837.768,67;0,00;0;0;0,00;2.837.768,67;;;;
MG;3138807;LUZ;8.244.598,93;0,00;0;0;0,00;8.244.598,93;;;;
MG;3138906;MACHACALIS;3.608.431,75;0,00;0;0;0,00;3.608.431,75;;;;
MG;3139003;MACHADO;17.083.677,72;0,00;0;0;0,00;17.083.677,72;;;;
MG;3139102;MADRE DE DEUS DE MINAS;2.264.342,18;0,00;0;0;0,00;2.264.342,18;;;;
MG;3139201;MALACACHETA;7.397.201,98;0,00;0;0;0,00;7.397.201,98;;;;
MG;3139250;MAMONAS;3.340.278,67;0,00;0;0;0,00;3.340.278,67;;;;
MG;3139300;MANGA;13.864.178,72;0,00;0;0;0,00;13.864.178,72;;;;
MG;3139409;MANHUACU;39.484.154,96;0,00;0;0;0,00;39.484.154,96;;;;
MG;3139508;MANHUMIRIM;14.119.034,95;0,00;0;0;0,00;14.119.034,95;;;;
MG;3139607;MANTENA;16.754.303,75;0,00;0;0;0,00;16.754.303,75;;;;
MG;3139805;MAR DE ESPANHA;4.258.869,17;0,00;0;0;0,00;4.258.869,17;;;;
MG;3139706;MARAVILHAS;5.267.213,37;0,00;0;0;0,00;5.267.213,37;;;;
MG;3139904;MARIA DA FE;11.146.081,66;0,00;0;0;0,00;11.146.081,66;;;;
MG;3140001;MARIANA;43.781.529,57;0,00;0;0;0,00;43.781.529,57;;;;
MG;3140100;MARILAC;3.900.962,38;0,00;0;0;0,00;3.900.962,38;;;;
MG;3140159;MARIO CAMPOS;8.358.453,19;0,00;0;0;0,00;8.358.453,19;;;;
MG;3140209;MARIPA DE MINAS;3.492.638,37;0,00;0;0;0,00;3.492.638,37;;;;
MG;3140308;MARLIERIA;2.708.678,47;0,00;0;0;0,00;2.708.678,47;;;;
MG;3140407;MARMELOPOLIS;1.593.682,48;0,00;0;0;0,00;1.593.682,48;;;;
MG;3140506;MARTINHO CAMPOS;8.277.009,99;0,00;0;0;0,00;8.277.009,99;;;;
MG;3140530;MARTINS SOARES;5.113.468,58;0,00;0;0;0,00;5.113.468,58;;;;
MG;3140555;MATA VERDE;5.086.597,86;0,00;0;0;0,00;5.086.597,86;;;;
MG;3140605;MATERLANDIA;2.910.347,30;0,00;0;0;0,00;2.910.347,30;;;;
MG;3140704;MATEUS LEME;21.986.058,84;0,00;0;0;0,00;21.986.058,84;;;;
MG;3171501;MATHIAS LOBATO;2.429.998,71;0,00;0;0;0,00;2.429.998,71;;;;
MG;3140803;MATIAS BARBOSA;7.155.365,59;0,00;0;0;0,00;7.155.365,59;;;;
MG;3140852;MATIAS CARDOSO;8.066.199,57;0,00;0;0;0,00;8.066.199,57;;;;
MG;3140902;MATIPO;8.110.522,39;0,00;0;0;0,00;8.110.522,39;;;;
MG;3141009;MATO VERDE;5.309.043,03;0,00;0;0;0,00;5.309.043,03;;;;
MG;3141108;MATOZINHOS;19.266.022,66;0,00;0;0;0,00;19.266.022,66;;;;
MG;3141207;MATUTINA;2.489.003,48;0,00;0;0;0,00;2.489.003,48;;;;
MG;3141306;MEDEIROS;3.767.162,84;0,00;0;0;0,00;3.767.162,84;;;;
MG;3141405;MEDINA;8.011.073,06;0,00;0;0;0,00;8.011.073,06;;;;
MG;3141504;MENDES PIMENTEL;2.760.480,76;0,00;0;0;0,00;2.760.480,76;;;;
MG;3141603;MERCES;5.453.369,20;0,00;0;0;0,00;5.453.369,20;;;;
MG;3141702;MESQUITA;3.113.401,22;0,00;0;0;0,00;3.113.401,22;;;;
MG;3141801;MINAS NOVAS;10.994.553,03;0,00;0;0;0,00;10.994.553,03;;;;
MG;3141900;MINDURI;2.218.357,25;0,00;0;0;0,00;2.218.357,25;;;;
MG;3142007;MIRABELA;7.130.711,01;0,00;0;0;0,00;7.130.711,01;;;;
MG;3142106;MIRADOURO;5.495.198,87;0,00;0;0;0,00;5.495.198,87;;;;
MG;3142205;MIRAI;5.103.772,97;0,00;0;0;0,00;5.103.772,97;;;;
MG;3142254;MIRAVANIA;3.702.617,74;0,00;0;0;0,00;3.702.617,74;;;;
MG;3142304;MOEDA;2.720.036,18;0,00;0;0;0,00;2.720.036,18;;;;
MG;3142403;MOEMA;3.556.629,46;0,00;0;0;0,00;3.556.629,46;;;;
MG;3142502;MONJOLOS;1.021.641,04;0,00;0;0;0,00;1.021.641,04;;;;
MG;3142601;MONSENHOR PAULO;4.888.530,25;0,00;0;0;0,00;4.888.530,25;;;;
MG;3142700;MONTALVANIA;6.219.322,97;0,00;0;0;0,00;6.219.322,97;;;;
MG;3142809;MONTE ALEGRE DE MINAS;12.383.242,45;0,00;0;0;0,00;12.383.242,45;;;;
MG;3142908;MONTE AZUL;6.615.181,20;0,00;0;0;0,00;6.615.181,20;;;;
MG;3143005;MONTE BELO;6.729.866,50;0,00;0;0;0,00;6.729.866,50;;;;
MG;3143104;MONTE CARMELO;18.711.156,34;0,00;0;0;0,00;18.711.156,34;;;;
MG;3143153;MONTE FORMOSO;2.677.098,46;0,00;0;0;0,00;2.677.098,46;;;;
MG;3143203;MONTE SANTO DE MINAS;12.184.897,82;0,00;0;0;0,00;12.184.897,82;;;;
MG;3143401;MONTE SIAO;18.984.572,74;0,00;0;0;0,00;18.984.572,74;;;;
MG;3143302;MONTES CLAROS;174.606.987,19;0,00;0;0;0,00;174.606.987,19;;;;
MG;3143450;MONTEZUMA;3.957.750,98;0,00;0;0;0,00;3.957.750,98;;;;
MG;3143500;MORADA NOVA DE MINAS;7.932.954,10;0,00;0;0;0,00;7.932.954,10;;;;
MG;3143609;MORRO DA GARCA;2.450.775,05;0,00;0;0;0,00;2.450.775,05;;;;
MG;3143708;MORRO DO PILAR;606.668,62;0,00;0;0;0,00;606.668,62;;;;
MG;3143807;MUNHOZ;4.407.073,60;0,00;0;0;0,00;4.407.073,60;;;;
MG;3143906;MURIAE;63.074.699,95;0,00;0;0;0,00;63.074.699,95;;;;
MG;3144003;MUTUM;10.114.467,99;0,00;0;0;0,00;10.114.467,99;;;;
MG;3144102;MUZAMBINHO;10.040.504,28;0,00;0;0;0,00;10.040.504,28;;;;
MG;3144201;NACIP RAYDAN;1.349.352,91;0,00;0;0;0,00;1.349.352,91;;;;
MG;3144300;NANUQUE;12.626.740,95;0,00;0;0;0,00;12.626.740,95;;;;
MG;3144359;NAQUE;4.652.788,25;0,00;0;0;0,00;4.652.788,25;;;;
MG;3144375;NATALANDIA;2.798.986,20;0,00;0;0;0,00;2.798.986,20;;;;
MG;3144409;NATERCIA;2.488.726,45;0,00;0;0;0,00;2.488.726,45;;;;
MG;3144508;NAZARENO;4.664.422,99;0,00;0;0;0,00;4.664.422,99;;;;
MG;3144607;NEPOMUCENO;11.692.360,44;0,00;0;0;0,00;11.692.360,44;;;;
MG;3144656;NINHEIRA;5.698.252,81;0,00;0;0;0,00;5.698.252,81;;;;
MG;3144672;NOVA BELEM;2.659.092,31;0,00;0;0;0,00;2.659.092,31;;;;
MG;3144706;NOVA ERA;10.039.119,20;0,00;0;0;0,00;10.039.119,20;;;;
MG;3144805;NOVA LIMA;59.060.160,34;0,00;0;0;0,00;59.060.160,34;;;;
MG;3144904;NOVA MODICA;2.438.586,27;0,00;0;0;0,00;2.438.586,27;;;;
MG;3145000;NOVA PONTE;14.062.800,38;0,00;0;0;0,00;14.062.800,38;;;;
MG;3145059;NOVA PORTEIRINHA;4.572.176,12;0,00;0;0;0,00;4.572.176,12;;;;
MG;3145109;NOVA RESENDE;10.021.667,08;0,00;0;0;0,00;10.021.667,08;;;;
MG;3145208;NOVA SERRANA;93.353.558,80;0,00;0;0;0,00;93.353.558,80;;;;
MG;3136603;NOVA UNIAO;3.213.958,63;0,00;0;0;0,00;3.213.958,63;;;;
MG;3145307;NOVO CRUZEIRO;13.389.647,53;0,00;0;0;0,00;13.389.647,53;;;;
MG;3145356;NOVO ORIENTE DE MINAS;5.951.723,96;0,00;0;0;0,00;5.951.723,96;;;;
MG;3145372;NOVORIZONTE;4.021.465,04;0,00;0;0;0,00;4.021.465,04;;;;
MG;3145406;OLARIA;2.026.938,05;0,00;0;0;0,00;2.026.938,05;;;;
MG;3145455;OLHOS-DAGUA;3.917.306,42;0,00;0;0;0,00;3.917.306,42;;;;
MG;3145505;OLIMPIO NORONHA;2.263.788,14;0,00;0;0;0,00;2.263.788,14;;;;
MG;3145604;OLIVEIRA;16.877.299,58;0,00;0;0;0,00;16.877.299,58;;;;
MG;3145703;OLIVEIRA FORTES;1.534.123,67;0,00;0;0;0,00;1.534.123,67;;;;
MG;3145802;ONCA DE PITANGUI;1.259.322,19;0,00;0;0;0,00;1.259.322,19;;;;
MG;3145851;ORATORIOS;5.168.041,04;0,00;0;0;0,00;5.168.041,04;;;;
MG;3145877;ORIZANIA;7.774.222,98;0,00;0;0;0,00;7.774.222,98;;;;
MG;3145901;OURO BRANCO;32.788.361,62;0,00;0;0;0,00;32.788.361,62;;;;
MG;3146008;OURO FINO;8.944.068,46;0,00;0;0;0,00;8.944.068,46;;;;
MG;3146107;OURO PRETO;42.788.421,34;0,00;0;0;0,00;42.788.421,34;;;;
MG;3146206;OURO VERDE DE MINAS;3.427.262,20;0,00;0;0;0,00;3.427.262,20;;;;
MG;3146255;PADRE CARVALHO;2.799.817,27;0,00;0;0;0,00;2.799.817,27;;;;
MG;3146305;PADRE PARAISO;12.232.821,87;0,00;0;0;0,00;12.232.821,87;;;;
MG;3146552;PAI PEDRO;4.955.568,51;0,00;0;0;0,00;4.955.568,51;;;;
MG;3146404;PAINEIRAS;2.238.856,56;0,00;0;0;0,00;2.238.856,56;;;;
MG;3146503;PAINS;4.277.706,37;0,00;0;0;0,00;4.277.706,37;;;;
MG;3146602;PAIVA;1.111.394,76;0,00;0;0;0,00;1.111.394,76;;;;
MG;3146701;PALMA;2.651.612,84;0,00;0;0;0,00;2.651.612,84;;;;
MG;3146750;PALMOPOLIS;2.844.417,10;0,00;0;0;0,00;2.844.417,10;;;;
MG;3146909;PAPAGAIOS;7.857.328,27;0,00;0;0;0,00;7.857.328,27;;;;
MG;3147105;PARA DE MINAS;50.694.504,71;0,00;0;0;0,00;50.694.504,71;;;;
MG;3147006;PARACATU;53.389.609,31;0,00;0;0;0,00;53.389.609,31;;;;
MG;3147204;PARAGUACU;11.886.272,80;0,00;0;0;0,00;11.886.272,80;;;;
MG;3147303;PARAISOPOLIS;9.646.862,21;0,00;0;0;0,00;9.646.862,21;;;;
MG;3147402;PARAOPEBA;14.482.482,10;0,00;0;0;0,00;14.482.482,10;;;;
MG;3147600;PASSA QUATRO;4.164.406,15;0,00;0;0;0,00;4.164.406,15;;;;
MG;3147709;PASSA TEMPO;4.217.316,51;0,00;0;0;0,00;4.217.316,51;;;;
MG;3147808;PASSA VINTE;1.875.409,41;0,00;0;0;0,00;1.875.409,41;;;;
MG;3147501;PASSABEM;844.626,79;0,00;0;0;0,00;844.626,79;;;;
MG;3147907;PASSOS;53.419.250,20;0,00;0;0;0,00;53.419.250,20;;;;
MG;3147956;PATIS;4.474.942,93;0,00;0;0;0,00;4.474.942,93;;;;
MG;3148004;PATOS DE MINAS;53.685.187,13;0,00;0;0;0,00;53.685.187,13;;;;
MG;3148103;PATROCINIO;45.948.361,54;0,00;0;0;0,00;45.948.361,54;;;;
MG;3148202;PATROCINIO DO MURIAE;2.805.634,63;0,00;0;0;0,00;2.805.634,63;;;;
MG;3148301;PAULA CANDIDO;4.059.416,46;0,00;0;0;0,00;4.059.416,46;;;;
MG;3148400;PAULISTAS;3.390.695,88;0,00;0;0;0,00;3.390.695,88;;;;
MG;3148509;PAVAO;2.467.673,13;0,00;0;0;0,00;2.467.673,13;;;;
MG;3148608;PECANHA;6.724.049,12;0,00;0;0;0,00;6.724.049,12;;;;
MG;3148707;PEDRA AZUL;13.356.405,40;0,00;0;0;0,00;13.356.405,40;;;;
MG;3148756;PEDRA BONITA;6.301.043,19;0,00;0;0;0,00;6.301.043,19;;;;
MG;3148806;PEDRA DO ANTA;1.778.453,23;0,00;0;0;0,00;1.778.453,23;;;;
MG;3148905;PEDRA DO INDAIA;3.276.564,61;0,00;0;0;0,00;3.276.564,61;;;;
MG;3149002;PEDRA DOURADA;2.863.254,30;0,00;0;0;0,00;2.863.254,30;;;;
MG;3149101;PEDRALVA;4.294.881,46;0,00;0;0;0,00;4.294.881,46;;;;
MG;3149150;PEDRAS DE MARIA DA CRUZ;5.003.215,56;0,00;0;0;0,00;5.003.215,56;;;;
MG;3149200;PEDRINOPOLIS;2.318.083,59;0,00;0;0;0,00;2.318.083,59;;;;
MG;3149309;PEDRO LEOPOLDO;39.216.555,92;0,00;0;0;0,00;39.216.555,92;;;;
MG;3149408;PEDRO TEIXEIRA;1.500.604,54;0,00;0;0;0,00;1.500.604,54;;;;
MG;3149507;PEQUERI;3.868.828,33;0,00;0;0;0,00;3.868.828,33;;;;
MG;3149606;PEQUI;2.561.859,12;0,00;0;0;0,00;2.561.859,12;;;;
MG;3149705;PERDIGAO;9.052.382,37;0,00;0;0;0,00;9.052.382,37;;;;
MG;3149804;PERDIZES;11.420.052,12;0,00;0;0;0,00;11.420.052,12;;;;
MG;3149903;PERDOES;9.803.377,18;0,00;0;0;0,00;9.803.377,18;;;;
MG;3149952;PERIQUITO;8.029.633,25;0,00;0;0;0,00;8.029.633,25;;;;
MG;3150000;PESCADOR;2.092.591,24;0,00;0;0;0,00;2.092.591,24;;;;
MG;3150109;PIAU;1.506.975,95;0,00;0;0;0,00;1.506.975,95;;;;
MG;3150158;PIEDADE DE CARATINGA;5.899.367,61;0,00;0;0;0,00;5.899.367,61;;;;
MG;3150208;PIEDADE DE PONTE NOVA;2.554.102,62;0,00;0;0;0,00;2.554.102,62;;;;
MG;3150307;PIEDADE DO RIO GRANDE;2.142.454,42;0,00;0;0;0,00;2.142.454,42;;;;
MG;3150406;PIEDADE DOS GERAIS;2.367.392,72;0,00;0;0;0,00;2.367.392,72;;;;
MG;3150505;PIMENTA;3.712.590,39;0,00;0;0;0,00;3.712.590,39;;;;
MG;3150539;PINGO DAGUA;3.527.542,61;0,00;0;0;0,00;3.527.542,61;;;;
MG;3150570;PINTOPOLIS;4.223.133,89;0,00;0;0;0,00;4.223.133,89;;;;
MG;3150604;PIRACEMA;2.699.813,90;0,00;0;0;0,00;2.699.813,90;;;;
MG;3150703;PIRAJUBA;4.032.822,77;0,00;0;0;0,00;4.032.822,77;;;;
MG;3150802;PIRANGA;6.221.539,12;0,00;0;0;0,00;6.221.539,12;;;;
MG;3150901;PIRANGUCU;3.126.144,03;0,00;0;0;0,00;3.126.144,03;;;;
MG;3151008;PIRANGUINHO;5.622.349,98;0,00;0;0;0,00;5.622.349,98;;;;
MG;3151107;PIRAPETINGA;7.637.376,28;0,00;0;0;0,00;7.637.376,28;;;;
MG;3151206;PIRAPORA;30.280.243,94;0,00;0;0;0,00;30.280.243,94;;;;
MG;3151305;PIRAUBA;5.934.271,84;0,00;0;0;0,00;5.934.271,84;;;;
MG;3151404;PITANGUI;11.095.664,45;0,00;0;0;0,00;11.095.664,45;;;;
MG;3151503;PIUMHI;17.874.009,04;0,00;0;0;0,00;17.874.009,04;;;;
MG;3151602;PLANURA;7.231.822,46;0,00;0;0;0,00;7.231.822,46;;;;
MG;3151701;POCO FUNDO;4.494.334,14;0,00;0;0;0,00;4.494.334,14;;;;
MG;3151800;POCOS DE CALDAS;121.399.655,51;0,00;0;0;0,00;121.399.655,51;;;;
MG;3151909;POCRANE;2.164.061,78;0,00;0;0;0,00;2.164.061,78;;;;
MG;3152006;POMPEU;18.739.135,12;0,00;0;0;0,00;18.739.135,12;;;;
MG;3152105;PONTE NOVA;36.175.179,27;0,00;0;0;0,00;36.175.179,27;;;;
MG;3152131;PONTO CHIQUE;3.276.287,61;0,00;0;0;0,00;3.276.287,61;;;;
MG;3152170;PONTO DOS VOLANTES;11.246.639,07;0,00;0;0;0,00;11.246.639,07;;;;
MG;3152204;PORTEIRINHA;17.895.339,40;0,00;0;0;0,00;17.895.339,40;;;;
MG;3152303;PORTO FIRME;2.139.130,19;0,00;0;0;0,00;2.139.130,19;;;;
MG;3152402;POTE;7.522.690,97;0,00;0;0;0,00;7.522.690,97;;;;
MG;3152501;POUSO ALEGRE;97.144.822,19;0,00;0;0;0,00;97.144.822,19;;;;
MG;3152600;POUSO ALTO;3.327.535,86;0,00;0;0;0,00;3.327.535,86;;;;
MG;3152709;PRADOS;4.730.076,17;0,00;0;0;0,00;4.730.076,17;;;;
MG;3152808;PRATA;14.694.954,62;0,00;0;0;0,00;14.694.954,62;;;;
MG;3152907;PRATAPOLIS;3.151.906,69;0,00;0;0;0,00;3.151.906,69;;;;
MG;3153004;PRATINHA;2.210.046,71;0,00;0;0;0,00;2.210.046,71;;;;
MG;3153103;PRESIDENTE BERNARDES;1.539.941,05;0,00;0;0;0,00;1.539.941,05;;;;
MG;3153202;PRESIDENTE JUSCELINO;2.177.081,62;0,00;0;0;0,00;2.177.081,62;;;;
MG;3153301;PRESIDENTE KUBITSCHEK;2.701.476,01;0,00;0;0;0,00;2.701.476,01;;;;
MG;3153400;PRESIDENTE OLEGARIO;12.485.461,95;0,00;0;0;0,00;12.485.461,95;;;;
MG;3153608;PRUDENTE DE MORAIS;6.142.035,06;0,00;0;0;0,00;6.142.035,06;;;;
MG;3153707;QUARTEL GERAL;3.337.508,51;0,00;0;0;0,00;3.337.508,51;;;;
MG;3153806;QUELUZITA;688.111,82;0,00;0;0;0,00;688.111,82;;;;
MG;3153905;RAPOSOS;8.693.921,53;0,00;0;0;0,00;8.693.921,53;;;;
MG;3154002;RAUL SOARES;10.315.582,79;0,00;0;0;0,00;10.315.582,79;;;;
MG;3154101;RECREIO;6.289.408,45;0,00;0;0;0,00;6.289.408,45;;;;
MG;3154150;REDUTO;4.439.761,69;0,00;0;0;0,00;4.439.761,69;;;;
MG;3154200;RESENDE COSTA;6.534.569,06;0,00;0;0;0,00;6.534.569,06;;;;
MG;3154309;RESPLENDOR;10.699.529,25;0,00;0;0;0,00;10.699.529,25;;;;
MG;3154408;RESSAQUINHA;4.125.346,67;0,00;0;0;0,00;4.125.346,67;;;;
MG;3154457;RIACHINHO;4.203.465,63;0,00;0;0;0,00;4.203.465,63;;;;
MG;3154507;RIACHO DOS MACHADOS;7.650.119,09;0,00;0;0;0,00;7.650.119,09;;;;
MG;3154606;RIBEIRAO DAS NEVES;144.579.937,38;0,00;0;0;0,00;144.579.937,38;;;;
MG;3154705;RIBEIRAO VERMELHO;2.110.320,37;0,00;0;0;0,00;2.110.320,37;;;;
MG;3154804;RIO ACIMA;8.045.977,29;0,00;0;0;0,00;8.045.977,29;;;;
MG;3154903;RIO CASCA;12.025.889,69;0,00;0;0;0,00;12.025.889,69;;;;
MG;3155108;RIO DO PRADO;2.669.341,96;0,00;0;0;0,00;2.669.341,96;;;;
MG;3155009;RIO DOCE;1.572.352,10;0,00;0;0;0,00;1.572.352,10;;;;
MG;3155207;RIO ESPERA;982.304,54;0,00;0;0;0,00;982.304,54;;;;
MG;3155306;RIO MANSO;2.198.411,97;0,00;0;0;0,00;2.198.411,97;;;;
MG;3155405;RIO NOVO;4.343.636,55;0,00;0;0;0,00;4.343.636,55;;;;
MG;3155504;RIO PARANAIBA;9.252.389,09;0,00;0;0;0,00;9.252.389,09;;;;
MG;3155603;RIO PARDO DE MINAS;17.857.942,01;0,00;0;0;0,00;17.857.942,01;;;;
MG;3155702;RIO PIRACICABA;8.588.377,81;0,00;0;0;0,00;8.588.377,81;;;;
MG;3155801;RIO POMBA;7.287.780,02;0,00;0;0;0,00;7.287.780,02;;;;
MG;3155900;RIO PRETO;3.174.345,12;0,00;0;0;0,00;3.174.345,12;;;;
MG;3156007;RIO VERMELHO;6.768.925,98;0,00;0;0;0,00;6.768.925,98;;;;
MG;3156106;RITAPOLIS;2.026.661,04;0,00;0;0;0,00;2.026.661,04;;;;
MG;3156205;ROCHEDO DE MINAS;2.565.737,36;0,00;0;0;0,00;2.565.737,36;;;;
MG;3156304;RODEIRO;5.674.429,30;0,00;0;0;0,00;5.674.429,30;;;;
MG;3156403;ROMARIA;1.996.743,14;0,00;0;0;0,00;1.996.743,14;;;;
MG;3156452;ROSARIO DA LIMEIRA;4.223.687,93;0,00;0;0;0,00;4.223.687,93;;;;
MG;3156502;RUBELITA;3.612.032,98;0,00;0;0;0,00;3.612.032,98;;;;
MG;3156601;RUBIM;8.874.537,04;0,00;0;0;0,00;8.874.537,04;;;;
MG;3156700;SABARA;82.559.289,55;0,00;0;0;0,00;82.559.289,55;;;;
MG;3156809;SABINOPOLIS;5.612.377,33;0,00;0;0;0,00;5.612.377,33;;;;
MG;3156908;SACRAMENTO;17.767.357,25;0,00;0;0;0,00;17.767.357,25;;;;
MG;3157005;SALINAS;12.359.695,95;0,00;0;0;0,00;12.359.695,95;;;;
MG;3157104;SALTO DA DIVISA;4.810.965,31;0,00;0;0;0,00;4.810.965,31;;;;
MG;3157203;SANTA BARBARA;21.629.814,16;0,00;0;0;0,00;21.629.814,16;;;;
MG;3157252;SANTA BARBARA DO LESTE;4.745.312,13;0,00;0;0;0,00;4.745.312,13;;;;
MG;3157278;SANTA BARBARA DO MONTE VERDE;2.618.093,69;0,00;0;0;0,00;2.618.093,69;;;;
MG;3157302;SANTA BARBARA DO TUGURIO;3.673.807,92;0,00;0;0;0,00;3.673.807,92;;;;
MG;3157336;SANTA CRUZ DE MINAS;3.649.430,35;0,00;0;0;0,00;3.649.430,35;;;;
MG;3157377;SANTA CRUZ DE SALINAS;2.587.621,75;0,00;0;0;0,00;2.587.621,75;;;;
MG;3157401;SANTA CRUZ DO ESCALVADO;2.546.346,12;0,00;0;0;0,00;2.546.346,12;;;;
MG;3157500;SANTA EFIGENIA DE MINAS;2.519.475,42;0,00;0;0;0,00;2.519.475,42;;;;
MG;3157609;SANTA FE DE MINAS;2.164.892,85;0,00;0;0;0,00;2.164.892,85;;;;
MG;3157658;SANTA HELENA DE MINAS;2.119.461,95;0,00;0;0;0,00;2.119.461,95;;;;
MG;3157708;SANTA JULIANA;8.667.881,87;0,00;0;0;0,00;8.667.881,87;;;;
MG;3157807;SANTA LUZIA;133.295.346,90;0,00;0;0;0,00;133.295.346,90;;;;
MG;3157906;SANTA MARGARIDA;8.947.669,69;0,00;0;0;0,00;8.947.669,69;;;;
MG;3158003;SANTA MARIA DE ITABIRA;6.691.638,07;0,00;0;0;0,00;6.691.638,07;;;;
MG;3158102;SANTA MARIA DO SALTO;2.702.584,08;0,00;0;0;0,00;2.702.584,08;;;;
MG;3158201;SANTA MARIA DO SUACUI;6.101.867,51;0,00;0;0;0,00;6.101.867,51;;;;
MG;3159209;SANTA RITA DE CALDAS;3.271.855,31;0,00;0;0;0,00;3.271.855,31;;;;
MG;3159407;SANTA RITA DE IBITIPOCA;2.049.653,50;0,00;0;0;0,00;2.049.653,50;;;;
MG;3159308;SANTA RITA DE JACUTINGA;4.088.780,33;0,00;0;0;0,00;4.088.780,33;;;;
MG;3159357;SANTA RITA DE MINAS;3.923.677,81;0,00;0;0;0,00;3.923.677,81;;;;
MG;3159506;SANTA RITA DO ITUETO;4.028.944,53;0,00;0;0;0,00;4.028.944,53;;;;
MG;3159605;SANTA RITA DO SAPUCAI;22.339.256,33;0,00;0;0;0,00;22.339.256,33;;;;
MG;3159704;SANTA ROSA DA SERRA;2.581.250,36;0,00;0;0;0,00;2.581.250,36;;;;
MG;3159803;SANTA VITORIA;12.687.407,81;0,00;0;0;0,00;12.687.407,81;;;;
MG;3158300;SANTANA DA VARGEM;2.443.295,56;0,00;0;0;0,00;2.443.295,56;;;;
MG;3158409;SANTANA DE CATAGUASES;2.933.062,74;0,00;0;0;0,00;2.933.062,74;;;;
MG;3158508;SANTANA DE PIRAPAMA;3.577.405,78;0,00;0;0;0,00;3.577.405,78;;;;
MG;3158607;SANTANA DO DESERTO;3.743.616,36;0,00;0;0;0,00;3.743.616,36;;;;
MG;3158706;SANTANA DO GARAMBEU;1.865.436,76;0,00;0;0;0,00;1.865.436,76;;;;
MG;3158805;SANTANA DO JACARE;2.614.492,46;0,00;0;0;0,00;2.614.492,46;;;;
MG;3158904;SANTANA DO MANHUACU;4.537.271,88;0,00;0;0;0,00;4.537.271,88;;;;
MG;3158953;SANTANA DO PARAISO;14.134.824,96;0,00;0;0;0,00;14.134.824,96;;;;
MG;3159001;SANTANA DO RIACHO;3.011.181,72;0,00;0;0;0,00;3.011.181,72;;;;
MG;3159100;SANTANA DOS MONTES;2.615.323,52;0,00;0;0;0,00;2.615.323,52;;;;
MG;3159902;SANTO ANTONIO DO AMPARO;8.999.472,00;0,00;0;0;0,00;8.999.472,00;;;;
MG;3160009;SANTO ANTONIO DO AVENTUREIRO;2.262.957,08;0,00;0;0;0,00;2.262.957,08;;;;
MG;3160108;SANTO ANTONIO DO GRAMA;3.153.568,80;0,00;0;0;0,00;3.153.568,80;;;;
MG;3160207;SANTO ANTONIO DO ITAMBE;2.287.611,65;0,00;0;0;0,00;2.287.611,65;;;;
MG;3160306;SANTO ANTONIO DO JACINTO;6.745.656,50;0,00;0;0;0,00;6.745.656,50;;;;
MG;3160405;SANTO ANTONIO DO MONTE;13.275.239,23;0,00;0;0;0,00;13.275.239,23;;;;
MG;3160454;SANTO ANTONIO DO RETIRO;6.274.172,48;0,00;0;0;0,00;6.274.172,48;;;;
MG;3160504;SANTO ANTONIO DO RIO ABAIXO;1.038.262,12;0,00;0;0;0,00;1.038.262,12;;;;
MG;3160603;SANTO HIPOLITO;1.487.584,72;0,00;0;0;0,00;1.487.584,72;;;;
MG;3160702;SANTOS DUMONT;21.099.325,38;0,00;0;0;0,00;21.099.325,38;;;;
MG;3160801;SAO BENTO ABADE;2.812.837,09;0,00;0;0;0,00;2.812.837,09;;;;
MG;3160900;SAO BRAS DO SUACUI;4.131.441,06;0,00;0;0;0,00;4.131.441,06;;;;
MG;3160959;SAO DOMINGOS DAS DORES;5.281.618,29;0,00;0;0;0,00;5.281.618,29;;;;
MG;3161007;SAO DOMINGOS DO PRATA;8.272.300,70;0,00;0;0;0,00;8.272.300,70;;;;
MG;3161056;SAO FELIX DE MINAS;2.724.745,48;0,00;0;0;0,00;2.724.745,48;;;;
MG;3161106;SAO FRANCISCO;30.750.065,85;0,00;0;0;0,00;30.750.065,85;;;;
MG;3161205;SAO FRANCISCO DE PAULA;3.948.886,43;0,00;0;0;0,00;3.948.886,43;;;;
MG;3161304;SAO FRANCISCO DE SALES;5.693.820,53;0,00;0;0;0,00;5.693.820,53;;;;
MG;3161403;SAO FRANCISCO DO GLORIA;2.748.014,96;0,00;0;0;0,00;2.748.014,96;;;;
MG;3161502;SAO GERALDO;4.887.145,17;0,00;0;0;0,00;4.887.145,17;;;;
MG;3161601;SAO GERALDO DA PIEDADE;2.108.935,26;0,00;0;0;0,00;2.108.935,26;;;;
MG;3161650;SAO GERALDO DO BAIXIO;1.884.828,00;0,00;0;0;0,00;1.884.828,00;;;;
MG;3161700;SAO GONCALO DO ABAETE;4.384.635,17;0,00;0;0;0,00;4.384.635,17;;;;
MG;3161809;SAO GONCALO DO PARA;6.742.332,28;0,00;0;0;0,00;6.742.332,28;;;;
MG;3161908;SAO GONCALO DO RIO ABAIXO;13.343.108,55;0,00;0;0;0,00;13.343.108,55;;;;
MG;3125507;SAO GONCALO DO RIO PRETO;2.018.350,50;0,00;0;0;0,00;2.018.350,50;;;;
MG;3162005;SAO GONCALO DO SAPUCAI;15.062.834,04;0,00;0;0;0,00;15.062.834,04;;;;
MG;3162104;SAO GOTARDO;21.474.130,26;0,00;0;0;0,00;21.474.130,26;;;;
MG;3162203;SAO JOAO BATISTA DO GLORIA;4.329.785,67;0,00;0;0;0,00;4.329.785,67;;;;
MG;3162252;SAO JOAO DA LAGOA;3.403.992,73;0,00;0;0;0,00;3.403.992,73;;;;
MG;3162302;SAO JOAO DA MATA;1.721.941,64;0,00;0;0;0,00;1.721.941,64;;;;
MG;3162401;SAO JOAO DA PONTE;15.969.235,77;0,00;0;0;0,00;15.969.235,77;;;;
MG;3162450;SAO JOAO DAS MISSOES;6.483.320,78;0,00;0;0;0,00;6.483.320,78;;;;
MG;3162500;SAO JOAO DEL REI;24.280.872,96;0,00;0;0;0,00;24.280.872,96;;;;
MG;3162559;SAO JOAO DO MANHUACU;9.561.263,76;0,00;0;0;0,00;9.561.263,76;;;;
MG;3162575;SAO JOAO DO MANTENINHA;3.368.811,49;0,00;0;0;0,00;3.368.811,49;;;;
MG;3162609;SAO JOAO DO ORIENTE;3.008.411,54;0,00;0;0;0,00;3.008.411,54;;;;
MG;3162658;SAO JOAO DO PACUI;2.429.444,69;0,00;0;0;0,00;2.429.444,69;;;;
MG;3162708;SAO JOAO DO PARAISO;7.981.986,20;0,00;0;0;0,00;7.981.986,20;;;;
MG;3162807;SAO JOAO EVANGELISTA;9.124.960,97;0,00;0;0;0,00;9.124.960,97;;;;
MG;3162906;SAO JOAO NEPOMUCENO;19.398.437,09;0,00;0;0;0,00;19.398.437,09;;;;
MG;3162922;SAO JOAQUIM DE BICAS;23.711.878,74;0,00;0;0;0,00;23.711.878,74;;;;
MG;3162948;SAO JOSE DA BARRA;4.714.286,16;0,00;0;0;0,00;4.714.286,16;;;;
MG;3162955;SAO JOSE DA LAPA;22.970.302,52;0,00;0;0;0,00;22.970.302,52;;;;
MG;3163003;SAO JOSE DA SAFIRA;2.715.603,90;0,00;0;0;0,00;2.715.603,90;;;;
MG;3163102;SAO JOSE DA VARGINHA;2.438.586,27;0,00;0;0;0,00;2.438.586,27;;;;
MG;3163201;SAO JOSE DO ALEGRE;2.429.444,69;0,00;0;0;0,00;2.429.444,69;;;;
MG;3163300;SAO JOSE DO DIVINO;2.465.179,95;0,00;0;0;0,00;2.465.179,95;;;;
MG;3163409;SAO JOSE DO GOIABAL;2.695.935,66;0,00;0;0;0,00;2.695.935,66;;;;
MG;3163508;SAO JOSE DO JACURI;3.101.212,45;0,00;0;0;0,00;3.101.212,45;;;;
MG;3163607;SAO JOSE DO MANTIMENTO;1.981.784,18;0,00;0;0;0,00;1.981.784,18;;;;
MG;3163706;SAO LOURENCO;24.286.690,34;0,00;0;0;0,00;24.286.690,34;;;;
MG;3163805;SAO MIGUEL DO ANTA;3.685.719,66;0,00;0;0;0,00;3.685.719,66;;;;
MG;3163904;SAO PEDRO DA UNIAO;3.064.369,12;0,00;0;0;0,00;3.064.369,12;;;;
MG;3164100;SAO PEDRO DO SUACUI;2.859.376,06;0,00;0;0;0,00;2.859.376,06;;;;
MG;3164001;SAO PEDRO DOS FERROS;3.088.746,67;0,00;0;0;0,00;3.088.746,67;;;;
MG;3164209;SAO ROMAO;5.103.218,93;0,00;0;0;0,00;5.103.218,93;;;;
MG;3164308;SAO ROQUE DE MINAS;3.483.219,78;0,00;0;0;0,00;3.483.219,78;;;;
MG;3164407;SAO SEBASTIAO DA BELA VISTA;4.250.558,64;0,00;0;0;0,00;4.250.558,64;;;;
MG;3164431;SAO SEBASTIAO DA VARGEM ALEGRE;3.717.576,70;0,00;0;0;0,00;3.717.576,70;;;;
MG;3164472;SAO SEBASTIAO DO ANTA;5.795.763,02;0,00;0;0;0,00;5.795.763,02;;;;
MG;3164506;SAO SEBASTIAO DO MARANHAO;2.464.902,94;0,00;0;0;0,00;2.464.902,94;;;;
MG;3164605;SAO SEBASTIAO DO OESTE;8.311.637,21;0,00;0;0;0,00;8.311.637,21;;;;
MG;3164704;SAO SEBASTIAO DO PARAISO;34.145.471,03;0,00;0;0;0,00;34.145.471,03;;;;
MG;3164803;SAO SEBASTIAO DO RIO PRETO;807.229,40;0,00;0;0;0,00;807.229,40;;;;
MG;3164902;SAO SEBASTIAO DO RIO VERDE;2.031.647,35;0,00;0;0;0,00;2.031.647,35;;;;
MG;3165206;SAO THOME DAS LETRAS;3.559.953,66;0,00;0;0;0,00;3.559.953,66;;;;
MG;3165008;SAO TIAGO;4.511.509,25;0,00;0;0;0,00;4.511.509,25;;;;
MG;3165107;SAO TOMAS DE AQUINO;3.767.439,87;0,00;0;0;0,00;3.767.439,87;;;;
MG;3165305;SAO VICENTE DE MINAS;3.832.816,04;0,00;0;0;0,00;3.832.816,04;;;;
MG;3165404;SAPUCAI-MIRIM;3.979.635,39;0,00;0;0;0,00;3.979.635,39;;;;
MG;3165503;SARDOA;3.794.587,61;0,00;0;0;0,00;3.794.587,61;;;;
MG;3165537;SARZEDO;24.181.977,66;0,00;0;0;0,00;24.181.977,66;;;;
MG;3165560;SEM-PEIXE;1.167.906,36;0,00;0;0;0,00;1.167.906,36;;;;
MG;3165578;SENADOR AMARAL;3.934.204,50;0,00;0;0;0,00;3.934.204,50;;;;
MG;3165602;SENADOR CORTES;2.658.261,26;0,00;0;0;0,00;2.658.261,26;;;;
MG;3165701;SENADOR FIRMINO;4.893.516,57;0,00;0;0;0,00;4.893.516,57;;;;
MG;3165800;SENADOR JOSE BENTO;1.157.379,69;0,00;0;0;0,00;1.157.379,69;;;;
MG;3165909;SENADOR MODESTINO GONCALVES;2.316.144,47;0,00;0;0;0,00;2.316.144,47;;;;
MG;3166006;SENHORA DE OLIVEIRA;2.970.183,10;0,00;0;0;0,00;2.970.183,10;;;;
MG;3166105;SENHORA DO PORTO;1.925.826,62;0,00;0;0;0,00;1.925.826,62;;;;
MG;3166204;SENHORA DOS REMEDIOS;1.690.361,63;0,00;0;0;0,00;1.690.361,63;;;;
MG;3166303;SERICITA;4.837.004,97;0,00;0;0;0,00;4.837.004,97;;;;
MG;3166402;SERITINGA;1.585.648,95;0,00;0;0;0,00;1.585.648,95;;;;
MG;3166501;SERRA AZUL DE MINAS;2.111.982,48;0,00;0;0;0,00;2.111.982,48;;;;
MG;3166600;SERRA DA SAUDADE;700.300,59;0,00;0;0;0,00;700.300,59;;;;
MG;3166808;SERRA DO SALITRE;8.210.525,76;0,00;0;0;0,00;8.210.525,76;;;;
MG;3166709;SERRA DOS AIMORES;3.794.033,57;0,00;0;0;0,00;3.794.033,57;;;;
MG;3166907;SERRANIA;4.221.748,79;0,00;0;0;0,00;4.221.748,79;;;;
MG;3166956;SERRANOPOLIS DE MINAS;3.560.507,70;0,00;0;0;0,00;3.560.507,70;;;;
MG;3167004;SERRANOS;1.514.178,42;0,00;0;0;0,00;1.514.178,42;;;;
MG;3167103;SERRO;6.573.351,53;0,00;0;0;0,00;6.573.351,53;;;;
MG;3167202;SETE LAGOAS;88.164.187,41;0,00;0;0;0,00;88.164.187,41;;;;
MG;3165552;SETUBINHA;3.949.717,47;0,00;0;0;0,00;3.949.717,47;;;;
MG;3167301;SILVEIRANIA;1.077.321,60;0,00;0;0;0,00;1.077.321,60;;;;
MG;3167400;SILVIANOPOLIS;3.140.271,95;0,00;0;0;0,00;3.140.271,95;;;;
MG;3167509;SIMAO PEREIRA;2.479.307,86;0,00;0;0;0,00;2.479.307,86;;;;
MG;3167608;SIMONESIA;10.018.619,89;0,00;0;0;0,00;10.018.619,89;;;;
MG;3167707;SOBRALIA;3.623.944,73;0,00;0;0;0,00;3.623.944,73;;;;
MG;3167806;SOLEDADE DE MINAS;3.022.262,42;0,00;0;0;0,00;3.022.262,42;;;;
MG;3167905;TABULEIRO;2.068.767,71;0,00;0;0;0,00;2.068.767,71;;;;
MG;3168002;TAIOBEIRAS;15.254.253,25;0,00;0;0;0,00;15.254.253,25;;;;
MG;3168051;TAPARUBA;2.035.248,58;0,00;0;0;0,00;2.035.248,58;;;;
MG;3168101;TAPIRA;5.209.039,66;0,00;0;0;0,00;5.209.039,66;;;;
MG;3168200;TAPIRAI;1.318.049,93;0,00;0;0;0,00;1.318.049,93;;;;
MG;3168309;TAQUARACU DE MINAS;4.617.329,98;0,00;0;0;0,00;4.617.329,98;;;;
MG;3168408;TARUMIRIM;3.939.744,85;0,00;0;0;0,00;3.939.744,85;;;;
MG;3168507;TEIXEIRAS;6.147.298,40;0,00;0;0;0,00;6.147.298,40;;;;
MG;3168606;TEOFILO OTONI;63.649.788,58;0,00;0;0;0,00;63.649.788,58;;;;
MG;3168705;TIMOTEO;41.707.221,49;0,00;0;0;0,00;41.707.221,49;;;;
MG;3168804;TIRADENTES;4.332.555,85;0,00;0;0;0,00;4.332.555,85;;;;
MG;3168903;TIROS;4.281.307,60;0,00;0;0;0,00;4.281.307,60;;;;
MG;3169000;TOCANTINS;7.549.838,69;0,00;0;0;0,00;7.549.838,69;;;;
MG;3169059;TOCOS DO MOJI;2.840.815,87;0,00;0;0;0,00;2.840.815,87;;;;
MG;3169109;TOLEDO;5.246.437,05;0,00;0;0;0,00;5.246.437,05;;;;
MG;3169208;TOMBOS;4.423.417,65;0,00;0;0;0,00;4.423.417,65;;;;
MG;3169307;TRES CORACOES;35.939.437,27;0,00;0;0;0,00;35.939.437,27;;;;
MG;3169356;TRES MARIAS;23.746.782,95;0,00;0;0;0,00;23.746.782,95;;;;
MG;3169406;TRES PONTAS;26.097.831,66;0,00;0;0;0,00;26.097.831,66;;;;
MG;3169505;TUMIRITINGA;4.289.064,08;0,00;0;0;0,00;4.289.064,08;;;;
MG;3169604;TUPACIGUARA;13.505.163,87;0,00;0;0;0,00;13.505.163,87;;;;
MG;3169703;TURMALINA;10.214.194,34;0,00;0;0;0,00;10.214.194,34;;;;
MG;3169802;TURVOLANDIA;3.424.492,04;0,00;0;0;0,00;3.424.492,04;;;;
MG;3169901;UBA;48.586.677,50;0,00;0;0;0,00;48.586.677,50;;;;
MG;3170008;UBAI;6.440.937,10;0,00;0;0;0,00;6.440.937,10;;;;
MG;3170057;UBAPORANGA;6.847.599,00;0,00;0;0;0,00;6.847.599,00;;;;
MG;3170107;UBERABA;177.339.212,17;0,00;0;0;0,00;177.339.212,17;;;;
MG;3170206;UBERLANDIA;414.722.828,33;0,00;0;0;0,00;414.722.828,33;;;;
MG;3170305;UMBURATIBA;2.130.542,65;0,00;0;0;0,00;2.130.542,65;;;;
MG;3170404;UNAI;40.506.073,01;0,00;0;0;0,00;40.506.073,01;;;;
MG;3170438;UNIAO DE MINAS;2.097.577,56;0,00;0;0;0,00;2.097.577,56;;;;
MG;3170479;URUANA DE MINAS;4.610.681,56;0,00;0;0;0,00;4.610.681,56;;;;
MG;3170503;URUCANIA;5.062.774,35;0,00;0;0;0,00;5.062.774,35;;;;
MG;3170529;URUCUIA;12.469.671,94;0,00;0;0;0,00;12.469.671,94;;;;
MG;3170578;VARGEM ALEGRE;3.283.213,04;0,00;0;0;0,00;3.283.213,04;;;;
MG;3170602;VARGEM BONITA;1.540.218,08;0,00;0;0;0,00;1.540.218,08;;;;
MG;3170651;VARGEM GRANDE DO RIO PARDO;3.033.897,16;0,00;0;0;0,00;3.033.897,16;;;;
MG;3170701;VARGINHA;65.698.056,98;0,00;0;0;0,00;65.698.056,98;;;;
MG;3170750;VARJAO DE MINAS;5.030.917,33;0,00;0;0;0,00;5.030.917,33;;;;
MG;3170800;VARZEA DA PALMA;16.647.651,95;0,00;0;0;0,00;16.647.651,95;;;;
MG;3170909;VARZELANDIA;10.937.487,40;0,00;0;0;0,00;10.937.487,40;;;;
MG;3171006;VAZANTE;9.461.260,41;0,00;0;0;0,00;9.461.260,41;;;;
MG;3171030;VERDELANDIA;5.252.808,44;0,00;0;0;0,00;5.252.808,44;;;;
MG;3171071;VEREDINHA;3.743.616,36;0,00;0;0;0,00;3.743.616,36;;;;
MG;3171105;VERISSIMO;1.705.874,60;0,00;0;0;0,00;1.705.874,60;;;;
MG;3171154;VERMELHO NOVO;2.899.820,62;0,00;0;0;0,00;2.899.820,62;;;;
MG;3171204;VESPASIANO;90.877.852,17;0,00;0;0;0,00;90.877.852,17;;;;
MG;3171303;VICOSA;37.215.103,47;0,00;0;0;0,00;37.215.103,47;;;;
MG;3171402;VIEIRAS;3.464.936,62;0,00;0;0;0,00;3.464.936,62;;;;
MG;3171600;VIRGEM DA LAPA;4.348.622,87;0,00;0;0;0,00;4.348.622,87;;;;
MG;3171709;VIRGINIA;4.311.502,51;0,00;0;0;0,00;4.311.502,51;;;;
MG;3171808;VIRGINOPOLIS;8.523.001,66;0,00;0;0;0,00;8.523.001,66;;;;
MG;3171907;VIRGOLANDIA;2.192.317,59;0,00;0;0;0,00;2.192.317,59;;;;
MG;3172004;VISCONDE DO RIO BRANCO;22.803.260,89;0,00;0;0;0,00;22.803.260,89;;;;
MG;3172103;VOLTA GRANDE;4.168.007,38;0,00;0;0;0,00;4.168.007,38;;;;
MG;3172202;WENCESLAU BRAZ;1.403.371,35;0,00;0;0;0,00;1.403.371,35;;;;
MS;5000203;AGUA CLARA;20.378.390,67;0,00;0;0;0,00;20.378.390,67;;;;
MS;5000252;ALCINOPOLIS;4.705.438,38;0,00;0;0;0,00;4.705.438,38;;;;
MS;5000609;AMAMBAI;47.092.715,35;0,00;0;0;0,00;47.092.715,35;;;;
MS;5000708;ANASTACIO;18.423.167,12;0,00;0;0;0,00;18.423.167,12;;;;
MS;5000807;ANAURILANDIA;5.379.202,05;0,00;0;0;0,00;5.379.202,05;;;;
MS;5000856;ANGELICA;9.804.165,26;0,00;0;0;0,00;9.804.165,26;;;;
MS;5000906;ANTONIO JOAO;9.794.192,81;0,00;0;0;0,00;9.794.192,81;;;;
MS;5001003;APARECIDA DO TABOADO;17.294.098,76;0,00;0;0;0,00;17.294.098,76;;;;
MS;5001102;AQUIDAUANA;39.214.479,57;0,00;0;0;0,00;39.214.479,57;;;;
MS;5001243;ARAL MOREIRA;10.059.709,30;0,00;0;0;0,00;10.059.709,30;;;;
MS;5001508;BANDEIRANTES;7.117.213,16;0,00;0;0;0,00;7.117.213,16;;;;
MS;5001904;BATAGUASSU;15.206.428,61;0,00;0;0;0,00;15.206.428,61;;;;
MS;5002001;BATAYPORA;8.050.883,83;0,00;0;0;0,00;8.050.883,83;;;;
MS;5002100;BELA VISTA;18.920.231,44;0,00;0;0;0,00;18.920.231,44;;;;
MS;5002159;BODOQUENA;8.924.719,79;0,00;0;0;0,00;8.924.719,79;;;;
MS;5002209;BONITO;18.620.746,30;0,00;0;0;0,00;18.620.746,30;;;;
MS;5002308;BRASILANDIA;12.001.844,01;0,00;0;0;0,00;12.001.844,01;;;;
MS;5002407;CAARAPO;33.389.633,64;0,00;0;0;0,00;33.389.633,64;;;;
MS;5002605;CAMAPUA;9.708.803,70;0,00;0;0;0,00;9.708.803,70;;;;
MS;5002704;CAMPO GRANDE;753.081.742,84;0,00;0;0;0,00;753.081.742,84;;;;
MS;5002803;CARACOL;6.621.707,04;0,00;0;0;0,00;6.621.707,04;;;;
MS;5002902;CASSILANDIA;17.009.883,92;0,00;0;0;0,00;17.009.883,92;;;;
MS;5002951;CHAPADAO DO SUL;35.253.235,30;0,00;0;0;0,00;35.253.235,30;;;;
MS;5003108;CORGUINHO;3.979.630,97;0,00;0;0;0,00;3.979.630,97;;;;
MS;5003157;CORONEL SAPUCAIA;21.382.803,41;0,00;0;0;0,00;21.382.803,41;;;;
MS;5003207;CORUMBA;98.562.089,85;0,00;0;0;0,00;98.562.089,85;;;;
MS;5003256;COSTA RICA;35.551.473,89;0,00;0;0;0,00;35.551.473,89;;;;
MS;5003306;COXIM;21.659.850,54;0,00;0;0;0,00;21.659.850,54;;;;
MS;5003454;DEODAPOLIS;6.875.381,24;0,00;0;0;0,00;6.875.381,24;;;;
MS;5003488;DOIS IRMAOS DO BURITI;15.049.050,87;0,00;0;0;0,00;15.049.050,87;;;;
MS;5003504;DOURADINA;4.789.269,29;0,00;0;0;0,00;4.789.269,29;;;;
MS;5003702;DOURADOS;206.423.801,31;0,00;0;0;0,00;206.423.801,31;;;;
MS;5003751;ELDORADO;9.610.949,03;0,00;0;0;0,00;9.610.949,03;;;;
MS;5003801;FATIMA DO SUL;14.165.242,46;0,00;0;0;0,00;14.165.242,46;;;;
MS;5003900;FIGUEIRAO;2.703.780,60;0,00;0;0;0,00;2.703.780,60;;;;
MS;5004007;GLORIA DE DOURADOS;7.210.081,61;0,00;0;0;0,00;7.210.081,61;;;;
MS;5004106;GUIA LOPES DA LAGUNA;7.517.357,74;0,00;0;0;0,00;7.517.357,74;;;;
MS;5004304;IGUATEMI;11.901.807,87;0,00;0;0;0,00;11.901.807,87;;;;
MS;5004403;INOCENCIA;6.344.036,62;0,00;0;0;0,00;6.344.036,62;;;;
MS;5004502;ITAPORA;10.611.933,74;0,00;0;0;0,00;10.611.933,74;;;;
MS;5004601;ITAQUIRAI;19.155.518,95;0,00;0;0;0,00;19.155.518,95;;;;
MS;5004700;IVINHEMA;21.290.246,60;0,00;0;0;0,00;21.290.246,60;;;;
MS;5004809;JAPORA;16.911.094,33;0,00;0;0;0,00;16.911.094,33;;;;
MS;5004908;JARAGUARI;4.106.156,44;0,00;0;0;0,00;4.106.156,44;;;;
MS;5005004;JARDIM;19.190.110,88;0,00;0;0;0,00;19.190.110,88;;;;
MS;5005103;JATEI;2.123.820,29;0,00;0;0;0,00;2.123.820,29;;;;
MS;5005152;JUTI;6.605.501,81;0,00;0;0;0,00;6.605.501,81;;;;
MS;5005202;LADARIO;25.036.771,55;0,00;0;0;0,00;25.036.771,55;;;;
MS;5005251;LAGUNA CARAPA;9.704.129,12;0,00;0;0;0,00;9.704.129,12;;;;
MS;5005400;MARACAJU;40.462.282,42;0,00;0;0;0,00;40.462.282,42;;;;
MS;5005608;MIRANDA;31.896.882,47;0,00;0;0;0,00;31.896.882,47;;;;
MS;5005681;MUNDO NOVO;11.846.024,47;0,00;0;0;0,00;11.846.024,47;;;;
MS;5005707;NAVIRAI;50.830.514,40;0,00;0;0;0,00;50.830.514,40;;;;
MS;5005806;NIOAQUE;13.667.243,22;0,00;0;0;0,00;13.667.243,22;;;;
MS;5006002;NOVA ALVORADA DO SUL;27.916.004,95;0,00;0;0;0,00;27.916.004,95;;;;
MS;5006200;NOVA ANDRADINA;46.789.802,17;0,00;0;0;0,00;46.789.802,17;;;;
MS;5006259;NOVO HORIZONTE DO SUL;6.021.490,18;0,00;0;0;0,00;6.021.490,18;;;;
MS;5006275;PARAISO DAS AGUAS;8.323.256,38;0,00;0;0;0,00;8.323.256,38;;;;
MS;5006309;PARANAIBA;31.784.692,41;0,00;0;0;0,00;31.784.692,41;;;;
MS;5006358;PARANHOS;26.609.613,95;0,00;0;0;0,00;26.609.613,95;;;;
MS;5006408;PEDRO GOMES;5.016.142,53;0,00;0;0;0,00;5.016.142,53;;;;
MS;5006606;PONTA PORA;80.124.587,33;0,00;0;0;0,00;80.124.587,33;;;;
MS;5006903;PORTO MURTINHO;19.488.661,11;0,00;0;0;0,00;19.488.661,11;;;;
MS;5007109;RIBAS DO RIO PARDO;24.885.003,32;0,00;0;0;0,00;24.885.003,32;;;;
MS;5007208;RIO BRILHANTE;42.090.596,58;0,00;0;0;0,00;42.090.596,58;;;;
MS;5007307;RIO NEGRO;4.630.956,64;0,00;0;0;0,00;4.630.956,64;;;;
MS;5007406;RIO VERDE DE MATO GROSSO;15.904.188,49;0,00;0;0;0,00;15.904.188,49;;;;
MS;5007505;ROCHEDO;5.325.288,49;0,00;0;0;0,00;5.325.288,49;;;;
MS;5007554;SANTA RITA DO PARDO;7.240.622,24;0,00;0;0;0,00;7.240.622,24;;;;
MS;5007695;SAO GABRIEL DO OESTE;28.247.588,92;0,00;0;0;0,00;28.247.588,92;;;;
MS;5007802;SELVIRIA;7.748.905,57;0,00;0;0;0,00;7.748.905,57;;;;
MS;5007703;SETE QUEDAS;6.995.673,93;0,00;0;0;0,00;6.995.673,93;;;;
MS;5007901;SIDROLANDIA;57.005.331,01;0,00;0;0;0,00;57.005.331,01;;;;
MS;5007935;SONORA;17.140.149,06;0,00;0;0;0,00;17.140.149,06;;;;
MS;5007950;TACURU;12.512.308,81;0,00;0;0;0,00;12.512.308,81;;;;
MS;5007976;TAQUARUSSU;3.064.035,37;0,00;0;0;0,00;3.064.035,37;;;;
MS;5008008;TERENOS;18.043.590,73;0,00;0;0;0,00;18.043.590,73;;;;
MS;5008305;TRES LAGOAS;111.286.313,23;0,00;0;0;0,00;111.286.313,23;;;;
MS;5008404;VICENTINA;3.872.738,77;0,00;0;0;0,00;3.872.738,77;;;;
MT;5100102;ACORIZAL;3.140.298,86;0,00;0;0;0,00;3.140.298,86;;;;
MT;5100201;AGUA BOA;24.418.273,10;0,00;0;0;0,00;24.418.273,10;;;;
MT;5100250;ALTA FLORESTA;33.987.964,38;0,00;0;0;0,00;33.987.964,38;;;;
MT;5100300;ALTO ARAGUAIA;11.702.636,73;0,00;0;0;0,00;11.702.636,73;;;;
MT;5100359;ALTO BOA VISTA;5.696.047,11;0,00;0;0;0,00;5.696.047,11;;;;
MT;5100409;ALTO GARCAS;9.447.134,93;0,00;0;0;0,00;9.447.134,93;;;;
MT;5100508;ALTO PARAGUAI;5.126.442,40;0,00;0;0;0,00;5.126.442,40;;;;
MT;5100607;ALTO TAQUARI;10.675.355,47;0,00;0;0;0,00;10.675.355,47;;;;
MT;5100805;APIACAS;8.151.159,66;0,00;0;0;0,00;8.151.159,66;;;;
MT;5101001;ARAGUAIANA;2.718.492,45;0,00;0;0;0,00;2.718.492,45;;;;
MT;5101209;ARAGUAINHA;737.995,14;0,00;0;0;0,00;737.995,14;;;;
MT;5101258;ARAPUTANGA;9.335.871,04;0,00;0;0;0,00;9.335.871,04;;;;
MT;5101308;ARENAPOLIS;7.265.034,08;0,00;0;0;0,00;7.265.034,08;;;;
MT;5101407;ARIPUANA;23.461.735,75;0,00;0;0;0,00;23.461.735,75;;;;
MT;5101605;BARAO DE MELGACO;3.770.019,29;0,00;0;0;0,00;3.770.019,29;;;;
MT;5101704;BARRA DO BUGRES;25.273.178,37;0,00;0;0;0,00;25.273.178,37;;;;
MT;5101803;BARRA DO GARCAS;49.826.960,93;0,00;0;0;0,00;49.826.960,93;;;;
MT;5101852;BOM JESUS DO ARAGUAIA;7.620.746,41;0,00;0;0;0,00;7.620.746,41;;;;
MT;5101902;BRASNORTE;14.819.686,42;0,00;0;0;0,00;14.819.686,42;;;;
MT;5102504;CACERES;66.062.854,05;0,00;0;0;0,00;66.062.854,05;;;;
MT;5102603;CAMPINAPOLIS;28.413.145,09;0,00;0;0;0,00;28.413.145,09;;;;
MT;5102637;CAMPO NOVO DO PARECIS;48.156.673,99;0,00;0;0;0,00;48.156.673,99;;;;
MT;5102678;CAMPO VERDE;40.017.471,04;0,00;0;0;0,00;40.017.471,04;;;;
MT;5102686;CAMPOS DE JULIO;11.685.033,79;0,00;0;0;0,00;11.685.033,79;;;;
MT;5102694;CANABRAVA DO NORTE;3.689.311,45;0,00;0;0;0,00;3.689.311,45;;;;
MT;5102702;CANARANA;18.678.052,57;0,00;0;0;0,00;18.678.052,57;;;;
MT;5102793;CARLINDA;8.829.371,22;0,00;0;0;0,00;8.829.371,22;;;;
MT;5102850;CASTANHEIRA;4.285.818,77;0,00;0;0;0,00;4.285.818,77;;;;
MT;5103007;CHAPADA DOS GUIMARAES;14.926.964,75;0,00;0;0;0,00;14.926.964,75;;;;
MT;5103056;CLAUDIA;8.006.350,53;0,00;0;0;0,00;8.006.350,53;;;;
MT;5103106;COCALINHO;4.987.611,63;0,00;0;0;0,00;4.987.611,63;;;;
MT;5103205;COLIDER;25.303.402,29;0,00;0;0;0,00;25.303.402,29;;;;
MT;5103254;COLNIZA;26.322.048,15;0,00;0;0;0,00;26.322.048,15;;;;
MT;5103304;COMODORO;18.370.499,23;0,00;0;0;0,00;18.370.499,23;;;;
MT;5103353;CONFRESA;26.494.424,15;0,00;0;0;0,00;26.494.424,15;;;;
MT;5103361;CONQUISTA DOESTE;3.743.116,67;0,00;0;0;0,00;3.743.116,67;;;;
MT;5103379;COTRIGUACU;8.790.844,02;0,00;0;0;0,00;8.790.844,02;;;;
MT;5103403;CUIABA;399.267.328,49;0,00;0;0;0,00;399.267.328,49;;;;
MT;5103437;CURVELANDIA;3.733.152,74;0,00;0;0;0,00;3.733.152,74;;;;
MT;5103452;DENISE;5.821.592,64;0,00;0;0;0,00;5.821.592,64;;;;
MT;5103502;DIAMANTINO;18.162.917,34;0,00;0;0;0,00;18.162.917,34;;;;
MT;5103601;DOM AQUINO;4.101.153,92;0,00;0;0;0,00;4.101.153,92;;;;
MT;5103700;FELIZ NATAL;11.796.629,81;0,00;0;0;0,00;11.796.629,81;;;;
MT;5103809;FIGUEIROPOLIS DOESTE;1.104.667,79;0,00;0;0;0,00;1.104.667,79;;;;
MT;5103858;GAUCHA DO NORTE;9.300.000,89;0,00;0;0;0,00;9.300.000,89;;;;
MT;5103908;GENERAL CARNEIRO;3.634.841,96;0,00;0;0;0,00;3.634.841,96;;;;
MT;5103957;GLORIA DOESTE;2.136.266,77;0,00;0;0;0,00;2.136.266,77;;;;
MT;5104104;GUARANTA DO NORTE;36.762.254,85;0,00;0;0;0,00;36.762.254,85;;;;
MT;5104203;GUIRATINGA;5.551.570,12;0,00;0;0;0,00;5.551.570,12;;;;
MT;5104500;INDIAVAI;2.980.543,84;0,00;0;0;0,00;2.980.543,84;;;;
MT;5104526;IPIRANGA DO NORTE;7.656.284,44;0,00;0;0;0,00;7.656.284,44;;;;
MT;5104542;ITANHANGA;7.498.854,33;0,00;0;0;0,00;7.498.854,33;;;;
MT;5104559;ITAUBA;5.119.135,52;0,00;0;0;0,00;5.119.135,52;;;;
MT;5104609;ITIQUIRA;16.750.696,21;0,00;0;0;0,00;16.750.696,21;;;;
MT;5104807;JACIARA;19.912.915,72;0,00;0;0;0,00;19.912.915,72;;;;
MT;5104906;JANGADA;4.231.017,15;0,00;0;0;0,00;4.231.017,15;;;;
MT;5105002;JAURU;7.521.107,11;0,00;0;0;0,00;7.521.107,11;;;;
MT;5105101;JUARA;18.065.270,82;0,00;0;0;0,00;18.065.270,82;;;;
MT;5105150;JUINA;25.015.444,69;0,00;0;0;0,00;25.015.444,69;;;;
MT;5105176;JURUENA;6.875.776,52;0,00;0;0;0,00;6.875.776,52;;;;
MT;5105200;JUSCIMEIRA;7.167.387,56;0,00;0;0;0,00;7.167.387,56;;;;
MT;5105234;LAMBARI DOESTE;4.741.502,54;0,00;0;0;0,00;4.741.502,54;;;;
MT;5105259;LUCAS DO RIO VERDE;83.944.456,41;0,00;0;0;0,00;83.944.456,41;;;;
MT;5105309;LUCIARA;1.414.213,91;0,00;0;0;0,00;1.414.213,91;;;;
MT;5105580;MARCELANDIA;10.263.512,99;0,00;0;0;0,00;10.263.512,99;;;;
MT;5105606;MATUPA;14.178.341,41;0,00;0;0;0,00;14.178.341,41;;;;
MT;5105622;MIRASSOL DOESTE;14.822.343,47;0,00;0;0;0,00;14.822.343,47;;;;
MT;5105903;NOBRES;11.093.508,43;0,00;0;0;0,00;11.093.508,43;;;;
MT;5106000;NORTELANDIA;4.495.061,32;0,00;0;0;0,00;4.495.061,32;;;;
MT;5106109;NOSSA SENHORA DO LIVRAMENTO;12.810.625,84;0,00;0;0;0,00;12.810.625,84;;;;
MT;5106158;NOVA BANDEIRANTES;11.917.857,64;0,00;0;0;0,00;11.917.857,64;;;;
MT;5106208;NOVA BRASILANDIA;1.812.771,14;0,00;0;0;0,00;1.812.771,14;;;;
MT;5106216;NOVA CANAA DO NORTE;12.447.938,76;0,00;0;0;0,00;12.447.938,76;;;;
MT;5108808;NOVA GUARITA;4.406.714,47;0,00;0;0;0,00;4.406.714,47;;;;
MT;5106182;NOVA LACERDA;8.709.471,92;0,00;0;0;0,00;8.709.471,92;;;;
MT;5108857;NOVA MARILANDIA;3.782.972,40;0,00;0;0;0,00;3.782.972,40;;;;
MT;5108907;NOVA MARINGA;5.111.496,50;0,00;0;0;0,00;5.111.496,50;;;;
MT;5108956;NOVA MONTE VERDE;8.136.213,77;0,00;0;0;0,00;8.136.213,77;;;;
MT;5106224;NOVA MUTUM;55.972.713,45;0,00;0;0;0,00;55.972.713,45;;;;
MT;5106174;NOVA NAZARE;5.447.613,10;0,00;0;0;0,00;5.447.613,10;;;;
MT;5106232;NOVA OLIMPIA;14.032.535,89;0,00;0;0;0,00;14.032.535,89;;;;
MT;5106190;NOVA SANTA HELENA;5.608.032,39;0,00;0;0;0,00;5.608.032,39;;;;
MT;5106240;NOVA UBIRATA;16.899.490,92;0,00;0;0;0,00;16.899.490,92;;;;
MT;5106257;NOVA XAVANTINA;14.270.341,70;0,00;0;0;0,00;14.270.341,70;;;;
MT;5106273;NOVO HORIZONTE DO NORTE;2.798.536,03;0,00;0;0;0,00;2.798.536,03;;;;
MT;5106265;NOVO MUNDO;7.674.883,77;0,00;0;0;0,00;7.674.883,77;;;;
MT;5106315;NOVO SANTO ANTONIO;2.905.150,10;0,00;0;0;0,00;2.905.150,10;;;;
MT;5106281;NOVO SAO JOAQUIM;8.441.110,05;0,00;0;0;0,00;8.441.110,05;;;;
MT;5106299;PARANAITA;12.947.463,82;0,00;0;0;0,00;12.947.463,82;;;;
MT;5106307;PARANATINGA;20.365.278,18;0,00;0;0;0,00;20.365.278,18;;;;
MT;5106372;PEDRA PRETA;15.237.839,38;0,00;0;0;0,00;15.237.839,38;;;;
MT;5106422;PEIXOTO DE AZEVEDO;31.466.425,63;0,00;0;0;0,00;31.466.425,63;;;;
MT;5106455;PLANALTO DA SERRA;3.630.192,13;0,00;0;0;0,00;3.630.192,13;;;;
MT;5106505;POCONE;18.362.195,96;0,00;0;0;0,00;18.362.195,96;;;;
MT;5106653;PONTAL DO ARAGUAIA;4.742.831,07;0,00;0;0;0,00;4.742.831,07;;;;
MT;5106703;PONTE BRANCA;1.164.451,38;0,00;0;0;0,00;1.164.451,38;;;;
MT;5106752;PONTES E LACERDA;29.096.338,62;0,00;0;0;0,00;29.096.338,62;;;;
MT;5106778;PORTO ALEGRE DO NORTE;7.703.779,17;0,00;0;0;0,00;7.703.779,17;;;;
MT;5106802;PORTO DOS GAUCHOS;4.668.433,72;0,00;0;0;0,00;4.668.433,72;;;;
MT;5106828;PORTO ESPERIDIAO;10.127.007,15;0,00;0;0;0,00;10.127.007,15;;;;
MT;5106851;PORTO ESTRELA;2.769.640,63;0,00;0;0;0,00;2.769.640,63;;;;
MT;5107008;POXOREU;11.337.956,87;0,00;0;0;0,00;11.337.956,87;;;;
MT;5107040;PRIMAVERA DO LESTE;63.927.251,55;0,00;0;0;0,00;63.927.251,55;;;;
MT;5107065;QUERENCIA;19.487.123,74;0,00;0;0;0,00;19.487.123,74;;;;
MT;5107156;RESERVA DO CABACAL;2.022.677,95;0,00;0;0;0,00;2.022.677,95;;;;
MT;5107180;RIBEIRAO CASCALHEIRA;11.294.779,83;0,00;0;0;0,00;11.294.779,83;;;;
MT;5107198;RIBEIRAOZINHO;2.364.108,65;0,00;0;0;0,00;2.364.108,65;;;;
MT;5107206;RIO BRANCO;4.145.659,48;0,00;0;0;0,00;4.145.659,48;;;;
MT;5107578;RONDOLANDIA;3.241.266,69;0,00;0;0;0,00;3.241.266,69;;;;
MT;5107602;RONDONOPOLIS;162.706.340,27;0,00;0;0;0,00;162.706.340,27;;;;
MT;5107701;ROSARIO OESTE;9.394.990,36;0,00;0;0;0,00;9.394.990,36;;;;
MT;5107750;SALTO DO CEU;2.936.702,54;0,00;0;0;0,00;2.936.702,54;;;;
MT;5107248;SANTA CARMEM;8.021.628,57;0,00;0;0;0,00;8.021.628,57;;;;
MT;5107743;SANTA CRUZ DO XINGU;3.773.340,60;0,00;0;0;0,00;3.773.340,60;;;;
MT;5107768;SANTA RITA DO TRIVELATO;5.683.094,00;0,00;0;0;0,00;5.683.094,00;;;;
MT;5107776;SANTA TEREZINHA;4.657.805,52;0,00;0;0;0,00;4.657.805,52;;;;
MT;5107263;SANTO AFONSO;1.921.045,86;0,00;0;0;0,00;1.921.045,86;;;;
MT;5107792;SANTO ANTONIO DO LESTE;4.143.666,69;0,00;0;0;0,00;4.143.666,69;;;;
MT;5107800;SANTO ANTONIO DO LEVERGER;8.523.810,67;0,00;0;0;0,00;8.523.810,67;;;;
MT;5107859;SAO FELIX DO ARAGUAIA;9.305.314,98;0,00;0;0;0,00;9.305.314,98;;;;
MT;5107297;SAO JOSE DO POVO;1.500.567,98;0,00;0;0;0,00;1.500.567,98;;;;
MT;5107305;SAO JOSE DO RIO CLARO;14.143.467,65;0,00;0;0;0,00;14.143.467,65;;;;
MT;5107354;SAO JOSE DO XINGU;5.981.347,67;0,00;0;0;0,00;5.981.347,67;;;;
MT;5107107;SAO JOSE DOS QUATRO MARCOS;9.777.937,43;0,00;0;0;0,00;9.777.937,43;;;;
MT;5107404;SAO PEDRO DA CIPA;3.978.929,70;0,00;0;0;0,00;3.978.929,70;;;;
MT;5107875;SAPEZAL;33.141.030,27;0,00;0;0;0,00;33.141.030,27;;;;
MT;5107883;SERRA NOVA DOURADA;2.546.780,71;0,00;0;0;0,00;2.546.780,71;;;;
MT;5107909;SINOP;125.453.195,77;0,00;0;0;0,00;125.453.195,77;;;;
MT;5107925;SORRISO;119.663.819,84;0,00;0;0;0,00;119.663.819,84;;;;
MT;5107941;TABAPORA;11.482.101,74;0,00;0;0;0,00;11.482.101,74;;;;
MT;5107958;TANGARA DA SERRA;87.166.127,37;0,00;0;0;0,00;87.166.127,37;;;;
MT;5108006;TAPURAH;12.315.750,61;0,00;0;0;0,00;12.315.750,61;;;;
MT;5108055;TERRA NOVA DO NORTE;9.053.559,67;0,00;0;0;0,00;9.053.559,67;;;;
MT;5108105;TESOURO;1.263.094,30;0,00;0;0;0,00;1.263.094,30;;;;
MT;5108204;TORIXOREU;2.458.765,99;0,00;0;0;0,00;2.458.765,99;;;;
MT;5108303;UNIAO DO SUL;4.803.278,91;0,00;0;0;0,00;4.803.278,91;;;;
MT;5108352;VALE DE SAO DOMINGOS;2.841.380,94;0,00;0;0;0,00;2.841.380,94;;;;
MT;5108402;VARZEA GRANDE;204.698.330,27;0,00;0;0;0,00;204.698.330,27;;;;
MT;5108501;VERA;8.542.410,01;0,00;0;0;0,00;8.542.410,01;;;;
MT;5105507;VILA BELA DA SANTISSIMA TRINDADE;20.621.019,07;0,00;0;0;0,00;20.621.019,07;;;;
MT;5108600;VILA RICA;18.823.525,95;0,00;0;0;0,00;18.823.525,95;;;;
PA;1500107;ABAETETUBA;73.682.894,11;48.020.602,02;0;0;48.020.602,02;121.703.496,13;;;;
PA;1500131;ABEL FIGUEIREDO;5.122.751,29;3.338.598,51;0;0;3.338.598,51;8.461.349,80;;;;
PA;1500206;ACARA;67.632.149,80;44.077.212,08;0;0;44.077.212,08;111.709.361,88;;;;
PA;1500305;AFUA;47.312.891,69;30.834.748,97;0;0;30.834.748,97;78.147.640,66;;;;
PA;1500347;AGUA AZUL DO NORTE;10.816.336,30;7.049.220,67;0;0;7.049.220,67;17.865.556,97;;;;
PA;1500404;ALENQUER;42.788.304,58;27.885.985,90;0;0;27.885.985,90;70.674.290,48;;;;
PA;1500503;ALMEIRIM;29.606.176,19;19.294.931,63;0;0;19.294.931,63;48.901.107,82;;;;
PA;1500602;ALTAMIRA;87.781.369,03;57.208.857,47;0;0;57.208.857,47;144.990.226,50;;;;
PA;1500701;ANAJAS;35.451.320,97;23.104.328,30;0;0;23.104.328,30;58.555.649,27;;;;
PA;1500800;ANANINDEUA;128.699.711,78;83.876.152,19;0;0;83.876.152,19;212.575.863,97;;;;
PA;1500859;ANAPU;27.741.338,81;18.079.580,16;0;0;18.079.580,16;45.820.918,97;;;;
PA;1500909;AUGUSTO CORREA;42.732.556,69;27.849.653,88;0;0;27.849.653,88;70.582.210,57;;;;
PA;1500958;AURORA DO PARA;20.261.180,90;13.204.613,04;0;0;13.204.613,04;33.465.793,94;;;;
PA;1501006;AVEIRO;12.571.696,58;8.193.223,75;0;0;8.193.223,75;20.764.920,33;;;;
PA;1501105;BAGRE;22.741.263,98;14.820.932,32;0;0;14.820.932,32;37.562.196,30;;;;
PA;1501204;BAIAO;27.762.302,51;18.093.242,62;0;0;18.093.242,62;45.855.545,13;;;;
PA;1501253;BANNACH;2.968.149,02;1.934.401,53;0;0;1.934.401,53;4.902.550,55;;;;
PA;1501303;BARCARENA;81.646.304,07;53.210.514,09;0;0;53.210.514,09;134.856.818,16;;;;
PA;1501402;BELEM;237.603.481,46;154.850.896,69;0;0;154.850.896,69;392.454.378,15;;;;
PA;1501451;BELTERRA;14.470.541,73;9.430.738,76;0;0;9.430.738,76;23.901.280,49;;;;
PA;1501501;BENEVIDES;32.177.567,81;20.970.758,51;0;0;20.970.758,51;53.148.326,32;;;;
PA;1501576;BOM JESUS DO TOCANTINS;9.622.337,24;6.271.067,84;0;0;6.271.067,84;15.893.405,08;;;;
PA;1501600;BONITO;6.597.198,02;4.299.524,66;0;0;4.299.524,66;10.896.722,68;;;;
PA;1501709;BRAGANCA;62.855.843,04;40.964.398,31;0;0;40.964.398,31;103.820.241,35;;;;
PA;1501725;BRASIL NOVO;12.879.940,57;8.394.112,48;0;0;8.394.112,48;21.274.053,05;;;;
PA;1501758;BREJO GRANDE DO ARAGUAIA;7.349.406,56;4.789.753,87;0;0;4.789.753,87;12.139.160,43;;;;
PA;1501782;BREU BRANCO;34.745.232,57;22.644.156,50;0;0;22.644.156,50;57.389.389,07;;;;
PA;1501808;BREVES;119.831.291,22;78.096.426,79;0;0;78.096.426,79;197.927.718,01;;;;
PA;1501907;BUJARU;26.678.712,27;17.387.045,39;0;0;17.387.045,39;44.065.757,66;;;;
PA;1502004;CACHOEIRA DO ARARI;14.274.414,69;9.302.918,89;0;0;9.302.918,89;23.577.333,58;;;;
PA;1501956;CACHOEIRA DO PIRIA;18.495.416,41;12.053.829,33;0;0;12.053.829,33;30.549.245,74;;;;
PA;1502103;CAMETA;114.632.294,19;74.708.137,42;0;0;74.708.137,42;189.340.431,61;;;;
PA;1502152;CANAA DOS CARAJAS;43.977.489,75;28.661.001,43;0;0;28.661.001,43;72.638.491,18;;;;
PA;1502202;CAPANEMA;25.166.686,15;16.401.628,02;0;0;16.401.628,02;41.568.314,17;;;;
PA;1502301;CAPITAO POCO;31.816.526,36;20.735.460,63;0;0;20.735.460,63;52.551.986,99;;;;
PA;1502400;CASTANHAL;83.206.003,18;54.227.000,90;0;0;54.227.000,90;137.433.004,08;;;;
PA;1502509;CHAVES;25.417.784,67;16.565.273,90;0;0;16.565.273,90;41.983.058,57;;;;
PA;1502608;COLARES;6.095.156,28;3.972.334,12;0;0;3.972.334,12;10.067.490,40;;;;
PA;1502707;CONCEICAO DO ARAGUAIA;22.811.142,97;14.866.473,85;0;0;14.866.473,85;37.677.616,82;;;;
PA;1502756;CONCORDIA DO PARA;34.531.713,42;22.505.001,84;0;0;22.505.001,84;57.036.715,26;;;;
PA;1502764;CUMARU DO NORTE;10.374.390,48;6.761.195,84;0;0;6.761.195,84;17.135.586,32;;;;
PA;1502772;CURIONOPOLIS;19.953.402,76;13.004.027,93;0;0;13.004.027,93;32.957.430,69;;;;
PA;1502806;CURRALINHO;36.960.551,91;24.087.924,01;0;0;24.087.924,01;61.048.475,92;;;;
PA;1502855;CURUA;12.493.742,69;8.142.419,65;0;0;8.142.419,65;20.636.162,34;;;;
PA;1502905;CURUCA;26.864.124,53;17.507.882,23;0;0;17.507.882,23;44.372.006,76;;;;
PA;1502939;DOM ELISEU;30.404.349,56;19.815.117,04;0;0;19.815.117,04;50.219.466,60;;;;
PA;1502954;ELDORADO DO CARAJAS;22.928.539,68;14.942.983,61;0;0;14.942.983,61;37.871.523,29;;;;
PA;1503002;FARO;7.142.409,45;4.654.849,76;0;0;4.654.849,76;11.797.259,21;;;;
PA;1503044;FLORESTA DO ARAGUAIA;15.141.690,63;9.868.139,80;0;0;9.868.139,80;25.009.830,43;;;;
PA;1503077;GARRAFAO DO NORTE;23.659.473,94;15.419.347,95;0;0;15.419.347,95;39.078.821,89;;;;
PA;1503093;GOIANESIA DO PARA;23.549.996,85;15.347.999,56;0;0;15.347.999,56;38.897.996,41;;;;
PA;1503101;GURUPA;49.862.077,34;32.496.103,75;0;0;32.496.103,75;82.358.181,09;;;;
PA;1503200;IGARAPE-ACU;15.347.290,16;10.002.133,08;0;0;10.002.133,08;25.349.423,24;;;;
PA;1503309;IGARAPE-MIRI;58.690.123,37;38.249.516,27;0;0;38.249.516,27;96.939.639,64;;;;
PA;1503408;INHANGAPI;4.257.649,36;2.774.794,45;0;0;2.774.794,45;7.032.443,81;;;;
PA;1503457;IPIXUNA DO PARA;38.053.304,07;24.800.092,24;0;0;24.800.092,24;62.853.396,31;;;;
PA;1503507;IRITUIA;14.515.730,15;9.460.188,95;0;0;9.460.188,95;23.975.919,10;;;;
PA;1503606;ITAITUBA;90.508.047,31;58.985.887,74;0;0;58.985.887,74;149.493.935,05;;;;
PA;1503705;ITUPIRANGA;35.766.397,58;23.309.669,97;0;0;23.309.669,97;59.076.067,55;;;;
PA;1503754;JACAREACANGA;24.646.941,74;16.062.900,28;0;0;16.062.900,28;40.709.842,02;;;;
PA;1503804;JACUNDA;28.720.421,14;18.717.667,51;0;0;18.717.667,51;47.438.088,65;;;;
PA;1503903;JURUTI;48.579.099,04;31.659.961,38;0;0;31.659.961,38;80.239.060,42;;;;
PA;1504000;LIMOEIRO DO AJURU;24.891.518,22;16.222.295,61;0;0;16.222.295,61;41.113.813,83;;;;
PA;1504059;MAE DO RIO;26.231.176,15;17.095.377,23;0;0;17.095.377,23;43.326.553,38;;;;
PA;1504109;MAGALHAES BARATA;6.273.270,07;4.088.414,40;0;0;4.088.414,40;10.361.684,47;;;;
PA;1504208;MARABA;170.288.427,00;110.980.341,93;0;0;110.980.341,93;281.268.768,93;;;;
PA;1504307;MARACANA;23.276.537,06;15.169.780,40;0;0;15.169.780,40;38.446.317,46;;;;
PA;1504406;MARAPANIM;19.026.652,03;12.400.046,12;0;0;12.400.046,12;31.426.698,15;;;;
PA;1504422;MARITUBA;81.719.133,52;53.257.978,47;0;0;53.257.978,47;134.977.111,99;;;;
PA;1504455;MEDICILANDIA;21.442.757,02;13.974.669,61;0;0;13.974.669,61;35.417.426,63;;;;
PA;1504505;MELGACO;34.040.386,47;22.184.794,33;0;0;22.184.794,33;56.225.180,80;;;;
PA;1504604;MOCAJUBA;28.013.711,60;18.257.090,90;0;0;18.257.090,90;46.270.802,50;;;;
PA;1504703;MOJU;69.985.674,27;45.611.050,60;0;0;45.611.050,60;115.596.724,87;;;;
PA;1504752;MOJUI DOS CAMPOS;16.088.473,34;10.485.176,84;0;0;10.485.176,84;26.573.650,18;;;;
PA;1504802;MONTE ALEGRE;51.409.198,23;33.504.393,10;0;0;33.504.393,10;84.913.591,33;;;;
PA;1504901;MUANA;29.284.732,82;19.085.440,62;0;0;19.085.440,62;48.370.173,44;;;;
PA;1504950;NOVA ESPERANCA DO PIRIA;18.790.305,75;12.246.014,57;0;0;12.246.014,57;31.036.320,32;;;;
PA;1504976;NOVA IPIXUNA;10.054.810,56;6.552.919,27;0;0;6.552.919,27;16.607.729,83;;;;
PA;1505007;NOVA TIMBOTEUA;8.449.767,75;5.506.881,07;0;0;5.506.881,07;13.956.648,82;;;;
PA;1505031;NOVO PROGRESSO;24.662.625,70;16.073.121,83;0;0;16.073.121,83;40.735.747,53;;;;
PA;1505064;NOVO REPARTIMENTO;54.918.055,37;35.791.184,82;0;0;35.791.184,82;90.709.240,19;;;;
PA;1505106;OBIDOS;43.537.252,10;28.374.089,83;0;0;28.374.089,83;71.911.341,93;;;;
PA;1505205;OEIRAS DO PARA;38.077.684,07;24.815.981,17;0;0;24.815.981,17;62.893.665,24;;;;
PA;1505304;ORIXIMINA;61.734.207,56;40.233.406,26;0;0;40.233.406,26;101.967.613,82;;;;
PA;1505403;OUREM;8.844.661,70;5.764.241,28;0;0;5.764.241,28;14.608.902,98;;;;
PA;1505437;OURILANDIA DO NORTE;25.148.517,63;16.389.787,22;0;0;16.389.787,22;41.538.304,85;;;;
PA;1505486;PACAJA;37.370.974,53;24.355.404,56;0;0;24.355.404,56;61.726.379,09;;;;
PA;1505494;PALESTINA DO PARA;5.480.997,59;3.572.074,72;0;0;3.572.074,72;9.053.072,31;;;;
PA;1505502;PARAGOMINAS;74.595.047,89;48.615.070,72;0;0;48.615.070,72;123.210.118,61;;;;
PA;1505536;PARAUAPEBAS;160.058.918,96;104.313.568,85;0;0;104.313.568,85;264.372.487,81;;;;
PA;1505551;PAU DARCO;6.190.036,42;4.034.169,39;0;0;4.034.169,39;10.224.205,81;;;;
PA;1505601;PEIXE-BOI;8.395.106,85;5.471.257,47;0;0;5.471.257,47;13.866.364,32;;;;
PA;1505635;PICARRA;12.241.091,31;7.977.761,74;0;0;7.977.761,74;20.218.853,05;;;;
PA;1505650;PLACAS;22.803.223,35;14.861.312,47;0;0;14.861.312,47;37.664.535,82;;;;
PA;1505700;PONTA DE PEDRAS;17.975.206,13;11.714.797,99;0;0;11.714.797,99;29.690.004,12;;;;
PA;1505809;PORTEL;67.101.380,04;43.731.298,90;0;0;43.731.298,90;110.832.678,94;;;;
PA;1505908;PORTO DE MOZ;54.667.112,15;35.627.640,14;0;0;35.627.640,14;90.294.752,29;;;;
PA;1506005;PRAINHA;34.660.446,07;22.588.899,45;0;0;22.588.899,45;57.249.345,52;;;;
PA;1506104;PRIMAVERA;5.687.528,83;3.706.675,23;0;0;3.706.675,23;9.394.204,06;;;;
PA;1506112;QUATIPURU;5.383.322,28;3.508.417,80;0;0;3.508.417,80;8.891.740,08;;;;
PA;1506138;REDENCAO;50.287.718,05;32.773.502,24;0;0;32.773.502,24;83.061.220,29;;;;
PA;1506161;RIO MARIA;10.970.225,36;7.149.513,23;0;0;7.149.513,23;18.119.738,59;;;;
PA;1506187;RONDON DO PARA;26.372.176,42;17.187.269,91;0;0;17.187.269,91;43.559.446,33;;;;
PA;1506195;RUROPOLIS;22.283.013,08;14.522.281,13;0;0;14.522.281,13;36.805.294,21;;;;
PA;1506203;SALINOPOLIS;20.754.060,72;13.525.832,59;0;0;13.525.832,59;34.279.893,31;;;;
PA;1506302;SALVATERRA;18.815.772,77;12.262.611,92;0;0;12.262.611,92;31.078.384,69;;;;
PA;1506351;SANTA BARBARA DO PARA;10.642.104,67;6.935.670,48;0;0;6.935.670,48;17.577.775,15;;;;
PA;1506401;SANTA CRUZ DO ARARI;5.387.359,73;3.511.049,09;0;0;3.511.049,09;8.898.408,82;;;;
PA;1506500;SANTA IZABEL DO PARA;39.889.258,12;25.996.619,88;0;0;25.996.619,88;65.885.878,00;;;;
PA;1506559;SANTA LUZIA DO PARA;16.632.131,89;10.839.489,90;0;0;10.839.489,90;27.471.621,79;;;;
PA;1506583;SANTA MARIA DAS BARREIRAS;13.193.774,91;8.598.644,52;0;0;8.598.644,52;21.792.419,43;;;;
PA;1506609;SANTA MARIA DO PARA;11.690.600,13;7.618.995,74;0;0;7.618.995,74;19.309.595,87;;;;
PA;1506708;SANTANA DO ARAGUAIA;39.039.063,72;25.442.531,34;0;0;25.442.531,34;64.481.595,06;;;;
PA;1506807;SANTAREM;210.465.741,86;137.164.694,09;0;0;137.164.694,09;347.630.435,95;;;;
PA;1506906;SANTAREM NOVO;5.961.143,91;3.884.995,60;0;0;3.884.995,60;9.846.139,51;;;;
PA;1507003;SANTO ANTONIO DO TAUA;21.427.073,07;13.964.448,07;0;0;13.964.448,07;35.391.521,14;;;;
PA;1507102;SAO CAETANO DE ODIVELAS;13.269.865,36;8.648.234,18;0;0;8.648.234,18;21.918.099,54;;;;
PA;1507151;SAO DOMINGOS DO ARAGUAIA;17.161.038,23;11.184.188,63;0;0;11.184.188,63;28.345.226,86;;;;
PA;1507201;SAO DOMINGOS DO CAPIM;29.885.536,87;19.476.996,52;0;0;19.476.996,52;49.362.533,39;;;;
PA;1507300;SAO FELIX DO XINGU;54.112.272,94;35.266.040,44;0;0;35.266.040,44;89.378.313,38;;;;
PA;1507409;SAO FRANCISCO DO PARA;10.449.549,23;6.810.178,27;0;0;6.810.178,27;17.259.727,50;;;;
PA;1507458;SAO GERALDO DO ARAGUAIA;19.615.654,30;12.783.910,56;0;0;12.783.910,56;32.399.564,86;;;;
PA;1507466;SAO JOAO DA PONTA;5.082.687,32;3.312.488,04;0;0;3.312.488,04;8.395.175,36;;;;
PA;1507474;SAO JOAO DE PIRABAS;16.568.774,94;10.798.198,92;0;0;10.798.198,92;27.366.973,86;;;;
PA;1507508;SAO JOAO DO ARAGUAIA;12.632.258,37;8.232.693,07;0;0;8.232.693,07;20.864.951,44;;;;
PA;1507607;SAO MIGUEL DO GUAMA;47.487.433,89;30.948.501,57;0;0;30.948.501,57;78.435.935,46;;;;
PA;1507706;SAO SEBASTIAO DA BOA VISTA;23.728.265,92;15.464.181,05;0;0;15.464.181,05;39.192.446,97;;;;
PA;1507755;SAPUCAIA;6.377.933,27;4.156.625,49;0;0;4.156.625,49;10.534.558,76;;;;
PA;1507805;SENADOR JOSE PORFIRIO;21.526.456,52;14.029.218,24;0;0;14.029.218,24;35.555.674,76;;;;
PA;1507904;SOURE;16.151.985,58;10.526.569,03;0;0;10.526.569,03;26.678.554,61;;;;
PA;1507953;TAILANDIA;59.571.840,96;38.824.149,10;0;0;38.824.149,10;98.395.990,06;;;;
PA;1507961;TERRA ALTA;5.403.509,54;3.521.574,24;0;0;3.521.574,24;8.925.083,78;;;;
PA;1507979;TERRA SANTA;15.692.492,38;10.227.108,21;0;0;10.227.108,21;25.919.600,59;;;;
PA;1508001;TOME-ACU;65.305.955,80;42.561.185,34;0;0;42.561.185,34;107.867.141,14;;;;
PA;1508035;TRACUATEUA;23.154.637,04;15.090.335,74;0;0;15.090.335,74;38.244.972,78;;;;
PA;1508050;TRAIRAO;11.944.649,09;7.784.564,48;0;0;7.784.564,48;19.729.213,57;;;;
PA;1508084;TUCUMA;27.004.814,23;17.599.572,50;0;0;17.599.572,50;44.604.386,73;;;;
PA;1508100;TUCURUI;66.465.481,21;43.316.871,03;0;0;43.316.871,03;109.782.352,24;;;;
PA;1508126;ULIANOPOLIS;21.885.945,11;14.263.504,08;0;0;14.263.504,08;36.149.449,19;;;;
PA;1508159;URUARA;42.176.475,19;27.487.244,55;0;0;27.487.244,55;69.663.719,74;;;;
PA;1508209;VIGIA;21.818.395,42;14.219.480,60;0;0;14.219.480,60;36.037.876,02;;;;
PA;1508308;VISEU;62.239.199,75;40.562.519,67;0;0;40.562.519,67;102.801.719,42;;;;
PA;1508357;VITORIA DO XINGU;15.952.908,09;10.396.826,29;0;0;10.396.826,29;26.349.734,38;;;;
PA;1508407;XINGUARA;32.947.634,32;21.472.626,10;0;0;21.472.626,10;54.420.260,42;;;;
PB;2500106;AGUA BRANCA;10.306.145,45;1.519.071,17;0;0;1.519.071,17;11.825.216,62;;;;
PB;2500205;AGUIAR;3.577.554,05;527.312,49;0;0;527.312,49;4.104.866,54;;;;
PB;2500304;ALAGOA GRANDE;20.591.501,57;3.035.078,10;0;0;3.035.078,10;23.626.579,67;;;;
PB;2500403;ALAGOA NOVA;16.201.151,56;2.387.963,80;0;0;2.387.963,80;18.589.115,36;;;;
PB;2500502;ALAGOINHA;11.743.739,18;1.730.964,86;0;0;1.730.964,86;13.474.704,04;;;;
PB;2500536;ALCANTIL;5.757.975,33;848.695,02;0;0;848.695,02;6.606.670,35;;;;
PB;2500577;ALGODAO DE JANDAIRA;3.081.516,03;454.199,12;0;0;454.199,12;3.535.715,15;;;;
PB;2500601;ALHANDRA;16.596.148,94;2.446.184,32;0;0;2.446.184,32;19.042.333,26;;;;
PB;2500734;AMPARO;2.515.062,53;370.706,87;0;0;370.706,87;2.885.769,40;;;;
PB;2500775;APARECIDA;5.973.022,00;880.391,76;0;0;880.391,76;6.853.413,76;;;;
PB;2500809;ARACAGI;14.894.553,00;2.195.378,10;0;0;2.195.378,10;17.089.931,10;;;;
PB;2500908;ARARA;9.148.872,43;1.348.495,27;0;0;1.348.495,27;10.497.367,70;;;;
PB;2501005;ARARUNA;18.445.058,55;2.718.703,79;0;0;2.718.703,79;21.163.762,34;;;;
PB;2501104;AREIA;18.111.982,10;2.669.610,09;0;0;2.669.610,09;20.781.592,19;;;;
PB;2501153;AREIA DE BARAUNAS;1.786.541,61;263.326,76;0;0;263.326,76;2.049.868,37;;;;
PB;2501203;AREIAL;7.647.569,45;1.127.211,17;0;0;1.127.211,17;8.774.780,62;;;;
PB;2501302;AROEIRAS;16.589.666,25;2.445.228,80;0;0;2.445.228,80;19.034.895,05;;;;
PB;2501351;ASSUNCAO;5.040.631,48;742.962,34;0;0;742.962,34;5.783.593,82;;;;
PB;2501401;BAIA DA TRAICAO;11.258.431,15;1.659.433,03;0;0;1.659.433,03;12.917.864,18;;;;
PB;2501500;BANANEIRAS;18.088.733,81;2.666.183,41;0;0;2.666.183,41;20.754.917,22;;;;
PB;2501534;BARAUNA;4.989.216,99;735.384,12;0;0;735.384,12;5.724.601,11;;;;
PB;2501609;BARRA DE SANTA ROSA;11.617.885,46;1.712.414,69;0;0;1.712.414,69;13.330.300,15;;;;
PB;2501575;BARRA DE SANTANA;7.797.118,54;1.149.253,91;0;0;1.149.253,91;8.946.372,45;;;;
PB;2501708;BARRA DE SAO MIGUEL;8.820.937,43;1.300.159,39;0;0;1.300.159,39;10.121.096,82;;;;
PB;2501807;BAYEUX;46.864.527,35;6.907.582,74;0;0;6.907.582,74;53.772.110,09;;;;
PB;2501906;BELEM;10.523.427,54;1.551.097,40;0;0;1.551.097,40;12.074.524,94;;;;
PB;2502003;BELEM DO BREJO DO CRUZ;7.257.937,07;1.069.781,42;0;0;1.069.781,42;8.327.718,49;;;;
PB;2502052;BERNARDINO BATISTA;7.626.109,49;1.124.048,09;0;0;1.124.048,09;8.750.157,58;;;;
PB;2502102;BOA VENTURA;4.290.650,61;632.419,14;0;0;632.419,14;4.923.069,75;;;;
PB;2502151;BOA VISTA;7.228.876,71;1.065.498,08;0;0;1.065.498,08;8.294.374,79;;;;
PB;2502201;BOM JESUS;4.008.541,57;590.837,76;0;0;590.837,76;4.599.379,33;;;;
PB;2502300;BOM SUCESSO;4.763.216,80;702.072,89;0;0;702.072,89;5.465.289,69;;;;
PB;2502409;BONITO DE SANTA FE;8.697.542,67;1.281.971,65;0;0;1.281.971,65;9.979.514,32;;;;
PB;2502508;BOQUEIRAO;11.790.459,30;1.737.851,16;0;0;1.737.851,16;13.528.310,46;;;;
PB;2502706;BORBOREMA;3.734.927,08;550.508,44;0;0;550.508,44;4.285.435,52;;;;
PB;2502805;BREJO DO CRUZ;14.768.922,82;2.176.860,88;0;0;2.176.860,88;16.945.783,70;;;;
PB;2502904;BREJO DOS SANTOS;4.948.085,41;729.321,54;0;0;729.321,54;5.677.406,95;;;;
PB;2503001;CAAPORA;19.969.386,29;2.943.381,61;0;0;2.943.381,61;22.912.767,90;;;;
PB;2503100;CABACEIRAS;3.976.128,08;586.060,19;0;0;586.060,19;4.562.188,27;;;;
PB;2503209;CABEDELO;38.236.729,55;5.635.891,11;0;0;5.635.891,11;43.872.620,66;;;;
PB;2503308;CACHOEIRA DOS INDIOS;7.830.426,19;1.154.163,28;0;0;1.154.163,28;8.984.589,47;;;;
PB;2503407;CACIMBA DE AREIA;2.889.047,01;425.830,21;0;0;425.830,21;3.314.877,22;;;;
PB;2503506;CACIMBA DE DENTRO;13.893.311,77;2.047.800,46;0;0;2.047.800,46;15.941.112,23;;;;
PB;2503555;CACIMBAS;10.178.056,32;1.500.191,51;0;0;1.500.191,51;11.678.247,83;;;;
PB;2503605;CAICARA;6.549.981,94;965.432,60;0;0;965.432,60;7.515.414,54;;;;
PB;2503704;CAJAZEIRAS;37.183.850,30;5.480.702,29;0;0;5.480.702,29;42.664.552,59;;;;
PB;2503753;CAJAZEIRINHAS;3.277.338,16;483.062,26;0;0;483.062,26;3.760.400,42;;;;
PB;2503803;CALDAS BRANDAO;5.527.280,76;814.691,87;0;0;814.691,87;6.341.972,63;;;;
PB;2503902;CAMALAU;5.987.552,19;882.533,43;0;0;882.533,43;6.870.085,62;;;;
PB;2504009;CAMPINA GRANDE;169.216.696,93;24.941.643,52;0;0;24.941.643,52;194.158.340,45;;;;
PB;2504033;CAPIM;6.974.486,77;1.028.002,35;0;0;1.028.002,35;8.002.489,12;;;;
PB;2504074;CARAUBAS;3.444.547,00;507.707,96;0;0;507.707,96;3.952.254,96;;;;
PB;2504108;CARRAPATEIRA;3.231.959,28;476.373,66;0;0;476.373,66;3.708.332,94;;;;
PB;2504157;CASSERENGUE;7.029.925,00;1.036.173,65;0;0;1.036.173,65;8.066.098,65;;;;
PB;2504207;CATINGUEIRA;4.549.511,37;670.573,84;0;0;670.573,84;5.220.085,21;;;;
PB;2504306;CATOLE DO ROCHA;17.308.574,88;2.551.192,12;0;0;2.551.192,12;19.859.767,00;;;;
PB;2504355;CATURITE;5.730.256,21;844.609,37;0;0;844.609,37;6.574.865,58;;;;
PB;2504405;CONCEICAO;12.942.367,32;1.907.636,29;0;0;1.907.636,29;14.850.003,61;;;;
PB;2504504;CONDADO;5.085.786,81;749.618,00;0;0;749.618,00;5.835.404,81;;;;
PB;2504603;CONDE;32.143.665,90;4.737.805,85;0;0;4.737.805,85;36.881.471,75;;;;
PB;2504702;CONGO;4.805.913,18;708.366,11;0;0;708.366,11;5.514.279,29;;;;
PB;2504801;COREMAS;8.562.747,30;1.262.103,53;0;0;1.262.103,53;9.824.850,83;;;;
PB;2504850;COXIXOLA;1.190.804,20;175.518,22;0;0;175.518,22;1.366.322,42;;;;
PB;2504900;CRUZ DO ESPIRITO SANTO;15.467.042,12;2.279.759,96;0;0;2.279.759,96;17.746.802,08;;;;
PB;2505006;CUBATI;7.164.496,82;1.056.008,83;0;0;1.056.008,83;8.220.505,65;;;;
PB;2505105;CUITE;12.410.339,17;1.829.218,16;0;0;1.829.218,16;14.239.557,33;;;;
PB;2505238;CUITE DE MAMANGUAPE;8.625.562,39;1.271.362,14;0;0;1.271.362,14;9.896.924,53;;;;
PB;2505204;CUITEGI;7.590.342,89;1.118.776,28;0;0;1.118.776,28;8.709.119,17;;;;
PB;2505279;CURRAL DE CIMA;5.448.147,17;803.027,99;0;0;803.027,99;6.251.175,16;;;;
PB;2505303;CURRAL VELHO;2.236.306,59;329.619,73;0;0;329.619,73;2.565.926,32;;;;
PB;2505352;DAMIAO;5.290.103,50;779.733,20;0;0;779.733,20;6.069.836,70;;;;
PB;2505402;DESTERRO;5.989.340,52;882.797,02;0;0;882.797,02;6.872.137,54;;;;
PB;2505600;DIAMANTE;3.317.128,50;488.927,15;0;0;488.927,15;3.806.055,65;;;;
PB;2505709;DONA INES;10.522.309,83;1.550.932,65;0;0;1.550.932,65;12.073.242,48;;;;
PB;2505808;DUAS ESTRADAS;3.708.996,30;546.686,38;0;0;546.686,38;4.255.682,68;;;;
PB;2505907;EMAS;2.862.445,61;421.909,30;0;0;421.909,30;3.284.354,91;;;;
PB;2506004;ESPERANCA;30.135.147,83;4.441.760,94;0;0;4.441.760,94;34.576.908,77;;;;
PB;2506103;FAGUNDES;8.975.404,44;1.322.927,00;0;0;1.322.927,00;10.298.331,44;;;;
PB;2506202;FREI MARTINHO;2.069.544,82;305.039,93;0;0;305.039,93;2.374.584,75;;;;
PB;2506251;GADO BRAVO;10.263.449,08;1.512.777,95;0;0;1.512.777,95;11.776.227,03;;;;
PB;2506301;GUARABIRA;30.641.468,75;4.516.389,96;0;0;4.516.389,96;35.157.858,71;;;;
PB;2506400;GURINHEM;13.539.222,44;1.995.609,57;0;0;1.995.609,57;15.534.832,01;;;;
PB;2506509;GURJAO;3.373.237,35;497.197,29;0;0;497.197,29;3.870.434,64;;;;
PB;2506608;IBIARA;3.589.178,19;529.025,83;0;0;529.025,83;4.118.204,02;;;;
PB;2502607;IGARACY;4.000.270,54;589.618,66;0;0;589.618,66;4.589.889,20;;;;
PB;2506707;IMACULADA;8.658.646,49;1.276.238,56;0;0;1.276.238,56;9.934.885,05;;;;
PB;2506806;INGA;14.750.368,89;2.174.126,13;0;0;2.174.126,13;16.924.495,02;;;;
PB;2506905;ITABAIANA;10.224.552,90;1.507.044,86;0;0;1.507.044,86;11.731.597,76;;;;
PB;2507002;ITAPORANGA;9.825.084,69;1.448.165,37;0;0;1.448.165,37;11.273.250,06;;;;
PB;2507101;ITAPOROROCA;18.729.626,56;2.760.647,60;0;0;2.760.647,60;21.490.274,16;;;;
PB;2507200;ITATUBA;9.285.903,22;1.368.692,88;0;0;1.368.692,88;10.654.596,10;;;;
PB;2507309;JACARAU;17.090.175,08;2.519.001,15;0;0;2.519.001,15;19.609.176,23;;;;
PB;2507408;JERICO;7.133.648,14;1.051.461,89;0;0;1.051.461,89;8.185.110,03;;;;
PB;2507507;JOAO PESSOA;358.926.313,73;52.903.834,73;0;0;52.903.834,73;411.830.148,46;;;;
PB;2513653;JOCA CLAUDINO;4.705.543,16;693.572,10;0;0;693.572,10;5.399.115,26;;;;
PB;2507606;JUAREZ TAVORA;6.838.350,15;1.007.936,54;0;0;1.007.936,54;7.846.286,69;;;;
PB;2507705;JUAZEIRINHO;16.210.093,21;2.389.281,75;0;0;2.389.281,75;18.599.374,96;;;;
PB;2507804;JUNCO DO SERIDO;4.935.790,64;727.509,36;0;0;727.509,36;5.663.300,00;;;;
PB;2507903;JURIPIRANGA;10.551.593,73;1.555.248,95;0;0;1.555.248,95;12.106.842,68;;;;
PB;2508000;JURU;8.079.674,67;1.190.901,19;0;0;1.190.901,19;9.270.575,86;;;;
PB;2508109;LAGOA;5.696.948,57;839.700,00;0;0;839.700,00;6.536.648,57;;;;
PB;2508208;LAGOA DE DENTRO;9.754.892,74;1.437.819,45;0;0;1.437.819,45;11.192.712,19;;;;
PB;2508307;LAGOA SECA;22.452.705,95;3.309.409,76;0;0;3.309.409,76;25.762.115,71;;;;
PB;2508406;LASTRO;3.142.989,87;463.260,04;0;0;463.260,04;3.606.249,91;;;;
PB;2508505;LIVRAMENTO;7.206.075,50;1.062.137,30;0;0;1.062.137,30;8.268.212,80;;;;
PB;2508554;LOGRADOURO;4.321.722,85;636.999,02;0;0;636.999,02;4.958.721,87;;;;
PB;2508604;LUCENA;14.496.202,50;2.136.663,35;0;0;2.136.663,35;16.632.865,85;;;;
PB;2508703;MAE DAGUA;3.398.497,51;500.920,51;0;0;500.920,51;3.899.418,02;;;;
PB;2508802;MALTA;5.096.293,25;751.166,59;0;0;751.166,59;5.847.459,84;;;;
PB;2508901;MAMANGUAPE;26.467.730,20;3.901.203,04;0;0;3.901.203,04;30.368.933,24;;;;
PB;2509008;MANAIRA;9.102.152,31;1.341.608,97;0;0;1.341.608,97;10.443.761,28;;;;
PB;2509057;MARCACAO;10.382.149,48;1.530.273,76;0;0;1.530.273,76;11.912.423,24;;;;
PB;2509107;MARI;18.161.384,71;2.676.891,77;0;0;2.676.891,77;20.838.276,48;;;;
PB;2509156;MARIZOPOLIS;7.921.407,47;1.167.573,44;0;0;1.167.573,44;9.088.980,91;;;;
PB;2509206;MASSARANDUBA;10.823.866,96;1.595.380,58;0;0;1.595.380,58;12.419.247,54;;;;
PB;2509305;MATARACA;10.544.216,87;1.554.161,64;0;0;1.554.161,64;12.098.378,51;;;;
PB;2509339;MATINHAS;4.682.741,95;690.211,32;0;0;690.211,32;5.372.953,27;;;;
PB;2509370;MATO GROSSO;2.672.882,64;393.968,72;0;0;393.968,72;3.066.851,36;;;;
PB;2509396;MATUREIA;6.446.035,27;950.111,41;0;0;950.111,41;7.396.146,68;;;;
PB;2509404;MOGEIRO;12.900.788,65;1.901.507,82;0;0;1.901.507,82;14.802.296,47;;;;
PB;2509503;MONTADAS;5.487.043,34;808.761,08;0;0;808.761,08;6.295.804,42;;;;
PB;2509602;MONTE HOREBE;9.100.811,07;1.341.411,28;0;0;1.341.411,28;10.442.222,35;;;;
PB;2509701;MONTEIRO;24.645.198,46;3.632.571,52;0;0;3.632.571,52;28.277.769,98;;;;
PB;2509800;MULUNGU;7.418.216,14;1.093.405,71;0;0;1.093.405,71;8.511.621,85;;;;
PB;2509909;NATUBA;9.777.246,86;1.441.114,33;0;0;1.441.114,33;11.218.361,19;;;;
PB;2510006;NAZAREZINHO;5.902.830,05;870.045,84;0;0;870.045,84;6.772.875,89;;;;
PB;2510105;NOVA FLORESTA;7.029.477,91;1.036.107,76;0;0;1.036.107,76;8.065.585,67;;;;
PB;2510204;NOVA OLINDA;6.078.309,93;895.910,64;0;0;895.910,64;6.974.220,57;;;;
PB;2510303;NOVA PALMEIRA;3.801.542,37;560.327,18;0;0;560.327,18;4.361.869,55;;;;
PB;2510402;OLHO DAGUA;5.288.091,63;779.436,66;0;0;779.436,66;6.067.528,29;;;;
PB;2510501;OLIVEDOS;3.359.377,79;495.154,47;0;0;495.154,47;3.854.532,26;;;;
PB;2510600;OURO VELHO;2.723.179,42;401.382,20;0;0;401.382,20;3.124.561,62;;;;
PB;2510659;PARARI;930.825,73;137.198,78;0;0;137.198,78;1.068.024,51;;;;
PB;2510709;PASSAGEM;2.453.365,14;361.613,01;0;0;361.613,01;2.814.978,15;;;;
PB;2510808;PATOS;50.530.827,27;7.447.975,90;0;0;7.447.975,90;57.978.803,17;;;;
PB;2510907;PAULISTA;13.262.478,39;1.954.818,96;0;0;1.954.818,96;15.217.297,35;;;;
PB;2511004;PEDRA BRANCA;3.476.066,32;512.353,74;0;0;512.353,74;3.988.420,06;;;;
PB;2511103;PEDRA LAVRADA;7.663.440,87;1.129.550,54;0;0;1.129.550,54;8.792.991,41;;;;
PB;2511202;PEDRAS DE FOGO;31.943.149,41;4.708.250,78;0;0;4.708.250,78;36.651.400,19;;;;
PB;2512721;PEDRO REGIS;5.409.027,45;797.261,95;0;0;797.261,95;6.206.289,40;;;;
PB;2511301;PIANCO;7.764.481,52;1.144.443,39;0;0;1.144.443,39;8.908.924,91;;;;
PB;2511400;PICUI;17.261.631,21;2.544.272,88;0;0;2.544.272,88;19.805.904,09;;;;
PB;2511509;PILAR;10.068.968,19;1.484.112,50;0;0;1.484.112,50;11.553.080,69;;;;
PB;2511608;PILOES;7.027.242,50;1.035.778,27;0;0;1.035.778,27;8.063.020,77;;;;
PB;2511707;PILOEZINHOS;5.021.630,47;740.161,70;0;0;740.161,70;5.761.792,17;;;;
PB;2511806;PIRPIRITUBA;6.750.945,53;995.053,56;0;0;995.053,56;7.745.999,09;;;;
PB;2511905;PITIMBU;18.472.330,59;2.722.723,54;0;0;2.722.723,54;21.195.054,13;;;;
PB;2512002;POCINHOS;16.047.802,27;2.365.360,93;0;0;2.365.360,93;18.413.163,20;;;;
PB;2512036;POCO DANTAS;6.972.027,81;1.027.639,92;0;0;1.027.639,92;7.999.667,73;;;;
PB;2512077;POCO DE JOSE DE MOURA;7.791.082,93;1.148.364,30;0;0;1.148.364,30;8.939.447,23;;;;
PB;2512101;POMBAL;24.750.933,47;3.648.156,30;0;0;3.648.156,30;28.399.089,77;;;;
PB;2512200;PRATA;3.346.859,49;493.309,33;0;0;493.309,33;3.840.168,82;;;;
PB;2512309;PRINCESA ISABEL;14.102.099,29;2.078.574,63;0;0;2.078.574,63;16.180.673,92;;;;
PB;2512408;PUXINANA;13.986.304,92;2.061.507,16;0;0;2.061.507,16;16.047.812,08;;;;
PB;2512507;QUEIMADAS;41.590.518,81;6.130.221,86;0;0;6.130.221,86;47.720.740,67;;;;
PB;2512606;QUIXABA;2.299.345,22;338.911,29;0;0;338.911,29;2.638.256,51;;;;
PB;2512705;REMIGIO;15.315.704,70;2.257.453,63;0;0;2.257.453,63;17.573.158,33;;;;
PB;2512747;RIACHAO;3.557.435,33;524.347,10;0;0;524.347,10;4.081.782,43;;;;
PB;2512754;RIACHAO DO BACAMARTE;6.717.414,34;990.111,24;0;0;990.111,24;7.707.525,58;;;;
PB;2512762;RIACHAO DO POCO;5.512.303,50;812.484,30;0;0;812.484,30;6.324.787,80;;;;
PB;2512788;RIACHO DE SANTO ANTONIO;2.634.433,55;388.301,53;0;0;388.301,53;3.022.735,08;;;;
PB;2512804;RIACHO DOS CAVALOS;10.068.074,02;1.483.980,71;0;0;1.483.980,71;11.552.054,73;;;;
PB;2512903;RIO TINTO;16.768.275,69;2.471.554,89;0;0;2.471.554,89;19.239.830,58;;;;
PB;2513000;SALGADINHO;3.446.782,41;508.037,45;0;0;508.037,45;3.954.819,86;;;;
PB;2513109;SALGADO DE SAO FELIX;11.741.280,23;1.730.602,42;0;0;1.730.602,42;13.471.882,65;;;;
PB;2513158;SANTA CECILIA;7.191.545,32;1.059.995,63;0;0;1.059.995,63;8.251.540,95;;;;
PB;2513208;SANTA CRUZ;3.598.119,84;530.343,78;0;0;530.343,78;4.128.463,62;;;;
PB;2513307;SANTA HELENA;5.772.729,05;850.869,64;0;0;850.869,64;6.623.598,69;;;;
PB;2513356;SANTA INES;2.237.871,38;329.850,37;0;0;329.850,37;2.567.721,75;;;;
PB;2513406;SANTA LUZIA;7.409.945,11;1.092.186,60;0;0;1.092.186,60;8.502.131,71;;;;
PB;2513703;SANTA RITA;67.591.047,83;9.962.561,91;0;0;9.962.561,91;77.553.609,74;;;;
PB;2513802;SANTA TERESINHA;4.046.320,03;596.406,11;0;0;596.406,11;4.642.726,14;;;;
PB;2513505;SANTANA DE MANGUEIRA;3.806.907,36;561.117,95;0;0;561.117,95;4.368.025,31;;;;
PB;2513604;SANTANA DOS GARROTES;6.495.437,89;957.393,09;0;0;957.393,09;7.452.830,98;;;;
PB;2513851;SANTO ANDRE;2.389.655,88;352.222,60;0;0;352.222,60;2.741.878,48;;;;
PB;2513927;SAO BENTINHO;4.264.049,21;628.498,23;0;0;628.498,23;4.892.547,44;;;;
PB;2513901;SAO BENTO;42.120.535,10;6.208.343,45;0;0;6.208.343,45;48.328.878,55;;;;
PB;2513968;SAO DOMINGOS;2.629.068,55;387.510,76;0;0;387.510,76;3.016.579,31;;;;
PB;2513943;SAO DOMINGOS DO CARIRI;2.362.830,93;348.268,75;0;0;348.268,75;2.711.099,68;;;;
PB;2513984;SAO FRANCISCO;3.096.940,38;456.472,58;0;0;456.472,58;3.553.412,96;;;;
PB;2514008;SAO JOAO DO CARIRI;4.561.135,51;672.287,18;0;0;672.287,18;5.233.422,69;;;;
PB;2500700;SAO JOAO DO RIO DO PEIXE;19.252.936,60;2.837.780,73;0;0;2.837.780,73;22.090.717,33;;;;
PB;2514107;SAO JOAO DO TIGRE;4.713.814,18;694.791,21;0;0;694.791,21;5.408.605,39;;;;
PB;2514206;SAO JOSE DA LAGOA TAPADA;6.949.897,23;1.024.377,99;0;0;1.024.377,99;7.974.275,22;;;;
PB;2514305;SAO JOSE DE CAIANA;4.669.329,47;688.234,40;0;0;688.234,40;5.357.563,87;;;;
PB;2514404;SAO JOSE DE ESPINHARAS;3.281.361,90;483.655,34;0;0;483.655,34;3.765.017,24;;;;
PB;2514503;SAO JOSE DE PIRANHAS;19.722.820,30;2.907.039,09;0;0;2.907.039,09;22.629.859,39;;;;
PB;2514552;SAO JOSE DE PRINCESA;2.032.436,98;299.570,43;0;0;299.570,43;2.332.007,41;;;;
PB;2514602;SAO JOSE DO BONFIM;2.973.992,69;438.350,75;0;0;438.350,75;3.412.343,44;;;;
PB;2514651;SAO JOSE DO BREJO DO CRUZ;3.014.230,12;444.281,53;0;0;444.281,53;3.458.511,65;;;;
PB;2514701;SAO JOSE DO SABUGI;3.727.103,14;549.355,23;0;0;549.355,23;4.276.458,37;;;;
PB;2514800;SAO JOSE DOS CORDEIROS;2.027.742,62;298.878,50;0;0;298.878,50;2.326.621,12;;;;
PB;2514453;SAO JOSE DOS RAMOS;6.581.054,18;970.012,48;0;0;970.012,48;7.551.066,66;;;;
PB;2514909;SAO MAMEDE;5.997.388,00;883.983,18;0;0;883.983,18;6.881.371,18;;;;
PB;2515005;SAO MIGUEL DE TAIPU;6.705.566,65;988.364,96;0;0;988.364,96;7.693.931,61;;;;
PB;2515104;SAO SEBASTIAO DE LAGOA DE ROCA;7.718.879,10;1.137.721,84;0;0;1.137.721,84;8.856.600,94;;;;
PB;2515203;SAO SEBASTIAO DO UMBUZEIRO;3.246.713,00;478.548,28;0;0;478.548,28;3.725.261,28;;;;
PB;2515401;SAO VICENTE DO SERIDO;8.770.193,57;1.292.680,01;0;0;1.292.680,01;10.062.873,58;;;;
PB;2515302;SAPE;34.523.709,51;5.088.611,65;0;0;5.088.611,65;39.612.321,16;;;;
PB;2515500;SERRA BRANCA;6.553.111,53;965.893,88;0;0;965.893,88;7.519.005,41;;;;
PB;2515609;SERRA DA RAIZ;3.682.394,89;542.765,47;0;0;542.765,47;4.225.160,36;;;;
PB;2515708;SERRA GRANDE;3.243.359,89;478.054,04;0;0;478.054,04;3.721.413,93;;;;
PB;2515807;SERRA REDONDA;3.923.148,81;578.251,32;0;0;578.251,32;4.501.400,13;;;;
PB;2515906;SERRARIA;3.232.629,91;476.472,50;0;0;476.472,50;3.709.102,41;;;;
PB;2515930;SERTAOZINHO;5.642.628,05;831.693,44;0;0;831.693,44;6.474.321,49;;;;
PB;2515971;SOBRADO;8.885.093,77;1.309.615,69;0;0;1.309.615,69;10.194.709,46;;;;
PB;2516003;SOLANEA;17.259.172,26;2.543.910,44;0;0;2.543.910,44;19.803.082,70;;;;
PB;2516102;SOLEDADE;12.723.967,53;1.875.445,32;0;0;1.875.445,32;14.599.412,85;;;;
PB;2516151;SOSSEGO;4.050.567,31;597.032,14;0;0;597.032,14;4.647.599,45;;;;
PB;2516201;SOUSA;26.228.541,08;3.865.947,83;0;0;3.865.947,83;30.094.488,91;;;;
PB;2516300;SUME;11.830.473,19;1.743.748,99;0;0;1.743.748,99;13.574.222,18;;;;
PB;2516409;TACIMA;8.014.624,17;1.181.313,09;0;0;1.181.313,09;9.195.937,26;;;;
PB;2516508;TAPEROA;10.317.322,51;1.520.718,61;0;0;1.520.718,61;11.838.041,12;;;;
PB;2516607;TAVARES;11.991.869,96;1.767.538,02;0;0;1.767.538,02;13.759.407,98;;;;
PB;2516706;TEIXEIRA;12.991.546,40;1.914.885,03;0;0;1.914.885,03;14.906.431,43;;;;
PB;2516755;TENORIO;3.261.019,64;480.657,00;0;0;480.657,00;3.741.676,64;;;;
PB;2516805;TRIUNFO;9.893.041,23;1.458.181,80;0;0;1.458.181,80;11.351.223,03;;;;
PB;2516904;UIRAUNA;13.407.333,11;1.976.169,78;0;0;1.976.169,78;15.383.502,89;;;;
PB;2517001;UMBUZEIRO;9.739.244,86;1.435.513,03;0;0;1.435.513,03;11.174.757,89;;;;
PB;2517100;VARZEA;2.217.082,05;326.786,13;0;0;326.786,13;2.543.868,18;;;;
PB;2517209;VIEIROPOLIS;3.854.298,10;568.103,10;0;0;568.103,10;4.422.401,20;;;;
PB;2505501;VISTA SERRANA;3.377.931,72;497.889,22;0;0;497.889,22;3.875.820,94;;;;
PB;2517407;ZABELE;2.602.467,15;383.589,85;0;0;383.589,85;2.986.057,00;;;;
PE;2600054;ABREU E LIMA;29.294.463,08;4.352.925,81;0;0;4.352.925,81;33.647.388,89;;;;
PE;2600104;AFOGADOS DA INGAZEIRA;31.001.654,27;4.606.600,94;0;0;4.606.600,94;35.608.255,21;;;;
PE;2600203;AFRANIO;15.097.197,56;2.243.324,30;0;0;2.243.324,30;17.340.521,86;;;;
PE;2600302;AGRESTINA;18.874.009,17;2.804.528,67;0;0;2.804.528,67;21.678.537,84;;;;
PE;2600401;AGUA PRETA;20.373.300,43;3.027.311,51;0;0;3.027.311,51;23.400.611,94;;;;
PE;2600500;AGUAS BELAS;35.580.812,25;5.287.027,64;0;0;5.287.027,64;40.867.839,89;;;;
PE;2600609;ALAGOINHA;12.420.848,77;1.845.640,01;0;0;1.845.640,01;14.266.488,78;;;;
PE;2600708;ALIANCA;27.051.555,51;4.019.647,46;0;0;4.019.647,46;31.071.202,97;;;;
PE;2600807;ALTINHO;10.515.136,58;1.562.466,24;0;0;1.562.466,24;12.077.602,82;;;;
PE;2600906;AMARAJI;15.369.186,95;2.283.739,78;0;0;2.283.739,78;17.652.926,73;;;;
PE;2601003;ANGELIM;9.820.424,76;1.459.237,55;0;0;1.459.237,55;11.279.662,31;;;;
PE;2601052;ARACOIABA;18.363.526,62;2.728.675,00;0;0;2.728.675,00;21.092.201,62;;;;
PE;2601102;ARARIPINA;59.502.033,39;8.841.532,14;0;0;8.841.532,14;68.343.565,53;;;;
PE;2601201;ARCOVERDE;33.316.690,39;4.950.597,02;0;0;4.950.597,02;38.267.287,41;;;;
PE;2601300;BARRA DE GUABIRABA;9.486.132,39;1.409.564,34;0;0;1.409.564,34;10.895.696,73;;;;
PE;2601409;BARREIROS;34.198.757,79;5.081.665,27;0;0;5.081.665,27;39.280.423,06;;;;
PE;2601508;BELEM DE MARIA;10.471.368,17;1.555.962,60;0;0;1.555.962,60;12.027.330,77;;;;
PE;2601607;BELEM DO SAO FRANCISCO;11.883.792,55;1.765.837,70;0;0;1.765.837,70;13.649.630,25;;;;
PE;2601706;BELO JARDIM;45.149.122,05;6.708.802,90;0;0;6.708.802,90;51.857.924,95;;;;
PE;2601805;BETANIA;11.898.084,27;1.767.961,34;0;0;1.767.961,34;13.666.045,61;;;;
PE;2601904;BEZERROS;31.310.266,21;4.652.458,23;0;0;4.652.458,23;35.962.724,44;;;;
PE;2602001;BODOCO;27.347.438,87;4.063.613,39;0;0;4.063.613,39;31.411.052,26;;;;
PE;2602100;BOM CONSELHO;35.948.824,16;5.341.711,31;0;0;5.341.711,31;41.290.535,47;;;;
PE;2602209;BOM JARDIM;28.320.392,69;4.208.186,65;0;0;4.208.186,65;32.528.579,34;;;;
PE;2602308;BONITO;29.784.177,96;4.425.693,58;0;0;4.425.693,58;34.209.871,54;;;;
PE;2602407;BREJAO;10.824.195,14;1.608.389,89;0;0;1.608.389,89;12.432.585,03;;;;
PE;2602506;BREJINHO;7.158.591,01;1.063.710,08;0;0;1.063.710,08;8.222.301,09;;;;
PE;2602605;BREJO DA MADRE DE DEUS;40.087.171,75;5.956.637,07;0;0;5.956.637,07;46.043.808,82;;;;
PE;2602704;BUENOS AIRES;10.926.246,98;1.623.553,99;0;0;1.623.553,99;12.549.800,97;;;;
PE;2602803;BUIQUE;42.778.035,57;6.356.478,18;0;0;6.356.478,18;49.134.513,75;;;;
PE;2602902;CABO DE SANTO AGOSTINHO;150.129.880,39;22.308.114,33;0;0;22.308.114,33;172.437.994,72;;;;
PE;2603009;CABROBO;22.711.337,30;3.374.725,32;0;0;3.374.725,32;26.086.062,62;;;;
PE;2603108;CACHOEIRINHA;10.735.988,39;1.595.283,07;0;0;1.595.283,07;12.331.271,46;;;;
PE;2603207;CAETES;24.749.694,56;3.677.609,11;0;0;3.677.609,11;28.427.303,67;;;;
PE;2603306;CALCADO;9.075.245,30;1.348.509,76;0;0;1.348.509,76;10.423.755,06;;;;
PE;2603405;CALUMBI;5.850.674,87;869.364,07;0;0;869.364,07;6.720.038,94;;;;
PE;2603454;CAMARAGIBE;48.096.567,01;7.146.769,93;0;0;7.146.769,93;55.243.336,94;;;;
PE;2603504;CAMOCIM DE SAO FELIX;11.966.193,27;1.778.081,80;0;0;1.778.081,80;13.744.275,07;;;;
PE;2603603;CAMUTANGA;6.021.728,95;894.781,36;0;0;894.781,36;6.916.510,31;;;;
PE;2603702;CANHOTINHO;20.784.410,83;3.088.399,27;0;0;3.088.399,27;23.872.810,10;;;;
PE;2603801;CAPOEIRAS;15.269.368,18;2.268.907,50;0;0;2.268.907,50;17.538.275,68;;;;
PE;2603900;CARNAIBA;18.389.876,98;2.732.590,46;0;0;2.732.590,46;21.122.467,44;;;;
PE;2603926;CARNAUBEIRA DA PENHA;7.964.063,69;1.183.396,95;0;0;1.183.396,95;9.147.460,64;;;;
PE;2604007;CARPINA;39.196.841,95;5.824.341,09;0;0;5.824.341,09;45.021.183,04;;;;
PE;2604106;CARUARU;225.387.647,24;33.490.824,00;0;0;33.490.824,00;258.878.471,24;;;;
PE;2604155;CASINHAS;12.554.833,69;1.865.549,11;0;0;1.865.549,11;14.420.382,80;;;;
PE;2604205;CATENDE;21.743.966,18;3.230.981,61;0;0;3.230.981,61;24.974.947,79;;;;
PE;2604304;CEDRO;8.749.438,63;1.300.097,47;0;0;1.300.097,47;10.049.536,10;;;;
PE;2604403;CHA DE ALEGRIA;10.867.293,61;1.614.793,99;0;0;1.614.793,99;12.482.087,60;;;;
PE;2604502;CHA GRANDE;22.053.917,96;3.277.038,00;0;0;3.277.038,00;25.330.955,96;;;;
PE;2604601;CONDADO;17.897.929,03;2.659.490,87;0;0;2.659.490,87;20.557.419,90;;;;
PE;2604700;CORRENTES;14.241.033,92;2.116.105,15;0;0;2.116.105,15;16.357.139,07;;;;
PE;2604809;CORTES;12.092.139,10;1.796.796,35;0;0;1.796.796,35;13.888.935,45;;;;
PE;2604908;CUMARU;13.569.992,78;2.016.393,73;0;0;2.016.393,73;15.586.386,51;;;;
PE;2605004;CUPIRA;20.744.215,35;3.082.426,54;0;0;3.082.426,54;23.826.641,89;;;;
PE;2605103;CUSTODIA;63.021.370,63;9.364.477,86;0;0;9.364.477,86;72.385.848,49;;;;
PE;2605152;DORMENTES;14.727.622,49;2.188.408,37;0;0;2.188.408,37;16.916.030,86;;;;
PE;2605202;ESCADA;34.455.785,53;5.119.857,56;0;0;5.119.857,56;39.575.643,09;;;;
PE;2605301;EXU;24.901.544,14;3.700.172,76;0;0;3.700.172,76;28.601.716,90;;;;
PE;2605400;FEIRA NOVA;15.207.735,13;2.259.749,31;0;0;2.259.749,31;17.467.484,44;;;;
PE;2605509;FERREIROS;7.496.009,70;1.113.847,83;0;0;1.113.847,83;8.609.857,53;;;;
PE;2605608;FLORES;14.688.320,25;2.182.568,36;0;0;2.182.568,36;16.870.888,61;;;;
PE;2605707;FLORESTA;24.888.815,58;3.698.281,39;0;0;3.698.281,39;28.587.096,97;;;;
PE;2605806;FREI MIGUELINHO;10.424.920,07;1.549.060,77;0;0;1.549.060,77;11.973.980,84;;;;
PE;2605905;GAMELEIRA;16.724.221,12;2.485.087,15;0;0;2.485.087,15;19.209.308,27;;;;
PE;2606002;GARANHUNS;82.952.744,14;12.326.122,52;0;0;12.326.122,52;95.278.866,66;;;;
PE;2606101;GLORIA DO GOITA;19.804.087,83;2.942.731,02;0;0;2.942.731,02;22.746.818,85;;;;
PE;2606200;GOIANA;55.856.303,69;8.299.805,51;0;0;8.299.805,51;64.156.109,20;;;;
PE;2606309;GRANITO;7.865.138,16;1.168.697,40;0;0;1.168.697,40;9.033.835,56;;;;
PE;2606408;GRAVATA;42.457.588,31;6.308.862,24;0;0;6.308.862,24;48.766.450,55;;;;
PE;2606507;IATI;17.605.395,28;2.616.022,67;0;0;2.616.022,67;20.221.417,95;;;;
PE;2606606;IBIMIRIM;16.960.034,58;2.520.127,17;0;0;2.520.127,17;19.480.161,75;;;;
PE;2606705;IBIRAJUBA;6.912.951,98;1.027.210,06;0;0;1.027.210,06;7.940.162,04;;;;
PE;2606804;IGARASSU;67.875.197,70;10.085.718,22;0;0;10.085.718,22;77.960.915,92;;;;
PE;2606903;IGUARACY;9.942.127,73;1.477.321,65;0;0;1.477.321,65;11.419.449,38;;;;
PE;2607604;ILHA DE ITAMARACA;9.300.563,27;1.381.990,24;0;0;1.381.990,24;10.682.553,51;;;;
PE;2607000;INAJA;16.538.875,31;2.457.546,23;0;0;2.457.546,23;18.996.421,54;;;;
PE;2607109;INGAZEIRA;4.785.941,37;711.153,08;0;0;711.153,08;5.497.094,45;;;;
PE;2607208;IPOJUCA;103.057.181,50;15.313.483,11;0;0;15.313.483,11;118.370.664,61;;;;
PE;2607307;IPUBI;28.741.551,97;4.270.767,59;0;0;4.270.767,59;33.012.319,56;;;;
PE;2607406;ITACURUBA;4.943.373,65;734.546,28;0;0;734.546,28;5.677.919,93;;;;
PE;2607505;ITAIBA;24.665.730,68;3.665.132,74;0;0;3.665.132,74;28.330.863,42;;;;
PE;2607653;ITAMBE;23.805.770,79;3.537.349,50;0;0;3.537.349,50;27.343.120,29;;;;
PE;2607703;ITAPETIM;11.433.603,22;1.698.943,12;0;0;1.698.943,12;13.132.546,34;;;;
PE;2607752;ITAPISSUMA;18.700.052,08;2.778.680,02;0;0;2.778.680,02;21.478.732,10;;;;
PE;2607802;ITAQUITINGA;10.566.050,86;1.570.031,69;0;0;1.570.031,69;12.136.082,55;;;;
PE;2607901;JABOATAO DOS GUARARAPES;313.328.203,35;46.558.095,99;0;0;46.558.095,99;359.886.299,34;;;;
PE;2607950;JAQUEIRA;11.285.549,88;1.676.943,56;0;0;1.676.943,56;12.962.493,44;;;;
PE;2608008;JATAUBA;16.496.446,75;2.451.241,68;0;0;2.451.241,68;18.947.688,43;;;;
PE;2608057;JATOBA;8.606.074,77;1.278.794,73;0;0;1.278.794,73;9.884.869,50;;;;
PE;2608107;JOAO ALFREDO;21.023.350,62;3.123.903,83;0;0;3.123.903,83;24.147.254,45;;;;
PE;2608206;JOAQUIM NABUCO;11.536.771,60;1.714.273,13;0;0;1.714.273,13;13.251.044,73;;;;
PE;2608255;JUCATI;12.489.851,00;1.855.893,20;0;0;1.855.893,20;14.345.744,20;;;;
PE;2608305;JUPI;16.958.471,42;2.519.894,90;0;0;2.519.894,90;19.478.366,32;;;;
PE;2608404;JUREMA;12.960.584,69;1.925.840,51;0;0;1.925.840,51;14.886.425,20;;;;
PE;2608503;LAGOA DE ITAENGA;13.246.195,89;1.968.280,07;0;0;1.968.280,07;15.214.475,96;;;;
PE;2608453;LAGOA DO CARRO;12.814.541,13;1.904.139,59;0;0;1.904.139,59;14.718.680,72;;;;
PE;2608602;LAGOA DO OURO;13.152.183,13;1.954.310,52;0;0;1.954.310,52;15.106.493,65;;;;
PE;2608701;LAGOA DOS GATOS;13.027.577,15;1.935.795,06;0;0;1.935.795,06;14.963.372,21;;;;
PE;2608750;LAGOA GRANDE;21.337.991,87;3.170.657,04;0;0;3.170.657,04;24.508.648,91;;;;
PE;2608800;LAJEDO;41.878.103,53;6.222.755,38;0;0;6.222.755,38;48.100.858,91;;;;
PE;2608909;LIMOEIRO;29.297.589,39;4.353.390,36;0;0;4.353.390,36;33.650.979,75;;;;
PE;2609006;MACAPARANA;18.299.660,48;2.719.184,99;0;0;2.719.184,99;21.018.845,47;;;;
PE;2609105;MACHADOS;9.443.257,22;1.403.193,43;0;0;1.403.193,43;10.846.450,65;;;;
PE;2609154;MANARI;18.895.893,38;2.807.780,49;0;0;2.807.780,49;21.703.673,87;;;;
PE;2609204;MARAIAL;9.051.351,32;1.344.959,31;0;0;1.344.959,31;10.396.310,63;;;;
PE;2609303;MIRANDIBA;11.464.419,75;1.703.522,21;0;0;1.703.522,21;13.167.941,96;;;;
PE;2614303;MOREILANDIA;8.499.333,45;1.262.933,81;0;0;1.262.933,81;9.762.267,26;;;;
PE;2609402;MORENO;32.517.023,73;4.831.772,87;0;0;4.831.772,87;37.348.796,60;;;;
PE;2609501;NAZARE DA MATA;12.769.879,49;1.897.503,22;0;0;1.897.503,22;14.667.382,71;;;;
PE;2609600;OLINDA;124.141.495,24;18.446.445,58;0;0;18.446.445,58;142.587.940,82;;;;
PE;2609709;OROBO;21.517.754,96;3.197.368,42;0;0;3.197.368,42;24.715.123,38;;;;
PE;2609808;OROCO;13.369.685,32;1.986.629,63;0;0;1.986.629,63;15.356.314,95;;;;
PE;2609907;OURICURI;48.165.345,93;7.156.989,94;0;0;7.156.989,94;55.322.335,87;;;;
PE;2610004;PALMARES;34.874.488,41;5.182.073,50;0;0;5.182.073,50;40.056.561,91;;;;
PE;2610103;PALMEIRINA;6.618.185,16;983.410,04;0;0;983.410,04;7.601.595,20;;;;
PE;2610202;PANELAS;33.008.525,07;4.904.806,09;0;0;4.904.806,09;37.913.331,16;;;;
PE;2610301;PARANATAMA;13.471.290,55;2.001.727,36;0;0;2.001.727,36;15.473.017,91;;;;
PE;2610400;PARNAMIRIM;16.728.240,67;2.485.684,42;0;0;2.485.684,42;19.213.925,09;;;;
PE;2610509;PASSIRA;20.296.482,42;3.015.896,96;0;0;3.015.896,96;23.312.379,38;;;;
PE;2610608;PAUDALHO;39.898.922,94;5.928.664,78;0;0;5.928.664,78;45.827.587,72;;;;
PE;2610707;PAULISTA;99.953.644,12;14.852.321,97;0;0;14.852.321,97;114.805.966,09;;;;
PE;2610806;PEDRA;16.211.505,48;2.408.901,66;0;0;2.408.901,66;18.620.407,14;;;;
PE;2610905;PESQUEIRA;49.151.474,95;7.303.520,92;0;0;7.303.520,92;56.454.995,87;;;;
PE;2611002;PETROLANDIA;31.557.245,08;4.689.157,34;0;0;4.689.157,34;36.246.402,42;;;;
PE;2611101;PETROLINA;274.218.451,60;40.746.695,81;0;0;40.746.695,81;314.965.147,41;;;;
PE;2611200;POCAO;10.263.914,86;1.525.136,67;0;0;1.525.136,67;11.789.051,53;;;;
PE;2611309;POMBOS;19.127.687,28;2.842.223,24;0;0;2.842.223,24;21.969.910,52;;;;
PE;2611408;PRIMAVERA;8.765.516,82;1.302.486,56;0;0;1.302.486,56;10.068.003,38;;;;
PE;2611507;QUIPAPA;17.850.364,38;2.652.423,14;0;0;2.652.423,14;20.502.787,52;;;;
PE;2611533;QUIXABA;9.815.511,99;1.458.507,55;0;0;1.458.507,55;11.274.019,54;;;;
PE;2611606;RECIFE;452.867.692,31;67.292.561,80;0;0;67.292.561,80;520.160.254,11;;;;
PE;2611705;RIACHO DAS ALMAS;17.837.412,50;2.650.498,60;0;0;2.650.498,60;20.487.911,10;;;;
PE;2611804;RIBEIRAO;24.471.005,93;3.636.198,18;0;0;3.636.198,18;28.107.204,11;;;;
PE;2611903;RIO FORMOSO;23.745.477,58;3.528.390,40;0;0;3.528.390,40;27.273.867,98;;;;
PE;2612000;SAIRE;7.553.623,22;1.122.408,74;0;0;1.122.408,74;8.676.031,96;;;;
PE;2612109;SALGADINHO;5.017.065,36;745.496,28;0;0;745.496,28;5.762.561,64;;;;
PE;2612208;SALGUEIRO;37.880.440,10;5.628.734,18;0;0;5.628.734,18;43.509.174,28;;;;
PE;2612307;SALOA;14.600.783,44;2.169.561,08;0;0;2.169.561,08;16.770.344,52;;;;
PE;2612406;SANHARO;15.245.474,21;2.265.357,04;0;0;2.265.357,04;17.510.831,25;;;;
PE;2612455;SANTA CRUZ;13.047.451,59;1.938.748,24;0;0;1.938.748,24;14.986.199,83;;;;
PE;2612471;SANTA CRUZ DA BAIXA VERDE;9.385.867,00;1.394.665,70;0;0;1.394.665,70;10.780.532,70;;;;
PE;2612505;SANTA CRUZ DO CAPIBARIBE;59.095.389,15;8.781.108,02;0;0;8.781.108,02;67.876.497,17;;;;
PE;2612554;SANTA FILOMENA;11.907.239,91;1.769.321,79;0;0;1.769.321,79;13.676.561,70;;;;
PE;2612604;SANTA MARIA DA BOA VISTA;42.795.676,92;6.359.099,54;0;0;6.359.099,54;49.154.776,46;;;;
PE;2612703;SANTA MARIA DO CAMBUCA;10.981.180,80;1.631.716,72;0;0;1.631.716,72;12.612.897,52;;;;
PE;2612802;SANTA TEREZINHA;9.003.563,36;1.337.858,40;0;0;1.337.858,40;10.341.421,76;;;;
PE;2612901;SAO BENEDITO DO SUL;10.544.166,65;1.566.779,87;0;0;1.566.779,87;12.110.946,52;;;;
PE;2613008;SAO BENTO DO UNA;42.646.730,35;6.336.967,26;0;0;6.336.967,26;48.983.697,61;;;;
PE;2613107;SAO CAITANO;24.416.518,73;3.628.101,81;0;0;3.628.101,81;28.044.620,54;;;;
PE;2613206;SAO JOAO;22.014.169,10;3.271.131,63;0;0;3.271.131,63;25.285.300,73;;;;
PE;2613305;SAO JOAQUIM DO MONTE;16.855.303,03;2.504.564,89;0;0;2.504.564,89;19.359.867,92;;;;
PE;2613404;SAO JOSE DA COROA GRANDE;17.878.724,52;2.656.637,24;0;0;2.656.637,24;20.535.361,76;;;;
PE;2613503;SAO JOSE DO BELMONTE;22.957.422,95;3.411.291,70;0;0;3.411.291,70;26.368.714,65;;;;
PE;2613602;SAO JOSE DO EGITO;22.161.329,21;3.292.998,46;0;0;3.292.998,46;25.454.327,67;;;;
PE;2613701;SAO LOURENCO DA MATA;59.313.561,25;8.813.526,68;0;0;8.813.526,68;68.127.087,93;;;;
PE;2613800;SAO VICENTE FERRER;12.913.689,98;1.918.872,32;0;0;1.918.872,32;14.832.562,30;;;;
PE;2613909;SERRA TALHADA;58.645.199,82;8.714.213,44;0;0;8.714.213,44;67.359.413,26;;;;
PE;2614006;SERRITA;18.540.610,03;2.754.988,19;0;0;2.754.988,19;21.295.598,22;;;;
PE;2614105;SERTANIA;22.814.282,38;3.390.022,15;0;0;3.390.022,15;26.204.304,53;;;;
PE;2614204;SIRINHAEM;29.033.639,09;4.314.169,43;0;0;4.314.169,43;33.347.808,52;;;;
PE;2614402;SOLIDAO;5.960.989,12;885.755,90;0;0;885.755,90;6.846.745,02;;;;
PE;2614501;SURUBIM;32.390.184,67;4.812.925,59;0;0;4.812.925,59;37.203.110,26;;;;
PE;2614600;TABIRA;20.625.415,40;3.064.773,80;0;0;3.064.773,80;23.690.189,20;;;;
PE;2614709;TACAIMBO;8.570.792,07;1.273.552,00;0;0;1.273.552,00;9.844.344,07;;;;
PE;2614808;TACARATU;16.843.467,69;2.502.806,25;0;0;2.502.806,25;19.346.273,94;;;;
PE;2614857;TAMANDARE;19.880.459,24;2.954.079,20;0;0;2.954.079,20;22.834.538,44;;;;
PE;2615003;TAQUARITINGA DO NORTE;18.690.673,14;2.777.286,39;0;0;2.777.286,39;21.467.959,53;;;;
PE;2615102;TEREZINHA;6.430.829,58;955.570,48;0;0;955.570,48;7.386.400,06;;;;
PE;2615201;TERRA NOVA;8.113.680,19;1.205.628,78;0;0;1.205.628,78;9.319.308,97;;;;
PE;2615300;TIMBAUBA;31.001.654,27;4.606.600,94;0;0;4.606.600,94;35.608.255,21;;;;
PE;2615409;TORITAMA;34.604.732,10;5.141.989,84;0;0;5.141.989,84;39.746.721,94;;;;
PE;2615508;TRACUNHAEM;8.803.255,91;1.308.094,29;0;0;1.308.094,29;10.111.350,20;;;;
PE;2615607;TRINDADE;24.466.316,45;3.635.501,36;0;0;3.635.501,36;28.101.817,81;;;;
PE;2615706;TRIUNFO;12.119.606,01;1.800.877,72;0;0;1.800.877,72;13.920.483,73;;;;
PE;2615805;TUPANATINGA;22.429.075,74;3.332.783,48;0;0;3.332.783,48;25.761.859,22;;;;
PE;2615904;TUPARETAMA;7.236.525,57;1.075.290,54;0;0;1.075.290,54;8.311.816,11;;;;
PE;2616001;VENTUROSA;13.653.063,43;2.028.737,38;0;0;2.028.737,38;15.681.800,81;;;;
PE;2616100;VERDEJANTE;9.326.467,02;1.385.839,33;0;0;1.385.839,33;10.712.306,35;;;;
PE;2616183;VERTENTE DO LERIO;7.779.164,49;1.155.922,40;0;0;1.155.922,40;8.935.086,89;;;;
PE;2616209;VERTENTES;15.239.221,57;2.264.427,95;0;0;2.264.427,95;17.503.649,52;;;;
PE;2616308;VICENCIA;23.958.513,60;3.560.045,87;0;0;3.560.045,87;27.518.559,47;;;;
PE;2616407;VITORIA DE SANTO ANTAO;74.708.428,66;11.101.082,36;0;0;11.101.082,36;85.809.511,02;;;;
PE;2616506;XEXEU;16.546.467,79;2.458.674,41;0;0;2.458.674,41;19.005.142,20;;;;
PI;2200053;ACAUA;4.897.551,76;1.336.182,08;0;0;1.336.182,08;6.233.733,84;;;;
PI;2200103;AGRICOLANDIA;3.976.641,14;1.084.933,23;0;0;1.084.933,23;5.061.574,37;;;;
PI;2200202;AGUA BRANCA;12.974.965,54;3.539.914,90;0;0;3.539.914,90;16.514.880,44;;;;
PI;2200251;ALAGOINHA DO PIAUI;4.003.039,24;1.092.135,33;0;0;1.092.135,33;5.095.174,57;;;;
PI;2200277;ALEGRETE DO PIAUI;4.510.446,88;1.230.569,60;0;0;1.230.569,60;5.741.016,48;;;;
PI;2200301;ALTO LONGA;9.570.014,42;2.610.953,88;0;0;2.610.953,88;12.180.968,30;;;;
PI;2200400;ALTOS;38.894.266,76;10.611.388,07;0;0;10.611.388,07;49.505.654,83;;;;
PI;2200459;ALVORADA DO GURGUEIA;6.058.664,87;1.652.964,55;0;0;1.652.964,55;7.711.629,42;;;;
PI;2200509;AMARANTE;19.617.411,16;5.352.150,33;0;0;5.352.150,33;24.969.561,49;;;;
PI;2200608;ANGICAL DO PIAUI;5.119.819,68;1.396.822,67;0;0;1.396.822,67;6.516.642,35;;;;
PI;2200707;ANISIO DE ABREU;8.472.780,66;2.311.599,40;0;0;2.311.599,40;10.784.380,06;;;;
PI;2200806;ANTONIO ALMEIDA;2.828.827,82;771.779,30;0;0;771.779,30;3.600.607,12;;;;
PI;2200905;AROAZES;4.553.973,50;1.242.444,82;0;0;1.242.444,82;5.796.418,32;;;;
PI;2200954;AROEIRAS DO ITAIM;3.184.295,30;868.760,25;0;0;868.760,25;4.053.055,55;;;;
PI;2201002;ARRAIAL;4.472.159,57;1.220.123,80;0;0;1.220.123,80;5.692.283,37;;;;
PI;2201051;ASSUNCAO DO PIAUI;10.934.251,80;2.983.154,04;0;0;2.983.154,04;13.917.405,84;;;;
PI;2201101;AVELINO LOPES;8.987.039,72;2.451.902,91;0;0;2.451.902,91;11.438.942,63;;;;
PI;2201150;BAIXA GRANDE DO RIBEIRO;15.722.382,45;4.289.483,14;0;0;4.289.483,14;20.011.865,59;;;;
PI;2201176;BARRA DALCANTARA;3.568.780,51;973.658,03;0;0;973.658,03;4.542.438,54;;;;
PI;2201200;BARRAS;51.561.926,25;14.067.461,72;0;0;14.067.461,72;65.629.387,97;;;;
PI;2201309;BARREIRAS DO PIAUI;2.383.687,44;650.333,19;0;0;650.333,19;3.034.020,63;;;;
PI;2201408;BARRO DURO;5.423.901,54;1.479.784,27;0;0;1.479.784,27;6.903.685,81;;;;
PI;2201507;BATALHA;24.394.861,67;6.655.565,60;0;0;6.655.565,60;31.050.427,27;;;;
PI;2201556;BELA VISTA DO PIAUI;2.978.551,37;812.627,85;0;0;812.627,85;3.791.179,22;;;;
PI;2201572;BELEM DO PIAUI;4.868.332,49;1.328.210,29;0;0;1.328.210,29;6.196.542,78;;;;
PI;2201606;BENEDITINOS;10.667.852,72;2.910.473,30;0;0;2.910.473,30;13.578.326,02;;;;
PI;2201705;BERTOLINIA;4.840.926,84;1.320.733,30;0;0;1.320.733,30;6.161.660,14;;;;
PI;2201739;BETANIA DO PIAUI;7.417.259,92;2.023.625,33;0;0;2.023.625,33;9.440.885,25;;;;
PI;2201770;BOA HORA;6.997.711,58;1.909.161,41;0;0;1.909.161,41;8.906.872,99;;;;
PI;2201804;BOCAINA;2.427.818,62;662.373,34;0;0;662.373,34;3.090.191,96;;;;
PI;2201903;BOM JESUS;25.565.848,88;6.975.041,99;0;0;6.975.041,99;32.540.890,87;;;;
PI;2201919;BOM PRINCIPIO DO PIAUI;6.267.834,50;1.710.031,58;0;0;1.710.031,58;7.977.866,08;;;;
PI;2201929;BONFIM DO PIAUI;4.829.440,65;1.317.599,56;0;0;1.317.599,56;6.147.040,21;;;;
PI;2201945;BOQUEIRAO DO PIAUI;6.619.674,75;1.806.022,93;0;0;1.806.022,93;8.425.697,68;;;;
PI;2201960;BRASILEIRA;6.470.555,74;1.765.339,31;0;0;1.765.339,31;8.235.895,05;;;;
PI;2201988;BREJO DO PIAUI;3.535.329,49;964.531,70;0;0;964.531,70;4.499.861,19;;;;
PI;2202000;BURITI DOS LOPES;21.242.808,32;5.795.601,81;0;0;5.795.601,81;27.038.410,13;;;;
PI;2202026;BURITI DOS MONTES;10.326.289,59;2.817.285,82;0;0;2.817.285,82;13.143.575,41;;;;
PI;2202059;CABECEIRAS DO PIAUI;8.590.060,74;2.343.596,52;0;0;2.343.596,52;10.933.657,26;;;;
PI;2202075;CAJAZEIRAS DO PIAUI;2.407.264,37;656.765,60;0;0;656.765,60;3.064.029,97;;;;
PI;2202083;CAJUEIRO DA PRAIA;7.255.647,16;1.979.533,08;0;0;1.979.533,08;9.235.180,24;;;;
PI;2202091;CALDEIRAO GRANDE DO PIAUI;4.496.945,57;1.226.886,08;0;0;1.226.886,08;5.723.831,65;;;;
PI;2202109;CAMPINAS DO PIAUI;7.904.516,34;2.156.561,81;0;0;2.156.561,81;10.061.078,15;;;;
PI;2202117;CAMPO ALEGRE DO FIDALGO;5.577.655,33;1.521.732,38;0;0;1.521.732,38;7.099.387,71;;;;
PI;2202133;CAMPO GRANDE DO PIAUI;5.109.542,55;1.394.018,80;0;0;1.394.018,80;6.503.561,35;;;;
PI;2202174;CAMPO LARGO DO PIAUI;10.170.319,17;2.774.732,95;0;0;2.774.732,95;12.945.052,12;;;;
PI;2202208;CAMPO MAIOR;34.774.350,46;9.487.365,58;0;0;9.487.365,58;44.261.716,04;;;;
PI;2202251;CANAVIEIRA;3.195.983,00;871.948,97;0;0;871.948,97;4.067.931,97;;;;
PI;2202307;CANTO DO BURITI;13.964.591,80;3.809.911,21;0;0;3.809.911,21;17.774.503,01;;;;
PI;2202406;CAPITAO DE CAMPOS;14.074.415,94;3.839.874,14;0;0;3.839.874,14;17.914.290,08;;;;
PI;2202455;CAPITAO GERVASIO OLIVEIRA;3.687.269,67;1.005.985,01;0;0;1.005.985,01;4.693.254,68;;;;
PI;2202505;CARACOL;10.861.908,93;2.963.416,99;0;0;2.963.416,99;13.825.325,92;;;;
PI;2202539;CARAUBAS DO PIAUI;5.722.139,55;1.561.151,51;0;0;1.561.151,51;7.283.291,06;;;;
PI;2202554;CARIDADE DO PIAUI;6.310.555,09;1.721.686,88;0;0;1.721.686,88;8.032.241,97;;;;
PI;2202604;CASTELO DO PIAUI;18.087.530,77;4.934.758,37;0;0;4.934.758,37;23.022.289,14;;;;
PI;2202653;CAXINGO;5.910.150,41;1.612.445,86;0;0;1.612.445,86;7.522.596,27;;;;
PI;2202703;COCAL;23.304.076,29;6.357.970,41;0;0;6.357.970,41;29.662.046,70;;;;
PI;2202711;COCAL DE TELHA;6.036.901,56;1.647.026,94;0;0;1.647.026,94;7.683.928,50;;;;
PI;2202729;COCAL DOS ALVES;5.514.783,53;1.504.579,29;0;0;1.504.579,29;7.019.362,82;;;;
PI;2202737;COIVARAS;4.353.871,92;1.187.851,80;0;0;1.187.851,80;5.541.723,72;;;;
PI;2202752;COLONIA DO GURGUEIA;5.861.384,46;1.599.141,22;0;0;1.599.141,22;7.460.525,68;;;;
PI;2202778;COLONIA DO PIAUI;5.489.997,53;1.497.817,01;0;0;1.497.817,01;6.987.814,54;;;;
PI;2202802;CONCEICAO DO CANINDE;4.086.263,76;1.114.841,19;0;0;1.114.841,19;5.201.104,95;;;;
PI;2202851;CORONEL JOSE DIAS;3.583.490,90;977.671,41;0;0;977.671,41;4.561.162,31;;;;
PI;2202901;CORRENTE;22.449.664,70;6.124.864,25;0;0;6.124.864,25;28.574.528,95;;;;
PI;2203008;CRISTALANDIA DO PIAUI;6.375.845,03;1.739.499,71;0;0;1.739.499,71;8.115.344,74;;;;
PI;2203107;CRISTINO CASTRO;9.707.244,20;2.648.393,81;0;0;2.648.393,81;12.355.638,01;;;;
PI;2203206;CURIMATA;9.092.229,06;2.480.601,36;0;0;2.480.601,36;11.572.830,42;;;;
PI;2203230;CURRAIS;6.023.601,76;1.643.398,40;0;0;1.643.398,40;7.667.000,16;;;;
PI;2203271;CURRAL NOVO DO PIAUI;5.819.066,90;1.587.595,87;0;0;1.587.595,87;7.406.662,77;;;;
PI;2203255;CURRALINHOS;5.061.381,15;1.380.879,09;0;0;1.380.879,09;6.442.260,24;;;;
PI;2203305;DEMERVAL LOBAO;15.328.627,67;4.182.056,39;0;0;4.182.056,39;19.510.684,06;;;;
PI;2203354;DIRCEU ARCOVERDE;8.515.501,24;2.323.254,70;0;0;2.323.254,70;10.838.755,94;;;;
PI;2203404;DOM EXPEDITO LOPES;4.946.317,71;1.349.486,72;0;0;1.349.486,72;6.295.804,43;;;;
PI;2203453;DOM INOCENCIO;6.973.127,10;1.902.454,11;0;0;1.902.454,11;8.875.581,21;;;;
PI;2203420;DOMINGOS MOURAO;5.120.625,72;1.397.042,58;0;0;1.397.042,58;6.517.668,30;;;;
PI;2203503;ELESBAO VELOSO;8.045.977,89;2.195.156,27;0;0;2.195.156,27;10.241.134,16;;;;
PI;2203602;ELISEU MARTINS;3.436.790,04;937.647,52;0;0;937.647,52;4.374.437,56;;;;
PI;2203701;ESPERANTINA;35.780.299,21;9.761.815,09;0;0;9.761.815,09;45.542.114,30;;;;
PI;2203750;FARTURA DO PIAUI;6.772.824,00;1.847.806,11;0;0;1.847.806,11;8.620.630,11;;;;
PI;2203800;FLORES DO PIAUI;4.034.475,13;1.100.711,88;0;0;1.100.711,88;5.135.187,01;;;;
PI;2203859;FLORESTA DO PIAUI;1.836.783,42;501.123,26;0;0;501.123,26;2.337.906,68;;;;
PI;2203909;FLORIANO;32.725.576,25;8.928.405,60;0;0;8.928.405,60;41.653.981,85;;;;
PI;2204006;FRANCINOPOLIS;4.297.448,52;1.172.457,99;0;0;1.172.457,99;5.469.906,51;;;;
PI;2204105;FRANCISCO AYRES;3.658.251,91;998.068,20;0;0;998.068,20;4.656.320,11;;;;
PI;2204154;FRANCISCO MACEDO;2.990.642,10;815.926,52;0;0;815.926,52;3.806.568,62;;;;
PI;2204204;FRANCISCO SANTOS;5.916.397,28;1.614.150,18;0;0;1.614.150,18;7.530.547,46;;;;
PI;2204303;FRONTEIRAS;6.900.179,70;1.882.552,12;0;0;1.882.552,12;8.782.731,82;;;;
PI;2204352;GEMINIANO;4.213.417,94;1.149.532,22;0;0;1.149.532,22;5.362.950,16;;;;
PI;2204402;GILBUES;12.048.815,61;3.287.236,62;0;0;3.287.236,62;15.336.052,23;;;;
PI;2204501;GUADALUPE;10.370.622,26;2.829.380,95;0;0;2.829.380,95;13.200.003,21;;;;
PI;2204550;GUARIBAS;5.409.191,16;1.475.770,88;0;0;1.475.770,88;6.884.962,04;;;;
PI;2204600;HUGO NAPOLEAO;3.078.098,38;839.786,92;0;0;839.786,92;3.917.885,30;;;;
PI;2204659;ILHA GRANDE;8.538.272,12;2.329.467,20;0;0;2.329.467,20;10.867.739,32;;;;
PI;2204709;INHUMA;8.819.180,08;2.406.106,35;0;0;2.406.106,35;11.225.286,43;;;;
PI;2204808;IPIRANGA DO PIAUI;6.579.170,81;1.794.972,38;0;0;1.794.972,38;8.374.143,19;;;;
PI;2204907;ISAIAS COELHO;7.426.126,46;2.026.044,35;0;0;2.026.044,35;9.452.170,81;;;;
PI;2205003;ITAINOPOLIS;7.704.011,74;2.101.858,83;0;0;2.101.858,83;9.805.870,57;;;;
PI;2205102;ITAUEIRA;7.666.933,49;2.091.742,91;0;0;2.091.742,91;9.758.676,40;;;;
PI;2205151;JACOBINA DO PIAUI;8.561.849,04;2.335.899,61;0;0;2.335.899,61;10.897.748,65;;;;
PI;2205201;JAICOS;12.897.584,87;3.518.803,40;0;0;3.518.803,40;16.416.388,27;;;;
PI;2205250;JARDIM DO MULATO;3.484.951,45;950.787,23;0;0;950.787,23;4.435.738,68;;;;
PI;2205276;JATOBA DO PIAUI;5.612.516,94;1.531.243,55;0;0;1.531.243,55;7.143.760,49;;;;
PI;2205300;JERUMENHA;3.704.801,22;1.010.768,09;0;0;1.010.768,09;4.715.569,31;;;;
PI;2205359;JOAO COSTA;2.678.902,78;730.875,76;0;0;730.875,76;3.409.778,54;;;;
PI;2205409;JOAQUIM PIRES;12.132.644,67;3.310.107,42;0;0;3.310.107,42;15.442.752,09;;;;
PI;2205458;JOCA MARQUES;6.222.897,29;1.697.771,51;0;0;1.697.771,51;7.920.668,80;;;;
PI;2205508;JOSE DE FREITAS;32.298.168,93;8.811.797,55;0;0;8.811.797,55;41.109.966,48;;;;
PI;2205516;JUAZEIRO DO PIAUI;4.894.327,57;1.335.302,43;0;0;1.335.302,43;6.229.630,00;;;;
PI;2205524;JULIO BORGES;6.502.999,20;1.774.190,75;0;0;1.774.190,75;8.277.189,95;;;;
PI;2205532;JUREMA;5.161.734,21;1.408.258,06;0;0;1.408.258,06;6.569.992,27;;;;
PI;2205557;LAGOA ALEGRE;10.516.114,05;2.869.074,97;0;0;2.869.074,97;13.385.189,02;;;;
PI;2205573;LAGOA DE SAO FRANCISCO;8.001.645,21;2.183.061,14;0;0;2.183.061,14;10.184.706,35;;;;
PI;2205565;LAGOA DO BARRO DO PIAUI;4.817.752,94;1.314.410,84;0;0;1.314.410,84;6.132.163,78;;;;
PI;2205581;LAGOA DO PIAUI;4.381.882,11;1.195.493,72;0;0;1.195.493,72;5.577.375,83;;;;
PI;2205599;LAGOA DO SITIO;3.945.809,79;1.076.521,61;0;0;1.076.521,61;5.022.331,40;;;;
PI;2205540;LAGOINHA DO PIAUI;2.568.877,13;700.857,85;0;0;700.857,85;3.269.734,98;;;;
PI;2205607;LANDRI SALES;6.480.228,33;1.767.978,25;0;0;1.767.978,25;8.248.206,58;;;;
PI;2205706;LUIS CORREIA;26.657.843,33;7.272.967,05;0;0;7.272.967,05;33.930.810,38;;;;
PI;2205805;LUZILANDIA;26.518.396,90;7.234.922,37;0;0;7.234.922,37;33.753.319,27;;;;
PI;2205854;MADEIRO;12.473.200,24;3.403.020,01;0;0;3.403.020,01;15.876.220,25;;;;
PI;2205904;MANOEL EMIDIO;4.502.587,90;1.228.425,46;0;0;1.228.425,46;5.731.013,36;;;;
PI;2205953;MARCOLANDIA;9.811.022,97;2.676.707,41;0;0;2.676.707,41;12.487.730,38;;;;
PI;2206001;MARCOS PARENTE;4.423.393,62;1.206.819,16;0;0;1.206.819,16;5.630.212,78;;;;
PI;2206050;MASSAPE DO PIAUI;5.892.618,84;1.607.662,79;0;0;1.607.662,79;7.500.281,63;;;;
PI;2206100;MATIAS OLIMPIO;10.445.987,82;2.849.942,67;0;0;2.849.942,67;13.295.930,49;;;;
PI;2206209;MIGUEL ALVES;38.719.555,71;10.563.722,26;0;0;10.563.722,26;49.283.277,97;;;;
PI;2206308;MIGUEL LEAO;1.760.007,29;480.176,69;0;0;480.176,69;2.240.183,98;;;;
PI;2206357;MILTON BRANDAO;5.875.691,82;1.603.044,65;0;0;1.603.044,65;7.478.736,47;;;;
PI;2206407;MONSENHOR GIL;8.936.863,19;2.438.213,42;0;0;2.438.213,42;11.375.076,61;;;;
PI;2206506;MONSENHOR HIPOLITO;6.600.934,12;1.800.909,99;0;0;1.800.909,99;8.401.844,11;;;;
PI;2206605;MONTE ALEGRE DO PIAUI;11.932.341,58;3.255.459,42;0;0;3.255.459,42;15.187.801,00;;;;
PI;2206654;MORRO CABECA NO TEMPO;4.077.598,74;1.112.477,14;0;0;1.112.477,14;5.190.075,88;;;;
PI;2206670;MORRO DO CHAPEU DO PIAUI;8.270.462,44;2.256.401,62;0;0;2.256.401,62;10.526.864,06;;;;
PI;2206696;MURICI DOS PORTELAS;8.991.271,47;2.453.057,45;0;0;2.453.057,45;11.444.328,92;;;;
PI;2206704;NAZARE DO PIAUI;6.040.125,75;1.647.906,59;0;0;1.647.906,59;7.688.032,34;;;;
PI;2206720;NAZARIA;9.971.023,63;2.720.359,84;0;0;2.720.359,84;12.691.383,47;;;;
PI;2206753;NOSSA SENHORA DE NAZARE;10.676.719,25;2.912.892,33;0;0;2.912.892,33;13.589.611,58;;;;
PI;2206803;NOSSA SENHORA DOS REMEDIOS;16.258.001,80;4.435.614,31;0;0;4.435.614,31;20.693.616,11;;;;
PI;2207959;NOVA SANTA RITA;3.731.803,86;1.018.135,12;0;0;1.018.135,12;4.749.938,98;;;;
PI;2206902;NOVO ORIENTE DO PIAUI;3.280.819,63;895.094,65;0;0;895.094,65;4.175.914,28;;;;
PI;2206951;NOVO SANTO ANTONIO;2.996.888,98;817.630,84;0;0;817.630,84;3.814.519,82;;;;
PI;2207009;OEIRAS;28.074.272,36;7.659.406,48;0;0;7.659.406,48;35.733.678,84;;;;
PI;2207108;OLHO DAGUA DO PIAUI;3.045.856,44;830.990,46;0;0;830.990,46;3.876.846,90;;;;
PI;2207207;PADRE MARCOS;7.023.706,65;1.916.253,55;0;0;1.916.253,55;8.939.960,20;;;;
PI;2207306;PAES LANDIM;3.971.804,85;1.083.613,76;0;0;1.083.613,76;5.055.418,61;;;;
PI;2207355;PAJEU DO PIAUI;2.306.911,31;629.386,62;0;0;629.386,62;2.936.297,93;;;;
PI;2207405;PALMEIRA DO PIAUI;4.212.410,39;1.149.257,33;0;0;1.149.257,33;5.361.667,72;;;;
PI;2207504;PALMEIRAIS;15.325.201,97;4.181.121,76;0;0;4.181.121,76;19.506.323,73;;;;
PI;2207553;PAQUETA;7.652.626,13;2.087.839,48;0;0;2.087.839,48;9.740.465,61;;;;
PI;2207603;PARNAGUA;8.549.758,31;2.332.600,94;0;0;2.332.600,94;10.882.359,25;;;;
PI;2207702;PARNAIBA;80.845.473,13;22.056.790,38;0;0;22.056.790,38;102.902.263,51;;;;
PI;2207751;PASSAGEM FRANCA DO PIAUI;5.447.075,45;1.486.106,72;0;0;1.486.106,72;6.933.182,17;;;;
PI;2207777;PATOS DO PIAUI;4.608.583,30;1.257.343,82;0;0;1.257.343,82;5.865.927,12;;;;
PI;2207793;PAU DARCO DO PIAUI;3.642.130,94;993.669,97;0;0;993.669,97;4.635.800,91;;;;
PI;2207801;PAULISTANA;20.485.928,61;5.589.104,94;0;0;5.589.104,94;26.075.033,55;;;;
PI;2207850;PAVUSSU;2.377.239,05;648.573,90;0;0;648.573,90;3.025.812,95;;;;
PI;2207900;PEDRO II;29.945.111,34;8.169.820,99;0;0;8.169.820,99;38.114.932,33;;;;
PI;2207934;PEDRO LAURENTINO;2.178.145,03;594.255,77;0;0;594.255,77;2.772.400,80;;;;
PI;2208007;PICOS;37.159.045,47;10.137.973,66;0;0;10.137.973,66;47.297.019,13;;;;
PI;2208106;PIMENTEIRAS;7.961.544,28;2.172.120,55;0;0;2.172.120,55;10.133.664,83;;;;
PI;2208205;PIO IX;13.208.518,14;3.603.634,25;0;0;3.603.634,25;16.812.152,39;;;;
PI;2208304;PIRACURUCA;19.316.150,47;5.269.958,42;0;0;5.269.958,42;24.586.108,89;;;;
PI;2208403;PIRIPIRI;48.992.847,60;13.366.548,90;0;0;13.366.548,90;62.359.396,50;;;;
PI;2208502;PORTO;16.475.030,41;4.494.825,47;0;0;4.494.825,47;20.969.855,88;;;;
PI;2208551;PORTO ALEGRE DO PIAUI;2.071.746,61;565.227,45;0;0;565.227,45;2.636.974,06;;;;
PI;2208601;PRATA DO PIAUI;3.155.882,07;861.008,38;0;0;861.008,38;4.016.890,45;;;;
PI;2208650;QUEIMADA NOVA;7.383.405,87;2.014.389,05;0;0;2.014.389,05;9.397.794,92;;;;
PI;2208700;REDENCAO DO GURGUEIA;9.429.358,93;2.572.579,33;0;0;2.572.579,33;12.001.938,26;;;;
PI;2208809;REGENERACAO;13.443.279,82;3.667.683,46;0;0;3.667.683,46;17.110.963,28;;;;
PI;2208858;RIACHO FRIO;5.030.348,28;1.372.412,49;0;0;1.372.412,49;6.402.760,77;;;;
PI;2208874;RIBEIRA DO PIAUI;3.612.911,67;985.698,18;0;0;985.698,18;4.598.609,85;;;;
PI;2208908;RIBEIRO GONCALVES;7.133.530,78;1.946.216,49;0;0;1.946.216,49;9.079.747,27;;;;
PI;2209005;RIO GRANDE DO PIAUI;4.316.390,66;1.177.625,91;0;0;1.177.625,91;5.494.016,57;;;;
PI;2209104;SANTA CRUZ DO PIAUI;4.204.349,89;1.147.058,22;0;0;1.147.058,22;5.351.408,11;;;;
PI;2209153;SANTA CRUZ DOS MILAGRES;3.235.076,36;882.614,68;0;0;882.614,68;4.117.691,04;;;;
PI;2209203;SANTA FILOMENA;5.928.488,01;1.617.448,85;0;0;1.617.448,85;7.545.936,86;;;;
PI;2209302;SANTA LUZ;4.603.142,47;1.255.859,42;0;0;1.255.859,42;5.859.001,89;;;;
PI;2209377;SANTA ROSA DO PIAUI;3.930.091,83;1.072.233,34;0;0;1.072.233,34;5.002.325,17;;;;
PI;2209351;SANTANA DO PIAUI;4.103.795,32;1.119.624,26;0;0;1.119.624,26;5.223.419,58;;;;
PI;2209401;SANTO ANTONIO DE LISBOA;3.240.718,70;884.154,06;0;0;884.154,06;4.124.872,76;;;;
PI;2209450;SANTO ANTONIO DOS MILAGRES;2.769.180,22;755.505,85;0;0;755.505,85;3.524.686,07;;;;
PI;2209500;SANTO INACIO DO PIAUI;2.614.418,88;713.282,85;0;0;713.282,85;3.327.701,73;;;;
PI;2209559;SAO BRAZ DO PIAUI;3.855.935,35;1.052.001,49;0;0;1.052.001,49;4.907.936,84;;;;
PI;2209609;SAO FELIX DO PIAUI;2.619.053,66;714.547,34;0;0;714.547,34;3.333.601,00;;;;
PI;2209658;SAO FRANCISCO DE ASSIS DO PIAUI;5.089.189,83;1.388.466,03;0;0;1.388.466,03;6.477.655,86;;;;
PI;2209708;SAO FRANCISCO DO PIAUI;5.470.652,37;1.492.539,13;0;0;1.492.539,13;6.963.191,50;;;;
PI;2209757;SAO GONCALO DO GURGUEIA;2.937.845,92;801.522,32;0;0;801.522,32;3.739.368,24;;;;
PI;2209807;SAO GONCALO DO PIAUI;3.890.595,45;1.061.457,68;0;0;1.061.457,68;4.952.053,13;;;;
PI;2209856;SAO JOAO DA CANABRAVA;6.515.291,44;1.777.544,40;0;0;1.777.544,40;8.292.835,84;;;;
PI;2209872;SAO JOAO DA FRONTEIRA;5.283.850,59;1.441.574,65;0;0;1.441.574,65;6.725.425,24;;;;
PI;2209906;SAO JOAO DA SERRA;4.460.874,89;1.217.045,04;0;0;1.217.045,04;5.677.919,93;;;;
PI;2209955;SAO JOAO DA VARJOTA;4.051.603,67;1.105.384,99;0;0;1.105.384,99;5.156.988,66;;;;
PI;2209971;SAO JOAO DO ARRAIAL;12.442.973,41;3.394.773,33;0;0;3.394.773,33;15.837.746,74;;;;
PI;2210003;SAO JOAO DO PIAUI;15.849.738,14;4.324.229,15;0;0;4.324.229,15;20.173.967,29;;;;
PI;2210052;SAO JOSE DO DIVINO;4.493.519,85;1.225.951,46;0;0;1.225.951,46;5.719.471,31;;;;
PI;2210102;SAO JOSE DO PEIXE;2.811.296,27;766.996,22;0;0;766.996,22;3.578.292,49;;;;
PI;2210201;SAO JOSE DO PIAUI;3.948.832,46;1.077.346,28;0;0;1.077.346,28;5.026.178,74;;;;
PI;2210300;SAO JULIAO;3.896.237,79;1.062.997,06;0;0;1.062.997,06;4.959.234,85;;;;
PI;2210359;SAO LOURENCO DO PIAUI;5.008.181,93;1.366.364,93;0;0;1.366.364,93;6.374.546,86;;;;
PI;2210375;SAO LUIS DO PIAUI;2.129.177,58;580.896,14;0;0;580.896,14;2.710.073,72;;;;
PI;2210383;SAO MIGUEL DA BAIXA GRANDE;1.835.171,33;500.683,43;0;0;500.683,43;2.335.854,76;;;;
PI;2210391;SAO MIGUEL DO FIDALGO;2.564.443,86;699.648,34;0;0;699.648,34;3.264.092,20;;;;
PI;2210409;SAO MIGUEL DO TAPUIO;14.698.499,12;4.010.140,60;0;0;4.010.140,60;18.708.639,72;;;;
PI;2210508;SAO PEDRO DO PIAUI;12.934.260,08;3.528.809,37;0;0;3.528.809,37;16.463.069,45;;;;
PI;2210607;SAO RAIMUNDO NONATO;25.914.666,44;7.070.208,68;0;0;7.070.208,68;32.984.875,12;;;;
PI;2210623;SEBASTIAO BARROS;4.344.803,88;1.185.377,79;0;0;1.185.377,79;5.530.181,67;;;;
PI;2210631;SEBASTIAO LEAL;4.063.895,92;1.108.738,64;0;0;1.108.738,64;5.172.634,56;;;;
PI;2210656;SIGEFREDO PACHECO;7.343.103,44;2.003.393,47;0;0;2.003.393,47;9.346.496,91;;;;
PI;2210706;SIMOES;15.449.131,95;4.214.933,15;0;0;4.214.933,15;19.664.065,10;;;;
PI;2210805;SIMPLICIO MENDES;11.140.398,75;3.039.396,40;0;0;3.039.396,40;14.179.795,15;;;;
PI;2210904;SOCORRO DO PIAUI;3.127.871,89;853.366,45;0;0;853.366,45;3.981.238,34;;;;
PI;2210938;SUSSUAPARA;4.050.193,09;1.105.000,15;0;0;1.105.000,15;5.155.193,24;;;;
PI;2210953;TAMBORIL DO PIAUI;2.578.952,74;703.606,74;0;0;703.606,74;3.282.559,48;;;;
PI;2210979;TANQUE DO PIAUI;2.421.773,24;660.724,01;0;0;660.724,01;3.082.497,25;;;;
PI;2211001;TERESINA;417.154.774,32;113.810.892,03;0;0;113.810.892,03;530.965.666,35;;;;
PI;2211100;UNIAO;37.015.367,30;10.098.774,44;0;0;10.098.774,44;47.114.141,74;;;;
PI;2211209;URUCUI;19.718.570,27;5.379.749,22;0;0;5.379.749,22;25.098.319,49;;;;
PI;2211308;VALENCA DO PIAUI;13.462.423,48;3.672.906,36;0;0;3.672.906,36;17.135.329,84;;;;
PI;2211357;VARZEA BRANCA;4.587.827,55;1.251.681,10;0;0;1.251.681,10;5.839.508,65;;;;
PI;2211407;VARZEA GRANDE;3.221.978,06;879.041,12;0;0;879.041,12;4.101.019,18;;;;
PI;2211506;VERA MENDES;3.712.458,69;1.012.857,24;0;0;1.012.857,24;4.725.315,93;;;;
PI;2211605;VILA NOVA DO PIAUI;2.742.580,62;748.248,77;0;0;748.248,77;3.490.829,39;;;;
PI;2211704;WALL FERRAZ;4.430.648,06;1.208.798,36;0;0;1.208.798,36;5.639.446,42;;;;
PR;4100103;ABATIA;5.134.201,91;0,00;0;0;0,00;5.134.201,91;;;;
PR;4100202;ADRIANOPOLIS;3.937.497,49;0,00;0;0;0,00;3.937.497,49;;;;
PR;4100301;AGUDOS DO SUL;6.669.148,88;0,00;0;0;0,00;6.669.148,88;;;;
PR;4100400;ALMIRANTE TAMANDARE;54.800.434,94;0,00;0;0;0,00;54.800.434,94;;;;
PR;4100459;ALTAMIRA DO PARANA;2.611.666,70;0,00;0;0;0,00;2.611.666,70;;;;
PR;4128625;ALTO PARAISO;2.760.790,52;0,00;0;0;0,00;2.760.790,52;;;;
PR;4100608;ALTO PARANA;10.568.365,55;0,00;0;0;0,00;10.568.365,55;;;;
PR;4100707;ALTO PIQUIRI;7.286.498,67;0,00;0;0;0,00;7.286.498,67;;;;
PR;4100509;ALTONIA;11.420.542,51;0,00;0;0;0,00;11.420.542,51;;;;
PR;4100806;ALVORADA DO SUL;5.714.127,91;0,00;0;0;0,00;5.714.127,91;;;;
PR;4100905;AMAPORA;4.076.051,25;0,00;0;0;0,00;4.076.051,25;;;;
PR;4101002;AMPERE;12.484.978,09;0,00;0;0;0,00;12.484.978,09;;;;
PR;4101051;ANAHY;1.807.197,93;0,00;0;0;0,00;1.807.197,93;;;;
PR;4101101;ANDIRA;12.380.134,34;0,00;0;0;0,00;12.380.134,34;;;;
PR;4101150;ANGULO;2.352.842,59;0,00;0;0;0,00;2.352.842,59;;;;
PR;4101200;ANTONINA;11.676.795,52;0,00;0;0;0,00;11.676.795,52;;;;
PR;4101309;ANTONIO OLINTO;4.282.024,95;0,00;0;0;0,00;4.282.024,95;;;;
PR;4101408;APUCARANA;84.690.906,02;0,00;0;0;0,00;84.690.906,02;;;;
PR;4101507;ARAPONGAS;69.461.706,72;0,00;0;0;0,00;69.461.706,72;;;;
PR;4101606;ARAPOTI;17.403.778,93;0,00;0;0;0,00;17.403.778,93;;;;
PR;4101655;ARAPUA;2.285.422,63;0,00;0;0;0,00;2.285.422,63;;;;
PR;4101705;ARARUNA;8.866.011,38;0,00;0;0;0,00;8.866.011,38;;;;
PR;4101804;ARAUCARIA;113.087.853,44;0,00;0;0;0,00;113.087.853,44;;;;
PR;4101853;ARIRANHA DO IVAI;1.620.936,00;0,00;0;0;0,00;1.620.936,00;;;;
PR;4101903;ASSAI;9.599.346,36;0,00;0;0;0,00;9.599.346,36;;;;
PR;4102000;ASSIS CHATEAUBRIAND;22.029.188,64;0,00;0;0;0,00;22.029.188,64;;;;
PR;4102109;ASTORGA;16.006.528,67;0,00;0;0;0,00;16.006.528,67;;;;
PR;4102208;ATALAIA;3.015.043,79;0,00;0;0;0,00;3.015.043,79;;;;
PR;4102307;BALSA NOVA;11.098.869,28;0,00;0;0;0,00;11.098.869,28;;;;
PR;4102406;BANDEIRANTES;19.368.956,70;0,00;0;0;0,00;19.368.956,70;;;;
PR;4102505;BARBOSA FERRAZ;5.616.426,09;0,00;0;0;0,00;5.616.426,09;;;;
PR;4102703;BARRA DO JACARE;2.007.743,78;0,00;0;0;0,00;2.007.743,78;;;;
PR;4102604;BARRACAO;6.871.694,47;0,00;0;0;0,00;6.871.694,47;;;;
PR;4102752;BELA VISTA DA CAROBA;2.327.131,58;0,00;0;0;0,00;2.327.131,58;;;;
PR;4102802;BELA VISTA DO PARAISO;8.958.856,68;0,00;0;0;0,00;8.958.856,68;;;;
PR;4102901;BITURUNA;11.912.765,41;0,00;0;0;0,00;11.912.765,41;;;;
PR;4103008;BOA ESPERANCA;2.946.481,12;0,00;0;0;0,00;2.946.481,12;;;;
PR;4103024;BOA ESPERANCA DO IGUACU;2.015.742,76;0,00;0;0;0,00;2.015.742,76;;;;
PR;4103040;BOA VENTURA DE SAO ROQUE;4.918.229,48;0,00;0;0;0,00;4.918.229,48;;;;
PR;4103057;BOA VISTA DA APARECIDA;6.366.330,38;0,00;0;0;0,00;6.366.330,38;;;;
PR;4103107;BOCAIUVA DO SUL;10.258.119,43;0,00;0;0;0,00;10.258.119,43;;;;
PR;4103156;BOM JESUS DO SUL;3.862.364,23;0,00;0;0;0,00;3.862.364,23;;;;
PR;4103206;BOM SUCESSO;4.296.023,17;0,00;0;0;0,00;4.296.023,17;;;;
PR;4103222;BOM SUCESSO DO SUL;2.428.832,89;0,00;0;0;0,00;2.428.832,89;;;;
PR;4103305;BORRAZOPOLIS;4.148.613,41;0,00;0;0;0,00;4.148.613,41;;;;
PR;4103354;BRAGANEY;3.841.224,07;0,00;0;0;0,00;3.841.224,07;;;;
PR;4103370;BRASILANDIA DO SUL;2.531.676,91;0,00;0;0;0,00;2.531.676,91;;;;
PR;4103404;CAFEARA;1.839.193,85;0,00;0;0;0,00;1.839.193,85;;;;
PR;4103453;CAFELANDIA;13.459.710,85;0,00;0;0;0,00;13.459.710,85;;;;
PR;4103479;CAFEZAL DO SUL;2.742.507,14;0,00;0;0;0,00;2.742.507,14;;;;
PR;4103503;CALIFORNIA;6.451.176,70;0,00;0;0;0,00;6.451.176,70;;;;
PR;4103602;CAMBARA;13.647.972,53;0,00;0;0;0,00;13.647.972,53;;;;
PR;4103701;CAMBE;64.999.419,06;0,00;0;0;0,00;64.999.419,06;;;;
PR;4103800;CAMBIRA;6.844.840,75;0,00;0;0;0,00;6.844.840,75;;;;
PR;4103909;CAMPINA DA LAGOA;11.791.066,65;0,00;0;0;0,00;11.791.066,65;;;;
PR;4103958;CAMPINA DO SIMAO;3.149.598,05;0,00;0;0;0,00;3.149.598,05;;;;
PR;4104006;CAMPINA GRANDE DO SUL;33.259.755,38;0,00;0;0;0,00;33.259.755,38;;;;
PR;4104055;CAMPO BONITO;2.996.474,73;0,00;0;0;0,00;2.996.474,73;;;;
PR;4104105;CAMPO DO TENENTE;6.577.160,62;0,00;0;0;0,00;6.577.160,62;;;;
PR;4104204;CAMPO LARGO;84.086.411,75;0,00;0;0;0,00;84.086.411,75;;;;
PR;4104253;CAMPO MAGRO;17.743.164,18;0,00;0;0;0,00;17.743.164,18;;;;
PR;4104303;CAMPO MOURAO;60.618.549,57;0,00;0;0;0,00;60.618.549,57;;;;
PR;4104402;CANDIDO DE ABREU;8.982.567,94;0,00;0;0;0,00;8.982.567,94;;;;
PR;4104428;CANDOI;10.881.754,12;0,00;0;0;0,00;10.881.754,12;;;;
PR;4104451;CANTAGALO;8.848.013,67;0,00;0;0;0,00;8.848.013,67;;;;
PR;4104501;CAPANEMA;13.491.135,41;0,00;0;0;0,00;13.491.135,41;;;;
PR;4104600;CAPITAO LEONIDAS MARQUES;10.787.480,44;0,00;0;0;0,00;10.787.480,44;;;;
PR;4104659;CARAMBEI;17.050.395,45;0,00;0;0;0,00;17.050.395,45;;;;
PR;4104709;CARLOPOLIS;10.531.227,44;0,00;0;0;0,00;10.531.227,44;;;;
PR;4104808;CASCAVEL;200.640.394,26;0,00;0;0;0,00;200.640.394,26;;;;
PR;4104907;CASTRO;55.860.871,03;0,00;0;0;0,00;55.860.871,03;;;;
PR;4105003;CATANDUVAS;6.117.219,32;0,00;0;0;0,00;6.117.219,32;;;;
PR;4105102;CENTENARIO DO SUL;6.879.122,09;0,00;0;0;0,00;6.879.122,09;;;;
PR;4105201;CERRO AZUL;9.437.367,03;0,00;0;0;0,00;9.437.367,03;;;;
PR;4105300;CEU AZUL;7.862.710,84;0,00;0;0;0,00;7.862.710,84;;;;
PR;4105409;CHOPINZINHO;13.366.008,52;0,00;0;0;0,00;13.366.008,52;;;;
PR;4105508;CIANORTE;49.100.019,57;0,00;0;0;0,00;49.100.019,57;;;;
PR;4105607;CIDADE GAUCHA;8.411.497,95;0,00;0;0;0,00;8.411.497,95;;;;
PR;4105706;CLEVELANDIA;9.864.169,70;0,00;0;0;0,00;9.864.169,70;;;;
PR;4105805;COLOMBO;165.714.280,10;0,00;0;0;0,00;165.714.280,10;;;;
PR;4105904;COLORADO;12.239.580,85;0,00;0;0;0,00;12.239.580,85;;;;
PR;4106001;CONGONHINHAS;5.614.426,34;0,00;0;0;0,00;5.614.426,34;;;;
PR;4106100;CONSELHEIRO MAIRINCK;2.390.552,05;0,00;0;0;0,00;2.390.552,05;;;;
PR;4106209;CONTENDA;13.784.526,53;0,00;0;0;0,00;13.784.526,53;;;;
PR;4106308;CORBELIA;13.096.614,33;0,00;0;0;0,00;13.096.614,33;;;;
PR;4106407;CORNELIO PROCOPIO;22.787.377,59;0,00;0;0;0,00;22.787.377,59;;;;
PR;4106456;CORONEL DOMINGOS SOARES;5.621.282,61;0,00;0;0;0,00;5.621.282,61;;;;
PR;4106506;CORONEL VIVIDA;14.284.177,06;0,00;0;0;0,00;14.284.177,06;;;;
PR;4106555;CORUMBATAI DO SUL;2.218.002,65;0,00;0;0;0,00;2.218.002,65;;;;
PR;4106803;CRUZ MACHADO;9.918.448,49;0,00;0;0;0,00;9.918.448,49;;;;
PR;4106571;CRUZEIRO DO IGUACU;3.669.817,38;0,00;0;0;0,00;3.669.817,38;;;;
PR;4106605;CRUZEIRO DO OESTE;14.880.958,03;0,00;0;0;0,00;14.880.958,03;;;;
PR;4106704;CRUZEIRO DO SUL;3.229.302,16;0,00;0;0;0,00;3.229.302,16;;;;
PR;4106852;CRUZMALTINA;1.936.324,31;0,00;0;0;0,00;1.936.324,31;;;;
PR;4106902;CURITIBA;851.466.192,96;0,00;0;0;0,00;851.466.192,96;;;;
PR;4107009;CURIUVA;7.721.014,65;0,00;0;0;0,00;7.721.014,65;;;;
PR;4107108;DIAMANTE DO NORTE;2.992.760,91;0,00;0;0;0,00;2.992.760,91;;;;
PR;4107124;DIAMANTE DO SUL;2.296.849,73;0,00;0;0;0,00;2.296.849,73;;;;
PR;4107157;DIAMANTE DOESTE;3.042.468,86;0,00;0;0;0,00;3.042.468,86;;;;
PR;4107207;DOIS VIZINHOS;28.094.985,94;0,00;0;0;0,00;28.094.985,94;;;;
PR;4107256;DOURADINA;6.218.349,28;0,00;0;0;0,00;6.218.349,28;;;;
PR;4107306;DOUTOR CAMARGO;3.838.367,29;0,00;0;0;0,00;3.838.367,29;;;;
PR;4128633;DOUTOR ULYSSES;3.339.002,45;0,00;0;0;0,00;3.339.002,45;;;;
PR;4107405;ENEAS MARQUES;3.838.938,65;0,00;0;0;0,00;3.838.938,65;;;;
PR;4107504;ENGENHEIRO BELTRAO;7.568.748,36;0,00;0;0;0,00;7.568.748,36;;;;
PR;4107538;ENTRE RIOS DO OESTE;3.434.990,20;0,00;0;0;0,00;3.434.990,20;;;;
PR;4107520;ESPERANCA NOVA;1.264.981,43;0,00;0;0;0,00;1.264.981,43;;;;
PR;4107546;ESPIGAO ALTO DO IGUACU;3.045.325,64;0,00;0;0;0,00;3.045.325,64;;;;
PR;4107553;FAROL;1.891.758,58;0,00;0;0;0,00;1.891.758,58;;;;
PR;4107603;FAXINAL;10.974.313,74;0,00;0;0;0,00;10.974.313,74;;;;
PR;4107652;FAZENDA RIO GRANDE;94.640.207,72;0,00;0;0;0,00;94.640.207,72;;;;
PR;4107702;FENIX;2.997.903,12;0,00;0;0;0,00;2.997.903,12;;;;
PR;4107736;FERNANDES PINHEIRO;4.363.443,14;0,00;0;0;0,00;4.363.443,14;;;;
PR;4107751;FIGUEIRA;4.737.109,74;0,00;0;0;0,00;4.737.109,74;;;;
PR;4107850;FLOR DA SERRA DO SUL;3.490.983,05;0,00;0;0;0,00;3.490.983,05;;;;
PR;4107801;FLORAI;3.157.311,35;0,00;0;0;0,00;3.157.311,35;;;;
PR;4107900;FLORESTA;8.185.241,12;0,00;0;0;0,00;8.185.241,12;;;;
PR;4108007;FLORESTOPOLIS;6.666.577,78;0,00;0;0;0,00;6.666.577,78;;;;
PR;4108106;FLORIDA;2.114.587,28;0,00;0;0;0,00;2.114.587,28;;;;
PR;4108205;FORMOSA DO OESTE;4.582.843,71;0,00;0;0;0,00;4.582.843,71;;;;
PR;4108304;FOZ DO IGUACU;154.276.025,57;0,00;0;0;0,00;154.276.025,57;;;;
PR;4108452;FOZ DO JORDAO;3.826.368,83;0,00;0;0;0,00;3.826.368,83;;;;
PR;4108320;FRANCISCO ALVES;5.849.824,87;0,00;0;0;0,00;5.849.824,87;;;;
PR;4108403;FRANCISCO BELTRAO;60.375.152,06;0,00;0;0;0,00;60.375.152,06;;;;
PR;4108502;GENERAL CARNEIRO;7.524.753,98;0,00;0;0;0,00;7.524.753,98;;;;
PR;4108551;GODOY MOREIRA;1.988.889,04;0,00;0;0;0,00;1.988.889,04;;;;
PR;4108601;GOIOERE;16.369.339,52;0,00;0;0;0,00;16.369.339,52;;;;
PR;4108650;GOIOXIM;4.615.696,66;0,00;0;0;0,00;4.615.696,66;;;;
PR;4108700;GRANDES RIOS;4.252.028,79;0,00;0;0;0,00;4.252.028,79;;;;
PR;4108809;GUAIRA;21.281.855,43;0,00;0;0;0,00;21.281.855,43;;;;
PR;4108908;GUAIRACA;4.622.838,60;0,00;0;0;0,00;4.622.838,60;;;;
PR;4108957;GUAMIRANGA;5.043.356,37;0,00;0;0;0,00;5.043.356,37;;;;
PR;4109005;GUAPIRAMA;3.693.814,31;0,00;0;0;0,00;3.693.814,31;;;;
PR;4109104;GUAPOREMA;1.348.970,70;0,00;0;0;0,00;1.348.970,70;;;;
PR;4109203;GUARACI;3.469.842,90;0,00;0;0;0,00;3.469.842,90;;;;
PR;4109302;GUARANIACU;9.331.380,56;0,00;0;0;0,00;9.331.380,56;;;;
PR;4109401;GUARAPUAVA;103.802.752,69;0,00;0;0;0,00;103.802.752,69;;;;
PR;4109500;GUARAQUECABA;5.394.454,42;0,00;0;0;0,00;5.394.454,42;;;;
PR;4109609;GUARATUBA;32.644.405,35;0,00;0;0;0,00;32.644.405,35;;;;
PR;4109658;HONORIO SERPA;3.903.216,15;0,00;0;0;0,00;3.903.216,15;;;;
PR;4109708;IBAITI;17.591.183,58;0,00;0;0;0,00;17.591.183,58;;;;
PR;4109757;IBEMA;4.276.597,08;0,00;0;0;0,00;4.276.597,08;;;;
PR;4109807;IBIPORA;39.505.815,41;0,00;0;0;0,00;39.505.815,41;;;;
PR;4109906;ICARAIMA;5.582.716,11;0,00;0;0;0,00;5.582.716,11;;;;
PR;4110003;IGUARACU;4.175.467,13;0,00;0;0;0,00;4.175.467,13;;;;
PR;4110052;IGUATU;1.292.406,50;0,00;0;0;0,00;1.292.406,50;;;;
PR;4110078;IMBAU;8.678.035,37;0,00;0;0;0,00;8.678.035,37;;;;
PR;4110102;IMBITUVA;22.335.149,59;0,00;0;0;0,00;22.335.149,59;;;;
PR;4110201;INACIO MARTINS;8.049.829,82;0,00;0;0;0,00;8.049.829,82;;;;
PR;4110300;INAJA;2.023.741,73;0,00;0;0;0,00;2.023.741,73;;;;
PR;4110409;INDIANOPOLIS;3.891.503,36;0,00;0;0;0,00;3.891.503,36;;;;
PR;4110508;IPIRANGA;8.909.720,08;0,00;0;0;0,00;8.909.720,08;;;;
PR;4110607;IPORA;7.310.495,61;0,00;0;0;0,00;7.310.495,61;;;;
PR;4110656;IRACEMA DO OESTE;1.780.344,22;0,00;0;0;0,00;1.780.344,22;;;;
PR;4110706;IRATI;37.259.244,97;0,00;0;0;0,00;37.259.244,97;;;;
PR;4110805;IRETAMA;7.469.332,48;0,00;0;0;0,00;7.469.332,48;;;;
PR;4110904;ITAGUAJE;3.165.310,33;0,00;0;0;0,00;3.165.310,33;;;;
PR;4110953;ITAIPULANDIA;10.471.806,44;0,00;0;0;0,00;10.471.806,44;;;;
PR;4111001;ITAMBARACA;3.395.566,66;0,00;0;0;0,00;3.395.566,66;;;;
PR;4111100;ITAMBE;4.518.280,52;0,00;0;0;0,00;4.518.280,52;;;;
PR;4111209;ITAPEJARA DOESTE;8.995.709,11;0,00;0;0;0,00;8.995.709,11;;;;
PR;4111258;ITAPERUCU;19.892.032,81;0,00;0;0;0,00;19.892.032,81;;;;
PR;4111308;ITAUNA DO SUL;2.715.653,43;0,00;0;0;0,00;2.715.653,43;;;;
PR;4111407;IVAI;8.641.182,92;0,00;0;0;0,00;8.641.182,92;;;;
PR;4111506;IVAIPORA;18.334.802,97;0,00;0;0;0,00;18.334.802,97;;;;
PR;4111555;IVATE;5.017.074,00;0,00;0;0;0,00;5.017.074,00;;;;
PR;4111605;IVATUBA;1.819.767,76;0,00;0;0;0,00;1.819.767,76;;;;
PR;4111704;JABOTI;3.385.853,61;0,00;0;0;0,00;3.385.853,61;;;;
PR;4111803;JACAREZINHO;26.115.524,28;0,00;0;0;0,00;26.115.524,28;;;;
PR;4111902;JAGUAPITA;9.730.758,16;0,00;0;0;0,00;9.730.758,16;;;;
PR;4112009;JAGUARIAIVA;21.434.407,40;0,00;0;0;0,00;21.434.407,40;;;;
PR;4112108;JANDAIA DO SUL;11.143.149,34;0,00;0;0;0,00;11.143.149,34;;;;
PR;4112207;JANIOPOLIS;3.512.408,88;0,00;0;0;0,00;3.512.408,88;;;;
PR;4112306;JAPIRA;2.948.766,53;0,00;0;0;0,00;2.948.766,53;;;;
PR;4112405;JAPURA;5.750.694,67;0,00;0;0;0,00;5.750.694,67;;;;
PR;4112504;JARDIM ALEGRE;7.292.212,22;0,00;0;0;0,00;7.292.212,22;;;;
PR;4112603;JARDIM OLINDA;1.147.853,52;0,00;0;0;0,00;1.147.853,52;;;;
PR;4112702;JATAIZINHO;7.988.123,41;0,00;0;0;0,00;7.988.123,41;;;;
PR;4112751;JESUITAS;4.316.591,97;0,00;0;0;0,00;4.316.591,97;;;;
PR;4112801;JOAQUIM TAVORA;8.540.624,34;0,00;0;0;0,00;8.540.624,34;;;;
PR;4112900;JUNDIAI DO SUL;2.149.439,98;0,00;0;0;0,00;2.149.439,98;;;;
PR;4112959;JURANDA;4.519.708,91;0,00;0;0;0,00;4.519.708,91;;;;
PR;4113007;JUSSARA;4.656.548,59;0,00;0;0;0,00;4.656.548,59;;;;
PR;4113106;KALORE;3.122.458,66;0,00;0;0;0,00;3.122.458,66;;;;
PR;4113205;LAPA;29.942.178,78;0,00;0;0;0,00;29.942.178,78;;;;
PR;4113254;LARANJAL;4.586.843,20;0,00;0;0;0,00;4.586.843,20;;;;
PR;4113304;LARANJEIRAS DO SUL;24.184.342,17;0,00;0;0;0,00;24.184.342,17;;;;
PR;4113403;LEOPOLIS;2.811.641,18;0,00;0;0;0,00;2.811.641,18;;;;
PR;4113429;LIDIANOPOLIS;2.602.525,01;0,00;0;0;0,00;2.602.525,01;;;;
PR;4113452;LINDOESTE;4.443.718,61;0,00;0;0;0,00;4.443.718,61;;;;
PR;4113502;LOANDA;16.451.043,38;0,00;0;0;0,00;16.451.043,38;;;;
PR;4113601;LOBATO;3.247.014,19;0,00;0;0;0,00;3.247.014,19;;;;
PR;4113700;LONDRINA;284.777.656,66;0,00;0;0;0,00;284.777.656,66;;;;
PR;4113734;LUIZIANA;4.764.534,81;0,00;0;0;0,00;4.764.534,81;;;;
PR;4113759;LUNARDELLI;2.559.101,98;0,00;0;0;0,00;2.559.101,98;;;;
PR;4113809;LUPIONOPOLIS;2.191.148,93;0,00;0;0;0,00;2.191.148,93;;;;
PR;4113908;MALLET;7.201.938,03;0,00;0;0;0,00;7.201.938,03;;;;
PR;4114005;MAMBORE;7.656.737,13;0,00;0;0;0,00;7.656.737,13;;;;
PR;4114104;MANDAGUACU;21.888.349,47;0,00;0;0;0,00;21.888.349,47;;;;
PR;4114203;MANDAGUARI;24.275.759,07;0,00;0;0;0,00;24.275.759,07;;;;
PR;4114302;MANDIRITUBA;18.634.479,00;0,00;0;0;0,00;18.634.479,00;;;;
PR;4114351;MANFRINOPOLIS;1.504.379,44;0,00;0;0;0,00;1.504.379,44;;;;
PR;4114401;MANGUEIRINHA;12.288.431,75;0,00;0;0;0,00;12.288.431,75;;;;
PR;4114500;MANOEL RIBAS;7.773.293,68;0,00;0;0;0,00;7.773.293,68;;;;
PR;4114609;MARECHAL CANDIDO RONDON;34.127.073,27;0,00;0;0;0,00;34.127.073,27;;;;
PR;4114708;MARIA HELENA;3.712.097,68;0,00;0;0;0,00;3.712.097,68;;;;
PR;4114807;MARIALVA;24.479.733,03;0,00;0;0;0,00;24.479.733,03;;;;
PR;4114906;MARILANDIA DO SUL;5.858.109,53;0,00;0;0;0,00;5.858.109,53;;;;
PR;4115002;MARILENA;5.055.926,19;0,00;0;0;0,00;5.055.926,19;;;;
PR;4115101;MARILUZ;6.971.967,38;0,00;0;0;0,00;6.971.967,38;;;;
PR;4115200;MARINGA;215.397.368,11;0,00;0;0;0,00;215.397.368,11;;;;
PR;4115309;MARIOPOLIS;4.537.706,62;0,00;0;0;0,00;4.537.706,62;;;;
PR;4115358;MARIPA;4.310.592,74;0,00;0;0;0,00;4.310.592,74;;;;
PR;4115408;MARMELEIRO;9.386.802,06;0,00;0;0;0,00;9.386.802,06;;;;
PR;4115457;MARQUINHO;3.252.156,39;0,00;0;0;0,00;3.252.156,39;;;;
PR;4115507;MARUMBI;3.229.873,52;0,00;0;0;0,00;3.229.873,52;;;;
PR;4115606;MATELANDIA;13.054.905,36;0,00;0;0;0,00;13.054.905,36;;;;
PR;4115705;MATINHOS;29.268.264,78;0,00;0;0;0,00;29.268.264,78;;;;
PR;4115739;MATO RICO;2.532.248,27;0,00;0;0;0,00;2.532.248,27;;;;
PR;4115754;MAUA DA SERRA;7.705.873,72;0,00;0;0;0,00;7.705.873,72;;;;
PR;4115804;MEDIANEIRA;35.766.292,64;0,00;0;0;0,00;35.766.292,64;;;;
PR;4115853;MERCEDES;4.530.850,35;0,00;0;0;0,00;4.530.850,35;;;;
PR;4115903;MIRADOR;1.878.903,08;0,00;0;0;0,00;1.878.903,08;;;;
PR;4116000;MIRASELVA;1.579.227,03;0,00;0;0;0,00;1.579.227,03;;;;
PR;4116059;MISSAL;7.747.011,33;0,00;0;0;0,00;7.747.011,33;;;;
PR;4116109;MOREIRA SALES;7.621.313,08;0,00;0;0;0,00;7.621.313,08;;;;
PR;4116208;MORRETES;13.408.574,52;0,00;0;0;0,00;13.408.574,52;;;;
PR;4116307;MUNHOZ DE MELO;3.144.741,52;0,00;0;0;0,00;3.144.741,52;;;;
PR;4116406;NOSSA SENHORA DAS GRACAS;2.447.687,62;0,00;0;0;0,00;2.447.687,62;;;;
PR;4116505;NOVA ALIANCA DO IVAI;1.246.698,04;0,00;0;0;0,00;1.246.698,04;;;;
PR;4116604;NOVA AMERICA DA COLINA;2.206.575,53;0,00;0;0;0,00;2.206.575,53;;;;
PR;4116703;NOVA AURORA;8.432.638,11;0,00;0;0;0,00;8.432.638,11;;;;
PR;4116802;NOVA CANTU;5.039.928,23;0,00;0;0;0,00;5.039.928,23;;;;
PR;4116901;NOVA ESPERANCA;15.454.599,11;0,00;0;0;0,00;15.454.599,11;;;;
PR;4116950;NOVA ESPERANCA DO SUDOESTE;3.894.074,47;0,00;0;0;0,00;3.894.074,47;;;;
PR;4117008;NOVA FATIMA;5.061.068,40;0,00;0;0;0,00;5.061.068,40;;;;
PR;4117057;NOVA LARANJEIRAS;5.234.189,16;0,00;0;0;0,00;5.234.189,16;;;;
PR;4117107;NOVA LONDRINA;8.698.318,49;0,00;0;0;0,00;8.698.318,49;;;;
PR;4117206;NOVA OLIMPIA;4.029.771,44;0,00;0;0;0,00;4.029.771,44;;;;
PR;4117255;NOVA PRATA DO IGUACU;7.645.881,38;0,00;0;0;0,00;7.645.881,38;;;;
PR;4117214;NOVA SANTA BARBARA;3.323.004,49;0,00;0;0;0,00;3.323.004,49;;;;
PR;4117222;NOVA SANTA ROSA;5.803.830,75;0,00;0;0;0,00;5.803.830,75;;;;
PR;4117271;NOVA TEBAS;5.246.758,98;0,00;0;0;0,00;5.246.758,98;;;;
PR;4117297;NOVO ITACOLOMI;2.082.591,37;0,00;0;0;0,00;2.082.591,37;;;;
PR;4117305;ORTIGUEIRA;15.587.724,98;0,00;0;0;0,00;15.587.724,98;;;;
PR;4117404;OURIZONA;2.300.849,23;0,00;0;0;0,00;2.300.849,23;;;;
PR;4117453;OURO VERDE DO OESTE;4.611.982,85;0,00;0;0;0,00;4.611.982,85;;;;
PR;4117503;PAICANDU;30.432.687,61;0,00;0;0;0,00;30.432.687,61;;;;
PR;4117602;PALMAS;34.012.516,47;0,00;0;0;0,00;34.012.516,47;;;;
PR;4117701;PALMEIRA;20.649.079,05;0,00;0;0;0,00;20.649.079,05;;;;
PR;4117800;PALMITAL;8.569.192,12;0,00;0;0;0,00;8.569.192,12;;;;
PR;4117909;PALOTINA;23.540.995,69;0,00;0;0;0,00;23.540.995,69;;;;
PR;4118006;PARAISO DO NORTE;10.647.212,63;0,00;0;0;0,00;10.647.212,63;;;;
PR;4118105;PARANACITY;6.535.737,34;0,00;0;0;0,00;6.535.737,34;;;;
PR;4118204;PARANAGUA;92.621.322,52;0,00;0;0;0,00;92.621.322,52;;;;
PR;4118303;PARANAPOEMA;2.034.597,48;0,00;0;0;0,00;2.034.597,48;;;;
PR;4118402;PARANAVAI;60.920.796,71;0,00;0;0;0,00;60.920.796,71;;;;
PR;4118451;PATO BRAGADO;4.245.743,87;0,00;0;0;0,00;4.245.743,87;;;;
PR;4118501;PATO BRANCO;52.668.706,99;0,00;0;0;0,00;52.668.706,99;;;;
PR;4118600;PAULA FREITAS;3.747.236,06;0,00;0;0;0,00;3.747.236,06;;;;
PR;4118709;PAULO FRONTIN;4.039.198,80;0,00;0;0;0,00;4.039.198,80;;;;
PR;4118808;PEABIRU;10.406.100,55;0,00;0;0;0,00;10.406.100,55;;;;
PR;4118857;PEROBAL;5.380.456,20;0,00;0;0;0,00;5.380.456,20;;;;
PR;4118907;PEROLA;8.210.380,76;0,00;0;0;0,00;8.210.380,76;;;;
PR;4119004;PEROLA DOESTE;3.764.376,73;0,00;0;0;0,00;3.764.376,73;;;;
PR;4119103;PIEN;10.847.472,79;0,00;0;0;0,00;10.847.472,79;;;;
PR;4119152;PINHAIS;86.838.631,94;0,00;0;0;0,00;86.838.631,94;;;;
PR;4119251;PINHAL DE SAO BENTO;2.068.307,47;0,00;0;0;0,00;2.068.307,47;;;;
PR;4119202;PINHALAO;4.308.592,99;0,00;0;0;0,00;4.308.592,99;;;;
PR;4119301;PINHAO;20.860.766,32;0,00;0;0;0,00;20.860.766,32;;;;
PR;4119400;PIRAI DO SUL;15.467.454,61;0,00;0;0;0,00;15.467.454,61;;;;
PR;4119509;PIRAQUARA;74.202.244,58;0,00;0;0;0,00;74.202.244,58;;;;
PR;4119608;PITANGA;21.115.590,94;0,00;0;0;0,00;21.115.590,94;;;;
PR;4119657;PITANGUEIRAS;2.346.557,67;0,00;0;0;0,00;2.346.557,67;;;;
PR;4119707;PLANALTINA DO PARANA;3.245.300,12;0,00;0;0;0,00;3.245.300,12;;;;
PR;4119806;PLANALTO;7.355.061,34;0,00;0;0;0,00;7.355.061,34;;;;
PR;4119905;PONTA GROSSA;217.737.355,20;0,00;0;0;0,00;217.737.355,20;;;;
PR;4119954;PONTAL DO PARANA;21.023.031,32;0,00;0;0;0,00;21.023.031,32;;;;
PR;4120002;PORECATU;6.598.586,46;0,00;0;0;0,00;6.598.586,46;;;;
PR;4120101;PORTO AMAZONAS;2.945.338,40;0,00;0;0;0,00;2.945.338,40;;;;
PR;4120150;PORTO BARREIRO;2.166.294,96;0,00;0;0;0,00;2.166.294,96;;;;
PR;4120200;PORTO RICO;2.309.990,92;0,00;0;0;0,00;2.309.990,92;;;;
PR;4120309;PORTO VITORIA;2.807.927,36;0,00;0;0;0,00;2.807.927,36;;;;
PR;4120333;PRADO FERREIRA;3.179.022,86;0,00;0;0;0,00;3.179.022,86;;;;
PR;4120358;PRANCHITA;3.491.554,41;0,00;0;0;0,00;3.491.554,41;;;;
PR;4120408;PRESIDENTE CASTELO BRANCO;2.957.908,23;0,00;0;0;0,00;2.957.908,23;;;;
PR;4120507;PRIMEIRO DE MAIO;5.895.247,65;0,00;0;0;0,00;5.895.247,65;;;;
PR;4120606;PRUDENTOPOLIS;29.581.367,68;0,00;0;0;0,00;29.581.367,68;;;;
PR;4120655;QUARTO CENTENARIO;3.064.180,38;0,00;0;0;0,00;3.064.180,38;;;;
PR;4120705;QUATIGUA;5.107.348,20;0,00;0;0;0,00;5.107.348,20;;;;
PR;4120804;QUATRO BARRAS;16.619.307,62;0,00;0;0;0,00;16.619.307,62;;;;
PR;4120853;QUATRO PONTES;3.114.459,68;0,00;0;0;0,00;3.114.459,68;;;;
PR;4120903;QUEDAS DO IGUACU;20.739.638,92;0,00;0;0;0,00;20.739.638,92;;;;
PR;4121000;QUERENCIA DO NORTE;8.937.145,16;0,00;0;0;0,00;8.937.145,16;;;;
PR;4121109;QUINTA DO SOL;3.216.160,99;0,00;0;0;0,00;3.216.160,99;;;;
PR;4121208;QUITANDINHA;11.718.218,80;0,00;0;0;0,00;11.718.218,80;;;;
PR;4121257;RAMILANDIA;2.958.479,59;0,00;0;0;0,00;2.958.479,59;;;;
PR;4121307;RANCHO ALEGRE;1.976.319,22;0,00;0;0;0,00;1.976.319,22;;;;
PR;4121356;RANCHO ALEGRE DOESTE;1.591.225,50;0,00;0;0;0,00;1.591.225,50;;;;
PR;4121406;REALEZA;11.700.506,78;0,00;0;0;0,00;11.700.506,78;;;;
PR;4121505;REBOUCAS;10.201.840,89;0,00;0;0;0,00;10.201.840,89;;;;
PR;4121604;RENASCENCA;4.211.462,53;0,00;0;0;0,00;4.211.462,53;;;;
PR;4121703;RESERVA;18.092.262,50;0,00;0;0;0,00;18.092.262,50;;;;
PR;4121752;RESERVA DO IGUACU;5.780.119,48;0,00;0;0;0,00;5.780.119,48;;;;
PR;4121802;RIBEIRAO CLARO;7.255.074,11;0,00;0;0;0,00;7.255.074,11;;;;
PR;4121901;RIBEIRAO DO PINHAL;10.109.852,64;0,00;0;0;0,00;10.109.852,64;;;;
PR;4122008;RIO AZUL;9.147.404,04;0,00;0;0;0,00;9.147.404,04;;;;
PR;4122107;RIO BOM;2.049.452,73;0,00;0;0;0,00;2.049.452,73;;;;
PR;4122156;RIO BONITO DO IGUACU;10.082.427,57;0,00;0;0;0,00;10.082.427,57;;;;
PR;4122172;RIO BRANCO DO IVAI;3.096.461,97;0,00;0;0;0,00;3.096.461,97;;;;
PR;4122206;RIO BRANCO DO SUL;25.786.709,10;0,00;0;0;0,00;25.786.709,10;;;;
PR;4122305;RIO NEGRO;21.469.831,45;0,00;0;0;0,00;21.469.831,45;;;;
PR;4122404;ROLANDIA;43.810.980,27;0,00;0;0;0,00;43.810.980,27;;;;
PR;4122503;RONCADOR;6.647.437,36;0,00;0;0;0,00;6.647.437,36;;;;
PR;4122602;RONDON;6.158.356,92;0,00;0;0;0,00;6.158.356,92;;;;
PR;4122651;ROSARIO DO IVAI;4.204.891,95;0,00;0;0;0,00;4.204.891,95;;;;
PR;4122701;SABAUDIA;6.636.867,29;0,00;0;0;0,00;6.636.867,29;;;;
PR;4122800;SALGADO FILHO;3.015.615,14;0,00;0;0;0,00;3.015.615,14;;;;
PR;4122909;SALTO DO ITARARE;3.591.541,65;0,00;0;0;0,00;3.591.541,65;;;;
PR;4123006;SALTO DO LONTRA;9.043.988,66;0,00;0;0;0,00;9.043.988,66;;;;
PR;4123105;SANTA AMELIA;2.920.770,11;0,00;0;0;0,00;2.920.770,11;;;;
PR;4123204;SANTA CECILIA DO PAVAO;2.515.678,94;0,00;0;0;0,00;2.515.678,94;;;;
PR;4123303;SANTA CRUZ DE MONTE CASTELO;6.382.042,66;0,00;0;0;0,00;6.382.042,66;;;;
PR;4123402;SANTA FE;7.214.507,85;0,00;0;0;0,00;7.214.507,85;;;;
PR;4123501;SANTA HELENA;17.824.582,37;0,00;0;0;0,00;17.824.582,37;;;;
PR;4123600;SANTA INES;1.026.154,75;0,00;0;0;0,00;1.026.154,75;;;;
PR;4123709;SANTA ISABEL DO IVAI;5.897.533,06;0,00;0;0;0,00;5.897.533,06;;;;
PR;4123808;SANTA IZABEL DO OESTE;8.414.926,08;0,00;0;0;0,00;8.414.926,08;;;;
PR;4123824;SANTA LUCIA;2.251.141,28;0,00;0;0;0,00;2.251.141,28;;;;
PR;4123857;SANTA MARIA DO OESTE;6.857.410,57;0,00;0;0;0,00;6.857.410,57;;;;
PR;4123907;SANTA MARIANA;5.437.020,42;0,00;0;0;0,00;5.437.020,42;;;;
PR;4123956;SANTA MONICA;2.741.650,11;0,00;0;0;0,00;2.741.650,11;;;;
PR;4124020;SANTA TEREZA DO OESTE;10.674.637,70;0,00;0;0;0,00;10.674.637,70;;;;
PR;4124053;SANTA TEREZINHA DE ITAIPU;14.812.966,71;0,00;0;0;0,00;14.812.966,71;;;;
PR;4124004;SANTANA DO ITARARE;3.743.522,26;0,00;0;0;0,00;3.743.522,26;;;;
PR;4124103;SANTO ANTONIO DA PLATINA;26.969.129,62;0,00;0;0;0,00;26.969.129,62;;;;
PR;4124202;SANTO ANTONIO DO CAIUA;1.927.182,63;0,00;0;0;0,00;1.927.182,63;;;;
PR;4124301;SANTO ANTONIO DO PARAISO;1.535.232,65;0,00;0;0;0,00;1.535.232,65;;;;
PR;4124400;SANTO ANTONIO DO SUDOESTE;13.815.094,06;0,00;0;0;0,00;13.815.094,06;;;;
PR;4124509;SANTO INACIO;5.042.785,01;0,00;0;0;0,00;5.042.785,01;;;;
PR;4124608;SAO CARLOS DO IVAI;4.009.202,62;0,00;0;0;0,00;4.009.202,62;;;;
PR;4124707;SAO JERONIMO DA SERRA;5.363.886,89;0,00;0;0;0,00;5.363.886,89;;;;
PR;4124806;SAO JOAO;8.196.953,91;0,00;0;0;0,00;8.196.953,91;;;;
PR;4124905;SAO JOAO DO CAIUA;4.693.115,34;0,00;0;0;0,00;4.693.115,34;;;;
PR;4125001;SAO JOAO DO IVAI;6.633.439,16;0,00;0;0;0,00;6.633.439,16;;;;
PR;4125100;SAO JOAO DO TRIUNFO;8.548.908,99;0,00;0;0;0,00;8.548.908,99;;;;
PR;4125308;SAO JORGE DO IVAI;3.235.587,08;0,00;0;0;0,00;3.235.587,08;;;;
PR;4125357;SAO JORGE DO PATROCINIO;4.414.293,79;0,00;0;0;0,00;4.414.293,79;;;;
PR;4125209;SAO JORGE DOESTE;6.592.872,90;0,00;0;0;0,00;6.592.872,90;;;;
PR;4125407;SAO JOSE DA BOA VISTA;3.940.068,60;0,00;0;0;0,00;3.940.068,60;;;;
PR;4125456;SAO JOSE DAS PALMEIRAS;2.751.077,48;0,00;0;0;0,00;2.751.077,48;;;;
PR;4125506;SAO JOSE DOS PINHAIS;196.083.261,55;0,00;0;0;0,00;196.083.261,55;;;;
PR;4125555;SAO MANOEL DO PARANA;1.375.824,42;0,00;0;0;0,00;1.375.824,42;;;;
PR;4125605;SAO MATEUS DO SUL;29.379.393,46;0,00;0;0;0,00;29.379.393,46;;;;
PR;4125704;SAO MIGUEL DO IGUACU;18.992.433,33;0,00;0;0;0,00;18.992.433,33;;;;
PR;4125753;SAO PEDRO DO IGUACU;4.452.003,27;0,00;0;0;0,00;4.452.003,27;;;;
PR;4125803;SAO PEDRO DO IVAI;5.786.690,07;0,00;0;0;0,00;5.786.690,07;;;;
PR;4125902;SAO PEDRO DO PARANA;1.980.890,06;0,00;0;0;0,00;1.980.890,06;;;;
PR;4126009;SAO SEBASTIAO DA AMOREIRA;4.870.806,96;0,00;0;0;0,00;4.870.806,96;;;;
PR;4126108;SAO TOME;3.862.364,23;0,00;0;0;0,00;3.862.364,23;;;;
PR;4126207;SAPOPEMA;4.857.380,10;0,00;0;0;0,00;4.857.380,10;;;;
PR;4126256;SARANDI;68.869.496,58;0,00;0;0;0,00;68.869.496,58;;;;
PR;4126272;SAUDADE DO IGUACU;5.047.355,86;0,00;0;0;0,00;5.047.355,86;;;;
PR;4126306;SENGES;13.757.958,49;0,00;0;0;0,00;13.757.958,49;;;;
PR;4126355;SERRANOPOLIS DO IGUACU;2.859.635,05;0,00;0;0;0,00;2.859.635,05;;;;
PR;4126405;SERTANEJA;4.206.320,33;0,00;0;0;0,00;4.206.320,33;;;;
PR;4126504;SERTANOPOLIS;9.379.374,43;0,00;0;0;0,00;9.379.374,43;;;;
PR;4126603;SIQUEIRA CAMPOS;16.282.779,14;0,00;0;0;0,00;16.282.779,14;;;;
PR;4126652;SULINA;1.879.188,75;0,00;0;0;0,00;1.879.188,75;;;;
PR;4126678;TAMARANA;6.564.876,47;0,00;0;0;0,00;6.564.876,47;;;;
PR;4126702;TAMBOARA;3.080.749,69;0,00;0;0;0,00;3.080.749,69;;;;
PR;4126801;TAPEJARA;10.476.948,65;0,00;0;0;0,00;10.476.948,65;;;;
PR;4126900;TAPIRA;3.682.958,55;0,00;0;0;0,00;3.682.958,55;;;;
PR;4127007;TEIXEIRA SOARES;6.690.574,72;0,00;0;0;0,00;6.690.574,72;;;;
PR;4127106;TELEMACO BORBA;49.709.084,70;0,00;0;0;0,00;49.709.084,70;;;;
PR;4127205;TERRA BOA;11.708.791,44;0,00;0;0;0,00;11.708.791,44;;;;
PR;4127304;TERRA RICA;11.148.862,90;0,00;0;0;0,00;11.148.862,90;;;;
PR;4127403;TERRA ROXA;13.424.001,12;0,00;0;0;0,00;13.424.001,12;;;;
PR;4127502;TIBAGI;14.159.907,20;0,00;0;0;0,00;14.159.907,20;;;;
PR;4127601;TIJUCAS DO SUL;12.838.361,57;0,00;0;0;0,00;12.838.361,57;;;;
PR;4127700;TOLEDO;83.245.947,58;0,00;0;0;0,00;83.245.947,58;;;;
PR;4127809;TOMAZINA;4.356.015,51;0,00;0;0;0,00;4.356.015,51;;;;
PR;4127858;TRES BARRAS DO PARANA;8.235.234,73;0,00;0;0;0,00;8.235.234,73;;;;
PR;4127882;TUNAS DO PARANA;5.414.166,19;0,00;0;0;0,00;5.414.166,19;;;;
PR;4127908;TUNEIRAS DO OESTE;6.086.080,44;0,00;0;0;0,00;6.086.080,44;;;;
PR;4127957;TUPASSI;5.150.199,87;0,00;0;0;0,00;5.150.199,87;;;;
PR;4127965;TURVO;11.093.155,71;0,00;0;0;0,00;11.093.155,71;;;;
PR;4128005;UBIRATA;16.525.319,61;0,00;0;0;0,00;16.525.319,61;;;;
PR;4128104;UMUARAMA;59.025.038,64;0,00;0;0;0,00;59.025.038,64;;;;
PR;4128203;UNIAO DA VITORIA;33.581.428,62;0,00;0;0;0,00;33.581.428,62;;;;
PR;4128302;UNIFLOR;1.448.957,95;0,00;0;0;0,00;1.448.957,95;;;;
PR;4128401;URAI;5.586.715,59;0,00;0;0;0,00;5.586.715,59;;;;
PR;4128534;VENTANIA;6.521.167,77;0,00;0;0;0,00;6.521.167,77;;;;
PR;4128559;VERA CRUZ DO OESTE;5.122.203,44;0,00;0;0;0,00;5.122.203,44;;;;
PR;4128609;VERE;5.332.176,65;0,00;0;0;0,00;5.332.176,65;;;;
PR;4128658;VIRMOND;2.839.637,60;0,00;0;0;0,00;2.839.637,60;;;;
PR;4128708;VITORINO;5.058.782,97;0,00;0;0;0,00;5.058.782,97;;;;
PR;4128500;WENCESLAU BRAZ;12.171.303,84;0,00;0;0;0,00;12.171.303,84;;;;
PR;4128807;XAMBRE;3.714.383,11;0,00;0;0;0,00;3.714.383,11;;;;
RJ;3300100;ANGRA DOS REIS;118.166.601,43;0,00;0;0;0,00;118.166.601,43;;;;
RJ;3300159;APERIBE;7.537.511,37;0,00;0;0;0,00;7.537.511,37;;;;
RJ;3300209;ARARUAMA;111.644.111,39;0,00;0;0;0,00;111.644.111,39;;;;
RJ;3300225;AREAL;10.188.302,39;0,00;0;0;0,00;10.188.302,39;;;;
RJ;3300233;ARMACAO DOS BUZIOS;44.592.996,14;0,00;0;0;0,00;44.592.996,14;;;;
RJ;3300258;ARRAIAL DO CABO;25.044.570,54;0,00;0;0;0,00;25.044.570,54;;;;
RJ;3300308;BARRA DO PIRAI;49.527.070,44;0,00;0;0;0,00;49.527.070,44;;;;
RJ;3300407;BARRA MANSA;107.414.941,60;0,00;0;0;0,00;107.414.941,60;;;;
RJ;3300456;BELFORD ROXO;232.931.954,88;0,00;0;0;0,00;232.931.954,88;;;;
RJ;3300506;BOM JARDIM;14.094.230,07;0,00;0;0;0,00;14.094.230,07;;;;
RJ;3300605;BOM JESUS DO ITABAPOANA;23.813.110,83;0,00;0;0;0,00;23.813.110,83;;;;
RJ;3300704;CABO FRIO;166.375.482,39;0,00;0;0;0,00;166.375.482,39;;;;
RJ;3300803;CACHOEIRAS DE MACACU;34.980.147,03;0,00;0;0;0,00;34.980.147,03;;;;
RJ;3300902;CAMBUCI;9.254.348,93;0,00;0;0;0,00;9.254.348,93;;;;
RJ;3301009;CAMPOS DOS GOYTACAZES;306.437.874,93;0,00;0;0;0,00;306.437.874,93;;;;
RJ;3301108;CANTAGALO;11.779.549,07;0,00;0;0;0,00;11.779.549,07;;;;
RJ;3300936;CARAPEBUS;11.907.198,82;0,00;0;0;0,00;11.907.198,82;;;;
RJ;3301157;CARDOSO MOREIRA;11.817.380,75;0,00;0;0;0,00;11.817.380,75;;;;
RJ;3301207;CARMO;10.446.690,17;0,00;0;0;0,00;10.446.690,17;;;;
RJ;3301306;CASIMIRO DE ABREU;41.494.401,60;0,00;0;0;0,00;41.494.401,60;;;;
RJ;3300951;COMENDADOR LEVY GASPARIAN;9.477.993,33;0,00;0;0;0,00;9.477.993,33;;;;
RJ;3301405;CONCEICAO DE MACABU;15.863.054,02;0,00;0;0;0,00;15.863.054,02;;;;
RJ;3301504;CORDEIRO;13.983.565,99;0,00;0;0;0,00;13.983.565,99;;;;
RJ;3301603;DUAS BARRAS;10.794.896,02;0,00;0;0;0,00;10.794.896,02;;;;
RJ;3301702;DUQUE DE CAXIAS;398.106.603,21;0,00;0;0;0,00;398.106.603,21;;;;
RJ;3301801;ENGENHEIRO PAULO DE FRONTIN;9.974.180,23;0,00;0;0;0,00;9.974.180,23;;;;
RJ;3301850;GUAPIMIRIM;46.363.106,87;0,00;0;0;0,00;46.363.106,87;;;;
RJ;3301876;IGUABA GRANDE;25.845.984,44;0,00;0;0;0,00;25.845.984,44;;;;
RJ;3301900;ITABORAI;171.592.650,88;0,00;0;0;0,00;171.592.650,88;;;;
RJ;3302007;ITAGUAI;113.528.489,24;0,00;0;0;0,00;113.528.489,24;;;;
RJ;3302056;ITALVA;9.479.022,78;0,00;0;0;0,00;9.479.022,78;;;;
RJ;3302106;ITAOCARA;11.936.537,66;0,00;0;0;0,00;11.936.537,66;;;;
RJ;3302205;ITAPERUNA;56.915.056,61;0,00;0;0;0,00;56.915.056,61;;;;
RJ;3302254;ITATIAIA;27.777.973,58;0,00;0;0;0,00;27.777.973,58;;;;
RJ;3302270;JAPERI;77.470.525,43;0,00;0;0;0,00;77.470.525,43;;;;
RJ;3302304;LAJE DO MURIAE;5.861.079,07;0,00;0;0;0,00;5.861.079,07;;;;
RJ;3302403;MACAE;228.322.152,11;0,00;0;0;0,00;228.322.152,11;;;;
RJ;3302452;MACUCO;5.428.717,04;0,00;0;0;0,00;5.428.717,04;;;;
RJ;3302502;MAGE;227.422.684,67;0,00;0;0;0,00;227.422.684,67;;;;
RJ;3302601;MANGARATIBA;43.575.658,58;0,00;0;0;0,00;43.575.658,58;;;;
RJ;3302700;MARICA;159.320.517,93;0,00;0;0;0,00;159.320.517,93;;;;
RJ;3302809;MENDES;13.967.867,13;0,00;0;0;0,00;13.967.867,13;;;;
RJ;3302858;MESQUITA;78.272.454,06;0,00;0;0;0,00;78.272.454,06;;;;
RJ;3302908;MIGUEL PEREIRA;21.409.641,19;0,00;0;0;0,00;21.409.641,19;;;;
RJ;3303005;MIRACEMA;19.246.544,26;0,00;0;0;0,00;19.246.544,26;;;;
RJ;3303104;NATIVIDADE;8.689.447,36;0,00;0;0;0,00;8.689.447,36;;;;
RJ;3303203;NILOPOLIS;66.746.402,96;0,00;0;0;0,00;66.746.402,96;;;;
RJ;3303302;NITEROI;163.843.590,94;0,00;0;0;0,00;163.843.590,94;;;;
RJ;3303401;NOVA FRIBURGO;101.799.897,12;0,00;0;0;0,00;101.799.897,12;;;;
RJ;3303500;NOVA IGUACU;352.227.330,05;0,00;0;0;0,00;352.227.330,05;;;;
RJ;3303609;PARACAMBI;28.432.178,50;0,00;0;0;0,00;28.432.178,50;;;;
RJ;3303708;PARAIBA DO SUL;35.286.403,47;0,00;0;0;0,00;35.286.403,47;;;;
RJ;3303807;PARATY;32.666.752,81;0,00;0;0;0,00;32.666.752,81;;;;
RJ;3303856;PATY DO ALFERES;25.453.512,96;0,00;0;0;0,00;25.453.512,96;;;;
RJ;3303906;PETROPOLIS;221.497.008,65;0,00;0;0;0,00;221.497.008,65;;;;
RJ;3303955;PINHEIRAL;20.804.076,99;0,00;0;0;0,00;20.804.076,99;;;;
RJ;3304003;PIRAI;25.436.527,30;0,00;0;0;0,00;25.436.527,30;;;;
RJ;3304102;PORCIUNCULA;12.525.888,29;0,00;0;0;0,00;12.525.888,29;;;;
RJ;3304110;PORTO REAL;19.033.194,18;0,00;0;0;0,00;19.033.194,18;;;;
RJ;3304128;QUATIS;13.258.587,50;0,00;0;0;0,00;13.258.587,50;;;;
RJ;3304144;QUEIMADOS;75.640.192,84;0,00;0;0;0,00;75.640.192,84;;;;
RJ;3304151;QUISSAMA;25.939.405,53;0,00;0;0;0,00;25.939.405,53;;;;
RJ;3304201;RESENDE;79.479.207,36;0,00;0;0;0,00;79.479.207,36;;;;
RJ;3304300;RIO BONITO;47.286.251,27;0,00;0;0;0,00;47.286.251,27;;;;
RJ;3304409;RIO CLARO;15.195.723,82;0,00;0;0;0,00;15.195.723,82;;;;
RJ;3304508;RIO DAS FLORES;10.336.798,15;0,00;0;0;0,00;10.336.798,15;;;;
RJ;3304524;RIO DAS OSTRAS;129.604.635,97;0,00;0;0;0,00;129.604.635,97;;;;
RJ;3304557;RIO DE JANEIRO;3.826.598.005,92;0,00;0;0;0,00;3.826.598.005,92;;;;
RJ;3304607;SANTA MARIA MADALENA;8.737.830,72;0,00;0;0;0,00;8.737.830,72;;;;
RJ;3304706;SANTO ANTONIO DE PADUA;29.922.283,36;0,00;0;0;0,00;29.922.283,36;;;;
RJ;3304805;SAO FIDELIS;28.188.202,79;0,00;0;0;0,00;28.188.202,79;;;;
RJ;3304755;SAO FRANCISCO DE ITABAPOANA;51.668.549,27;0,00;0;0;0,00;51.668.549,27;;;;
RJ;3304904;SAO GONCALO;265.399.512,33;0,00;0;0;0,00;265.399.512,33;;;;
RJ;3305000;SAO JOAO DA BARRA;51.015.888,49;0,00;0;0;0,00;51.015.888,49;;;;
RJ;3305109;SAO JOAO DE MERITI;141.050.391,25;0,00;0;0;0,00;141.050.391,25;;;;
RJ;3305133;SAO JOSE DE UBA;4.364.540,27;0,00;0;0;0,00;4.364.540,27;;;;
RJ;3305158;SAO JOSE DO VALE DO RIO PRETO;18.384.908,50;0,00;0;0;0,00;18.384.908,50;;;;
RJ;3305208;SAO PEDRO DA ALDEIA;71.548.195,07;0,00;0;0;0,00;71.548.195,07;;;;
RJ;3305307;SAO SEBASTIAO DO ALTO;5.791.077,61;0,00;0;0;0,00;5.791.077,61;;;;
RJ;3305406;SAPUCAIA;14.341.551,45;0,00;0;0;0,00;14.341.551,45;;;;
RJ;3305505;SAQUAREMA;85.607.167,05;0,00;0;0;0,00;85.607.167,05;;;;
RJ;3305554;SEROPEDICA;78.934.894,45;0,00;0;0;0,00;78.934.894,45;;;;
RJ;3305604;SILVA JARDIM;25.059.754,67;0,00;0;0;0,00;25.059.754,67;;;;
RJ;3305703;SUMIDOURO;12.211.653,73;0,00;0;0;0,00;12.211.653,73;;;;
RJ;3305752;TANGUA;30.786.235,33;0,00;0;0;0,00;30.786.235,33;;;;
RJ;3305802;TERESOPOLIS;122.955.010,89;0,00;0;0;0,00;122.955.010,89;;;;
RJ;3305901;TRAJANO DE MORAES;7.466.480,48;0,00;0;0;0,00;7.466.480,48;;;;
RJ;3306008;TRES RIOS;57.025.720,70;0,00;0;0;0,00;57.025.720,70;;;;
RJ;3306107;VALENCA;54.170.072,43;0,00;0;0;0,00;54.170.072,43;;;;
RJ;3306156;VARRE-SAI;8.490.766,70;0,00;0;0;0,00;8.490.766,70;;;;
RJ;3306206;VASSOURAS;21.759.133,83;0,00;0;0;0,00;21.759.133,83;;;;
RJ;3306305;VOLTA REDONDA;200.112.073,86;0,00;0;0;0,00;200.112.073,86;;;;
RN;2400109;ACARI;7.738.807,36;0,00;0;0;0,00;7.738.807,36;;;;
RN;2400208;ACU;34.616.051,71;0,00;0;0;0,00;34.616.051,71;;;;
RN;2400307;AFONSO BEZERRA;8.864.839,24;0,00;0;0;0,00;8.864.839,24;;;;
RN;2400406;AGUA NOVA;3.392.206,30;0,00;0;0;0,00;3.392.206,30;;;;
RN;2400505;ALEXANDRIA;9.615.270,60;0,00;0;0;0,00;9.615.270,60;;;;
RN;2400604;ALMINO AFONSO;2.283.876,91;0,00;0;0;0,00;2.283.876,91;;;;
RN;2400703;ALTO DO RODRIGUES;13.172.186,97;0,00;0;0;0,00;13.172.186,97;;;;
RN;2400802;ANGICOS;6.414.456,36;0,00;0;0;0,00;6.414.456,36;;;;
RN;2400901;ANTONIO MARTINS;4.396.373,26;0,00;0;0;0,00;4.396.373,26;;;;
RN;2401008;APODI;16.759.890,26;0,00;0;0;0,00;16.759.890,26;;;;
RN;2401107;AREIA BRANCA;18.505.509,06;0,00;0;0;0,00;18.505.509,06;;;;
RN;2401206;ARES;14.948.849,25;0,00;0;0;0,00;14.948.849,25;;;;
RN;2401305;AUGUSTO SEVERO;7.244.933,74;0,00;0;0;0,00;7.244.933,74;;;;
RN;2401404;BAIA FORMOSA;7.817.570,59;0,00;0;0;0,00;7.817.570,59;;;;
RN;2401453;BARAUNA;23.934.270,62;0,00;0;0;0,00;23.934.270,62;;;;
RN;2401503;BARCELONA;5.262.512,16;0,00;0;0;0,00;5.262.512,16;;;;
RN;2401602;BENTO FERNANDES;6.210.236,41;0,00;0;0;0,00;6.210.236,41;;;;
RN;2401651;BODO;4.618.808,81;0,00;0;0;0,00;4.618.808,81;;;;
RN;2401701;BOM JESUS;10.422.914,34;0,00;0;0;0,00;10.422.914,34;;;;
RN;2401800;BREJINHO;9.128.324,03;0,00;0;0;0,00;9.128.324,03;;;;
RN;2401859;CAICARA DO NORTE;4.213.191,04;0,00;0;0;0,00;4.213.191,04;;;;
RN;2401909;CAICARA DO RIO DO VENTO;3.122.820,69;0,00;0;0;0,00;3.122.820,69;;;;
RN;2402006;CAICO;27.402.418,02;0,00;0;0;0,00;27.402.418,02;;;;
RN;2402105;CAMPO REDONDO;14.875.730,30;0,00;0;0;0,00;14.875.730,30;;;;
RN;2402204;CANGUARETAMA;34.244.812,67;0,00;0;0;0,00;34.244.812,67;;;;
RN;2402303;CARAUBAS;15.875.792,33;0,00;0;0;0,00;15.875.792,33;;;;
RN;2402402;CARNAUBA DOS DANTAS;5.784.350,58;0,00;0;0;0,00;5.784.350,58;;;;
RN;2402501;CARNAUBAIS;8.871.509,74;0,00;0;0;0,00;8.871.509,74;;;;
RN;2402600;CEARA MIRIM;63.016.222,73;0,00;0;0;0,00;63.016.222,73;;;;
RN;2402709;CERRO CORA;10.588.394,07;0,00;0;0;0,00;10.588.394,07;;;;
RN;2402808;CORONEL EZEQUIEL;4.321.714,96;0,00;0;0;0,00;4.321.714,96;;;;
RN;2402907;CORONEL JOAO PESSOA;5.367.444,27;0,00;0;0;0,00;5.367.444,27;;;;
RN;2403004;CRUZETA;6.330.305,43;0,00;0;0;0,00;6.330.305,43;;;;
RN;2403103;CURRAIS NOVOS;26.387.988,75;0,00;0;0;0,00;26.387.988,75;;;;
RN;2403202;DOUTOR SEVERIANO;8.630.088,92;0,00;0;0;0,00;8.630.088,92;;;;
RN;2403301;ENCANTO;5.380.785,27;0,00;0;0;0,00;5.380.785,27;;;;
RN;2403400;EQUADOR;5.705.074,24;0,00;0;0;0,00;5.705.074,24;;;;
RN;2403509;ESPIRITO SANTO;8.253.975,28;0,00;0;0;0,00;8.253.975,28;;;;
RN;2403608;EXTREMOZ;34.075.228,01;0,00;0;0;0,00;34.075.228,01;;;;
RN;2403707;FELIPE GUERRA;5.245.579,35;0,00;0;0;0,00;5.245.579,35;;;;
RN;2403756;FERNANDO PEDROZA;2.108.904,54;0,00;0;0;0,00;2.108.904,54;;;;
RN;2403806;FLORANIA;5.211.713,73;0,00;0;0;0,00;5.211.713,73;;;;
RN;2403905;FRANCISCO DANTAS;2.089.662,71;0,00;0;0;0,00;2.089.662,71;;;;
RN;2404002;FRUTUOSO GOMES;3.112.045,26;0,00;0;0;0,00;3.112.045,26;;;;
RN;2404101;GALINHOS;3.037.130,41;0,00;0;0;0,00;3.037.130,41;;;;
RN;2404200;GOIANINHA;37.768.889,65;0,00;0;0;0,00;37.768.889,65;;;;
RN;2404309;GOVERNADOR DIX-SEPT ROSADO;9.271.226,68;0,00;0;0;0,00;9.271.226,68;;;;
RN;2404408;GROSSOS;7.476.605,37;0,00;0;0;0,00;7.476.605,37;;;;
RN;2404507;GUAMARE;21.319.177,68;0,00;0;0;0,00;21.319.177,68;;;;
RN;2404606;IELMO MARINHO;14.199.957,24;0,00;0;0;0,00;14.199.957,24;;;;
RN;2404705;IPANGUACU;13.093.680,30;0,00;0;0;0,00;13.093.680,30;;;;
RN;2404804;IPUEIRA;1.750.749,95;0,00;0;0;0,00;1.750.749,95;;;;
RN;2404853;ITAJA;7.567.939,92;0,00;0;0;0,00;7.567.939,92;;;;
RN;2404903;ITAU;4.554.925,94;0,00;0;0;0,00;4.554.925,94;;;;
RN;2405009;JACANA;6.449.861,33;0,00;0;0;0,00;6.449.861,33;;;;
RN;2405108;JANDAIRA;6.385.465,34;0,00;0;0;0,00;6.385.465,34;;;;
RN;2405207;JANDUIS;4.048.737,54;0,00;0;0;0,00;4.048.737,54;;;;
RN;2405306;JANUARIO CICCO;9.200.929,87;0,00;0;0;0,00;9.200.929,87;;;;
RN;2405405;JAPI;4.960.030,59;0,00;0;0;0,00;4.960.030,59;;;;
RN;2405504;JARDIM DE ANGICOS;3.068.943,56;0,00;0;0;0,00;3.068.943,56;;;;
RN;2405603;JARDIM DE PIRANHAS;11.797.294,09;0,00;0;0;0,00;11.797.294,09;;;;
RN;2405702;JARDIM DO SERIDO;6.215.624,12;0,00;0;0;0,00;6.215.624,12;;;;
RN;2405801;JOAO CAMARA;29.502.599,59;0,00;0;0;0,00;29.502.599,59;;;;
RN;2405900;JOAO DIAS;2.433.963,18;0,00;0;0;0,00;2.433.963,18;;;;
RN;2406007;JOSE DA PENHA;5.267.899,87;0,00;0;0;0,00;5.267.899,87;;;;
RN;2406106;JUCURUTU;12.588.518,13;0,00;0;0;0,00;12.588.518,13;;;;
RN;2406155;JUNDIA;3.702.384,60;0,00;0;0;0,00;3.702.384,60;;;;
RN;2406205;LAGOA DANTA;6.227.682,34;0,00;0;0;0,00;6.227.682,34;;;;
RN;2406304;LAGOA DE PEDRAS;7.763.436,91;0,00;0;0;0,00;7.763.436,91;;;;
RN;2406403;LAGOA DE VELHOS;3.319.857,03;0,00;0;0;0,00;3.319.857,03;;;;
RN;2406502;LAGOA NOVA;16.599.028,57;0,00;0;0;0,00;16.599.028,57;;;;
RN;2406601;LAGOA SALGADA;9.246.597,14;0,00;0;0;0,00;9.246.597,14;;;;
RN;2406700;LAJES;8.999.275,49;0,00;0;0;0,00;8.999.275,49;;;;
RN;2406809;LAJES PINTADAS;6.806.476,58;0,00;0;0;0,00;6.806.476,58;;;;
RN;2406908;LUCRECIA;3.023.019,73;0,00;0;0;0,00;3.023.019,73;;;;
RN;2407005;LUIS GOMES;8.704.234,10;0,00;0;0;0,00;8.704.234,10;;;;
RN;2407104;MACAIBA;46.721.471,64;0,00;0;0;0,00;46.721.471,64;;;;
RN;2407203;MACAU;14.624.560,28;0,00;0;0;0,00;14.624.560,28;;;;
RN;2407252;MAJOR SALES;5.296.890,89;0,00;0;0;0,00;5.296.890,89;;;;
RN;2407302;MARCELINO VIEIRA;5.181.183,35;0,00;0;0;0,00;5.181.183,35;;;;
RN;2407401;MARTINS;6.849.065,16;0,00;0;0;0,00;6.849.065,16;;;;
RN;2407500;MAXARANGUAPE;12.756.306,89;0,00;0;0;0,00;12.756.306,89;;;;
RN;2407609;MESSIAS TARGINO;2.961.958,99;0,00;0;0;0,00;2.961.958,99;;;;
RN;2407708;MONTANHAS;11.153.077,63;0,00;0;0;0,00;11.153.077,63;;;;
RN;2407807;MONTE ALEGRE;28.127.963,28;0,00;0;0;0,00;28.127.963,28;;;;
RN;2407906;MONTE DAS GAMELEIRAS;4.010.253,88;0,00;0;0;0,00;4.010.253,88;;;;
RN;2408003;MOSSORO;114.195.384,93;0,00;0;0;0,00;114.195.384,93;;;;
RN;2408102;NATAL;316.343.377,71;0,00;0;0;0,00;316.343.377,71;;;;
RN;2408201;NISIA FLORESTA;30.001.091,26;0,00;0;0;0,00;30.001.091,26;;;;
RN;2408300;NOVA CRUZ;27.117.125,82;0,00;0;0;0,00;27.117.125,82;;;;
RN;2408409;OLHO DAGUA DO BORGES;2.743.115,25;0,00;0;0;0,00;2.743.115,25;;;;
RN;2408508;OURO BRANCO;3.510.735,98;0,00;0;0;0,00;3.510.735,98;;;;
RN;2408607;PARANA;4.018.720,28;0,00;0;0;0,00;4.018.720,28;;;;
RN;2408706;PARAU;2.597.390,46;0,00;0;0;0,00;2.597.390,46;;;;
RN;2408805;PARAZINHO;5.049.825,80;0,00;0;0;0,00;5.049.825,80;;;;
RN;2408904;PARELHAS;11.318.557,37;0,00;0;0;0,00;11.318.557,37;;;;
RN;2403251;PARNAMIRIM;138.915.748,44;0,00;0;0;0,00;138.915.748,44;;;;
RN;2409100;PASSA E FICA;12.543.363,97;0,00;0;0;0,00;12.543.363,97;;;;
RN;2409209;PASSAGEM;4.350.962,54;0,00;0;0;0,00;4.350.962,54;;;;
RN;2409308;PATU;7.149.237,70;0,00;0;0;0,00;7.149.237,70;;;;
RN;2409407;PAU DOS FERROS;10.273.854,30;0,00;0;0;0,00;10.273.854,30;;;;
RN;2409506;PEDRA GRANDE;4.647.030,16;0,00;0;0;0,00;4.647.030,16;;;;
RN;2409605;PEDRA PRETA;3.002.751,67;0,00;0;0;0,00;3.002.751,67;;;;
RN;2409704;PEDRO AVELINO;5.716.875,90;0,00;0;0;0,00;5.716.875,90;;;;
RN;2409803;PEDRO VELHO;16.822.746,91;0,00;0;0;0,00;16.822.746,91;;;;
RN;2409902;PENDENCIAS;10.428.045,49;0,00;0;0;0,00;10.428.045,49;;;;
RN;2410009;PILOES;2.402.919,70;0,00;0;0;0,00;2.402.919,70;;;;
RN;2410108;POCO BRANCO;11.051.480,78;0,00;0;0;0,00;11.051.480,78;;;;
RN;2410207;PORTALEGRE;7.854.258,34;0,00;0;0;0,00;7.854.258,34;;;;
RN;2410256;PORTO DO MANGUE;6.851.117,62;0,00;0;0;0,00;6.851.117,62;;;;
RN;2410306;PRESIDENTE JUSCELINO;13.679.658,16;0,00;0;0;0,00;13.679.658,16;;;;
RN;2410405;PUREZA;10.562.481,74;0,00;0;0;0,00;10.562.481,74;;;;
RN;2410504;RAFAEL FERNANDES;2.629.716,73;0,00;0;0;0,00;2.629.716,73;;;;
RN;2410603;RAFAEL GODEIRO;4.374.309,29;0,00;0;0;0,00;4.374.309,29;;;;
RN;2410702;RIACHO DA CRUZ;3.018.658,25;0,00;0;0;0,00;3.018.658,25;;;;
RN;2410801;RIACHO DE SANTANA;3.510.735,98;0,00;0;0;0,00;3.510.735,98;;;;
RN;2410900;RIACHUELO;7.565.117,78;0,00;0;0;0,00;7.565.117,78;;;;
RN;2408953;RIO DO FOGO;13.078.030,28;0,00;0;0;0,00;13.078.030,28;;;;
RN;2411007;RODOLFO FERNANDES;4.064.900,67;0,00;0;0;0,00;4.064.900,67;;;;
RN;2411106;RUY BARBOSA;4.104.410,56;0,00;0;0;0,00;4.104.410,56;;;;
RN;2411205;SANTA CRUZ;21.924.140,81;0,00;0;0;0,00;21.924.140,81;;;;
RN;2409332;SANTA MARIA;4.261.680,45;0,00;0;0;0,00;4.261.680,45;;;;
RN;2411403;SANTANA DO MATOS;7.996.134,77;0,00;0;0;0,00;7.996.134,77;;;;
RN;2411429;SANTANA DO SERIDO;1.748.184,37;0,00;0;0;0,00;1.748.184,37;;;;
RN;2411502;SANTO ANTONIO;16.540.276,85;0,00;0;0;0,00;16.540.276,85;;;;
RN;2411601;SAO BENTO DO NORTE;5.365.904,92;0,00;0;0;0,00;5.365.904,92;;;;
RN;2411700;SAO BENTO DO TRAIRI;3.453.267,04;0,00;0;0;0,00;3.453.267,04;;;;
RN;2411809;SAO FERNANDO;2.621.506,88;0,00;0;0;0,00;2.621.506,88;;;;
RN;2411908;SAO FRANCISCO DO OESTE;5.688.911,10;0,00;0;0;0,00;5.688.911,10;;;;
RN;2412005;SAO GONCALO DO AMARANTE;78.566.956,42;0,00;0;0;0,00;78.566.956,42;;;;
RN;2412104;SAO JOAO DO SABUGI;3.967.408,73;0,00;0;0;0,00;3.967.408,73;;;;
RN;2412203;SAO JOSE DE MIPIBU;43.733.087,20;0,00;0;0;0,00;43.733.087,20;;;;
RN;2412302;SAO JOSE DO CAMPESTRE;13.004.398,21;0,00;0;0;0,00;13.004.398,21;;;;
RN;2412401;SAO JOSE DO SERIDO;4.218.835,31;0,00;0;0;0,00;4.218.835,31;;;;
RN;2412500;SAO MIGUEL;22.958.325,02;0,00;0;0;0,00;22.958.325,02;;;;
RN;2412559;SAO MIGUEL DO GOSTOSO;13.296.874,02;0,00;0;0;0,00;13.296.874,02;;;;
RN;2412609;SAO PAULO DO POTENGI;14.979.123,06;0,00;0;0;0,00;14.979.123,06;;;;
RN;2412708;SAO PEDRO;5.039.050,37;0,00;0;0;0,00;5.039.050,37;;;;
RN;2412807;SAO RAFAEL;5.025.196,25;0,00;0;0;0,00;5.025.196,25;;;;
RN;2412906;SAO TOME;15.044.032,17;0,00;0;0;0,00;15.044.032,17;;;;
RN;2413003;SAO VICENTE;3.939.700,50;0,00;0;0;0,00;3.939.700,50;;;;
RN;2413102;SENADOR ELOI DE SOUZA;6.366.480,07;0,00;0;0;0,00;6.366.480,07;;;;
RN;2413201;SENADOR GEORGINO AVELINO;5.434.918,95;0,00;0;0;0,00;5.434.918,95;;;;
RN;2413300;SERRA DE SAO BENTO;4.070.801,50;0,00;0;0;0,00;4.070.801,50;;;;
RN;2413359;SERRA DO MEL;13.974.186,43;0,00;0;0;0,00;13.974.186,43;;;;
RN;2413409;SERRA NEGRA DO NORTE;5.314.336,82;0,00;0;0;0,00;5.314.336,82;;;;
RN;2413508;SERRINHA;7.559.216,95;0,00;0;0;0,00;7.559.216,95;;;;
RN;2413557;SERRINHA DOS PINTOS;4.059.256,40;0,00;0;0;0,00;4.059.256,40;;;;
RN;2413607;SEVERIANO MELO;4.935.914,17;0,00;0;0;0,00;4.935.914,17;;;;
RN;2413706;SITIO NOVO;5.227.363,75;0,00;0;0;0,00;5.227.363,75;;;;
RN;2413805;TABOLEIRO GRANDE;2.765.692,33;0,00;0;0;0,00;2.765.692,33;;;;
RN;2413904;TAIPU;9.744.832,25;0,00;0;0;0,00;9.744.832,25;;;;
RN;2414001;TANGARA;12.157.244,59;0,00;0;0;0,00;12.157.244,59;;;;
RN;2414100;TENENTE ANANIAS;9.292.777,54;0,00;0;0;0,00;9.292.777,54;;;;
RN;2414159;TENENTE LAURENTINO CRUZ;7.294.705,93;0,00;0;0;0,00;7.294.705,93;;;;
RN;2411056;TIBAU;3.594.886,91;0,00;0;0;0,00;3.594.886,91;;;;
RN;2414209;TIBAU DO SUL;15.166.153,65;0,00;0;0;0,00;15.166.153,65;;;;
RN;2414308;TIMBAUBA DOS BATISTAS;1.968.310,90;0,00;0;0;0,00;1.968.310,90;;;;
RN;2414407;TOUROS;33.967.217,21;0,00;0;0;0,00;33.967.217,21;;;;
RN;2414456;TRIUNFO POTIGUAR;4.112.620,41;0,00;0;0;0,00;4.112.620,41;;;;
RN;2414506;UMARIZAL;4.415.358,53;0,00;0;0;0,00;4.415.358,53;;;;
RN;2414605;UPANEMA;10.141.983,62;0,00;0;0;0,00;10.141.983,62;;;;
RN;2414704;VARZEA;3.328.579,99;0,00;0;0;0,00;3.328.579,99;;;;
RN;2414753;VENHA-VER;4.822.259,09;0,00;0;0;0,00;4.822.259,09;;;;
RN;2414803;VERA CRUZ;13.511.869,40;0,00;0;0;0,00;13.511.869,40;;;;
RN;2414902;VICOSA;2.160.729,20;0,00;0;0;0,00;2.160.729,20;;;;
RN;2415008;VILA FLOR;3.604.122,99;0,00;0;0;0,00;3.604.122,99;;;;
RO;1100015;ALTA FLORESTA DOESTE;18.309.588,74;0,00;0;0;0,00;18.309.588,74;;;;
RO;1100379;ALTO ALEGRE DOS PARECIS;14.080.544,13;0,00;0;0;0,00;14.080.544,13;;;;
RO;1100403;ALTO PARAISO;11.739.069,64;0,00;0;0;0,00;11.739.069,64;;;;
RO;1100346;ALVORADA DOESTE;10.309.841,48;0,00;0;0;0,00;10.309.841,48;;;;
RO;1100023;ARIQUEMES;73.796.860,17;0,00;0;0;0,00;73.796.860,17;;;;
RO;1100452;BURITIS;20.815.254,88;0,00;0;0;0,00;20.815.254,88;;;;
RO;1100031;CABIXI;4.107.961,19;0,00;0;0;0,00;4.107.961,19;;;;
RO;1100601;CACAULANDIA;4.093.063,49;0,00;0;0;0,00;4.093.063,49;;;;
RO;1100049;CACOAL;45.211.029,02;0,00;0;0;0,00;45.211.029,02;;;;
RO;1100700;CAMPO NOVO DE RONDONIA;9.897.777,47;0,00;0;0;0,00;9.897.777,47;;;;
RO;1100809;CANDEIAS DO JAMARI;21.462.829,32;0,00;0;0;0,00;21.462.829,32;;;;
RO;1100908;CASTANHEIRAS;3.829.025,55;0,00;0;0;0,00;3.829.025,55;;;;
RO;1100056;CEREJEIRAS;10.576.098,23;0,00;0;0;0,00;10.576.098,23;;;;
RO;1100924;CHUPINGUAIA;9.819.485,31;0,00;0;0;0,00;9.819.485,31;;;;
RO;1100064;COLORADO DO OESTE;12.547.982,99;0,00;0;0;0,00;12.547.982,99;;;;
RO;1100072;CORUMBIARA;5.556.841,63;0,00;0;0;0,00;5.556.841,63;;;;
RO;1100080;COSTA MARQUES;13.853.591,95;0,00;0;0;0,00;13.853.591,95;;;;
RO;1100940;CUJUBIM;18.308.320,85;0,00;0;0;0,00;18.308.320,85;;;;
RO;1100098;ESPIGAO DOESTE;19.715.043,98;0,00;0;0;0,00;19.715.043,98;;;;
RO;1101005;GOVERNADOR JORGE TEIXEIRA;8.195.319,18;0,00;0;0;0,00;8.195.319,18;;;;
RO;1100106;GUAJARA-MIRIM;24.257.891,18;0,00;0;0;0,00;24.257.891,18;;;;
RO;1101104;ITAPUA DO OESTE;8.834.018,39;0,00;0;0;0,00;8.834.018,39;;;;
RO;1100114;JARU;36.719.657,70;0,00;0;0;0,00;36.719.657,70;;;;
RO;1100122;JI-PARANA;51.847.161,38;0,00;0;0;0,00;51.847.161,38;;;;
RO;1100130;MACHADINHO DOESTE;24.420.497,98;0,00;0;0;0,00;24.420.497,98;;;;
RO;1101203;MINISTRO ANDREAZZA;7.619.697,45;0,00;0;0;0,00;7.619.697,45;;;;
RO;1101302;MIRANTE DA SERRA;7.469.452,58;0,00;0;0;0,00;7.469.452,58;;;;
RO;1101401;MONTE NEGRO;11.649.683,45;0,00;0;0;0,00;11.649.683,45;;;;
RO;1100148;NOVA BRASILANDIA DOESTE;15.421.653,99;0,00;0;0;0,00;15.421.653,99;;;;
RO;1100338;NOVA MAMORE;23.354.837,06;0,00;0;0;0,00;23.354.837,06;;;;
RO;1101435;NOVA UNIAO;5.602.802,62;0,00;0;0;0,00;5.602.802,62;;;;
RO;1100502;NOVO HORIZONTE DO OESTE;4.935.258,93;0,00;0;0;0,00;4.935.258,93;;;;
RO;1100155;OURO PRETO DO OESTE;25.723.571,16;0,00;0;0;0,00;25.723.571,16;;;;
RO;1101450;PARECIS;3.882.910,85;0,00;0;0;0,00;3.882.910,85;;;;
RO;1100189;PIMENTA BUENO;28.702.159,99;0,00;0;0;0,00;28.702.159,99;;;;
RO;1101468;PIMENTEIRAS DO OESTE;1.965.228,35;0,00;0;0;0,00;1.965.228,35;;;;
RO;1100205;PORTO VELHO;294.462.841,98;0,00;0;0;0,00;294.462.841,98;;;;
RO;1100254;PRESIDENTE MEDICI;11.103.540,16;0,00;0;0;0,00;11.103.540,16;;;;
RO;1101476;PRIMAVERA DE RONDONIA;2.807.423,78;0,00;0;0;0,00;2.807.423,78;;;;
RO;1100262;RIO CRESPO;3.383.996,42;0,00;0;0;0,00;3.383.996,42;;;;
RO;1100288;ROLIM DE MOURA;36.453.400,96;0,00;0;0;0,00;36.453.400,96;;;;
RO;1100296;SANTA LUZIA DOESTE;5.366.975,22;0,00;0;0;0,00;5.366.975,22;;;;
RO;1101484;SAO FELIPE DOESTE;3.716.183,41;0,00;0;0;0,00;3.716.183,41;;;;
RO;1101492;SAO FRANCISCO DO GUAPORE;15.658.432,30;0,00;0;0;0,00;15.658.432,30;;;;
RO;1100320;SAO MIGUEL DO GUAPORE;19.291.251,99;0,00;0;0;0,00;19.291.251,99;;;;
RO;1101500;SERINGUEIRAS;7.809.880,84;0,00;0;0;0,00;7.809.880,84;;;;
RO;1101559;TEIXEIROPOLIS;5.086.771,69;0,00;0;0;0,00;5.086.771,69;;;;
RO;1101609;THEOBROMA;8.023.520,18;0,00;0;0;0,00;8.023.520,18;;;;
RO;1101708;URUPA;12.027.831,42;0,00;0;0;0,00;12.027.831,42;;;;
RO;1101757;VALE DO ANARI;7.607.018,56;0,00;0;0;0,00;7.607.018,56;;;;
RO;1101807;VALE DO PARAISO;6.562.277,82;0,00;0;0;0,00;6.562.277,82;;;;
RO;1100304;VILHENA;75.807.098,59;0,00;0;0;0,00;75.807.098,59;;;;
RR;1400050;ALTO ALEGRE;13.749.733,91;0,00;0;0;0,00;13.749.733,91;;;;
RR;1400027;AMAJARI;11.139.853,01;0,00;0;0;0,00;11.139.853,01;;;;
RR;1400100;BOA VISTA;369.813.260,51;0,00;0;0;0,00;369.813.260,51;;;;
RR;1400159;BONFIM;28.014.380,50;0,00;0;0;0,00;28.014.380,50;;;;
RR;1400175;CANTA;24.282.768,53;0,00;0;0;0,00;24.282.768,53;;;;
RR;1400209;CARACARAI;28.231.904,02;0,00;0;0;0,00;28.231.904,02;;;;
RR;1400233;CAROEBE;12.992.013,60;0,00;0;0;0,00;12.992.013,60;;;;
RR;1400282;IRACEMA;9.759.260,93;0,00;0;0;0,00;9.759.260,93;;;;
RR;1400308;MUCAJAI;24.126.247,92;0,00;0;0;0,00;24.126.247,92;;;;
RR;1400407;NORMANDIA;26.579.608,21;0,00;0;0;0,00;26.579.608,21;;;;
RR;1400456;PACARAIMA;33.575.678,30;0,00;0;0;0,00;33.575.678,30;;;;
RR;1400472;RORAINOPOLIS;37.723.474,56;0,00;0;0;0,00;37.723.474,56;;;;
RR;1400506;SAO JOAO DA BALIZA;10.413.035,49;0,00;0;0;0,00;10.413.035,49;;;;
RR;1400605;SAO LUIZ;10.311.497,76;0,00;0;0;0,00;10.311.497,76;;;;
RR;1400704;UIRAMUTA;18.847.088,56;0,00;0;0;0,00;18.847.088,56;;;;
RS;4300034;ACEGUA;5.573.407,62;0,00;0;0;0,00;5.573.407,62;;;;
RS;4300059;AGUA SANTA;3.838.583,21;0,00;0;0;0,00;3.838.583,21;;;;
RS;4300109;AGUDO;15.107.736,06;0,00;0;0;0,00;15.107.736,06;;;;
RS;4300208;AJURICABA;4.058.278,53;0,00;0;0;0,00;4.058.278,53;;;;
RS;4300307;ALECRIM;2.967.488,08;0,00;0;0;0,00;2.967.488,08;;;;
RS;4300406;ALEGRETE;38.739.394,26;0,00;0;0;0,00;38.739.394,26;;;;
RS;4300455;ALEGRIA;2.360.924,02;0,00;0;0;0,00;2.360.924,02;;;;
RS;4300471;ALMIRANTE TAMANDARE DO SUL;1.440.189,28;0,00;0;0;0,00;1.440.189,28;;;;
RS;4300505;ALPESTRE;5.141.703,11;0,00;0;0;0,00;5.141.703,11;;;;
RS;4300554;ALTO ALEGRE;1.026.739,35;0,00;0;0;0,00;1.026.739,35;;;;
RS;4300570;ALTO FELIZ;2.538.665,87;0,00;0;0;0,00;2.538.665,87;;;;
RS;4300604;ALVORADA;134.529.755,53;0,00;0;0;0,00;134.529.755,53;;;;
RS;4300638;AMARAL FERRADOR;4.443.225,73;0,00;0;0;0,00;4.443.225,73;;;;
RS;4300646;AMETISTA DO SUL;6.808.313,07;0,00;0;0;0,00;6.808.313,07;;;;
RS;4300661;ANDRE DA ROCHA;1.248.356,20;0,00;0;0;0,00;1.248.356,20;;;;
RS;4300703;ANTA GORDA;2.137.705,90;0,00;0;0;0,00;2.137.705,90;;;;
RS;4300802;ANTONIO PRADO;6.568.441,66;0,00;0;0;0,00;6.568.441,66;;;;
RS;4300851;ARAMBARE;3.346.990,92;0,00;0;0;0,00;3.346.990,92;;;;
RS;4300877;ARARICA;10.293.013,89;0,00;0;0;0,00;10.293.013,89;;;;
RS;4300901;ARATIBA;4.315.123,49;0,00;0;0;0,00;4.315.123,49;;;;
RS;4301008;ARROIO DO MEIO;16.133.514,64;0,00;0;0;0,00;16.133.514,64;;;;
RS;4301073;ARROIO DO PADRE;3.093.989,01;0,00;0;0;0,00;3.093.989,01;;;;
RS;4301057;ARROIO DO SAL;12.441.928,74;0,00;0;0;0,00;12.441.928,74;;;;
RS;4301206;ARROIO DO TIGRE;9.324.881,32;0,00;0;0;0,00;9.324.881,32;;;;
RS;4301107;ARROIO DOS RATOS;12.207.501,66;0,00;0;0;0,00;12.207.501,66;;;;
RS;4301305;ARROIO GRANDE;9.626.882,32;0,00;0;0;0,00;9.626.882,32;;;;
RS;4301404;ARVOREZINHA;5.525.049,03;0,00;0;0;0,00;5.525.049,03;;;;
RS;4301503;AUGUSTO PESTANA;3.972.450,04;0,00;0;0;0,00;3.972.450,04;;;;
RS;4301552;AUREA;1.963.166,62;0,00;0;0;0,00;1.963.166,62;;;;
RS;4301602;BAGE;84.053.955,55;0,00;0;0;0,00;84.053.955,55;;;;
RS;4301636;BALNEARIO PINHAL;16.960.734,77;0,00;0;0;0,00;16.960.734,77;;;;
RS;4301651;BARAO;4.524.250,38;0,00;0;0;0,00;4.524.250,38;;;;
RS;4301701;BARAO DE COTEGIPE;3.891.745,63;0,00;0;0;0,00;3.891.745,63;;;;
RS;4301750;BARAO DO TRIUNFO;4.818.565,25;0,00;0;0;0,00;4.818.565,25;;;;
RS;4301859;BARRA DO GUARITA;3.458.119,60;0,00;0;0;0,00;3.458.119,60;;;;
RS;4301875;BARRA DO QUARAI;4.969.725,88;0,00;0;0;0,00;4.969.725,88;;;;
RS;4301909;BARRA DO RIBEIRO;6.395.183,39;0,00;0;0;0,00;6.395.183,39;;;;
RS;4301925;BARRA DO RIO AZUL;668.053,11;0,00;0;0;0,00;668.053,11;;;;
RS;4301958;BARRA FUNDA;1.993.911,16;0,00;0;0;0,00;1.993.911,16;;;;
RS;4301800;BARRACAO;3.705.997,41;0,00;0;0;0,00;3.705.997,41;;;;
RS;4302006;BARROS CASSAL;7.177.567,75;0,00;0;0;0,00;7.177.567,75;;;;
RS;4302055;BENJAMIN CONSTANT DO SUL;1.532.102,63;0,00;0;0;0,00;1.532.102,63;;;;
RS;4302105;BENTO GONCALVES;73.683.439,82;0,00;0;0;0,00;73.683.439,82;;;;
RS;4302154;BOA VISTA DAS MISSOES;2.048.354,60;0,00;0;0;0,00;2.048.354,60;;;;
RS;4302204;BOA VISTA DO BURICA;5.641.622,05;0,00;0;0;0,00;5.641.622,05;;;;
RS;4302220;BOA VISTA DO CADEADO;2.073.654,79;0,00;0;0;0,00;2.073.654,79;;;;
RS;4302238;BOA VISTA DO INCRA;2.566.528,11;0,00;0;0;0,00;2.566.528,11;;;;
RS;4302253;BOA VISTA DO SUL;1.535.305,18;0,00;0;0;0,00;1.535.305,18;;;;
RS;4302303;BOM JESUS;7.752.426,48;0,00;0;0;0,00;7.752.426,48;;;;
RS;4302352;BOM PRINCIPIO;13.273.632,44;0,00;0;0;0,00;13.273.632,44;;;;
RS;4302378;BOM PROGRESSO;2.109.203,16;0,00;0;0;0,00;2.109.203,16;;;;
RS;4302402;BOM RETIRO DO SUL;12.506.300,10;0,00;0;0;0,00;12.506.300,10;;;;
RS;4302451;BOQUEIRAO DO LEAO;3.577.254,66;0,00;0;0;0,00;3.577.254,66;;;;
RS;4302501;BOSSOROCA;4.817.604,48;0,00;0;0;0,00;4.817.604,48;;;;
RS;4302584;BOZANO;1.104.881,71;0,00;0;0;0,00;1.104.881,71;;;;
RS;4302600;BRAGA;2.524.254,37;0,00;0;0;0,00;2.524.254,37;;;;
RS;4302659;BROCHIER;3.642.907,06;0,00;0;0;0,00;3.642.907,06;;;;
RS;4302709;BUTIA;18.691.075,58;0,00;0;0;0,00;18.691.075,58;;;;
RS;4302808;CACAPAVA DO SUL;28.648.781,89;0,00;0;0;0,00;28.648.781,89;;;;
RS;4302907;CACEQUI;7.803.026,86;0,00;0;0;0,00;7.803.026,86;;;;
RS;4303004;CACHOEIRA DO SUL;44.323.050,05;0,00;0;0;0,00;44.323.050,05;;;;
RS;4303103;CACHOEIRINHA;91.587.967,74;0,00;0;0;0,00;91.587.967,74;;;;
RS;4303202;CACIQUE DOBLE;3.763.323,15;0,00;0;0;0,00;3.763.323,15;;;;
RS;4303301;CAIBATE;3.339.945,29;0,00;0;0;0,00;3.339.945,29;;;;
RS;4303400;CAICARA;2.061.805,33;0,00;0;0;0,00;2.061.805,33;;;;
RS;4303509;CAMAQUA;44.859.798,38;0,00;0;0;0,00;44.859.798,38;;;;
RS;4303558;CAMARGO;2.132.261,56;0,00;0;0;0,00;2.132.261,56;;;;
RS;4303608;CAMBARA DO SUL;4.426.572,42;0,00;0;0;0,00;4.426.572,42;;;;
RS;4303673;CAMPESTRE DA SERRA;2.947.632,22;0,00;0;0;0,00;2.947.632,22;;;;
RS;4303707;CAMPINA DAS MISSOES;3.643.547,57;0,00;0;0;0,00;3.643.547,57;;;;
RS;4303806;CAMPINAS DO SUL;3.216.646,90;0,00;0;0;0,00;3.216.646,90;;;;
RS;4303905;CAMPO BOM;70.219.875,88;0,00;0;0;0,00;70.219.875,88;;;;
RS;4304002;CAMPO NOVO;3.979.495,66;0,00;0;0;0,00;3.979.495,66;;;;
RS;4304101;CAMPOS BORGES;2.834.261,76;0,00;0;0;0,00;2.834.261,76;;;;
RS;4304200;CANDELARIA;16.168.102,25;0,00;0;0;0,00;16.168.102,25;;;;
RS;4304309;CANDIDO GODOI;4.501.512,23;0,00;0;0;0,00;4.501.512,23;;;;
RS;4304358;CANDIOTA;6.225.127,68;0,00;0;0;0,00;6.225.127,68;;;;
RS;4304408;CANELA;39.493.596,12;0,00;0;0;0,00;39.493.596,12;;;;
RS;4304507;CANGUCU;40.411.128,32;0,00;0;0;0,00;40.411.128,32;;;;
RS;4304606;CANOAS;263.736.223,06;0,00;0;0;0,00;263.736.223,06;;;;
RS;4304614;CANUDOS DO VALE;1.223.376,26;0,00;0;0;0,00;1.223.376,26;;;;
RS;4304622;CAPAO BONITO DO SUL;2.424.975,15;0,00;0;0;0,00;2.424.975,15;;;;
RS;4304630;CAPAO DA CANOA;67.687.294,86;0,00;0;0;0,00;67.687.294,86;;;;
RS;4304655;CAPAO DO CIPO;2.685.022,66;0,00;0;0;0,00;2.685.022,66;;;;
RS;4304663;CAPAO DO LEAO;28.334.611,18;0,00;0;0;0,00;28.334.611,18;;;;
RS;4304689;CAPELA DE SANTANA;11.012.628,14;0,00;0;0;0,00;11.012.628,14;;;;
RS;4304697;CAPITAO;3.913.523,01;0,00;0;0;0,00;3.913.523,01;;;;
RS;4304671;CAPIVARI DO SUL;4.823.048,83;0,00;0;0;0,00;4.823.048,83;;;;
RS;4304713;CARAA;6.204.631,33;0,00;0;0;0,00;6.204.631,33;;;;
RS;4304705;CARAZINHO;40.387.429,41;0,00;0;0;0,00;40.387.429,41;;;;
RS;4304804;CARLOS BARBOSA;18.467.537,20;0,00;0;0;0,00;18.467.537,20;;;;
RS;4304853;CARLOS GOMES;746.195,47;0,00;0;0;0,00;746.195,47;;;;
RS;4304903;CASCA;4.197.269,45;0,00;0;0;0,00;4.197.269,45;;;;
RS;4304952;CASEIROS;2.606.880,30;0,00;0;0;0,00;2.606.880,30;;;;
RS;4305009;CATUIPE;7.456.510,34;0,00;0;0;0,00;7.456.510,34;;;;
RS;4305108;CAXIAS DO SUL;266.064.160,76;0,00;0;0;0,00;266.064.160,76;;;;
RS;4305116;CENTENARIO;1.183.024,06;0,00;0;0;0,00;1.183.024,06;;;;
RS;4305124;CERRITO;4.590.223,03;0,00;0;0;0,00;4.590.223,03;;;;
RS;4305132;CERRO BRANCO;2.764.125,79;0,00;0;0;0,00;2.764.125,79;;;;
RS;4305157;CERRO GRANDE;2.396.152,14;0,00;0;0;0,00;2.396.152,14;;;;
RS;4305173;CERRO GRANDE DO SUL;6.611.996,42;0,00;0;0;0,00;6.611.996,42;;;;
RS;4305207;CERRO LARGO;9.238.092,06;0,00;0;0;0,00;9.238.092,06;;;;
RS;4305306;CHAPADA;8.169.399,22;0,00;0;0;0,00;8.169.399,22;;;;
RS;4305355;CHARQUEADAS;28.452.144,98;0,00;0;0;0,00;28.452.144,98;;;;
RS;4305371;CHARRUA;1.829.620,05;0,00;0;0;0,00;1.829.620,05;;;;
RS;4305405;CHIAPETTA;3.224.973,55;0,00;0;0;0,00;3.224.973,55;;;;
RS;4305439;CHUI;2.339.146,66;0,00;0;0;0,00;2.339.146,66;;;;
RS;4305447;CHUVISCA;5.120.245,99;0,00;0;0;0,00;5.120.245,99;;;;
RS;4305454;CIDREIRA;16.842.880,72;0,00;0;0;0,00;16.842.880,72;;;;
RS;4305504;CIRIACO;2.114.327,25;0,00;0;0;0,00;2.114.327,25;;;;
RS;4305587;COLINAS;2.357.721,47;0,00;0;0;0,00;2.357.721,47;;;;
RS;4305603;COLORADO;1.736.425,67;0,00;0;0;0,00;1.736.425,67;;;;
RS;4305702;CONDOR;6.174.527,31;0,00;0;0;0,00;6.174.527,31;;;;
RS;4305801;CONSTANTINA;8.331.768,80;0,00;0;0;0,00;8.331.768,80;;;;
RS;4305835;COQUEIRO BAIXO;951.799,54;0,00;0;0;0,00;951.799,54;;;;
RS;4305850;COQUEIROS DO SUL;1.465.489,47;0,00;0;0;0,00;1.465.489,47;;;;
RS;4305871;CORONEL BARROS;2.784.942,40;0,00;0;0;0,00;2.784.942,40;;;;
RS;4305900;CORONEL BICACO;6.234.094,84;0,00;0;0;0,00;6.234.094,84;;;;
RS;4305934;CORONEL PILAR;631.543,98;0,00;0;0;0,00;631.543,98;;;;
RS;4305959;COTIPORA;2.895.750,82;0,00;0;0;0,00;2.895.750,82;;;;
RS;4305975;COXILHA;3.833.459,12;0,00;0;0;0,00;3.833.459,12;;;;
RS;4306007;CRISSIUMAL;10.285.968,27;0,00;0;0;0,00;10.285.968,27;;;;
RS;4306056;CRISTAL;4.719.606,28;0,00;0;0;0,00;4.719.606,28;;;;
RS;4306072;CRISTAL DO SUL;2.551.796,35;0,00;0;0;0,00;2.551.796,35;;;;
RS;4306106;CRUZ ALTA;36.998.164,75;0,00;0;0;0,00;36.998.164,75;;;;
RS;4306130;CRUZALTENSE;1.409.765,00;0,00;0;0;0,00;1.409.765,00;;;;
RS;4306205;CRUZEIRO DO SUL;8.081.008,69;0,00;0;0;0,00;8.081.008,69;;;;
RS;4306304;DAVID CANABARRO;1.880.220,43;0,00;0;0;0,00;1.880.220,43;;;;
RS;4306320;DERRUBADAS;2.987.984,43;0,00;0;0;0,00;2.987.984,43;;;;
RS;4306353;DEZESSEIS DE NOVEMBRO;1.194.553,26;0,00;0;0;0,00;1.194.553,26;;;;
RS;4306379;DILERMANDO DE AGUIAR;2.781.739,85;0,00;0;0;0,00;2.781.739,85;;;;
RS;4306403;DOIS IRMAOS;22.377.537,41;0,00;0;0;0,00;22.377.537,41;;;;
RS;4306429;DOIS IRMAOS DAS MISSOES;1.921.213,13;0,00;0;0;0,00;1.921.213,13;;;;
RS;4306452;DOIS LAJEADOS;1.810.084,45;0,00;0;0;0,00;1.810.084,45;;;;
RS;4306502;DOM FELICIANO;14.197.569,75;0,00;0;0;0,00;14.197.569,75;;;;
RS;4306601;DOM PEDRITO;23.297.631,64;0,00;0;0;0,00;23.297.631,64;;;;
RS;4306551;DOM PEDRO DE ALCANTARA;1.533.703,90;0,00;0;0;0,00;1.533.703,90;;;;
RS;4306700;DONA FRANCISCA;1.703.119,10;0,00;0;0;0,00;1.703.119,10;;;;
RS;4306734;DOUTOR MAURICIO CARDOSO;3.705.356,90;0,00;0;0;0,00;3.705.356,90;;;;
RS;4306759;DOUTOR RICARDO;1.033.144,45;0,00;0;0;0,00;1.033.144,45;;;;
RS;4306767;ELDORADO DO SUL;46.490.539,73;0,00;0;0;0,00;46.490.539,73;;;;
RS;4306809;ENCANTADO;13.786.361,60;0,00;0;0;0,00;13.786.361,60;;;;
RS;4306908;ENCRUZILHADA DO SUL;16.870.742,96;0,00;0;0;0,00;16.870.742,96;;;;
RS;4306924;ENGENHO VELHO;1.268.852,56;0,00;0;0;0,00;1.268.852,56;;;;
RS;4306957;ENTRE RIOS DO SUL;2.472.372,97;0,00;0;0;0,00;2.472.372,97;;;;
RS;4306932;ENTRE-IJUIS;5.922.165,93;0,00;0;0;0,00;5.922.165,93;;;;
RS;4306973;EREBANGO;2.107.281,62;0,00;0;0;0,00;2.107.281,62;;;;
RS;4307005;ERECHIM;50.894.374,00;0,00;0;0;0,00;50.894.374,00;;;;
RS;4307054;ERNESTINA;2.854.117,60;0,00;0;0;0,00;2.854.117,60;;;;
RS;4307203;ERVAL GRANDE;4.006.397,13;0,00;0;0;0,00;4.006.397,13;;;;
RS;4307302;ERVAL SECO;6.994.381,56;0,00;0;0;0,00;6.994.381,56;;;;
RS;4307401;ESMERALDA;2.806.079,26;0,00;0;0;0,00;2.806.079,26;;;;
RS;4307450;ESPERANCA DO SUL;3.944.267,54;0,00;0;0;0,00;3.944.267,54;;;;
RS;4307500;ESPUMOSO;8.750.663,08;0,00;0;0;0,00;8.750.663,08;;;;
RS;4307559;ESTACAO;3.175.013,68;0,00;0;0;0,00;3.175.013,68;;;;
RS;4307609;ESTANCIA VELHA;48.718.877,95;0,00;0;0;0,00;48.718.877,95;;;;
RS;4307708;ESTEIO;73.038.124,85;0,00;0;0;0,00;73.038.124,85;;;;
RS;4307807;ESTRELA;27.417.719,50;0,00;0;0;0,00;27.417.719,50;;;;
RS;4307815;ESTRELA VELHA;2.997.912,35;0,00;0;0;0,00;2.997.912,35;;;;
RS;4307831;EUGENIO DE CASTRO;1.967.970,46;0,00;0;0;0,00;1.967.970,46;;;;
RS;4307864;FAGUNDES VARELA;1.819.692,12;0,00;0;0;0,00;1.819.692,12;;;;
RS;4307906;FARROUPILHA;53.719.668,61;0,00;0;0;0,00;53.719.668,61;;;;
RS;4308003;FAXINAL DO SOTURNO;3.349.232,70;0,00;0;0;0,00;3.349.232,70;;;;
RS;4308052;FAXINALZINHO;1.497.515,03;0,00;0;0;0,00;1.497.515,03;;;;
RS;4308078;FAZENDA VILANOVA;5.823.206,96;0,00;0;0;0,00;5.823.206,96;;;;
RS;4308102;FELIZ;8.522.641,12;0,00;0;0;0,00;8.522.641,12;;;;
RS;4308201;FLORES DA CUNHA;19.666.253,78;0,00;0;0;0,00;19.666.253,78;;;;
RS;4308250;FLORIANO PEIXOTO;965.890,79;0,00;0;0;0,00;965.890,79;;;;
RS;4308300;FONTOURA XAVIER;7.215.998,41;0,00;0;0;0,00;7.215.998,41;;;;
RS;4308409;FORMIGUEIRO;4.003.835,09;0,00;0;0;0,00;4.003.835,09;;;;
RS;4308433;FORQUETINHA;2.202.717,78;0,00;0;0;0,00;2.202.717,78;;;;
RS;4308458;FORTALEZA DOS VALOS;3.636.822,21;0,00;0;0;0,00;3.636.822,21;;;;
RS;4308508;FREDERICO WESTPHALEN;17.800.124,60;0,00;0;0;0,00;17.800.124,60;;;;
RS;4308607;GARIBALDI;21.157.683,95;0,00;0;0;0,00;21.157.683,95;;;;
RS;4308656;GARRUCHOS;1.954.199,47;0,00;0;0;0,00;1.954.199,47;;;;
RS;4308706;GAURAMA;3.535.941,70;0,00;0;0;0,00;3.535.941,70;;;;
RS;4308805;GENERAL CAMARA;3.215.365,88;0,00;0;0;0,00;3.215.365,88;;;;
RS;4308854;GENTIL;1.471.574,33;0,00;0;0;0,00;1.471.574,33;;;;
RS;4308904;GETULIO VARGAS;8.829.445,94;0,00;0;0;0,00;8.829.445,94;;;;
RS;4309001;GIRUA;11.576.277,93;0,00;0;0;0,00;11.576.277,93;;;;
RS;4309050;GLORINHA;8.719.278,04;0,00;0;0;0,00;8.719.278,04;;;;
RS;4309100;GRAMADO;38.582.148,79;0,00;0;0;0,00;38.582.148,79;;;;
RS;4309126;GRAMADO DOS LOUREIROS;1.721.053,41;0,00;0;0;0,00;1.721.053,41;;;;
RS;4309159;GRAMADO XAVIER;3.301.194,37;0,00;0;0;0,00;3.301.194,37;;;;
RS;4309209;GRAVATAI;194.942.124,96;0,00;0;0;0,00;194.942.124,96;;;;
RS;4309258;GUABIJU;821.775,78;0,00;0;0;0,00;821.775,78;;;;
RS;4309308;GUAIBA;74.430.596,05;0,00;0;0;0,00;74.430.596,05;;;;
RS;4309407;GUAPORE;21.560.885,71;0,00;0;0;0,00;21.560.885,71;;;;
RS;4309506;GUARANI DAS MISSOES;5.658.275,34;0,00;0;0;0,00;5.658.275,34;;;;
RS;4309555;HARMONIA;4.173.570,53;0,00;0;0;0,00;4.173.570,53;;;;
RS;4307104;HERVAL;6.057.313,77;0,00;0;0;0,00;6.057.313,77;;;;
RS;4309571;HERVEIRAS;2.363.806,33;0,00;0;0;0,00;2.363.806,33;;;;
RS;4309605;HORIZONTINA;19.257.927,94;0,00;0;0;0,00;19.257.927,94;;;;
RS;4309654;HULHA NEGRA;5.250.269,74;0,00;0;0;0,00;5.250.269,74;;;;
RS;4309704;HUMAITA;4.209.439,16;0,00;0;0;0,00;4.209.439,16;;;;
RS;4309753;IBARAMA;3.037.624,05;0,00;0;0;0,00;3.037.624,05;;;;
RS;4309803;IBIACA;2.517.208,74;0,00;0;0;0,00;2.517.208,74;;;;
RS;4309902;IBIRAIARAS;3.935.300,39;0,00;0;0;0,00;3.935.300,39;;;;
RS;4309951;IBIRAPUITA;3.115.446,15;0,00;0;0;0,00;3.115.446,15;;;;
RS;4310009;IBIRUBA;13.767.786,77;0,00;0;0;0,00;13.767.786,77;;;;
RS;4310108;IGREJINHA;37.859.652,22;0,00;0;0;0,00;37.859.652,22;;;;
RS;4310207;IJUI;52.726.876,36;0,00;0;0;0,00;52.726.876,36;;;;
RS;4310306;ILOPOLIS;2.463.405,82;0,00;0;0;0,00;2.463.405,82;;;;
RS;4310330;IMBE;29.329.645,22;0,00;0;0;0,00;29.329.645,22;;;;
RS;4310363;IMIGRANTE;3.034.421,48;0,00;0;0;0,00;3.034.421,48;;;;
RS;4310405;INDEPENDENCIA;4.917.844,47;0,00;0;0;0,00;4.917.844,47;;;;
RS;4310413;INHACORA;2.335.944,09;0,00;0;0;0,00;2.335.944,09;;;;
RS;4310439;IPE;3.973.731,05;0,00;0;0;0,00;3.973.731,05;;;;
RS;4310462;IPIRANGA DO SUL;1.592.310,68;0,00;0;0;0,00;1.592.310,68;;;;
RS;4310504;IRAI;5.399.829,10;0,00;0;0;0,00;5.399.829,10;;;;
RS;4310538;ITAARA;5.715.280,83;0,00;0;0;0,00;5.715.280,83;;;;
RS;4310553;ITACURUBI;2.911.763,61;0,00;0;0;0,00;2.911.763,61;;;;
RS;4310579;ITAPUCA;2.116.248,78;0,00;0;0;0,00;2.116.248,78;;;;
RS;4310603;ITAQUI;27.486.894,71;0,00;0;0;0,00;27.486.894,71;;;;
RS;4310652;ITATI;2.908.881,30;0,00;0;0;0,00;2.908.881,30;;;;
RS;4310702;ITATIBA DO SUL;2.138.666,67;0,00;0;0;0,00;2.138.666,67;;;;
RS;4310751;IVORA;759.325,95;0,00;0;0;0,00;759.325,95;;;;
RS;4310801;IVOTI;22.734.302,11;0,00;0;0;0,00;22.734.302,11;;;;
RS;4310850;JABOTICABA;3.194.869,52;0,00;0;0;0,00;3.194.869,52;;;;
RS;4310876;JACUIZINHO;2.253.638,41;0,00;0;0;0,00;2.253.638,41;;;;
RS;4310900;JACUTINGA;2.011.525,22;0,00;0;0;0,00;2.011.525,22;;;;
RS;4311007;JAGUARAO;16.273.466,32;0,00;0;0;0,00;16.273.466,32;;;;
RS;4311106;JAGUARI;6.017.602,09;0,00;0;0;0,00;6.017.602,09;;;;
RS;4311122;JAQUIRANA;3.584.300,30;0,00;0;0;0,00;3.584.300,30;;;;
RS;4311130;JARI;2.785.262,65;0,00;0;0;0,00;2.785.262,65;;;;
RS;4311155;JOIA;4.031.377,06;0,00;0;0;0,00;4.031.377,06;;;;
RS;4311205;JULIO DE CASTILHOS;14.128.714,80;0,00;0;0;0,00;14.128.714,80;;;;
RS;4311239;LAGOA BONITA DO SUL;1.959.643,81;0,00;0;0;0,00;1.959.643,81;;;;
RS;4311270;LAGOA DOS TRES CANTOS;1.784.464,01;0,00;0;0;0,00;1.784.464,01;;;;
RS;4311304;LAGOA VERMELHA;17.298.604,38;0,00;0;0;0,00;17.298.604,38;;;;
RS;4311254;LAGOAO;5.310.798,04;0,00;0;0;0,00;5.310.798,04;;;;
RS;4311403;LAJEADO;69.991.853,91;0,00;0;0;0,00;69.991.853,91;;;;
RS;4311429;LAJEADO DO BUGRE;2.826.255,37;0,00;0;0;0,00;2.826.255,37;;;;
RS;4311502;LAVRAS DO SUL;5.937.858,45;0,00;0;0;0,00;5.937.858,45;;;;
RS;4311601;LIBERATO SALZANO;2.681.820,11;0,00;0;0;0,00;2.681.820,11;;;;
RS;4311627;LINDOLFO COLLOR;6.980.290,31;0,00;0;0;0,00;6.980.290,31;;;;
RS;4311643;LINHA NOVA;1.032.503,95;0,00;0;0;0,00;1.032.503,95;;;;
RS;4311718;MACAMBARA;4.505.035,04;0,00;0;0;0,00;4.505.035,04;;;;
RS;4311700;MACHADINHO;4.824.329,84;0,00;0;0;0,00;4.824.329,84;;;;
RS;4311734;MAMPITUBA;3.105.838,48;0,00;0;0;0,00;3.105.838,48;;;;
RS;4311759;MANOEL VIANA;3.768.447,24;0,00;0;0;0,00;3.768.447,24;;;;
RS;4311775;MAQUINE;4.181.576,92;0,00;0;0;0,00;4.181.576,92;;;;
RS;4311791;MARATA;1.937.546,18;0,00;0;0;0,00;1.937.546,18;;;;
RS;4311809;MARAU;35.860.616,99;0,00;0;0;0,00;35.860.616,99;;;;
RS;4311908;MARCELINO RAMOS;2.620.331,04;0,00;0;0;0,00;2.620.331,04;;;;
RS;4311981;MARIANA PIMENTEL;3.348.912,45;0,00;0;0;0,00;3.348.912,45;;;;
RS;4312005;MARIANO MORO;456.684,44;0,00;0;0;0,00;456.684,44;;;;
RS;4312054;MARQUES DE SOUZA;2.685.663,17;0,00;0;0;0,00;2.685.663,17;;;;
RS;4312104;MATA;3.097.832,09;0,00;0;0;0,00;3.097.832,09;;;;
RS;4312138;MATO CASTELHANO;2.073.334,53;0,00;0;0;0,00;2.073.334,53;;;;
RS;4312153;MATO LEITAO;4.497.028,65;0,00;0;0;0,00;4.497.028,65;;;;
RS;4312179;MATO QUEIMADO;1.722.014,18;0,00;0;0;0,00;1.722.014,18;;;;
RS;4312203;MAXIMILIANO DE ALMEIDA;2.526.496,16;0,00;0;0;0,00;2.526.496,16;;;;
RS;4312252;MINAS DO LEAO;7.276.846,96;0,00;0;0;0,00;7.276.846,96;;;;
RS;4312302;MIRAGUAI;3.945.548,57;0,00;0;0;0,00;3.945.548,57;;;;
RS;4312351;MONTAURI;892.232,01;0,00;0;0;0,00;892.232,01;;;;
RS;4312377;MONTE ALEGRE DOS CAMPOS;3.970.848,76;0,00;0;0;0,00;3.970.848,76;;;;
RS;4312385;MONTE BELO DO SUL;2.318.009,78;0,00;0;0;0,00;2.318.009,78;;;;
RS;4312401;MONTENEGRO;49.648.900,11;0,00;0;0;0,00;49.648.900,11;;;;
RS;4312427;MORMACO;2.389.747,03;0,00;0;0;0,00;2.389.747,03;;;;
RS;4312443;MORRINHOS DO SUL;2.246.272,54;0,00;0;0;0,00;2.246.272,54;;;;
RS;4312450;MORRO REDONDO;5.030.254,17;0,00;0;0;0,00;5.030.254,17;;;;
RS;4312476;MORRO REUTER;4.298.790,46;0,00;0;0;0,00;4.298.790,46;;;;
RS;4312500;MOSTARDAS;11.165.710,31;0,00;0;0;0,00;11.165.710,31;;;;
RS;4312609;MUCUM;3.531.137,87;0,00;0;0;0,00;3.531.137,87;;;;
RS;4312617;MUITOS CAPOES;2.206.560,84;0,00;0;0;0,00;2.206.560,84;;;;
RS;4312625;MULITERNO;541.872,41;0,00;0;0;0,00;541.872,41;;;;
RS;4312658;NAO-ME-TOQUE;15.616.301,91;0,00;0;0;0,00;15.616.301,91;;;;
RS;4312674;NICOLAU VERGUEIRO;1.230.421,89;0,00;0;0;0,00;1.230.421,89;;;;
RS;4312708;NONOAI;9.231.686,94;0,00;0;0;0,00;9.231.686,94;;;;
RS;4312757;NOVA ALVORADA;2.358.361,99;0,00;0;0;0,00;2.358.361,99;;;;
RS;4312807;NOVA ARACA;3.558.679,85;0,00;0;0;0,00;3.558.679,85;;;;
RS;4312906;NOVA BASSANO;5.573.087,36;0,00;0;0;0,00;5.573.087,36;;;;
RS;4312955;NOVA BOA VISTA;2.207.201,36;0,00;0;0;0,00;2.207.201,36;;;;
RS;4313003;NOVA BRESCIA;1.922.173,90;0,00;0;0;0,00;1.922.173,90;;;;
RS;4313011;NOVA CANDELARIA;2.765.406,81;0,00;0;0;0,00;2.765.406,81;;;;
RS;4313037;NOVA ESPERANCA DO SUL;4.906.315,27;0,00;0;0;0,00;4.906.315,27;;;;
RS;4313060;NOVA HARTZ;19.053.604,88;0,00;0;0;0,00;19.053.604,88;;;;
RS;4313086;NOVA PADUA;671.255,66;0,00;0;0;0,00;671.255,66;;;;
RS;4313102;NOVA PALMA;2.530.659,48;0,00;0;0;0,00;2.530.659,48;;;;
RS;4313201;NOVA PETROPOLIS;18.652.644,92;0,00;0;0;0,00;18.652.644,92;;;;
RS;4313300;NOVA PRATA;20.226.380,76;0,00;0;0;0,00;20.226.380,76;;;;
RS;4313334;NOVA RAMADA;1.911.285,22;0,00;0;0;0,00;1.911.285,22;;;;
RS;4313359;NOVA ROMA DO SUL;2.178.058,10;0,00;0;0;0,00;2.178.058,10;;;;
RS;4313375;NOVA SANTA RITA;34.875.190,60;0,00;0;0;0,00;34.875.190,60;;;;
RS;4313490;NOVO BARREIRO;3.243.228,12;0,00;0;0;0,00;3.243.228,12;;;;
RS;4313391;NOVO CABRAIS;3.832.818,61;0,00;0;0;0,00;3.832.818,61;;;;
RS;4313409;NOVO HAMBURGO;172.581.561,10;0,00;0;0;0,00;172.581.561,10;;;;
RS;4313425;NOVO MACHADO;932.263,95;0,00;0;0;0,00;932.263,95;;;;
RS;4313441;NOVO TIRADENTES;2.153.398,43;0,00;0;0;0,00;2.153.398,43;;;;
RS;4313466;NOVO XINGU;1.103.280,42;0,00;0;0;0,00;1.103.280,42;;;;
RS;4313508;OSORIO;32.660.623,37;0,00;0;0;0,00;32.660.623,37;;;;
RS;4313607;PAIM FILHO;2.795.190,58;0,00;0;0;0,00;2.795.190,58;;;;
RS;4313656;PALMARES DO SUL;13.039.525,62;0,00;0;0;0,00;13.039.525,62;;;;
RS;4313706;PALMEIRA DAS MISSOES;19.502.282,93;0,00;0;0;0,00;19.502.282,93;;;;
RS;4313805;PALMITINHO;6.850.266,55;0,00;0;0;0,00;6.850.266,55;;;;
RS;4313904;PANAMBI;33.544.528,73;0,00;0;0;0,00;33.544.528,73;;;;
RS;4313953;PANTANO GRANDE;9.653.463,52;0,00;0;0;0,00;9.653.463,52;;;;
RS;4314001;PARAI;4.807.036,04;0,00;0;0;0,00;4.807.036,04;;;;
RS;4314027;PARAISO DO SUL;4.361.880,80;0,00;0;0;0,00;4.361.880,80;;;;
RS;4314035;PARECI NOVO;5.102.952,19;0,00;0;0;0,00;5.102.952,19;;;;
RS;4314050;PAROBE;61.349.437,21;0,00;0;0;0,00;61.349.437,21;;;;
RS;4314068;PASSA SETE;3.380.938,01;0,00;0;0;0,00;3.380.938,01;;;;
RS;4314076;PASSO DO SOBRADO;4.598.229,42;0,00;0;0;0,00;4.598.229,42;;;;
RS;4314100;PASSO FUNDO;117.807.611,16;0,00;0;0;0,00;117.807.611,16;;;;
RS;4314134;PAULO BENTO;1.348.916,44;0,00;0;0;0,00;1.348.916,44;;;;
RS;4314159;PAVERAMA;6.039.699,71;0,00;0;0;0,00;6.039.699,71;;;;
RS;4314175;PEDRAS ALTAS;2.334.983,34;0,00;0;0;0,00;2.334.983,34;;;;
RS;4314209;PEDRO OSORIO;4.477.172,81;0,00;0;0;0,00;4.477.172,81;;;;
RS;4314308;PEJUCARA;3.513.203,55;0,00;0;0;0,00;3.513.203,55;;;;
RS;4314407;PELOTAS;202.272.134,36;0,00;0;0;0,00;202.272.134,36;;;;
RS;4314423;PICADA CAFE;5.787.018,07;0,00;0;0;0,00;5.787.018,07;;;;
RS;4314456;PINHAL;2.708.081,06;0,00;0;0;0,00;2.708.081,06;;;;
RS;4314464;PINHAL DA SERRA;2.117.209,55;0,00;0;0;0,00;2.117.209,55;;;;
RS;4314472;PINHAL GRANDE;2.821.451,54;0,00;0;0;0,00;2.821.451,54;;;;
RS;4314498;PINHEIRINHO DO VALE;4.213.922,74;0,00;0;0;0,00;4.213.922,74;;;;
RS;4314506;PINHEIRO MACHADO;9.382.207,05;0,00;0;0;0,00;9.382.207,05;;;;
RS;4314548;PINTO BANDEIRA;1.090.470,20;0,00;0;0;0,00;1.090.470,20;;;;
RS;4314555;PIRAPO;1.199.036,84;0,00;0;0;0,00;1.199.036,84;;;;
RS;4314605;PIRATINI;9.934.968,16;0,00;0;0;0,00;9.934.968,16;;;;
RS;4314704;PLANALTO;7.731.609,87;0,00;0;0;0,00;7.731.609,87;;;;
RS;4314753;POCO DAS ANTAS;1.885.664,78;0,00;0;0;0,00;1.885.664,78;;;;
RS;4314779;PONTAO;3.008.801,04;0,00;0;0;0,00;3.008.801,04;;;;
RS;4314787;PONTE PRETA;1.012.968,35;0,00;0;0;0,00;1.012.968,35;;;;
RS;4314803;PORTAO;32.814.666,29;0,00;0;0;0,00;32.814.666,29;;;;
RS;4314902;PORTO ALEGRE;467.092.742,75;0,00;0;0;0,00;467.092.742,75;;;;
RS;4315008;PORTO LUCENA;1.742.830,79;0,00;0;0;0,00;1.742.830,79;;;;
RS;4315057;PORTO MAUA;1.569.252,27;0,00;0;0;0,00;1.569.252,27;;;;
RS;4315073;PORTO VERA CRUZ;839.389,83;0,00;0;0;0,00;839.389,83;;;;
RS;4315107;PORTO XAVIER;6.628.649,70;0,00;0;0;0,00;6.628.649,70;;;;
RS;4315131;POUSO NOVO;1.443.391,83;0,00;0;0;0,00;1.443.391,83;;;;
RS;4315149;PRESIDENTE LUCENA;2.995.350,30;0,00;0;0;0,00;2.995.350,30;;;;
RS;4315156;PROGRESSO;3.431.538,38;0,00;0;0;0,00;3.431.538,38;;;;
RS;4315172;PROTASIO ALVES;1.328.420,09;0,00;0;0;0,00;1.328.420,09;;;;
RS;4315206;PUTINGA;2.057.962,27;0,00;0;0;0,00;2.057.962,27;;;;
RS;4315305;QUARAI;13.574.672,67;0,00;0;0;0,00;13.574.672,67;;;;
RS;4315313;QUATRO IRMAOS;1.615.369,07;0,00;0;0;0,00;1.615.369,07;;;;
RS;4315321;QUEVEDOS;1.516.089,84;0,00;0;0;0,00;1.516.089,84;;;;
RS;4315354;QUINZE DE NOVEMBRO;3.714.644,31;0,00;0;0;0,00;3.714.644,31;;;;
RS;4315404;REDENTORA;5.175.009,69;0,00;0;0;0,00;5.175.009,69;;;;
RS;4315453;RELVADO;862.768,50;0,00;0;0;0,00;862.768,50;;;;
RS;4315503;RESTINGA SECA;9.693.495,47;0,00;0;0;0,00;9.693.495,47;;;;
RS;4315552;RIO DOS INDIOS;2.509.522,61;0,00;0;0;0,00;2.509.522,61;;;;
RS;4315602;RIO GRANDE;154.041.646,13;0,00;0;0;0,00;154.041.646,13;;;;
RS;4315701;RIO PARDO;19.276.182,51;0,00;0;0;0,00;19.276.182,51;;;;
RS;4315750;RIOZINHO;3.965.084,15;0,00;0;0;0,00;3.965.084,15;;;;
RS;4315800;ROCA SALES;9.037.612,07;0,00;0;0;0,00;9.037.612,07;;;;
RS;4315909;RODEIO BONITO;5.036.018,77;0,00;0;0;0,00;5.036.018,77;;;;
RS;4315958;ROLADOR;1.301.518,62;0,00;0;0;0,00;1.301.518,62;;;;
RS;4316006;ROLANTE;22.356.080,29;0,00;0;0;0,00;22.356.080,29;;;;
RS;4316105;RONDA ALTA;4.713.521,42;0,00;0;0;0,00;4.713.521,42;;;;
RS;4316204;RONDINHA;3.507.438,96;0,00;0;0;0,00;3.507.438,96;;;;
RS;4316303;ROQUE GONZALES;5.155.794,35;0,00;0;0;0,00;5.155.794,35;;;;
RS;4316402;ROSARIO DO SUL;16.013.098,55;0,00;0;0;0,00;16.013.098,55;;;;
RS;4316428;SAGRADA FAMILIA;1.582.703,01;0,00;0;0;0,00;1.582.703,01;;;;
RS;4316436;SALDANHA MARINHO;1.942.670,26;0,00;0;0;0,00;1.942.670,26;;;;
RS;4316451;SALTO DO JACUI;6.952.107,83;0,00;0;0;0,00;6.952.107,83;;;;
RS;4316477;SALVADOR DAS MISSOES;1.842.110,02;0,00;0;0;0,00;1.842.110,02;;;;
RS;4316501;SALVADOR DO SUL;5.562.839,18;0,00;0;0;0,00;5.562.839,18;;;;
RS;4316600;SANANDUVA;11.222.715,79;0,00;0;0;0,00;11.222.715,79;;;;
RS;4316709;SANTA BARBARA DO SUL;6.762.516,53;0,00;0;0;0,00;6.762.516,53;;;;
RS;4316733;SANTA CECILIA DO SUL;1.635.545,18;0,00;0;0;0,00;1.635.545,18;;;;
RS;4316758;SANTA CLARA DO SUL;5.577.891,18;0,00;0;0;0,00;5.577.891,18;;;;
RS;4316808;SANTA CRUZ DO SUL;82.924.093,92;0,00;0;0;0,00;82.924.093,92;;;;
RS;4316972;SANTA MARGARIDA DO SUL;2.193.750,62;0,00;0;0;0,00;2.193.750,62;;;;
RS;4316907;SANTA MARIA;141.722.055,03;0,00;0;0;0,00;141.722.055,03;;;;
RS;4316956;SANTA MARIA DO HERVAL;4.413.441,96;0,00;0;0;0,00;4.413.441,96;;;;
RS;4317202;SANTA ROSA;49.871.797,99;0,00;0;0;0,00;49.871.797,99;;;;
RS;4317251;SANTA TEREZA;493.513,83;0,00;0;0;0,00;493.513,83;;;;
RS;4317301;SANTA VITORIA DO PALMAR;26.793.861,65;0,00;0;0;0,00;26.793.861,65;;;;
RS;4317004;SANTANA DA BOA VISTA;5.369.404,82;0,00;0;0;0,00;5.369.404,82;;;;
RS;4317103;SANTANA DO LIVRAMENTO;39.825.701,14;0,00;0;0;0,00;39.825.701,14;;;;
RS;4317400;SANTIAGO;32.207.461,74;0,00;0;0;0,00;32.207.461,74;;;;
RS;4317509;SANTO ANGELO;41.497.755,46;0,00;0;0;0,00;41.497.755,46;;;;
RS;4317608;SANTO ANTONIO DA PATRULHA;26.305.792,18;0,00;0;0;0,00;26.305.792,18;;;;
RS;4317707;SANTO ANTONIO DAS MISSOES;8.595.018,88;0,00;0;0;0,00;8.595.018,88;;;;
RS;4317558;SANTO ANTONIO DO PALMA;1.450.757,72;0,00;0;0;0,00;1.450.757,72;;;;
RS;4317756;SANTO ANTONIO DO PLANALTO;1.683.903,76;0,00;0;0;0,00;1.683.903,76;;;;
RS;4317806;SANTO AUGUSTO;11.346.654,70;0,00;0;0;0,00;11.346.654,70;;;;
RS;4317905;SANTO CRISTO;11.414.548,88;0,00;0;0;0,00;11.414.548,88;;;;
RS;4317954;SANTO EXPEDITO DO SUL;1.743.471,30;0,00;0;0;0,00;1.743.471,30;;;;
RS;4318002;SAO BORJA;37.653.407,64;0,00;0;0;0,00;37.653.407,64;;;;
RS;4318051;SAO DOMINGOS DO SUL;1.182.383,55;0,00;0;0;0,00;1.182.383,55;;;;
RS;4318101;SAO FRANCISCO DE ASSIS;11.940.408,52;0,00;0;0;0,00;11.940.408,52;;;;
RS;4318200;SAO FRANCISCO DE PAULA;11.629.760,62;0,00;0;0;0,00;11.629.760,62;;;;
RS;4318309;SAO GABRIEL;46.310.556,09;0,00;0;0;0,00;46.310.556,09;;;;
RS;4318408;SAO JERONIMO;11.296.694,83;0,00;0;0;0,00;11.296.694,83;;;;
RS;4318424;SAO JOAO DA URTIGA;3.116.086,65;0,00;0;0;0,00;3.116.086,65;;;;
RS;4318432;SAO JOAO DO POLESINE;1.219.212,94;0,00;0;0;0,00;1.219.212,94;;;;
RS;4318440;SAO JORGE;1.562.847,17;0,00;0;0;0,00;1.562.847,17;;;;
RS;4318457;SAO JOSE DAS MISSOES;2.366.048,12;0,00;0;0;0,00;2.366.048,12;;;;
RS;4318465;SAO JOSE DO HERVAL;2.084.863,74;0,00;0;0;0,00;2.084.863,74;;;;
RS;4318481;SAO JOSE DO HORTENCIO;3.904.555,86;0,00;0;0;0,00;3.904.555,86;;;;
RS;4318499;SAO JOSE DO INHACORA;2.273.494,26;0,00;0;0;0,00;2.273.494,26;;;;
RS;4318507;SAO JOSE DO NORTE;19.859.047,64;0,00;0;0;0,00;19.859.047,64;;;;
RS;4318606;SAO JOSE DO OURO;4.197.269,45;0,00;0;0;0,00;4.197.269,45;;;;
RS;4318614;SAO JOSE DO SUL;1.790.869,13;0,00;0;0;0,00;1.790.869,13;;;;
RS;4318622;SAO JOSE DOS AUSENTES;5.043.064,40;0,00;0;0;0,00;5.043.064,40;;;;
RS;4318705;SAO LEOPOLDO;179.261.131,44;0,00;0;0;0,00;179.261.131,44;;;;
RS;4318804;SAO LOURENCO DO SUL;29.651.502,08;0,00;0;0;0,00;29.651.502,08;;;;
RS;4318903;SAO LUIZ GONZAGA;19.754.964,58;0,00;0;0;0,00;19.754.964,58;;;;
RS;4319000;SAO MARCOS;13.031.519,23;0,00;0;0;0,00;13.031.519,23;;;;
RS;4319109;SAO MARTINHO;4.955.314,37;0,00;0;0;0,00;4.955.314,37;;;;
RS;4319125;SAO MARTINHO DA SERRA;1.568.932,01;0,00;0;0;0,00;1.568.932,01;;;;
RS;4319158;SAO MIGUEL DAS MISSOES;6.316.080,27;0,00;0;0;0,00;6.316.080,27;;;;
RS;4319208;SAO NICOLAU;3.429.937,12;0,00;0;0;0,00;3.429.937,12;;;;
RS;4319307;SAO PAULO DAS MISSOES;5.181.094,54;0,00;0;0;0,00;5.181.094,54;;;;
RS;4319356;SAO PEDRO DA SERRA;2.740.106,63;0,00;0;0;0,00;2.740.106,63;;;;
RS;4319364;SAO PEDRO DAS MISSOES;1.994.551,66;0,00;0;0;0,00;1.994.551,66;;;;
RS;4319372;SAO PEDRO DO BUTIA;1.719.131,87;0,00;0;0;0,00;1.719.131,87;;;;
RS;4319406;SAO PEDRO DO SUL;11.310.145,56;0,00;0;0;0,00;11.310.145,56;;;;
RS;4319505;SAO SEBASTIAO DO CAI;20.024.940,02;0,00;0;0;0,00;20.024.940,02;;;;
RS;4319604;SAO SEPE;14.401.252,28;0,00;0;0;0,00;14.401.252,28;;;;
RS;4319703;SAO VALENTIM;2.411.524,41;0,00;0;0;0,00;2.411.524,41;;;;
RS;4319711;SAO VALENTIM DO SUL;1.010.086,06;0,00;0;0;0,00;1.010.086,06;;;;
RS;4319737;SAO VALERIO DO SUL;1.714.007,79;0,00;0;0;0,00;1.714.007,79;;;;
RS;4319752;SAO VENDELINO;2.230.900,28;0,00;0;0;0,00;2.230.900,28;;;;
RS;4319802;SAO VICENTE DO SUL;5.809.115,71;0,00;0;0;0,00;5.809.115,71;;;;
RS;4319901;SAPIRANGA;87.580.609,84;0,00;0;0;0,00;87.580.609,84;;;;
RS;4320008;SAPUCAIA DO SUL;118.042.358,50;0,00;0;0;0,00;118.042.358,50;;;;
RS;4320107;SARANDI;17.022.223,84;0,00;0;0;0,00;17.022.223,84;;;;
RS;4320206;SEBERI;7.417.118,91;0,00;0;0;0,00;7.417.118,91;;;;
RS;4320230;SEDE NOVA;2.979.657,78;0,00;0;0;0,00;2.979.657,78;;;;
RS;4320263;SEGREDO;4.121.048,62;0,00;0;0;0,00;4.121.048,62;;;;
RS;4320305;SELBACH;3.184.301,10;0,00;0;0;0,00;3.184.301,10;;;;
RS;4320321;SENADOR SALGADO FILHO;1.618.571,63;0,00;0;0;0,00;1.618.571,63;;;;
RS;4320354;SENTINELA DO SUL;3.952.914,44;0,00;0;0;0,00;3.952.914,44;;;;
RS;4320404;SERAFINA CORREA;13.273.312,18;0,00;0;0;0,00;13.273.312,18;;;;
RS;4320453;SERIO;1.279.100,73;0,00;0;0;0,00;1.279.100,73;;;;
RS;4320503;SERTAO;3.682.298,49;0,00;0;0;0,00;3.682.298,49;;;;
RS;4320552;SERTAO SANTANA;5.416.162,13;0,00;0;0;0,00;5.416.162,13;;;;
RS;4320578;SETE DE SETEMBRO;1.080.862,53;0,00;0;0;0,00;1.080.862,53;;;;
RS;4320602;SEVERIANO DE ALMEIDA;2.097.673,96;0,00;0;0;0,00;2.097.673,96;;;;
RS;4320651;SILVEIRA MARTINS;1.977.578,11;0,00;0;0;0,00;1.977.578,11;;;;
RS;4320677;SINIMBU;8.314.795,26;0,00;0;0;0,00;8.314.795,26;;;;
RS;4320701;SOBRADINHO;12.180.600,19;0,00;0;0;0,00;12.180.600,19;;;;
RS;4320800;SOLEDADE;18.298.122,01;0,00;0;0;0,00;18.298.122,01;;;;
RS;4320859;TABAI;4.727.932,92;0,00;0;0;0,00;4.727.932,92;;;;
RS;4320909;TAPEJARA;20.848.317,08;0,00;0;0;0,00;20.848.317,08;;;;
RS;4321006;TAPERA;6.362.837,58;0,00;0;0;0,00;6.362.837,58;;;;
RS;4321105;TAPES;10.338.810,43;0,00;0;0;0,00;10.338.810,43;;;;
RS;4321204;TAQUARA;42.743.229,35;0,00;0;0;0,00;42.743.229,35;;;;
RS;4321303;TAQUARI;14.836.799,85;0,00;0;0;0,00;14.836.799,85;;;;
RS;4321329;TAQUARUCU DO SUL;2.495.431,36;0,00;0;0;0,00;2.495.431,36;;;;
RS;4321352;TAVARES;3.399.192,58;0,00;0;0;0,00;3.399.192,58;;;;
RS;4321402;TENENTE PORTELA;11.691.249,69;0,00;0;0;0,00;11.691.249,69;;;;
RS;4321436;TERRA DE AREIA;10.845.454,74;0,00;0;0;0,00;10.845.454,74;;;;
RS;4321451;TEUTONIA;30.584.406,53;0,00;0;0;0,00;30.584.406,53;;;;
RS;4321469;TIO HUGO;3.735.140,67;0,00;0;0;0,00;3.735.140,67;;;;
RS;4321477;TIRADENTES DO SUL;3.177.895,98;0,00;0;0;0,00;3.177.895,98;;;;
RS;4321493;TOROPI;1.565.729,46;0,00;0;0;0,00;1.565.729,46;;;;
RS;4321501;TORRES;29.505.145,28;0,00;0;0;0,00;29.505.145,28;;;;
RS;4321600;TRAMANDAI;53.896.449,68;0,00;0;0;0,00;53.896.449,68;;;;
RS;4321626;TRAVESSEIRO;1.798.555,26;0,00;0;0;0,00;1.798.555,26;;;;
RS;4321634;TRES ARROIOS;1.024.817,81;0,00;0;0;0,00;1.024.817,81;;;;
RS;4321667;TRES CACHOEIRAS;6.915.918,94;0,00;0;0;0,00;6.915.918,94;;;;
RS;4321709;TRES COROAS;27.533.652,02;0,00;0;0;0,00;27.533.652,02;;;;
RS;4321808;TRES DE MAIO;18.152.405,72;0,00;0;0;0,00;18.152.405,72;;;;
RS;4321832;TRES FORQUILHAS;2.380.779,88;0,00;0;0;0,00;2.380.779,88;;;;
RS;4321857;TRES PALMEIRAS;5.395.986,03;0,00;0;0;0,00;5.395.986,03;;;;
RS;4321907;TRES PASSOS;21.570.493,38;0,00;0;0;0,00;21.570.493,38;;;;
RS;4321956;TRINDADE DO SUL;6.269.322,95;0,00;0;0;0,00;6.269.322,95;;;;
RS;4322004;TRIUNFO;28.683.369,49;0,00;0;0;0,00;28.683.369,49;;;;
RS;4322103;TUCUNDUVA;2.333.382,05;0,00;0;0;0,00;2.333.382,05;;;;
RS;4322152;TUNAS;3.248.992,72;0,00;0;0;0,00;3.248.992,72;;;;
RS;4322186;TUPANCI DO SUL;1.291.910,95;0,00;0;0;0,00;1.291.910,95;;;;
RS;4322202;TUPANCIRETA;15.932.073,88;0,00;0;0;0,00;15.932.073,88;;;;
RS;4322251;TUPANDI;7.084.693,63;0,00;0;0;0,00;7.084.693,63;;;;
RS;4322301;TUPARENDI;4.726.331,64;0,00;0;0;0,00;4.726.331,64;;;;
RS;4322327;TURUCU;4.120.087,86;0,00;0;0;0,00;4.120.087,86;;;;
RS;4322343;UBIRETAMA;1.071.575,12;0,00;0;0;0,00;1.071.575,12;;;;
RS;4322350;UNIAO DA SERRA;266.452,63;0,00;0;0;0,00;266.452,63;;;;
RS;4322376;UNISTALDA;1.306.642,71;0,00;0;0;0,00;1.306.642,71;;;;
RS;4322400;URUGUAIANA;85.962.998,98;0,00;0;0;0,00;85.962.998,98;;;;
RS;4322509;VACARIA;47.739.856,69;0,00;0;0;0,00;47.739.856,69;;;;
RS;4322533;VALE DO SOL;6.119.763,61;0,00;0;0;0,00;6.119.763,61;;;;
RS;4322541;VALE REAL;5.522.486,97;0,00;0;0;0,00;5.522.486,97;;;;
RS;4322525;VALE VERDE;2.793.909,56;0,00;0;0;0,00;2.793.909,56;;;;
RS;4322558;VANINI;1.469.973,05;0,00;0;0;0,00;1.469.973,05;;;;
RS;4322608;VENANCIO AIRES;38.813.693,56;0,00;0;0;0,00;38.813.693,56;;;;
RS;4322707;VERA CRUZ;19.204.445,25;0,00;0;0;0,00;19.204.445,25;;;;
RS;4322806;VERANOPOLIS;19.655.365,10;0,00;0;0;0,00;19.655.365,10;;;;
RS;4322855;VESPASIANO CORREA;1.314.328,84;0,00;0;0;0,00;1.314.328,84;;;;
RS;4322905;VIADUTOS;2.987.984,43;0,00;0;0;0,00;2.987.984,43;;;;
RS;4323002;VIAMAO;185.348.228,97;0,00;0;0;0,00;185.348.228,97;;;;
RS;4323101;VICENTE DUTRA;2.996.951,58;0,00;0;0;0,00;2.996.951,58;;;;
RS;4323200;VICTOR GRAEFF;2.704.238,00;0,00;0;0;0,00;2.704.238,00;;;;
RS;4323309;VILA FLORES;2.926.495,36;0,00;0;0;0,00;2.926.495,36;;;;
RS;4323358;VILA LANGARO;1.745.392,83;0,00;0;0;0,00;1.745.392,83;;;;
RS;4323408;VILA MARIA;2.727.936,90;0,00;0;0;0,00;2.727.936,90;;;;
RS;4323457;VILA NOVA DO SUL;3.194.869,52;0,00;0;0;0,00;3.194.869,52;;;;
RS;4323507;VISTA ALEGRE;1.645.793,35;0,00;0;0;0,00;1.645.793,35;;;;
RS;4323606;VISTA ALEGRE DO PRATA;869.814,11;0,00;0;0;0,00;869.814,11;;;;
RS;4323705;VISTA GAUCHA;2.668.689,63;0,00;0;0;0,00;2.668.689,63;;;;
RS;4323754;VITORIA DAS MISSOES;2.213.286,22;0,00;0;0;0,00;2.213.286,22;;;;
RS;4323770;WESTFALIA;3.359.801,14;0,00;0;0;0,00;3.359.801,14;;;;
RS;4323804;XANGRI-LA;22.011.165,04;0,00;0;0;0,00;22.011.165,04;;;;
SC;4200051;ABDON BATISTA;1.947.491,98;0,00;0;0;0,00;1.947.491,98;;;;
SC;4200101;ABELARDO LUZ;18.018.300,05;0,00;0;0;0,00;18.018.300,05;;;;
SC;4200200;AGROLANDIA;7.866.990,71;0,00;0;0;0,00;7.866.990,71;;;;
SC;4200309;AGRONOMICA;3.152.306,38;0,00;0;0;0,00;3.152.306,38;;;;
SC;4200408;AGUA DOCE;5.444.327,28;0,00;0;0;0,00;5.444.327,28;;;;
SC;4200507;AGUAS DE CHAPECO;2.218.553,00;0,00;0;0;0,00;2.218.553,00;;;;
SC;4200556;AGUAS FRIAS;2.199.297,30;0,00;0;0;0,00;2.199.297,30;;;;
SC;4200606;AGUAS MORNAS;3.444.400,55;0,00;0;0;0,00;3.444.400,55;;;;
SC;4200705;ALFREDO WAGNER;6.795.781,25;0,00;0;0;0,00;6.795.781,25;;;;
SC;4200754;ALTO BELA VISTA;926.051,10;0,00;0;0;0,00;926.051,10;;;;
SC;4200804;ANCHIETA;4.672.321,79;0,00;0;0;0,00;4.672.321,79;;;;
SC;4200903;ANGELINA;2.335.864,66;0,00;0;0;0,00;2.335.864,66;;;;
SC;4201000;ANITA GARIBALDI;5.432.181,38;0,00;0;0;0,00;5.432.181,38;;;;
SC;4201109;ANITAPOLIS;2.207.592,06;0,00;0;0;0,00;2.207.592,06;;;;
SC;4201208;ANTONIO CARLOS;7.743.161,74;0,00;0;0;0,00;7.743.161,74;;;;
SC;4201257;APIUNA;11.846.107,27;0,00;0;0;0,00;11.846.107,27;;;;
SC;4201273;ARABUTA;3.283.541,39;0,00;0;0;0,00;3.283.541,39;;;;
SC;4201307;ARAQUARI;36.242.191,74;0,00;0;0;0,00;36.242.191,74;;;;
SC;4201406;ARARANGUA;35.853.522,83;0,00;0;0;0,00;35.853.522,83;;;;
SC;4201505;ARMAZEM;6.369.489,66;0,00;0;0;0,00;6.369.489,66;;;;
SC;4201604;ARROIO TRINTA;2.255.583,20;0,00;0;0;0,00;2.255.583,20;;;;
SC;4201653;ARVOREDO;1.918.460,31;0,00;0;0;0,00;1.918.460,31;;;;
SC;4201703;ASCURRA;3.757.527,87;0,00;0;0;0,00;3.757.527,87;;;;
SC;4201802;ATALANTA;2.432.143,16;0,00;0;0;0,00;2.432.143,16;;;;
SC;4201901;AURORA;4.459.916,60;0,00;0;0;0,00;4.459.916,60;;;;
SC;4201950;BALNEARIO ARROIO DO SILVA;11.349.902,67;0,00;0;0;0,00;11.349.902,67;;;;
SC;4202057;BALNEARIO BARRA DO SUL;10.097.097,13;0,00;0;0;0,00;10.097.097,13;;;;
SC;4202008;BALNEARIO CAMBORIU;104.851.143,22;0,00;0;0;0,00;104.851.143,22;;;;
SC;4202073;BALNEARIO GAIVOTA;12.382.304,48;0,00;0;0;0,00;12.382.304,48;;;;
SC;4212809;BALNEARIO PICARRAS;33.577.202,72;0,00;0;0;0,00;33.577.202,72;;;;
SC;4220000;BALNEARIO RINCAO;9.436.182,22;0,00;0;0;0,00;9.436.182,22;;;;
SC;4202081;BANDEIRANTE;3.788.040,76;0,00;0;0;0,00;3.788.040,76;;;;
SC;4202099;BARRA BONITA;820.885,35;0,00;0;0;0,00;820.885,35;;;;
SC;4202107;BARRA VELHA;43.067.004,67;0,00;0;0;0,00;43.067.004,67;;;;
SC;4202131;BELA VISTA DO TOLDO;7.682.728,46;0,00;0;0;0,00;7.682.728,46;;;;
SC;4202156;BELMONTE;1.812.702,07;0,00;0;0;0,00;1.812.702,07;;;;
SC;4202206;BENEDITO NOVO;3.993.039,91;0,00;0;0;0,00;3.993.039,91;;;;
SC;4202305;BIGUACU;35.007.753,19;0,00;0;0;0,00;35.007.753,19;;;;
SC;4202404;BLUMENAU;240.054.899,85;0,00;0;0;0,00;240.054.899,85;;;;
SC;4202438;BOCAINA DO SUL;4.160.416,38;0,00;0;0;0,00;4.160.416,38;;;;
SC;4202503;BOM JARDIM DA SERRA;3.394.039,48;0,00;0;0;0,00;3.394.039,48;;;;
SC;4202537;BOM JESUS;1.950.454,40;0,00;0;0;0,00;1.950.454,40;;;;
SC;4202578;BOM JESUS DO OESTE;1.562.970,44;0,00;0;0;0,00;1.562.970,44;;;;
SC;4202602;BOM RETIRO;5.496.169,55;0,00;0;0;0,00;5.496.169,55;;;;
SC;4202453;BOMBINHAS;25.877.884,73;0,00;0;0;0,00;25.877.884,73;;;;
SC;4202701;BOTUVERA;3.277.024,07;0,00;0;0;0,00;3.277.024,07;;;;
SC;4202800;BRACO DO NORTE;24.061.331,52;0,00;0;0;0,00;24.061.331,52;;;;
SC;4202859;BRACO DO TROMBUDO;3.808.481,42;0,00;0;0;0,00;3.808.481,42;;;;
SC;4202875;BRUNOPOLIS;1.655.397,80;0,00;0;0;0,00;1.655.397,80;;;;
SC;4202909;BRUSQUE;99.843.475,99;0,00;0;0;0,00;99.843.475,99;;;;
SC;4203006;CACADOR;58.556.586,82;0,00;0;0;0,00;58.556.586,82;;;;
SC;4203105;CAIBI;3.153.787,58;0,00;0;0;0,00;3.153.787,58;;;;
SC;4203154;CALMON;4.845.326,86;0,00;0;0;0,00;4.845.326,86;;;;
SC;4203204;CAMBORIU;84.422.621,88;0,00;0;0;0,00;84.422.621,88;;;;
SC;4203303;CAMPO ALEGRE;12.764.752,33;0,00;0;0;0,00;12.764.752,33;;;;
SC;4203402;CAMPO BELO DO SUL;5.349.826,23;0,00;0;0;0,00;5.349.826,23;;;;
SC;4203501;CAMPO ERE;8.316.092,91;0,00;0;0;0,00;8.316.092,91;;;;
SC;4203600;CAMPOS NOVOS;27.458.333,42;0,00;0;0;0,00;27.458.333,42;;;;
SC;4203709;CANELINHA;7.682.135,98;0,00;0;0;0,00;7.682.135,98;;;;
SC;4203808;CANOINHAS;44.278.632,63;0,00;0;0;0,00;44.278.632,63;;;;
SC;4203253;CAPAO ALTO;2.857.842,27;0,00;0;0;0,00;2.857.842,27;;;;
SC;4203907;CAPINZAL;21.278.142,11;0,00;0;0;0,00;21.278.142,11;;;;
SC;4203956;CAPIVARI DE BAIXO;18.673.882,62;0,00;0;0;0,00;18.673.882,62;;;;
SC;4204004;CATANDUVAS;8.175.081,93;0,00;0;0;0,00;8.175.081,93;;;;
SC;4204103;CAXAMBU DO SUL;2.530.495,36;0,00;0;0;0,00;2.530.495,36;;;;
SC;4204152;CELSO RAMOS;3.253.324,75;0,00;0;0;0,00;3.253.324,75;;;;
SC;4204178;CERRO NEGRO;2.112.202,29;0,00;0;0;0,00;2.112.202,29;;;;
SC;4204194;CHAPADAO DO LAGEADO;2.159.600,93;0,00;0;0;0,00;2.159.600,93;;;;
SC;4204202;CHAPECO;157.985.324,63;0,00;0;0;0,00;157.985.324,63;;;;
SC;4204251;COCAL DO SUL;13.512.762,25;0,00;0;0;0,00;13.512.762,25;;;;
SC;4204301;CONCORDIA;64.423.947,04;0,00;0;0;0,00;64.423.947,04;;;;
SC;4204350;CORDILHEIRA ALTA;4.318.016,90;0,00;0;0;0,00;4.318.016,90;;;;
SC;4204400;CORONEL FREITAS;6.741.865,30;0,00;0;0;0,00;6.741.865,30;;;;
SC;4204459;CORONEL MARTINS;1.820.108,11;0,00;0;0;0,00;1.820.108,11;;;;
SC;4204558;CORREIA PINTO;13.195.191,31;0,00;0;0;0,00;13.195.191,31;;;;
SC;4204509;CORUPA;15.780.787,59;0,00;0;0;0,00;15.780.787,59;;;;
SC;4204608;CRICIUMA;180.057.690,35;0,00;0;0;0,00;180.057.690,35;;;;
SC;4204707;CUNHA PORA;6.687.949,33;0,00;0;0;0,00;6.687.949,33;;;;
SC;4204756;CUNHATAI;945.306,80;0,00;0;0;0,00;945.306,80;;;;
SC;4204806;CURITIBANOS;28.149.168,73;0,00;0;0;0,00;28.149.168,73;;;;
SC;4204905;DESCANSO;4.333.717,69;0,00;0;0;0,00;4.333.717,69;;;;
SC;4205001;DIONISIO CERQUEIRA;9.576.304,49;0,00;0;0;0,00;9.576.304,49;;;;
SC;4205100;DONA EMMA;2.263.877,96;0,00;0;0;0,00;2.263.877,96;;;;
SC;4205159;DOUTOR PEDRINHO;2.135.901,60;0,00;0;0;0,00;2.135.901,60;;;;
SC;4205175;ENTRE RIOS;2.279.282,52;0,00;0;0;0,00;2.279.282,52;;;;
SC;4205191;ERMO;2.264.174,20;0,00;0;0;0,00;2.264.174,20;;;;
SC;4205209;ERVAL VELHO;2.983.152,46;0,00;0;0;0,00;2.983.152,46;;;;
SC;4205308;FAXINAL DOS GUEDES;10.899.615,51;0,00;0;0;0,00;10.899.615,51;;;;
SC;4205357;FLOR DO SERTAO;1.263.173,99;0,00;0;0;0,00;1.263.173,99;;;;
SC;4205407;FLORIANOPOLIS;241.091.745,29;0,00;0;0;0,00;241.091.745,29;;;;
SC;4205431;FORMOSA DO SUL;1.757.897,38;0,00;0;0;0,00;1.757.897,38;;;;
SC;4205456;FORQUILHINHA;23.243.112,35;0,00;0;0;0,00;23.243.112,35;;;;
SC;4205506;FRAIBURGO;37.908.550,49;0,00;0;0;0,00;37.908.550,49;;;;
SC;4205555;FREI ROGERIO;1.962.896,54;0,00;0;0;0,00;1.962.896,54;;;;
SC;4205605;GALVAO;2.747.936,65;0,00;0;0;0,00;2.747.936,65;;;;
SC;4205704;GAROPABA;21.542.389,58;0,00;0;0;0,00;21.542.389,58;;;;
SC;4205803;GARUVA;20.842.370,79;0,00;0;0;0,00;20.842.370,79;;;;
SC;4205902;GASPAR;54.929.997,71;0,00;0;0;0,00;54.929.997,71;;;;
SC;4206009;GOVERNADOR CELSO RAMOS;17.335.463,27;0,00;0;0;0,00;17.335.463,27;;;;
SC;4206108;GRAO PARA;4.033.032,52;0,00;0;0;0,00;4.033.032,52;;;;
SC;4206207;GRAVATAL;6.336.903,09;0,00;0;0;0,00;6.336.903,09;;;;
SC;4206306;GUABIRUBA;25.757.018,18;0,00;0;0;0,00;25.757.018,18;;;;
SC;4206405;GUARACIABA;8.209.742,19;0,00;0;0;0,00;8.209.742,19;;;;
SC;4206504;GUARAMIRIM;35.557.873,76;0,00;0;0;0,00;35.557.873,76;;;;
SC;4206603;GUARUJA DO SUL;5.107.204,40;0,00;0;0;0,00;5.107.204,40;;;;
SC;4206652;GUATAMBU;5.760.417,03;0,00;0;0;0,00;5.760.417,03;;;;
SC;4206702;HERVAL DOESTE;14.822.742,41;0,00;0;0;0,00;14.822.742,41;;;;
SC;4206751;IBIAM;1.647.103,04;0,00;0;0;0,00;1.647.103,04;;;;
SC;4206801;IBICARE;2.297.649,49;0,00;0;0;0,00;2.297.649,49;;;;
SC;4206900;IBIRAMA;17.290.730,79;0,00;0;0;0,00;17.290.730,79;;;;
SC;4207007;ICARA;45.977.281,70;0,00;0;0;0,00;45.977.281,70;;;;
SC;4207106;ILHOTA;15.940.165,55;0,00;0;0;0,00;15.940.165,55;;;;
SC;4207205;IMARUI;7.818.703,34;0,00;0;0;0,00;7.818.703,34;;;;
SC;4207304;IMBITUBA;25.504.027,89;0,00;0;0;0,00;25.504.027,89;;;;
SC;4207403;IMBUIA;4.788.448,48;0,00;0;0;0,00;4.788.448,48;;;;
SC;4207502;INDAIAL;61.275.195,57;0,00;0;0;0,00;61.275.195,57;;;;
SC;4207577;IOMERE;2.993.817,15;0,00;0;0;0,00;2.993.817,15;;;;
SC;4207601;IPIRA;4.368.081,72;0,00;0;0;0,00;4.368.081,72;;;;
SC;4207650;IPORA DO OESTE;6.301.057,86;0,00;0;0;0,00;6.301.057,86;;;;
SC;4207684;IPUACU;4.547.307,86;0,00;0;0;0,00;4.547.307,86;;;;
SC;4207700;IPUMIRIM;6.306.982,69;0,00;0;0;0,00;6.306.982,69;;;;
SC;4207759;IRACEMINHA;1.714.942,36;0,00;0;0;0,00;1.714.942,36;;;;
SC;4207809;IRANI;8.259.214,53;0,00;0;0;0,00;8.259.214,53;;;;
SC;4207858;IRATI;1.367.451,01;0,00;0;0;0,00;1.367.451,01;;;;
SC;4207908;IRINEOPOLIS;12.584.637,46;0,00;0;0;0,00;12.584.637,46;;;;
SC;4208005;ITA;6.616.851,36;0,00;0;0;0,00;6.616.851,36;;;;
SC;4208104;ITAIOPOLIS;15.345.608,75;0,00;0;0;0,00;15.345.608,75;;;;
SC;4208203;ITAJAI;233.206.091,36;0,00;0;0;0,00;233.206.091,36;;;;
SC;4208302;ITAPEMA;75.755.186,49;0,00;0;0;0,00;75.755.186,49;;;;
SC;4208401;ITAPIRANGA;12.882.063,98;0,00;0;0;0,00;12.882.063,98;;;;
SC;4208450;ITAPOA;29.894.327,72;0,00;0;0;0,00;29.894.327,72;;;;
SC;4208500;ITUPORANGA;15.312.725,94;0,00;0;0;0,00;15.312.725,94;;;;
SC;4208609;JABORA;4.111.832,77;0,00;0;0;0,00;4.111.832,77;;;;
SC;4208708;JACINTO MACHADO;9.231.479,32;0,00;0;0;0,00;9.231.479,32;;;;
SC;4208807;JAGUARUNA;15.482.768,59;0,00;0;0;0,00;15.482.768,59;;;;
SC;4208906;JARAGUA DO SUL;131.055.189,90;0,00;0;0;0,00;131.055.189,90;;;;
SC;4208955;JARDINOPOLIS;1.275.023,65;0,00;0;0;0,00;1.275.023,65;;;;
SC;4209003;JOACABA;20.137.315,89;0,00;0;0;0,00;20.137.315,89;;;;
SC;4209102;JOINVILLE;456.846.246,69;0,00;0;0;0,00;456.846.246,69;;;;
SC;4209151;JOSE BOITEUX;6.093.985,01;0,00;0;0;0,00;6.093.985,01;;;;
SC;4209177;JUPIA;1.314.720,02;0,00;0;0;0,00;1.314.720,02;;;;
SC;4209201;LACERDOPOLIS;1.633.475,93;0,00;0;0;0,00;1.633.475,93;;;;
SC;4209300;LAGES;105.560.345,50;0,00;0;0;0,00;105.560.345,50;;;;
SC;4209409;LAGUNA;14.304.319,69;0,00;0;0;0,00;14.304.319,69;;;;
SC;4209458;LAJEADO GRANDE;1.374.560,81;0,00;0;0;0,00;1.374.560,81;;;;
SC;4209508;LAURENTINO;5.617.924,84;0,00;0;0;0,00;5.617.924,84;;;;
SC;4209607;LAURO MULLER;13.908.837,21;0,00;0;0;0,00;13.908.837,21;;;;
SC;4209706;LEBON REGIS;8.768.750,00;0,00;0;0;0,00;8.768.750,00;;;;
SC;4209805;LEOBERTO LEAL;2.323.718,75;0,00;0;0;0,00;2.323.718,75;;;;
SC;4209854;LINDOIA DO SUL;2.788.817,99;0,00;0;0;0,00;2.788.817,99;;;;
SC;4209904;LONTRAS;10.008.520,91;0,00;0;0;0,00;10.008.520,91;;;;
SC;4210001;LUIZ ALVES;10.914.131,34;0,00;0;0;0,00;10.914.131,34;;;;
SC;4210035;LUZERNA;5.879.802,36;0,00;0;0;0,00;5.879.802,36;;;;
SC;4210050;MACIEIRA;1.786.632,82;0,00;0;0;0,00;1.786.632,82;;;;
SC;4210100;MAFRA;38.557.319,49;0,00;0;0;0,00;38.557.319,49;;;;
SC;4210209;MAJOR GERCINO;1.918.756,54;0,00;0;0;0,00;1.918.756,54;;;;
SC;4210308;MAJOR VIEIRA;6.423.109,38;0,00;0;0;0,00;6.423.109,38;;;;
SC;4210407;MARACAJA;7.756.196,38;0,00;0;0;0,00;7.756.196,38;;;;
SC;4210506;MARAVILHA;17.615.115,30;0,00;0;0;0,00;17.615.115,30;;;;
SC;4210555;MAREMA;1.384.040,54;0,00;0;0;0,00;1.384.040,54;;;;
SC;4210605;MASSARANDUBA;14.305.504,66;0,00;0;0;0,00;14.305.504,66;;;;
SC;4210704;MATOS COSTA;2.041.104,31;0,00;0;0;0,00;2.041.104,31;;;;
SC;4210803;MELEIRO;6.771.489,45;0,00;0;0;0,00;6.771.489,45;;;;
SC;4210852;MIRIM DOCE;2.811.628,59;0,00;0;0;0,00;2.811.628,59;;;;
SC;4210902;MODELO;2.903.167,23;0,00;0;0;0,00;2.903.167,23;;;;
SC;4211009;MONDAI;9.014.926,74;0,00;0;0;0,00;9.014.926,74;;;;
SC;4211058;MONTE CARLO;11.332.424,42;0,00;0;0;0,00;11.332.424,42;;;;
SC;4211108;MONTE CASTELO;6.624.553,64;0,00;0;0;0,00;6.624.553,64;;;;
SC;4211207;MORRO DA FUMACA;18.388.898,24;0,00;0;0;0,00;18.388.898,24;;;;
SC;4211256;MORRO GRANDE;2.095.908,99;0,00;0;0;0,00;2.095.908,99;;;;
SC;4211306;NAVEGANTES;111.240.777,31;0,00;0;0;0,00;111.240.777,31;;;;
SC;4211405;NOVA ERECHIM;3.833.958,19;0,00;0;0;0,00;3.833.958,19;;;;
SC;4211454;NOVA ITABERABA;2.859.323,48;0,00;0;0;0,00;2.859.323,48;;;;
SC;4211504;NOVA TRENTO;10.221.222,35;0,00;0;0;0,00;10.221.222,35;;;;
SC;4211603;NOVA VENEZA;10.660.844,81;0,00;0;0;0,00;10.660.844,81;;;;
SC;4211652;NOVO HORIZONTE;1.542.529,78;0,00;0;0;0,00;1.542.529,78;;;;
SC;4211702;ORLEANS;12.878.805,33;0,00;0;0;0,00;12.878.805,33;;;;
SC;4211751;OTACILIO COSTA;16.860.291,82;0,00;0;0;0,00;16.860.291,82;;;;
SC;4211801;OURO;4.954.639,99;0,00;0;0;0,00;4.954.639,99;;;;
SC;4211850;OURO VERDE;1.506.684,55;0,00;0;0;0,00;1.506.684,55;;;;
SC;4211876;PAIAL;1.201.555,75;0,00;0;0;0,00;1.201.555,75;;;;
SC;4211892;PAINEL;1.134.012,67;0,00;0;0;0,00;1.134.012,67;;;;
SC;4211900;PALHOCA;111.727.502,18;0,00;0;0;0,00;111.727.502,18;;;;
SC;4212007;PALMA SOLA;6.101.391,05;0,00;0;0;0,00;6.101.391,05;;;;
SC;4212056;PALMEIRA;2.030.439,61;0,00;0;0;0,00;2.030.439,61;;;;
SC;4212106;PALMITOS;8.702.984,38;0,00;0;0;0,00;8.702.984,38;;;;
SC;4212205;PAPANDUVA;10.427.702,71;0,00;0;0;0,00;10.427.702,71;;;;
SC;4212239;PARAISO;3.135.420,61;0,00;0;0;0,00;3.135.420,61;;;;
SC;4212254;PASSO DE TORRES;13.553.939,83;0,00;0;0;0,00;13.553.939,83;;;;
SC;4212270;PASSOS MAIA;2.680.689,83;0,00;0;0;0,00;2.680.689,83;;;;
SC;4212304;PAULO LOPES;7.621.998,95;0,00;0;0;0,00;7.621.998,95;;;;
SC;4212403;PEDRAS GRANDES;2.354.527,87;0,00;0;0;0,00;2.354.527,87;;;;
SC;4212502;PENHA;33.160.687,10;0,00;0;0;0,00;33.160.687,10;;;;
SC;4212601;PERITIBA;1.931.494,93;0,00;0;0;0,00;1.931.494,93;;;;
SC;4212650;PESCARIA BRAVA;7.976.896,33;0,00;0;0;0,00;7.976.896,33;;;;
SC;4212700;PETROLANDIA;4.882.653,30;0,00;0;0;0,00;4.882.653,30;;;;
SC;4212908;PINHALZINHO;14.626.630,49;0,00;0;0;0,00;14.626.630,49;;;;
SC;4213005;PINHEIRO PRETO;2.547.677,37;0,00;0;0;0,00;2.547.677,37;;;;
SC;4213104;PIRATUBA;6.280.024,70;0,00;0;0;0,00;6.280.024,70;;;;
SC;4213153;PLANALTO ALEGRE;2.004.370,36;0,00;0;0;0,00;2.004.370,36;;;;
SC;4213203;POMERODE;32.879.257,62;0,00;0;0;0,00;32.879.257,62;;;;
SC;4213302;PONTE ALTA;3.398.186,87;0,00;0;0;0,00;3.398.186,87;;;;
SC;4213351;PONTE ALTA DO NORTE;2.784.670,61;0,00;0;0;0,00;2.784.670,61;;;;
SC;4213401;PONTE SERRADA;8.586.857,69;0,00;0;0;0,00;8.586.857,69;;;;
SC;4213500;PORTO BELO;24.070.218,76;0,00;0;0;0,00;24.070.218,76;;;;
SC;4213609;PORTO UNIAO;13.615.261,83;0,00;0;0;0,00;13.615.261,83;;;;
SC;4213708;POUSO REDONDO;10.472.435,19;0,00;0;0;0,00;10.472.435,19;;;;
SC;4213807;PRAIA GRANDE;6.632.848,40;0,00;0;0;0,00;6.632.848,40;;;;
SC;4213906;PRESIDENTE CASTELLO BRANCO;1.443.288,85;0,00;0;0;0,00;1.443.288,85;;;;
SC;4214003;PRESIDENTE GETULIO;14.566.197,22;0,00;0;0;0,00;14.566.197,22;;;;
SC;4214102;PRESIDENTE NEREU;1.629.328,55;0,00;0;0;0,00;1.629.328,55;;;;
SC;4214151;PRINCESA;2.455.250,00;0,00;0;0;0,00;2.455.250,00;;;;
SC;4214201;QUILOMBO;6.672.841,01;0,00;0;0;0,00;6.672.841,01;;;;
SC;4214300;RANCHO QUEIMADO;1.847.066,09;0,00;0;0;0,00;1.847.066,09;;;;
SC;4214409;RIO DAS ANTAS;7.813.667,23;0,00;0;0;0,00;7.813.667,23;;;;
SC;4214508;RIO DO CAMPO;4.364.823,06;0,00;0;0;0,00;4.364.823,06;;;;
SC;4214607;RIO DO OESTE;5.213.258,87;0,00;0;0;0,00;5.213.258,87;;;;
SC;4214805;RIO DO SUL;48.536.808,73;0,00;0;0;0,00;48.536.808,73;;;;
SC;4214706;RIO DOS CEDROS;8.044.143,16;0,00;0;0;0,00;8.044.143,16;;;;
SC;4214904;RIO FORTUNA;3.855.287,58;0,00;0;0;0,00;3.855.287,58;;;;
SC;4215000;RIO NEGRINHO;41.751.692,17;0,00;0;0;0,00;41.751.692,17;;;;
SC;4215059;RIO RUFINO;2.163.452,07;0,00;0;0;0,00;2.163.452,07;;;;
SC;4215075;RIQUEZA;3.167.118,46;0,00;0;0;0,00;3.167.118,46;;;;
SC;4215109;RODEIO;9.576.896,96;0,00;0;0;0,00;9.576.896,96;;;;
SC;4215208;ROMELANDIA;1.795.223,82;0,00;0;0;0,00;1.795.223,82;;;;
SC;4215307;SALETE;6.226.997,47;0,00;0;0;0,00;6.226.997,47;;;;
SC;4215356;SALTINHO;2.669.728,89;0,00;0;0;0,00;2.669.728,89;;;;
SC;4215406;SALTO VELOSO;5.694.947,64;0,00;0;0;0,00;5.694.947,64;;;;
SC;4215455;SANGAO;5.882.764,78;0,00;0;0;0,00;5.882.764,78;;;;
SC;4215505;SANTA CECILIA;12.796.153,94;0,00;0;0;0,00;12.796.153,94;;;;
SC;4215554;SANTA HELENA;1.491.872,47;0,00;0;0;0,00;1.491.872,47;;;;
SC;4215604;SANTA ROSA DE LIMA;2.026.884,72;0,00;0;0;0,00;2.026.884,72;;;;
SC;4215653;SANTA ROSA DO SUL;9.384.339,96;0,00;0;0;0,00;9.384.339,96;;;;
SC;4215679;SANTA TEREZINHA;5.903.205,45;0,00;0;0;0,00;5.903.205,45;;;;
SC;4215687;SANTA TEREZINHA DO PROGRESSO;1.910.165,54;0,00;0;0;0,00;1.910.165,54;;;;
SC;4215695;SANTIAGO DO SUL;1.203.925,67;0,00;0;0;0,00;1.203.925,67;;;;
SC;4215703;SANTO AMARO DA IMPERATRIZ;22.526.504,03;0,00;0;0;0,00;22.526.504,03;;;;
SC;4215802;SAO BENTO DO SUL;67.975.290,79;0,00;0;0;0,00;67.975.290,79;;;;
SC;4215752;SAO BERNARDINO;2.149.528,72;0,00;0;0;0,00;2.149.528,72;;;;
SC;4215901;SAO BONIFACIO;1.335.753,17;0,00;0;0;0,00;1.335.753,17;;;;
SC;4216008;SAO CARLOS;6.456.288,43;0,00;0;0;0,00;6.456.288,43;;;;
SC;4216057;SAO CRISTOVAO DO SUL;4.265.285,90;0,00;0;0;0,00;4.265.285,90;;;;
SC;4216107;SAO DOMINGOS;5.274.877,12;0,00;0;0;0,00;5.274.877,12;;;;
SC;4216206;SAO FRANCISCO DO SUL;42.421.198,08;0,00;0;0;0,00;42.421.198,08;;;;
SC;4216305;SAO JOAO BATISTA;27.500.695,96;0,00;0;0;0,00;27.500.695,96;;;;
SC;4216354;SAO JOAO DO ITAPERIU;3.881.653,08;0,00;0;0;0,00;3.881.653,08;;;;
SC;4216255;SAO JOAO DO OESTE;3.730.273,65;0,00;0;0;0,00;3.730.273,65;;;;
SC;4216404;SAO JOAO DO SUL;8.146.938,98;0,00;0;0;0,00;8.146.938,98;;;;
SC;4216503;SAO JOAQUIM;16.922.502,54;0,00;0;0;0,00;16.922.502,54;;;;
SC;4216602;SAO JOSE;144.676.969,05;0,00;0;0;0,00;144.676.969,05;;;;
SC;4216701;SAO JOSE DO CEDRO;10.448.143,38;0,00;0;0;0,00;10.448.143,38;;;;
SC;4216800;SAO JOSE DO CERRITO;3.828.329,60;0,00;0;0;0,00;3.828.329,60;;;;
SC;4216909;SAO LOURENCO DO OESTE;26.162.572,86;0,00;0;0;0,00;26.162.572,86;;;;
SC;4217006;SAO LUDGERO;10.028.961,57;0,00;0;0;0,00;10.028.961,57;;;;
SC;4217105;SAO MARTINHO;1.991.335,72;0,00;0;0;0,00;1.991.335,72;;;;
SC;4217154;SAO MIGUEL DA BOA VISTA;1.315.904,99;0,00;0;0;0,00;1.315.904,99;;;;
SC;4217204;SAO MIGUEL DO OESTE;27.274.367,42;0,00;0;0;0,00;27.274.367,42;;;;
SC;4217253;SAO PEDRO DE ALCANTARA;4.260.546,03;0,00;0;0;0,00;4.260.546,03;;;;
SC;4217303;SAUDADES;6.483.542,65;0,00;0;0;0,00;6.483.542,65;;;;
SC;4217402;SCHROEDER;17.600.895,70;0,00;0;0;0,00;17.600.895,70;;;;
SC;4217501;SEARA;11.840.774,92;0,00;0;0;0,00;11.840.774,92;;;;
SC;4217550;SERRA ALTA;2.536.420,19;0,00;0;0;0,00;2.536.420,19;;;;
SC;4217600;SIDEROPOLIS;7.764.194,89;0,00;0;0;0,00;7.764.194,89;;;;
SC;4217709;SOMBRIO;27.061.962,22;0,00;0;0;0,00;27.061.962,22;;;;
SC;4217758;SUL BRASIL;2.025.107,27;0,00;0;0;0,00;2.025.107,27;;;;
SC;4217808;TAIO;15.915.281,26;0,00;0;0;0,00;15.915.281,26;;;;
SC;4217907;TANGARA;6.482.061,45;0,00;0;0;0,00;6.482.061,45;;;;
SC;4217956;TIGRINHOS;1.891.206,08;0,00;0;0;0,00;1.891.206,08;;;;
SC;4218004;TIJUCAS;34.072.222,36;0,00;0;0;0,00;34.072.222,36;;;;
SC;4218103;TIMBE DO SUL;3.484.985,65;0,00;0;0;0,00;3.484.985,65;;;;
SC;4218202;TIMBO;29.495.882,83;0,00;0;0;0,00;29.495.882,83;;;;
SC;4218251;TIMBO GRANDE;8.769.638,73;0,00;0;0;0,00;8.769.638,73;;;;
SC;4218301;TRES BARRAS;19.123.577,29;0,00;0;0;0,00;19.123.577,29;;;;
SC;4218350;TREVISO;2.464.137,24;0,00;0;0;0,00;2.464.137,24;;;;
SC;4218400;TREZE DE MAIO;5.702.353,68;0,00;0;0;0,00;5.702.353,68;;;;
SC;4218509;TREZE TILIAS;10.069.250,43;0,00;0;0;0,00;10.069.250,43;;;;
SC;4218608;TROMBUDO CENTRAL;5.758.639,58;0,00;0;0;0,00;5.758.639,58;;;;
SC;4218707;TUBARAO;45.555.729,97;0,00;0;0;0,00;45.555.729,97;;;;
SC;4218756;TUNAPOLIS;2.812.517,32;0,00;0;0;0,00;2.812.517,32;;;;
SC;4218806;TURVO;8.507.464,95;0,00;0;0;0,00;8.507.464,95;;;;
SC;4218855;UNIAO DO OESTE;1.730.643,16;0,00;0;0;0,00;1.730.643,16;;;;
SC;4218905;URUBICI;8.120.573,48;0,00;0;0;0,00;8.120.573,48;;;;
SC;4218954;URUPEMA;1.320.052,36;0,00;0;0;0,00;1.320.052,36;;;;
SC;4219002;URUSSANGA;11.599.338,05;0,00;0;0;0,00;11.599.338,05;;;;
SC;4219101;VARGEAO;3.314.646,75;0,00;0;0;0,00;3.314.646,75;;;;
SC;4219150;VARGEM;1.947.491,98;0,00;0;0;0,00;1.947.491,98;;;;
SC;4219176;VARGEM BONITA;2.913.831,93;0,00;0;0;0,00;2.913.831,93;;;;
SC;4219200;VIDAL RAMOS;4.353.565,88;0,00;0;0;0,00;4.353.565,88;;;;
SC;4219309;VIDEIRA;42.788.833,85;0,00;0;0;0,00;42.788.833,85;;;;
SC;4219358;VITOR MEIRELES;3.485.281,88;0,00;0;0;0,00;3.485.281,88;;;;
SC;4219408;WITMARSUM;2.479.838,05;0,00;0;0;0,00;2.479.838,05;;;;
SC;4219507;XANXERE;27.359.092,50;0,00;0;0;0,00;27.359.092,50;;;;
SC;4219606;XAVANTINA;1.813.887,04;0,00;0;0;0,00;1.813.887,04;;;;
SC;4219705;XAXIM;30.775.646,34;0,00;0;0;0,00;30.775.646,34;;;;
SC;4219853;ZORTEA;5.108.981,84;0,00;0;0;0,00;5.108.981,84;;;;
SE;2800100;AMPARO DE SAO FRANCISCO;4.094.486,25;0,00;0;0;0,00;4.094.486,25;;;;
SE;2800209;AQUIDABA;26.800.089,91;0,00;0;0;0,00;26.800.089,91;;;;
SE;2800308;ARACAJU;192.659.695,95;0,00;0;0;0,00;192.659.695,95;;;;
SE;2800407;ARAUA;14.814.579,95;0,00;0;0;0,00;14.814.579,95;;;;
SE;2800506;AREIA BRANCA;22.008.080,12;0,00;0;0;0,00;22.008.080,12;;;;
SE;2800605;BARRA DOS COQUEIROS;27.251.921,17;0,00;0;0;0,00;27.251.921,17;;;;
SE;2800670;BOQUIM;23.289.086,71;0,00;0;0;0,00;23.289.086,71;;;;
SE;2800704;BREJO GRANDE;12.584.872,06;0,00;0;0;0,00;12.584.872,06;;;;
SE;2801009;CAMPO DO BRITO;13.695.539,71;0,00;0;0;0,00;13.695.539,71;;;;
SE;2801108;CANHOBA;5.332.763,75;0,00;0;0;0,00;5.332.763,75;;;;
SE;2801207;CANINDE DE SAO FRANCISCO;43.035.412,13;0,00;0;0;0,00;43.035.412,13;;;;
SE;2801306;CAPELA;40.864.023,67;0,00;0;0;0,00;40.864.023,67;;;;
SE;2801405;CARIRA;23.006.728,26;0,00;0;0;0,00;23.006.728,26;;;;
SE;2801504;CARMOPOLIS;15.436.750,16;0,00;0;0;0,00;15.436.750,16;;;;
SE;2801603;CEDRO DE SAO JOAO;6.181.860,07;0,00;0;0;0,00;6.181.860,07;;;;
SE;2801702;CRISTINAPOLIS;25.132.211,82;0,00;0;0;0,00;25.132.211,82;;;;
SE;2801900;CUMBE;3.286.675,47;0,00;0;0;0,00;3.286.675,47;;;;
SE;2802007;DIVINA PASTORA;7.780.159,03;0,00;0;0;0,00;7.780.159,03;;;;
SE;2802106;ESTANCIA;62.136.759,24;0,00;0;0;0,00;62.136.759,24;;;;
SE;2802205;FEIRA NOVA;5.001.902,01;0,00;0;0;0,00;5.001.902,01;;;;
SE;2802304;FREI PAULO;11.958.082,50;0,00;0;0;0,00;11.958.082,50;;;;
SE;2802403;GARARU;11.573.231,97;0,00;0;0;0,00;11.573.231,97;;;;
SE;2802502;GENERAL MAYNARD;2.880.460,39;0,00;0;0;0,00;2.880.460,39;;;;
SE;2802601;GRACHO CARDOSO;5.900.945,17;0,00;0;0;0,00;5.900.945,17;;;;
SE;2802700;ILHA DAS FLORES;15.362.262,96;0,00;0;0;0,00;15.362.262,96;;;;
SE;2802809;INDIAROBA;25.630.236,69;0,00;0;0;0,00;25.630.236,69;;;;
SE;2802908;ITABAIANA;66.770.844,61;0,00;0;0;0,00;66.770.844,61;;;;
SE;2803005;ITABAIANINHA;52.340.537,77;0,00;0;0;0,00;52.340.537,77;;;;
SE;2803104;ITABI;5.448.825,20;0,00;0;0;0,00;5.448.825,20;;;;
SE;2803203;ITAPORANGA DAJUDA;39.265.436,00;0,00;0;0;0,00;39.265.436,00;;;;
SE;2803302;JAPARATUBA;20.674.528,30;0,00;0;0;0,00;20.674.528,30;;;;
SE;2803401;JAPOATA;18.560.593,15;0,00;0;0;0,00;18.560.593,15;;;;
SE;2803500;LAGARTO;90.054.157,13;0,00;0;0;0,00;90.054.157,13;;;;
SE;2803609;LARANJEIRAS;26.024.614,65;0,00;0;0;0,00;26.024.614,65;;;;
SE;2803708;MACAMBIRA;6.897.861,05;0,00;0;0;0,00;6.897.861,05;;;;
SE;2803807;MALHADA DOS BOIS;5.396.568,68;0,00;0;0;0,00;5.396.568,68;;;;
SE;2803906;MALHADOR;12.162.777,94;0,00;0;0;0,00;12.162.777,94;;;;
SE;2804003;MARUIM;16.791.089,11;0,00;0;0;0,00;16.791.089,11;;;;
SE;2804102;MOITA BONITA;8.727.994,21;0,00;0;0;0,00;8.727.994,21;;;;
SE;2804201;MONTE ALEGRE DE SERGIPE;10.570.253,18;0,00;0;0;0,00;10.570.253,18;;;;
SE;2804300;MURIBECA;9.535.516,28;0,00;0;0;0,00;9.535.516,28;;;;
SE;2804409;NEOPOLIS;16.248.025,47;0,00;0;0;0,00;16.248.025,47;;;;
SE;2804458;NOSSA SENHORA APARECIDA;7.158.566,25;0,00;0;0;0,00;7.158.566,25;;;;
SE;2804508;NOSSA SENHORA DA GLORIA;40.087.393,58;0,00;0;0;0,00;40.087.393,58;;;;
SE;2804607;NOSSA SENHORA DAS DORES;25.534.962,37;0,00;0;0;0,00;25.534.962,37;;;;
SE;2804706;NOSSA SENHORA DE LOURDES;5.340.558,92;0,00;0;0;0,00;5.340.558,92;;;;
SE;2804805;NOSSA SENHORA DO SOCORRO;104.938.893,63;0,00;0;0;0,00;104.938.893,63;;;;
SE;2804904;PACATUBA;18.575.606,07;0,00;0;0;0,00;18.575.606,07;;;;
SE;2805000;PEDRA MOLE;4.285.901,03;0,00;0;0;0,00;4.285.901,03;;;;
SE;2805109;PEDRINHAS;9.114.576,99;0,00;0;0;0,00;9.114.576,99;;;;
SE;2805208;PINHAO;6.800.565,76;0,00;0;0;0,00;6.800.565,76;;;;
SE;2805307;PIRAMBU;10.632.037,13;0,00;0;0;0,00;10.632.037,13;;;;
SE;2805406;POCO REDONDO;38.066.134,36;0,00;0;0;0,00;38.066.134,36;;;;
SE;2805505;POCO VERDE;17.451.369,05;0,00;0;0;0,00;17.451.369,05;;;;
SE;2805604;PORTO DA FOLHA;28.406.472,75;0,00;0;0;0,00;28.406.472,75;;;;
SE;2805703;PROPRIA;13.694.096,16;0,00;0;0;0,00;13.694.096,16;;;;
SE;2805802;RIACHAO DO DANTAS;24.354.715,59;0,00;0;0;0,00;24.354.715,59;;;;
SE;2805901;RIACHUELO;12.715.369,02;0,00;0;0;0,00;12.715.369,02;;;;
SE;2806008;RIBEIROPOLIS;10.869.645,52;0,00;0;0;0,00;10.869.645,52;;;;
SE;2806107;ROSARIO DO CATETE;13.967.504,60;0,00;0;0;0,00;13.967.504,60;;;;
SE;2806206;SALGADO;15.920.916,95;0,00;0;0;0,00;15.920.916,95;;;;
SE;2806305;SANTA LUZIA DO ITANHY;26.625.997,73;0,00;0;0;0,00;26.625.997,73;;;;
SE;2806503;SANTA ROSA DE LIMA;6.398.392,63;0,00;0;0;0,00;6.398.392,63;;;;
SE;2806404;SANTANA DO SAO FRANCISCO;8.350.650,14;0,00;0;0;0,00;8.350.650,14;;;;
SE;2806602;SANTO AMARO DAS BROTAS;9.350.741,83;0,00;0;0;0,00;9.350.741,83;;;;
SE;2806701;SAO CRISTOVAO;49.605.875,96;0,00;0;0;0,00;49.605.875,96;;;;
SE;2806800;SAO DOMINGOS;11.377.775,25;0,00;0;0;0,00;11.377.775,25;;;;
SE;2806909;SAO FRANCISCO;3.995.747,41;0,00;0;0;0,00;3.995.747,41;;;;
SE;2807006;SAO MIGUEL DO ALEIXO;3.967.453,82;0,00;0;0;0,00;3.967.453,82;;;;
SE;2807105;SIMAO DIAS;32.818.540,08;0,00;0;0;0,00;32.818.540,08;;;;
SE;2807204;SIRIRI;9.596.434,10;0,00;0;0;0,00;9.596.434,10;;;;
SE;2807303;TELHA;4.083.515,27;0,00;0;0;0,00;4.083.515,27;;;;
SE;2807402;TOBIAS BARRETO;44.169.465,29;0,00;0;0;0,00;44.169.465,29;;;;
SE;2807501;TOMAR DO GERU;14.181.438,76;0,00;0;0;0,00;14.181.438,76;;;;
SE;2807600;UMBAUBA;25.056.281,07;0,00;0;0;0,00;25.056.281,07;;;;
SP;3500105;ADAMANTINA;16.309.574,89;0,00;0;0;0,00;16.309.574,89;;;;
SP;3500204;ADOLFO;4.275.719,90;0,00;0;0;0,00;4.275.719,90;;;;
SP;3500303;AGUAI;25.385.754,32;0,00;0;0;0,00;25.385.754,32;;;;
SP;3500402;AGUAS DA PRATA;4.272.838,33;0,00;0;0;0,00;4.272.838,33;;;;
SP;3500501;AGUAS DE LINDOIA;15.420.600,89;0,00;0;0;0,00;15.420.600,89;;;;
SP;3500550;AGUAS DE SANTA BARBARA;4.962.117,31;0,00;0;0;0,00;4.962.117,31;;;;
SP;3500600;AGUAS DE SAO PEDRO;5.094.671,00;0,00;0;0;0,00;5.094.671,00;;;;
SP;3500709;AGUDOS;25.467.591,76;0,00;0;0;0,00;25.467.591,76;;;;
SP;3500758;ALAMBARI;4.052.107,67;0,00;0;0;0,00;4.052.107,67;;;;
SP;3500808;ALFREDO MARCONDES;1.534.740,84;0,00;0;0;0,00;1.534.740,84;;;;
SP;3500907;ALTAIR;2.508.722,03;0,00;0;0;0,00;2.508.722,03;;;;
SP;3501004;ALTINOPOLIS;14.501.946,39;0,00;0;0;0,00;14.501.946,39;;;;
SP;3501103;ALTO ALEGRE;1.905.314,74;0,00;0;0;0,00;1.905.314,74;;;;
SP;3501152;ALUMINIO;18.020.093,39;0,00;0;0;0,00;18.020.093,39;;;;
SP;3501202;ALVARES FLORENCE;2.587.677,90;0,00;0;0;0,00;2.587.677,90;;;;
SP;3501301;ALVARES MACHADO;21.163.055,83;0,00;0;0;0,00;21.163.055,83;;;;
SP;3501400;ALVARO DE CARVALHO;2.295.483,53;0,00;0;0;0,00;2.295.483,53;;;;
SP;3501509;ALVINLANDIA;2.745.013,37;0,00;0;0;0,00;2.745.013,37;;;;
SP;3501608;AMERICANA;91.495.450,01;0,00;0;0;0,00;91.495.450,01;;;;
SP;3501707;AMERICO BRASILIENSE;33.653.068,26;0,00;0;0;0,00;33.653.068,26;;;;
SP;3501806;AMERICO DE CAMPOS;5.563.219,37;0,00;0;0;0,00;5.563.219,37;;;;
SP;3501905;AMPARO;31.758.127,30;0,00;0;0;0,00;31.758.127,30;;;;
SP;3502002;ANALANDIA;4.853.192,82;0,00;0;0;0,00;4.853.192,82;;;;
SP;3502101;ANDRADINA;32.047.728,22;0,00;0;0;0,00;32.047.728,22;;;;
SP;3502200;ANGATUBA;22.117.442,19;0,00;0;0;0,00;22.117.442,19;;;;
SP;3502309;ANHEMBI;7.289.298,50;0,00;0;0;0,00;7.289.298,50;;;;
SP;3502408;ANHUMAS;2.828.003,45;0,00;0;0;0,00;2.828.003,45;;;;
SP;3502507;APARECIDA;32.973.010,37;0,00;0;0;0,00;32.973.010,37;;;;
SP;3502606;APARECIDA DOESTE;2.432.071,42;0,00;0;0;0,00;2.432.071,42;;;;
SP;3502705;APIAI;14.518.371,54;0,00;0;0;0,00;14.518.371,54;;;;
SP;3502754;ARACARIGUAMA;26.881.593,51;0,00;0;0;0,00;26.881.593,51;;;;
SP;3502804;ARACATUBA;112.499.153,28;0,00;0;0;0,00;112.499.153,28;;;;
SP;3502903;ARACOIABA DA SERRA;33.166.653,98;0,00;0;0;0,00;33.166.653,98;;;;
SP;3503000;ARAMINA;3.675.770,53;0,00;0;0;0,00;3.675.770,53;;;;
SP;3503109;ARANDU;4.612.290,93;0,00;0;0;0,00;4.612.290,93;;;;
SP;3503158;ARAPEI;2.511.027,30;0,00;0;0;0,00;2.511.027,30;;;;
SP;3503208;ARARAQUARA;120.533.922,01;0,00;0;0;0,00;120.533.922,01;;;;
SP;3503307;ARARAS;89.797.898,69;0,00;0;0;0,00;89.797.898,69;;;;
SP;3503356;ARCO-IRIS;1.303.060,10;0,00;0;0;0,00;1.303.060,10;;;;
SP;3503406;AREALVA;4.660.125,55;0,00;0;0;0,00;4.660.125,55;;;;
SP;3503505;AREIAS;3.744.928,97;0,00;0;0;0,00;3.744.928,97;;;;
SP;3503604;AREIOPOLIS;10.709.182,86;0,00;0;0;0,00;10.709.182,86;;;;
SP;3503703;ARIRANHA;4.858.379,71;0,00;0;0;0,00;4.858.379,71;;;;
SP;3503802;ARTUR NOGUEIRA;33.550.483,24;0,00;0;0;0,00;33.550.483,24;;;;
SP;3503901;ARUJA;61.428.246,32;0,00;0;0;0,00;61.428.246,32;;;;
SP;3503950;ASPASIA;790.711,36;0,00;0;0;0,00;790.711,36;;;;
SP;3504008;ASSIS;64.365.174,32;0,00;0;0;0,00;64.365.174,32;;;;
SP;3504107;ATIBAIA;98.701.182,08;0,00;0;0;0,00;98.701.182,08;;;;
SP;3504206;AURIFLAMA;6.113.605,19;0,00;0;0;0,00;6.113.605,19;;;;
SP;3504305;AVAI;2.531.774,87;0,00;0;0;0,00;2.531.774,87;;;;
SP;3504404;AVANHANDAVA;8.121.504,95;0,00;0;0;0,00;8.121.504,95;;;;
SP;3504503;AVARE;55.726.998,25;0,00;0;0;0,00;55.726.998,25;;;;
SP;3504602;BADY BASSITT;18.394.989,67;0,00;0;0;0,00;18.394.989,67;;;;
SP;3504701;BALBINOS;1.033.918,52;0,00;0;0;0,00;1.033.918,52;;;;
SP;3504800;BALSAMO;5.316.554,30;0,00;0;0;0,00;5.316.554,30;;;;
SP;3504909;BANANAL;8.715.691,14;0,00;0;0;0,00;8.715.691,14;;;;
SP;3505005;BARAO DE ANTONINA;2.058.039,61;0,00;0;0;0,00;2.058.039,61;;;;
SP;3505104;BARBOSA;4.971.338,46;0,00;0;0;0,00;4.971.338,46;;;;
SP;3505203;BARIRI;23.725.952,01;0,00;0;0;0,00;23.725.952,01;;;;
SP;3505302;BARRA BONITA;15.221.770,39;0,00;0;0;0,00;15.221.770,39;;;;
SP;3505351;BARRA DO CHAPEU;4.047.208,95;0,00;0;0;0,00;4.047.208,95;;;;
SP;3505401;BARRA DO TURVO;4.380.898,36;0,00;0;0;0,00;4.380.898,36;;;;
SP;3505500;BARRETOS;88.618.171,18;0,00;0;0;0,00;88.618.171,18;;;;
SP;3505609;BARRINHA;37.290.801,66;0,00;0;0;0,00;37.290.801,66;;;;
SP;3505708;BARUERI;441.610.000,89;0,00;0;0;0,00;441.610.000,89;;;;
SP;3505807;BASTOS;7.507.723,88;0,00;0;0;0,00;7.507.723,88;;;;
SP;3505906;BATATAIS;29.404.435,41;0,00;0;0;0,00;29.404.435,41;;;;
SP;3506003;BAURU;146.846.975,63;0,00;0;0;0,00;146.846.975,63;;;;
SP;3506102;BEBEDOURO;45.199.068,12;0,00;0;0;0,00;45.199.068,12;;;;
SP;3506201;BENTO DE ABREU;1.860.361,74;0,00;0;0;0,00;1.860.361,74;;;;
SP;3506300;BERNARDINO DE CAMPOS;6.601.748,45;0,00;0;0;0,00;6.601.748,45;;;;
SP;3506359;BERTIOGA;55.715.760,00;0,00;0;0;0,00;55.715.760,00;;;;
SP;3506409;BILAC;4.943.098,78;0,00;0;0;0,00;4.943.098,78;;;;
SP;3506508;BIRIGUI;73.220.911,26;0,00;0;0;0,00;73.220.911,26;;;;
SP;3506607;BIRITIBA MIRIM;17.987.531,27;0,00;0;0;0,00;17.987.531,27;;;;
SP;3506706;BOA ESPERANCA DO SUL;13.913.523,45;0,00;0;0;0,00;13.913.523,45;;;;
SP;3506805;BOCAINA;7.482.942,11;0,00;0;0;0,00;7.482.942,11;;;;
SP;3506904;BOFETE;10.389.613,26;0,00;0;0;0,00;10.389.613,26;;;;
SP;3507001;BOITUVA;54.831.972,89;0,00;0;0;0,00;54.831.972,89;;;;
SP;3507100;BOM JESUS DOS PERDOES;16.861.401,52;0,00;0;0;0,00;16.861.401,52;;;;
SP;3507159;BOM SUCESSO DE ITARARE;3.406.629,00;0,00;0;0;0,00;3.406.629,00;;;;
SP;3507209;BORA;834.511,73;0,00;0;0;0,00;834.511,73;;;;
SP;3507308;BORACEIA;4.029.054,88;0,00;0;0;0,00;4.029.054,88;;;;
SP;3507407;BORBOREMA;5.130.402,86;0,00;0;0;0,00;5.130.402,86;;;;
SP;3507456;BOREBI;4.036.547,04;0,00;0;0;0,00;4.036.547,04;;;;
SP;3507506;BOTUCATU;98.395.156,01;0,00;0;0;0,00;98.395.156,01;;;;
SP;3507605;BRAGANCA PAULISTA;96.313.199,09;0,00;0;0;0,00;96.313.199,09;;;;
SP;3507704;BRAUNA;4.010.036,29;0,00;0;0;0,00;4.010.036,29;;;;
SP;3507753;BREJO ALEGRE;2.415.934,50;0,00;0;0;0,00;2.415.934,50;;;;
SP;3507803;BRODOWSKY;22.453.436,87;0,00;0;0;0,00;22.453.436,87;;;;
SP;3507902;BROTAS;16.410.719,05;0,00;0;0;0,00;16.410.719,05;;;;
SP;3508009;BURI;26.119.409,96;0,00;0;0;0,00;26.119.409,96;;;;
SP;3508108;BURITAMA;9.697.740,83;0,00;0;0;0,00;9.697.740,83;;;;
SP;3508207;BURITIZAL;4.476.279,38;0,00;0;0;0,00;4.476.279,38;;;;
SP;3508306;CABRALIA PAULISTA;2.910.417,24;0,00;0;0;0,00;2.910.417,24;;;;
SP;3508405;CABREUVA;40.223.695,40;0,00;0;0;0,00;40.223.695,40;;;;
SP;3508504;CACAPAVA;56.839.584,48;0,00;0;0;0,00;56.839.584,48;;;;
SP;3508603;CACHOEIRA PAULISTA;17.681.217,09;0,00;0;0;0,00;17.681.217,09;;;;
SP;3508702;CACONDE;8.562.389,93;0,00;0;0;0,00;8.562.389,93;;;;
SP;3508801;CAFELANDIA;9.347.914,45;0,00;0;0;0,00;9.347.914,45;;;;
SP;3508900;CAIABU;2.659.141,61;0,00;0;0;0,00;2.659.141,61;;;;
SP;3509007;CAIEIRAS;62.674.827,00;0,00;0;0;0,00;62.674.827,00;;;;
SP;3509106;CAIUA;2.396.627,74;0,00;0;0;0,00;2.396.627,74;;;;
SP;3509205;CAJAMAR;96.837.074,20;0,00;0;0;0,00;96.837.074,20;;;;
SP;3509254;CAJATI;22.375.345,46;0,00;0;0;0,00;22.375.345,46;;;;
SP;3509304;CAJOBI;8.367.593,68;0,00;0;0;0,00;8.367.593,68;;;;
SP;3509403;CAJURU;17.607.736,22;0,00;0;0;0,00;17.607.736,22;;;;
SP;3509452;CAMPINA DO MONTE ALEGRE;6.437.497,16;0,00;0;0;0,00;6.437.497,16;;;;
SP;3509502;CAMPINAS;421.055.827,40;0,00;0;0;0,00;421.055.827,40;;;;
SP;3509601;CAMPO LIMPO PAULISTA;70.501.832,30;0,00;0;0;0,00;70.501.832,30;;;;
SP;3509700;CAMPOS DO JORDAO;52.524.674,81;0,00;0;0;0,00;52.524.674,81;;;;
SP;3509809;CAMPOS NOVOS PAULISTA;3.486.737,52;0,00;0;0;0,00;3.486.737,52;;;;
SP;3509908;CANANEIA;8.318.606,47;0,00;0;0;0,00;8.318.606,47;;;;
SP;3509957;CANAS;5.352.286,15;0,00;0;0;0,00;5.352.286,15;;;;
SP;3510005;CANDIDO MOTA;15.405.616,56;0,00;0;0;0,00;15.405.616,56;;;;
SP;3510104;CANDIDO RODRIGUES;2.512.756,28;0,00;0;0;0,00;2.512.756,28;;;;
SP;3510153;CANITAR;6.090.552,40;0,00;0;0;0,00;6.090.552,40;;;;
SP;3510203;CAPAO BONITO;45.465.328,07;0,00;0;0;0,00;45.465.328,07;;;;
SP;3510302;CAPELA DO ALTO;23.321.663,35;0,00;0;0;0,00;23.321.663,35;;;;
SP;3510401;CAPIVARI;40.573.521,83;0,00;0;0;0,00;40.573.521,83;;;;
SP;3510500;CARAGUATATUBA;129.545.841,77;0,00;0;0;0,00;129.545.841,77;;;;
SP;3510609;CARAPICUIBA;95.167.762,63;0,00;0;0;0,00;95.167.762,63;;;;
SP;3510708;CARDOSO;8.179.136,96;0,00;0;0;0,00;8.179.136,96;;;;
SP;3510807;CASA BRANCA;18.099.913,73;0,00;0;0;0,00;18.099.913,73;;;;
SP;3510906;CASSIA DOS COQUEIROS;2.802.069,03;0,00;0;0;0,00;2.802.069,03;;;;
SP;3511003;CASTILHO;14.500.505,63;0,00;0;0;0,00;14.500.505,63;;;;
SP;3511102;CATANDUVA;67.168.972,33;0,00;0;0;0,00;67.168.972,33;;;;
SP;3511201;CATIGUA;4.199.069,35;0,00;0;0;0,00;4.199.069,35;;;;
SP;3511300;CEDRAL;10.895.334,30;0,00;0;0;0,00;10.895.334,30;;;;
SP;3511409;CERQUEIRA CESAR;14.315.794,95;0,00;0;0;0,00;14.315.794,95;;;;
SP;3511508;CERQUILHO;42.022.390,92;0,00;0;0;0,00;42.022.390,92;;;;
SP;3511607;CESARIO LANGE;21.947.427,72;0,00;0;0;0,00;21.947.427,72;;;;
SP;3511706;CHARQUEADA;14.263.926,12;0,00;0;0;0,00;14.263.926,12;;;;
SP;3557204;CHAVANTES;9.003.851,25;0,00;0;0;0,00;9.003.851,25;;;;
SP;3511904;CLEMENTINA;6.019.088,68;0,00;0;0;0,00;6.019.088,68;;;;
SP;3512001;COLINA;17.031.992,28;0,00;0;0;0,00;17.031.992,28;;;;
SP;3512100;COLOMBIA;9.296.621,92;0,00;0;0;0,00;9.296.621,92;;;;
SP;3512209;CONCHAL;22.554.869,25;0,00;0;0;0,00;22.554.869,25;;;;
SP;3512308;CONCHAS;14.923.524,66;0,00;0;0;0,00;14.923.524,66;;;;
SP;3512407;CORDEIROPOLIS;20.960.767,42;0,00;0;0;0,00;20.960.767,42;;;;
SP;3512506;COROADOS;3.687.296,95;0,00;0;0;0,00;3.687.296,95;;;;
SP;3512605;CORONEL MACEDO;2.851.056,29;0,00;0;0;0,00;2.851.056,29;;;;
SP;3512704;CORUMBATAI;4.665.888,74;0,00;0;0;0,00;4.665.888,74;;;;
SP;3512803;COSMOPOLIS;54.533.727,16;0,00;0;0;0,00;54.533.727,16;;;;
SP;3512902;COSMORAMA;6.711.825,63;0,00;0;0;0,00;6.711.825,63;;;;
SP;3513009;COTIA;189.359.238,74;0,00;0;0;0,00;189.359.238,74;;;;
SP;3513108;CRAVINHOS;25.004.806,63;0,00;0;0;0,00;25.004.806,63;;;;
SP;3513207;CRISTAIS PAULISTA;9.281.637,58;0,00;0;0;0,00;9.281.637,58;;;;
SP;3513306;CRUZALIA;981.473,40;0,00;0;0;0,00;981.473,40;;;;
SP;3513405;CRUZEIRO;44.235.460,67;0,00;0;0;0,00;44.235.460,67;;;;
SP;3513504;CUBATAO;96.283.518,60;0,00;0;0;0,00;96.283.518,60;;;;
SP;3513603;CUNHA;10.002.326,09;0,00;0;0;0,00;10.002.326,09;;;;
SP;3513702;DESCALVADO;25.560.955,63;0,00;0;0;0,00;25.560.955,63;;;;
SP;3513801;DIADEMA;200.836.080,16;0,00;0;0;0,00;200.836.080,16;;;;
SP;3513850;DIRCE REIS;499.669,68;0,00;0;0;0,00;499.669,68;;;;
SP;3513900;DIVINOLANDIA;8.079.721,74;0,00;0;0;0,00;8.079.721,74;;;;
SP;3514007;DOBRADA;3.775.473,93;0,00;0;0;0,00;3.775.473,93;;;;
SP;3514106;DOIS CORREGOS;20.420.179,04;0,00;0;0;0,00;20.420.179,04;;;;
SP;3514205;DOLCINOPOLIS;1.458.666,53;0,00;0;0;0,00;1.458.666,53;;;;
SP;3514304;DOURADO;6.125.707,91;0,00;0;0;0,00;6.125.707,91;;;;
SP;3514403;DRACENA;26.060.049,02;0,00;0;0;0,00;26.060.049,02;;;;
SP;3514502;DUARTINA;7.345.201,58;0,00;0;0;0,00;7.345.201,58;;;;
SP;3514601;DUMONT;9.360.017,17;0,00;0;0;0,00;9.360.017,17;;;;
SP;3514700;ECHAPORA;4.636.496,41;0,00;0;0;0,00;4.636.496,41;;;;
SP;3514809;ELDORADO;10.974.290,18;0,00;0;0;0,00;10.974.290,18;;;;
SP;3514908;ELIAS FAUSTO;17.669.978,83;0,00;0;0;0,00;17.669.978,83;;;;
SP;3514924;ELISIARIO;2.849.903,61;0,00;0;0;0,00;2.849.903,61;;;;
SP;3514957;EMBAUBA;1.477.108,78;0,00;0;0;0,00;1.477.108,78;;;;
SP;3515004;EMBU;163.627.115,95;0,00;0;0;0,00;163.627.115,95;;;;
SP;3515103;EMBU-GUACU;32.411.674,43;0,00;0;0;0,00;32.411.674,43;;;;
SP;3515129;EMILIANOPOLIS;3.145.555,94;0,00;0;0;0,00;3.145.555,94;;;;
SP;3515152;ENGENHEIRO COELHO;12.979.884,61;0,00;0;0;0,00;12.979.884,61;;;;
SP;3515186;ESPIRITO SANTO DO PINHAL;15.779.360,25;0,00;0;0;0,00;15.779.360,25;;;;
SP;3515194;ESPIRITO SANTO DO TURVO;3.730.520,98;0,00;0;0;0,00;3.730.520,98;;;;
SP;3557303;ESTIVA GERBI;12.448.517,39;0,00;0;0;0,00;12.448.517,39;;;;
SP;3515301;ESTRELA DO NORTE;1.995.797,05;0,00;0;0;0,00;1.995.797,05;;;;
SP;3515202;ESTRELA DOESTE;5.533.827,05;0,00;0;0;0,00;5.533.827,05;;;;
SP;3515350;EUCLIDES DA CUNHA PAULISTA;5.100.146,01;0,00;0;0;0,00;5.100.146,01;;;;
SP;3515400;FARTURA;12.380.511,59;0,00;0;0;0,00;12.380.511,59;;;;
SP;3515608;FERNANDO PRESTES;6.002.375,37;0,00;0;0;0,00;6.002.375,37;;;;
SP;3515509;FERNANDOPOLIS;41.767.657,39;0,00;0;0;0,00;41.767.657,39;;;;
SP;3515657;FERNAO;1.500.161,62;0,00;0;0;0,00;1.500.161,62;;;;
SP;3515707;FERRAZ DE VASCONCELOS;123.881.478,19;0,00;0;0;0,00;123.881.478,19;;;;
SP;3515806;FLORA RICA;1.345.707,78;0,00;0;0;0,00;1.345.707,78;;;;
SP;3515905;FLOREAL;1.633.291,60;0,00;0;0;0,00;1.633.291,60;;;;
SP;3516002;FLORIDA PAULISTA;5.947.624,97;0,00;0;0;0,00;5.947.624,97;;;;
SP;3516101;FLORINIA;1.343.978,80;0,00;0;0;0,00;1.343.978,80;;;;
SP;3516200;FRANCA;166.441.287,75;0,00;0;0;0,00;166.441.287,75;;;;
SP;3516309;FRANCISCO MORATO;140.672.280,47;0,00;0;0;0,00;140.672.280,47;;;;
SP;3516408;FRANCO DA ROCHA;106.482.369,92;0,00;0;0;0,00;106.482.369,92;;;;
SP;3516507;GABRIEL MONTEIRO;1.860.361,74;0,00;0;0;0,00;1.860.361,74;;;;
SP;3516606;GALIA;3.748.963,22;0,00;0;0;0,00;3.748.963,22;;;;
SP;3516705;GARCA;23.714.425,59;0,00;0;0;0,00;23.714.425,59;;;;
SP;3516804;GASTAO VIDIGAL;1.445.411,18;0,00;0;0;0,00;1.445.411,18;;;;
SP;3516853;GAVIAO PEIXOTO;6.530.284,74;0,00;0;0;0,00;6.530.284,74;;;;
SP;3516903;GENERAL SALGADO;8.833.836,78;0,00;0;0;0,00;8.833.836,78;;;;
SP;3517000;GETULINA;4.509.705,97;0,00;0;0;0,00;4.509.705,97;;;;
SP;3517109;GLICERIO;3.612.951,62;0,00;0;0;0,00;3.612.951,62;;;;
SP;3517208;GUAICARA;8.043.701,71;0,00;0;0;0,00;8.043.701,71;;;;
SP;3517307;GUAIMBE;3.872.295,76;0,00;0;0;0,00;3.872.295,76;;;;
SP;3517406;GUAIRA;24.118.426,07;0,00;0;0;0,00;24.118.426,07;;;;
SP;3517505;GUAPIACU;19.256.012,16;0,00;0;0;0,00;19.256.012,16;;;;
SP;3517604;GUAPIARA;13.452.467,24;0,00;0;0;0,00;13.452.467,24;;;;
SP;3517703;GUARA;18.985.717,94;0,00;0;0;0,00;18.985.717,94;;;;
SP;3517802;GUARACAI;3.735.707,87;0,00;0;0;0,00;3.735.707,87;;;;
SP;3517901;GUARACI;11.718.319,60;0,00;0;0;0,00;11.718.319,60;;;;
SP;3518008;GUARANI DOESTE;1.608.509,83;0,00;0;0;0,00;1.608.509,83;;;;
SP;3518107;GUARANTA;3.931.656,75;0,00;0;0;0,00;3.931.656,75;;;;
SP;3518206;GUARARAPES;20.777.497,59;0,00;0;0;0,00;20.777.497,59;;;;
SP;3518305;GUARAREMA;22.181.701,90;0,00;0;0;0,00;22.181.701,90;;;;
SP;3518404;GUARATINGUETA;77.063.814,64;0,00;0;0;0,00;77.063.814,64;;;;
SP;3518503;GUAREI;8.890.027,98;0,00;0;0;0,00;8.890.027,98;;;;
SP;3518602;GUARIBA;38.945.993,42;0,00;0;0;0,00;38.945.993,42;;;;
SP;3518701;GUARUJA;209.757.517,63;0,00;0;0;0,00;209.757.517,63;;;;
SP;3518800;GUARULHOS;728.299.932,16;0,00;0;0;0,00;728.299.932,16;;;;
SP;3518859;GUATAPARA;8.996.647,26;0,00;0;0;0,00;8.996.647,26;;;;
SP;3518909;GUZOLANDIA;2.832.614,00;0,00;0;0;0,00;2.832.614,00;;;;
SP;3519006;HERCULANDIA;2.710.434,15;0,00;0;0;0,00;2.710.434,15;;;;
SP;3519055;HOLAMBRA;15.694.641,19;0,00;0;0;0,00;15.694.641,19;;;;
SP;3519071;HORTOLANDIA;163.737.769,48;0,00;0;0;0,00;163.737.769,48;;;;
SP;3519105;IACANGA;10.344.948,48;0,00;0;0;0,00;10.344.948,48;;;;
SP;3519204;IACRI;1.762.387,32;0,00;0;0;0,00;1.762.387,32;;;;
SP;3519253;IARAS;6.600.595,81;0,00;0;0;0,00;6.600.595,81;;;;
SP;3519303;IBATE;25.746.530,78;0,00;0;0;0,00;25.746.530,78;;;;
SP;3519402;IBIRA;11.318.929,67;0,00;0;0;0,00;11.318.929,67;;;;
SP;3519501;IBIRAREMA;4.727.555,01;0,00;0;0;0,00;4.727.555,01;;;;
SP;3519600;IBITINGA;27.833.674,54;0,00;0;0;0,00;27.833.674,54;;;;
SP;3519709;IBIUNA;53.095.808,15;0,00;0;0;0,00;53.095.808,15;;;;
SP;3519808;ICEM;6.578.695,65;0,00;0;0;0,00;6.578.695,65;;;;
SP;3519907;IEPE;5.056.633,87;0,00;0;0;0,00;5.056.633,87;;;;
SP;3520004;IGARACU DO TIETE;13.922.744,54;0,00;0;0;0,00;13.922.744,54;;;;
SP;3520103;IGARAPAVA;21.906.797,14;0,00;0;0;0,00;21.906.797,14;;;;
SP;3520202;IGARATA;10.593.342,49;0,00;0;0;0,00;10.593.342,49;;;;
SP;3520301;IGUAPE;18.722.627,73;0,00;0;0;0,00;18.722.627,73;;;;
SP;3520426;ILHA COMPRIDA;15.109.964,27;0,00;0;0;0,00;15.109.964,27;;;;
SP;3520442;ILHA SOLTEIRA;17.258.486,18;0,00;0;0;0,00;17.258.486,18;;;;
SP;3520400;ILHABELA;44.180.133,93;0,00;0;0;0,00;44.180.133,93;;;;
SP;3520509;INDAIATUBA;163.855.338,78;0,00;0;0;0,00;163.855.338,78;;;;
SP;3520608;INDIANA;3.014.154,89;0,00;0;0;0,00;3.014.154,89;;;;
SP;3520707;INDIAPORA;2.783.050,50;0,00;0;0;0,00;2.783.050,50;;;;
SP;3520806;INUBIA PAULISTA;2.079.363,47;0,00;0;0;0,00;2.079.363,47;;;;
SP;3520905;IPAUSSU;14.858.112,31;0,00;0;0;0,00;14.858.112,31;;;;
SP;3521002;IPERO;35.063.323,93;0,00;0;0;0,00;35.063.323,93;;;;
SP;3521101;IPEUNA;6.056.549,47;0,00;0;0;0,00;6.056.549,47;;;;
SP;3521150;IPIGUA;4.016.375,82;0,00;0;0;0,00;4.016.375,82;;;;
SP;3521200;IPORANGA;3.327.673,13;0,00;0;0;0,00;3.327.673,13;;;;
SP;3521309;IPUA;14.166.528,05;0,00;0;0;0,00;14.166.528,05;;;;
SP;3521408;IRACEMAPOLIS;14.062.214,05;0,00;0;0;0,00;14.062.214,05;;;;
SP;3521507;IRAPUA;4.616.901,53;0,00;0;0;0,00;4.616.901,53;;;;
SP;3521606;IRAPURU;3.142.674,32;0,00;0;0;0,00;3.142.674,32;;;;
SP;3521705;ITABERA;5.339.030,80;0,00;0;0;0,00;5.339.030,80;;;;
SP;3521804;ITAI;16.338.679,05;0,00;0;0;0,00;16.338.679,05;;;;
SP;3521903;ITAJOBI;13.726.795,66;0,00;0;0;0,00;13.726.795,66;;;;
SP;3522000;ITAJU;2.774.981,98;0,00;0;0;0,00;2.774.981,98;;;;
SP;3522109;ITANHAEM;114.583.991,81;0,00;0;0;0,00;114.583.991,81;;;;
SP;3522158;ITAOCA;1.820.595,68;0,00;0;0;0,00;1.820.595,68;;;;
SP;3522208;ITAPECERICA DA SERRA;106.679.759,56;0,00;0;0;0,00;106.679.759,56;;;;
SP;3522307;ITAPETININGA;94.736.675,09;0,00;0;0;0,00;94.736.675,09;;;;
SP;3522406;ITAPEVA;99.506.013,31;0,00;0;0;0,00;99.506.013,31;;;;
SP;3522505;ITAPEVI;178.618.934,58;0,00;0;0;0,00;178.618.934,58;;;;
SP;3522604;ITAPIRA;37.084.190,87;0,00;0;0;0,00;37.084.190,87;;;;
SP;3522653;ITAPIRAPUA PAULISTA;3.057.667,09;0,00;0;0;0,00;3.057.667,09;;;;
SP;3522703;ITAPOLIS;16.196.327,92;0,00;0;0;0,00;16.196.327,92;;;;
SP;3522802;ITAPORANGA;9.248.211,05;0,00;0;0;0,00;9.248.211,05;;;;
SP;3522901;ITAPUI;10.440.617,62;0,00;0;0;0,00;10.440.617,62;;;;
SP;3523008;ITAPURA;2.936.928,00;0,00;0;0;0,00;2.936.928,00;;;;
SP;3523107;ITAQUAQUECETUBA;241.149.105,23;0,00;0;0;0,00;241.149.105,23;;;;
SP;3523206;ITARARE;33.170.688,24;0,00;0;0;0,00;33.170.688,24;;;;
SP;3523305;ITARIRI;9.326.302,41;0,00;0;0;0,00;9.326.302,41;;;;
SP;3523404;ITATIBA;96.895.282,56;0,00;0;0;0,00;96.895.282,56;;;;
SP;3523503;ITATINGA;17.097.116,46;0,00;0;0;0,00;17.097.116,46;;;;
SP;3523602;ITIRAPINA;12.904.962,99;0,00;0;0;0,00;12.904.962,99;;;;
SP;3523701;ITIRAPUA;4.170.829,66;0,00;0;0;0,00;4.170.829,66;;;;
SP;3523800;ITOBI;2.032.681,54;0,00;0;0;0,00;2.032.681,54;;;;
SP;3523909;ITU;105.226.856,22;0,00;0;0;0,00;105.226.856,22;;;;
SP;3524006;ITUPEVA;44.599.695,04;0,00;0;0;0,00;44.599.695,04;;;;
SP;3524105;ITUVERAVA;30.640.066,00;0,00;0;0;0,00;30.640.066,00;;;;
SP;3524204;JABORANDI;7.463.923,52;0,00;0;0;0,00;7.463.923,52;;;;
SP;3524303;JABOTICABAL;39.404.168,00;0,00;0;0;0,00;39.404.168,00;;;;
SP;3524402;JACAREI;136.692.212,85;0,00;0;0;0,00;136.692.212,85;;;;
SP;3524501;JACI;5.502.705,74;0,00;0;0;0,00;5.502.705,74;;;;
SP;3524600;JACUPIRANGA;10.349.847,20;0,00;0;0;0,00;10.349.847,20;;;;
SP;3524709;JAGUARIUNA;56.958.018,30;0,00;0;0;0,00;56.958.018,30;;;;
SP;3524808;JALES;25.436.470,51;0,00;0;0;0,00;25.436.470,51;;;;
SP;3524907;JAMBEIRO;6.600.595,81;0,00;0;0;0,00;6.600.595,81;;;;
SP;3525003;JANDIRA;70.693.170,64;0,00;0;0;0,00;70.693.170,64;;;;
SP;3525102;JARDINOPOLIS;42.440.223,10;0,00;0;0;0,00;42.440.223,10;;;;
SP;3525201;JARINU;27.780.364,96;0,00;0;0;0,00;27.780.364,96;;;;
SP;3525300;JAU;70.142.208,48;0,00;0;0;0,00;70.142.208,48;;;;
SP;3525409;JERIQUARA;4.822.647,86;0,00;0;0;0,00;4.822.647,86;;;;
SP;3525508;JOANOPOLIS;12.748.203,87;0,00;0;0;0,00;12.748.203,87;;;;
SP;3525607;JOAO RAMALHO;3.460.803,11;0,00;0;0;0,00;3.460.803,11;;;;
SP;3525706;JOSE BONIFACIO;18.694.676,21;0,00;0;0;0,00;18.694.676,21;;;;
SP;3525805;JULIO MESQUITA;3.069.481,63;0,00;0;0;0,00;3.069.481,63;;;;
SP;3525854;JUMIRIM;3.827.342,75;0,00;0;0;0,00;3.827.342,75;;;;
SP;3525904;JUNDIAI;216.543.112,24;0,00;0;0;0,00;216.543.112,24;;;;
SP;3526001;JUNQUEIROPOLIS;13.856.467,73;0,00;0;0;0,00;13.856.467,73;;;;
SP;3526100;JUQUIA;11.939.338,44;0,00;0;0;0,00;11.939.338,44;;;;
SP;3526209;JUQUITIBA;16.150.798,62;0,00;0;0;0,00;16.150.798,62;;;;
SP;3526308;LAGOINHA;2.838.953,53;0,00;0;0;0,00;2.838.953,53;;;;
SP;3526407;LARANJAL PAULISTA;25.889.170,03;0,00;0;0;0,00;25.889.170,03;;;;
SP;3526506;LAVINIA;3.722.452,46;0,00;0;0;0,00;3.722.452,46;;;;
SP;3526605;LAVRINHAS;5.860.024,29;0,00;0;0;0,00;5.860.024,29;;;;
SP;3526704;LEME;67.994.262,91;0,00;0;0;0,00;67.994.262,91;;;;
SP;3526803;LENCOIS PAULISTA;52.694.112,94;0,00;0;0;0,00;52.694.112,94;;;;
SP;3526902;LIMEIRA;156.060.319,24;0,00;0;0;0,00;156.060.319,24;;;;
SP;3527009;LINDOIA;6.986.154,05;0,00;0;0;0,00;6.986.154,05;;;;
SP;3527108;LINS;27.330.258,83;0,00;0;0;0,00;27.330.258,83;;;;
SP;3527207;LORENA;53.081.111,99;0,00;0;0;0,00;53.081.111,99;;;;
SP;3527256;LOURDES;1.611.967,74;0,00;0;0;0,00;1.611.967,74;;;;
SP;3527306;LOUVEIRA;39.973.572,41;0,00;0;0;0,00;39.973.572,41;;;;
SP;3527405;LUCELIA;13.567.731,27;0,00;0;0;0,00;13.567.731,27;;;;
SP;3527504;LUCIANOPOLIS;1.512.264,34;0,00;0;0;0,00;1.512.264,34;;;;
SP;3527603;LUIS ANTONIO;14.202.259,91;0,00;0;0;0,00;14.202.259,91;;;;
SP;3527702;LUIZIANIA;4.155.845,33;0,00;0;0;0,00;4.155.845,33;;;;
SP;3527801;LUPERCIO;3.481.550,63;0,00;0;0;0,00;3.481.550,63;;;;
SP;3527900;LUTECIA;1.966.981,01;0,00;0;0;0,00;1.966.981,01;;;;
SP;3528007;MACATUBA;12.498.657,23;0,00;0;0;0,00;12.498.657,23;;;;
SP;3528106;MACAUBAL;3.326.520,49;0,00;0;0;0,00;3.326.520,49;;;;
SP;3528205;MACEDONIA;2.592.288,45;0,00;0;0;0,00;2.592.288,45;;;;
SP;3528304;MAGDA;1.970.438,93;0,00;0;0;0,00;1.970.438,93;;;;
SP;3528403;MAIRINQUE;52.643.108,63;0,00;0;0;0,00;52.643.108,63;;;;
SP;3528502;MAIRIPORA;56.242.516,73;0,00;0;0;0,00;56.242.516,73;;;;
SP;3528601;MANDURI;5.936.386,72;0,00;0;0;0,00;5.936.386,72;;;;
SP;3528700;MARABA PAULISTA;2.247.072,67;0,00;0;0;0,00;2.247.072,67;;;;
SP;3528809;MARACAI;7.389.578,24;0,00;0;0;0,00;7.389.578,24;;;;
SP;3528858;MARAPOAMA;2.112.790,05;0,00;0;0;0,00;2.112.790,05;;;;
SP;3528908;MARIAPOLIS;2.034.410,47;0,00;0;0;0,00;2.034.410,47;;;;
SP;3529005;MARILIA;121.785.401,46;0,00;0;0;0,00;121.785.401,46;;;;
SP;3529104;MARINOPOLIS;1.040.258,05;0,00;0;0;0,00;1.040.258,05;;;;
SP;3529203;MARTINOPOLIS;14.459.875,01;0,00;0;0;0,00;14.459.875,01;;;;
SP;3529302;MATAO;38.331.059,71;0,00;0;0;0,00;38.331.059,71;;;;
SP;3529401;MAUA;117.029.894,93;0,00;0;0;0,00;117.029.894,93;;;;
SP;3529500;MENDONCA;4.103.400,15;0,00;0;0;0,00;4.103.400,15;;;;
SP;3529609;MERIDIANO;3.463.684,67;0,00;0;0;0,00;3.463.684,67;;;;
SP;3529658;MESOPOLIS;1.444.834,88;0,00;0;0;0,00;1.444.834,88;;;;
SP;3529708;MIGUELOPOLIS;17.346.086,81;0,00;0;0;0,00;17.346.086,81;;;;
SP;3529807;MINEIROS DO TIETE;7.764.762,69;0,00;0;0;0,00;7.764.762,69;;;;
SP;3530003;MIRA ESTRELA;2.013.086,60;0,00;0;0;0,00;2.013.086,60;;;;
SP;3529906;MIRACATU;14.000.547,78;0,00;0;0;0,00;14.000.547,78;;;;
SP;3530102;MIRANDOPOLIS;11.056.703,97;0,00;0;0;0,00;11.056.703,97;;;;
SP;3530201;MIRANTE DO PARANAPANEMA;8.347.710,63;0,00;0;0;0,00;8.347.710,63;;;;
SP;3530300;MIRASSOL;30.336.345,21;0,00;0;0;0,00;30.336.345,21;;;;
SP;3530409;MIRASSOLANDIA;3.360.523,36;0,00;0;0;0,00;3.360.523,36;;;;
SP;3530508;MOCOCA;29.350.261,31;0,00;0;0;0,00;29.350.261,31;;;;
SP;3530607;MOGI DAS CRUZES;311.930.741,01;0,00;0;0;0,00;311.930.741,01;;;;
SP;3530805;MOGI MIRIM;57.105.268,15;0,00;0;0;0,00;57.105.268,15;;;;
SP;3530706;MOGI-GUACU;105.281.318,49;0,00;0;0;0,00;105.281.318,49;;;;
SP;3530904;MOMBUCA;4.963.846,30;0,00;0;0;0,00;4.963.846,30;;;;
SP;3531001;MONCOES;1.565.862,10;0,00;0;0;0,00;1.565.862,10;;;;
SP;3531100;MONGAGUA;65.265.386,52;0,00;0;0;0,00;65.265.386,52;;;;
SP;3531209;MONTE ALEGRE DO SUL;6.871.178,14;0,00;0;0;0,00;6.871.178,14;;;;
SP;3531308;MONTE ALTO;28.126.733,38;0,00;0;0;0,00;28.126.733,38;;;;
SP;3531407;MONTE APRAZIVEL;17.581.801,81;0,00;0;0;0,00;17.581.801,81;;;;
SP;3531506;MONTE AZUL PAULISTA;13.999.395,15;0,00;0;0;0,00;13.999.395,15;;;;
SP;3531605;MONTE CASTELO;2.498.348,29;0,00;0;0;0,00;2.498.348,29;;;;
SP;3531803;MONTE MOR;67.043.910,82;0,00;0;0;0,00;67.043.910,82;;;;
SP;3531704;MONTEIRO LOBATO;3.218.460,41;0,00;0;0;0,00;3.218.460,41;;;;
SP;3531902;MORRO AGUDO;24.406.586,19;0,00;0;0;0,00;24.406.586,19;;;;
SP;3532009;MORUNGABA;10.939.710,96;0,00;0;0;0,00;10.939.710,96;;;;
SP;3532058;MOTUCA;4.230.766,95;0,00;0;0;0,00;4.230.766,95;;;;
SP;3532108;MURUTINGA DO SUL;2.545.030,23;0,00;0;0;0,00;2.545.030,23;;;;
SP;3532157;NANTES;2.112.790,05;0,00;0;0;0,00;2.112.790,05;;;;
SP;3532207;NARANDIBA;7.111.791,86;0,00;0;0;0,00;7.111.791,86;;;;
SP;3532306;NATIVIDADE DA SERRA;4.624.105,53;0,00;0;0;0,00;4.624.105,53;;;;
SP;3532405;NAZARE PAULISTA;10.129.116,54;0,00;0;0;0,00;10.129.116,54;;;;
SP;3532504;NEVES PAULISTA;5.156.913,56;0,00;0;0;0,00;5.156.913,56;;;;
SP;3532603;NHANDEARA;4.346.030,97;0,00;0;0;0,00;4.346.030,97;;;;
SP;3532702;NIPOA;3.166.303,46;0,00;0;0;0,00;3.166.303,46;;;;
SP;3532801;NOVA ALIANCA;5.477.923,97;0,00;0;0;0,00;5.477.923,97;;;;
SP;3532827;NOVA CAMPINA;10.419.870,10;0,00;0;0;0,00;10.419.870,10;;;;
SP;3532843;NOVA CANAA PAULISTA;1.053.513,41;0,00;0;0;0,00;1.053.513,41;;;;
SP;3532868;NOVA CASTILHO;988.965,57;0,00;0;0;0,00;988.965,57;;;;
SP;3532900;NOVA EUROPA;9.777.273,00;0,00;0;0;0,00;9.777.273,00;;;;
SP;3533007;NOVA GRANADA;11.210.581,46;0,00;0;0;0,00;11.210.581,46;;;;
SP;3533106;NOVA GUATAPORANGA;1.558.946,27;0,00;0;0;0,00;1.558.946,27;;;;
SP;3533205;NOVA INDEPENDENCIA;5.569.558,90;0,00;0;0;0,00;5.569.558,90;;;;
SP;3533304;NOVA LUZITANIA;2.090.313,55;0,00;0;0;0,00;2.090.313,55;;;;
SP;3533403;NOVA ODESSA;35.890.919,78;0,00;0;0;0,00;35.890.919,78;;;;
SP;3533254;NOVAIS;5.583.390,55;0,00;0;0;0,00;5.583.390,55;;;;
SP;3533502;NOVO HORIZONTE;31.279.205,14;0,00;0;0;0,00;31.279.205,14;;;;
SP;3533601;NUPORANGA;6.994.798,85;0,00;0;0;0,00;6.994.798,85;;;;
SP;3533700;OCAUCU;3.510.366,66;0,00;0;0;0,00;3.510.366,66;;;;
SP;3533809;OLEO;1.692.364,42;0,00;0;0;0,00;1.692.364,42;;;;
SP;3533908;OLIMPIA;38.448.629,07;0,00;0;0;0,00;38.448.629,07;;;;
SP;3534005;ONDA VERDE;3.183.016,73;0,00;0;0;0,00;3.183.016,73;;;;
SP;3534104;ORIENTE;2.326.604,84;0,00;0;0;0,00;2.326.604,84;;;;
SP;3534203;ORINDIUVA;6.673.788,50;0,00;0;0;0,00;6.673.788,50;;;;
SP;3534302;ORLANDIA;35.225.846,23;0,00;0;0;0,00;35.225.846,23;;;;
SP;3534401;OSASCO;442.579.947,87;0,00;0;0;0,00;442.579.947,87;;;;
SP;3534500;OSCAR BRESSANE;2.570.964,64;0,00;0;0;0,00;2.570.964,64;;;;
SP;3534609;OSVALDO CRUZ;16.177.309,38;0,00;0;0;0,00;16.177.309,38;;;;
SP;3534708;OURINHOS;63.749.664,27;0,00;0;0;0,00;63.749.664,27;;;;
SP;3534807;OURO VERDE;8.547.405,59;0,00;0;0;0,00;8.547.405,59;;;;
SP;3534757;OUROESTE;8.252.905,95;0,00;0;0;0,00;8.252.905,95;;;;
SP;3534906;PACAEMBU;5.958.575,05;0,00;0;0;0,00;5.958.575,05;;;;
SP;3535002;PALESTINA;10.588.155,59;0,00;0;0;0,00;10.588.155,59;;;;
SP;3535101;PALMARES PAULISTA;6.574.661,40;0,00;0;0;0,00;6.574.661,40;;;;
SP;3535200;PALMEIRA DOESTE;3.732.826,25;0,00;0;0;0,00;3.732.826,25;;;;
SP;3535309;PALMITAL;12.793.156,88;0,00;0;0;0,00;12.793.156,88;;;;
SP;3535408;PANORAMA;10.046.990,87;0,00;0;0;0,00;10.046.990,87;;;;
SP;3535507;PARAGUACU PAULISTA;37.006.675,80;0,00;0;0;0,00;37.006.675,80;;;;
SP;3535606;PARAIBUNA;11.022.412,92;0,00;0;0;0,00;11.022.412,92;;;;
SP;3535705;PARAISO;5.537.284,96;0,00;0;0;0,00;5.537.284,96;;;;
SP;3535804;PARANAPANEMA;18.782.565,06;0,00;0;0;0,00;18.782.565,06;;;;
SP;3535903;PARANAPUA;2.635.512,48;0,00;0;0;0,00;2.635.512,48;;;;
SP;3536000;PARAPUA;5.247.972,21;0,00;0;0;0,00;5.247.972,21;;;;
SP;3536109;PARDINHO;8.164.152,63;0,00;0;0;0,00;8.164.152,63;;;;
SP;3536208;PARIQUERA-ACU;10.715.810,56;0,00;0;0;0,00;10.715.810,56;;;;
SP;3536257;PARISI;2.145.063,94;0,00;0;0;0,00;2.145.063,94;;;;
SP;3536307;PATROCINIO PAULISTA;9.710.419,84;0,00;0;0;0,00;9.710.419,84;;;;
SP;3536406;PAULICEIA;5.779.339,43;0,00;0;0;0,00;5.779.339,43;;;;
SP;3536505;PAULINIA;88.073.260,38;0,00;0;0;0,00;88.073.260,38;;;;
SP;3536570;PAULISTANIA;1.594.101,78;0,00;0;0;0,00;1.594.101,78;;;;
SP;3536604;PAULO DE FARIA;6.617.885,42;0,00;0;0;0,00;6.617.885,42;;;;
SP;3536703;PEDERNEIRAS;29.502.409,83;0,00;0;0;0,00;29.502.409,83;;;;
SP;3536802;PEDRA BELA;5.826.885,88;0,00;0;0;0,00;5.826.885,88;;;;
SP;3536901;PEDRANOPOLIS;1.280.583,60;0,00;0;0;0,00;1.280.583,60;;;;
SP;3537008;PEDREGULHO;10.166.865,50;0,00;0;0;0,00;10.166.865,50;;;;
SP;3537107;PEDREIRA;27.184.449,79;0,00;0;0;0,00;27.184.449,79;;;;
SP;3537156;PEDRINHAS PAULISTA;2.531.774,87;0,00;0;0;0,00;2.531.774,87;;;;
SP;3537206;PEDRO DE TOLEDO;7.196.510,92;0,00;0;0;0,00;7.196.510,92;;;;
SP;3537305;PENAPOLIS;39.161.537,19;0,00;0;0;0,00;39.161.537,19;;;;
SP;3537404;PEREIRA BARRETO;16.976.089,25;0,00;0;0;0,00;16.976.089,25;;;;
SP;3537503;PEREIRAS;5.507.316,29;0,00;0;0;0,00;5.507.316,29;;;;
SP;3537602;PERUIBE;50.980.424,70;0,00;0;0;0,00;50.980.424,70;;;;
SP;3537701;PIACATU;4.129.334,57;0,00;0;0;0,00;4.129.334,57;;;;
SP;3537800;PIEDADE;33.915.293,96;0,00;0;0;0,00;33.915.293,96;;;;
SP;3537909;PILAR DO SUL;21.228.756,36;0,00;0;0;0,00;21.228.756,36;;;;
SP;3538006;PINDAMONHANGABA;87.560.047,17;0,00;0;0;0,00;87.560.047,17;;;;
SP;3538105;PINDORAMA;12.179.952,15;0,00;0;0;0,00;12.179.952,15;;;;
SP;3538204;PINHALZINHO;14.238.856,23;0,00;0;0;0,00;14.238.856,23;;;;
SP;3538303;PIQUEROBI;1.924.909,63;0,00;0;0;0,00;1.924.909,63;;;;
SP;3538501;PIQUETE;6.000.646,44;0,00;0;0;0,00;6.000.646,44;;;;
SP;3538600;PIRACAIA;20.703.728,61;0,00;0;0;0,00;20.703.728,61;;;;
SP;3538709;PIRACICABA;236.151.832,35;0,00;0;0;0,00;236.151.832,35;;;;
SP;3538808;PIRAJU;20.302.033,40;0,00;0;0;0,00;20.302.033,40;;;;
SP;3538907;PIRAJUI;10.391.054,07;0,00;0;0;0,00;10.391.054,07;;;;
SP;3539004;PIRANGI;5.388.594,30;0,00;0;0;0,00;5.388.594,30;;;;
SP;3539103;PIRAPORA DO BOM JESUS;23.400.619,23;0,00;0;0;0,00;23.400.619,23;;;;
SP;3539202;PIRAPOZINHO;15.406.192,90;0,00;0;0;0,00;15.406.192,90;;;;
SP;3539301;PIRASSUNUNGA;36.500.666,59;0,00;0;0;0,00;36.500.666,59;;;;
SP;3539400;PIRATININGA;6.587.916,75;0,00;0;0;0,00;6.587.916,75;;;;
SP;3539509;PITANGUEIRAS;25.326.393,33;0,00;0;0;0,00;25.326.393,33;;;;
SP;3539608;PLANALTO;2.853.937,86;0,00;0;0;0,00;2.853.937,86;;;;
SP;3539707;PLATINA;2.492.585,05;0,00;0;0;0,00;2.492.585,05;;;;
SP;3539806;POA;90.164.726,56;0,00;0;0;0,00;90.164.726,56;;;;
SP;3539905;POLONI;2.379.626,30;0,00;0;0;0,00;2.379.626,30;;;;
SP;3540002;POMPEIA;11.835.888,96;0,00;0;0;0,00;11.835.888,96;;;;
SP;3540101;PONGAI;1.964.099,39;0,00;0;0;0,00;1.964.099,39;;;;
SP;3540200;PONTAL;29.346.803,35;0,00;0;0;0,00;29.346.803,35;;;;
SP;3540259;PONTALINDA;3.052.192,02;0,00;0;0;0,00;3.052.192,02;;;;
SP;3540309;PONTES GESTAL;1.650.004,87;0,00;0;0;0,00;1.650.004,87;;;;
SP;3540408;POPULINA;2.869.498,54;0,00;0;0;0,00;2.869.498,54;;;;
SP;3540507;PORANGABA;5.388.594,30;0,00;0;0;0,00;5.388.594,30;;;;
SP;3540606;PORTO FELIZ;49.639.039,30;0,00;0;0;0,00;49.639.039,30;;;;
SP;3540705;PORTO FERREIRA;37.040.678,67;0,00;0;0;0,00;37.040.678,67;;;;
SP;3540754;POTIM;18.552.901,43;0,00;0;0;0,00;18.552.901,43;;;;
SP;3540804;POTIRENDABA;15.915.659,97;0,00;0;0;0,00;15.915.659,97;;;;
SP;3540853;PRACINHA;909.433,35;0,00;0;0;0,00;909.433,35;;;;
SP;3540903;PRADOPOLIS;18.774.784,72;0,00;0;0;0,00;18.774.784,72;;;;
SP;3541000;PRAIA GRANDE;329.253.486,86;0,00;0;0;0,00;329.253.486,86;;;;
SP;3541059;PRATANIA;4.499.332,18;0,00;0;0;0,00;4.499.332,18;;;;
SP;3541109;PRESIDENTE ALVES;871.396,22;0,00;0;0;0,00;871.396,22;;;;
SP;3541208;PRESIDENTE BERNARDES;7.554.117,65;0,00;0;0;0,00;7.554.117,65;;;;
SP;3541307;PRESIDENTE EPITACIO;16.340.984,32;0,00;0;0;0,00;16.340.984,32;;;;
SP;3541406;PRESIDENTE PRUDENTE;119.183.603,68;0,00;0;0;0,00;119.183.603,68;;;;
SP;3541505;PRESIDENTE VENCESLAU;16.809.820,86;0,00;0;0;0,00;16.809.820,86;;;;
SP;3541604;PROMISSAO;17.102.591,53;0,00;0;0;0,00;17.102.591,53;;;;
SP;3541653;QUADRA;4.852.616,47;0,00;0;0;0,00;4.852.616,47;;;;
SP;3541703;QUATA;8.222.937,28;0,00;0;0;0,00;8.222.937,28;;;;
SP;3541802;QUEIROZ;2.969.201,94;0,00;0;0;0,00;2.969.201,94;;;;
SP;3541901;QUELUZ;9.805.800,86;0,00;0;0;0,00;9.805.800,86;;;;
SP;3542008;QUINTANA;6.055.396,83;0,00;0;0;0,00;6.055.396,83;;;;
SP;3542107;RAFARD;6.383.323,06;0,00;0;0;0,00;6.383.323,06;;;;
SP;3542206;RANCHARIA;19.957.393,91;0,00;0;0;0,00;19.957.393,91;;;;
SP;3542305;REDENCAO DA SERRA;2.140.453,40;0,00;0;0;0,00;2.140.453,40;;;;
SP;3542404;REGENTE FEIJO;12.273.892,31;0,00;0;0;0,00;12.273.892,31;;;;
SP;3542503;REGINOPOLIS;3.693.060,14;0,00;0;0;0,00;3.693.060,14;;;;
SP;3542602;REGISTRO;37.301.463,62;0,00;0;0;0,00;37.301.463,62;;;;
SP;3542701;RESTINGA;9.398.630,59;0,00;0;0;0,00;9.398.630,59;;;;
SP;3542800;RIBEIRA;2.546.759,16;0,00;0;0;0,00;2.546.759,16;;;;
SP;3542909;RIBEIRAO BONITO;11.247.465,96;0,00;0;0;0,00;11.247.465,96;;;;
SP;3543006;RIBEIRAO BRANCO;13.787.885,63;0,00;0;0;0,00;13.787.885,63;;;;
SP;3543105;RIBEIRAO CORRENTE;6.552.184,89;0,00;0;0;0,00;6.552.184,89;;;;
SP;3543204;RIBEIRAO DO SUL;2.947.301,73;0,00;0;0;0,00;2.947.301,73;;;;
SP;3543238;RIBEIRAO DOS INDIOS;1.303.060,10;0,00;0;0;0,00;1.303.060,10;;;;
SP;3543253;RIBEIRAO GRANDE;5.390.611,46;0,00;0;0;0,00;5.390.611,46;;;;
SP;3543303;RIBEIRAO PIRES;49.100.756,20;0,00;0;0;0,00;49.100.756,20;;;;
SP;3543402;RIBEIRAO PRETO;284.738.510,88;0,00;0;0;0,00;284.738.510,88;;;;
SP;3543600;RIFAINA;2.788.237,34;0,00;0;0;0,00;2.788.237,34;;;;
SP;3543709;RINCAO;6.881.263,76;0,00;0;0;0,00;6.881.263,76;;;;
SP;3543808;RINOPOLIS;2.917.333,11;0,00;0;0;0,00;2.917.333,11;;;;
SP;3543907;RIO CLARO;118.681.340,61;0,00;0;0;0,00;118.681.340,61;;;;
SP;3544004;RIO DAS PEDRAS;29.058.066,94;0,00;0;0;0,00;29.058.066,94;;;;
SP;3544103;RIO GRANDE DA SERRA;11.531.015,52;0,00;0;0;0,00;11.531.015,52;;;;
SP;3544202;RIOLANDIA;10.326.506,24;0,00;0;0;0,00;10.326.506,24;;;;
SP;3543501;RIVERSUL;3.649.259,82;0,00;0;0;0,00;3.649.259,82;;;;
SP;3544251;ROSANA;9.167.238,02;0,00;0;0;0,00;9.167.238,02;;;;
SP;3544301;ROSEIRA;14.016.684,76;0,00;0;0;0,00;14.016.684,76;;;;
SP;3544400;RUBIACEA;2.845.004,89;0,00;0;0;0,00;2.845.004,89;;;;
SP;3544509;RUBINEIA;2.891.398,70;0,00;0;0;0,00;2.891.398,70;;;;
SP;3544608;SABINO;3.784.695,08;0,00;0;0;0,00;3.784.695,08;;;;
SP;3544707;SAGRES;1.672.481,37;0,00;0;0;0,00;1.672.481,37;;;;
SP;3544806;SALES;3.670.007,34;0,00;0;0;0,00;3.670.007,34;;;;
SP;3544905;SALES OLIVEIRA;6.830.547,57;0,00;0;0;0,00;6.830.547,57;;;;
SP;3545001;SALESOPOLIS;9.938.066,38;0,00;0;0;0,00;9.938.066,38;;;;
SP;3545100;SALMOURAO;3.229.122,37;0,00;0;0;0,00;3.229.122,37;;;;
SP;3545159;SALTINHO;5.446.226,37;0,00;0;0;0,00;5.446.226,37;;;;
SP;3545209;SALTO;61.344.103,55;0,00;0;0;0,00;61.344.103,55;;;;
SP;3545308;SALTO DE PIRAPORA;27.108.951,83;0,00;0;0;0,00;27.108.951,83;;;;
SP;3545407;SALTO GRANDE;6.034.073,02;0,00;0;0;0,00;6.034.073,02;;;;
SP;3545506;SANDOVALINA;4.925.809,17;0,00;0;0;0,00;4.925.809,17;;;;
SP;3545605;SANTA ADELIA;10.387.019,82;0,00;0;0;0,00;10.387.019,82;;;;
SP;3545704;SANTA ALBERTINA;4.085.534,25;0,00;0;0;0,00;4.085.534,25;;;;
SP;3545803;SANTA BARBARA DOESTE;103.032.805,06;0,00;0;0;0,00;103.032.805,06;;;;
SP;3546009;SANTA BRANCA;12.620.548,96;0,00;0;0;0,00;12.620.548,96;;;;
SP;3546108;SANTA CLARA DOESTE;2.180.219,51;0,00;0;0;0,00;2.180.219,51;;;;
SP;3546207;SANTA CRUZ DA CONCEICAO;2.771.235,90;0,00;0;0;0,00;2.771.235,90;;;;
SP;3546256;SANTA CRUZ DA ESPERANCA;2.459.158,53;0,00;0;0;0,00;2.459.158,53;;;;
SP;3546306;SANTA CRUZ DAS PALMEIRAS;16.219.957,06;0,00;0;0;0,00;16.219.957,06;;;;
SP;3546405;SANTA CRUZ DO RIO PARDO;29.628.623,98;0,00;0;0;0,00;29.628.623,98;;;;
SP;3546504;SANTA ERNESTINA;3.850.395,60;0,00;0;0;0,00;3.850.395,60;;;;
SP;3546603;SANTA FE DO SUL;31.233.099,55;0,00;0;0;0,00;31.233.099,55;;;;
SP;3546702;SANTA GERTRUDES;26.478.457,49;0,00;0;0;0,00;26.478.457,49;;;;
SP;3546801;SANTA ISABEL;34.125.074,54;0,00;0;0;0,00;34.125.074,54;;;;
SP;3546900;SANTA LUCIA;4.905.637,94;0,00;0;0;0,00;4.905.637,94;;;;
SP;3547007;SANTA MARIA DA SERRA;4.883.161,49;0,00;0;0;0,00;4.883.161,49;;;;
SP;3547106;SANTA MERCEDES;2.294.907,24;0,00;0;0;0,00;2.294.907,24;;;;
SP;3547502;SANTA RITA DO PASSA QUATRO;13.593.665,68;0,00;0;0;0,00;13.593.665,68;;;;
SP;3547403;SANTA RITA DOESTE;1.675.939,28;0,00;0;0;0,00;1.675.939,28;;;;
SP;3547601;SANTA ROSA DE VITERBO;13.878.367,88;0,00;0;0;0,00;13.878.367,88;;;;
SP;3547650;SANTA SALETE;716.366,08;0,00;0;0;0,00;716.366,08;;;;
SP;3547205;SANTANA DA PONTE PENSA;504.280,23;0,00;0;0;0,00;504.280,23;;;;
SP;3547304;SANTANA DE PARNAIBA;165.252.915,38;0,00;0;0;0,00;165.252.915,38;;;;
SP;3547700;SANTO ANASTACIO;7.301.401,21;0,00;0;0;0,00;7.301.401,21;;;;
SP;3547809;SANTO ANDRE;259.329.127,47;0,00;0;0;0,00;259.329.127,47;;;;
SP;3547908;SANTO ANTONIO DA ALEGRIA;6.829.394,93;0,00;0;0;0,00;6.829.394,93;;;;
SP;3548005;SANTO ANTONIO DE POSSE;25.938.157,24;0,00;0;0;0,00;25.938.157,24;;;;
SP;3548054;SANTO ANTONIO DO ARACANGUA;8.992.901,17;0,00;0;0;0,00;8.992.901,17;;;;
SP;3548104;SANTO ANTONIO DO JARDIM;3.362.828,64;0,00;0;0;0,00;3.362.828,64;;;;
SP;3548203;SANTO ANTONIO DO PINHAL;7.469.398,58;0,00;0;0;0,00;7.469.398,58;;;;
SP;3548302;SANTO EXPEDITO;1.935.859,71;0,00;0;0;0,00;1.935.859,71;;;;
SP;3548401;SANTOPOLIS DO AGUAPEI;3.616.985,88;0,00;0;0;0,00;3.616.985,88;;;;
SP;3548500;SANTOS;218.852.427,47;0,00;0;0;0,00;218.852.427,47;;;;
SP;3548609;SAO BENTO DO SAPUCAI;5.733.522,02;0,00;0;0;0,00;5.733.522,02;;;;
SP;3548708;SAO BERNARDO DO CAMPO;503.930.679,12;0,00;0;0;0,00;503.930.679,12;;;;
SP;3548807;SAO CAETANO DO SUL;125.427.457,29;0,00;0;0;0,00;125.427.457,29;;;;
SP;3548906;SAO CARLOS;112.455.064,79;0,00;0;0;0,00;112.455.064,79;;;;
SP;3549003;SAO FRANCISCO;513.501,32;0,00;0;0;0,00;513.501,32;;;;
SP;3549102;SAO JOAO DA BOA VISTA;46.260.361,86;0,00;0;0;0,00;46.260.361,86;;;;
SP;3549201;SAO JOAO DAS DUAS PONTES;1.580.846,43;0,00;0;0;0,00;1.580.846,43;;;;
SP;3549250;SAO JOAO DE IRACEMA;1.498.432,64;0,00;0;0;0,00;1.498.432,64;;;;
SP;3549300;SAO JOAO DO PAU DALHO;1.413.137,23;0,00;0;0;0,00;1.413.137,23;;;;
SP;3549409;SAO JOAQUIM DA BARRA;19.419.110,75;0,00;0;0;0,00;19.419.110,75;;;;
SP;3549508;SAO JOSE DA BELA VISTA;5.272.753,93;0,00;0;0;0,00;5.272.753,93;;;;
SP;3549607;SAO JOSE DO BARREIRO;4.703.925,87;0,00;0;0;0,00;4.703.925,87;;;;
SP;3549706;SAO JOSE DO RIO PARDO;24.268.845,66;0,00;0;0;0,00;24.268.845,66;;;;
SP;3549805;SAO JOSE DO RIO PRETO;248.957.380,11;0,00;0;0;0,00;248.957.380,11;;;;
SP;3549904;SAO JOSE DOS CAMPOS;454.576.630,20;0,00;0;0;0,00;454.576.630,20;;;;
SP;3549953;SAO LOURENCO DA SERRA;10.372.611,82;0,00;0;0;0,00;10.372.611,82;;;;
SP;3550001;SAO LUIS DO PARAITINGA;9.309.877,27;0,00;0;0;0,00;9.309.877,27;;;;
SP;3550100;SAO MANUEL;22.125.510,65;0,00;0;0;0,00;22.125.510,65;;;;
SP;3550209;SAO MIGUEL ARCANJO;21.912.560,33;0,00;0;0;0,00;21.912.560,33;;;;
SP;3550308;SAO PAULO;6.510.476.607,79;0,00;0;0;0,00;6.510.476.607,79;;;;
SP;3550407;SAO PEDRO;33.425.421,77;0,00;0;0;0,00;33.425.421,77;;;;
SP;3550506;SAO PEDRO DO TURVO;5.542.759,97;0,00;0;0;0,00;5.542.759,97;;;;
SP;3550605;SAO ROQUE;83.474.224,80;0,00;0;0;0,00;83.474.224,80;;;;
SP;3550704;SAO SEBASTIAO;92.225.071,45;0,00;0;0;0,00;92.225.071,45;;;;
SP;3550803;SAO SEBASTIAO DA GRAMA;5.753.981,36;0,00;0;0;0,00;5.753.981,36;;;;
SP;3550902;SAO SIMAO;6.017.359,70;0,00;0;0;0,00;6.017.359,70;;;;
SP;3551009;SAO VICENTE;249.558.193,95;0,00;0;0;0,00;249.558.193,95;;;;
SP;3551108;SARAPUI;7.387.849,26;0,00;0;0;0,00;7.387.849,26;;;;
SP;3551207;SARUTAIA;2.772.676,71;0,00;0;0;0,00;2.772.676,71;;;;
SP;3551306;SEBASTIANOPOLIS DO SUL;2.515.061,56;0,00;0;0;0,00;2.515.061,56;;;;
SP;3551405;SERRA AZUL;6.949.557,73;0,00;0;0;0,00;6.949.557,73;;;;
SP;3551603;SERRA NEGRA;10.623.887,45;0,00;0;0;0,00;10.623.887,45;;;;
SP;3551504;SERRANA;40.401.202,04;0,00;0;0;0,00;40.401.202,04;;;;
SP;3551702;SERTAOZINHO;97.670.721,47;0,00;0;0;0,00;97.670.721,47;;;;
SP;3551801;SETE BARRAS;10.905.996,21;0,00;0;0;0,00;10.905.996,21;;;;
SP;3551900;SEVERINIA;15.576.207,37;0,00;0;0;0,00;15.576.207,37;;;;
SP;3552007;SILVEIRAS;4.910.536,66;0,00;0;0;0,00;4.910.536,66;;;;
SP;3552106;SOCORRO;19.101.846,49;0,00;0;0;0,00;19.101.846,49;;;;
SP;3552205;SOROCABA;371.179.632,29;0,00;0;0;0,00;371.179.632,29;;;;
SP;3552304;SUD MENNUCCI;7.865.042,44;0,00;0;0;0,00;7.865.042,44;;;;
SP;3552403;SUMARE;154.080.659,22;0,00;0;0;0,00;154.080.659,22;;;;
SP;3552551;SUZANAPOLIS;2.479.329,70;0,00;0;0;0,00;2.479.329,70;;;;
SP;3552502;SUZANO;164.324.751,62;0,00;0;0;0,00;164.324.751,62;;;;
SP;3552601;TABAPUA;10.655.008,75;0,00;0;0;0,00;10.655.008,75;;;;
SP;3552700;TABATINGA;10.768.543,85;0,00;0;0;0,00;10.768.543,85;;;;
SP;3552809;TABOAO DA SERRA;156.477.286,96;0,00;0;0;0,00;156.477.286,96;;;;
SP;3552908;TACIBA;4.926.385,46;0,00;0;0;0,00;4.926.385,46;;;;
SP;3553005;TAGUAI;11.383.477,55;0,00;0;0;0,00;11.383.477,55;;;;
SP;3553104;TAIACU;3.691.907,50;0,00;0;0;0,00;3.691.907,50;;;;
SP;3553203;TAIUVA;3.820.426,93;0,00;0;0;0,00;3.820.426,93;;;;
SP;3553302;TAMBAU;13.323.947,81;0,00;0;0;0,00;13.323.947,81;;;;
SP;3553401;TANABI;16.345.594,87;0,00;0;0;0,00;16.345.594,87;;;;
SP;3553500;TAPIRAI;6.179.305,71;0,00;0;0;0,00;6.179.305,71;;;;
SP;3553609;TAPIRATIBA;10.933.947,77;0,00;0;0;0,00;10.933.947,77;;;;
SP;3553658;TAQUARAL;1.927.791,25;0,00;0;0;0,00;1.927.791,25;;;;
SP;3553708;TAQUARITINGA;30.085.645,93;0,00;0;0;0,00;30.085.645,93;;;;
SP;3553807;TAQUARITUBA;16.317.355,18;0,00;0;0;0,00;16.317.355,18;;;;
SP;3553856;TAQUARIVAI;7.093.061,44;0,00;0;0;0,00;7.093.061,44;;;;
SP;3553906;TARABAI;7.158.473,79;0,00;0;0;0,00;7.158.473,79;;;;
SP;3553955;TARUMA;13.274.960,60;0,00;0;0;0,00;13.274.960,60;;;;
SP;3554003;TATUI;82.128.517,02;0,00;0;0;0,00;82.128.517,02;;;;
SP;3554102;TAUBATE;266.881.804,31;0,00;0;0;0,00;266.881.804,31;;;;
SP;3554201;TEJUPA;3.822.732,21;0,00;0;0;0,00;3.822.732,21;;;;
SP;3554300;TEODORO SAMPAIO;14.952.052,52;0,00;0;0;0,00;14.952.052,52;;;;
SP;3554409;TERRA ROXA;7.112.368,20;0,00;0;0;0,00;7.112.368,20;;;;
SP;3554508;TIETE;34.921.549,14;0,00;0;0;0,00;34.921.549,14;;;;
SP;3554607;TIMBURI;1.504.195,83;0,00;0;0;0,00;1.504.195,83;;;;
SP;3554656;TORRE DE PEDRA;1.690.923,61;0,00;0;0;0,00;1.690.923,61;;;;
SP;3554706;TORRINHA;4.733.318,19;0,00;0;0;0,00;4.733.318,19;;;;
SP;3554755;TRABIJU;2.225.748,80;0,00;0;0;0,00;2.225.748,80;;;;
SP;3554805;TREMEMBE;34.548.958,08;0,00;0;0;0,00;34.548.958,08;;;;
SP;3554904;TRES FRONTEIRAS;3.768.558,10;0,00;0;0;0,00;3.768.558,10;;;;
SP;3554953;TUIUTI;6.099.773,49;0,00;0;0;0,00;6.099.773,49;;;;
SP;3555000;TUPA;26.301.527,20;0,00;0;0;0,00;26.301.527,20;;;;
SP;3555109;TUPI PAULISTA;10.004.919,49;0,00;0;0;0,00;10.004.919,49;;;;
SP;3555208;TURIUBA;1.522.061,78;0,00;0;0;0,00;1.522.061,78;;;;
SP;3555307;TURMALINA;1.026.426,36;0,00;0;0;0,00;1.026.426,36;;;;
SP;3555356;UBARANA;6.344.709,64;0,00;0;0;0,00;6.344.709,64;;;;
SP;3555406;UBATUBA;73.583.416,70;0,00;0;0;0,00;73.583.416,70;;;;
SP;3555505;UBIRAJARA;3.930.504,12;0,00;0;0;0,00;3.930.504,12;;;;
SP;3555604;UCHOA;9.728.285,80;0,00;0;0;0,00;9.728.285,80;;;;
SP;3555703;UNIAO PAULISTA;682.939,50;0,00;0;0;0,00;682.939,50;;;;
SP;3555802;URANIA;2.271.854,39;0,00;0;0;0,00;2.271.854,39;;;;
SP;3555901;URU;1.378.558,02;0,00;0;0;0,00;1.378.558,02;;;;
SP;3556008;URUPES;11.639.363,73;0,00;0;0;0,00;11.639.363,73;;;;
SP;3556107;VALENTIM GENTIL;8.630.972,02;0,00;0;0;0,00;8.630.972,02;;;;
SP;3556206;VALINHOS;66.107.102,24;0,00;0;0;0,00;66.107.102,24;;;;
SP;3556305;VALPARAISO;16.007.871,20;0,00;0;0;0,00;16.007.871,20;;;;
SP;3556354;VARGEM;9.194.325,07;0,00;0;0;0,00;9.194.325,07;;;;
SP;3556404;VARGEM GRANDE DO SUL;21.953.190,90;0,00;0;0;0,00;21.953.190,90;;;;
SP;3556453;VARGEM GRANDE PAULISTA;32.124.090,66;0,00;0;0;0,00;32.124.090,66;;;;
SP;3556503;VARZEA PAULISTA;64.907.491,68;0,00;0;0;0,00;64.907.491,68;;;;
SP;3556602;VERA CRUZ;5.514.808,46;0,00;0;0;0,00;5.514.808,46;;;;
SP;3556701;VINHEDO;75.210.368,72;0,00;0;0;0,00;75.210.368,72;;;;
SP;3556800;VIRADOURO;14.333.660,90;0,00;0;0;0,00;14.333.660,90;;;;
SP;3556909;VISTA ALEGRE DO ALTO;5.698.654,63;0,00;0;0;0,00;5.698.654,63;;;;
SP;3556958;VITORIA BRASIL;1.218.917,33;0,00;0;0;0,00;1.218.917,33;;;;
SP;3557006;VOTORANTIM;75.991.282,69;0,00;0;0;0,00;75.991.282,69;;;;
SP;3557105;VOTUPORANGA;56.290.927,64;0,00;0;0;0,00;56.290.927,64;;;;
SP;3557154;ZACARIAS;1.678.244,55;0,00;0;0;0,00;1.678.244,55;;;;
TO;1700251;ABREULANDIA;3.395.784,64;0,00;0;0;0,00;3.395.784,64;;;;
TO;1700301;AGUIARNOPOLIS;6.189.544,64;0,00;0;0;0,00;6.189.544,64;;;;
TO;1700350;ALIANCA DO TOCANTINS;5.113.484,85;0,00;0;0;0,00;5.113.484,85;;;;
TO;1700400;ALMAS;7.465.376,37;0,00;0;0;0,00;7.465.376,37;;;;
TO;1700707;ALVORADA;9.245.716,95;0,00;0;0;0,00;9.245.716,95;;;;
TO;1701002;ANANAS;8.610.848,45;0,00;0;0;0,00;8.610.848,45;;;;
TO;1701051;ANGICO;2.836.761,76;0,00;0;0;0,00;2.836.761,76;;;;
TO;1701101;APARECIDA DO RIO NEGRO;7.013.011,40;0,00;0;0;0,00;7.013.011,40;;;;
TO;1701309;ARAGOMINAS;4.800.621,65;0,00;0;0;0,00;4.800.621,65;;;;
TO;1701903;ARAGUACEMA;6.880.958,76;0,00;0;0;0,00;6.880.958,76;;;;
TO;1702000;ARAGUACU;7.605.555,34;0,00;0;0;0,00;7.605.555,34;;;;
TO;1702109;ARAGUAINA;141.375.565,08;0,00;0;0;0,00;141.375.565,08;;;;
TO;1702158;ARAGUANA;4.307.286,50;0,00;0;0;0,00;4.307.286,50;;;;
TO;1702208;ARAGUATINS;29.681.033,54;0,00;0;0;0,00;29.681.033,54;;;;
TO;1702307;ARAPOEMA;5.601.063,86;0,00;0;0;0,00;5.601.063,86;;;;
TO;1702406;ARRAIAS;10.270.310,06;0,00;0;0;0,00;10.270.310,06;;;;
TO;1702554;AUGUSTINOPOLIS;14.586.400,07;0,00;0;0;0,00;14.586.400,07;;;;
TO;1702703;AURORA DO TOCANTINS;1.986.207,27;0,00;0;0;0,00;1.986.207,27;;;;
TO;1702901;AXIXA DO TOCANTINS;19.719.184,93;0,00;0;0;0,00;19.719.184,93;;;;
TO;1703008;BABACULANDIA;8.389.406,31;0,00;0;0;0,00;8.389.406,31;;;;
TO;1703057;BANDEIRANTES DO TOCANTINS;4.557.170,75;0,00;0;0;0,00;4.557.170,75;;;;
TO;1703073;BARRA DO OURO;4.806.716,39;0,00;0;0;0,00;4.806.716,39;;;;
TO;1703107;BARROLANDIA;5.362.014,71;0,00;0;0;0,00;5.362.014,71;;;;
TO;1703206;BERNARDO SAYAO;7.822.595,72;0,00;0;0;0,00;7.822.595,72;;;;
TO;1703305;BOM JESUS DO TOCANTINS;4.541.595,31;0,00;0;0;0,00;4.541.595,31;;;;
TO;1703602;BRASILANDIA DO TOCANTINS;2.406.744,16;0,00;0;0;0,00;2.406.744,16;;;;
TO;1703701;BREJINHO DE NAZARE;5.151.407,66;0,00;0;0;0,00;5.151.407,66;;;;
TO;1703800;BURITI DO TOCANTINS;9.665.238,05;0,00;0;0;0,00;9.665.238,05;;;;
TO;1703826;CACHOEIRINHA;2.085.077,45;0,00;0;0;0,00;2.085.077,45;;;;
TO;1703842;CAMPOS LINDOS;14.170.264,93;0,00;0;0;0,00;14.170.264,93;;;;
TO;1703867;CARIRI DO TOCANTINS;5.070.144,49;0,00;0;0;0,00;5.070.144,49;;;;
TO;1703883;CARMOLANDIA;3.646.007,48;0,00;0;0;0,00;3.646.007,48;;;;
TO;1703891;CARRASCO BONITO;4.359.768,97;0,00;0;0;0,00;4.359.768,97;;;;
TO;1703909;CASEARA;5.069.128,70;0,00;0;0;0,00;5.069.128,70;;;;
TO;1704105;CENTENARIO;2.464.644,17;0,00;0;0;0,00;2.464.644,17;;;;
TO;1705102;CHAPADA DA NATIVIDADE;3.112.379,34;0,00;0;0;0,00;3.112.379,34;;;;
TO;1704600;CHAPADA DE AREIA;2.476.495,05;0,00;0;0;0,00;2.476.495,05;;;;
TO;1705508;COLINAS DO TOCANTINS;41.724.573,65;0,00;0;0;0,00;41.724.573,65;;;;
TO;1716703;COLMEIA;6.683.895,58;0,00;0;0;0,00;6.683.895,58;;;;
TO;1705557;COMBINADO;3.113.056,53;0,00;0;0;0,00;3.113.056,53;;;;
TO;1705607;CONCEICAO DO TOCANTINS;4.906.940,97;0,00;0;0;0,00;4.906.940,97;;;;
TO;1706001;COUTO DE MAGALHAES;7.194.160,55;0,00;0;0;0,00;7.194.160,55;;;;
TO;1706100;CRISTALANDIA;4.667.891,81;0,00;0;0;0,00;4.667.891,81;;;;
TO;1706258;CRIXAS DO TOCANTINS;2.328.189,76;0,00;0;0;0,00;2.328.189,76;;;;
TO;1706506;DARCINOPOLIS;5.145.651,52;0,00;0;0;0,00;5.145.651,52;;;;
TO;1707009;DIANOPOLIS;17.415.374,11;0,00;0;0;0,00;17.415.374,11;;;;
TO;1707108;DIVINOPOLIS DO TOCANTINS;6.858.611,38;0,00;0;0;0,00;6.858.611,38;;;;
TO;1707207;DOIS IRMAOS DO TOCANTINS;4.985.833,96;0,00;0;0;0,00;4.985.833,96;;;;
TO;1707306;DUERE;3.568.807,47;0,00;0;0;0,00;3.568.807,47;;;;
TO;1707405;ESPERANTINA;14.452.993,04;0,00;0;0;0,00;14.452.993,04;;;;
TO;1707553;FATIMA;3.316.891,64;0,00;0;0;0,00;3.316.891,64;;;;
TO;1707652;FIGUEIROPOLIS;3.826.140,83;0,00;0;0;0,00;3.826.140,83;;;;
TO;1707702;FILADELFIA;6.452.295,55;0,00;0;0;0,00;6.452.295,55;;;;
TO;1708205;FORMOSO DO ARAGUAIA;14.387.643,91;0,00;0;0;0,00;14.387.643,91;;;;
TO;1708254;FORTALEZA DO TABOCAO;5.871.941,09;0,00;0;0;0,00;5.871.941,09;;;;
TO;1708304;GOIANORTE;4.359.091,77;0,00;0;0;0,00;4.359.091,77;;;;
TO;1709005;GOIATINS;18.093.244,37;0,00;0;0;0,00;18.093.244,37;;;;
TO;1709302;GUARAI;16.163.921,32;0,00;0;0;0,00;16.163.921,32;;;;
TO;1709500;GURUPI;60.471.986,52;0,00;0;0;0,00;60.471.986,52;;;;
TO;1709807;IPUEIRAS;2.691.503,84;0,00;0;0;0,00;2.691.503,84;;;;
TO;1710508;ITACAJA;5.424.316,47;0,00;0;0;0,00;5.424.316,47;;;;
TO;1710706;ITAGUATINS;8.706.671,27;0,00;0;0;0,00;8.706.671,27;;;;
TO;1710904;ITAPIRATINS;3.376.484,63;0,00;0;0;0,00;3.376.484,63;;;;
TO;1711100;ITAPORA DO TOCANTINS;2.223.902,03;0,00;0;0;0,00;2.223.902,03;;;;
TO;1711506;JAU DO TOCANTINS;5.258.742,76;0,00;0;0;0,00;5.258.742,76;;;;
TO;1711803;JUARINA;2.790.712,63;0,00;0;0;0,00;2.790.712,63;;;;
TO;1711902;LAGOA DA CONFUSAO;15.727.131,79;0,00;0;0;0,00;15.727.131,79;;;;
TO;1711951;LAGOA DO TOCANTINS;5.395.197,17;0,00;0;0;0,00;5.395.197,17;;;;
TO;1712009;LAJEADO;5.454.112,96;0,00;0;0;0,00;5.454.112,96;;;;
TO;1712157;LAVANDEIRA;1.403.144,04;0,00;0;0;0,00;1.403.144,04;;;;
TO;1712405;LIZARDA;2.688.795,07;0,00;0;0;0,00;2.688.795,07;;;;
TO;1712454;LUZINOPOLIS;2.945.789,84;0,00;0;0;0,00;2.945.789,84;;;;
TO;1712504;MARIANOPOLIS DO TOCANTINS;5.736.502,47;0,00;0;0;0,00;5.736.502,47;;;;
TO;1712702;MATEIROS;2.499.858,21;0,00;0;0;0,00;2.499.858,21;;;;
TO;1712801;MAURILANDIA DO TOCANTINS;5.389.102,43;0,00;0;0;0,00;5.389.102,43;;;;
TO;1713205;MIRACEMA DO TOCANTINS;14.578.612,35;0,00;0;0;0,00;14.578.612,35;;;;
TO;1713304;MIRANORTE;11.048.404,89;0,00;0;0;0,00;11.048.404,89;;;;
TO;1713601;MONTE DO CARMO;5.966.409,52;0,00;0;0;0,00;5.966.409,52;;;;
TO;1713700;MONTE SANTO DO TOCANTINS;2.936.309,14;0,00;0;0;0,00;2.936.309,14;;;;
TO;1713957;MURICILANDIA;3.019.603,89;0,00;0;0;0,00;3.019.603,89;;;;
TO;1714203;NATIVIDADE;7.447.769,35;0,00;0;0;0,00;7.447.769,35;;;;
TO;1714302;NAZARE;4.323.877,74;0,00;0;0;0,00;4.323.877,74;;;;
TO;1714880;NOVA OLINDA;11.897.266,40;0,00;0;0;0,00;11.897.266,40;;;;
TO;1715002;NOVA ROSALANDIA;2.825.926,67;0,00;0;0;0,00;2.825.926,67;;;;
TO;1715101;NOVO ACORDO;4.159.319,82;0,00;0;0;0,00;4.159.319,82;;;;
TO;1715150;NOVO ALEGRE;749.652,72;0,00;0;0;0,00;749.652,72;;;;
TO;1715259;NOVO JARDIM;2.098.959,91;0,00;0;0;0,00;2.098.959,91;;;;
TO;1715507;OLIVEIRA DE FATIMA;1.676.730,03;0,00;0;0;0,00;1.676.730,03;;;;
TO;1721000;PALMAS;338.208.502,02;0,00;0;0;0,00;338.208.502,02;;;;
TO;1715705;PALMEIRANTE;5.767.991,95;0,00;0;0;0,00;5.767.991,95;;;;
TO;1713809;PALMEIRAS DO TOCANTINS;4.611.346,19;0,00;0;0;0,00;4.611.346,19;;;;
TO;1715754;PALMEIROPOLIS;6.519.337,66;0,00;0;0;0,00;6.519.337,66;;;;
TO;1716109;PARAISO DO TOCANTINS;35.089.774,57;0,00;0;0;0,00;35.089.774,57;;;;
TO;1716208;PARANA;12.045.910,28;0,00;0;0;0,00;12.045.910,28;;;;
TO;1716307;PAU DARCO;4.677.372,52;0,00;0;0;0,00;4.677.372,52;;;;
TO;1716505;PEDRO AFONSO;13.009.894,61;0,00;0;0;0,00;13.009.894,61;;;;
TO;1716604;PEIXE;9.441.425,74;0,00;0;0;0,00;9.441.425,74;;;;
TO;1716653;PEQUIZEIRO;7.565.939,54;0,00;0;0;0,00;7.565.939,54;;;;
TO;1717008;PINDORAMA DO TOCANTINS;4.311.011,07;0,00;0;0;0,00;4.311.011,07;;;;
TO;1717206;PIRAQUE;2.376.947,67;0,00;0;0;0,00;2.376.947,67;;;;
TO;1717503;PIUM;7.512.779,89;0,00;0;0;0,00;7.512.779,89;;;;
TO;1717800;PONTE ALTA DO BOM JESUS;2.322.772,22;0,00;0;0;0,00;2.322.772,22;;;;
TO;1717909;PONTE ALTA DO TOCANTINS;6.717.078,03;0,00;0;0;0,00;6.717.078,03;;;;
TO;1718006;PORTO ALEGRE DO TOCANTINS;2.831.344,22;0,00;0;0;0,00;2.831.344,22;;;;
TO;1718204;PORTO NACIONAL;54.486.954,19;0,00;0;0;0,00;54.486.954,19;;;;
TO;1718303;PRAIA NORTE;14.315.861,44;0,00;0;0;0,00;14.315.861,44;;;;
TO;1718402;PRESIDENTE KENNEDY;2.070.179,21;0,00;0;0;0,00;2.070.179,21;;;;
TO;1718451;PUGMIL;2.614.642,43;0,00;0;0;0,00;2.614.642,43;;;;
TO;1718501;RECURSOLANDIA;6.113.360,42;0,00;0;0;0,00;6.113.360,42;;;;
TO;1718550;RIACHINHO;6.277.918,33;0,00;0;0;0,00;6.277.918,33;;;;
TO;1718659;RIO DA CONCEICAO;2.249.635,37;0,00;0;0;0,00;2.249.635,37;;;;
TO;1718709;RIO DOS BOIS;2.827.281,06;0,00;0;0;0,00;2.827.281,06;;;;
TO;1718758;RIO SONO;5.372.511,20;0,00;0;0;0,00;5.372.511,20;;;;
TO;1718808;SAMPAIO;5.492.035,77;0,00;0;0;0,00;5.492.035,77;;;;
TO;1718840;SANDOLANDIA;2.515.095,05;0,00;0;0;0,00;2.515.095,05;;;;
TO;1718865;SANTA FE DO ARAGUAIA;6.957.142,98;0,00;0;0;0,00;6.957.142,98;;;;
TO;1718881;SANTA MARIA DO TOCANTINS;2.873.330,18;0,00;0;0;0,00;2.873.330,18;;;;
TO;1718899;SANTA RITA DO TOCANTINS;2.639.021,38;0,00;0;0;0,00;2.639.021,38;;;;
TO;1718907;SANTA ROSA DO TOCANTINS;6.997.435,97;0,00;0;0;0,00;6.997.435,97;;;;
TO;1719004;SANTA TEREZA DO TOCANTINS;3.882.347,86;0,00;0;0;0,00;3.882.347,86;;;;
TO;1720002;SANTA TEREZINHA DO TOCANTINS;3.425.242,53;0,00;0;0;0,00;3.425.242,53;;;;
TO;1720101;SAO BENTO DO TOCANTINS;6.296.541,14;0,00;0;0;0,00;6.296.541,14;;;;
TO;1720150;SAO FELIX DO TOCANTINS;1.153.259,79;0,00;0;0;0,00;1.153.259,79;;;;
TO;1720200;SAO MIGUEL DO TOCANTINS;18.330.261,95;0,00;0;0;0,00;18.330.261,95;;;;
TO;1720259;SAO SALVADOR DO TOCANTINS;2.706.402,09;0,00;0;0;0,00;2.706.402,09;;;;
TO;1720309;SAO SEBASTIAO DO TOCANTINS;5.643.049,83;0,00;0;0;0,00;5.643.049,83;;;;
TO;1720499;SAO VALERIO;4.441.370,73;0,00;0;0;0,00;4.441.370,73;;;;
TO;1720655;SILVANOPOLIS;5.404.000,68;0,00;0;0;0,00;5.404.000,68;;;;
TO;1720804;SITIO NOVO DO TOCANTINS;18.036.360,15;0,00;0;0;0,00;18.036.360,15;;;;
TO;1720853;SUCUPIRA;1.340.842,27;0,00;0;0;0,00;1.340.842,27;;;;
TO;1720903;TAGUATINGA;12.829.761,26;0,00;0;0;0,00;12.829.761,26;;;;
TO;1720937;TAIPAS DO TOCANTINS;2.165.663,43;0,00;0;0;0,00;2.165.663,43;;;;
TO;1720978;TALISMA;3.442.172,36;0,00;0;0;0,00;3.442.172,36;;;;
TO;1721109;TOCANTINIA;9.772.234,56;0,00;0;0;0,00;9.772.234,56;;;;
TO;1721208;TOCANTINOPOLIS;17.398.782,88;0,00;0;0;0,00;17.398.782,88;;;;
TO;1721257;TUPIRAMA;2.074.242,37;0,00;0;0;0,00;2.074.242,37;;;;
TO;1721307;TUPIRATINS;2.152.796,76;0,00;0;0;0,00;2.152.796,76;;;;
TO;1722081;WANDERLANDIA;9.359.146,79;0,00;0;0;0,00;9.359.146,79;;;;
TO;1722107;XAMBIOA;12.736.647,21;0,00;0;0;0,00;12.736.647,21;;;;
