AC;1200013;ACRELANDIA;14.848.719,61;0,00;0;0;0,00;14.848.719,61;;;;
AC;1200054;ASSIS BRASIL;9.728.076,01;0,00;0;0;0,00;9.728.076,01;;;;
AC;1200104;BRASILEIA;23.072.204,37;0,00;0;0;0,00;23.072.204,37;;;;
AC;1200138;BUJARI;10.776.798,09;0,00;0;0;0,00;10.776.798,09;;;;
AC;1200179;CAPIXABA;15.678.267,70;0,00;0;0;0,00;15.678.267,70;;;;
AC;1200203;CRUZEIRO DO SUL;83.472.161,24;0,00;0;0;0,00;83.472.161,24;;;;
AC;1200252;EPITACIOLANDIA;17.527.866,85;0,00;0;0;0,00;17.527.866,85;;;;
AC;1200302;FEIJO;30.777.062,29;0,00;0;0;0,00;30.777.062,29;;;;
AC;1200328;JORDAO;19.587.401,56;0,00;0;0;0,00;19.587.401,56;;;;
AC;1200336;MANCIO LIMA;23.100.238,25;0,00;0;0;0,00;23.100.238,25;;;;
AC;1200344;MANOEL URBANO;16.598.925,90;0,00;0;0;0,00;16.598.925,90;;;;
AC;1200351;MARECHAL THAUMATURGO;38.406.738,43;0,00;0;0;0,00;38.406.738,43;;;;
AC;1200385;PLACIDO DE CASTRO;15.735.609,73;0,00;0;0;0,00;15.735.609,73;;;;
AC;1200807;PORTO ACRE;17.594.128,76;0,00;0;0;0,00;17.594.128,76;;;;
AC;1200393;PORTO WALTER;24.863.187,22;0,00;0;0;0,00;24.863.187,22;;;;
AC;1200401;RIO BRANCO;159.482.531,07;0,00;0;0;0,00;159.482.531,07;;;;
AC;1200427;RODRIGUES ALVES;30.026.518,78;0,00;0;0;0,00;30.026.518,78;;;;
AC;1200435;SANTA ROSA DO PURUS;16.767.766,34;0,00;0;0;0,00;16.767.766,34;;;;
AC;1200500;SENA MADUREIRA;39.848.253,45;0,00;0;0;0,00;39.848.253,45;;;;
AC;1200450;SENADOR GUIOMARD;15.974.534,87;0,00;0;0;0,00;15.974.534,87;;;;
AC;1200609;TARAUACA;51.697.984,70;0,00;0;0;0,00;51.697.984,70;;;;
AC;1200708;XAPURI;10.197.643,55;0,00;0;0;0,00;10.197.643,55;;;;
AL;2700102;AGUA BRANCA;26.669.592,29;5.637.053,67;0;0;5.637.053,67;32.306.645,96;;;;
AL;2700201;ANADIA;14.224.148,22;3.006.505,92;0;0;3.006.505,92;17.230.654,14;;;;
AL;2700300;ARAPIRACA;149.463.148,44;31.591.476,19;0;0;31.591.476,19;181.054.624,63;;;;
AL;2700409;ATALAIA;47.977.621,28;10.140.853,42;0;0;10.140.853,42;58.118.474,70;;;;
AL;2700508;BARRA DE SANTO ANTONIO;17.402.427,31;3.678.287,08;0;0;3.678.287,08;21.080.714,39;;;;
AL;2700607;BARRA DE SAO MIGUEL;10.022.790,63;2.118.480,41;0;0;2.118.480,41;12.141.271,04;;;;
AL;2700706;BATALHA;22.058.388,95;4.662.400,58;0;0;4.662.400,58;26.720.789,53;;;;
AL;2700805;BELEM;8.740.377,18;1.847.421,39;0;0;1.847.421,39;10.587.798,57;;;;
AL;2700904;BELO MONTE;9.896.633,62;2.091.815,06;0;0;2.091.815,06;11.988.448,68;;;;
AL;2701001;BOCA DA MATA;30.347.891,95;6.414.522,35;0;0;6.414.522,35;36.762.414,30;;;;
AL;2701100;BRANQUINHA;14.876.215,43;3.144.330,96;0;0;3.144.330,96;18.020.546,39;;;;
AL;2701209;CACIMBINHAS;17.355.694,36;3.668.409,31;0;0;3.668.409,31;21.024.103,67;;;;
AL;2701308;CAJUEIRO;22.653.411,25;4.788.168,25;0;0;4.788.168,25;27.441.579,50;;;;
AL;2701357;CAMPESTRE;7.730.901,68;1.634.052,27;0;0;1.634.052,27;9.364.953,95;;;;
AL;2701407;CAMPO ALEGRE;53.798.834,91;11.371.261,95;0;0;11.371.261,95;65.170.096,86;;;;
AL;2701506;CAMPO GRANDE;15.146.301,13;3.201.417,99;0;0;3.201.417,99;18.347.719,12;;;;
AL;2701605;CANAPI;30.163.812,41;6.375.614,13;0;0;6.375.614,13;36.539.426,54;;;;
AL;2701704;CAPELA;17.851.546,27;3.773.215,71;0;0;3.773.215,71;21.624.761,98;;;;
AL;2701803;CARNEIROS;12.193.130,04;2.577.217,07;0;0;2.577.217,07;14.770.347,11;;;;
AL;2701902;CHA PRETA;6.936.441,62;1.466.130,16;0;0;1.466.130,16;8.402.571,78;;;;
AL;2702009;COITE DO NOIA;11.598.985,37;2.451.634,89;0;0;2.451.634,89;14.050.620,26;;;;
AL;2702108;COLONIA LEOPOLDINA;20.031.758,84;4.234.039,22;0;0;4.234.039,22;24.265.798,06;;;;
AL;2702207;COQUEIRO SECO;6.180.157,76;1.306.277,22;0;0;1.306.277,22;7.486.434,98;;;;
AL;2702306;CORURIPE;64.863.792,16;13.710.021,28;0;0;13.710.021,28;78.573.813,44;;;;
AL;2702355;CRAIBAS;31.554.830,60;6.669.628,53;0;0;6.669.628,53;38.224.459,13;;;;
AL;2702405;DELMIRO GOUVEIA;46.437.189,32;9.815.257,98;0;0;9.815.257,98;56.252.447,30;;;;
AL;2702504;DOIS RIACHOS;15.690.202,40;3.316.380,40;0;0;3.316.380,40;19.006.582,80;;;;
AL;2702553;ESTRELA DE ALAGOAS;16.680.151,00;3.525.622,19;0;0;3.525.622,19;20.205.773,19;;;;
AL;2702603;FEIRA GRANDE;24.759.026,63;5.233.224,43;0;0;5.233.224,43;29.992.251,06;;;;
AL;2702702;FELIZ DESERTO;5.026.534,16;1.062.440,04;0;0;1.062.440,04;6.088.974,20;;;;
AL;2702801;FLEXEIRAS;12.796.489,67;2.704.746,97;0;0;2.704.746,97;15.501.236,64;;;;
AL;2702900;GIRAU DO PONCIANO;78.400.988,03;16.571.328,61;0;0;16.571.328,61;94.972.316,64;;;;
AL;2703007;IBATEGUARA;15.306.904,49;3.235.364,13;0;0;3.235.364,13;18.542.268,62;;;;
AL;2703106;IGACI;22.724.497,98;4.803.193,59;0;0;4.803.193,59;27.527.691,57;;;;
AL;2703205;IGREJA NOVA;26.954.597,44;5.697.294,16;0;0;5.697.294,16;32.651.891,60;;;;
AL;2703304;INHAPI;24.140.747,57;5.102.541,06;0;0;5.102.541,06;29.243.288,63;;;;
AL;2703403;JACARE DOS HOMENS;9.838.272,29;2.079.479,44;0;0;2.079.479,44;11.917.751,73;;;;
AL;2703502;JACUIPE;9.981.323,36;2.109.715,63;0;0;2.109.715,63;12.091.038,99;;;;
AL;2703601;JAPARATINGA;10.292.437,53;2.175.474,68;0;0;2.175.474,68;12.467.912,21;;;;
AL;2703700;JARAMATAIA;6.309.825,22;1.333.684,56;0;0;1.333.684,56;7.643.509,78;;;;
AL;2703759;JEQUIA DA PRAIA;12.042.619,24;2.545.404,16;0;0;2.545.404,16;14.588.023,40;;;;
AL;2703809;JOAQUIM GOMES;17.499.184,26;3.698.738,24;0;0;3.698.738,24;21.197.922,50;;;;
AL;2703908;JUNDIA;8.004.278,44;1.691.834,91;0;0;1.691.834,91;9.696.113,35;;;;
AL;2704005;JUNQUEIRO;26.658.183,31;5.634.642,20;0;0;5.634.642,20;32.292.825,51;;;;
AL;2704104;LAGOA DA CANOA;31.363.730,15;6.629.236,33;0;0;6.629.236,33;37.992.966,48;;;;
AL;2704203;LIMOEIRO DE ANADIA;34.859.266,69;7.368.075,04;0;0;7.368.075,04;42.227.341,73;;;;
AL;2704302;MACEIO;258.120.098,35;54.557.896,23;0;0;54.557.896,23;312.677.994,58;;;;
AL;2704401;MAJOR ISIDORO;25.005.416,75;5.285.303,01;0;0;5.285.303,01;30.290.719,76;;;;
AL;2704906;MAR VERMELHO;3.584.394,96;757.620,38;0;0;757.620,38;4.342.015,34;;;;
AL;2704500;MARAGOGI;36.258.402,80;7.663.805,30;0;0;7.663.805,30;43.922.208,10;;;;
AL;2704609;MARAVILHA;21.130.312,15;4.466.236,40;0;0;4.466.236,40;25.596.548,55;;;;
AL;2704708;MARECHAL DEODORO;56.191.430,06;11.876.975,99;0;0;11.876.975,99;68.068.406,05;;;;
AL;2704807;MARIBONDO;10.742.653,51;2.270.635,18;0;0;2.270.635,18;13.013.288,69;;;;
AL;2705002;MATA GRANDE;30.777.484,00;6.505.323,64;0;0;6.505.323,64;37.282.807,64;;;;
AL;2705101;MATRIZ DE CAMARAGIBE;24.073.829,50;5.088.396,83;0;0;5.088.396,83;29.162.226,33;;;;
AL;2705200;MESSIAS;17.109.084,83;3.616.284,36;0;0;3.616.284,36;20.725.369,19;;;;
AL;2705309;MINADOR DO NEGRAO;7.544.847,52;1.594.726,68;0;0;1.594.726,68;9.139.574,20;;;;
AL;2705408;MONTEIROPOLIS;9.594.734,40;2.028.003,74;0;0;2.028.003,74;11.622.738,14;;;;
AL;2705507;MURICI;34.809.900,90;7.357.640,78;0;0;7.357.640,78;42.167.541,68;;;;
AL;2705606;NOVO LINO;17.653.863,72;3.731.432,27;0;0;3.731.432,27;21.385.295,99;;;;
AL;2705705;OLHO DAGUA DAS FLORES;21.293.328,95;4.500.692,66;0;0;4.500.692,66;25.794.021,61;;;;
AL;2705804;OLHO DAGUA DO CASADO;9.751.169,10;2.061.068,76;0;0;2.061.068,76;11.812.237,86;;;;
AL;2705903;OLHO DAGUA GRANDE;10.397.312,40;2.197.641,70;0;0;2.197.641,70;12.594.954,10;;;;
AL;2706000;OLIVENCA;14.868.097,49;3.142.615,11;0;0;3.142.615,11;18.010.712,60;;;;
AL;2706109;OURO BRANCO;15.450.613,79;3.265.739,43;0;0;3.265.739,43;18.716.353,22;;;;
AL;2706208;PALESTINA;5.636.475,88;1.191.361,19;0;0;1.191.361,19;6.827.837,07;;;;
AL;2706307;PALMEIRA DOS INDIOS;55.061.063,24;11.638.054,51;0;0;11.638.054,51;66.699.117,75;;;;
AL;2706406;PAO DE ACUCAR;25.742.173,70;5.441.028,62;0;0;5.441.028,62;31.183.202,32;;;;
AL;2706422;PARICONHA;10.873.637,40;2.298.320,76;0;0;2.298.320,76;13.171.958,16;;;;
AL;2706448;PARIPUEIRA;15.218.704,29;3.216.721,57;0;0;3.216.721,57;18.435.425,86;;;;
AL;2706505;PASSO DE CAMARAGIBE;15.241.741,65;3.221.590,90;0;0;3.221.590,90;18.463.332,55;;;;
AL;2706604;PAULO JACINTO;6.204.292,14;1.311.378,42;0;0;1.311.378,42;7.515.670,56;;;;
AL;2706703;PENEDO;41.555.461,47;8.783.425,12;0;0;8.783.425,12;50.338.886,59;;;;
AL;2706802;PIACABUCU;15.959.849,31;3.373.374,67;0;0;3.373.374,67;19.333.223,98;;;;
AL;2706901;PILAR;41.163.606,82;8.700.600,24;0;0;8.700.600,24;49.864.207,06;;;;
AL;2707008;PINDOBA;2.785.985,63;588.863,54;0;0;588.863,54;3.374.849,17;;;;
AL;2707107;PIRANHAS;23.272.787,32;4.919.083,50;0;0;4.919.083,50;28.191.870,82;;;;
AL;2707206;POCO DAS TRINCHEIRAS;19.115.749,23;4.040.425,64;0;0;4.040.425,64;23.156.174,87;;;;
AL;2707305;PORTO CALVO;31.235.817,91;6.602.199,99;0;0;6.602.199,99;37.838.017,90;;;;
AL;2707404;PORTO DE PEDRAS;13.844.360,77;2.926.231,64;0;0;2.926.231,64;16.770.592,41;;;;
AL;2707503;PORTO REAL DO COLEGIO;15.474.089,95;3.270.701,51;0;0;3.270.701,51;18.744.791,46;;;;
AL;2707602;QUEBRANGULO;17.170.298,41;3.629.222,85;0;0;3.629.222,85;20.799.521,26;;;;
AL;2707701;RIO LARGO;79.402.565,00;16.783.028,25;0;0;16.783.028,25;96.185.593,25;;;;
AL;2707800;ROTEIRO;9.573.013,46;2.023.412,66;0;0;2.023.412,66;11.596.426,12;;;;
AL;2707909;SANTA LUZIA DO NORTE;7.436.023,39;1.571.724,92;0;0;1.571.724,92;9.007.748,31;;;;
AL;2708006;SANTANA DO IPANEMA;32.724.909,45;6.916.943,80;0;0;6.916.943,80;39.641.853,25;;;;
AL;2708105;SANTANA DO MUNDAU;15.937.908,96;3.368.737,22;0;0;3.368.737,22;19.306.646,18;;;;
AL;2708204;SAO BRAS;6.604.264,72;1.395.919,15;0;0;1.395.919,15;8.000.183,87;;;;
AL;2708303;SAO JOSE DA LAJE;19.894.192,85;4.204.962,40;0;0;4.204.962,40;24.099.155,25;;;;
AL;2708402;SAO JOSE DA TAPERA;38.737.442,93;8.187.790,90;0;0;8.187.790,90;46.925.233,83;;;;
AL;2708501;SAO LUIS DO QUITUNDE;31.641.714,38;6.687.992,84;0;0;6.687.992,84;38.329.707,22;;;;
AL;2708600;SAO MIGUEL DOS CAMPOS;47.166.705,95;9.969.453,23;0;0;9.969.453,23;57.136.159,18;;;;
AL;2708709;SAO MIGUEL DOS MILAGRES;12.201.467,37;2.578.979,30;0;0;2.578.979,30;14.780.446,67;;;;
AL;2708808;SAO SEBASTIAO;37.267.220,09;7.877.035,30;0;0;7.877.035,30;45.144.255,39;;;;
AL;2708907;SATUBA;16.109.263,10;3.404.955,71;0;0;3.404.955,71;19.514.218,81;;;;
AL;2708956;SENADOR RUI PALMEIRA;16.858.306,64;3.563.278,29;0;0;3.563.278,29;20.421.584,93;;;;
AL;2709004;TANQUE DARCA;8.721.947,29;1.843.525,93;0;0;1.843.525,93;10.565.473,22;;;;
AL;2709103;TAQUARANA;29.105.629,34;6.151.949,87;0;0;6.151.949,87;35.257.579,21;;;;
AL;2709152;TEOTONIO VILELA;72.718.218,01;15.370.182,40;0;0;15.370.182,40;88.088.400,41;;;;
AL;2709202;TRAIPU;29.845.238,54;6.308.278,34;0;0;6.308.278,34;36.153.516,88;;;;
AL;2709301;UNIAO DOS PALMARES;62.031.951,20;13.111.465,47;0;0;13.111.465,47;75.143.416,67;;;;
AL;2709400;VICOSA;22.855.701,27;4.830.925,55;0;0;4.830.925,55;27.686.626,82;;;;
AM;1300029;ALVARAES;20.558.496,42;6.240.166,07;0;0;6.240.166,07;26.798.662,49;;;;
AM;1300060;AMATURA;13.728.771,89;4.167.124,61;0;0;4.167.124,61;17.895.896,50;;;;
AM;1300086;ANAMA;8.942.439,27;2.714.318,45;0;0;2.714.318,45;11.656.757,72;;;;
AM;1300102;ANORI;11.169.536,66;3.390.314,26;0;0;3.390.314,26;14.559.850,92;;;;
AM;1300144;APUI;10.276.291,79;3.119.185,67;0;0;3.119.185,67;13.395.477,46;;;;
AM;1300201;ATALAIA DO NORTE;19.969.660,28;6.061.435,32;0;0;6.061.435,32;26.031.095,60;;;;
AM;1300300;AUTAZES;34.845.520,86;10.576.738,32;0;0;10.576.738,32;45.422.259,18;;;;
AM;1300409;BARCELOS;13.323.029,53;4.043.968,73;0;0;4.043.968,73;17.366.998,26;;;;
AM;1300508;BARREIRINHA;43.400.364,05;13.173.408,86;0;0;13.173.408,86;56.573.772,91;;;;
AM;1300607;BENJAMIN CONSTANT;48.037.448,72;14.580.913,47;0;0;14.580.913,47;62.618.362,19;;;;
AM;1300631;BERURI;26.961.477,86;8.183.677,24;0;0;8.183.677,24;35.145.155,10;;;;
AM;1300680;BOA VISTA DO RAMOS;17.895.480,87;5.431.855,04;0;0;5.431.855,04;23.327.335,91;;;;
AM;1300706;BOCA DO ACRE;24.141.058,74;7.327.589,16;0;0;7.327.589,16;31.468.647,90;;;;
AM;1300805;BORBA;31.676.448,76;9.614.822,82;0;0;9.614.822,82;41.291.271,58;;;;
AM;1300839;CAAPIRANGA;12.773.544,28;3.877.182,25;0;0;3.877.182,25;16.650.726,53;;;;
AM;1300904;CANUTAMA;10.559.903,67;3.205.271,01;0;0;3.205.271,01;13.765.174,68;;;;
AM;1301001;CARAUARI;22.623.092,98;6.866.837,64;0;0;6.866.837,64;29.489.930,62;;;;
AM;1301100;CAREIRO;34.506.654,63;10.473.881,50;0;0;10.473.881,50;44.980.536,13;;;;
AM;1301159;CAREIRO DA VARZEA;15.481.211,88;4.699.046,62;0;0;4.699.046,62;20.180.258,50;;;;
AM;1301209;COARI;50.488.214,13;15.324.799,73;0;0;15.324.799,73;65.813.013,86;;;;
AM;1301308;CODAJAS;15.561.340,91;4.723.368,35;0;0;4.723.368,35;20.284.709,26;;;;
AM;1301407;EIRUNEPE;30.541.797,39;9.270.419,57;0;0;9.270.419,57;39.812.216,96;;;;
AM;1301506;ENVIRA;14.592.656,50;4.429.341,43;0;0;4.429.341,43;19.021.997,93;;;;
AM;1301605;FONTE BOA;28.916.992,92;8.777.239,07;0;0;8.777.239,07;37.694.231,99;;;;
AM;1301654;GUAJARA;11.169.332,77;3.390.252,38;0;0;3.390.252,38;14.559.585,15;;;;
AM;1301704;HUMAITA;43.835.058,88;13.305.352,75;0;0;13.305.352,75;57.140.411,63;;;;
AM;1301803;IPIXUNA;14.122.484,70;4.286.629,14;0;0;4.286.629,14;18.409.113,84;;;;
AM;1301852;IRANDUBA;53.003.816,76;16.088.366,18;0;0;16.088.366,18;69.092.182,94;;;;
AM;1301902;ITACOATIARA;77.568.356,34;23.544.495,43;0;0;23.544.495,43;101.112.851,77;;;;
AM;1301951;ITAMARATI;12.775.175,40;3.877.677,35;0;0;3.877.677,35;16.652.852,75;;;;
AM;1302009;ITAPIRANGA;8.146.042,46;2.472.586,36;0;0;2.472.586,36;10.618.628,82;;;;
AM;1302108;JAPURA;14.558.810,66;4.419.068,12;0;0;4.419.068,12;18.977.878,78;;;;
AM;1302207;JURUA;11.587.920,24;3.517.307,16;0;0;3.517.307,16;15.105.227,40;;;;
AM;1302306;JUTAI;35.735.299,59;10.846.814,83;0;0;10.846.814,83;46.582.114,42;;;;
AM;1302405;LABREA;35.801.564,05;10.866.928,22;0;0;10.866.928,22;46.668.492,27;;;;
AM;1302504;MANACAPURU;82.753.906,82;25.118.477,07;0;0;25.118.477,07;107.872.383,89;;;;
AM;1302553;MANAQUIRI;19.993.923,27;6.068.799,92;0;0;6.068.799,92;26.062.723,19;;;;
AM;1302603;MANAUS;1.047.006.741,76;317.800.280,98;0;0;317.800.280,98;1.364.807.022,74;;;;
AM;1302702;MANICORE;51.192.044,60;15.538.434,96;0;0;15.538.434,96;66.730.479,56;;;;
AM;1302801;MARAA;22.233.254,08;6.748.508,98;0;0;6.748.508,98;28.981.763,06;;;;
AM;1302900;MAUES;54.601.299,87;16.573.253,78;0;0;16.573.253,78;71.174.553,65;;;;
AM;1303007;NHAMUNDA;16.322.464,63;4.954.393,93;0;0;4.954.393,93;21.276.858,56;;;;
AM;1303106;NOVA OLINDA DO NORTE;29.511.538,01;8.957.702,66;0;0;8.957.702,66;38.469.240,67;;;;
AM;1303205;NOVO AIRAO;13.106.089,89;3.978.120,57;0;0;3.978.120,57;17.084.210,46;;;;
AM;1303304;NOVO ARIPUANA;13.200.287,37;4.006.712,53;0;0;4.006.712,53;17.206.999,90;;;;
AM;1303403;PARINTINS;77.946.573,47;23.659.296,51;0;0;23.659.296,51;101.605.869,98;;;;
AM;1303502;PAUINI;16.548.987,12;5.023.150,81;0;0;5.023.150,81;21.572.137,93;;;;
AM;1303536;PRESIDENTE FIGUEIREDO;36.926.224,78;11.208.298,99;0;0;11.208.298,99;48.134.523,77;;;;
AM;1303569;RIO PRETO DA EVA;27.943.007,38;8.481.603,07;0;0;8.481.603,07;36.424.610,45;;;;
AM;1303601;SANTA ISABEL DO RIO NEGRO;12.332.528,83;3.743.319,86;0;0;3.743.319,86;16.075.848,69;;;;
AM;1303700;SANTO ANTONIO DO ICA;34.454.866,42;10.458.162,10;0;0;10.458.162,10;44.913.028,52;;;;
AM;1303809;SAO GABRIEL DA CACHOEIRA;49.896.523,51;15.145.202,57;0;0;15.145.202,57;65.041.726,08;;;;
AM;1303908;SAO PAULO DE OLIVENCA;38.974.917,86;11.830.143,35;0;0;11.830.143,35;50.805.061,21;;;;
AM;1303957;SAO SEBASTIAO DO UATUMA;7.518.670,98;2.282.158,90;0;0;2.282.158,90;9.800.829,88;;;;
AM;1304005;SILVES;11.341.008,68;3.442.361,55;0;0;3.442.361,55;14.783.370,23;;;;
AM;1304062;TABATINGA;70.501.507,01;21.399.478,95;0;0;21.399.478,95;91.900.985,96;;;;
AM;1304104;TAPAUA;21.822.822,24;6.623.929,69;0;0;6.623.929,69;28.446.751,93;;;;
AM;1304203;TEFE;70.173.854,76;21.300.025,94;0;0;21.300.025,94;91.473.880,70;;;;
AM;1304237;TONANTINS;24.058.890,81;7.302.648,55;0;0;7.302.648,55;31.361.539,36;;;;
AM;1304260;UARINI;17.499.933,04;5.311.793,53;0;0;5.311.793,53;22.811.726,57;;;;
AM;1304302;URUCARA;11.861.541,47;3.600.360,02;0;0;3.600.360,02;15.461.901,49;;;;
AM;1304401;URUCURITUBA;14.950.892,34;4.538.077,55;0;0;4.538.077,55;19.488.969,89;;;;
AP;1600105;AMAPA;10.090.721,58;0,00;0;0;0,00;10.090.721,58;;;;
AP;1600204;CALCOENE;14.480.302,95;0,00;0;0;0,00;14.480.302,95;;;;
AP;1600212;CUTIAS;6.791.217,02;0,00;0;0;0,00;6.791.217,02;;;;
AP;1600238;FERREIRA GOMES;15.539.179,68;0,00;0;0;0,00;15.539.179,68;;;;
AP;1600253;ITAUBAL;8.420.554,43;0,00;0;0;0,00;8.420.554,43;;;;
AP;1600279;LARANJAL DO JARI;54.895.959,77;0,00;0;0;0,00;54.895.959,77;;;;
AP;1600303;MACAPA;282.054.099,30;0,00;0;0;0,00;282.054.099,30;;;;
AP;1600402;MAZAGAO;38.928.838,28;0,00;0;0;0,00;38.928.838,28;;;;
AP;1600501;OIAPOQUE;37.553.338,54;0,00;0;0;0,00;37.553.338,54;;;;
AP;1600154;PEDRA BRANCA DO AMAPARI;15.176.719,51;0,00;0;0;0,00;15.176.719,51;;;;
AP;1600535;PORTO GRANDE;25.196.566,84;0,00;0;0;0,00;25.196.566,84;;;;
AP;1600550;PRACUUBA;5.887.955,49;0,00;0;0;0,00;5.887.955,49;;;;
AP;1600600;SANTANA;84.332.270,56;0,00;0;0;0,00;84.332.270,56;;;;
AP;1600055;SERRA DO NAVIO;5.109.494,28;0,00;0;0;0,00;5.109.494,28;;;;
AP;1600709;TARTARUGALZINHO;17.849.911,39;0,00;0;0;0,00;17.849.911,39;;;;
AP;1600808;VITORIA DO JARI;21.302.720,04;0,00;0;0;0,00;21.302.720,04;;;;
BA;2900108;ABAIRA;4.452.851,48;1.456.191,01;0;0;1.456.191,01;5.909.042,49;;;;
BA;2900207;ABARE;17.142.466,76;5.606.004,65;0;0;5.606.004,65;22.748.471,41;;;;
BA;2900306;ACAJUTIBA;11.922.938,92;3.899.091,77;0;0;3.899.091,77;15.822.030,69;;;;
BA;2900355;ADUSTINA;11.606.094,09;3.795.475,79;0;0;3.795.475,79;15.401.569,88;;;;
BA;2900405;AGUA FRIA;13.009.464,32;4.254.412,07;0;0;4.254.412,07;17.263.876,39;;;;
BA;2900603;AIQUARA;5.358.923,53;1.752.498,67;0;0;1.752.498,67;7.111.422,20;;;;
BA;2900702;ALAGOINHAS;58.153.042,57;19.017.462,98;0;0;19.017.462,98;77.170.505,55;;;;
BA;2900801;ALCOBACA;23.851.085,16;7.799.886,46;0;0;7.799.886,46;31.650.971,62;;;;
BA;2900900;ALMADINA;4.122.187,24;1.348.055,75;0;0;1.348.055,75;5.470.242,99;;;;
BA;2901007;AMARGOSA;25.661.426,74;8.391.912,30;0;0;8.391.912,30;34.053.339,04;;;;
BA;2901106;AMELIA RODRIGUES;17.447.695,27;5.705.821,82;0;0;5.705.821,82;23.153.517,09;;;;
BA;2901155;AMERICA DOURADA;16.717.470,08;5.467.020,38;0;0;5.467.020,38;22.184.490,46;;;;
BA;2901205;ANAGE;15.889.908,25;5.196.387,47;0;0;5.196.387,47;21.086.295,72;;;;
BA;2901304;ANDARAI;11.949.976,88;3.907.933,84;0;0;3.907.933,84;15.857.910,72;;;;
BA;2901353;ANDORINHA;17.400.228,63;5.690.299,07;0;0;5.690.299,07;23.090.527,70;;;;
BA;2901403;ANGICAL;12.210.342,42;3.993.079,72;0;0;3.993.079,72;16.203.422,14;;;;
BA;2901502;ANGUERA;7.982.606,99;2.610.507,14;0;0;2.610.507,14;10.593.114,13;;;;
BA;2901601;ANTAS;17.451.500,62;5.707.066,26;0;0;5.707.066,26;23.158.566,88;;;;
BA;2901700;ANTONIO CARDOSO;10.787.745,19;3.527.855,74;0;0;3.527.855,74;14.315.600,93;;;;
BA;2901809;ANTONIO GONCALVES;10.516.764,75;3.439.238,53;0;0;3.439.238,53;13.956.003,28;;;;
BA;2901908;APORA;14.462.504,28;4.729.591,57;0;0;4.729.591,57;19.192.095,85;;;;
BA;2901957;APUAREMA;6.677.975,38;2.183.860,79;0;0;2.183.860,79;8.861.836,17;;;;
BA;2902054;ARACAS;11.832.612,12;3.869.552,70;0;0;3.869.552,70;15.702.164,82;;;;
BA;2902005;ARACATU;11.037.696,11;3.609.595,78;0;0;3.609.595,78;14.647.291,89;;;;
BA;2902104;ARACI;57.065.716,04;18.661.880,70;0;0;18.661.880,70;75.727.596,74;;;;
BA;2902203;ARAMARI;6.881.060,50;2.250.274,58;0;0;2.250.274,58;9.131.335,08;;;;
BA;2902252;ARATACA;7.369.145,73;2.409.890,35;0;0;2.409.890,35;9.779.036,08;;;;
BA;2902302;ARATUIPE;8.227.150,32;2.690.478,77;0;0;2.690.478,77;10.917.629,09;;;;
BA;2902401;AURELINO LEAL;13.152.264,81;4.301.111,31;0;0;4.301.111,31;17.453.376,12;;;;
BA;2902500;BAIANOPOLIS;12.014.667,70;3.929.089,32;0;0;3.929.089,32;15.943.757,02;;;;
BA;2902609;BAIXA GRANDE;14.892.708,26;4.870.278,76;0;0;4.870.278,76;19.762.987,02;;;;
BA;2902658;BANZAE;12.947.377,16;4.234.108,05;0;0;4.234.108,05;17.181.485,21;;;;
BA;2902708;BARRA;49.663.123,35;16.241.052,37;0;0;16.241.052,37;65.904.175,72;;;;
BA;2902807;BARRA DA ESTIVA;18.076.578,19;5.911.481,86;0;0;5.911.481,86;23.988.060,05;;;;
BA;2902906;BARRA DO CHOCA;34.300.956,01;11.217.249,04;0;0;11.217.249,04;45.518.205,05;;;;
BA;2903003;BARRA DO MENDES;10.903.107,16;3.565.581,91;0;0;3.565.581,91;14.468.689,07;;;;
BA;2903102;BARRA DO ROCHA;9.485.316,69;3.101.929,86;0;0;3.101.929,86;12.587.246,55;;;;
BA;2903201;BARREIRAS;110.682.189,61;36.195.774,99;0;0;36.195.774,99;146.877.964,60;;;;
BA;2903235;BARRO ALTO;11.555.623,24;3.778.970,59;0;0;3.778.970,59;15.334.593,83;;;;
BA;2903300;BARRO PRETO;9.526.774,89;3.115.487,70;0;0;3.115.487,70;12.642.262,59;;;;
BA;2903276;BARROCAS;13.479.924,82;4.408.264,12;0;0;4.408.264,12;17.888.188,94;;;;
BA;2903409;BELMONTE;18.298.089,17;5.983.921,36;0;0;5.983.921,36;24.282.010,53;;;;
BA;2903508;BELO CAMPO;14.880.691,38;4.866.348,95;0;0;4.866.348,95;19.747.040,33;;;;
BA;2903607;BIRITINGA;22.679.239,97;7.416.664,51;0;0;7.416.664,51;30.095.904,48;;;;
BA;2903706;BOA NOVA;12.324.903,24;4.030.543,91;0;0;4.030.543,91;16.355.447,15;;;;
BA;2903805;BOA VISTA DO TUPIM;15.307.090,02;5.005.791,70;0;0;5.005.791,70;20.312.881,72;;;;
BA;2903904;BOM JESUS DA LAPA;59.790.741,78;19.553.030,56;0;0;19.553.030,56;79.343.772,34;;;;
BA;2903953;BOM JESUS DA SERRA;8.026.268,28;2.624.785,45;0;0;2.624.785,45;10.651.053,73;;;;
BA;2904001;BONINAL;10.179.090,69;3.328.810,88;0;0;3.328.810,88;13.507.901,57;;;;
BA;2904050;BONITO;15.885.702,35;5.195.012,04;0;0;5.195.012,04;21.080.714,39;;;;
BA;2904100;BOQUIRA;13.490.339,43;4.411.669,96;0;0;4.411.669,96;17.902.009,39;;;;
BA;2904209;BOTUPORA;9.902.502,38;3.238.359,75;0;0;3.238.359,75;13.140.862,13;;;;
BA;2904308;BREJOES;12.031.691,60;3.934.656,55;0;0;3.934.656,55;15.966.348,15;;;;
BA;2904407;BREJOLANDIA;6.341.102,44;2.073.695,13;0;0;2.073.695,13;8.414.797,57;;;;
BA;2904506;BROTAS DE MACAUBAS;9.820.987,93;3.211.702,54;0;0;3.211.702,54;13.032.690,47;;;;
BA;2904605;BRUMADO;46.850.174,17;15.321.149,40;0;0;15.321.149,40;62.171.323,57;;;;
BA;2904704;BUERAREMA;10.794.154,19;3.529.951,64;0;0;3.529.951,64;14.324.105,83;;;;
BA;2904753;BURITIRAMA;18.396.427,22;6.016.080,30;0;0;6.016.080,30;24.412.507,52;;;;
BA;2904803;CAATIBA;5.832.989,09;1.907.529,67;0;0;1.907.529,67;7.740.518,76;;;;
BA;2904852;CABACEIRAS DO PARAGUACU;16.519.191,72;5.402.178,52;0;0;5.402.178,52;21.921.370,24;;;;
BA;2904902;CACHOEIRA;21.822.837,65;7.136.600,06;0;0;7.136.600,06;28.959.437,71;;;;
BA;2905008;CACULE;16.327.522,63;5.339.498,05;0;0;5.339.498,05;21.667.020,68;;;;
BA;2905107;CAEM;10.144.241,77;3.317.414,42;0;0;3.317.414,42;13.461.656,19;;;;
BA;2905156;CAETANOS;9.270.014,42;3.031.520,76;0;0;3.031.520,76;12.301.535,18;;;;
BA;2905206;CAETITE;33.852.125,88;11.070.470,65;0;0;11.070.470,65;44.922.596,53;;;;
BA;2905305;CAFARNAUM;15.666.194,18;5.123.227,52;0;0;5.123.227,52;20.789.421,70;;;;
BA;2905404;CAIRU;22.756.949,07;7.442.077,28;0;0;7.442.077,28;30.199.026,35;;;;
BA;2905503;CALDEIRAO GRANDE;17.364.778,86;5.678.706,13;0;0;5.678.706,13;23.043.484,99;;;;
BA;2905602;CAMACAN;18.758.735,88;6.134.564,07;0;0;6.134.564,07;24.893.299,95;;;;
BA;2905701;CAMACARI;160.497.726,92;52.486.670,45;0;0;52.486.670,45;212.984.397,37;;;;
BA;2905800;CAMAMU;32.109.679,62;10.500.648,23;0;0;10.500.648,23;42.610.327,85;;;;
BA;2905909;CAMPO ALEGRE DE LOURDES;24.699.676,52;8.077.396,53;0;0;8.077.396,53;32.777.073,05;;;;
BA;2906006;CAMPO FORMOSO;61.954.980,21;20.260.789,30;0;0;20.260.789,30;82.215.769,51;;;;
BA;2906105;CANAPOLIS;8.502.136,38;2.780.405,92;0;0;2.780.405,92;11.282.542,30;;;;
BA;2906204;CANARANA;25.300.319,77;8.273.821,52;0;0;8.273.821,52;33.574.141,29;;;;
BA;2906303;CANAVIEIRAS;26.534.652,69;8.677.478,48;0;0;8.677.478,48;35.212.131,17;;;;
BA;2906402;CANDEAL;5.332.085,85;1.743.722,10;0;0;1.743.722,10;7.075.807,95;;;;
BA;2906501;CANDEIAS;48.012.405,86;15.701.227,50;0;0;15.701.227,50;63.713.633,36;;;;
BA;2906600;CANDIBA;9.088.159,11;2.972.049,64;0;0;2.972.049,64;12.060.208,75;;;;
BA;2906709;CANDIDO SALES;22.492.778,20;7.355.686,96;0;0;7.355.686,96;29.848.465,16;;;;
BA;2906808;CANSANCAO;62.049.512,93;20.291.703,81;0;0;20.291.703,81;82.341.216,74;;;;
BA;2906824;CANUDOS;14.892.908,54;4.870.344,26;0;0;4.870.344,26;19.763.252,80;;;;
BA;2906857;CAPELA DO ALTO ALEGRE;6.823.780,08;2.231.542,48;0;0;2.231.542,48;9.055.322,56;;;;
BA;2906873;CAPIM GROSSO;24.354.391,76;7.964.479,99;0;0;7.964.479,99;32.318.871,75;;;;
BA;2906899;CARAIBAS;8.092.160,79;2.646.333,91;0;0;2.646.333,91;10.738.494,70;;;;
BA;2906907;CARAVELAS;19.208.767,70;6.281.735,44;0;0;6.281.735,44;25.490.503,14;;;;
BA;2907004;CARDEAL DA SILVA;8.503.938,89;2.780.995,39;0;0;2.780.995,39;11.284.934,28;;;;
BA;2907103;CARINHANHA;25.931.205,49;8.480.136,53;0;0;8.480.136,53;34.411.342,02;;;;
BA;2907202;CASA NOVA;56.638.516,29;18.522.175,96;0;0;18.522.175,96;75.160.692,25;;;;
BA;2907301;CASTRO ALVES;22.910.364,46;7.492.247,85;0;0;7.492.247,85;30.402.612,31;;;;
BA;2907400;CATOLANDIA;3.062.499,53;1.001.512,02;0;0;1.001.512,02;4.064.011,55;;;;
BA;2907509;CATU;29.353.810,58;9.599.411,85;0;0;9.599.411,85;38.953.222,43;;;;
BA;2907558;CATURAMA;8.053.105,96;2.633.562,03;0;0;2.633.562,03;10.686.667,99;;;;
BA;2907608;CENTRAL;10.822.594,13;3.539.252,19;0;0;3.539.252,19;14.361.846,32;;;;
BA;2907707;CHORROCHO;11.334.713,09;3.706.727,58;0;0;3.706.727,58;15.041.440,67;;;;
BA;2907806;CICERO DANTAS;33.315.772,88;10.895.070,14;0;0;10.895.070,14;44.210.843,02;;;;
BA;2907905;CIPO;20.512.798,45;6.708.185,30;0;0;6.708.185,30;27.220.983,75;;;;
BA;2908002;COARACI;12.855.848,66;4.204.176,00;0;0;4.204.176,00;17.060.024,66;;;;
BA;2908101;COCOS;15.237.993,01;4.983.195,29;0;0;4.983.195,29;20.221.188,30;;;;
BA;2908200;CONCEICAO DA FEIRA;17.798.587,90;5.820.572,26;0;0;5.820.572,26;23.619.160,16;;;;
BA;2908309;CONCEICAO DO ALMEIDA;8.668.770,32;2.834.899,28;0;0;2.834.899,28;11.503.669,60;;;;
BA;2908408;CONCEICAO DO COITE;42.553.942,58;13.916.176,91;0;0;13.916.176,91;56.470.119,49;;;;
BA;2908507;CONCEICAO DO JACUIPE;23.129.071,51;7.563.770,39;0;0;7.563.770,39;30.692.841,90;;;;
BA;2908606;CONDE;23.872.715,53;7.806.960,11;0;0;7.806.960,11;31.679.675,64;;;;
BA;2908705;CONDEUBA;12.729.871,79;4.162.978,50;0;0;4.162.978,50;16.892.850,29;;;;
BA;2908804;CONTENDAS DO SINCORA;4.103.761,38;1.342.030,04;0;0;1.342.030,04;5.445.791,42;;;;
BA;2908903;CORACAO DE MARIA;20.170.117,35;6.596.120,22;0;0;6.596.120,22;26.766.237,57;;;;
BA;2909000;CORDEIROS;5.554.998,80;1.816.620,07;0;0;1.816.620,07;7.371.618,87;;;;
BA;2909109;CORIBE;11.276.230,99;3.687.602,51;0;0;3.687.602,51;14.963.833,50;;;;
BA;2909208;CORONEL JOAO SA;28.449.941,60;9.303.824,66;0;0;9.303.824,66;37.753.766,26;;;;
BA;2909307;CORRENTINA;26.257.663,82;8.586.896,36;0;0;8.586.896,36;34.844.560,18;;;;
BA;2909406;COTEGIPE;11.451.477,02;3.744.912,23;0;0;3.744.912,23;15.196.389,25;;;;
BA;2909505;CRAVOLANDIA;4.681.572,58;1.530.988,39;0;0;1.530.988,39;6.212.560,97;;;;
BA;2909604;CRISOPOLIS;22.878.920,31;7.481.964,85;0;0;7.481.964,85;30.360.885,16;;;;
BA;2909703;CRISTOPOLIS;10.750.292,62;3.515.607,83;0;0;3.515.607,83;14.265.900,45;;;;
BA;2909802;CRUZ DAS ALMAS;34.501.237,18;11.282.745,87;0;0;11.282.745,87;45.783.983,05;;;;
BA;2909901;CURACA;34.332.400,14;11.227.532,05;0;0;11.227.532,05;45.559.932,19;;;;
BA;2910008;DARIO MEIRA;15.450.090,78;5.052.556,44;0;0;5.052.556,44;20.502.647,22;;;;
BA;2910057;DIAS DAVILA;55.002.018,77;17.987.001,36;0;0;17.987.001,36;72.989.020,13;;;;
BA;2910107;DOM BASILIO;9.550.207,78;3.123.150,83;0;0;3.123.150,83;12.673.358,61;;;;
BA;2910206;DOM MACEDO COSTA;3.583.831,44;1.172.000,27;0;0;1.172.000,27;4.755.831,71;;;;
BA;2910305;ELISIO MEDRADO;7.704.816,99;2.519.663,04;0;0;2.519.663,04;10.224.480,03;;;;
BA;2910404;ENCRUZILHADA;18.391.019,63;6.014.311,89;0;0;6.014.311,89;24.405.331,52;;;;
BA;2910503;ENTRE RIOS;28.914.593,95;9.455.777,31;0;0;9.455.777,31;38.370.371,26;;;;
BA;2900504;ERICO CARDOSO;8.239.167,18;2.694.408,58;0;0;2.694.408,58;10.933.575,76;;;;
BA;2910602;ESPLANADA;25.604.346,61;8.373.245,71;0;0;8.373.245,71;33.977.592,32;;;;
BA;2910701;EUCLIDES DA CUNHA;58.811.166,53;19.232.685,57;0;0;19.232.685,57;78.043.852,10;;;;
BA;2910727;EUNAPOLIS;79.200.191,20;25.900.393,83;0;0;25.900.393,83;105.100.585,03;;;;
BA;2910750;FATIMA;18.113.630,19;5.923.598,78;0;0;5.923.598,78;24.037.228,97;;;;
BA;2910776;FEIRA DA MATA;4.438.030,66;1.451.344,25;0;0;1.451.344,25;5.889.374,91;;;;
BA;2910800;FEIRA DE SANTANA;238.622.207,91;78.035.280,80;0;0;78.035.280,80;316.657.488,71;;;;
BA;2910859;FILADELFIA;19.776.564,84;6.467.418,95;0;0;6.467.418,95;26.243.983,79;;;;
BA;2910909;FIRMINO ALVES;4.296.632,15;1.405.103,49;0;0;1.405.103,49;5.701.735,64;;;;
BA;2911006;FLORESTA AZUL;7.129.609,45;2.331.556,15;0;0;2.331.556,15;9.461.165,60;;;;
BA;2911105;FORMOSA DO RIO PRETO;19.609.129,76;6.412.663,60;0;0;6.412.663,60;26.021.793,36;;;;
BA;2911204;GANDU;20.837.854,80;6.814.486,65;0;0;6.814.486,65;27.652.341,45;;;;
BA;2911253;GAVIAO;4.560.803,03;1.491.493,80;0;0;1.491.493,80;6.052.296,83;;;;
BA;2911303;GENTIO DO OURO;8.687.797,03;2.841.121,48;0;0;2.841.121,48;11.528.918,51;;;;
BA;2911402;GLORIA;13.222.964,07;4.324.231,69;0;0;4.324.231,69;17.547.195,76;;;;
BA;2911501;GONGOGI;7.294.040,29;2.385.329,04;0;0;2.385.329,04;9.679.369,33;;;;
BA;2911600;GOVERNADOR MANGABEIRA;17.843.851,44;5.835.374,55;0;0;5.835.374,55;23.679.225,99;;;;
BA;2911659;GUAJERU;5.288.624,84;1.729.509,29;0;0;1.729.509,29;7.018.134,13;;;;
BA;2911709;GUANAMBI;56.329.282,14;18.421.048,85;0;0;18.421.048,85;74.750.330,99;;;;
BA;2911808;GUARATINGA;14.806.587,36;4.842.115,12;0;0;4.842.115,12;19.648.702,48;;;;
BA;2911857;HELIOPOLIS;11.815.588,22;3.863.985,47;0;0;3.863.985,47;15.679.573,69;;;;
BA;2911907;IACU;24.575.101,62;8.036.657,50;0;0;8.036.657,50;32.611.759,12;;;;
BA;2912004;IBIASSUCE;6.595.860,11;2.157.007,09;0;0;2.157.007,09;8.752.867,20;;;;
BA;2912103;IBICARAI;13.686.815,28;4.475.922,35;0;0;4.475.922,35;18.162.737,63;;;;
BA;2912202;IBICOARA;19.584.895,73;6.404.738,49;0;0;6.404.738,49;25.989.634,22;;;;
BA;2912301;IBICUI;10.484.719,77;3.428.759,03;0;0;3.428.759,03;13.913.478,80;;;;
BA;2912400;IBIPEBA;11.163.472,68;3.650.727,79;0;0;3.650.727,79;14.814.200,47;;;;
BA;2912509;IBIPITANGA;10.254.997,26;3.353.634,17;0;0;3.353.634,17;13.608.631,43;;;;
BA;2912608;IBIQUERA;3.483.090,00;1.139.055,37;0;0;1.139.055,37;4.622.145,37;;;;
BA;2912707;IBIRAPITANGA;24.045.958,75;7.863.614,87;0;0;7.863.614,87;31.909.573,62;;;;
BA;2912806;IBIRAPUA;8.250.583,20;2.698.141,90;0;0;2.698.141,90;10.948.725,10;;;;
BA;2912905;IBIRATAIA;15.691.229,32;5.131.414,62;0;0;5.131.414,62;20.822.643,94;;;;
BA;2913002;IBITIARA;9.813.978,11;3.209.410,15;0;0;3.209.410,15;13.023.388,26;;;;
BA;2913101;IBITITA;12.704.636,37;4.154.725,89;0;0;4.154.725,89;16.859.362,26;;;;
BA;2913200;IBOTIRAMA;22.482.764,13;7.352.412,12;0;0;7.352.412,12;29.835.176,25;;;;
BA;2913309;ICHU;5.754.879,43;1.881.985,90;0;0;1.881.985,90;7.636.865,33;;;;
BA;2913408;IGAPORA;10.464.491,37;3.422.143,85;0;0;3.422.143,85;13.886.635,22;;;;
BA;2913457;IGRAPIUNA;13.200.933,13;4.317.027,04;0;0;4.317.027,04;17.517.960,17;;;;
BA;2913507;IGUAI;18.264.842,49;5.973.048,88;0;0;5.973.048,88;24.237.891,37;;;;
BA;2913606;ILHEUS;90.523.488,27;29.603.388,09;0;0;29.603.388,09;120.126.876,36;;;;
BA;2913705;INHAMBUPE;30.627.598,88;10.015.971,69;0;0;10.015.971,69;40.643.570,57;;;;
BA;2913804;IPECAETA;17.784.367,93;5.815.921,99;0;0;5.815.921,99;23.600.289,92;;;;
BA;2913903;IPIAU;28.765.584,75;9.407.047,67;0;0;9.407.047,67;38.172.632,42;;;;
BA;2914000;IPIRA;43.242.108,71;14.141.224,01;0;0;14.141.224,01;57.383.332,72;;;;
BA;2914109;IPUPIARA;8.114.792,57;2.653.735,05;0;0;2.653.735,05;10.768.527,62;;;;
BA;2914208;IRAJUBA;5.299.640,30;1.733.111,61;0;0;1.733.111,61;7.032.751,91;;;;
BA;2914307;IRAMAIA;10.086.961,36;3.298.682,33;0;0;3.298.682,33;13.385.643,69;;;;
BA;2914406;IRAQUARA;21.743.125,74;7.110.532,32;0;0;7.110.532,32;28.853.658,06;;;;
BA;2914505;IRARA;26.425.699,73;8.641.848,20;0;0;8.641.848,20;35.067.547,93;;;;
BA;2914604;IRECE;47.164.014,79;15.423.782,93;0;0;15.423.782,93;62.587.797,72;;;;
BA;2914653;ITABELA;24.500.396,75;8.012.227,18;0;0;8.012.227,18;32.512.623,93;;;;
BA;2914703;ITABERABA;50.218.302,78;16.422.609,58;0;0;16.422.609,58;66.640.912,36;;;;
BA;2914802;ITABUNA;89.094.482,05;29.136.068,21;0;0;29.136.068,21;118.230.550,26;;;;
BA;2914901;ITACARE;26.106.251,25;8.537.380,76;0;0;8.537.380,76;34.643.632,01;;;;
BA;2915007;ITAETE;13.279.643,64;4.342.767,30;0;0;4.342.767,30;17.622.410,94;;;;
BA;2915106;ITAGI;12.101.589,73;3.957.514,94;0;0;3.957.514,94;16.059.104,67;;;;
BA;2915205;ITAGIBA;14.668.393,33;4.796.922,31;0;0;4.796.922,31;19.465.315,64;;;;
BA;2915304;ITAGIMIRIM;7.194.901,12;2.352.908,11;0;0;2.352.908,11;9.547.809,23;;;;
BA;2915353;ITAGUACU DA BAHIA;11.657.966,92;3.812.439,46;0;0;3.812.439,46;15.470.406,38;;;;
BA;2915403;ITAJU DO COLONIA;6.147.430,54;2.010.359,69;0;0;2.010.359,69;8.157.790,23;;;;
BA;2915502;ITAJUIPE;14.877.286,61;4.865.235,50;0;0;4.865.235,50;19.742.522,11;;;;
BA;2915601;ITAMARAJU;46.734.411,65;15.283.292,23;0;0;15.283.292,23;62.017.703,88;;;;
BA;2915700;ITAMARI;5.996.218,25;1.960.909,59;0;0;1.960.909,59;7.957.127,84;;;;
BA;2915809;ITAMBE;22.271.667,77;7.283.378,46;0;0;7.283.378,46;29.555.046,23;;;;
BA;2915908;ITANAGRA;6.839.802,58;2.236.782,23;0;0;2.236.782,23;9.076.584,81;;;;
BA;2916005;ITANHEM;13.899.513,90;4.545.479,98;0;0;4.545.479,98;18.444.993,88;;;;
BA;2916104;ITAPARICA;17.659.592,76;5.775.117,46;0;0;5.775.117,46;23.434.710,22;;;;
BA;2916203;ITAPE;8.753.689,54;2.862.669,94;0;0;2.862.669,94;11.616.359,48;;;;
BA;2916302;ITAPEBI;8.234.160,14;2.692.771,16;0;0;2.692.771,16;10.926.931,30;;;;
BA;2916401;ITAPETINGA;46.246.126,14;15.123.610,96;0;0;15.123.610,96;61.369.737,10;;;;
BA;2916500;ITAPICURU;39.450.185,14;12.901.172,54;0;0;12.901.172,54;52.351.357,68;;;;
BA;2916609;ITAPITANGA;6.954.763,98;2.274.377,41;0;0;2.274.377,41;9.229.141,39;;;;
BA;2916708;ITAQUARA;5.711.017,84;1.867.642,10;0;0;1.867.642,10;7.578.659,94;;;;
BA;2916807;ITARANTIM;13.408.824,99;4.385.012,75;0;0;4.385.012,75;17.793.837,74;;;;
BA;2916856;ITATIM;17.747.516,20;5.803.870,57;0;0;5.803.870,57;23.551.386,77;;;;
BA;2916906;ITIRUCU;6.831.591,04;2.234.096,86;0;0;2.234.096,86;9.065.687,90;;;;
BA;2917003;ITIUBA;39.210.047,99;12.822.641,84;0;0;12.822.641,84;52.032.689,83;;;;
BA;2917102;ITORORO;12.164.678,31;3.978.146,44;0;0;3.978.146,44;16.142.824,75;;;;
BA;2917201;ITUACU;15.456.099,22;5.054.521,34;0;0;5.054.521,34;20.510.620,56;;;;
BA;2917300;ITUBERA;18.060.355,41;5.906.176,62;0;0;5.906.176,62;23.966.532,03;;;;
BA;2917334;IUIU;9.280.829,61;3.035.057,59;0;0;3.035.057,59;12.315.887,20;;;;
BA;2917359;JABORANDI;6.930.129,39;2.266.321,30;0;0;2.266.321,30;9.196.450,69;;;;
BA;2917409;JACARACI;9.155.854,14;2.994.187,57;0;0;2.994.187,57;12.150.041,71;;;;
BA;2917508;JACOBINA;50.912.076,79;16.649.490,60;0;0;16.649.490,60;67.561.567,39;;;;
BA;2917607;JAGUAQUARA;37.830.511,24;12.371.499,68;0;0;12.371.499,68;50.202.010,92;;;;
BA;2917706;JAGUARARI;23.109.243,66;7.557.286,20;0;0;7.557.286,20;30.666.529,86;;;;
BA;2917805;JAGUARIPE;17.764.540,10;5.809.437,80;0;0;5.809.437,80;23.573.977,90;;;;
BA;2917904;JANDAIRA;10.001.641,57;3.270.780,68;0;0;3.270.780,68;13.272.422,25;;;;
BA;2918001;JEQUIE;90.424.148,81;29.570.901,66;0;0;29.570.901,66;119.995.050,47;;;;
BA;2918100;JEREMOABO;35.295.352,06;11.542.440,80;0;0;11.542.440,80;46.837.792,86;;;;
BA;2918209;JIQUIRICA;16.299.282,98;5.330.263,00;0;0;5.330.263,00;21.629.545,98;;;;
BA;2918308;JITAUNA;20.385.219,33;6.666.463,82;0;0;6.666.463,82;27.051.683,15;;;;
BA;2918357;JOAO DOURADO;22.010.300,84;7.197.905,09;0;0;7.197.905,09;29.208.205,93;;;;
BA;2918407;JUAZEIRO;166.258.614,79;54.370.621,26;0;0;54.370.621,26;220.629.236,05;;;;
BA;2918456;JUCURUCU;8.093.963,33;2.646.923,38;0;0;2.646.923,38;10.740.886,71;;;;
BA;2918506;JUSSARA;13.603.698,59;4.448.741,17;0;0;4.448.741,17;18.052.439,76;;;;
BA;2918555;JUSSARI;8.154.648,53;2.666.768,92;0;0;2.666.768,92;10.821.417,45;;;;
BA;2918605;JUSSIAPE;4.690.184,66;1.533.804,76;0;0;1.533.804,76;6.223.989,42;;;;
BA;2918704;LAFAIETE COUTINHO;5.371.541,24;1.756.624,97;0;0;1.756.624,97;7.128.166,21;;;;
BA;2918753;LAGOA REAL;8.679.585,49;2.838.436,11;0;0;2.838.436,11;11.518.021,60;;;;
BA;2918803;LAJE;20.764.551,90;6.790.514,81;0;0;6.790.514,81;27.555.066,71;;;;
BA;2918902;LAJEDAO;3.171.252,20;1.037.076,80;0;0;1.037.076,80;4.208.329,00;;;;
BA;2919009;LAJEDINHO;2.976.178,34;973.282,89;0;0;973.282,89;3.949.461,23;;;;
BA;2919058;LAJEDO DO TABOCAL;8.717.438,64;2.850.815,01;0;0;2.850.815,01;11.568.253,65;;;;
BA;2919108;LAMARAO;8.388.977,50;2.743.400,21;0;0;2.743.400,21;11.132.377,71;;;;
BA;2919157;LAPAO;24.919.384,97;8.149.246,55;0;0;8.149.246,55;33.068.631,52;;;;
BA;2919207;LAURO DE FREITAS;114.321.298,63;37.385.852,39;0;0;37.385.852,39;151.707.151,02;;;;
BA;2919306;LENCOIS;9.723.451,00;3.179.805,59;0;0;3.179.805,59;12.903.256,59;;;;
BA;2919405;LICINIO DE ALMEIDA;8.737.466,76;2.857.364,69;0;0;2.857.364,69;11.594.831,45;;;;
BA;2919504;LIVRAMENTO DE NOSSA SENHORA;27.128.686,66;8.871.742,08;0;0;8.871.742,08;36.000.428,74;;;;
BA;2919553;LUIS EDUARDO MAGALHAES;89.346.836,35;29.218.594,21;0;0;29.218.594,21;118.565.430,56;;;;
BA;2919603;MACAJUBA;12.337.721,25;4.034.735,70;0;0;4.034.735,70;16.372.456,95;;;;
BA;2919702;MACARANI;12.912.728,52;4.222.777,10;0;0;4.222.777,10;17.135.505,62;;;;
BA;2919801;MACAUBAS;31.002.124,69;10.138.450,76;0;0;10.138.450,76;41.140.575,45;;;;
BA;2919900;MACURURE;8.025.867,73;2.624.654,46;0;0;2.624.654,46;10.650.522,19;;;;
BA;2919926;MADRE DE DEUS;11.301.065,86;3.695.724,11;0;0;3.695.724,11;14.996.789,97;;;;
BA;2919959;MAETINGA;5.210.515,18;1.703.965,52;0;0;1.703.965,52;6.914.480,70;;;;
BA;2920007;MAIQUINIQUE;7.909.904,92;2.586.731,79;0;0;2.586.731,79;10.496.636,71;;;;
BA;2920106;MAIRI;11.335.914,78;3.707.120,56;0;0;3.707.120,56;15.043.035,34;;;;
BA;2920205;MALHADA;14.144.257,49;4.625.517,11;0;0;4.625.517,11;18.769.774,60;;;;
BA;2920304;MALHADA DE PEDRAS;10.744.083,89;3.513.577,43;0;0;3.513.577,43;14.257.661,32;;;;
BA;2920403;MANOEL VITORINO;10.853.837,98;3.549.469,69;0;0;3.549.469,69;14.403.307,67;;;;
BA;2920452;MANSIDAO;9.121.205,49;2.982.856,62;0;0;2.982.856,62;12.104.062,11;;;;
BA;2920502;MARACAS;21.100.022,87;6.900.222,01;0;0;6.900.222,01;28.000.244,88;;;;
BA;2920601;MARAGOGIPE;28.495.405,44;9.318.692,44;0;0;9.318.692,44;37.814.097,88;;;;
BA;2920700;MARAU;24.070.993,89;7.871.801,97;0;0;7.871.801,97;31.942.795,86;;;;
BA;2920809;MARCIONILIO SOUZA;10.190.907,28;3.332.675,19;0;0;3.332.675,19;13.523.582,47;;;;
BA;2920908;MASCOTE;11.086.364,43;3.625.511,51;0;0;3.625.511,51;14.711.875,94;;;;
BA;2921005;MATA DE SAO JOAO;52.384.744,30;17.131.088,79;0;0;17.131.088,79;69.515.833,09;;;;
BA;2921054;MATINA;9.380.769,92;3.067.740,51;0;0;3.067.740,51;12.448.510,43;;;;
BA;2921104;MEDEIROS NETO;17.768.345,45;5.810.682,24;0;0;5.810.682,24;23.579.027,69;;;;
BA;2921203;MIGUEL CALMON;19.151.487,27;6.263.003,35;0;0;6.263.003,35;25.414.490,62;;;;
BA;2921302;MILAGRES;8.446.658,49;2.762.263,30;0;0;2.762.263,30;11.208.921,79;;;;
BA;2921401;MIRANGABA;14.850.849,50;4.856.589,92;0;0;4.856.589,92;19.707.439,42;;;;
BA;2921450;MIRANTE;7.065.319,18;2.310.531,66;0;0;2.310.531,66;9.375.850,84;;;;
BA;2921500;MONTE SANTO;53.917.696,45;17.632.401,53;0;0;17.632.401,53;71.550.097,98;;;;
BA;2921609;MORPARA;7.112.585,55;2.325.988,92;0;0;2.325.988,92;9.438.574,47;;;;
BA;2921708;MORRO DO CHAPEU;26.957.245,98;8.815.676,79;0;0;8.815.676,79;35.772.922,77;;;;
BA;2921807;MORTUGABA;9.161.061,45;2.995.890,49;0;0;2.995.890,49;12.156.951,94;;;;
BA;2921906;MUCUGE;9.306.665,87;3.043.506,68;0;0;3.043.506,68;12.350.172,55;;;;
BA;2922003;MUCURI;35.638.834,29;11.654.767,87;0;0;11.654.767,87;47.293.602,16;;;;
BA;2922052;MULUNGU DO MORRO;13.386.393,51;4.377.677,10;0;0;4.377.677,10;17.764.070,61;;;;
BA;2922102;MUNDO NOVO;17.539.824,62;5.735.950,36;0;0;5.735.950,36;23.275.774,98;;;;
BA;2922201;MUNIZ FERREIRA;5.391.369,09;1.763.109,16;0;0;1.763.109,16;7.154.478,25;;;;
BA;2922250;MUQUEM DE SAO FRANCISCO;13.512.370,37;4.418.874,61;0;0;4.418.874,61;17.931.244,98;;;;
BA;2922300;MURITIBA;30.727.338,92;10.048.589,11;0;0;10.048.589,11;40.775.928,03;;;;
BA;2922409;MUTUIPE;16.514.585,26;5.400.672,09;0;0;5.400.672,09;21.915.257,35;;;;
BA;2922508;NAZARE;42.721.577,94;13.970.997,75;0;0;13.970.997,75;56.692.575,69;;;;
BA;2922607;NILO PECANHA;17.655.587,13;5.773.807,53;0;0;5.773.807,53;23.429.394,66;;;;
BA;2922656;NORDESTINA;13.323.905,77;4.357.242,09;0;0;4.357.242,09;17.681.147,86;;;;
BA;2922706;NOVA CANAA;15.430.863,80;5.046.268,74;0;0;5.046.268,74;20.477.132,54;;;;
BA;2922730;NOVA FATIMA;7.027.466,04;2.298.152,76;0;0;2.298.152,76;9.325.618,80;;;;
BA;2922755;NOVA IBIA;7.137.220,13;2.334.045,02;0;0;2.334.045,02;9.471.265,15;;;;
BA;2922805;NOVA ITARANA;8.573.837,03;2.803.853,78;0;0;2.803.853,78;11.377.690,81;;;;
BA;2922854;NOVA REDENCAO;6.306.854,35;2.062.495,17;0;0;2.062.495,17;8.369.349,52;;;;
BA;2922904;NOVA SOURE;21.708.877,66;7.099.332,37;0;0;7.099.332,37;28.808.210,03;;;;
BA;2923001;NOVA VICOSA;35.359.241,76;11.563.334,29;0;0;11.563.334,29;46.922.576,05;;;;
BA;2923035;NOVO HORIZONTE;8.865.446,43;2.899.217,17;0;0;2.899.217,17;11.764.663,60;;;;
BA;2923050;NOVO TRIUNFO;13.843.835,72;4.527.271,86;0;0;4.527.271,86;18.371.107,58;;;;
BA;2923100;OLINDINA;19.774.562,02;6.466.763,99;0;0;6.466.763,99;26.241.326,01;;;;
BA;2923209;OLIVEIRA DOS BREJINHOS;15.363.168,75;5.024.130,81;0;0;5.024.130,81;20.387.299,56;;;;
BA;2923308;OURICANGAS;7.592.258,97;2.482.853,82;0;0;2.482.853,82;10.075.112,79;;;;
BA;2923357;OUROLANDIA;16.691.834,10;5.458.636,78;0;0;5.458.636,78;22.150.470,88;;;;
BA;2923407;PALMAS DE MONTE ALTO;17.453.703,71;5.707.786,72;0;0;5.707.786,72;23.161.490,43;;;;
BA;2923506;PALMEIRAS;7.973.994,89;2.607.690,78;0;0;2.607.690,78;10.581.685,67;;;;
BA;2923605;PARAMIRIM;11.219.751,71;3.669.132,40;0;0;3.669.132,40;14.888.884,11;;;;
BA;2923704;PARATINGA;28.593.342,94;9.350.720,39;0;0;9.350.720,39;37.944.063,33;;;;
BA;2923803;PARIPIRANGA;20.369.997,97;6.661.486,06;0;0;6.661.486,06;27.031.484,03;;;;
BA;2923902;PAU BRASIL;7.019.454,79;2.295.532,89;0;0;2.295.532,89;9.314.987,68;;;;
BA;2924009;PAULO AFONSO;72.624.759,79;23.750.067,41;0;0;23.750.067,41;96.374.827,20;;;;
BA;2924058;PE DE SERRA;10.691.209,67;3.496.286,26;0;0;3.496.286,26;14.187.495,93;;;;
BA;2924108;PEDRAO;6.031.668,02;1.972.502,52;0;0;1.972.502,52;8.004.170,54;;;;
BA;2924207;PEDRO ALEXANDRE;14.426.053,12;4.717.671,15;0;0;4.717.671,15;19.143.724,27;;;;
BA;2924306;PIATA;17.836.441,05;5.832.951,16;0;0;5.832.951,16;23.669.392,21;;;;
BA;2924405;PILAO ARCADO;34.998.535,36;11.445.374,50;0;0;11.445.374,50;46.443.909,86;;;;
BA;2924504;PINDAI;11.485.324,54;3.755.981,20;0;0;3.755.981,20;15.241.305,74;;;;
BA;2924603;PINDOBACU;23.768.969,87;7.773.032,76;0;0;7.773.032,76;31.542.002,63;;;;
BA;2924652;PINTADAS;7.021.057,04;2.296.056,86;0;0;2.296.056,86;9.317.113,90;;;;
BA;2924678;PIRAI DO NORTE;7.094.359,97;2.320.028,70;0;0;2.320.028,70;9.414.388,67;;;;
BA;2924702;PIRIPA;7.548.797,95;2.468.641,01;0;0;2.468.641,01;10.017.438,96;;;;
BA;2924801;PIRITIBA;13.366.565,67;4.371.192,92;0;0;4.371.192,92;17.737.758,59;;;;
BA;2924900;PLANALTINO;6.929.328,27;2.266.059,31;0;0;2.266.059,31;9.195.387,58;;;;
BA;2925006;PLANALTO;17.981.845,19;5.880.501,86;0;0;5.880.501,86;23.862.347,05;;;;
BA;2925105;POCOES;38.286.952,04;12.520.766,95;0;0;12.520.766,95;50.807.718,99;;;;
BA;2925204;POJUCA;21.632.370,25;7.074.312,58;0;0;7.074.312,58;28.706.682,83;;;;
BA;2925253;PONTO NOVO;21.182.538,71;6.927.206,70;0;0;6.927.206,70;28.109.745,41;;;;
BA;2925303;PORTO SEGURO;136.292.544,64;44.570.985,60;0;0;44.570.985,60;180.863.530,24;;;;
BA;2925402;POTIRAGUA;9.226.953,96;3.017.438,94;0;0;3.017.438,94;12.244.392,90;;;;
BA;2925501;PRADO;28.553.887,55;9.337.817,52;0;0;9.337.817,52;37.891.705,07;;;;
BA;2925600;PRESIDENTE DUTRA;10.813.581,47;3.536.304,83;0;0;3.536.304,83;14.349.886,30;;;;
BA;2925709;PRESIDENTE JANIO QUADROS;10.237.372,52;3.347.870,45;0;0;3.347.870,45;13.585.242,97;;;;
BA;2925758;PRESIDENTE TANCREDO NEVES;24.430.698,89;7.989.434,28;0;0;7.989.434,28;32.420.133,17;;;;
BA;2925808;QUEIMADAS;22.444.710,71;7.339.967,72;0;0;7.339.967,72;29.784.678,43;;;;
BA;2925907;QUIJINGUE;23.615.153,94;7.722.731,19;0;0;7.722.731,19;31.337.885,13;;;;
BA;2925931;QUIXABEIRA;16.233.991,32;5.308.911,03;0;0;5.308.911,03;21.542.902,35;;;;
BA;2925956;RAFAEL JAMBEIRO;17.611.525,28;5.759.398,23;0;0;5.759.398,23;23.370.923,51;;;;
BA;2926004;REMANSO;33.212.427,79;10.861.273,78;0;0;10.861.273,78;44.073.701,57;;;;
BA;2926103;RETIROLANDIA;10.231.564,36;3.345.971,04;0;0;3.345.971,04;13.577.535,40;;;;
BA;2926202;RIACHAO DAS NEVES;19.695.050,40;6.440.761,74;0;0;6.440.761,74;26.135.812,14;;;;
BA;2926301;RIACHAO DO JACUIPE;18.584.090,68;6.077.450,83;0;0;6.077.450,83;24.661.541,51;;;;
BA;2926400;RIACHO DE SANTANA;22.172.929,15;7.251.088,52;0;0;7.251.088,52;29.424.017,67;;;;
BA;2926509;RIBEIRA DO AMPARO;14.317.701,00;4.682.237,36;0;0;4.682.237,36;18.999.938,36;;;;
BA;2926608;RIBEIRA DO POMBAL;47.615.648,85;15.571.478,28;0;0;15.571.478,28;63.187.127,13;;;;
BA;2926657;RIBEIRAO DO LARGO;9.559.620,99;3.126.229,18;0;0;3.126.229,18;12.685.850,17;;;;
BA;2926707;RIO DE CONTAS;8.639.729,54;2.825.402,24;0;0;2.825.402,24;11.465.131,78;;;;
BA;2926806;RIO DO ANTONIO;8.874.859,64;2.902.295,52;0;0;2.902.295,52;11.777.155,16;;;;
BA;2926905;RIO DO PIRES;6.123.597,08;2.002.565,57;0;0;2.002.565,57;8.126.162,65;;;;
BA;2927002;RIO REAL;28.305.538,88;9.256.601,44;0;0;9.256.601,44;37.562.140,32;;;;
BA;2927101;RODELAS;9.181.490,13;3.002.571,16;0;0;3.002.571,16;12.184.061,29;;;;
BA;2927200;RUY BARBOSA;20.795.395,20;6.800.601,32;0;0;6.800.601,32;27.595.996,52;;;;
BA;2927309;SALINAS DA MARGARIDA;15.802.385,37;5.167.765,36;0;0;5.167.765,36;20.970.150,73;;;;
BA;2927408;SALVADOR;715.222.920,02;233.895.335,61;0;0;233.895.335,61;949.118.255,63;;;;
BA;2927507;SANTA BARBARA;17.150.077,43;5.608.493,53;0;0;5.608.493,53;22.758.570,96;;;;
BA;2927606;SANTA BRIGIDA;13.180.304,17;4.310.280,87;0;0;4.310.280,87;17.490.585,04;;;;
BA;2927705;SANTA CRUZ CABRALIA;34.279.525,92;11.210.240,88;0;0;11.210.240,88;45.489.766,80;;;;
BA;2927804;SANTA CRUZ DA VITORIA;5.265.993,07;1.722.108,14;0;0;1.722.108,14;6.988.101,21;;;;
BA;2927903;SANTA INES;10.572.042,37;3.457.315,65;0;0;3.457.315,65;14.029.358,02;;;;
BA;2928059;SANTA LUZIA;11.870.665,53;3.881.997,10;0;0;3.881.997,10;15.752.662,63;;;;
BA;2928109;SANTA MARIA DA VITORIA;29.270.093,04;9.572.034,18;0;0;9.572.034,18;38.842.127,22;;;;
BA;2928406;SANTA RITA DE CASSIA;22.157.908,06;7.246.176,26;0;0;7.246.176,26;29.404.084,32;;;;
BA;2928505;SANTA TERESINHA;8.454.269,17;2.764.752,17;0;0;2.764.752,17;11.219.021,34;;;;
BA;2928000;SANTALUZ;31.418.709,54;10.274.684,17;0;0;10.274.684,17;41.693.393,71;;;;
BA;2928208;SANTANA;17.999.670,21;5.886.331,08;0;0;5.886.331,08;23.886.001,29;;;;
BA;2928307;SANTANOPOLIS;7.926.327,98;2.592.102,53;0;0;2.592.102,53;10.518.430,51;;;;
BA;2928604;SANTO AMARO;43.746.216,45;14.306.079,53;0;0;14.306.079,53;58.052.295,98;;;;
BA;2928703;SANTO ANTONIO DE JESUS;50.625.274,14;16.555.699,14;0;0;16.555.699,14;67.180.973,28;;;;
BA;2928802;SANTO ESTEVAO;40.836.731,74;13.354.607,09;0;0;13.354.607,09;54.191.338,83;;;;
BA;2928901;SAO DESIDERIO;29.970.876,89;9.801.207,59;0;0;9.801.207,59;39.772.084,48;;;;
BA;2928950;SAO DOMINGOS;6.652.339,39;2.175.477,20;0;0;2.175.477,20;8.827.816,59;;;;
BA;2929107;SAO FELIPE;22.131.070,39;7.237.399,68;0;0;7.237.399,68;29.368.470,07;;;;
BA;2929008;SAO FELIX;7.916.914,77;2.589.024,18;0;0;2.589.024,18;10.505.938,95;;;;
BA;2929057;SAO FELIX DO CORIBE;13.101.994,23;4.284.671,61;0;0;4.284.671,61;17.386.665,84;;;;
BA;2929206;SAO FRANCISCO DO CONDE;35.045.401,14;11.460.700,76;0;0;11.460.700,76;46.506.101,90;;;;
BA;2929255;SAO GABRIEL;15.321.109,71;5.010.376,48;0;0;5.010.376,48;20.331.486,19;;;;
BA;2929305;SAO GONCALO DOS CAMPOS;20.066.371,70;6.562.192,86;0;0;6.562.192,86;26.628.564,56;;;;
BA;2929354;SAO JOSE DA VITORIA;4.699.798,16;1.536.948,61;0;0;1.536.948,61;6.236.746,77;;;;
BA;2929370;SAO JOSE DO JACUIPE;10.353.135,03;3.385.727,62;0;0;3.385.727,62;13.738.862,65;;;;
BA;2929404;SAO MIGUEL DAS MATAS;6.795.340,15;2.222.241,94;0;0;2.222.241,94;9.017.582,09;;;;
BA;2929503;SAO SEBASTIAO DO PASSE;25.410.274,14;8.309.779,27;0;0;8.309.779,27;33.720.053,41;;;;
BA;2929602;SAPEACU;27.891.157,11;9.121.088,51;0;0;9.121.088,51;37.012.245,62;;;;
BA;2929701;SATIRO DIAS;21.309.316,70;6.968.666,19;0;0;6.968.666,19;28.277.982,89;;;;
BA;2929750;SAUBARA;8.818.180,07;2.883.759,91;0;0;2.883.759,91;11.701.939,98;;;;
BA;2929800;SAUDE;8.911.310,82;2.914.215,94;0;0;2.914.215,94;11.825.526,76;;;;
BA;2929909;SEABRA;33.294.543,07;10.888.127,47;0;0;10.888.127,47;44.182.670,54;;;;
BA;2930006;SEBASTIAO LARANJEIRAS;7.038.080,94;2.301.624,09;0;0;2.301.624,09;9.339.705,03;;;;
BA;2930105;SENHOR DO BONFIM;43.069.065,79;14.084.634,75;0;0;14.084.634,75;57.153.700,54;;;;
BA;2930204;SENTO SE;35.789.245,45;11.703.955,99;0;0;11.703.955,99;47.493.201,44;;;;
BA;2930154;SERRA DO RAMALHO;36.122.112,78;11.812.811,72;0;0;11.812.811,72;47.934.924,50;;;;
BA;2930303;SERRA DOURADA;11.846.431,52;3.874.071,98;0;0;3.874.071,98;15.720.503,50;;;;
BA;2930402;SERRA PRETA;12.288.251,79;4.018.557,99;0;0;4.018.557,99;16.306.809,78;;;;
BA;2930501;SERRINHA;74.579.303,81;24.389.250,97;0;0;24.389.250,97;98.968.554,78;;;;
BA;2930600;SERROLANDIA;11.219.551,42;3.669.066,90;0;0;3.669.066,90;14.888.618,32;;;;
BA;2930709;SIMOES FILHO;84.776.820,38;27.724.087,55;0;0;27.724.087,55;112.500.907,93;;;;
BA;2930758;SITIO DO MATO;12.278.237,74;4.015.283,15;0;0;4.015.283,15;16.293.520,89;;;;
BA;2930766;SITIO DO QUINTO;12.020.275,58;3.930.923,23;0;0;3.930.923,23;15.951.198,81;;;;
BA;2930774;SOBRADINHO;19.650.988,54;6.426.352,44;0;0;6.426.352,44;26.077.340,98;;;;
BA;2930808;SOUTO SOARES;14.648.966,07;4.790.569,12;0;0;4.790.569,12;19.439.535,19;;;;
BA;2930907;TABOCAS DO BREJO VELHO;9.099.374,85;2.975.717,47;0;0;2.975.717,47;12.075.092,32;;;;
BA;2931004;TANHACU;15.059.943,05;4.924.968,61;0;0;4.924.968,61;19.984.911,66;;;;
BA;2931053;TANQUE NOVO;14.471.516,93;4.732.538,93;0;0;4.732.538,93;19.204.055,86;;;;
BA;2931103;TANQUINHO;4.750.469,31;1.553.519,31;0;0;1.553.519,31;6.303.988,62;;;;
BA;2931202;TAPEROA;22.376.615,11;7.317.698,80;0;0;7.317.698,80;29.694.313,91;;;;
BA;2931301;TAPIRAMUTA;11.456.283,78;3.746.484,16;0;0;3.746.484,16;15.202.767,94;;;;
BA;2931350;TEIXEIRA DE FREITAS;92.075.667,42;30.110.988,52;0;0;30.110.988,52;122.186.655,94;;;;
BA;2931400;TEODORO SAMPAIO;4.735.448,23;1.548.607,04;0;0;1.548.607,04;6.284.055,27;;;;
BA;2931509;TEOFILANDIA;21.616.147,47;7.069.007,34;0;0;7.069.007,34;28.685.154,81;;;;
BA;2931608;TEOLANDIA;15.010.473,59;4.908.790,90;0;0;4.908.790,90;19.919.264,49;;;;
BA;2931707;TERRA NOVA;9.105.783,86;2.977.813,36;0;0;2.977.813,36;12.083.597,22;;;;
BA;2931806;TREMEDAL;14.523.990,60;4.749.699,10;0;0;4.749.699,10;19.273.689,70;;;;
BA;2931905;TUCANO;45.144.579,65;14.763.378,40;0;0;14.763.378,40;59.907.958,05;;;;
BA;2932002;UAUA;25.393.650,80;8.304.343,04;0;0;8.304.343,04;33.697.993,84;;;;
BA;2932101;UBAIRA;16.269.441,08;5.320.503,97;0;0;5.320.503,97;21.589.945,05;;;;
BA;2932200;UBAITABA;16.020.892,15;5.239.222,40;0;0;5.239.222,40;21.260.114,55;;;;
BA;2932309;UBATA;13.845.437,97;4.527.795,84;0;0;4.527.795,84;18.373.233,81;;;;
BA;2932408;UIBAI;8.555.010,59;2.797.697,08;0;0;2.797.697,08;11.352.707,67;;;;
BA;2932457;UMBURANAS;11.619.112,38;3.799.733,08;0;0;3.799.733,08;15.418.845,46;;;;
BA;2932507;UNA;19.151.287,00;6.262.937,85;0;0;6.262.937,85;25.414.224,85;;;;
BA;2932606;URANDI;11.638.739,93;3.806.151,77;0;0;3.806.151,77;15.444.891,70;;;;
BA;2932705;URUCUCA;19.663.005,41;6.430.282,25;0;0;6.430.282,25;26.093.287,66;;;;
BA;2932804;UTINGA;10.709.435,25;3.502.246,48;0;0;3.502.246,48;14.211.681,73;;;;
BA;2932903;VALENCA;63.753.304,92;20.848.885,34;0;0;20.848.885,34;84.602.190,26;;;;
BA;2933000;VALENTE;22.727.908,30;7.432.580,23;0;0;7.432.580,23;30.160.488,53;;;;
BA;2933059;VARZEA DA ROCA;11.772.127,19;3.849.772,66;0;0;3.849.772,66;15.621.899,85;;;;
BA;2933109;VARZEA DO POCO;6.427.824,19;2.102.055,25;0;0;2.102.055,25;8.529.879,44;;;;
BA;2933158;VARZEA NOVA;10.813.982,03;3.536.435,82;0;0;3.536.435,82;14.350.417,85;;;;
BA;2933174;VARZEDO;6.683.182,69;2.185.563,71;0;0;2.185.563,71;8.868.746,40;;;;
BA;2933208;VERA CRUZ;35.466.191,90;11.598.309,60;0;0;11.598.309,60;47.064.501,50;;;;
BA;2933257;VEREDA;5.496.116,14;1.797.364,00;0;0;1.797.364,00;7.293.480,14;;;;
BA;2933307;VITORIA DA CONQUISTA;202.535.945,48;66.234.193,02;0;0;66.234.193,02;268.770.138,50;;;;
BA;2933406;WAGNER;6.463.474,24;2.113.713,69;0;0;2.113.713,69;8.577.187,93;;;;
BA;2933455;WANDERLEY;12.924.545,11;4.226.641,41;0;0;4.226.641,41;17.151.186,52;;;;
BA;2933505;WENCESLAU GUIMARAES;22.318.133,00;7.298.573,72;0;0;7.298.573,72;29.616.706,72;;;;
BA;2933604;XIQUE-XIQUE;51.178.250,48;16.736.535,89;0;0;16.736.535,89;67.914.786,37;;;;
CE;2300101;ABAIARA;7.263.221,87;3.044.180,90;0;0;3.044.180,90;10.307.402,77;;;;
CE;2300150;ACARAPE;11.010.761,19;4.614.859,56;0;0;4.614.859,56;15.625.620,75;;;;
CE;2300200;ACARAU;51.664.539,61;21.653.779,47;0;0;21.653.779,47;73.318.319,08;;;;
CE;2300309;ACOPIARA;31.793.966,22;13.325.571,82;0;0;13.325.571,82;45.119.538,04;;;;
CE;2300408;AIUABA;10.503.972,50;4.402.452,94;0;0;4.402.452,94;14.906.425,44;;;;
CE;2300507;ALCANTARAS;8.556.413,23;3.586.186,70;0;0;3.586.186,70;12.142.599,93;;;;
CE;2300606;ALTANEIRA;7.321.279,71;3.068.514,25;0;0;3.068.514,25;10.389.793,96;;;;
CE;2300705;ALTO SANTO;12.556.597,74;5.262.754,70;0;0;5.262.754,70;17.819.352,44;;;;
CE;2300754;AMONTADA;39.543.001,03;16.573.367,93;0;0;16.573.367,93;56.116.368,96;;;;
CE;2300804;ANTONINA DO NORTE;5.873.579,61;2.461.750,33;0;0;2.461.750,33;8.335.329,94;;;;
CE;2300903;APUIARES;9.626.924,70;4.034.862,33;0;0;4.034.862,33;13.661.787,03;;;;
CE;2301000;AQUIRAZ;65.447.281,27;27.430.438,87;0;0;27.430.438,87;92.877.720,14;;;;
CE;2301109;ARACATI;53.016.537,92;22.220.432,61;0;0;22.220.432,61;75.236.970,53;;;;
CE;2301208;ARACOIABA;23.919.826,14;10.025.341,25;0;0;10.025.341,25;33.945.167,39;;;;
CE;2301257;ARARENDA;12.292.153,69;5.151.920,20;0;0;5.151.920,20;17.444.073,89;;;;
CE;2301307;ARARIPE;19.682.353,65;8.249.320,49;0;0;8.249.320,49;27.931.674,14;;;;
CE;2301406;ARATUBA;11.392.070,04;4.774.674,74;0;0;4.774.674,74;16.166.744,78;;;;
CE;2301505;ARNEIROZ;5.256.106,49;2.202.953,35;0;0;2.202.953,35;7.459.059,84;;;;
CE;2301604;ASSARE;14.414.822,87;6.041.578,97;0;0;6.041.578,97;20.456.401,84;;;;
CE;2301703;AURORA;12.808.306,53;5.368.251,55;0;0;5.368.251,55;18.176.558,08;;;;
CE;2301802;BAIXIO;3.677.869,91;1.541.478,64;0;0;1.541.478,64;5.219.348,55;;;;
CE;2301851;BANABUIU;15.884.435,12;6.657.526,77;0;0;6.657.526,77;22.541.961,89;;;;
CE;2301901;BARBALHA;44.200.737,30;18.525.530,76;0;0;18.525.530,76;62.726.268,06;;;;
CE;2301950;BARREIRA;19.330.635,57;8.101.907,48;0;0;8.101.907,48;27.432.543,05;;;;
CE;2302008;BARRO;12.174.165,19;5.102.468,55;0;0;5.102.468,55;17.276.633,74;;;;
CE;2302057;BARROQUINHA;13.345.435,11;5.593.374,31;0;0;5.593.374,31;18.938.809,42;;;;
CE;2302107;BATURITE;26.464.631,95;11.091.927,04;0;0;11.091.927,04;37.556.558,99;;;;
CE;2302206;BEBERIBE;40.184.446,41;16.842.212,23;0;0;16.842.212,23;57.026.658,64;;;;
CE;2302305;BELA CRUZ;20.646.862,77;8.653.568,13;0;0;8.653.568,13;29.300.430,90;;;;
CE;2302404;BOA VIAGEM;40.177.704,21;16.839.386,42;0;0;16.839.386,42;57.017.090,63;;;;
CE;2302503;BREJO SANTO;53.216.556,51;22.304.264,93;0;0;22.304.264,93;75.520.821,44;;;;
CE;2302602;CAMOCIM;43.515.842,18;18.238.475,70;0;0;18.238.475,70;61.754.317,88;;;;
CE;2302701;CAMPOS SALES;16.699.866,72;6.999.292,62;0;0;6.999.292,62;23.699.159,34;;;;
CE;2302800;CANINDE;61.721.466,82;25.868.865,60;0;0;25.868.865,60;87.590.332,42;;;;
CE;2302909;CAPISTRANO;12.342.720,19;5.173.113,76;0;0;5.173.113,76;17.515.833,95;;;;
CE;2303006;CARIDADE;18.910.933,64;7.926.000,88;0;0;7.926.000,88;26.836.934,52;;;;
CE;2303105;CARIRE;15.982.758,87;6.698.736,48;0;0;6.698.736,48;22.681.495,35;;;;
CE;2303204;CARIRIACU;21.417.159,08;8.976.416,77;0;0;8.976.416,77;30.393.575,85;;;;
CE;2303303;CARIUS;12.500.412,74;5.239.206,29;0;0;5.239.206,29;17.739.619,03;;;;
CE;2303402;CARNAUBAL;14.346.651,76;6.013.006,90;0;0;6.013.006,90;20.359.658,66;;;;
CE;2303501;CASCAVEL;56.007.452,60;23.473.992,74;0;0;23.473.992,74;79.481.445,34;;;;
CE;2303600;CATARINA;8.425.127,62;3.531.161,93;0;0;3.531.161,93;11.956.289,55;;;;
CE;2303659;CATUNDA;12.675.335,37;5.312.520,33;0;0;5.312.520,33;17.987.855,70;;;;
CE;2303709;CAUCAIA;243.724.712,07;102.150.550,59;0;0;102.150.550,59;345.875.262,66;;;;
CE;2303808;CEDRO;13.960.848,10;5.851.307,85;0;0;5.851.307,85;19.812.155,95;;;;
CE;2303907;CHAVAL;10.438.423,35;4.374.979,80;0;0;4.374.979,80;14.813.403,15;;;;
CE;2303931;CHORO;10.716.913,65;4.491.701,40;0;0;4.491.701,40;15.208.615,05;;;;
CE;2303956;CHOROZINHO;17.522.789,64;7.344.198,28;0;0;7.344.198,28;24.866.987,92;;;;
CE;2304004;COREAU;22.405.827,75;9.390.790,21;0;0;9.390.790,21;31.796.617,96;;;;
CE;2304103;CRATEUS;51.729.152,35;21.680.860,14;0;0;21.680.860,14;73.410.012,49;;;;
CE;2304202;CRATO;77.710.967,89;32.570.427,88;0;0;32.570.427,88;110.281.395,77;;;;
CE;2304236;CROATA;17.582.720,31;7.369.316,57;0;0;7.369.316,57;24.952.036,88;;;;
CE;2304251;CRUZ;25.582.340,20;10.722.138,58;0;0;10.722.138,58;36.304.478,78;;;;
CE;2304269;DEPUTADO IRAPUAN PINHEIRO;6.846.891,04;2.869.687,21;0;0;2.869.687,21;9.716.578,25;;;;
CE;2304277;ERERE;5.158.906,45;2.162.214,61;0;0;2.162.214,61;7.321.121,06;;;;
CE;2304285;EUSEBIO;58.633.913,94;24.574.802,21;0;0;24.574.802,21;83.208.716,15;;;;
CE;2304301;FARIAS BRITO;14.652.485,42;6.141.188,72;0;0;6.141.188,72;20.793.674,14;;;;
CE;2304350;FORQUILHA;16.327.172,91;6.843.088,20;0;0;6.843.088,20;23.170.261,11;;;;
CE;2304400;FORTALEZA;1.098.787.141,64;460.526.593,92;0;0;460.526.593,92;1.559.313.735,56;;;;
CE;2304459;FORTIM;11.778.622,81;4.936.687,77;0;0;4.936.687,77;16.715.310,58;;;;
CE;2304509;FRECHEIRINHA;14.135.021,60;5.924.307,91;0;0;5.924.307,91;20.059.329,51;;;;
CE;2304608;GENERAL SAMPAIO;8.425.689,47;3.531.397,41;0;0;3.531.397,41;11.957.086,88;;;;
CE;2304657;GRACA;17.429.147,98;7.304.950,93;0;0;7.304.950,93;24.734.098,91;;;;
CE;2304707;GRANJA;46.684.301,45;19.566.448,79;0;0;19.566.448,79;66.250.750,24;;;;
CE;2304806;GRANJEIRO;4.488.993,99;1.881.439,12;0;0;1.881.439,12;6.370.433,11;;;;
CE;2304905;GROAIRAS;8.818.984,44;3.696.236,25;0;0;3.696.236,25;12.515.220,69;;;;
CE;2304954;GUAIUBA;19.369.028,65;8.117.998,88;0;0;8.117.998,88;27.487.027,53;;;;
CE;2305001;GUARACIABA DO NORTE;35.952.592,43;15.068.546,31;0;0;15.068.546,31;51.021.138,74;;;;
CE;2305100;GUARAMIRANGA;5.192.242,88;2.176.186,66;0;0;2.176.186,66;7.368.429,54;;;;
CE;2305209;HIDROLANDIA;12.544.986,18;5.257.888,02;0;0;5.257.888,02;17.802.874,20;;;;
CE;2305233;HORIZONTE;55.799.380,84;23.386.785,14;0;0;23.386.785,14;79.186.165,98;;;;
CE;2305266;IBARETAMA;10.194.580,46;4.272.779,72;0;0;4.272.779,72;14.467.360,18;;;;
CE;2305308;IBIAPINA;20.088.196,61;8.419.418,48;0;0;8.419.418,48;28.507.615,09;;;;
CE;2305332;IBICUITINGA;12.669.904,15;5.310.243,98;0;0;5.310.243,98;17.980.148,13;;;;
CE;2305357;ICAPUI;16.718.782,33;7.007.220,59;0;0;7.007.220,59;23.726.002,92;;;;
CE;2305407;ICO;47.249.522,53;19.803.345,75;0;0;19.803.345,75;67.052.868,28;;;;
CE;2305506;IGUATU;56.033.859,55;23.485.060,49;0;0;23.485.060,49;79.518.920,04;;;;
CE;2305605;INDEPENDENCIA;14.686.009,14;6.155.239,27;0;0;6.155.239,27;20.841.248,41;;;;
CE;2305654;IPAPORANGA;9.002.709,38;3.773.239,54;0;0;3.773.239,54;12.775.948,92;;;;
CE;2305704;IPAUMIRIM;9.008.702,45;3.775.751,37;0;0;3.775.751,37;12.784.453,82;;;;
CE;2305803;IPU;34.285.021,70;14.369.629,63;0;0;14.369.629,63;48.654.651,33;;;;
CE;2305902;IPUEIRAS;31.314.895,47;13.124.782,41;0;0;13.124.782,41;44.439.677,88;;;;
CE;2306009;IRACEMA;10.324.742,37;4.327.333,53;0;0;4.327.333,53;14.652.075,90;;;;
CE;2306108;IRAUCUBA;21.387.568,31;8.964.014,61;0;0;8.964.014,61;30.351.582,92;;;;
CE;2306207;ITAICABA;5.853.540,30;2.453.351,40;0;0;2.453.351,40;8.306.891,70;;;;
CE;2306256;ITAITINGA;43.661.361,32;18.299.466,07;0;0;18.299.466,07;61.960.827,39;;;;
CE;2306306;ITAPAJE;35.104.948,10;14.713.279,37;0;0;14.713.279,37;49.818.227,47;;;;
CE;2306405;ITAPIPOCA;117.282.248,70;49.155.648,51;0;0;49.155.648,51;166.437.897,21;;;;
CE;2306504;ITAPIUNA;13.285.504,44;5.568.256,01;0;0;5.568.256,01;18.853.760,45;;;;
CE;2306553;ITAREMA;31.301.411,08;13.119.130,79;0;0;13.119.130,79;44.420.541,87;;;;
CE;2306603;ITATIRA;30.310.307,72;12.703.736,92;0;0;12.703.736,92;43.014.044,64;;;;
CE;2306702;JAGUARETAMA;12.350.960,65;5.176.567,53;0;0;5.176.567,53;17.527.528,18;;;;
CE;2306801;JAGUARIBARA;11.362.666,55;4.762.351,07;0;0;4.762.351,07;16.125.017,62;;;;
CE;2306900;JAGUARIBE;30.801.551,87;12.909.628,48;0;0;12.909.628,48;43.711.180,35;;;;
CE;2307007;JAGUARUANA;19.341.310,72;8.106.381,67;0;0;8.106.381,67;27.447.692,39;;;;
CE;2307106;JARDIM;22.256.562,94;9.328.229,95;0;0;9.328.229,95;31.584.792,89;;;;
CE;2307205;JATI;7.114.706,19;2.981.934,62;0;0;2.981.934,62;10.096.640,81;;;;
CE;2307254;JIJOCA DE JERICOACOARA;23.808.018,00;9.978.479,93;0;0;9.978.479,93;33.786.497,93;;;;
CE;2307304;JUAZEIRO DO NORTE;142.690.040,85;59.804.630,04;0;0;59.804.630,04;202.494.670,89;;;;
CE;2307403;JUCAS;20.572.698,58;8.622.484,23;0;0;8.622.484,23;29.195.182,81;;;;
CE;2307502;LAVRAS DA MANGABEIRA;17.489.453,21;7.330.226,22;0;0;7.330.226,22;24.819.679,43;;;;
CE;2307601;LIMOEIRO DO NORTE;34.978.344,57;14.660.216,96;0;0;14.660.216,96;49.638.561,53;;;;
CE;2307635;MADALENA;16.558.842,37;6.940.186,13;0;0;6.940.186,13;23.499.028,50;;;;
CE;2307650;MARACANAU;165.284.462,91;69.274.464,40;0;0;69.274.464,40;234.558.927,31;;;;
CE;2307700;MARANGUAPE;63.514.891,93;26.620.530,71;0;0;26.620.530,71;90.135.422,64;;;;
CE;2307809;MARCO;27.277.254,29;11.432.515,48;0;0;11.432.515,48;38.709.769,77;;;;
CE;2307908;MARTINOPOLE;9.768.698,18;4.094.282,81;0;0;4.094.282,81;13.862.980,99;;;;
CE;2308005;MASSAPE;32.730.570,12;13.718.123,74;0;0;13.718.123,74;46.448.693,86;;;;
CE;2308104;MAURITI;35.355.907,75;14.818.462,25;0;0;14.818.462,25;50.174.370,00;;;;
CE;2308203;MERUOCA;13.387.199,28;5.610.878,63;0;0;5.610.878,63;18.998.077,91;;;;
CE;2308302;MILAGRES;18.295.146,07;7.667.910,36;0;0;7.667.910,36;25.963.056,43;;;;
CE;2308351;MILHA;9.582.163,99;4.016.102,10;0;0;4.016.102,10;13.598.266,09;;;;
CE;2308377;MIRAIMA;10.917.681,37;4.575.847,70;0;0;4.575.847,70;15.493.529,07;;;;
CE;2308401;MISSAO VELHA;28.973.666,63;12.143.520,35;0;0;12.143.520,35;41.117.186,98;;;;
CE;2308500;MOMBACA;30.862.418,96;12.935.139,25;0;0;12.935.139,25;43.797.558,21;;;;
CE;2308609;MONSENHOR TABOSA;18.938.089,72;7.937.382,61;0;0;7.937.382,61;26.875.472,33;;;;
CE;2308708;MORADA NOVA;42.126.387,20;17.656.123,63;0;0;17.656.123,63;59.782.510,83;;;;
CE;2308807;MORAUJO;6.381.679,27;2.674.706,41;0;0;2.674.706,41;9.056.385,68;;;;
CE;2308906;MORRINHOS;17.371.839,28;7.280.931,56;0;0;7.280.931,56;24.652.770,84;;;;
CE;2309003;MUCAMBO;12.082.021,80;5.063.849,16;0;0;5.063.849,16;17.145.870,96;;;;
CE;2309102;MULUNGU;7.587.971,15;3.180.290,69;0;0;3.180.290,69;10.768.261,84;;;;
CE;2309201;NOVA OLINDA;11.160.775,13;4.677.733,80;0;0;4.677.733,80;15.838.508,93;;;;
CE;2309300;NOVA RUSSAS;25.760.821,22;10.796.944,01;0;0;10.796.944,01;36.557.765,23;;;;
CE;2309409;NOVO ORIENTE;26.242.139,36;10.998.675,35;0;0;10.998.675,35;37.240.814,71;;;;
CE;2309458;OCARA;18.262.184,20;7.654.095,29;0;0;7.654.095,29;25.916.279,49;;;;
CE;2309508;OROS;15.631.415,36;6.551.480,44;0;0;6.551.480,44;22.182.895,80;;;;
CE;2309607;PACAJUS;48.156.535,66;20.183.495,52;0;0;20.183.495,52;68.340.031,18;;;;
CE;2309706;PACATUBA;48.258.605,07;20.226.275,12;0;0;20.226.275,12;68.484.880,19;;;;
CE;2309805;PACOTI;9.325.585,83;3.908.564,38;0;0;3.908.564,38;13.234.150,21;;;;
CE;2309904;PACUJA;7.163.961,71;3.002.578,72;0;0;3.002.578,72;10.166.540,43;;;;
CE;2310001;PALHANO;6.805.875,99;2.852.496,88;0;0;2.852.496,88;9.658.372,87;;;;
CE;2310100;PALMACIA;7.859.906,54;3.294.264,97;0;0;3.294.264,97;11.154.171,51;;;;
CE;2310209;PARACURU;31.879.367,42;13.361.365,39;0;0;13.361.365,39;45.240.732,81;;;;
CE;2310258;PARAIPABA;26.986.965,14;11.310.848,72;0;0;11.310.848,72;38.297.813,86;;;;
CE;2310308;PARAMBU;22.672.893,77;9.502.723,64;0;0;9.502.723,64;32.175.617,41;;;;
CE;2310407;PARAMOTI;8.941.842,30;3.747.728,77;0;0;3.747.728,77;12.689.571,07;;;;
CE;2310506;PEDRA BRANCA;31.513.415,79;13.207.986,78;0;0;13.207.986,78;44.721.402,57;;;;
CE;2310605;PENAFORTE;6.931.168,54;2.905.009,82;0;0;2.905.009,82;9.836.178,36;;;;
CE;2310704;PENTECOSTE;28.418.746,15;11.910.940,59;0;0;11.910.940,59;40.329.686,74;;;;
CE;2310803;PEREIRO;17.107.020,67;7.169.940,07;0;0;7.169.940,07;24.276.960,74;;;;
CE;2310852;PINDORETAMA;20.049.241,68;8.403.091,58;0;0;8.403.091,58;28.452.333,26;;;;
CE;2310902;PIQUET CARNEIRO;11.388.698,93;4.773.261,84;0;0;4.773.261,84;16.161.960,77;;;;
CE;2310951;PIRES FERREIRA;7.256.105,11;3.041.198,10;0;0;3.041.198,10;10.297.303,21;;;;
CE;2311009;PORANGA;10.559.033,80;4.425.530,38;0;0;4.425.530,38;14.984.564,18;;;;
CE;2311108;PORTEIRAS;15.742.661,64;6.598.106,29;0;0;6.598.106,29;22.340.767,93;;;;
CE;2311207;POTENGI;6.700.810,05;2.808.461,36;0;0;2.808.461,36;9.509.271,41;;;;
CE;2311231;POTIRETAMA;6.347.780,98;2.660.498,88;0;0;2.660.498,88;9.008.279,86;;;;
CE;2311264;QUITERIANOPOLIS;18.894.265,42;7.919.014,86;0;0;7.919.014,86;26.813.280,28;;;;
CE;2311306;QUIXADA;52.997.435,03;22.212.426,15;0;0;22.212.426,15;75.209.861,18;;;;
CE;2311355;QUIXELO;13.927.137,11;5.837.178,80;0;0;5.837.178,80;19.764.315,91;;;;
CE;2311405;QUIXERAMOBIM;58.676.801,83;24.592.777,49;0;0;24.592.777,49;83.269.579,32;;;;
CE;2311504;QUIXERE;13.390.944,95;5.612.448,52;0;0;5.612.448,52;19.003.393,47;;;;
CE;2311603;REDENCAO;21.719.808,94;9.103.264,18;0;0;9.103.264,18;30.823.073,12;;;;
CE;2311702;RERIUTABA;14.420.441,38;6.043.933,81;0;0;6.043.933,81;20.464.375,19;;;;
CE;2311801;RUSSAS;53.839.648,14;22.565.416,75;0;0;22.565.416,75;76.405.064,89;;;;
CE;2311900;SABOEIRO;12.568.583,87;5.267.778,36;0;0;5.267.778,36;17.836.362,23;;;;
CE;2311959;SALITRE;17.581.409,32;7.368.767,11;0;0;7.368.767,11;24.950.176,43;;;;
CE;2312205;SANTA QUITERIA;33.017.675,46;13.838.456,09;0;0;13.838.456,09;46.856.131,55;;;;
CE;2312007;SANTANA DO ACARAU;19.571.294,63;8.202.773,15;0;0;8.202.773,15;27.774.067,78;;;;
CE;2312106;SANTANA DO CARIRI;12.945.772,49;5.425.866,65;0;0;5.425.866,65;18.371.639,14;;;;
CE;2312304;SAO BENEDITO;38.206.172,66;16.013.072,87;0;0;16.013.072,87;54.219.245,53;;;;
CE;2312403;SAO GONCALO DO AMARANTE;56.063.263,04;23.497.384,15;0;0;23.497.384,15;79.560.647,19;;;;
CE;2312502;SAO JOAO DO JAGUARIBE;4.368.570,81;1.830.967,04;0;0;1.830.967,04;6.199.537,85;;;;
CE;2312601;SAO LUIS DO CURU;7.356.863,54;3.083.428,24;0;0;3.083.428,24;10.440.291,78;;;;
CE;2312700;SENADOR POMPEU;13.219.580,71;5.540.625,88;0;0;5.540.625,88;18.760.206,59;;;;
CE;2312809;SENADOR SA;7.788.177,04;3.264.201,50;0;0;3.264.201,50;11.052.378,54;;;;
CE;2312908;SOBRAL;141.123.041,28;59.147.865,01;0;0;59.147.865,01;200.270.906,29;;;;
CE;2313005;SOLONOPOLE;17.681.418,62;7.410.683,27;0;0;7.410.683,27;25.092.101,89;;;;
CE;2313104;TABULEIRO DO NORTE;16.260.874,60;6.815.301,08;0;0;6.815.301,08;23.076.175,68;;;;
CE;2313203;TAMBORIL;19.826.749,10;8.309.839,90;0;0;8.309.839,90;28.136.589,00;;;;
CE;2313252;TARRAFAS;5.550.141,30;2.326.190,01;0;0;2.326.190,01;7.876.331,31;;;;
CE;2313302;TAUA;42.531.481,03;17.825.907,63;0;0;17.825.907,63;60.357.388,66;;;;
CE;2313351;TEJUCUOCA;19.543.951,28;8.191.312,92;0;0;8.191.312,92;27.735.264,20;;;;
CE;2313401;TIANGUA;67.387.161,94;28.243.486,83;0;0;28.243.486,83;95.630.648,77;;;;
CE;2313500;TRAIRI;49.252.892,25;20.643.003,40;0;0;20.643.003,40;69.895.895,65;;;;
CE;2313559;TURURU;13.600.514,99;5.700.284,07;0;0;5.700.284,07;19.300.799,06;;;;
CE;2313609;UBAJARA;29.772.804,59;12.478.457,17;0;0;12.478.457,17;42.251.261,76;;;;
CE;2313708;UMARI;4.351.715,32;1.823.902,51;0;0;1.823.902,51;6.175.617,83;;;;
CE;2313757;UMIRIM;14.765.229,99;6.188.442,52;0;0;6.188.442,52;20.953.672,51;;;;
CE;2313807;URUBURETAMA;18.760.919,69;7.863.126,64;0;0;7.863.126,64;26.624.046,33;;;;
CE;2313906;URUOCA;12.281.478,54;5.147.446,00;0;0;5.147.446,00;17.428.924,54;;;;
CE;2313955;VARJOTA;18.747.060,73;7.857.318,04;0;0;7.857.318,04;26.604.378,77;;;;
CE;2314003;VARZEA ALEGRE;25.049.893,71;10.498.978,19;0;0;10.498.978,19;35.548.871,90;;;;
CE;2314102;VICOSA DO CEARA;52.781.310,07;22.121.843,28;0;0;22.121.843,28;74.903.153,35;;;;
ES;3200102;AFONSO CLAUDIO;23.642.738,41;0,00;0;0;0,00;23.642.738,41;;;;
ES;3200169;AGUA DOCE DO NORTE;9.685.762,86;0,00;0;0;0,00;9.685.762,86;;;;
ES;3200136;AGUIA BRANCA;9.313.857,82;0,00;0;0;0,00;9.313.857,82;;;;
ES;3200201;ALEGRE;16.238.809,49;0,00;0;0;0,00;16.238.809,49;;;;
ES;3200300;ALFREDO CHAVES;12.187.721,30;0,00;0;0;0,00;12.187.721,30;;;;
ES;3200359;ALTO RIO NOVO;5.730.925,75;0,00;0;0;0,00;5.730.925,75;;;;
ES;3200409;ANCHIETA;37.978.453,40;0,00;0;0;0,00;37.978.453,40;;;;
ES;3200508;APIACA;5.951.904,55;0,00;0;0;0,00;5.951.904,55;;;;
ES;3200607;ARACRUZ;99.741.743,70;0,00;0;0;0,00;99.741.743,70;;;;
ES;3200706;ATILIO VIVACQUA;13.489.673,73;0,00;0;0;0,00;13.489.673,73;;;;
ES;3200805;BAIXO GUANDU;25.929.128,61;0,00;0;0;0,00;25.929.128,61;;;;
ES;3200904;BARRA DE SAO FRANCISCO;32.530.016,02;0,00;0;0;0,00;32.530.016,02;;;;
ES;3201001;BOA ESPERANCA;12.792.565,34;0,00;0;0;0,00;12.792.565,34;;;;
ES;3201100;BOM JESUS DO NORTE;7.566.815,36;0,00;0;0;0,00;7.566.815,36;;;;
ES;3201159;BREJETUBA;10.124.872,80;0,00;0;0;0,00;10.124.872,80;;;;
ES;3201209;CACHOEIRO DE ITAPEMIRIM;144.458.911,49;0,00;0;0;0,00;144.458.911,49;;;;
ES;3201308;CARIACICA;305.530.530,87;0,00;0;0;0,00;305.530.530,87;;;;
ES;3201407;CASTELO;31.216.103,40;0,00;0;0;0,00;31.216.103,40;;;;
ES;3201506;COLATINA;99.909.755,93;0,00;0;0;0,00;99.909.755,93;;;;
ES;3201605;CONCEICAO DA BARRA;33.128.025,66;0,00;0;0;0,00;33.128.025,66;;;;
ES;3201704;CONCEICAO DO CASTELO;9.369.672,05;0,00;0;0;0,00;9.369.672,05;;;;
ES;3201803;DIVINO DE SAO LOURENCO;3.141.544,00;0,00;0;0;0,00;3.141.544,00;;;;
ES;3201902;DOMINGOS MARTINS;33.840.511,44;0,00;0;0;0,00;33.840.511,44;;;;
ES;3202009;DORES DO RIO PRETO;5.699.316,67;0,00;0;0;0,00;5.699.316,67;;;;
ES;3202108;ECOPORANGA;14.162.576,96;0,00;0;0;0,00;14.162.576,96;;;;
ES;3202207;FUNDAO;17.608.821,10;0,00;0;0;0,00;17.608.821,10;;;;
ES;3202256;GOVERNADOR LINDENBERG;5.902.639,95;0,00;0;0;0,00;5.902.639,95;;;;
ES;3202306;GUACUI;29.235.267,65;0,00;0;0;0,00;29.235.267,65;;;;
ES;3202405;GUARAPARI;130.758.795,31;0,00;0;0;0,00;130.758.795,31;;;;
ES;3202454;IBATIBA;25.465.528,76;0,00;0;0;0,00;25.465.528,76;;;;
ES;3202504;IBIRACU;8.798.715,22;0,00;0;0;0,00;8.798.715,22;;;;
ES;3202553;IBITIRAMA;9.373.658,78;0,00;0;0;0,00;9.373.658,78;;;;
ES;3202603;ICONHA;10.389.705,64;0,00;0;0;0,00;10.389.705,64;;;;
ES;3202652;IRUPI;10.969.775,00;0,00;0;0;0,00;10.969.775,00;;;;
ES;3202702;ITAGUACU;8.950.211,00;0,00;0;0;0,00;8.950.211,00;;;;
ES;3202801;ITAPEMIRIM;50.633.191,76;0,00;0;0;0,00;50.633.191,76;;;;
ES;3202900;ITARANA;5.746.587,91;0,00;0;0;0,00;5.746.587,91;;;;
ES;3203007;IUNA;22.748.571,61;0,00;0;0;0,00;22.748.571,61;;;;
ES;3203056;JAGUARE;34.679.718,30;0,00;0;0;0,00;34.679.718,30;;;;
ES;3203106;JERONIMO MONTEIRO;9.150.401,85;0,00;0;0;0,00;9.150.401,85;;;;
ES;3203130;JOAO NEIVA;13.410.508,64;0,00;0;0;0,00;13.410.508,64;;;;
ES;3203163;LARANJA DA TERRA;8.300.089,09;0,00;0;0;0,00;8.300.089,09;;;;
ES;3203205;LINHARES;168.924.340,31;0,00;0;0;0,00;168.924.340,31;;;;
ES;3203304;MANTENOPOLIS;9.716.232,88;0,00;0;0;0,00;9.716.232,88;;;;
ES;3203320;MARATAIZES;48.818.090,11;0,00;0;0;0,00;48.818.090,11;;;;
ES;3203346;MARECHAL FLORIANO;15.683.230,05;0,00;0;0;0,00;15.683.230,05;;;;
ES;3203353;MARILANDIA;9.523.161,19;0,00;0;0;0,00;9.523.161,19;;;;
ES;3203403;MIMOSO DO SUL;16.793.249,86;0,00;0;0;0,00;16.793.249,86;;;;
ES;3203502;MONTANHA;18.732.794,47;0,00;0;0;0,00;18.732.794,47;;;;
ES;3203601;MUCURICI;4.305.954,20;0,00;0;0;0,00;4.305.954,20;;;;
ES;3203700;MUNIZ FREIRE;15.756.130,28;0,00;0;0;0,00;15.756.130,28;;;;
ES;3203809;MUQUI;9.573.280,09;0,00;0;0;0,00;9.573.280,09;;;;
ES;3203908;NOVA VENECIA;46.430.607,80;0,00;0;0;0,00;46.430.607,80;;;;
ES;3204005;PANCAS;12.953.743,18;0,00;0;0;0,00;12.953.743,18;;;;
ES;3204054;PEDRO CANARIO;18.487.895,28;0,00;0;0;0,00;18.487.895,28;;;;
ES;3204104;PINHEIROS;23.926.081,07;0,00;0;0;0,00;23.926.081,07;;;;
ES;3204203;PIUMA;24.536.335,68;0,00;0;0;0,00;24.536.335,68;;;;
ES;3204252;PONTO BELO;5.469.225,34;0,00;0;0;0,00;5.469.225,34;;;;
ES;3204302;PRESIDENTE KENNEDY;19.765.642,56;0,00;0;0;0,00;19.765.642,56;;;;
ES;3204351;RIO BANANAL;22.759.392,74;0,00;0;0;0,00;22.759.392,74;;;;
ES;3204401;RIO NOVO DO SUL;8.115.845,17;0,00;0;0;0,00;8.115.845,17;;;;
ES;3204500;SANTA LEOPOLDINA;9.673.233,14;0,00;0;0;0,00;9.673.233,14;;;;
ES;3204559;SANTA MARIA DE JETIBA;27.385.424,48;0,00;0;0;0,00;27.385.424,48;;;;
ES;3204609;SANTA TERESA;18.944.660,74;0,00;0;0;0,00;18.944.660,74;;;;
ES;3204658;SAO DOMINGOS DO NORTE;9.135.309,22;0,00;0;0;0,00;9.135.309,22;;;;
ES;3204708;SAO GABRIEL DA PALHA;25.699.037,29;0,00;0;0;0,00;25.699.037,29;;;;
ES;3204807;SAO JOSE DO CALCADO;9.781.729,17;0,00;0;0;0,00;9.781.729,17;;;;
ES;3204906;SAO MATEUS;109.399.029,91;0,00;0;0;0,00;109.399.029,91;;;;
ES;3204955;SAO ROQUE DO CANAA;6.095.142,10;0,00;0;0;0,00;6.095.142,10;;;;
ES;3205002;SERRA;409.032.900,93;0,00;0;0;0,00;409.032.900,93;;;;
ES;3205010;SOORETAMA;35.136.483,76;0,00;0;0;0,00;35.136.483,76;;;;
ES;3205036;VARGEM ALTA;17.539.053,32;0,00;0;0;0,00;17.539.053,32;;;;
ES;3205069;VENDA NOVA DO IMIGRANTE;14.645.540,94;0,00;0;0;0,00;14.645.540,94;;;;
ES;3205101;VIANA;85.279.877,15;0,00;0;0;0,00;85.279.877,15;;;;
ES;3205150;VILA PAVAO;8.928.853,51;0,00;0;0;0,00;8.928.853,51;;;;
ES;3205176;VILA VALERIO;14.058.067,65;0,00;0;0;0,00;14.058.067,65;;;;
ES;3205200;VILA VELHA;342.873.670,22;0,00;0;0;0,00;342.873.670,22;;;;
ES;3205309;VITORIA;269.895.420,97;0,00;0;0;0,00;269.895.420,97;;;;
GO;5200050;ABADIA DE GOIAS;18.275.908,84;0,00;0;0;0,00;18.275.908,84;;;;
GO;5200100;ABADIANIA;8.278.988,52;0,00;0;0;0,00;8.278.988,52;;;;
GO;5200134;ACREUNA;14.202.943,52;0,00;0;0;0,00;14.202.943,52;;;;
GO;5200159;ADELANDIA;1.448.785,11;0,00;0;0;0,00;1.448.785,11;;;;
GO;5200175;AGUA FRIA DE GOIAS;3.952.031,17;0,00;0;0;0,00;3.952.031,17;;;;
GO;5200209;AGUA LIMPA;1.656.100,80;0,00;0;0;0,00;1.656.100,80;;;;
GO;5200258;AGUAS LINDAS DE GOIAS;137.669.743,78;0,00;0;0;0,00;137.669.743,78;;;;
GO;5200308;ALEXANIA;21.364.730,81;0,00;0;0;0,00;21.364.730,81;;;;
GO;5200506;ALOANDIA;253.992,03;0,00;0;0;0,00;253.992,03;;;;
GO;5200555;ALTO HORIZONTE;9.302.533,99;0,00;0;0;0,00;9.302.533,99;;;;
GO;5200605;ALTO PARAISO DE GOIAS;6.862.331,29;0,00;0;0;0,00;6.862.331,29;;;;
GO;5200803;ALVORADA DO NORTE;8.097.435,74;0,00;0;0;0,00;8.097.435,74;;;;
GO;5200829;AMARALINA;2.327.452,06;0,00;0;0;0,00;2.327.452,06;;;;
GO;5200852;AMERICANO DO BRASIL;3.205.512,82;0,00;0;0;0,00;3.205.512,82;;;;
GO;5200902;AMORINOPOLIS;1.719.750,35;0,00;0;0;0,00;1.719.750,35;;;;
GO;5201108;ANAPOLIS;234.335.838,15;0,00;0;0;0,00;234.335.838,15;;;;
GO;5201207;ANHANGUERA;738.941,02;0,00;0;0;0,00;738.941,02;;;;
GO;5201306;ANICUNS;8.863.655,15;0,00;0;0;0,00;8.863.655,15;;;;
GO;5201405;APARECIDA DE GOIANIA;315.718.158,94;0,00;0;0;0,00;315.718.158,94;;;;
GO;5201454;APARECIDA DO RIO DOCE;4.019.620,93;0,00;0;0;0,00;4.019.620,93;;;;
GO;5201504;APORE;4.718.856,76;0,00;0;0;0,00;4.718.856,76;;;;
GO;5201603;ARACU;1.897.362,92;0,00;0;0;0,00;1.897.362,92;;;;
GO;5201702;ARAGARCAS;13.864.691,60;0,00;0;0;0,00;13.864.691,60;;;;
GO;5201801;ARAGOIANIA;7.992.565,53;0,00;0;0;0,00;7.992.565,53;;;;
GO;5202155;ARAGUAPAZ;4.901.318,81;0,00;0;0;0,00;4.901.318,81;;;;
GO;5202353;ARENOPOLIS;2.618.118,36;0,00;0;0;0,00;2.618.118,36;;;;
GO;5202502;ARUANA;6.237.050,18;0,00;0;0;0,00;6.237.050,18;;;;
GO;5202601;AURILANDIA;1.449.997,48;0,00;0;0;0,00;1.449.997,48;;;;
GO;5202809;AVELINOPOLIS;2.768.452,54;0,00;0;0;0,00;2.768.452,54;;;;
GO;5203104;BALIZA;1.810.072,10;0,00;0;0;0,00;1.810.072,10;;;;
GO;5203203;BARRO ALTO;12.994.814,35;0,00;0;0;0,00;12.994.814,35;;;;
GO;5203302;BELA VISTA DE GOIAS;16.746.197,87;0,00;0;0;0,00;16.746.197,87;;;;
GO;5203401;BOM JARDIM DE GOIAS;4.023.258,05;0,00;0;0;0,00;4.023.258,05;;;;
GO;5203500;BOM JESUS DE GOIAS;19.740.454,79;0,00;0;0;0,00;19.740.454,79;;;;
GO;5203559;BONFINOPOLIS;7.722.206,47;0,00;0;0;0,00;7.722.206,47;;;;
GO;5203575;BONOPOLIS;2.232.583,91;0,00;0;0;0,00;2.232.583,91;;;;
GO;5203609;BRAZABRANTES;2.489.606,87;0,00;0;0;0,00;2.489.606,87;;;;
GO;5203807;BRITANIA;5.225.628,45;0,00;0;0;0,00;5.225.628,45;;;;
GO;5203906;BURITI ALEGRE;6.974.475,74;0,00;0;0;0,00;6.974.475,74;;;;
GO;5203939;BURITI DE GOIAS;2.067.701,25;0,00;0;0;0,00;2.067.701,25;;;;
GO;5203962;BURITINOPOLIS;3.181.568,46;0,00;0;0;0,00;3.181.568,46;;;;
GO;5204003;CABECEIRAS;5.117.121,11;0,00;0;0;0,00;5.117.121,11;;;;
GO;5204102;CACHOEIRA ALTA;8.329.605,08;0,00;0;0;0,00;8.329.605,08;;;;
GO;5204201;CACHOEIRA DE GOIAS;670.441,98;0,00;0;0;0,00;670.441,98;;;;
GO;5204250;CACHOEIRA DOURADA;6.521.351,53;0,00;0;0;0,00;6.521.351,53;;;;
GO;5204300;CACU;10.685.547,89;0,00;0;0;0,00;10.685.547,89;;;;
GO;5204409;CAIAPONIA;8.973.981,04;0,00;0;0;0,00;8.973.981,04;;;;
GO;5204508;CALDAS NOVAS;68.314.461,00;0,00;0;0;0,00;68.314.461,00;;;;
GO;5204557;CALDAZINHA;2.747.236,03;0,00;0;0;0,00;2.747.236,03;;;;
GO;5204607;CAMPESTRE DE GOIAS;3.486.177,05;0,00;0;0;0,00;3.486.177,05;;;;
GO;5204656;CAMPINACU;3.704.404,09;0,00;0;0;0,00;3.704.404,09;;;;
GO;5204706;CAMPINORTE;7.073.284,10;0,00;0;0;0,00;7.073.284,10;;;;
GO;5204805;CAMPO ALEGRE DE GOIAS;5.706.637,23;0,00;0;0;0,00;5.706.637,23;;;;
GO;5204854;CAMPO LIMPO DE GOIAS;5.805.445,59;0,00;0;0;0,00;5.805.445,59;;;;
GO;5204904;CAMPOS BELOS;17.380.874,86;0,00;0;0;0,00;17.380.874,86;;;;
GO;5204953;CAMPOS VERDES;2.444.142,90;0,00;0;0;0,00;2.444.142,90;;;;
GO;5205000;CARMO DO RIO VERDE;5.730.884,68;0,00;0;0;0,00;5.730.884,68;;;;
GO;5205059;CASTELANDIA;2.418.683,08;0,00;0;0;0,00;2.418.683,08;;;;
GO;5205109;CATALAO;56.719.330,67;0,00;0;0;0,00;56.719.330,67;;;;
GO;5205208;CATURAI;2.972.131,12;0,00;0;0;0,00;2.972.131,12;;;;
GO;5205307;CAVALCANTE;7.990.746,97;0,00;0;0;0,00;7.990.746,97;;;;
GO;5205406;CERES;11.792.747,05;0,00;0;0;0,00;11.792.747,05;;;;
GO;5205455;CEZARINA;4.622.776,24;0,00;0;0;0,00;4.622.776,24;;;;
GO;5205471;CHAPADAO DO CEU;19.055.464,34;0,00;0;0;0,00;19.055.464,34;;;;
GO;5205497;CIDADE OCIDENTAL;89.188.180,96;0,00;0;0;0,00;89.188.180,96;;;;
GO;5205513;COCALZINHO DE GOIAS;18.693.268,07;0,00;0;0;0,00;18.693.268,07;;;;
GO;5205521;COLINAS DO SUL;3.093.974,55;0,00;0;0;0,00;3.093.974,55;;;;
GO;5205703;CORREGO DO OURO;1.500.310,93;0,00;0;0;0,00;1.500.310,93;;;;
GO;5205802;CORUMBA DE GOIAS;4.573.372,06;0,00;0;0;0,00;4.573.372,06;;;;
GO;5205901;CORUMBAIBA;7.755.243,61;0,00;0;0;0,00;7.755.243,61;;;;
GO;5206206;CRISTALINA;62.402.629,73;0,00;0;0;0,00;62.402.629,73;;;;
GO;5206305;CRISTIANOPOLIS;4.410.004,87;0,00;0;0;0,00;4.410.004,87;;;;
GO;5206404;CRIXAS;9.652.303,44;0,00;0;0;0,00;9.652.303,44;;;;
GO;5206503;CROMINIA;2.545.376,01;0,00;0;0;0,00;2.545.376,01;;;;
GO;5206602;CUMARI;1.338.459,21;0,00;0;0;0,00;1.338.459,21;;;;
GO;5206701;DAMIANOPOLIS;2.114.983,78;0,00;0;0;0,00;2.114.983,78;;;;
GO;5206800;DAMOLANDIA;1.740.966,87;0,00;0;0;0,00;1.740.966,87;;;;
GO;5206909;DAVINOPOLIS;1.457.877,90;0,00;0;0;0,00;1.457.877,90;;;;
GO;5207105;DIORAMA;1.352.098,40;0,00;0;0;0,00;1.352.098,40;;;;
GO;5208301;DIVINOPOLIS DE GOIAS;3.984.462,13;0,00;0;0;0,00;3.984.462,13;;;;
GO;5207253;DOVERLANDIA;5.408.999,79;0,00;0;0;0,00;5.408.999,79;;;;
GO;5207352;EDEALINA;4.154.800,47;0,00;0;0;0,00;4.154.800,47;;;;
GO;5207402;EDEIA;7.360.313,29;0,00;0;0;0,00;7.360.313,29;;;;
GO;5207501;ESTRELA DO NORTE;2.890.295,98;0,00;0;0;0,00;2.890.295,98;;;;
GO;5207535;FAINA;4.091.454,00;0,00;0;0;0,00;4.091.454,00;;;;
GO;5207600;FAZENDA NOVA;2.717.229,81;0,00;0;0;0,00;2.717.229,81;;;;
GO;5207808;FIRMINOPOLIS;4.738.557,81;0,00;0;0;0,00;4.738.557,81;;;;
GO;5207907;FLORES DE GOIAS;8.960.644,95;0,00;0;0;0,00;8.960.644,95;;;;
GO;5208004;FORMOSA;85.903.560,84;0,00;0;0;0,00;85.903.560,84;;;;
GO;5208103;FORMOSO;2.806.036,09;0,00;0;0;0,00;2.806.036,09;;;;
GO;5208152;GAMELEIRA DE GOIAS;4.434.252,32;0,00;0;0;0,00;4.434.252,32;;;;
GO;5208400;GOIANAPOLIS;8.960.644,95;0,00;0;0;0,00;8.960.644,95;;;;
GO;5208509;GOIANDIRA;3.963.851,80;0,00;0;0;0,00;3.963.851,80;;;;
GO;5208608;GOIANESIA;48.450.344,22;0,00;0;0;0,00;48.450.344,22;;;;
GO;5208707;GOIANIA;717.573.563,52;0,00;0;0;0,00;717.573.563,52;;;;
GO;5208806;GOIANIRA;51.958.040,88;0,00;0;0;0,00;51.958.040,88;;;;
GO;5208905;GOIAS;11.191.713,39;0,00;0;0;0,00;11.191.713,39;;;;
GO;5209101;GOIATUBA;20.740.055,89;0,00;0;0;0,00;20.740.055,89;;;;
GO;5209150;GOUVELANDIA;3.483.146,11;0,00;0;0;0,00;3.483.146,11;;;;
GO;5209200;GUAPO;12.495.316,89;0,00;0;0;0,00;12.495.316,89;;;;
GO;5209291;GUARAITA;1.177.819,86;0,00;0;0;0,00;1.177.819,86;;;;
GO;5209408;GUARANI DE GOIAS;3.124.890,05;0,00;0;0;0,00;3.124.890,05;;;;
GO;5209457;GUARINOS;1.273.294,19;0,00;0;0;0,00;1.273.294,19;;;;
GO;5209606;HEITORAI;2.379.280,98;0,00;0;0;0,00;2.379.280,98;;;;
GO;5209705;HIDROLANDIA;23.883.737,72;0,00;0;0;0,00;23.883.737,72;;;;
GO;5209804;HIDROLINA;1.961.012,47;0,00;0;0;0,00;1.961.012,47;;;;
GO;5209903;IACIARA;7.837.381,85;0,00;0;0;0,00;7.837.381,85;;;;
GO;5209937;INACIOLANDIA;5.953.961,21;0,00;0;0;0,00;5.953.961,21;;;;
GO;5209952;INDIARA;14.853.987,53;0,00;0;0;0,00;14.853.987,53;;;;
GO;5210000;INHUMAS;30.197.470,46;0,00;0;0;0,00;30.197.470,46;;;;
GO;5210109;IPAMERI;21.384.734,95;0,00;0;0;0,00;21.384.734,95;;;;
GO;5210158;IPIRANGA DE GOIAS;1.984.047,55;0,00;0;0;0,00;1.984.047,55;;;;
GO;5210208;IPORA;18.830.266,16;0,00;0;0;0,00;18.830.266,16;;;;
GO;5210307;ISRAELANDIA;1.231.164,25;0,00;0;0;0,00;1.231.164,25;;;;
GO;5210406;ITABERAI;37.576.272,42;0,00;0;0;0,00;37.576.272,42;;;;
GO;5210562;ITAGUARI;3.404.948,09;0,00;0;0;0,00;3.404.948,09;;;;
GO;5210604;ITAGUARU;2.553.256,43;0,00;0;0;0,00;2.553.256,43;;;;
GO;5210802;ITAJA;3.308.564,48;0,00;0;0;0,00;3.308.564,48;;;;
GO;5210901;ITAPACI;16.152.438,45;0,00;0;0;0,00;16.152.438,45;;;;
GO;5211008;ITAPIRAPUA;4.823.423,88;0,00;0;0;0,00;4.823.423,88;;;;
GO;5211206;ITAPURANGA;12.827.810,05;0,00;0;0;0,00;12.827.810,05;;;;
GO;5211305;ITARUMA;4.186.019,05;0,00;0;0;0,00;4.186.019,05;;;;
GO;5211404;ITAUCU;4.855.854,85;0,00;0;0;0,00;4.855.854,85;;;;
GO;5211503;ITUMBIARA;89.044.514,82;0,00;0;0;0,00;89.044.514,82;;;;
GO;5211602;IVOLANDIA;913.219,56;0,00;0;0;0,00;913.219,56;;;;
GO;5211701;JANDAIA;3.288.560,33;0,00;0;0;0,00;3.288.560,33;;;;
GO;5211800;JARAGUA;27.293.535,29;0,00;0;0;0,00;27.293.535,29;;;;
GO;5211909;JATAI;71.840.949,43;0,00;0;0;0,00;71.840.949,43;;;;
GO;5212006;JAUPACI;1.702.170,95;0,00;0;0;0,00;1.702.170,95;;;;
GO;5212055;JESUPOLIS;1.606.393,53;0,00;0;0;0,00;1.606.393,53;;;;
GO;5212105;JOVIANIA;6.948.712,82;0,00;0;0;0,00;6.948.712,82;;;;
GO;5212204;JUSSARA;10.782.234,59;0,00;0;0;0,00;10.782.234,59;;;;
GO;5212253;LAGOA SANTA;1.402.714,95;0,00;0;0;0,00;1.402.714,95;;;;
GO;5212303;LEOPOLDO DE BULHOES;6.086.412,91;0,00;0;0;0,00;6.086.412,91;;;;
GO;5212501;LUZIANIA;140.679.761,53;0,00;0;0;0,00;140.679.761,53;;;;
GO;5212600;MAIRIPOTABA;1.684.591,55;0,00;0;0;0,00;1.684.591,55;;;;
GO;5212709;MAMBAI;6.022.460,26;0,00;0;0;0,00;6.022.460,26;;;;
GO;5212808;MARA ROSA;6.755.339,42;0,00;0;0;0,00;6.755.339,42;;;;
GO;5212907;MARZAGAO;1.974.348,57;0,00;0;0;0,00;1.974.348,57;;;;
GO;5212956;MATRINCHA;3.006.683,73;0,00;0;0;0,00;3.006.683,73;;;;
GO;5213004;MAURILANDIA;7.393.047,34;0,00;0;0;0,00;7.393.047,34;;;;
GO;5213053;MIMOSO DE GOIAS;1.456.059,34;0,00;0;0;0,00;1.456.059,34;;;;
GO;5213087;MINACU;20.673.981,59;0,00;0;0;0,00;20.673.981,59;;;;
GO;5213103;MINEIROS;52.183.542,16;0,00;0;0;0,00;52.183.542,16;;;;
GO;5213400;MOIPORA;814.108,12;0,00;0;0;0,00;814.108,12;;;;
GO;5213509;MONTE ALEGRE DE GOIAS;4.799.782,62;0,00;0;0;0,00;4.799.782,62;;;;
GO;5213707;MONTES CLAROS DE GOIAS;5.043.469,49;0,00;0;0;0,00;5.043.469,49;;;;
GO;5213756;MONTIVIDIU;12.698.086,18;0,00;0;0;0,00;12.698.086,18;;;;
GO;5213772;MONTIVIDIU DO NORTE;2.995.772,38;0,00;0;0;0,00;2.995.772,38;;;;
GO;5213806;MORRINHOS;32.378.831,63;0,00;0;0;0,00;32.378.831,63;;;;
GO;5213855;MORRO AGUDO DE GOIAS;2.321.087,10;0,00;0;0;0,00;2.321.087,10;;;;
GO;5213905;MOSSAMEDES;3.522.851,31;0,00;0;0;0,00;3.522.851,31;;;;
GO;5214002;MOZARLANDIA;12.181.918,60;0,00;0;0;0,00;12.181.918,60;;;;
GO;5214051;MUNDO NOVO;3.956.274,47;0,00;0;0;0,00;3.956.274,47;;;;
GO;5214101;MUTUNOPOLIS;2.300.476,77;0,00;0;0;0,00;2.300.476,77;;;;
GO;5214408;NAZARIO;6.857.784,89;0,00;0;0;0,00;6.857.784,89;;;;
GO;5214507;NEROPOLIS;19.915.642,61;0,00;0;0;0,00;19.915.642,61;;;;
GO;5214606;NIQUELANDIA;22.240.063,73;0,00;0;0;0,00;22.240.063,73;;;;
GO;5214705;NOVA AMERICA;2.162.266,30;0,00;0;0;0,00;2.162.266,30;;;;
GO;5214804;NOVA AURORA;1.340.883,95;0,00;0;0;0,00;1.340.883,95;;;;
GO;5214838;NOVA CRIXAS;9.839.918,08;0,00;0;0;0,00;9.839.918,08;;;;
GO;5214861;NOVA GLORIA;4.331.200,66;0,00;0;0;0,00;4.331.200,66;;;;
GO;5214879;NOVA IGUACU DE GOIAS;2.016.175,43;0,00;0;0;0,00;2.016.175,43;;;;
GO;5214903;NOVA ROMA;2.167.721,98;0,00;0;0;0,00;2.167.721,98;;;;
GO;5215009;NOVA VENEZA;5.312.009,99;0,00;0;0;0,00;5.312.009,99;;;;
GO;5215207;NOVO BRASIL;1.864.628,87;0,00;0;0;0,00;1.864.628,87;;;;
GO;5215231;NOVO GAMA;64.184.211,08;0,00;0;0;0,00;64.184.211,08;;;;
GO;5215256;NOVO PLANALTO;2.836.042,30;0,00;0;0;0,00;2.836.042,30;;;;
GO;5215306;ORIZONA;11.983.392,62;0,00;0;0;0,00;11.983.392,62;;;;
GO;5215405;OURO VERDE DE GOIAS;3.301.896,43;0,00;0;0;0,00;3.301.896,43;;;;
GO;5215504;OUVIDOR;4.774.322,80;0,00;0;0;0,00;4.774.322,80;;;;
GO;5215603;PADRE BERNARDO;31.130.997,26;0,00;0;0;0,00;31.130.997,26;;;;
GO;5215652;PALESTINA DE GOIAS;2.076.794,04;0,00;0;0;0,00;2.076.794,04;;;;
GO;5215702;PALMEIRAS DE GOIAS;19.250.959,40;0,00;0;0;0,00;19.250.959,40;;;;
GO;5215801;PALMELO;1.490.611,95;0,00;0;0;0,00;1.490.611,95;;;;
GO;5215900;PALMINOPOLIS;2.719.957,64;0,00;0;0;0,00;2.719.957,64;;;;
GO;5216007;PANAMA;1.333.609,72;0,00;0;0;0,00;1.333.609,72;;;;
GO;5216304;PARANAIGUARA;5.763.618,74;0,00;0;0;0,00;5.763.618,74;;;;
GO;5216403;PARAUNA;8.909.422,21;0,00;0;0;0,00;8.909.422,21;;;;
GO;5216452;PEROLANDIA;3.013.351,78;0,00;0;0;0,00;3.013.351,78;;;;
GO;5216809;PETROLINA DE GOIAS;3.846.857,85;0,00;0;0;0,00;3.846.857,85;;;;
GO;5216908;PILAR DE GOIAS;1.797.342,19;0,00;0;0;0,00;1.797.342,19;;;;
GO;5217104;PIRACANJUBA;16.338.537,63;0,00;0;0;0,00;16.338.537,63;;;;
GO;5217203;PIRANHAS;5.045.894,24;0,00;0;0;0,00;5.045.894,24;;;;
GO;5217302;PIRENOPOLIS;17.089.602,38;0,00;0;0;0,00;17.089.602,38;;;;
GO;5217401;PIRES DO RIO;14.289.021,97;0,00;0;0;0,00;14.289.021,97;;;;
GO;5217609;PLANALTINA;107.647.461,14;0,00;0;0;0,00;107.647.461,14;;;;
GO;5217708;PONTALINA;12.427.727,13;0,00;0;0;0,00;12.427.727,13;;;;
GO;5218003;PORANGATU;33.111.104,61;0,00;0;0;0,00;33.111.104,61;;;;
GO;5218052;PORTEIRAO;3.204.300,45;0,00;0;0;0,00;3.204.300,45;;;;
GO;5218102;PORTELANDIA;2.589.021,42;0,00;0;0;0,00;2.589.021,42;;;;
GO;5218300;POSSE;27.095.615,49;0,00;0;0;0,00;27.095.615,49;;;;
GO;5218391;PROFESSOR JAMIL;1.382.104,62;0,00;0;0;0,00;1.382.104,62;;;;
GO;5218508;QUIRINOPOLIS;39.418.472,40;0,00;0;0;0,00;39.418.472,40;;;;
GO;5218607;RIALMA;7.728.268,33;0,00;0;0;0,00;7.728.268,33;;;;
GO;5218706;RIANAPOLIS;2.650.852,42;0,00;0;0;0,00;2.650.852,42;;;;
GO;5218789;RIO QUENTE;4.222.087,14;0,00;0;0;0,00;4.222.087,14;;;;
GO;5218805;RIO VERDE;168.564.328,41;0,00;0;0;0,00;168.564.328,41;;;;
GO;5218904;RUBIATABA;13.817.409,07;0,00;0;0;0,00;13.817.409,07;;;;
GO;5219001;SANCLERLANDIA;5.767.862,04;0,00;0;0;0,00;5.767.862,04;;;;
GO;5219100;SANTA BARBARA DE GOIAS;4.490.627,64;0,00;0;0;0,00;4.490.627,64;;;;
GO;5219209;SANTA CRUZ DE GOIAS;1.406.352,07;0,00;0;0;0,00;1.406.352,07;;;;
GO;5219258;SANTA FE DE GOIAS;3.574.074,05;0,00;0;0;0,00;3.574.074,05;;;;
GO;5219308;SANTA HELENA DE GOIAS;20.950.402,52;0,00;0;0;0,00;20.950.402,52;;;;
GO;5219357;SANTA ISABEL;2.053.152,78;0,00;0;0;0,00;2.053.152,78;;;;
GO;5219407;SANTA RITA DO ARAGUAIA;3.695.917,49;0,00;0;0;0,00;3.695.917,49;;;;
GO;5219456;SANTA RITA DO NOVO DESTINO;1.416.051,05;0,00;0;0;0,00;1.416.051,05;;;;
GO;5219506;SANTA ROSA DE GOIAS;1.636.096,65;0,00;0;0;0,00;1.636.096,65;;;;
GO;5219605;SANTA TEREZA DE GOIAS;2.300.173,67;0,00;0;0;0,00;2.300.173,67;;;;
GO;5219704;SANTA TEREZINHA DE GOIAS;8.825.465,42;0,00;0;0;0,00;8.825.465,42;;;;
GO;5219712;SANTO ANTONIO DA BARRA;3.057.603,38;0,00;0;0;0,00;3.057.603,38;;;;
GO;5219738;SANTO ANTONIO DE GOIAS;5.284.731,61;0,00;0;0;0,00;5.284.731,61;;;;
GO;5219753;SANTO ANTONIO DO DESCOBERTO;60.299.163,49;0,00;0;0;0,00;60.299.163,49;;;;
GO;5219803;SAO DOMINGOS;7.812.225,12;0,00;0;0;0,00;7.812.225,12;;;;
GO;5219902;SAO FRANCISCO DE GOIAS;4.290.586,18;0,00;0;0;0,00;4.290.586,18;;;;
GO;5220058;SAO JOAO DA PARAUNA;1.043.246,52;0,00;0;0;0,00;1.043.246,52;;;;
GO;5220009;SAO JOAO DALIANCA;12.216.774,32;0,00;0;0;0,00;12.216.774,32;;;;
GO;5220108;SAO LUIS DE MONTES BELOS;22.761.080,81;0,00;0;0;0,00;22.761.080,81;;;;
GO;5220157;SAO LUIZ DO NORTE;3.526.185,34;0,00;0;0;0,00;3.526.185,34;;;;
GO;5220207;SAO MIGUEL DO ARAGUAIA;14.949.764,96;0,00;0;0;0,00;14.949.764,96;;;;
GO;5220264;SAO MIGUEL DO PASSA QUATRO;4.019.924,03;0,00;0;0;0,00;4.019.924,03;;;;
GO;5220280;SAO PATRICIO;1.200.854,94;0,00;0;0;0,00;1.200.854,94;;;;
GO;5220405;SAO SIMAO;16.391.275,83;0,00;0;0;0,00;16.391.275,83;;;;
GO;5220454;SENADOR CANEDO;155.972.931,00;0,00;0;0;0,00;155.972.931,00;;;;
GO;5220504;SERRANOPOLIS;6.030.946,87;0,00;0;0;0,00;6.030.946,87;;;;
GO;5220603;SILVANIA;13.233.045,54;0,00;0;0;0,00;13.233.045,54;;;;
GO;5220686;SIMOLANDIA;4.868.281,66;0,00;0;0;0,00;4.868.281,66;;;;
GO;5220702;SITIO DABADIA;2.010.113,56;0,00;0;0;0,00;2.010.113,56;;;;
GO;5221007;TAQUARAL DE GOIAS;1.896.150,54;0,00;0;0;0,00;1.896.150,54;;;;
GO;5221080;TERESINA DE GOIAS;2.226.522,05;0,00;0;0;0,00;2.226.522,05;;;;
GO;5221197;TEREZOPOLIS DE GOIAS;5.104.088,11;0,00;0;0;0,00;5.104.088,11;;;;
GO;5221304;TRES RANCHOS;1.818.558,71;0,00;0;0;0,00;1.818.558,71;;;;
GO;5221403;TRINDADE;92.948.960,37;0,00;0;0;0,00;92.948.960,37;;;;
GO;5221452;TROMBAS;2.007.082,63;0,00;0;0;0,00;2.007.082,63;;;;
GO;5221502;TURVANIA;2.898.782,59;0,00;0;0;0,00;2.898.782,59;;;;
GO;5221551;TURVELANDIA;5.536.905,08;0,00;0;0;0,00;5.536.905,08;;;;
GO;5221577;UIRAPURU;2.275.623,13;0,00;0;0;0,00;2.275.623,13;;;;
GO;5221601;URUACU;21.395.646,30;0,00;0;0;0,00;21.395.646,30;;;;
GO;5221700;URUANA;8.341.122,61;0,00;0;0;0,00;8.341.122,61;;;;
GO;5221809;URUTAI;2.159.235,38;0,00;0;0;0,00;2.159.235,38;;;;
GO;5221858;VALPARAISO DE GOIAS;170.480.786,19;0,00;0;0;0,00;170.480.786,19;;;;
GO;5221908;VARJAO;2.304.113,89;0,00;0;0;0,00;2.304.113,89;;;;
GO;5222005;VIANOPOLIS;10.091.485,37;0,00;0;0;0,00;10.091.485,37;;;;
GO;5222054;VICENTINOPOLIS;8.014.994,42;0,00;0;0;0,00;8.014.994,42;;;;
GO;5222203;VILA BOA;5.982.755,06;0,00;0;0;0,00;5.982.755,06;;;;
GO;5222302;VILA PROPICIO;4.550.336,99;0,00;0;0;0,00;4.550.336,99;;;;
MA;2100055;ACAILANDIA;66.282.835,81;48.402.235,80;0;0;48.402.235,80;114.685.071,61;;;;
MA;2100105;AFONSO CUNHA;10.530.889,13;7.690.053,88;0;0;7.690.053,88;18.220.943,01;;;;
MA;2100154;AGUA DOCE DO MARANHAO;12.341.156,92;9.011.979,94;0;0;9.011.979,94;21.353.136,86;;;;
MA;2100204;ALCANTARA;14.285.063,47;10.431.494,10;0;0;10.431.494,10;24.716.557,57;;;;
MA;2100303;ALDEIAS ALTAS;29.863.504,51;21.807.461,46;0;0;21.807.461,46;51.670.965,97;;;;
MA;2100402;ALTAMIRA DO MARANHAO;7.641.373,03;5.580.019,84;0;0;5.580.019,84;13.221.392,87;;;;
MA;2100436;ALTO ALEGRE DO MARANHAO;19.562.412,63;14.285.214,23;0;0;14.285.214,23;33.847.626,86;;;;
MA;2100477;ALTO ALEGRE DO PINDARE;29.181.485,93;21.309.425,67;0;0;21.309.425,67;50.490.911,60;;;;
MA;2100501;ALTO PARNAIBA;6.826.176,49;4.984.732,48;0;0;4.984.732,48;11.810.908,97;;;;
MA;2100550;AMAPA DO MARANHAO;9.247.342,45;6.752.759,51;0;0;6.752.759,51;16.000.101,96;;;;
MA;2100600;AMARANTE DO MARANHAO;26.733.592,23;19.521.881,02;0;0;19.521.881,02;46.255.473,25;;;;
MA;2100709;ANAJATUBA;17.391.320,16;12.699.800,32;0;0;12.699.800,32;30.091.120,48;;;;
MA;2100808;ANAPURUS;14.977.066,55;10.936.820,95;0;0;10.936.820,95;25.913.887,50;;;;
MA;2100832;APICUM-ACU;15.548.333,92;11.353.982,00;0;0;11.353.982,00;26.902.315,92;;;;
MA;2100873;ARAGUANA;14.097.354,75;10.294.422,09;0;0;10.294.422,09;24.391.776,84;;;;
MA;2100907;ARAIOSES;33.971.437,59;24.807.229,69;0;0;24.807.229,69;58.778.667,28;;;;
MA;2100956;ARAME;19.087.303,75;13.938.271,73;0;0;13.938.271,73;33.025.575,48;;;;
MA;2101004;ARARI;21.009.858,82;15.342.194,23;0;0;15.342.194,23;36.352.053,05;;;;
MA;2101103;AXIXA;8.731.988,32;6.376.428,41;0;0;6.376.428,41;15.108.416,73;;;;
MA;2101202;BACABAL;64.807.125,80;47.324.616,48;0;0;47.324.616,48;112.131.742,28;;;;
MA;2101251;BACABEIRA;14.403.648,68;10.518.089,51;0;0;10.518.089,51;24.921.738,19;;;;
MA;2101301;BACURI;17.875.491,90;13.053.360,86;0;0;13.053.360,86;30.928.852,76;;;;
MA;2101350;BACURITUBA;4.809.459,84;3.512.049,64;0;0;3.512.049,64;8.321.509,48;;;;
MA;2101400;BALSAS;54.718.934,31;39.957.837,18;0;0;39.957.837,18;94.676.771,49;;;;
MA;2101509;BARAO DE GRAJAU;10.044.413,26;7.334.810,79;0;0;7.334.810,79;17.379.224,05;;;;
MA;2101608;BARRA DO CORDA;59.755.119,25;43.635.450,07;0;0;43.635.450,07;103.390.569,32;;;;
MA;2101707;BARREIRINHAS;51.712.829,90;37.762.665,95;0;0;37.762.665,95;89.475.495,85;;;;
MA;2101772;BELA VISTA DO MARANHAO;17.651.838,97;12.890.041,01;0;0;12.890.041,01;30.541.879,98;;;;
MA;2101731;BELAGUA;14.948.802,72;10.916.181,62;0;0;10.916.181,62;25.864.984,34;;;;
MA;2101806;BENEDITO LEITE;3.672.762,21;2.681.990,00;0;0;2.681.990,00;6.354.752,21;;;;
MA;2101905;BEQUIMAO;11.980.793,04;8.748.828,60;0;0;8.748.828,60;20.729.621,64;;;;
MA;2101939;BERNARDO DO MEARIM;4.110.237,19;3.001.450,79;0;0;3.001.450,79;7.111.687,98;;;;
MA;2101970;BOA VISTA DO GURUPI;9.079.141,92;6.629.933,12;0;0;6.629.933,12;15.709.075,04;;;;
MA;2102002;BOM JARDIM;34.577.420,31;25.249.741,22;0;0;25.249.741,22;59.827.161,53;;;;
MA;2102036;BOM JESUS DAS SELVAS;25.667.861,39;18.743.644,03;0;0;18.743.644,03;44.411.505,42;;;;
MA;2102077;BOM LUGAR;9.741.037,89;7.113.274,60;0;0;7.113.274,60;16.854.312,49;;;;
MA;2102101;BREJO;29.916.652,81;21.846.272,36;0;0;21.846.272,36;51.762.925,17;;;;
MA;2102150;BREJO DE AREIA;7.775.011,80;5.677.607,93;0;0;5.677.607,93;13.452.619,73;;;;
MA;2102200;BURITI;32.281.751,92;23.573.357,25;0;0;23.573.357,25;55.855.109,17;;;;
MA;2102309;BURITI BRAVO;18.364.118,28;13.410.174,33;0;0;13.410.174,33;31.774.292,61;;;;
MA;2102325;BURITICUPU;48.573.701,14;35.470.355,29;0;0;35.470.355,29;84.044.056,43;;;;
MA;2102358;BURITIRANA;10.965.291,95;8.007.271,27;0;0;8.007.271,27;18.972.563,22;;;;
MA;2102374;CACHOEIRA GRANDE;11.050.237,06;8.069.301,40;0;0;8.069.301,40;19.119.538,46;;;;
MA;2102408;CAJAPIO;7.079.168,52;5.169.476,83;0;0;5.169.476,83;12.248.645,35;;;;
MA;2102507;CAJARI;16.493.175,43;12.043.941,03;0;0;12.043.941,03;28.537.116,46;;;;
MA;2102556;CAMPESTRE DO MARANHAO;8.591.590,81;6.273.904,83;0;0;6.273.904,83;14.865.495,64;;;;
MA;2102606;CANDIDO MENDES;23.076.958,82;16.851.668,90;0;0;16.851.668,90;39.928.627,72;;;;
MA;2102705;CANTANHEDE;18.739.535,72;13.684.318,35;0;0;13.684.318,35;32.423.854,07;;;;
MA;2102754;CAPINZAL DO NORTE;9.482.669,58;6.924.604,29;0;0;6.924.604,29;16.407.273,87;;;;
MA;2102804;CAROLINA;22.232.576,82;16.235.069,19;0;0;16.235.069,19;38.467.646,01;;;;
MA;2102903;CARUTAPERA;20.431.064,68;14.919.536,83;0;0;14.919.536,83;35.350.601,51;;;;
MA;2103000;CAXIAS;100.705.419,48;73.538.909,43;0;0;73.538.909,43;174.244.328,91;;;;
MA;2103109;CEDRAL;7.687.762,58;5.613.895,25;0;0;5.613.895,25;13.301.657,83;;;;
MA;2103125;CENTRAL DO MARANHAO;8.210.336,28;5.995.498,34;0;0;5.995.498,34;14.205.834,62;;;;
MA;2103158;CENTRO DO GUILHERME;20.514.780,92;14.980.669,60;0;0;14.980.669,60;35.495.450,52;;;;
MA;2103174;CENTRO NOVO DO MARANHAO;20.380.834,93;14.882.857,17;0;0;14.882.857,17;35.263.692,10;;;;
MA;2103208;CHAPADINHA;67.378.212,95;49.202.121,65;0;0;49.202.121,65;116.580.334,60;;;;
MA;2103257;CIDELANDIA;9.923.677,54;7.246.644,99;0;0;7.246.644,99;17.170.322,53;;;;
MA;2103307;CODO;84.222.382,17;61.502.371,64;0;0;61.502.371,64;145.724.753,81;;;;
MA;2103406;COELHO NETO;39.398.400,74;28.770.203,62;0;0;28.770.203,62;68.168.604,36;;;;
MA;2103505;COLINAS;28.898.079,56;21.102.471,62;0;0;21.102.471,62;50.000.551,18;;;;
MA;2103554;CONCEICAO DO LAGO-ACU;17.346.313,08;12.666.934,44;0;0;12.666.934,44;30.013.247,52;;;;
MA;2103604;COROATA;47.028.560,40;34.342.035,04;0;0;34.342.035,04;81.370.595,44;;;;
MA;2103703;CURURUPU;21.107.553,37;15.413.534,49;0;0;15.413.534,49;36.521.087,86;;;;
MA;2103752;DAVINOPOLIS;10.255.009,55;7.488.596,16;0;0;7.488.596,16;17.743.605,71;;;;
MA;2103802;DOM PEDRO;12.971.870,49;9.472.550,87;0;0;9.472.550,87;22.444.421,36;;;;
MA;2103901;DUQUE BACELAR;11.726.111,32;8.562.850,38;0;0;8.562.850,38;20.288.961,70;;;;
MA;2104008;ESPERANTINOPOLIS;13.938.524,29;10.178.438,08;0;0;10.178.438,08;24.116.962,37;;;;
MA;2104057;ESTREITO;22.284.342,64;16.272.870,55;0;0;16.272.870,55;38.557.213,19;;;;
MA;2104073;FEIRA NOVA DO MARANHAO;5.933.408,03;4.332.799,15;0;0;4.332.799,15;10.266.207,18;;;;
MA;2104081;FERNANDO FALCAO;7.492.066,25;5.470.990,39;0;0;5.470.990,39;12.963.056,64;;;;
MA;2104099;FORMOSA DA SERRA NEGRA;14.640.511,88;10.691.055,99;0;0;10.691.055,99;25.331.567,87;;;;
MA;2104107;FORTALEZA DOS NOGUEIRAS;10.103.705,87;7.378.108,50;0;0;7.378.108,50;17.481.814,37;;;;
MA;2104206;FORTUNA;14.276.154,22;10.424.988,22;0;0;10.424.988,22;24.701.142,44;;;;
MA;2104305;GODOFREDO VIANA;7.976.238,00;5.824.550,93;0;0;5.824.550,93;13.800.788,93;;;;
MA;2104404;GONCALVES DIAS;10.600.780,67;7.741.091,33;0;0;7.741.091,33;18.341.872,00;;;;
MA;2104503;GOVERNADOR ARCHER;7.902.659,87;5.770.821,39;0;0;5.770.821,39;13.673.481,26;;;;
MA;2104552;GOVERNADOR EDISON LOBAO;14.580.604,85;10.647.309,60;0;0;10.647.309,60;25.227.914,45;;;;
MA;2104602;GOVERNADOR EUGENIO BARROS;11.242.400,40;8.209.626,35;0;0;8.209.626,35;19.452.026,75;;;;
MA;2104628;GOVERNADOR LUIZ ROCHA;5.801.458,94;4.236.444,93;0;0;4.236.444,93;10.037.903,87;;;;
MA;2104651;GOVERNADOR NEWTON BELLO;11.018.440,25;8.046.082,17;0;0;8.046.082,17;19.064.522,42;;;;
MA;2104677;GOVERNADOR NUNES FREIRE;23.526.568,83;17.179.991,13;0;0;17.179.991,13;40.706.559,96;;;;
MA;2104701;GRACA ARANHA;4.542.028,68;3.316.761,28;0;0;3.316.761,28;7.858.789,96;;;;
MA;2104800;GRAJAU;65.291.758,37;47.678.513,53;0;0;47.678.513,53;112.970.271,90;;;;
MA;2104909;GUIMARAES;7.909.111,40;5.775.532,54;0;0;5.775.532,54;13.684.643,94;;;;
MA;2105005;HUMBERTO DE CAMPOS;27.997.477,10;20.444.817,61;0;0;20.444.817,61;48.442.294,71;;;;
MA;2105104;ICATU;19.818.016,00;14.471.865,48;0;0;14.471.865,48;34.289.881,48;;;;
MA;2105153;IGARAPE DO MEIO;20.673.457,76;15.096.541,44;0;0;15.096.541,44;35.769.999,20;;;;
MA;2105203;IGARAPE GRANDE;8.031.997,63;5.865.268,72;0;0;5.865.268,72;13.897.266,35;;;;
MA;2105302;IMPERATRIZ;140.988.754,69;102.955.325,70;0;0;102.955.325,70;243.944.080,39;;;;
MA;2105351;ITAIPAVA DO GRAJAU;11.138.100,71;8.133.462,77;0;0;8.133.462,77;19.271.563,48;;;;
MA;2105401;ITAPECURU MIRIM;51.812.060,53;37.835.127,91;0;0;37.835.127,91;89.647.188,44;;;;
MA;2105427;ITINGA DO MARANHAO;19.339.834,95;14.122.679,58;0;0;14.122.679,58;33.462.514,53;;;;
MA;2105450;JATOBA;6.652.446,09;4.857.867,95;0;0;4.857.867,95;11.510.314,04;;;;
MA;2105476;JENIPAPO DOS VIEIRAS;13.398.900,14;9.784.384,09;0;0;9.784.384,09;23.183.284,23;;;;
MA;2105500;JOAO LISBOA;21.878.510,87;15.976.516,83;0;0;15.976.516,83;37.855.027,70;;;;
MA;2105609;JOSELANDIA;10.045.642,12;7.335.708,15;0;0;7.335.708,15;17.381.350,27;;;;
MA;2105658;JUNCO DO MARANHAO;5.401.771,48;3.944.578,01;0;0;3.944.578,01;9.346.349,49;;;;
MA;2105708;LAGO DA PEDRA;30.441.530,62;22.229.558,00;0;0;22.229.558,00;52.671.088,62;;;;
MA;2105807;LAGO DO JUNCO;9.865.306,59;7.204.020,31;0;0;7.204.020,31;17.069.326,90;;;;
MA;2105948;LAGO DOS RODRIGUES;7.325.709,02;5.349.510,04;0;0;5.349.510,04;12.675.219,06;;;;
MA;2105906;LAGO VERDE;13.071.869,16;9.545.573,69;0;0;9.545.573,69;22.617.442,85;;;;
MA;2105922;LAGOA DO MATO;7.519.562,04;5.491.068,86;0;0;5.491.068,86;13.010.630,90;;;;
MA;2105963;LAGOA GRANDE DO MARANHAO;8.792.202,57;6.420.399,14;0;0;6.420.399,14;15.212.601,71;;;;
MA;2105989;LAJEADO NOVO;6.587.623,61;4.810.532,12;0;0;4.810.532,12;11.398.155,73;;;;
MA;2106003;LIMA CAMPOS;10.083.122,42;7.363.077,69;0;0;7.363.077,69;17.446.200,11;;;;
MA;2106102;LORETO;8.574.079,51;6.261.117,43;0;0;6.261.117,43;14.835.196,94;;;;
MA;2106201;LUIS DOMINGUES;6.943.072,02;5.070.094,01;0;0;5.070.094,01;12.013.166,03;;;;
MA;2106300;MAGALHAES DE ALMEIDA;19.066.873,92;13.923.353,09;0;0;13.923.353,09;32.990.227,01;;;;
MA;2106326;MARACACUME;20.716.314,35;15.127.836,93;0;0;15.127.836,93;35.844.151,28;;;;
MA;2106359;MARAJA DO SENA;7.283.006,06;5.318.326,72;0;0;5.318.326,72;12.601.332,78;;;;
MA;2106375;MARANHAOZINHO;19.750.735,79;14.422.734,92;0;0;14.422.734,92;34.173.470,71;;;;
MA;2106409;MATA ROMA;14.865.393,69;10.855.273,19;0;0;10.855.273,19;25.720.666,88;;;;
MA;2106508;MATINHA;17.954.139,09;13.110.792,01;0;0;13.110.792,01;31.064.931,10;;;;
MA;2106607;MATOES;30.054.592,60;21.947.001,21;0;0;21.947.001,21;52.001.593,81;;;;
MA;2106631;MATOES DO NORTE;11.403.381,36;8.327.180,74;0;0;8.327.180,74;19.730.562,10;;;;
MA;2106672;MILAGRES DO MARANHAO;9.601.254,80;7.011.199,70;0;0;7.011.199,70;16.612.454,50;;;;
MA;2106706;MIRADOR;14.245.586,26;10.402.666,35;0;0;10.402.666,35;24.648.252,61;;;;
MA;2106755;MIRANDA DO NORTE;17.163.673,41;12.533.564,05;0;0;12.533.564,05;29.697.237,46;;;;
MA;2106805;MIRINZAL;9.970.067,10;7.280.520,40;0;0;7.280.520,40;17.250.587,50;;;;
MA;2106904;MONCAO;27.338.192,48;19.963.383,01;0;0;19.963.383,01;47.301.575,49;;;;
MA;2107001;MONTES ALTOS;5.498.390,77;4.015.133,08;0;0;4.015.133,08;9.513.523,85;;;;
MA;2107100;MORROS;16.844.937,25;12.300.810,84;0;0;12.300.810,84;29.145.748,09;;;;
MA;2107209;NINA RODRIGUES;12.042.850,58;8.794.145,37;0;0;8.794.145,37;20.836.995,95;;;;
MA;2107258;NOVA COLINAS;4.495.792,74;3.282.998,05;0;0;3.282.998,05;7.778.790,79;;;;
MA;2107308;NOVA IORQUE;3.269.080,94;2.387.206,66;0;0;2.387.206,66;5.656.287,60;;;;
MA;2107357;NOVA OLINDA DO MARANHAO;17.553.222,76;12.818.027,73;0;0;12.818.027,73;30.371.250,49;;;;
MA;2107407;OLHO DAGUA DAS CUNHAS;20.628.911,51;15.064.012,07;0;0;15.064.012,07;35.692.923,58;;;;
MA;2107456;OLINDA NOVA DO MARANHAO;11.029.346,40;8.054.046,25;0;0;8.054.046,25;19.083.392,65;;;;
MA;2107506;PACO DO LUMIAR;76.124.179,58;55.588.757,56;0;0;55.588.757,56;131.712.937,14;;;;
MA;2107605;PALMEIRANDIA;14.199.043,11;10.368.678,77;0;0;10.368.678,77;24.567.721,88;;;;
MA;2107704;PARAIBANO;14.507.333,94;10.593.804,41;0;0;10.593.804,41;25.101.138,35;;;;
MA;2107803;PARNARAMA;31.527.230,47;23.022.377,13;0;0;23.022.377,13;54.549.607,60;;;;
MA;2107902;PASSAGEM FRANCA;13.032.238,35;9.516.633,77;0;0;9.516.633,77;22.548.872,12;;;;
MA;2108009;PASTOS BONS;22.478.195,67;16.414.429,38;0;0;16.414.429,38;38.892.625,05;;;;
MA;2108058;PAULINO NEVES;17.924.800,01;13.089.367,49;0;0;13.089.367,49;31.014.167,50;;;;
MA;2108108;PAULO RAMOS;21.241.960,20;15.511.683,43;0;0;15.511.683,43;36.753.643,63;;;;
MA;2108207;PEDREIRAS;21.144.726,46;15.440.679,68;0;0;15.440.679,68;36.585.406,14;;;;
MA;2108256;PEDRO DO ROSARIO;28.437.717,03;20.766.297,46;0;0;20.766.297,46;49.204.014,49;;;;
MA;2108306;PENALVA;28.980.566,94;21.162.707,03;0;0;21.162.707,03;50.143.273,97;;;;
MA;2108405;PERI MIRIM;9.132.597,44;6.668.968,35;0;0;6.668.968,35;15.801.565,79;;;;
MA;2108454;PERITORO;21.982.196,12;16.052.231,73;0;0;16.052.231,73;38.034.427,85;;;;
MA;2108504;PINDARE MIRIM;37.059.107,74;27.061.963,32;0;0;27.061.963,32;64.121.071,06;;;;
MA;2108603;PINHEIRO;54.329.845,78;39.673.710,01;0;0;39.673.710,01;94.003.555,79;;;;
MA;2108702;PIO XII;28.012.069,84;20.455.473,78;0;0;20.455.473,78;48.467.543,62;;;;
MA;2108801;PIRAPEMAS;16.189.953,66;11.822.517,01;0;0;11.822.517,01;28.012.470,67;;;;
MA;2108900;POCAO DE PEDRAS;14.197.507,03;10.367.557,07;0;0;10.367.557,07;24.565.064,10;;;;
MA;2109007;PORTO FRANCO;23.397.845,50;17.085.992,49;0;0;17.085.992,49;40.483.837,99;;;;
MA;2109056;PORTO RICO DO MARANHAO;5.344.782,98;3.902.962,86;0;0;3.902.962,86;9.247.745,84;;;;
MA;2109106;PRESIDENTE DUTRA;26.550.491,74;19.388.174,12;0;0;19.388.174,12;45.938.665,86;;;;
MA;2109205;PRESIDENTE JUSCELINO;10.774.818,30;7.868.180,19;0;0;7.868.180,19;18.642.998,49;;;;
MA;2109239;PRESIDENTE MEDICI;5.888.247,34;4.299.821,10;0;0;4.299.821,10;10.188.068,44;;;;
MA;2109270;PRESIDENTE SARNEY;22.680.650,73;16.562.269,73;0;0;16.562.269,73;39.242.920,46;;;;
MA;2109304;PRESIDENTE VARGAS;13.496.748,29;9.855.836,52;0;0;9.855.836,52;23.352.584,81;;;;
MA;2109403;PRIMEIRA CRUZ;14.246.507,92;10.403.339,37;0;0;10.403.339,37;24.649.847,29;;;;
MA;2109452;RAPOSA;21.472.832,70;15.680.275,27;0;0;15.680.275,27;37.153.107,97;;;;
MA;2109502;RIACHAO;14.826.530,92;10.826.894,13;0;0;10.826.894,13;25.653.425,05;;;;
MA;2109551;RIBAMAR FIQUENE;5.714.363,33;4.172.844,41;0;0;4.172.844,41;9.887.207,74;;;;
MA;2109601;ROSARIO;34.318.437,59;25.060.622,22;0;0;25.060.622,22;59.379.059,81;;;;
MA;2109700;SAMBAIBA;4.176.288,54;3.049.683,98;0;0;3.049.683,98;7.225.972,52;;;;
MA;2109759;SANTA FILOMENA DO MARANHAO;5.350.773,68;3.907.337,50;0;0;3.907.337,50;9.258.111,18;;;;
MA;2109809;SANTA HELENA;42.117.104,99;30.755.504,37;0;0;30.755.504,37;72.872.609,36;;;;
MA;2109908;SANTA INES;57.403.384,01;41.918.123,97;0;0;41.918.123,97;99.321.507,98;;;;
MA;2110005;SANTA LUZIA;52.649.222,97;38.446.455,62;0;0;38.446.455,62;91.095.678,59;;;;
MA;2110039;SANTA LUZIA DO PARUA;18.237.545,46;13.317.746,07;0;0;13.317.746,07;31.555.291,53;;;;
MA;2110104;SANTA QUITERIA DO MARANHAO;38.711.773,93;28.268.802,73;0;0;28.268.802,73;66.980.576,66;;;;
MA;2110203;SANTA RITA;30.247.216,77;22.087.662,67;0;0;22.087.662,67;52.334.879,44;;;;
MA;2110237;SANTANA DO MARANHAO;10.032.585,47;7.326.173,68;0;0;7.326.173,68;17.358.759,15;;;;
MA;2110278;SANTO AMARO DO MARANHAO;11.091.250,34;8.099.250,85;0;0;8.099.250,85;19.190.501,19;;;;
MA;2110302;SANTO ANTONIO DOS LOPES;11.942.391,09;8.720.786,04;0;0;8.720.786,04;20.663.177,13;;;;
MA;2110401;SAO BENEDITO DO RIO PRETO;20.139.824,31;14.706.862,09;0;0;14.706.862,09;34.846.686,40;;;;
MA;2110500;SAO BENTO;31.280.843,58;22.842.456,09;0;0;22.842.456,09;54.123.299,67;;;;
MA;2110609;SAO BERNARDO;40.646.617,63;29.681.698,84;0;0;29.681.698,84;70.328.316,47;;;;
MA;2110658;SAO DOMINGOS DO AZEITAO;5.594.702,86;4.085.463,81;0;0;4.085.463,81;9.680.166,67;;;;
MA;2110708;SAO DOMINGOS DO MARANHAO;25.768.474,49;18.817.115,52;0;0;18.817.115,52;44.585.590,01;;;;
MA;2110807;SAO FELIX DE BALSAS;2.707.951,69;1.977.448,84;0;0;1.977.448,84;4.685.400,53;;;;
MA;2110856;SAO FRANCISCO DO BREJAO;7.328.781,18;5.351.753,44;0;0;5.351.753,44;12.680.534,62;;;;
MA;2110906;SAO FRANCISCO DO MARANHAO;10.824.587,22;7.904.523,34;0;0;7.904.523,34;18.729.110,56;;;;
MA;2111003;SAO JOAO BATISTA;14.238.059,48;10.397.170,01;0;0;10.397.170,01;24.635.229,49;;;;
MA;2111029;SAO JOAO DO CARU;13.029.627,02;9.514.726,87;0;0;9.514.726,87;22.544.353,89;;;;
MA;2111052;SAO JOAO DO PARAISO;9.813.079,93;7.165.882,44;0;0;7.165.882,44;16.978.962,37;;;;
MA;2111078;SAO JOAO DO SOTER;16.286.726,56;11.893.184,25;0;0;11.893.184,25;28.179.910,81;;;;
MA;2111102;SAO JOAO DOS PATOS;18.258.896,95;13.333.337,73;0;0;13.333.337,73;31.592.234,68;;;;
MA;2111201;SAO JOSE DE RIBAMAR;131.279.206,40;95.865.046,00;0;0;95.865.046,00;227.144.252,40;;;;
MA;2111250;SAO JOSE DOS BASILIOS;5.736.482,85;4.188.996,92;0;0;4.188.996,92;9.925.479,77;;;;
MA;2111300;SAO LUIS;358.239.935,96;261.600.362,16;0;0;261.600.362,16;619.840.298,12;;;;
MA;2111409;SAO LUIS GONZAGA DO MARANHAO;20.467.008,90;14.945.784,66;0;0;14.945.784,66;35.412.793,56;;;;
MA;2111508;SAO MATEUS DO MARANHAO;30.921.247,75;22.579.865,60;0;0;22.579.865,60;53.501.113,35;;;;
MA;2111532;SAO PEDRO DA AGUA BRANCA;8.966.393,81;6.547.600,17;0;0;6.547.600,17;15.513.993,98;;;;
MA;2111573;SAO PEDRO DOS CRENTES;3.808.244,28;2.780.924,13;0;0;2.780.924,13;6.589.168,41;;;;
MA;2111607;SAO RAIMUNDO DAS MANGABEIRAS;12.677.865,18;9.257.857,07;0;0;9.257.857,07;21.935.722,25;;;;
MA;2111631;SAO RAIMUNDO DO DOCA BEZERRA;4.822.209,29;3.521.359,77;0;0;3.521.359,77;8.343.569,06;;;;
MA;2111672;SAO ROBERTO;4.563.226,56;3.332.240,77;0;0;3.332.240,77;7.895.467,33;;;;
MA;2111706;SAO VICENTE FERRER;13.715.639,40;10.015.679,08;0;0;10.015.679,08;23.731.318,48;;;;
MA;2111722;SATUBINHA;12.784.008,17;9.335.366,69;0;0;9.335.366,69;22.119.374,86;;;;
MA;2111748;SENADOR ALEXANDRE COSTA;9.761.314,11;7.128.081,07;0;0;7.128.081,07;16.889.395,18;;;;
MA;2111763;SENADOR LA ROCQUE;12.613.810,74;9.211.082,08;0;0;9.211.082,08;21.824.892,82;;;;
MA;2111789;SERRANO DO MARANHAO;17.054.765,50;12.454.035,36;0;0;12.454.035,36;29.508.800,86;;;;
MA;2111805;SITIO NOVO;14.269.549,08;10.420.164,91;0;0;10.420.164,91;24.689.713,99;;;;
MA;2111904;SUCUPIRA DO NORTE;8.128.616,93;5.935.823,78;0;0;5.935.823,78;14.064.440,71;;;;
MA;2111953;SUCUPIRA DO RIACHAO;3.903.020,28;2.850.133,16;0;0;2.850.133,16;6.753.153,44;;;;
MA;2112001;TASSO FRAGOSO;7.345.678,03;5.364.092,17;0;0;5.364.092,17;12.709.770,20;;;;
MA;2112100;TIMBIRAS;21.717.837,12;15.859.186,78;0;0;15.859.186,78;37.577.023,90;;;;
MA;2112209;TIMON;103.520.743,02;75.594.765,25;0;0;75.594.765,25;179.115.508,27;;;;
MA;2112233;TRIZIDELA DO VALE;18.166.578,66;13.265.923,43;0;0;13.265.923,43;31.432.502,09;;;;
MA;2112274;TUFILANDIA;6.228.642,20;4.548.390,32;0;0;4.548.390,32;10.777.032,52;;;;
MA;2112308;TUNTUM;26.319.926,45;19.219.806,61;0;0;19.219.806,61;45.539.733,06;;;;
MA;2112407;TURIACU;36.626.087,38;26.745.755,46;0;0;26.745.755,46;63.371.842,84;;;;
MA;2112456;TURILANDIA;26.610.552,39;19.432.032,67;0;0;19.432.032,67;46.042.585,06;;;;
MA;2112506;TUTOIA;47.426.558,18;34.632.668,08;0;0;34.632.668,08;82.059.226,26;;;;
MA;2112605;URBANO SANTOS;32.047.192,82;23.402.073,33;0;0;23.402.073,33;55.449.266,15;;;;
MA;2112704;VARGEM GRANDE;52.848.298,67;38.591.828,22;0;0;38.591.828,22;91.440.126,89;;;;
MA;2112803;VIANA;40.288.250,66;29.420.005,71;0;0;29.420.005,71;69.708.256,37;;;;
MA;2112852;VILA NOVA DOS MARTIRIOS;10.278.357,93;7.505.646,04;0;0;7.505.646,04;17.784.003,97;;;;
MA;2112902;VITORIA DO MEARIM;22.985.408,59;16.784.815,44;0;0;16.784.815,44;39.770.224,03;;;;
MA;2113009;VITORINO FREIRE;25.771.700,25;18.819.471,10;0;0;18.819.471,10;44.591.171,35;;;;
MA;2114007;ZE DOCA;54.969.007,79;40.140.450,30;0;0;40.140.450,30;95.109.458,09;;;;
MG;3100104;ABADIA DOS DOURADOS;2.950.257,25;0,00;0;0;0,00;2.950.257,25;;;;
MG;3100203;ABAETE;10.945.798,23;0,00;0;0;0,00;10.945.798,23;;;;
MG;3100302;ABRE CAMPO;4.069.569,43;0,00;0;0;0,00;4.069.569,43;;;;
MG;3100401;ACAIACA;2.639.947,17;0,00;0;0;0,00;2.639.947,17;;;;
MG;3100500;ACUCENA;3.323.842,87;0,00;0;0;0,00;3.323.842,87;;;;
MG;3100609;AGUA BOA;4.675.743,14;0,00;0;0;0,00;4.675.743,14;;;;
MG;3100708;AGUA COMPRIDA;1.395.528,60;0,00;0;0;0,00;1.395.528,60;;;;
MG;3100807;AGUANIL;3.208.560,07;0,00;0;0;0,00;3.208.560,07;;;;
MG;3100906;AGUAS FORMOSAS;7.184.516,40;0,00;0;0;0,00;7.184.516,40;;;;
MG;3101003;AGUAS VERMELHAS;8.728.265,72;0,00;0;0;0,00;8.728.265,72;;;;
MG;3101102;AIMORES;13.796.663,80;0,00;0;0;0,00;13.796.663,80;;;;
MG;3101201;AIURUOCA;2.656.416,14;0,00;0;0;0,00;2.656.416,14;;;;
MG;3101300;ALAGOA;2.373.265,42;0,00;0;0;0,00;2.373.265,42;;;;
MG;3101409;ALBERTINA;3.928.860,85;0,00;0;0;0,00;3.928.860,85;;;;
MG;3101508;ALEM PARAIBA;20.584.191,32;0,00;0;0;0,00;20.584.191,32;;;;
MG;3101607;ALFENAS;39.912.117,95;0,00;0;0;0,00;39.912.117,95;;;;
MG;3101631;ALFREDO VASCONCELOS;3.372.382,99;0,00;0;0;0,00;3.372.382,99;;;;
MG;3101706;ALMENARA;27.975.870,02;0,00;0;0;0,00;27.975.870,02;;;;
MG;3101805;ALPERCATA;5.429.848,65;0,00;0;0;0,00;5.429.848,65;;;;
MG;3101904;ALPINOPOLIS;7.883.147,49;0,00;0;0;0,00;7.883.147,49;;;;
MG;3102001;ALTEROSA;9.918.365,58;0,00;0;0;0,00;9.918.365,58;;;;
MG;3102050;ALTO CAPARAO;4.368.033,40;0,00;0;0;0,00;4.368.033,40;;;;
MG;3153509;ALTO JEQUITIBA;3.504.134,76;0,00;0;0;0,00;3.504.134,76;;;;
MG;3102100;ALTO RIO DOCE;4.489.383,71;0,00;0;0;0,00;4.489.383,71;;;;
MG;3102209;ALVARENGA;2.553.557,31;0,00;0;0;0,00;2.553.557,31;;;;
MG;3102308;ALVINOPOLIS;5.525.773,18;0,00;0;0;0,00;5.525.773,18;;;;
MG;3102407;ALVORADA DE MINAS;1.693.703,64;0,00;0;0;0,00;1.693.703,64;;;;
MG;3102506;AMPARO DO SERRA;2.929.454,35;0,00;0;0;0,00;2.929.454,35;;;;
MG;3102605;ANDRADAS;21.049.656,45;0,00;0;0;0,00;21.049.656,45;;;;
MG;3102803;ANDRELANDIA;8.173.810,37;0,00;0;0;0,00;8.173.810,37;;;;
MG;3102852;ANGELANDIA;5.387.376,04;0,00;0;0;0,00;5.387.376,04;;;;
MG;3102902;ANTONIO CARLOS;4.122.443,49;0,00;0;0;0,00;4.122.443,49;;;;
MG;3103009;ANTONIO DIAS;3.275.591,68;0,00;0;0;0,00;3.275.591,68;;;;
MG;3103108;ANTONIO PRADO DE MINAS;883.256,91;0,00;0;0;0,00;883.256,91;;;;
MG;3103207;ARACAI;2.217.243,59;0,00;0;0;0,00;2.217.243,59;;;;
MG;3103306;ARACITABA;807.846,36;0,00;0;0;0,00;807.846,36;;;;
MG;3103405;ARACUAI;12.572.181,37;0,00;0;0;0,00;12.572.181,37;;;;
MG;3103504;ARAGUARI;55.700.371,55;0,00;0;0;0,00;55.700.371,55;;;;
MG;3103603;ARANTINA;2.867.334,53;0,00;0;0;0,00;2.867.334,53;;;;
MG;3103702;ARAPONGA;2.725.470,25;0,00;0;0;0,00;2.725.470,25;;;;
MG;3103751;ARAPORA;10.399.721,83;0,00;0;0;0,00;10.399.721,83;;;;
MG;3103801;ARAPUA;1.623.204,90;0,00;0;0;0,00;1.623.204,90;;;;
MG;3103900;ARAUJOS;6.291.146,95;0,00;0;0;0,00;6.291.146,95;;;;
MG;3104007;ARAXA;79.056.550,71;0,00;0;0;0,00;79.056.550,71;;;;
MG;3104106;ARCEBURGO;6.677.156,52;0,00;0;0;0,00;6.677.156,52;;;;
MG;3104205;ARCOS;20.895.946,06;0,00;0;0;0,00;20.895.946,06;;;;
MG;3104304;AREADO;7.567.058,80;0,00;0;0;0,00;7.567.058,80;;;;
MG;3104403;ARGIRITA;2.894.493,90;0,00;0;0;0,00;2.894.493,90;;;;
MG;3104452;ARICANDUVA;3.015.266,34;0,00;0;0;0,00;3.015.266,34;;;;
MG;3104502;ARINOS;10.005.333,32;0,00;0;0;0,00;10.005.333,32;;;;
MG;3104601;ASTOLFO DUTRA;6.977.065,14;0,00;0;0;0,00;6.977.065,14;;;;
MG;3104700;ATALEIA;5.260.536,06;0,00;0;0;0,00;5.260.536,06;;;;
MG;3104809;AUGUSTO DE LIMA;3.969.888,82;0,00;0;0;0,00;3.969.888,82;;;;
MG;3104908;BAEPENDI;9.253.539,22;0,00;0;0;0,00;9.253.539,22;;;;
MG;3105004;BALDIM;4.344.630,13;0,00;0;0;0,00;4.344.630,13;;;;
MG;3105103;BAMBUI;10.387.008,93;0,00;0;0;0,00;10.387.008,93;;;;
MG;3105202;BANDEIRA;2.454.454,55;0,00;0;0;0,00;2.454.454,55;;;;
MG;3105301;BANDEIRA DO SUL;4.927.400,57;0,00;0;0;0,00;4.927.400,57;;;;
MG;3105400;BARAO DE COCAIS;22.295.808,59;0,00;0;0;0,00;22.295.808,59;;;;
MG;3105509;BARAO DE MONTE ALTO;5.144.964,35;0,00;0;0;0,00;5.144.964,35;;;;
MG;3105608;BARBACENA;47.204.693,91;0,00;0;0;0,00;47.204.693,91;;;;
MG;3105707;BARRA LONGA;1.816.209,67;0,00;0;0;0,00;1.816.209,67;;;;
MG;3105905;BARROSO;11.853.614,14;0,00;0;0;0,00;11.853.614,14;;;;
MG;3106002;BELA VISTA DE MINAS;4.214.900,87;0,00;0;0;0,00;4.214.900,87;;;;
MG;3106101;BELMIRO BRAGA;1.709.594,76;0,00;0;0;0,00;1.709.594,76;;;;
MG;3106200;BELO HORIZONTE;1.255.560.259,51;0,00;0;0;0,00;1.255.560.259,51;;;;
MG;3106309;BELO ORIENTE;24.276.707,98;0,00;0;0;0,00;24.276.707,98;;;;
MG;3106408;BELO VALE;4.832.342,83;0,00;0;0;0,00;4.832.342,83;;;;
MG;3106507;BERILO;3.169.265,66;0,00;0;0;0,00;3.169.265,66;;;;
MG;3106655;BERIZAL;2.869.068,11;0,00;0;0;0,00;2.869.068,11;;;;
MG;3106606;BERTOPOLIS;2.570.893,05;0,00;0;0;0,00;2.570.893,05;;;;
MG;3106705;BETIM;383.087.913,90;0,00;0;0;0,00;383.087.913,90;;;;
MG;3106804;BIAS FORTES;1.438.290,15;0,00;0;0;0,00;1.438.290,15;;;;
MG;3106903;BICAS;10.076.698,85;0,00;0;0;0,00;10.076.698,85;;;;
MG;3107000;BIQUINHAS;2.086.647,54;0,00;0;0;0,00;2.086.647,54;;;;
MG;3107109;BOA ESPERANCA;22.891.580,83;0,00;0;0;0,00;22.891.580,83;;;;
MG;3107208;BOCAINA DE MINAS;2.956.324,76;0,00;0;0;0,00;2.956.324,76;;;;
MG;3107307;BOCAIUVA;21.577.819,22;0,00;0;0;0,00;21.577.819,22;;;;
MG;3107406;BOM DESPACHO;28.711.484,06;0,00;0;0;0,00;28.711.484,06;;;;
MG;3107505;BOM JARDIM DE MINAS;3.966.421,65;0,00;0;0;0,00;3.966.421,65;;;;
MG;3107604;BOM JESUS DA PENHA;3.513.380,50;0,00;0;0;0,00;3.513.380,50;;;;
MG;3107703;BOM JESUS DO AMPARO;3.928.282,99;0,00;0;0;0,00;3.928.282,99;;;;
MG;3107802;BOM JESUS DO GALHO;5.574.313,30;0,00;0;0;0,00;5.574.313,30;;;;
MG;3107901;BOM REPOUSO;8.322.320,04;0,00;0;0;0,00;8.322.320,04;;;;
MG;3108008;BOM SUCESSO;8.321.742,18;0,00;0;0;0,00;8.321.742,18;;;;
MG;3108107;BONFIM;3.016.999,92;0,00;0;0;0,00;3.016.999,92;;;;
MG;3108206;BONFINOPOLIS DE MINAS;4.496.318,04;0,00;0;0;0,00;4.496.318,04;;;;
MG;3108255;BONITO DE MINAS;5.784.942,77;0,00;0;0;0,00;5.784.942,77;;;;
MG;3108305;BORDA DA MATA;10.835.427,25;0,00;0;0;0,00;10.835.427,25;;;;
MG;3108404;BOTELHOS;8.797.608,76;0,00;0;0;0,00;8.797.608,76;;;;
MG;3108503;BOTUMIRIM;2.759.274,96;0,00;0;0;0,00;2.759.274,96;;;;
MG;3108701;BRAS PIRES;2.594.296,34;0,00;0;0;0,00;2.594.296,34;;;;
MG;3108552;BRASILANDIA DE MINAS;11.590.110,60;0,00;0;0;0,00;11.590.110,60;;;;
MG;3108602;BRASILIA DE MINAS;11.748.154,94;0,00;0;0;0,00;11.748.154,94;;;;
MG;3108800;BRAUNAS;1.875.151,26;0,00;0;0;0,00;1.875.151,26;;;;
MG;3108909;BRAZOPOLIS;7.517.651,89;0,00;0;0;0,00;7.517.651,89;;;;
MG;3109006;BRUMADINHO;37.070.209,20;0,00;0;0;0,00;37.070.209,20;;;;
MG;3109105;BUENO BRANDAO;4.504.408,06;0,00;0;0;0,00;4.504.408,06;;;;
MG;3109204;BUENOPOLIS;5.717.044,40;0,00;0;0;0,00;5.717.044,40;;;;
MG;3109253;BUGRE;1.698.904,39;0,00;0;0;0,00;1.698.904,39;;;;
MG;3109303;BURITIS;22.006.012,48;0,00;0;0;0,00;22.006.012,48;;;;
MG;3109402;BURITIZEIRO;11.912.844,66;0,00;0;0;0,00;11.912.844,66;;;;
MG;3109451;CABECEIRA GRANDE;7.201.852,16;0,00;0;0;0,00;7.201.852,16;;;;
MG;3109501;CABO VERDE;6.488.774,60;0,00;0;0;0,00;6.488.774,60;;;;
MG;3109600;CACHOEIRA DA PRATA;3.715.631,02;0,00;0;0;0,00;3.715.631,02;;;;
MG;3109709;CACHOEIRA DE MINAS;7.813.226,58;0,00;0;0;0,00;7.813.226,58;;;;
MG;3102704;CACHOEIRA DE PAJEU;4.459.912,93;0,00;0;0;0,00;4.459.912,93;;;;
MG;3109808;CACHOEIRA DOURADA;2.602.097,43;0,00;0;0;0,00;2.602.097,43;;;;
MG;3109907;CAETANOPOLIS;8.338.211,15;0,00;0;0;0,00;8.338.211,15;;;;
MG;3110004;CAETE;21.299.580,29;0,00;0;0;0,00;21.299.580,29;;;;
MG;3110103;CAIANA;3.216.650,09;0,00;0;0;0,00;3.216.650,09;;;;
MG;3110202;CAJURI;4.191.208,67;0,00;0;0;0,00;4.191.208,67;;;;
MG;3110301;CALDAS;7.712.101,31;0,00;0;0;0,00;7.712.101,31;;;;
MG;3110400;CAMACHO;1.497.809,57;0,00;0;0;0,00;1.497.809,57;;;;
MG;3110509;CAMANDUCAIA;21.076.526,86;0,00;0;0;0,00;21.076.526,86;;;;
MG;3110608;CAMBUI;17.607.352,57;0,00;0;0;0,00;17.607.352,57;;;;
MG;3110707;CAMBUQUIRA;7.487.025,39;0,00;0;0;0,00;7.487.025,39;;;;
MG;3110806;CAMPANARIO;2.399.269,04;0,00;0;0;0,00;2.399.269,04;;;;
MG;3110905;CAMPANHA;9.313.058,66;0,00;0;0;0,00;9.313.058,66;;;;
MG;3111002;CAMPESTRE;16.947.149,07;0,00;0;0;0,00;16.947.149,07;;;;
MG;3111101;CAMPINA VERDE;7.920.708,29;0,00;0;0;0,00;7.920.708,29;;;;
MG;3111150;CAMPO AZUL;3.041.558,92;0,00;0;0;0,00;3.041.558,92;;;;
MG;3111200;CAMPO BELO;26.514.176,60;0,00;0;0;0,00;26.514.176,60;;;;
MG;3111309;CAMPO DO MEIO;5.657.813,88;0,00;0;0;0,00;5.657.813,88;;;;
MG;3111408;CAMPO FLORIDO;7.511.584,38;0,00;0;0;0,00;7.511.584,38;;;;
MG;3111507;CAMPOS ALTOS;12.027.838,52;0,00;0;0;0,00;12.027.838,52;;;;
MG;3111606;CAMPOS GERAIS;17.483.979,75;0,00;0;0;0,00;17.483.979,75;;;;
MG;3111903;CANA VERDE;2.867.623,46;0,00;0;0;0,00;2.867.623,46;;;;
MG;3111705;CANAA;1.989.567,27;0,00;0;0;0,00;1.989.567,27;;;;
MG;3111804;CANAPOLIS;5.737.558,37;0,00;0;0;0,00;5.737.558,37;;;;
MG;3112000;CANDEIAS;6.262.831,87;0,00;0;0;0,00;6.262.831,87;;;;
MG;3112059;CANTAGALO;2.420.071,96;0,00;0;0;0,00;2.420.071,96;;;;
MG;3112109;CAPARAO;3.277.903,09;0,00;0;0;0,00;3.277.903,09;;;;
MG;3112208;CAPELA NOVA;1.882.663,42;0,00;0;0;0,00;1.882.663,42;;;;
MG;3112307;CAPELINHA;19.043.620,19;0,00;0;0;0,00;19.043.620,19;;;;
MG;3112406;CAPETINGA;3.808.666,24;0,00;0;0;0,00;3.808.666,24;;;;
MG;3112505;CAPIM BRANCO;5.212.284,87;0,00;0;0;0,00;5.212.284,87;;;;
MG;3112604;CAPINOPOLIS;10.005.622,25;0,00;0;0;0,00;10.005.622,25;;;;
MG;3112653;CAPITAO ANDRADE;3.090.387,97;0,00;0;0;0,00;3.090.387,97;;;;
MG;3112703;CAPITAO ENEAS;7.823.628,04;0,00;0;0;0,00;7.823.628,04;;;;
MG;3112802;CAPITOLIO;6.020.998,04;0,00;0;0;0,00;6.020.998,04;;;;
MG;3112901;CAPUTIRA;7.255.015,14;0,00;0;0;0,00;7.255.015,14;;;;
MG;3113008;CARAI;12.854.465,30;0,00;0;0;0,00;12.854.465,30;;;;
MG;3113107;CARANAIBA;1.160.340,12;0,00;0;0;0,00;1.160.340,12;;;;
MG;3113206;CARANDAI;17.926.330,53;0,00;0;0;0,00;17.926.330,53;;;;
MG;3113305;CARANGOLA;11.518.456,14;0,00;0;0;0,00;11.518.456,14;;;;
MG;3113404;CARATINGA;51.611.443,84;0,00;0;0;0,00;51.611.443,84;;;;
MG;3113503;CARBONITA;5.977.080,77;0,00;0;0;0,00;5.977.080,77;;;;
MG;3113602;CAREACU;4.126.488,51;0,00;0;0;0,00;4.126.488,51;;;;
MG;3113701;CARLOS CHAGAS;12.423.093,83;0,00;0;0;0,00;12.423.093,83;;;;
MG;3113800;CARMESIA;2.762.742,13;0,00;0;0;0,00;2.762.742,13;;;;
MG;3113909;CARMO DA CACHOEIRA;7.515.629,38;0,00;0;0;0,00;7.515.629,38;;;;
MG;3114006;CARMO DA MATA;5.219.797,03;0,00;0;0;0,00;5.219.797,03;;;;
MG;3114105;CARMO DE MINAS;6.091.496,78;0,00;0;0;0,00;6.091.496,78;;;;
MG;3114204;CARMO DO CAJURU;14.707.946,86;0,00;0;0;0,00;14.707.946,86;;;;
MG;3114303;CARMO DO PARANAIBA;15.705.041,95;0,00;0;0;0,00;15.705.041,95;;;;
MG;3114402;CARMO DO RIO CLARO;11.524.234,72;0,00;0;0;0,00;11.524.234,72;;;;
MG;3114501;CARMOPOLIS DE MINAS;11.786.871,47;0,00;0;0;0,00;11.786.871,47;;;;
MG;3114550;CARNEIRINHO;5.797.655,67;0,00;0;0;0,00;5.797.655,67;;;;
MG;3114600;CARRANCAS;2.465.722,78;0,00;0;0;0,00;2.465.722,78;;;;
MG;3114709;CARVALHOPOLIS;3.750.880,40;0,00;0;0;0,00;3.750.880,40;;;;
MG;3114808;CARVALHOS;2.188.350,64;0,00;0;0;0,00;2.188.350,64;;;;
MG;3114907;CASA GRANDE;1.741.665,93;0,00;0;0;0,00;1.741.665,93;;;;
MG;3115003;CASCALHO RICO;2.672.596,18;0,00;0;0;0,00;2.672.596,18;;;;
MG;3115102;CASSIA;10.281.260,80;0,00;0;0;0,00;10.281.260,80;;;;
MG;3115300;CATAGUASES;28.977.876,90;0,00;0;0;0,00;28.977.876,90;;;;
MG;3115359;CATAS ALTAS;3.964.110,24;0,00;0;0;0,00;3.964.110,24;;;;
MG;3115409;CATAS ALTAS DA NORUEGA;1.043.034,84;0,00;0;0;0,00;1.043.034,84;;;;
MG;3115458;CATUJI;5.235.977,07;0,00;0;0;0,00;5.235.977,07;;;;
MG;3115474;CATUTI;3.680.092,70;0,00;0;0;0,00;3.680.092,70;;;;
MG;3115508;CAXAMBU;9.683.754,98;0,00;0;0;0,00;9.683.754,98;;;;
MG;3115607;CEDRO DO ABAETE;1.036.678,40;0,00;0;0;0,00;1.036.678,40;;;;
MG;3115706;CENTRAL DE MINAS;2.952.279,76;0,00;0;0;0,00;2.952.279,76;;;;
MG;3115805;CENTRALINA;6.512.466,81;0,00;0;0;0,00;6.512.466,81;;;;
MG;3115904;CHACARA;3.902.857,21;0,00;0;0;0,00;3.902.857,21;;;;
MG;3116001;CHALE;3.006.598,46;0,00;0;0;0,00;3.006.598,46;;;;
MG;3116100;CHAPADA DO NORTE;5.141.786,12;0,00;0;0;0,00;5.141.786,12;;;;
MG;3116159;CHAPADA GAUCHA;11.260.153,34;0,00;0;0;0,00;11.260.153,34;;;;
MG;3116209;CHIADOR;3.136.038,81;0,00;0;0;0,00;3.136.038,81;;;;
MG;3116308;CIPOTANEA;1.375.881,40;0,00;0;0;0,00;1.375.881,40;;;;
MG;3116407;CLARAVAL;3.048.493,22;0,00;0;0;0,00;3.048.493,22;;;;
MG;3116506;CLARO DOS POCOES;4.052.233,67;0,00;0;0;0,00;4.052.233,67;;;;
MG;3116605;CLAUDIO;22.616.231,20;0,00;0;0;0,00;22.616.231,20;;;;
MG;3116704;COIMBRA;4.224.146,61;0,00;0;0;0,00;4.224.146,61;;;;
MG;3116803;COLUNA;3.217.805,81;0,00;0;0;0,00;3.217.805,81;;;;
MG;3116902;COMENDADOR GOMES;3.253.921,96;0,00;0;0;0,00;3.253.921,96;;;;
MG;3117009;COMERCINHO;4.558.726,76;0,00;0;0;0,00;4.558.726,76;;;;
MG;3117108;CONCEICAO DA APARECIDA;6.014.063,74;0,00;0;0;0,00;6.014.063,74;;;;
MG;3115201;CONCEICAO DA BARRA DE MINAS;1.565.419,04;0,00;0;0;0,00;1.565.419,04;;;;
MG;3117306;CONCEICAO DAS ALAGOAS;22.748.560,83;0,00;0;0;0,00;22.748.560,83;;;;
MG;3117207;CONCEICAO DAS PEDRAS;1.445.802,31;0,00;0;0;0,00;1.445.802,31;;;;
MG;3117405;CONCEICAO DE IPANEMA;3.400.698,05;0,00;0;0;0,00;3.400.698,05;;;;
MG;3117504;CONCEICAO DO MATO DENTRO;15.259.224,01;0,00;0;0;0,00;15.259.224,01;;;;
MG;3117603;CONCEICAO DO PARA;2.082.602,51;0,00;0;0;0,00;2.082.602,51;;;;
MG;3117702;CONCEICAO DO RIO VERDE;8.004.497,80;0,00;0;0;0,00;8.004.497,80;;;;
MG;3117801;CONCEICAO DOS OUROS;8.136.827,43;0,00;0;0;0,00;8.136.827,43;;;;
MG;3117836;CONEGO MARINHO;3.575.211,37;0,00;0;0;0,00;3.575.211,37;;;;
MG;3117876;CONFINS;6.162.862,32;0,00;0;0;0,00;6.162.862,32;;;;
MG;3117900;CONGONHAL;5.962.923,24;0,00;0;0;0,00;5.962.923,24;;;;
MG;3118007;CONGONHAS;48.883.951,10;0,00;0;0;0,00;48.883.951,10;;;;
MG;3118106;CONGONHAS DO NORTE;2.478.146,76;0,00;0;0;0,00;2.478.146,76;;;;
MG;3118205;CONQUISTA;3.919.615,11;0,00;0;0;0,00;3.919.615,11;;;;
MG;3118304;CONSELHEIRO LAFAIETE;72.490.054,13;0,00;0;0;0,00;72.490.054,13;;;;
MG;3118403;CONSELHEIRO PENA;11.265.065,13;0,00;0;0;0,00;11.265.065,13;;;;
MG;3118502;CONSOLACAO;1.060.370,60;0,00;0;0;0,00;1.060.370,60;;;;
MG;3118601;CONTAGEM;368.262.372,80;0,00;0;0;0,00;368.262.372,80;;;;
MG;3118700;COQUEIRAL;4.370.633,78;0,00;0;0;0,00;4.370.633,78;;;;
MG;3118809;CORACAO DE JESUS;9.868.091,87;0,00;0;0;0,00;9.868.091,87;;;;
MG;3118908;CORDISBURGO;2.545.467,29;0,00;0;0;0,00;2.545.467,29;;;;
MG;3119005;CORDISLANDIA;1.930.047,84;0,00;0;0;0,00;1.930.047,84;;;;
MG;3119104;CORINTO;14.839.987,56;0,00;0;0;0,00;14.839.987,56;;;;
MG;3119203;COROACI;6.124.723,66;0,00;0;0;0,00;6.124.723,66;;;;
MG;3119302;COROMANDEL;13.623.595,13;0,00;0;0;0,00;13.623.595,13;;;;
MG;3119401;CORONEL FABRICIANO;64.827.648,67;0,00;0;0;0,00;64.827.648,67;;;;
MG;3119500;CORONEL MURTA;7.468.533,91;0,00;0;0;0,00;7.468.533,91;;;;
MG;3119609;CORONEL PACHECO;2.508.773,26;0,00;0;0;0,00;2.508.773,26;;;;
MG;3119708;CORONEL XAVIER CHAVES;1.817.365,39;0,00;0;0;0,00;1.817.365,39;;;;
MG;3119807;CORREGO DANTA;1.489.141,69;0,00;0;0;0,00;1.489.141,69;;;;
MG;3119906;CORREGO DO BOM JESUS;2.193.551,36;0,00;0;0;0,00;2.193.551,36;;;;
MG;3119955;CORREGO FUNDO;3.996.470,32;0,00;0;0;0,00;3.996.470,32;;;;
MG;3120003;CORREGO NOVO;2.117.274,04;0,00;0;0;0,00;2.117.274,04;;;;
MG;3120102;COUTO DE MAGALHAES DE MINAS;3.123.903,77;0,00;0;0;0,00;3.123.903,77;;;;
MG;3120151;CRISOLITA;4.507.297,33;0,00;0;0;0,00;4.507.297,33;;;;
MG;3120201;CRISTAIS;9.035.397,59;0,00;0;0;0,00;9.035.397,59;;;;
MG;3120300;CRISTALIA;3.431.324,58;0,00;0;0;0,00;3.431.324,58;;;;
MG;3120409;CRISTIANO OTONI;3.849.694,20;0,00;0;0;0,00;3.849.694,20;;;;
MG;3120508;CRISTINA;6.458.725,94;0,00;0;0;0,00;6.458.725,94;;;;
MG;3120607;CRUCILANDIA;2.740.205,64;0,00;0;0;0,00;2.740.205,64;;;;
MG;3120706;CRUZEIRO DA FORTALEZA;6.035.155,57;0,00;0;0;0,00;6.035.155,57;;;;
MG;3120805;CRUZILIA;8.241.997,69;0,00;0;0;0,00;8.241.997,69;;;;
MG;3120839;CUPARAQUE;2.977.705,54;0,00;0;0;0,00;2.977.705,54;;;;
MG;3120870;CURRAL DE DENTRO;5.517.394,23;0,00;0;0;0,00;5.517.394,23;;;;
MG;3120904;CURVELO;41.539.656,80;0,00;0;0;0,00;41.539.656,80;;;;
MG;3121001;DATAS;4.940.691,31;0,00;0;0;0,00;4.940.691,31;;;;
MG;3121100;DELFIM MOREIRA;4.954.271,00;0,00;0;0;0,00;4.954.271,00;;;;
MG;3121209;DELFINOPOLIS;6.309.638,41;0,00;0;0;0,00;6.309.638,41;;;;
MG;3121258;DELTA;12.614.653,98;0,00;0;0;0,00;12.614.653,98;;;;
MG;3121308;DESCOBERTO;3.014.688,48;0,00;0;0;0,00;3.014.688,48;;;;
MG;3121407;DESTERRO DE ENTRE RIOS;3.656.689,43;0,00;0;0;0,00;3.656.689,43;;;;
MG;3121506;DESTERRO DO MELO;2.802.614,37;0,00;0;0;0,00;2.802.614,37;;;;
MG;3121605;DIAMANTINA;20.998.804,88;0,00;0;0;0,00;20.998.804,88;;;;
MG;3121704;DIOGO DE VASCONCELOS;2.472.079,25;0,00;0;0;0,00;2.472.079,25;;;;
MG;3121803;DIONISIO;2.123.630,48;0,00;0;0;0,00;2.123.630,48;;;;
MG;3121902;DIVINESIA;3.987.224,58;0,00;0;0;0,00;3.987.224,58;;;;
MG;3122009;DIVINO;9.189.396,91;0,00;0;0;0,00;9.189.396,91;;;;
MG;3122108;DIVINO DAS LARANJEIRAS;1.914.445,66;0,00;0;0;0,00;1.914.445,66;;;;
MG;3122207;DIVINOLANDIA DE MINAS;5.062.619,50;0,00;0;0;0,00;5.062.619,50;;;;
MG;3122306;DIVINOPOLIS;87.778.459,99;0,00;0;0;0,00;87.778.459,99;;;;
MG;3122355;DIVISA ALEGRE;6.142.059,42;0,00;0;0;0,00;6.142.059,42;;;;
MG;3122405;DIVISA NOVA;4.286.555,34;0,00;0;0;0,00;4.286.555,34;;;;
MG;3122454;DIVISOPOLIS;5.067.531,29;0,00;0;0;0,00;5.067.531,29;;;;
MG;3122470;DOM BOSCO;2.008.058,75;0,00;0;0;0,00;2.008.058,75;;;;
MG;3122504;DOM CAVATI;2.379.621,86;0,00;0;0;0,00;2.379.621,86;;;;
MG;3122603;DOM JOAQUIM;2.153.390,19;0,00;0;0;0,00;2.153.390,19;;;;
MG;3122702;DOM SILVERIO;2.509.062,19;0,00;0;0;0,00;2.509.062,19;;;;
MG;3122801;DOM VICOSO;1.349.010,97;0,00;0;0;0,00;1.349.010,97;;;;
MG;3122900;DONA EUZEBIA;3.490.844,00;0,00;0;0;0,00;3.490.844,00;;;;
MG;3123007;DORES DE CAMPOS;4.874.815,42;0,00;0;0;0,00;4.874.815,42;;;;
MG;3123106;DORES DE GUANHAES;3.248.432,31;0,00;0;0;0,00;3.248.432,31;;;;
MG;3123205;DORES DO INDAIA;8.451.760,37;0,00;0;0;0,00;8.451.760,37;;;;
MG;3123304;DORES DO TURVO;3.133.149,51;0,00;0;0;0,00;3.133.149,51;;;;
MG;3123403;DORESOPOLIS;1.385.127,14;0,00;0;0;0,00;1.385.127,14;;;;
MG;3123502;DOURADOQUARA;255.991,38;0,00;0;0;0,00;255.991,38;;;;
MG;3123528;DURANDE;4.090.661,26;0,00;0;0;0,00;4.090.661,26;;;;
MG;3123601;ELOI MENDES;16.392.404,79;0,00;0;0;0,00;16.392.404,79;;;;
MG;3123700;ENGENHEIRO CALDAS;7.506.383,66;0,00;0;0;0,00;7.506.383,66;;;;
MG;3123809;ENGENHEIRO NAVARRO;4.147.580,34;0,00;0;0;0,00;4.147.580,34;;;;
MG;3123858;ENTRE FOLHAS;3.442.881,74;0,00;0;0;0,00;3.442.881,74;;;;
MG;3123908;ENTRE RIOS DE MINAS;6.343.154,21;0,00;0;0;0,00;6.343.154,21;;;;
MG;3124005;ERVALIA;12.161.323,88;0,00;0;0;0,00;12.161.323,88;;;;
MG;3124104;ESMERALDAS;52.967.966,99;0,00;0;0;0,00;52.967.966,99;;;;
MG;3124203;ESPERA FELIZ;12.618.987,91;0,00;0;0;0,00;12.618.987,91;;;;
MG;3124302;ESPINOSA;14.472.180,55;0,00;0;0;0,00;14.472.180,55;;;;
MG;3124401;ESPIRITO SANTO DO DOURADO;5.063.486,27;0,00;0;0;0,00;5.063.486,27;;;;
MG;3124500;ESTIVA;4.673.720,63;0,00;0;0;0,00;4.673.720,63;;;;
MG;3124609;ESTRELA DALVA;1.525.546,79;0,00;0;0;0,00;1.525.546,79;;;;
MG;3124708;ESTRELA DO INDAIA;1.231.416,75;0,00;0;0;0,00;1.231.416,75;;;;
MG;3124807;ESTRELA DO SUL;3.761.859,70;0,00;0;0;0,00;3.761.859,70;;;;
MG;3124906;EUGENOPOLIS;5.282.205,77;0,00;0;0;0,00;5.282.205,77;;;;
MG;3125002;EWBANK DA CAMARA;3.382.206,59;0,00;0;0;0,00;3.382.206,59;;;;
MG;3125101;EXTREMA;62.402.664,89;0,00;0;0;0,00;62.402.664,89;;;;
MG;3125200;FAMA;1.511.100,33;0,00;0;0;0,00;1.511.100,33;;;;
MG;3125309;FARIA LEMOS;2.380.488,65;0,00;0;0;0,00;2.380.488,65;;;;
MG;3125408;FELICIO DOS SANTOS;3.832.358,47;0,00;0;0;0,00;3.832.358,47;;;;
MG;3125606;FELISBURGO;5.136.007,54;0,00;0;0;0,00;5.136.007,54;;;;
MG;3125705;FELIXLANDIA;9.241.115,27;0,00;0;0;0,00;9.241.115,27;;;;
MG;3125804;FERNANDES TOURINHO;1.481.629,53;0,00;0;0;0,00;1.481.629,53;;;;
MG;3125903;FERROS;3.410.232,72;0,00;0;0;0,00;3.410.232,72;;;;
MG;3125952;FERVEDOURO;7.402.369,09;0,00;0;0;0,00;7.402.369,09;;;;
MG;3126000;FLORESTAL;5.004.833,63;0,00;0;0;0,00;5.004.833,63;;;;
MG;3126109;FORMIGA;34.927.220,45;0,00;0;0;0,00;34.927.220,45;;;;
MG;3126208;FORMOSO;5.391.998,90;0,00;0;0;0,00;5.391.998,90;;;;
MG;3126307;FORTALEZA DE MINAS;1.858.393,36;0,00;0;0;0,00;1.858.393,36;;;;
MG;3126406;FORTUNA DE MINAS;3.280.503,46;0,00;0;0;0,00;3.280.503,46;;;;
MG;3126505;FRANCISCO BADARO;2.359.974,66;0,00;0;0;0,00;2.359.974,66;;;;
MG;3126604;FRANCISCO DUMONT;3.300.150,67;0,00;0;0;0,00;3.300.150,67;;;;
MG;3126703;FRANCISCO SA;12.510.350,48;0,00;0;0;0,00;12.510.350,48;;;;
MG;3126752;FRANCISCOPOLIS;2.558.758,03;0,00;0;0;0,00;2.558.758,03;;;;
MG;3126802;FREI GASPAR;5.066.086,64;0,00;0;0;0,00;5.066.086,64;;;;
MG;3126901;FREI INOCENCIO;5.485.323,08;0,00;0;0;0,00;5.485.323,08;;;;
MG;3126950;FREI LAGONEGRO;2.383.089,00;0,00;0;0;0,00;2.383.089,00;;;;
MG;3127008;FRONTEIRA;9.541.023,89;0,00;0;0;0,00;9.541.023,89;;;;
MG;3127057;FRONTEIRA DOS VALES;2.307.967,39;0,00;0;0;0,00;2.307.967,39;;;;
MG;3127073;FRUTA DE LEITE;2.751.473,87;0,00;0;0;0,00;2.751.473,87;;;;
MG;3127107;FRUTAL;37.696.319,04;0,00;0;0;0,00;37.696.319,04;;;;
MG;3127206;FUNILANDIA;2.992.152,00;0,00;0;0;0,00;2.992.152,00;;;;
MG;3127305;GALILEIA;4.307.358,26;0,00;0;0;0,00;4.307.358,26;;;;
MG;3127339;GAMELEIRAS;3.736.144,99;0,00;0;0;0,00;3.736.144,99;;;;
MG;3127354;GLAUCILANDIA;1.592.578,40;0,00;0;0;0,00;1.592.578,40;;;;
MG;3127370;GOIABEIRA;2.650.637,56;0,00;0;0;0,00;2.650.637,56;;;;
MG;3127388;GOIANA;2.138.076,94;0,00;0;0;0,00;2.138.076,94;;;;
MG;3127404;GONCALVES;2.395.224,04;0,00;0;0;0,00;2.395.224,04;;;;
MG;3127503;GONZAGA;3.078.252,95;0,00;0;0;0,00;3.078.252,95;;;;
MG;3127602;GOUVEIA;7.307.889,21;0,00;0;0;0,00;7.307.889,21;;;;
MG;3127701;GOVERNADOR VALADARES;135.684.096,44;0,00;0;0;0,00;135.684.096,44;;;;
MG;3127800;GRAO MOGOL;9.871.270,10;0,00;0;0;0,00;9.871.270,10;;;;
MG;3127909;GRUPIARA;308.576,50;0,00;0;0;0,00;308.576,50;;;;
MG;3128006;GUANHAES;15.637.721,41;0,00;0;0;0,00;15.637.721,41;;;;
MG;3128105;GUAPE;8.259.044,53;0,00;0;0;0,00;8.259.044,53;;;;
MG;3128204;GUARACIABA;2.602.675,30;0,00;0;0;0,00;2.602.675,30;;;;
MG;3128253;GUARACIAMA;3.169.554,59;0,00;0;0;0,00;3.169.554,59;;;;
MG;3128303;GUARANESIA;10.410.701,13;0,00;0;0;0,00;10.410.701,13;;;;
MG;3128402;GUARANI;5.310.520,83;0,00;0;0;0,00;5.310.520,83;;;;
MG;3128501;GUARARA;3.679.225,91;0,00;0;0;0,00;3.679.225,91;;;;
MG;3128600;GUARDA-MOR;4.804.894,54;0,00;0;0;0,00;4.804.894,54;;;;
MG;3128709;GUAXUPE;27.350.626,97;0,00;0;0;0,00;27.350.626,97;;;;
MG;3128808;GUIDOVAL;3.426.123,83;0,00;0;0;0,00;3.426.123,83;;;;
MG;3128907;GUIMARANIA;5.783.209,21;0,00;0;0;0,00;5.783.209,21;;;;
MG;3129004;GUIRICEMA;2.669.706,88;0,00;0;0;0,00;2.669.706,88;;;;
MG;3129103;GURINHATA;2.809.548,67;0,00;0;0;0,00;2.809.548,67;;;;
MG;3129202;HELIODORA;3.638.775,81;0,00;0;0;0,00;3.638.775,81;;;;
MG;3129301;IAPU;5.677.750,01;0,00;0;0;0,00;5.677.750,01;;;;
MG;3129400;IBERTIOGA;2.905.473,22;0,00;0;0;0,00;2.905.473,22;;;;
MG;3129509;IBIA;13.265.033,86;0,00;0;0;0,00;13.265.033,86;;;;
MG;3129608;IBIAI;4.607.844,74;0,00;0;0;0,00;4.607.844,74;;;;
MG;3129657;IBIRACATU;3.971.622,40;0,00;0;0;0,00;3.971.622,40;;;;
MG;3129707;IBIRACI;6.159.395,18;0,00;0;0;0,00;6.159.395,18;;;;
MG;3129806;IBIRITE;109.800.652,53;0,00;0;0;0,00;109.800.652,53;;;;
MG;3129905;IBITIURA DE MINAS;1.841.635,46;0,00;0;0;0,00;1.841.635,46;;;;
MG;3130002;IBITURUNA;1.749.755,95;0,00;0;0;0,00;1.749.755,95;;;;
MG;3130051;ICARAI DE MINAS;5.074.754,52;0,00;0;0;0,00;5.074.754,52;;;;
MG;3130101;IGARAPE;31.987.942,52;0,00;0;0;0,00;31.987.942,52;;;;
MG;3130200;IGARATINGA;6.508.421,78;0,00;0;0;0,00;6.508.421,78;;;;
MG;3130309;IGUATAMA;2.902.294,99;0,00;0;0;0,00;2.902.294,99;;;;
MG;3130408;IJACI;4.085.460,54;0,00;0;0;0,00;4.085.460,54;;;;
MG;3130507;ILICINEA;8.831.991,36;0,00;0;0;0,00;8.831.991,36;;;;
MG;3130556;IMBE DE MINAS;4.077.081,59;0,00;0;0;0,00;4.077.081,59;;;;
MG;3130606;INCONFIDENTES;3.736.433,92;0,00;0;0;0,00;3.736.433,92;;;;
MG;3130655;INDAIABIRA;4.785.247,33;0,00;0;0;0,00;4.785.247,33;;;;
MG;3130705;INDIANOPOLIS;7.658.649,40;0,00;0;0;0,00;7.658.649,40;;;;
MG;3130804;INGAI;1.507.633,17;0,00;0;0;0,00;1.507.633,17;;;;
MG;3130903;INHAPIM;12.163.346,39;0,00;0;0;0,00;12.163.346,39;;;;
MG;3131000;INHAUMA;3.779.195,46;0,00;0;0;0,00;3.779.195,46;;;;
MG;3131109;INIMUTABA;3.793.641,92;0,00;0;0;0,00;3.793.641,92;;;;
MG;3131158;IPABA;10.078.432,43;0,00;0;0;0,00;10.078.432,43;;;;
MG;3131208;IPANEMA;14.282.642,91;0,00;0;0;0,00;14.282.642,91;;;;
MG;3131307;IPATINGA;152.533.876,33;0,00;0;0;0,00;152.533.876,33;;;;
MG;3131406;IPIACU;3.353.313,65;0,00;0;0;0,00;3.353.313,65;;;;
MG;3131505;IPUIUNA;5.157.099,37;0,00;0;0;0,00;5.157.099,37;;;;
MG;3131604;IRAI DE MINAS;5.306.475,84;0,00;0;0;0,00;5.306.475,84;;;;
MG;3131703;ITABIRA;61.136.576,64;0,00;0;0;0,00;61.136.576,64;;;;
MG;3131802;ITABIRINHA;5.474.632,69;0,00;0;0;0,00;5.474.632,69;;;;
MG;3131901;ITABIRITO;46.513.863,91;0,00;0;0;0,00;46.513.863,91;;;;
MG;3132008;ITACAMBIRA;2.008.925,54;0,00;0;0;0,00;2.008.925,54;;;;
MG;3132107;ITACARAMBI;18.336.610,17;0,00;0;0;0,00;18.336.610,17;;;;
MG;3132206;ITAGUARA;6.790.994,67;0,00;0;0;0,00;6.790.994,67;;;;
MG;3132305;ITAIPE;8.977.033,87;0,00;0;0;0,00;8.977.033,87;;;;
MG;3132404;ITAJUBA;48.063.680,77;0,00;0;0;0,00;48.063.680,77;;;;
MG;3132503;ITAMARANDIBA;22.533.597,42;0,00;0;0;0,00;22.533.597,42;;;;
MG;3132602;ITAMARATI DE MINAS;3.908.635,79;0,00;0;0;0,00;3.908.635,79;;;;
MG;3132701;ITAMBACURI;12.660.882,66;0,00;0;0;0,00;12.660.882,66;;;;
MG;3132800;ITAMBE DO MATO DENTRO;740.236,92;0,00;0;0;0,00;740.236,92;;;;
MG;3132909;ITAMOGI;6.520.556,83;0,00;0;0;0,00;6.520.556,83;;;;
MG;3133006;ITAMONTE;6.650.286,09;0,00;0;0;0,00;6.650.286,09;;;;
MG;3133105;ITANHANDU;7.098.126,52;0,00;0;0;0,00;7.098.126,52;;;;
MG;3133204;ITANHOMI;6.907.433,19;0,00;0;0;0,00;6.907.433,19;;;;
MG;3133303;ITAOBIM;12.044.596,43;0,00;0;0;0,00;12.044.596,43;;;;
MG;3133402;ITAPAGIPE;7.586.417,08;0,00;0;0;0,00;7.586.417,08;;;;
MG;3133501;ITAPECERICA;5.083.133,47;0,00;0;0;0,00;5.083.133,47;;;;
MG;3133600;ITAPEVA;12.238.756,92;0,00;0;0;0,00;12.238.756,92;;;;
MG;3133709;ITATIAIUCU;11.385.837,58;0,00;0;0;0,00;11.385.837,58;;;;
MG;3133758;ITAU DE MINAS;11.030.743,46;0,00;0;0;0,00;11.030.743,46;;;;
MG;3133808;ITAUNA;41.136.600,40;0,00;0;0;0,00;41.136.600,40;;;;
MG;3133907;ITAVERAVA;1.698.615,46;0,00;0;0;0,00;1.698.615,46;;;;
MG;3134004;ITINGA;7.295.465,24;0,00;0;0;0,00;7.295.465,24;;;;
MG;3134103;ITUETA;4.277.887,46;0,00;0;0;0,00;4.277.887,46;;;;
MG;3134202;ITUIUTABA;57.334.844,67;0,00;0;0;0,00;57.334.844,67;;;;
MG;3134301;ITUMIRIM;2.123.052,62;0,00;0;0;0,00;2.123.052,62;;;;
MG;3134400;ITURAMA;25.279.581,64;0,00;0;0;0,00;25.279.581,64;;;;
MG;3134509;ITUTINGA;2.451.854,18;0,00;0;0;0,00;2.451.854,18;;;;
MG;3134608;JABOTICATUBAS;9.692.133,93;0,00;0;0;0,00;9.692.133,93;;;;
MG;3134707;JACINTO;6.408.163,31;0,00;0;0;0,00;6.408.163,31;;;;
MG;3134806;JACUI;3.776.884,02;0,00;0;0;0,00;3.776.884,02;;;;
MG;3134905;JACUTINGA;23.433.034,37;0,00;0;0;0,00;23.433.034,37;;;;
MG;3135001;JAGUARACU;2.716.802,37;0,00;0;0;0,00;2.716.802,37;;;;
MG;3135050;JAIBA;18.854.371,50;0,00;0;0;0,00;18.854.371,50;;;;
MG;3135076;JAMPRUCA;2.515.418,63;0,00;0;0;0,00;2.515.418,63;;;;
MG;3135100;JANAUBA;36.550.714,28;0,00;0;0;0,00;36.550.714,28;;;;
MG;3135209;JANUARIA;31.793.782,00;0,00;0;0;0,00;31.793.782,00;;;;
MG;3135308;JAPARAIBA;4.057.434,39;0,00;0;0;0,00;4.057.434,39;;;;
MG;3135357;JAPONVAR;5.992.105,10;0,00;0;0;0,00;5.992.105,10;;;;
MG;3135407;JECEABA;6.007.707,28;0,00;0;0;0,00;6.007.707,28;;;;
MG;3135456;JENIPAPO DE MINAS;2.533.332,25;0,00;0;0;0,00;2.533.332,25;;;;
MG;3135506;JEQUERI;6.554.650,49;0,00;0;0;0,00;6.554.650,49;;;;
MG;3135605;JEQUITAI;4.571.439,64;0,00;0;0;0,00;4.571.439,64;;;;
MG;3135704;JEQUITIBA;3.862.696,04;0,00;0;0;0,00;3.862.696,04;;;;
MG;3135803;JEQUITINHONHA;11.839.456,61;0,00;0;0;0,00;11.839.456,61;;;;
MG;3135902;JESUANIA;2.748.006,73;0,00;0;0;0,00;2.748.006,73;;;;
MG;3136009;JOAIMA;11.380.925,79;0,00;0;0;0,00;11.380.925,79;;;;
MG;3136108;JOANESIA;1.419.509,74;0,00;0;0;0,00;1.419.509,74;;;;
MG;3136207;JOAO MONLEVADE;41.420.328,98;0,00;0;0;0,00;41.420.328,98;;;;
MG;3136306;JOAO PINHEIRO;18.140.427,16;0,00;0;0;0,00;18.140.427,16;;;;
MG;3136405;JOAQUIM FELICIO;3.971.044,54;0,00;0;0;0,00;3.971.044,54;;;;
MG;3136504;JORDANIA;3.182.556,43;0,00;0;0;0,00;3.182.556,43;;;;
MG;3136520;JOSE GONCALVES DE MINAS;2.558.180,17;0,00;0;0;0,00;2.558.180,17;;;;
MG;3136553;JOSE RAYDAN;2.962.103,36;0,00;0;0;0,00;2.962.103,36;;;;
MG;3136579;JOSENOPOLIS;2.420.938,75;0,00;0;0;0,00;2.420.938,75;;;;
MG;3136652;JUATUBA;33.519.845,75;0,00;0;0;0,00;33.519.845,75;;;;
MG;3136702;JUIZ DE FORA;245.471.458,20;0,00;0;0;0,00;245.471.458,20;;;;
MG;3136801;JURAMENTO;2.498.949,66;0,00;0;0;0,00;2.498.949,66;;;;
MG;3136900;JURUAIA;7.469.400,70;0,00;0;0;0,00;7.469.400,70;;;;
MG;3136959;JUVENILIA;3.816.178,43;0,00;0;0;0,00;3.816.178,43;;;;
MG;3137007;LADAINHA;6.923.902,16;0,00;0;0;0,00;6.923.902,16;;;;
MG;3137106;LAGAMAR;2.743.094,92;0,00;0;0;0,00;2.743.094,92;;;;
MG;3137205;LAGOA DA PRATA;17.544.943,82;0,00;0;0;0,00;17.544.943,82;;;;
MG;3137304;LAGOA DOS PATOS;2.475.546,38;0,00;0;0;0,00;2.475.546,38;;;;
MG;3137403;LAGOA DOURADA;12.782.810,83;0,00;0;0;0,00;12.782.810,83;;;;
MG;3137502;LAGOA FORMOSA;11.152.093,77;0,00;0;0;0,00;11.152.093,77;;;;
MG;3137536;LAGOA GRANDE;6.310.794,13;0,00;0;0;0,00;6.310.794,13;;;;
MG;3137601;LAGOA SANTA;55.162.385,14;0,00;0;0;0,00;55.162.385,14;;;;
MG;3137700;LAJINHA;12.939.121,59;0,00;0;0;0,00;12.939.121,59;;;;
MG;3137809;LAMBARI;10.256.123,95;0,00;0;0;0,00;10.256.123,95;;;;
MG;3137908;LAMIM;959.245,33;0,00;0;0;0,00;959.245,33;;;;
MG;3138005;LARANJAL;4.747.686,53;0,00;0;0;0,00;4.747.686,53;;;;
MG;3138104;LASSANCE;3.025.378,88;0,00;0;0;0,00;3.025.378,88;;;;
MG;3138203;LAVRAS;63.293.433,99;0,00;0;0;0,00;63.293.433,99;;;;
MG;3138302;LEANDRO FERREIRA;1.384.549,28;0,00;0;0;0,00;1.384.549,28;;;;
MG;3138351;LEME DO PRADO;3.448.949,25;0,00;0;0;0,00;3.448.949,25;;;;
MG;3138401;LEOPOLDINA;29.786.012,19;0,00;0;0;0,00;29.786.012,19;;;;
MG;3138500;LIBERDADE;2.107.450,44;0,00;0;0;0,00;2.107.450,44;;;;
MG;3138609;LIMA DUARTE;8.960.564,90;0,00;0;0;0,00;8.960.564,90;;;;
MG;3138625;LIMEIRA DO OESTE;5.829.148,96;0,00;0;0;0,00;5.829.148,96;;;;
MG;3138658;LONTRA;8.402.931,31;0,00;0;0;0,00;8.402.931,31;;;;
MG;3138674;LUISBURGO;5.114.915,69;0,00;0;0;0,00;5.114.915,69;;;;
MG;3138682;LUISLANDIA;3.322.109,29;0,00;0;0;0,00;3.322.109,29;;;;
MG;3138708;LUMINARIAS;3.353.313,65;0,00;0;0;0,00;3.353.313,65;;;;
MG;3138807;LUZ;9.253.828,15;0,00;0;0;0,00;9.253.828,15;;;;
MG;3138906;MACHACALIS;4.112.042,02;0,00;0;0;0,00;4.112.042,02;;;;
MG;3139003;MACHADO;19.692.844,36;0,00;0;0;0,00;19.692.844,36;;;;
MG;3139102;MADRE DE DEUS DE MINAS;2.420.649,82;0,00;0;0;0,00;2.420.649,82;;;;
MG;3139201;MALACACHETA;7.684.941,97;0,00;0;0;0,00;7.684.941,97;;;;
MG;3139250;MAMONAS;3.481.598,26;0,00;0;0;0,00;3.481.598,26;;;;
MG;3139300;MANGA;13.340.733,34;0,00;0;0;0,00;13.340.733,34;;;;
MG;3139409;MANHUACU;44.297.198,18;0,00;0;0;0,00;44.297.198,18;;;;
MG;3139508;MANHUMIRIM;14.624.735,22;0,00;0;0;0,00;14.624.735,22;;;;
MG;3139607;MANTENA;16.427.365,24;0,00;0;0;0,00;16.427.365,24;;;;
MG;3139805;MAR DE ESPANHA;5.379.286,02;0,00;0;0;0,00;5.379.286,02;;;;
MG;3139706;MARAVILHAS;5.768.184,89;0,00;0;0;0,00;5.768.184,89;;;;
MG;3139904;MARIA DA FE;13.253.476,70;0,00;0;0;0,00;13.253.476,70;;;;
MG;3140001;MARIANA;46.693.289,01;0,00;0;0;0,00;46.693.289,01;;;;
MG;3140100;MARILAC;4.623.446,92;0,00;0;0;0,00;4.623.446,92;;;;
MG;3140159;MARIO CAMPOS;9.299.190,06;0,00;0;0;0,00;9.299.190,06;;;;
MG;3140209;MARIPA DE MINAS;3.609.305,03;0,00;0;0;0,00;3.609.305,03;;;;
MG;3140308;MARLIERIA;2.784.700,75;0,00;0;0;0,00;2.784.700,75;;;;
MG;3140407;MARMELOPOLIS;1.660.187,87;0,00;0;0;0,00;1.660.187,87;;;;
MG;3140506;MARTINHO CAMPOS;9.208.755,19;0,00;0;0;0,00;9.208.755,19;;;;
MG;3140530;MARTINS SOARES;5.664.170,32;0,00;0;0;0,00;5.664.170,32;;;;
MG;3140555;MATA VERDE;5.607.540,18;0,00;0;0;0,00;5.607.540,18;;;;
MG;3140605;MATERLANDIA;3.153.374,55;0,00;0;0;0,00;3.153.374,55;;;;
MG;3140704;MATEUS LEME;23.333.931,62;0,00;0;0;0,00;23.333.931,62;;;;
MG;3171501;MATHIAS LOBATO;2.603.253,16;0,00;0;0;0,00;2.603.253,16;;;;
MG;3140803;MATIAS BARBOSA;7.424.905,57;0,00;0;0;0,00;7.424.905,57;;;;
MG;3140852;MATIAS CARDOSO;9.762.054,82;0,00;0;0;0,00;9.762.054,82;;;;
MG;3140902;MATIPO;7.287.664,15;0,00;0;0;0,00;7.287.664,15;;;;
MG;3141009;MATO VERDE;5.830.304,68;0,00;0;0;0,00;5.830.304,68;;;;
MG;3141108;MATOZINHOS;20.161.487,72;0,00;0;0;0,00;20.161.487,72;;;;
MG;3141207;MATUTINA;2.650.059,70;0,00;0;0;0,00;2.650.059,70;;;;
MG;3141306;MEDEIROS;4.330.761,53;0,00;0;0;0,00;4.330.761,53;;;;
MG;3141405;MEDINA;10.212.495,62;0,00;0;0;0,00;10.212.495,62;;;;
MG;3141504;MENDES PIMENTEL;2.921.942,19;0,00;0;0;0,00;2.921.942,19;;;;
MG;3141603;MERCES;5.696.530,40;0,00;0;0;0,00;5.696.530,40;;;;
MG;3141702;MESQUITA;3.147.307,04;0,00;0;0;0,00;3.147.307,04;;;;
MG;3141801;MINAS NOVAS;11.517.878,28;0,00;0;0;0,00;11.517.878,28;;;;
MG;3141900;MINDURI;2.348.995,36;0,00;0;0;0,00;2.348.995,36;;;;
MG;3142007;MIRABELA;7.610.398,21;0,00;0;0;0,00;7.610.398,21;;;;
MG;3142106;MIRADOURO;5.573.157,58;0,00;0;0;0,00;5.573.157,58;;;;
MG;3142205;MIRAI;5.823.659,31;0,00;0;0;0,00;5.823.659,31;;;;
MG;3142254;MIRAVANIA;3.444.326,39;0,00;0;0;0,00;3.444.326,39;;;;
MG;3142304;MOEDA;2.888.715,32;0,00;0;0;0,00;2.888.715,32;;;;
MG;3142403;MOEMA;4.974.784,97;0,00;0;0;0,00;4.974.784,97;;;;
MG;3142502;MONJOLOS;1.192.700,23;0,00;0;0;0,00;1.192.700,23;;;;
MG;3142601;MONSENHOR PAULO;6.289.991,23;0,00;0;0;0,00;6.289.991,23;;;;
MG;3142700;MONTALVANIA;5.664.170,32;0,00;0;0;0,00;5.664.170,32;;;;
MG;3142809;MONTE ALEGRE DE MINAS;13.757.947,27;0,00;0;0;0,00;13.757.947,27;;;;
MG;3142908;MONTE AZUL;6.462.482,03;0,00;0;0;0,00;6.462.482,03;;;;
MG;3143005;MONTE BELO;7.186.249,98;0,00;0;0;0,00;7.186.249,98;;;;
MG;3143104;MONTE CARMELO;20.181.134,92;0,00;0;0;0,00;20.181.134,92;;;;
MG;3143153;MONTE FORMOSO;2.648.037,19;0,00;0;0;0,00;2.648.037,19;;;;
MG;3143203;MONTE SANTO DE MINAS;12.727.336,41;0,00;0;0;0,00;12.727.336,41;;;;
MG;3143401;MONTE SIAO;21.316.916,06;0,00;0;0;0,00;21.316.916,06;;;;
MG;3143302;MONTES CLAROS;201.672.663,09;0,00;0;0;0,00;201.672.663,09;;;;
MG;3143450;MONTEZUMA;4.353.298,01;0,00;0;0;0,00;4.353.298,01;;;;
MG;3143500;MORADA NOVA DE MINAS;9.072.380,56;0,00;0;0;0,00;9.072.380,56;;;;
MG;3143609;MORRO DA GARCA;2.520.041,51;0,00;0;0;0,00;2.520.041,51;;;;
MG;3143708;MORRO DO PILAR;615.130,52;0,00;0;0;0,00;615.130,52;;;;
MG;3143807;MUNHOZ;4.933.179,15;0,00;0;0;0,00;4.933.179,15;;;;
MG;3143906;MURIAE;65.624.226,77;0,00;0;0;0,00;65.624.226,77;;;;
MG;3144003;MUTUM;10.530.317,88;0,00;0;0;0,00;10.530.317,88;;;;
MG;3144102;MUZAMBINHO;10.972.957,60;0,00;0;0;0,00;10.972.957,60;;;;
MG;3144201;NACIP RAYDAN;1.397.551,12;0,00;0;0;0,00;1.397.551,12;;;;
MG;3144300;NANUQUE;13.065.961,55;0,00;0;0;0,00;13.065.961,55;;;;
MG;3144359;NAQUE;5.296.652,23;0,00;0;0;0,00;5.296.652,23;;;;
MG;3144375;NATALANDIA;2.313.168,11;0,00;0;0;0,00;2.313.168,11;;;;
MG;3144409;NATERCIA;2.974.238,38;0,00;0;0;0,00;2.974.238,38;;;;
MG;3144508;NAZARENO;4.895.618,34;0,00;0;0;0,00;4.895.618,34;;;;
MG;3144607;NEPOMUCENO;12.885.091,82;0,00;0;0;0,00;12.885.091,82;;;;
MG;3144656;NINHEIRA;5.889.246,27;0,00;0;0;0,00;5.889.246,27;;;;
MG;3144672;NOVA BELEM;3.337.422,54;0,00;0;0;0,00;3.337.422,54;;;;
MG;3144706;NOVA ERA;9.996.954,36;0,00;0;0;0,00;9.996.954,36;;;;
MG;3144805;NOVA LIMA;58.717.949,33;0,00;0;0;0,00;58.717.949,33;;;;
MG;3144904;NOVA MODICA;2.347.550,71;0,00;0;0;0,00;2.347.550,71;;;;
MG;3145000;NOVA PONTE;14.898.062,36;0,00;0;0;0,00;14.898.062,36;;;;
MG;3145059;NOVA PORTEIRINHA;4.945.603,12;0,00;0;0;0,00;4.945.603,12;;;;
MG;3145109;NOVA RESENDE;10.935.974,63;0,00;0;0;0,00;10.935.974,63;;;;
MG;3145208;NOVA SERRANA;106.935.629,42;0,00;0;0;0,00;106.935.629,42;;;;
MG;3136603;NOVA UNIAO;3.207.693,28;0,00;0;0;0,00;3.207.693,28;;;;
MG;3145307;NOVO CRUZEIRO;14.854.434,02;0,00;0;0;0,00;14.854.434,02;;;;
MG;3145356;NOVO ORIENTE DE MINAS;6.329.574,54;0,00;0;0;0,00;6.329.574,54;;;;
MG;3145372;NOVORIZONTE;4.067.257,99;0,00;0;0;0,00;4.067.257,99;;;;
MG;3145406;OLARIA;2.060.066,03;0,00;0;0;0,00;2.060.066,03;;;;
MG;3145455;OLHOS-DAGUA;4.045.010,44;0,00;0;0;0,00;4.045.010,44;;;;
MG;3145505;OLIMPIO NORONHA;2.336.860,31;0,00;0;0;0,00;2.336.860,31;;;;
MG;3145604;OLIVEIRA;19.709.024,41;0,00;0;0;0,00;19.709.024,41;;;;
MG;3145703;OLIVEIRA FORTES;1.482.785,25;0,00;0;0;0,00;1.482.785,25;;;;
MG;3145802;ONCA DE PITANGUI;1.314.339,47;0,00;0;0;0,00;1.314.339,47;;;;
MG;3145851;ORATORIOS;5.289.140,07;0,00;0;0;0,00;5.289.140,07;;;;
MG;3145877;ORIZANIA;8.852.216,40;0,00;0;0;0,00;8.852.216,40;;;;
MG;3145901;OURO BRANCO;35.113.290,94;0,00;0;0;0,00;35.113.290,94;;;;
MG;3146008;OURO FINO;11.409.240,87;0,00;0;0;0,00;11.409.240,87;;;;
MG;3146107;OURO PRETO;42.873.932,38;0,00;0;0;0,00;42.873.932,38;;;;
MG;3146206;OURO VERDE DE MINAS;4.461.068,65;0,00;0;0;0,00;4.461.068,65;;;;
MG;3146255;PADRE CARVALHO;2.733.271,34;0,00;0;0;0,00;2.733.271,34;;;;
MG;3146305;PADRE PARAISO;14.112.752,48;0,00;0;0;0,00;14.112.752,48;;;;
MG;3146552;PAI PEDRO;5.161.144,40;0,00;0;0;0,00;5.161.144,40;;;;
MG;3146404;PAINEIRAS;2.210.309,26;0,00;0;0;0,00;2.210.309,26;;;;
MG;3146503;PAINS;4.302.157,52;0,00;0;0;0,00;4.302.157,52;;;;
MG;3146602;PAIVA;1.126.824,35;0,00;0;0;0,00;1.126.824,35;;;;
MG;3146701;PALMA;2.829.773,73;0,00;0;0;0,00;2.829.773,73;;;;
MG;3146750;PALMOPOLIS;3.080.275,44;0,00;0;0;0,00;3.080.275,44;;;;
MG;3146909;PAPAGAIOS;8.304.984,28;0,00;0;0;0,00;8.304.984,28;;;;
MG;3147105;PARA DE MINAS;54.440.061,85;0,00;0;0;0,00;54.440.061,85;;;;
MG;3147006;PARACATU;56.574.960,58;0,00;0;0;0,00;56.574.960,58;;;;
MG;3147204;PARAGUACU;12.666.661,24;0,00;0;0;0,00;12.666.661,24;;;;
MG;3147303;PARAISOPOLIS;10.950.421,09;0,00;0;0;0,00;10.950.421,09;;;;
MG;3147402;PARAOPEBA;15.210.972,81;0,00;0;0;0,00;15.210.972,81;;;;
MG;3147600;PASSA QUATRO;4.321.515,79;0,00;0;0;0,00;4.321.515,79;;;;
MG;3147709;PASSA TEMPO;4.773.112,32;0,00;0;0;0,00;4.773.112,32;;;;
MG;3147808;PASSA VINTE;2.021.927,35;0,00;0;0;0,00;2.021.927,35;;;;
MG;3147501;PASSABEM;1.162.651,57;0,00;0;0;0,00;1.162.651,57;;;;
MG;3147907;PASSOS;55.868.528,40;0,00;0;0;0,00;55.868.528,40;;;;
MG;3147956;PATIS;4.161.448,94;0,00;0;0;0,00;4.161.448,94;;;;
MG;3148004;PATOS DE MINAS;55.971.676,18;0,00;0;0;0,00;55.971.676,18;;;;
MG;3148103;PATROCINIO;50.369.625,65;0,00;0;0;0,00;50.369.625,65;;;;
MG;3148202;PATROCINIO DO MURIAE;2.866.178,81;0,00;0;0;0,00;2.866.178,81;;;;
MG;3148301;PAULA CANDIDO;3.984.335,28;0,00;0;0;0,00;3.984.335,28;;;;
MG;3148400;PAULISTAS;3.659.289,80;0,00;0;0;0,00;3.659.289,80;;;;
MG;3148509;PAVAO;2.758.697,13;0,00;0;0;0,00;2.758.697,13;;;;
MG;3148608;PECANHA;6.490.797,09;0,00;0;0;0,00;6.490.797,09;;;;
MG;3148707;PEDRA AZUL;15.076.909,60;0,00;0;0;0,00;15.076.909,60;;;;
MG;3148756;PEDRA BONITA;6.306.460,20;0,00;0;0;0,00;6.306.460,20;;;;
MG;3148806;PEDRA DO ANTA;1.765.935,99;0,00;0;0;0,00;1.765.935,99;;;;
MG;3148905;PEDRA DO INDAIA;3.441.726,02;0,00;0;0;0,00;3.441.726,02;;;;
MG;3149002;PEDRA DOURADA;3.058.605,75;0,00;0;0;0,00;3.058.605,75;;;;
MG;3149101;PEDRALVA;4.515.387,36;0,00;0;0;0,00;4.515.387,36;;;;
MG;3149150;PEDRAS DE MARIA DA CRUZ;6.827.688,68;0,00;0;0;0,00;6.827.688,68;;;;
MG;3149200;PEDRINOPOLIS;2.166.392,02;0,00;0;0;0,00;2.166.392,02;;;;
MG;3149309;PEDRO LEOPOLDO;39.616.254,33;0,00;0;0;0,00;39.616.254,33;;;;
MG;3149408;PEDRO TEIXEIRA;1.550.972,58;0,00;0;0;0,00;1.550.972,58;;;;
MG;3149507;PEQUERI;4.240.326,66;0,00;0;0;0,00;4.240.326,66;;;;
MG;3149606;PEQUI;3.024.512,08;0,00;0;0;0,00;3.024.512,08;;;;
MG;3149705;PERDIGAO;9.842.088,25;0,00;0;0;0,00;9.842.088,25;;;;
MG;3149804;PERDIZES;13.831.046,39;0,00;0;0;0,00;13.831.046,39;;;;
MG;3149903;PERDOES;11.057.036,01;0,00;0;0;0,00;11.057.036,01;;;;
MG;3149952;PERIQUITO;10.107.325,35;0,00;0;0;0,00;10.107.325,35;;;;
MG;3150000;PESCADOR;2.064.688,89;0,00;0;0;0,00;2.064.688,89;;;;
MG;3150109;PIAU;1.489.141,69;0,00;0;0;0,00;1.489.141,69;;;;
MG;3150158;PIEDADE DE CARATINGA;6.468.549,54;0,00;0;0;0,00;6.468.549,54;;;;
MG;3150208;PIEDADE DE PONTE NOVA;3.277.036,30;0,00;0;0;0,00;3.277.036,30;;;;
MG;3150307;PIEDADE DO RIO GRANDE;2.327.036,71;0,00;0;0;0,00;2.327.036,71;;;;
MG;3150406;PIEDADE DOS GERAIS;2.483.347,47;0,00;0;0;0,00;2.483.347,47;;;;
MG;3150505;PIMENTA;3.902.857,21;0,00;0;0;0,00;3.902.857,21;;;;
MG;3150539;PINGO DAGUA;3.579.256,36;0,00;0;0;0,00;3.579.256,36;;;;
MG;3150570;PINTOPOLIS;4.758.376,93;0,00;0;0;0,00;4.758.376,93;;;;
MG;3150604;PIRACEMA;3.775.728,32;0,00;0;0;0,00;3.775.728,32;;;;
MG;3150703;PIRAJUBA;4.981.719,27;0,00;0;0;0,00;4.981.719,27;;;;
MG;3150802;PIRANGA;6.628.327,46;0,00;0;0;0,00;6.628.327,46;;;;
MG;3150901;PIRANGUCU;3.416.011,30;0,00;0;0;0,00;3.416.011,30;;;;
MG;3151008;PIRANGUINHO;5.646.834,56;0,00;0;0;0,00;5.646.834,56;;;;
MG;3151107;PIRAPETINGA;8.154.163,19;0,00;0;0;0,00;8.154.163,19;;;;
MG;3151206;PIRAPORA;30.165.954,24;0,00;0;0;0,00;30.165.954,24;;;;
MG;3151305;PIRAUBA;6.931.414,32;0,00;0;0;0,00;6.931.414,32;;;;
MG;3151404;PITANGUI;12.824.127,72;0,00;0;0;0,00;12.824.127,72;;;;
MG;3151503;PIUMHI;19.284.009,38;0,00;0;0;0,00;19.284.009,38;;;;
MG;3151602;PLANURA;7.784.911,52;0,00;0;0;0,00;7.784.911,52;;;;
MG;3151701;POCO FUNDO;5.263.136,43;0,00;0;0;0,00;5.263.136,43;;;;
MG;3151800;POCOS DE CALDAS;124.998.623,51;0,00;0;0;0,00;124.998.623,51;;;;
MG;3151909;POCRANE;2.294.387,70;0,00;0;0;0,00;2.294.387,70;;;;
MG;3152006;POMPEU;19.589.118,75;0,00;0;0;0,00;19.589.118,75;;;;
MG;3152105;PONTE NOVA;35.767.137,98;0,00;0;0;0,00;35.767.137,98;;;;
MG;3152131;PONTO CHIQUE;3.282.525,98;0,00;0;0;0,00;3.282.525,98;;;;
MG;3152170;PONTO DOS VOLANTES;11.467.315,64;0,00;0;0;0,00;11.467.315,64;;;;
MG;3152204;PORTEIRINHA;18.384.283,50;0,00;0;0;0,00;18.384.283,50;;;;
MG;3152303;PORTO FIRME;2.196.729,59;0,00;0;0;0,00;2.196.729,59;;;;
MG;3152402;POTE;8.205.014,73;0,00;0;0;0,00;8.205.014,73;;;;
MG;3152501;POUSO ALEGRE;106.576.201,35;0,00;0;0;0,00;106.576.201,35;;;;
MG;3152600;POUSO ALTO;3.867.896,76;0,00;0;0;0,00;3.867.896,76;;;;
MG;3152709;PRADOS;4.648.005,92;0,00;0;0;0,00;4.648.005,92;;;;
MG;3152808;PRATA;18.367.525,60;0,00;0;0;0,00;18.367.525,60;;;;
MG;3152907;PRATAPOLIS;3.674.025,19;0,00;0;0;0,00;3.674.025,19;;;;
MG;3153004;PRATINHA;2.563.958,75;0,00;0;0;0,00;2.563.958,75;;;;
MG;3153103;PRESIDENTE BERNARDES;1.693.703,64;0,00;0;0;0,00;1.693.703,64;;;;
MG;3153202;PRESIDENTE JUSCELINO;2.281.096,96;0,00;0;0;0,00;2.281.096,96;;;;
MG;3153301;PRESIDENTE KUBITSCHEK;2.821.683,71;0,00;0;0;0,00;2.821.683,71;;;;
MG;3153400;PRESIDENTE OLEGARIO;14.297.089,37;0,00;0;0;0,00;14.297.089,37;;;;
MG;3153608;PRUDENTE DE MORAIS;7.387.922,63;0,00;0;0;0,00;7.387.922,63;;;;
MG;3153707;QUARTEL GERAL;3.295.527,78;0,00;0;0;0,00;3.295.527,78;;;;
MG;3153806;QUELUZITO;771.441,28;0,00;0;0;0,00;771.441,28;;;;
MG;3153905;RAPOSOS;8.766.693,33;0,00;0;0;0,00;8.766.693,33;;;;
MG;3154002;RAUL SOARES;11.102.397,93;0,00;0;0;0,00;11.102.397,93;;;;
MG;3154101;RECREIO;6.046.134,89;0,00;0;0;0,00;6.046.134,89;;;;
MG;3154150;REDUTO;5.209.684,52;0,00;0;0;0,00;5.209.684,52;;;;
MG;3154200;RESENDE COSTA;7.089.169,71;0,00;0;0;0,00;7.089.169,71;;;;
MG;3154309;RESPLENDOR;11.176.363,83;0,00;0;0;0,00;11.176.363,83;;;;
MG;3154408;RESSAQUINHA;4.350.408,71;0,00;0;0;0,00;4.350.408,71;;;;
MG;3154457;RIACHINHO;4.378.723,80;0,00;0;0;0,00;4.378.723,80;;;;
MG;3154507;RIACHO DOS MACHADOS;8.513.013,39;0,00;0;0;0,00;8.513.013,39;;;;
MG;3154606;RIBEIRAO DAS NEVES;197.766.916,58;0,00;0;0;0,00;197.766.916,58;;;;
MG;3154705;RIBEIRAO VERMELHO;2.626.945,36;0,00;0;0;0,00;2.626.945,36;;;;
MG;3154804;RIO ACIMA;8.732.888,60;0,00;0;0;0,00;8.732.888,60;;;;
MG;3154903;RIO CASCA;12.206.396,84;0,00;0;0;0,00;12.206.396,84;;;;
MG;3155108;RIO DO PRADO;2.608.164,94;0,00;0;0;0,00;2.608.164,94;;;;
MG;3155009;RIO DOCE;1.775.759,57;0,00;0;0;0,00;1.775.759,57;;;;
MG;3155207;RIO ESPERA;944.221,01;0,00;0;0;0,00;944.221,01;;;;
MG;3155306;RIO MANSO;2.358.241,07;0,00;0;0;0,00;2.358.241,07;;;;
MG;3155405;RIO NOVO;4.631.536,94;0,00;0;0;0,00;4.631.536,94;;;;
MG;3155504;RIO PARANAIBA;12.085.335,46;0,00;0;0;0,00;12.085.335,46;;;;
MG;3155603;RIO PARDO DE MINAS;17.273.639,19;0,00;0;0;0,00;17.273.639,19;;;;
MG;3155702;RIO PIRACICABA;10.463.575,21;0,00;0;0;0,00;10.463.575,21;;;;
MG;3155801;RIO POMBA;9.243.426,71;0,00;0;0;0,00;9.243.426,71;;;;
MG;3155900;RIO PRETO;3.029.134,97;0,00;0;0;0,00;3.029.134,97;;;;
MG;3156007;RIO VERMELHO;6.478.662,07;0,00;0;0;0,00;6.478.662,07;;;;
MG;3156106;RITAPOLIS;2.242.958,28;0,00;0;0;0,00;2.242.958,28;;;;
MG;3156205;ROCHEDO DE MINAS;2.674.907,62;0,00;0;0;0,00;2.674.907,62;;;;
MG;3156304;RODEIRO;5.519.705,67;0,00;0;0;0,00;5.519.705,67;;;;
MG;3156403;ROMARIA;2.353.040,36;0,00;0;0;0,00;2.353.040,36;;;;
MG;3156452;ROSARIO DA LIMEIRA;4.809.228,47;0,00;0;0;0,00;4.809.228,47;;;;
MG;3156502;RUBELITA;3.608.438,24;0,00;0;0;0,00;3.608.438,24;;;;
MG;3156601;RUBIM;9.135.656,07;0,00;0;0;0,00;9.135.656,07;;;;
MG;3156700;SABARA;87.862.249,50;0,00;0;0;0,00;87.862.249,50;;;;
MG;3156809;SABINOPOLIS;6.078.206,04;0,00;0;0;0,00;6.078.206,04;;;;
MG;3156908;SACRAMENTO;19.236.624,98;0,00;0;0;0,00;19.236.624,98;;;;
MG;3157005;SALINAS;21.234.860,13;0,00;0;0;0,00;21.234.860,13;;;;
MG;3157104;SALTO DA DIVISA;4.945.892,05;0,00;0;0;0,00;4.945.892,05;;;;
MG;3157203;SANTA BARBARA;22.663.326,68;0,00;0;0;0,00;22.663.326,68;;;;
MG;3157252;SANTA BARBARA DO LESTE;6.442.545,90;0,00;0;0;0,00;6.442.545,90;;;;
MG;3157278;SANTA BARBARA DO MONTE VERDE;2.993.596,65;0,00;0;0;0,00;2.993.596,65;;;;
MG;3157302;SANTA BARBARA DO TUGURIO;3.916.147,95;0,00;0;0;0,00;3.916.147,95;;;;
MG;3157336;SANTA CRUZ DE MINAS;4.301.001,80;0,00;0;0;0,00;4.301.001,80;;;;
MG;3157377;SANTA CRUZ DE SALINAS;2.570.026,28;0,00;0;0;0,00;2.570.026,28;;;;
MG;3157401;SANTA CRUZ DO ESCALVADO;2.540.266,55;0,00;0;0;0,00;2.540.266,55;;;;
MG;3157500;SANTA EFIGENIA DE MINAS;2.570.026,28;0,00;0;0;0,00;2.570.026,28;;;;
MG;3157609;SANTA FE DE MINAS;2.278.785,52;0,00;0;0;0,00;2.278.785,52;;;;
MG;3157658;SANTA HELENA DE MINAS;2.232.556,84;0,00;0;0;0,00;2.232.556,84;;;;
MG;3157708;SANTA JULIANA;9.947.836,38;0,00;0;0;0,00;9.947.836,38;;;;
MG;3157807;SANTA LUZIA;144.252.295,32;0,00;0;0;0,00;144.252.295,32;;;;
MG;3157906;SANTA MARGARIDA;13.769.793,39;0,00;0;0;0,00;13.769.793,39;;;;
MG;3158003;SANTA MARIA DE ITABIRA;6.504.665,72;0,00;0;0;0,00;6.504.665,72;;;;
MG;3158102;SANTA MARIA DO SALTO;2.742.228,16;0,00;0;0;0,00;2.742.228,16;;;;
MG;3158201;SANTA MARIA DO SUACUI;6.678.601,15;0,00;0;0;0,00;6.678.601,15;;;;
MG;3159209;SANTA RITA DE CALDAS;3.481.598,26;0,00;0;0;0,00;3.481.598,26;;;;
MG;3159407;SANTA RITA DE IBITIPOCA;2.015.281,98;0,00;0;0;0,00;2.015.281,98;;;;
MG;3159308;SANTA RITA DE JACUTINGA;4.525.210,96;0,00;0;0;0,00;4.525.210,96;;;;
MG;3159357;SANTA RITA DE MINAS;4.368.033,40;0,00;0;0;0,00;4.368.033,40;;;;
MG;3159506;SANTA RITA DO ITUETO;4.454.134,35;0,00;0;0;0,00;4.454.134,35;;;;
MG;3159605;SANTA RITA DO SAPUCAI;24.240.591,83;0,00;0;0;0,00;24.240.591,83;;;;
MG;3159704;SANTA ROSA DA SERRA;3.186.023,57;0,00;0;0;0,00;3.186.023,57;;;;
MG;3159803;SANTA VITORIA;12.708.844,93;0,00;0;0;0,00;12.708.844,93;;;;
MG;3158300;SANTANA DA VARGEM;2.818.794,41;0,00;0;0;0,00;2.818.794,41;;;;
MG;3158409;SANTANA DE CATAGUASES;3.078.830,81;0,00;0;0;0,00;3.078.830,81;;;;
MG;3158508;SANTANA DE PIRAPAMA;3.609.882,89;0,00;0;0;0,00;3.609.882,89;;;;
MG;3158607;SANTANA DO DESERTO;3.977.978,84;0,00;0;0;0,00;3.977.978,84;;;;
MG;3158706;SANTANA DO GARAMBEU;1.837.012,60;0,00;0;0;0,00;1.837.012,60;;;;
MG;3158805;SANTANA DO JACARE;2.712.468,42;0,00;0;0;0,00;2.712.468,42;;;;
MG;3158904;SANTANA DO MANHUACU;5.696.530,40;0,00;0;0;0,00;5.696.530,40;;;;
MG;3158953;SANTANA DO PARAISO;18.618.027,30;0,00;0;0;0,00;18.618.027,30;;;;
MG;3159001;SANTANA DO RIACHO;3.104.834,43;0,00;0;0;0,00;3.104.834,43;;;;
MG;3159100;SANTANA DOS MONTES;2.764.186,78;0,00;0;0;0,00;2.764.186,78;;;;
MG;3159902;SANTO ANTONIO DO AMPARO;9.233.892,04;0,00;0;0;0,00;9.233.892,04;;;;
MG;3160009;SANTO ANTONIO DO AVENTUREIRO;2.587.362,02;0,00;0;0;0,00;2.587.362,02;;;;
MG;3160108;SANTO ANTONIO DO GRAMA;3.261.434,12;0,00;0;0;0,00;3.261.434,12;;;;
MG;3160207;SANTO ANTONIO DO ITAMBE;2.269.250,85;0,00;0;0;0,00;2.269.250,85;;;;
MG;3160306;SANTO ANTONIO DO JACINTO;7.203.585,71;0,00;0;0;0,00;7.203.585,71;;;;
MG;3160405;SANTO ANTONIO DO MONTE;16.112.721,21;0,00;0;0;0,00;16.112.721,21;;;;
MG;3160454;SANTO ANTONIO DO RETIRO;6.641.618,20;0,00;0;0;0,00;6.641.618,20;;;;
MG;3160504;SANTO ANTONIO DO RIO ABAIXO;1.053.436,30;0,00;0;0;0,00;1.053.436,30;;;;
MG;3160603;SANTO HIPOLITO;1.567.730,48;0,00;0;0;0,00;1.567.730,48;;;;
MG;3160702;SANTOS DUMONT;21.100.219,08;0,00;0;0;0,00;21.100.219,08;;;;
MG;3160801;SAO BENTO ABADE;3.929.438,71;0,00;0;0;0,00;3.929.438,71;;;;
MG;3160900;SAO BRAS DO SUACUI;4.382.479,89;0,00;0;0;0,00;4.382.479,89;;;;
MG;3160959;SAO DOMINGOS DAS DORES;5.969.857,54;0,00;0;0;0,00;5.969.857,54;;;;
MG;3161007;SAO DOMINGOS DO PRATA;9.145.190,74;0,00;0;0;0,00;9.145.190,74;;;;
MG;3161056;SAO FELIX DE MINAS;2.364.597,54;0,00;0;0;0,00;2.364.597,54;;;;
MG;3161106;SAO FRANCISCO;31.659.429,89;0,00;0;0;0,00;31.659.429,89;;;;
MG;3161205;SAO FRANCISCO DE PAULA;4.185.430,09;0,00;0;0;0,00;4.185.430,09;;;;
MG;3161304;SAO FRANCISCO DE SALES;6.158.817,32;0,00;0;0;0,00;6.158.817,32;;;;
MG;3161403;SAO FRANCISCO DO GLORIA;3.038.958,54;0,00;0;0;0,00;3.038.958,54;;;;
MG;3161502;SAO GERALDO;4.881.749,74;0,00;0;0;0,00;4.881.749,74;;;;
MG;3161601;SAO GERALDO DA PIEDADE;2.118.718,69;0,00;0;0;0,00;2.118.718,69;;;;
MG;3161650;SAO GERALDO DO BAIXIO;1.921.379,96;0,00;0;0;0,00;1.921.379,96;;;;
MG;3161700;SAO GONCALO DO ABAETE;4.639.626,96;0,00;0;0;0,00;4.639.626,96;;;;
MG;3161809;SAO GONCALO DO PARA;7.229.878,29;0,00;0;0;0,00;7.229.878,29;;;;
MG;3161908;SAO GONCALO DO RIO ABAIXO;14.356.608,82;0,00;0;0;0,00;14.356.608,82;;;;
MG;3125507;SAO GONCALO DO RIO PRETO;2.024.816,65;0,00;0;0;0,00;2.024.816,65;;;;
MG;3162005;SAO GONCALO DO SAPUCAI;15.670.948,29;0,00;0;0;0,00;15.670.948,29;;;;
MG;3162104;SAO GOTARDO;25.457.562,09;0,00;0;0;0,00;25.457.562,09;;;;
MG;3162203;SAO JOAO BATISTA DO GLORIA;4.566.816,78;0,00;0;0;0,00;4.566.816,78;;;;
MG;3162252;SAO JOAO DA LAGOA;3.242.653,73;0,00;0;0;0,00;3.242.653,73;;;;
MG;3162302;SAO JOAO DA MATA;1.916.757,08;0,00;0;0;0,00;1.916.757,08;;;;
MG;3162401;SAO JOAO DA PONTE;16.775.813,99;0,00;0;0;0,00;16.775.813,99;;;;
MG;3162450;SAO JOAO DAS MISSOES;6.830.866,91;0,00;0;0;0,00;6.830.866,91;;;;
MG;3162500;SAO JOAO DEL REI;25.999.882,42;0,00;0;0;0,00;25.999.882,42;;;;
MG;3162559;SAO JOAO DO MANHUACU;11.630.271,80;0,00;0;0;0,00;11.630.271,80;;;;
MG;3162575;SAO JOAO DO MANTENINHA;3.341.467,54;0,00;0;0;0,00;3.341.467,54;;;;
MG;3162609;SAO JOAO DO ORIENTE;4.630.959,08;0,00;0;0;0,00;4.630.959,08;;;;
MG;3162658;SAO JOAO DO PACUI;2.615.677,10;0,00;0;0;0,00;2.615.677,10;;;;
MG;3162708;SAO JOAO DO PARAISO;8.494.232,98;0,00;0;0;0,00;8.494.232,98;;;;
MG;3162807;SAO JOAO EVANGELISTA;9.951.881,38;0,00;0;0;0,00;9.951.881,38;;;;
MG;3162906;SAO JOAO NEPOMUCENO;21.797.405,52;0,00;0;0;0,00;21.797.405,52;;;;
MG;3162922;SAO JOAQUIM DE BICAS;26.347.464,40;0,00;0;0;0,00;26.347.464,40;;;;
MG;3162948;SAO JOSE DA BARRA;4.656.095,94;0,00;0;0;0,00;4.656.095,94;;;;
MG;3162955;SAO JOSE DA LAPA;25.282.470,94;0,00;0;0;0,00;25.282.470,94;;;;
MG;3163003;SAO JOSE DA SAFIRA;2.637.346,80;0,00;0;0;0,00;2.637.346,80;;;;
MG;3163102;SAO JOSE DA VARGINHA;2.642.547,54;0,00;0;0;0,00;2.642.547,54;;;;
MG;3163201;SAO JOSE DO ALEGRE;2.626.945,36;0,00;0;0;0,00;2.626.945,36;;;;
MG;3163300;SAO JOSE DO DIVINO;2.273.295,87;0,00;0;0;0,00;2.273.295,87;;;;
MG;3163409;SAO JOSE DO GOIABAL;2.850.576,63;0,00;0;0;0,00;2.850.576,63;;;;
MG;3163508;SAO JOSE DO JACURI;4.478.404,41;0,00;0;0;0,00;4.478.404,41;;;;
MG;3163607;SAO JOSE DO MANTIMENTO;2.229.378,61;0,00;0;0;0,00;2.229.378,61;;;;
MG;3163706;SAO LOURENCO;26.219.757,63;0,00;0;0;0,00;26.219.757,63;;;;
MG;3163805;SAO MIGUEL DO ANTA;3.862.407,11;0,00;0;0;0,00;3.862.407,11;;;;
MG;3163904;SAO PEDRO DA UNIAO;3.296.683,51;0,00;0;0;0,00;3.296.683,51;;;;
MG;3164100;SAO PEDRO DO SUACUI;2.974.238,38;0,00;0;0;0,00;2.974.238,38;;;;
MG;3164001;SAO PEDRO DOS FERROS;3.348.401,86;0,00;0;0;0,00;3.348.401,86;;;;
MG;3164209;SAO ROMAO;5.348.659,52;0,00;0;0;0,00;5.348.659,52;;;;
MG;3164308;SAO ROQUE DE MINAS;3.817.911,98;0,00;0;0;0,00;3.817.911,98;;;;
MG;3164407;SAO SEBASTIAO DA BELA VISTA;4.674.876,35;0,00;0;0;0,00;4.674.876,35;;;;
MG;3164431;SAO SEBASTIAO DA VARGEM ALEGRE;3.942.151,59;0,00;0;0;0,00;3.942.151,59;;;;
MG;3164472;SAO SEBASTIAO DO ANTA;6.337.953,49;0,00;0;0;0,00;6.337.953,49;;;;
MG;3164506;SAO SEBASTIAO DO MARANHAO;2.687.042,64;0,00;0;0;0,00;2.687.042,64;;;;
MG;3164605;SAO SEBASTIAO DO OESTE;9.814.351,03;0,00;0;0;0,00;9.814.351,03;;;;
MG;3164704;SAO SEBASTIAO DO PARAISO;41.595.131,22;0,00;0;0;0,00;41.595.131,22;;;;
MG;3164803;SAO SEBASTIAO DO RIO PRETO;897.992,31;0,00;0;0;0,00;897.992,31;;;;
MG;3164902;SAO SEBASTIAO DO RIO VERDE;2.209.153,57;0,00;0;0;0,00;2.209.153,57;;;;
MG;3165206;SAO THOME DAS LETRAS;4.298.401,45;0,00;0;0;0,00;4.298.401,45;;;;
MG;3165008;SAO TIAGO;4.992.698,59;0,00;0;0;0,00;4.992.698,59;;;;
MG;3165107;SAO TOMAS DE AQUINO;4.576.640,38;0,00;0;0;0,00;4.576.640,38;;;;
MG;3165305;SAO VICENTE DE MINAS;3.691.360,96;0,00;0;0;0,00;3.691.360,96;;;;
MG;3165404;SAPUCAI-MIRIM;4.380.168,45;0,00;0;0;0,00;4.380.168,45;;;;
MG;3165503;SARDOA;4.155.092,50;0,00;0;0;0,00;4.155.092,50;;;;
MG;3165537;SARZEDO;26.294.879,26;0,00;0;0;0,00;26.294.879,26;;;;
MG;3165560;SEM-PEIXE;1.223.904,59;0,00;0;0;0,00;1.223.904,59;;;;
MG;3165578;SENADOR AMARAL;4.564.505,34;0,00;0;0;0,00;4.564.505,34;;;;
MG;3165602;SENADOR CORTES;3.052.538,24;0,00;0;0;0,00;3.052.538,24;;;;
MG;3165701;SENADOR FIRMINO;5.216.618,82;0,00;0;0;0,00;5.216.618,82;;;;
MG;3165800;SENADOR JOSE BENTO;1.260.887,53;0,00;0;0;0,00;1.260.887,53;;;;
MG;3165909;SENADOR MODESTINO GONCALVES;2.351.884,63;0,00;0;0;0,00;2.351.884,63;;;;
MG;3166006;SENHORA DE OLIVEIRA;3.069.585,07;0,00;0;0;0,00;3.069.585,07;;;;
MG;3166105;SENHORA DO PORTO;1.965.008,28;0,00;0;0;0,00;1.965.008,28;;;;
MG;3166204;SENHORA DOS REMEDIOS;2.226.778,23;0,00;0;0;0,00;2.226.778,23;;;;
MG;3166303;SERICITA;5.158.255,09;0,00;0;0;0,00;5.158.255,09;;;;
MG;3166402;SERITINGA;1.570.041,92;0,00;0;0;0,00;1.570.041,92;;;;
MG;3166501;SERRA AZUL DE MINAS;2.043.308,13;0,00;0;0;0,00;2.043.308,13;;;;
MG;3166600;SERRA DA SAUDADE;717.122,57;0,00;0;0;0,00;717.122,57;;;;
MG;3166808;SERRA DO SALITRE;10.546.209,00;0,00;0;0;0,00;10.546.209,00;;;;
MG;3166709;SERRA DOS AIMORES;4.084.593,75;0,00;0;0;0,00;4.084.593,75;;;;
MG;3166907;SERRANIA;4.438.532,17;0,00;0;0;0,00;4.438.532,17;;;;
MG;3166956;SERRANOPOLIS DE MINAS;3.529.560,54;0,00;0;0;0,00;3.529.560,54;;;;
MG;3167004;SERRANOS;1.486.830,27;0,00;0;0;0,00;1.486.830,27;;;;
MG;3167103;SERRO;6.700.848,72;0,00;0;0;0,00;6.700.848,72;;;;
MG;3167202;SETE LAGOAS;93.099.093,38;0,00;0;0;0,00;93.099.093,38;;;;
MG;3165552;SETUBINHA;3.996.470,32;0,00;0;0;0,00;3.996.470,32;;;;
MG;3167301;SILVEIRANIA;1.102.265,35;0,00;0;0;0,00;1.102.265,35;;;;
MG;3167400;SILVIANOPOLIS;3.073.052,21;0,00;0;0;0,00;3.073.052,21;;;;
MG;3167509;SIMAO PEREIRA;2.441.452,72;0,00;0;0;0,00;2.441.452,72;;;;
MG;3167608;SIMONESIA;11.653.675,07;0,00;0;0;0,00;11.653.675,07;;;;
MG;3167707;SOBRALIA;3.546.029,52;0,00;0;0;0,00;3.546.029,52;;;;
MG;3167806;SOLEDADE DE MINAS;3.219.539,37;0,00;0;0;0,00;3.219.539,37;;;;
MG;3167905;TABULEIRO;2.119.007,62;0,00;0;0;0,00;2.119.007,62;;;;
MG;3168002;TAIOBEIRAS;21.906.620,79;0,00;0;0;0,00;21.906.620,79;;;;
MG;3168051;TAPARUBA;2.138.654,80;0,00;0;0;0,00;2.138.654,80;;;;
MG;3168101;TAPIRA;5.974.480,40;0,00;0;0;0,00;5.974.480,40;;;;
MG;3168200;TAPIRAI;1.330.808,44;0,00;0;0;0,00;1.330.808,44;;;;
MG;3168309;TAQUARACU DE MINAS;4.766.755,88;0,00;0;0;0,00;4.766.755,88;;;;
MG;3168408;TARUMIRIM;4.021.029,31;0,00;0;0;0,00;4.021.029,31;;;;
MG;3168507;TEIXEIRAS;6.366.268,58;0,00;0;0;0,00;6.366.268,58;;;;
MG;3168606;TEOFILO OTONI;68.061.345,56;0,00;0;0;0,00;68.061.345,56;;;;
MG;3168705;TIMOTEO;43.895.297,50;0,00;0;0;0,00;43.895.297,50;;;;
MG;3168804;TIRADENTES;4.433.909,29;0,00;0;0;0,00;4.433.909,29;;;;
MG;3168903;TIROS;5.020.146,88;0,00;0;0;0,00;5.020.146,88;;;;
MG;3169000;TOCANTINS;7.558.968,78;0,00;0;0;0,00;7.558.968,78;;;;
MG;3169059;TOCOS DO MOJI;2.872.535,27;0,00;0;0;0,00;2.872.535,27;;;;
MG;3169109;TOLEDO;6.252.141,47;0,00;0;0;0,00;6.252.141,47;;;;
MG;3169208;TOMBOS;5.063.197,34;0,00;0;0;0,00;5.063.197,34;;;;
MG;3169307;TRES CORACOES;36.857.846,15;0,00;0;0;0,00;36.857.846,15;;;;
MG;3169356;TRES MARIAS;24.638.158,55;0,00;0;0;0,00;24.638.158,55;;;;
MG;3169406;TRES PONTAS;31.206.388,71;0,00;0;0;0,00;31.206.388,71;;;;
MG;3169505;TUMIRITINGA;4.400.682,42;0,00;0;0;0,00;4.400.682,42;;;;
MG;3169604;TUPACIGUARA;15.363.816,41;0,00;0;0;0,00;15.363.816,41;;;;
MG;3169703;TURMALINA;10.036.248,75;0,00;0;0;0,00;10.036.248,75;;;;
MG;3169802;TURVOLANDIA;3.844.493,49;0,00;0;0;0,00;3.844.493,49;;;;
MG;3169901;UBA;58.880.616,53;0,00;0;0;0,00;58.880.616,53;;;;
MG;3170008;UBAI;6.606.368,82;0,00;0;0;0,00;6.606.368,82;;;;
MG;3170057;UBAPORANGA;6.909.744,60;0,00;0;0;0,00;6.909.744,60;;;;
MG;3170107;UBERABA;194.061.687,02;0,00;0;0;0,00;194.061.687,02;;;;
MG;3170206;UBERLANDIA;447.173.303,14;0,00;0;0;0,00;447.173.303,14;;;;
MG;3170305;UMBURATIBA;2.033.195,60;0,00;0;0;0,00;2.033.195,60;;;;
MG;3170404;UNAI;43.427.232,03;0,00;0;0;0,00;43.427.232,03;;;;
MG;3170438;UNIAO DE MINAS;2.189.506,36;0,00;0;0;0,00;2.189.506,36;;;;
MG;3170479;URUANA DE MINAS;4.807.205,98;0,00;0;0;0,00;4.807.205,98;;;;
MG;3170503;URUCANIA;5.695.952,54;0,00;0;0;0,00;5.695.952,54;;;;
MG;3170529;URUCUIA;12.081.868,30;0,00;0;0;0,00;12.081.868,30;;;;
MG;3170578;VARGEM ALEGRE;3.330.777,17;0,00;0;0;0,00;3.330.777,17;;;;
MG;3170602;VARGEM BONITA;1.735.598,40;0,00;0;0;0,00;1.735.598,40;;;;
MG;3170651;VARGEM GRANDE DO RIO PARDO;3.375.272,27;0,00;0;0;0,00;3.375.272,27;;;;
MG;3170701;VARGINHA;70.517.533,70;0,00;0;0;0,00;70.517.533,70;;;;
MG;3170750;VARJAO DE MINAS;5.953.099,64;0,00;0;0;0,00;5.953.099,64;;;;
MG;3170800;VARZEA DA PALMA;19.849.444,06;0,00;0;0;0,00;19.849.444,06;;;;
MG;3170909;VARZELANDIA;11.121.178,34;0,00;0;0;0,00;11.121.178,34;;;;
MG;3171006;VAZANTE;10.815.780,05;0,00;0;0;0,00;10.815.780,05;;;;
MG;3171030;VERDELANDIA;5.546.576,10;0,00;0;0;0,00;5.546.576,10;;;;
MG;3171071;VEREDINHA;3.993.292,09;0,00;0;0;0,00;3.993.292,09;;;;
MG;3171105;VERISSIMO;1.887.286,30;0,00;0;0;0,00;1.887.286,30;;;;
MG;3171154;VERMELHO NOVO;3.041.847,85;0,00;0;0;0,00;3.041.847,85;;;;
MG;3171204;VESPASIANO;98.769.331,21;0,00;0;0;0,00;98.769.331,21;;;;
MG;3171303;VICOSA;40.090.965,19;0,00;0;0;0,00;40.090.965,19;;;;
MG;3171402;VIEIRAS;3.635.019,74;0,00;0;0;0,00;3.635.019,74;;;;
MG;3171600;VIRGEM DA LAPA;4.981.430,34;0,00;0;0;0,00;4.981.430,34;;;;
MG;3171709;VIRGINIA;4.664.763,82;0,00;0;0;0,00;4.664.763,82;;;;
MG;3171808;VIRGINOPOLIS;7.994.963,13;0,00;0;0;0,00;7.994.963,13;;;;
MG;3171907;VIRGOLANDIA;2.339.171,75;0,00;0;0;0,00;2.339.171,75;;;;
MG;3172004;VISCONDE DO RIO BRANCO;23.409.053,24;0,00;0;0;0,00;23.409.053,24;;;;
MG;3172103;VOLTA GRANDE;4.472.914,74;0,00;0;0;0,00;4.472.914,74;;;;
MG;3172202;WENCESLAU BRAZ;1.370.102,82;0,00;0;0;0,00;1.370.102,82;;;;
MS;5000203;AGUA CLARA;24.052.699,28;0,00;0;0;0,00;24.052.699,28;;;;
MS;5000252;ALCINOPOLIS;6.022.186,57;0,00;0;0;0,00;6.022.186,57;;;;
MS;5000609;AMAMBAI;53.939.005,87;0,00;0;0;0,00;53.939.005,87;;;;
MS;5000708;ANASTACIO;21.419.598,91;0,00;0;0;0,00;21.419.598,91;;;;
MS;5000807;ANAURILANDIA;6.534.855,12;0,00;0;0;0,00;6.534.855,12;;;;
MS;5000856;ANGELICA;10.920.240,55;0,00;0;0;0,00;10.920.240,55;;;;
MS;5000906;ANTONIO JOAO;11.029.049,11;0,00;0;0;0,00;11.029.049,11;;;;
MS;5001003;APARECIDA DO TABOADO;21.192.302,51;0,00;0;0;0,00;21.192.302,51;;;;
MS;5001102;AQUIDAUANA;44.962.299,79;0,00;0;0;0,00;44.962.299,79;;;;
MS;5001243;ARAL MOREIRA;12.629.135,70;0,00;0;0;0,00;12.629.135,70;;;;
MS;5001508;BANDEIRANTES;8.429.325,60;0,00;0;0;0,00;8.429.325,60;;;;
MS;5001904;BATAGUASSU;18.027.842,56;0,00;0;0;0,00;18.027.842,56;;;;
MS;5002001;BATAYPORA;9.137.916,31;0,00;0;0;0,00;9.137.916,31;;;;
MS;5002100;BELA VISTA;21.040.437,80;0,00;0;0;0,00;21.040.437,80;;;;
MS;5002159;BODOQUENA;9.658.929,07;0,00;0;0;0,00;9.658.929,07;;;;
MS;5002209;BONITO;21.727.667,31;0,00;0;0;0,00;21.727.667,31;;;;
MS;5002308;BRASILANDIA;12.989.605,77;0,00;0;0;0,00;12.989.605,77;;;;
MS;5002407;CAARAPO;35.706.563,17;0,00;0;0;0,00;35.706.563,17;;;;
MS;5002605;CAMAPUA;11.085.122,23;0,00;0;0;0,00;11.085.122,23;;;;
MS;5002704;CAMPO GRANDE;819.021.378,79;0,00;0;0;0,00;819.021.378,79;;;;
MS;5002803;CARACOL;7.194.048,07;0,00;0;0;0,00;7.194.048,07;;;;
MS;5002902;CASSILANDIA;18.109.615,86;0,00;0;0;0,00;18.109.615,86;;;;
MS;5002951;CHAPADAO DO SUL;42.643.609,43;0,00;0;0;0,00;42.643.609,43;;;;
MS;5003108;CORGUINHO;4.535.581,29;0,00;0;0;0,00;4.535.581,29;;;;
MS;5003157;CORONEL SAPUCAIA;23.132.833,05;0,00;0;0;0,00;23.132.833,05;;;;
MS;5003207;CORUMBA;104.376.445,52;0,00;0;0;0,00;104.376.445,52;;;;
MS;5003256;COSTA RICA;39.601.642,55;0,00;0;0;0,00;39.601.642,55;;;;
MS;5003306;COXIM;25.975.206,32;0,00;0;0;0,00;25.975.206,32;;;;
MS;5003454;DEODAPOLIS;8.772.773,48;0,00;0;0;0,00;8.772.773,48;;;;
MS;5003488;DOIS IRMAOS DO BURITI;16.427.088,42;0,00;0;0;0,00;16.427.088,42;;;;
MS;5003504;DOURADINA;5.567.927,53;0,00;0;0;0,00;5.567.927,53;;;;
MS;5003702;DOURADOS;228.995.288,15;0,00;0;0;0,00;228.995.288,15;;;;
MS;5003751;ELDORADO;11.553.733,32;0,00;0;0;0,00;11.553.733,32;;;;
MS;5003801;FATIMA DO SUL;16.559.594,55;0,00;0;0;0,00;16.559.594,55;;;;
MS;5003900;FIGUEIRAO;3.055.985,16;0,00;0;0;0,00;3.055.985,16;;;;
MS;5004007;GLORIA DE DOURADOS;7.697.371,10;0,00;0;0;0,00;7.697.371,10;;;;
MS;5004106;GUIA LOPES DA LAGUNA;7.751.441,61;0,00;0;0;0,00;7.751.441,61;;;;
MS;5004304;IGUATEMI;13.174.179,80;0,00;0;0;0,00;13.174.179,80;;;;
MS;5004403;INOCENCIA;7.539.498,55;0,00;0;0;0,00;7.539.498,55;;;;
MS;5004502;ITAPORA;12.699.227,10;0,00;0;0;0,00;12.699.227,10;;;;
MS;5004601;ITAQUIRAI;20.822.486,91;0,00;0;0;0,00;20.822.486,91;;;;
MS;5004700;IVINHEMA;23.880.140,92;0,00;0;0;0,00;23.880.140,92;;;;
MS;5004809;JAPORA;16.880.012,39;0,00;0;0;0,00;16.880.012,39;;;;
MS;5004908;JARAGUARI;4.678.768,02;0,00;0;0;0,00;4.678.768,02;;;;
MS;5005004;JARDIM;21.061.131,45;0,00;0;0;0,00;21.061.131,45;;;;
MS;5005103;JATEI;2.495.921,47;0,00;0;0;0,00;2.495.921,47;;;;
MS;5005152;JUTI;7.684.020,35;0,00;0;0;0,00;7.684.020,35;;;;
MS;5005202;LADARIO;26.591.676,90;0,00;0;0;0,00;26.591.676,90;;;;
MS;5005251;LAGUNA CARAPA;10.608.500,69;0,00;0;0;0,00;10.608.500,69;;;;
MS;5005400;MARACAJU;43.806.459,18;0,00;0;0;0,00;43.806.459,18;;;;
MS;5005608;MIRANDA;35.144.496,87;0,00;0;0;0,00;35.144.496,87;;;;
MS;5005681;MUNDO NOVO;13.390.128,08;0,00;0;0;0,00;13.390.128,08;;;;
MS;5005707;NAVIRAI;55.689.622,09;0,00;0;0;0,00;55.689.622,09;;;;
MS;5005806;NIOAQUE;15.112.707,74;0,00;0;0;0,00;15.112.707,74;;;;
MS;5006002;NOVA ALVORADA DO SUL;32.510.061,44;0,00;0;0;0,00;32.510.061,44;;;;
MS;5006200;NOVA ANDRADINA;52.310.548,95;0,00;0;0;0,00;52.310.548,95;;;;
MS;5006259;NOVO HORIZONTE DO SUL;6.577.911,26;0,00;0;0;0,00;6.577.911,26;;;;
MS;5006275;PARAISO DAS AGUAS;10.190.622,42;0,00;0;0;0,00;10.190.622,42;;;;
MS;5006309;PARANAIBA;36.879.092,21;0,00;0;0;0,00;36.879.092,21;;;;
MS;5006358;PARANHOS;28.497.161,74;0,00;0;0;0,00;28.497.161,74;;;;
MS;5006408;PEDRO GOMES;5.700.767,42;0,00;0;0;0,00;5.700.767,42;;;;
MS;5006606;PONTA PORA;81.719.566,47;0,00;0;0;0,00;81.719.566,47;;;;
MS;5006903;PORTO MURTINHO;21.474.003,19;0,00;0;0;0,00;21.474.003,19;;;;
MS;5007109;RIBAS DO RIO PARDO;29.692.387,05;0,00;0;0;0,00;29.692.387,05;;;;
MS;5007208;RIO BRILHANTE;48.016.949,87;0,00;0;0;0,00;48.016.949,87;;;;
MS;5007307;RIO NEGRO;5.493.163,37;0,00;0;0;0,00;5.493.163,37;;;;
MS;5007406;RIO VERDE DE MATO GROSSO;18.035.519,23;0,00;0;0;0,00;18.035.519,23;;;;
MS;5007505;ROCHEDO;6.240.804,99;0,00;0;0;0,00;6.240.804,99;;;;
MS;5007554;SANTA RITA DO PARDO;8.547.145,91;0,00;0;0;0,00;8.547.145,91;;;;
MS;5007695;SAO GABRIEL DO OESTE;33.486.668,31;0,00;0;0;0,00;33.486.668,31;;;;
MS;5007802;SELVIRIA;8.443.010,11;0,00;0;0;0,00;8.443.010,11;;;;
MS;5007703;SETE QUEDAS;7.997.095,28;0,00;0;0;0,00;7.997.095,28;;;;
MS;5007901;SIDROLANDIA;66.403.259,89;0,00;0;0;0,00;66.403.259,89;;;;
MS;5007935;SONORA;19.417.321,17;0,00;0;0;0,00;19.417.321,17;;;;
MS;5007950;TACURU;14.006.264,88;0,00;0;0;0,00;14.006.264,88;;;;
MS;5007976;TAQUARUSSU;3.499.229,84;0,00;0;0;0,00;3.499.229,84;;;;
MS;5008008;TERENOS;18.341.251,26;0,00;0;0;0,00;18.341.251,26;;;;
MS;5008305;TRES LAGOAS;122.681.316,00;0,00;0;0;0,00;122.681.316,00;;;;
MS;5008404;VICENTINA;4.284.253,55;0,00;0;0;0,00;4.284.253,55;;;;
MT;5100102;ACORIZAL;3.080.213,15;0,00;0;0;0,00;3.080.213,15;;;;
MT;5100201;AGUA BOA;27.857.588,43;0,00;0;0;0,00;27.857.588,43;;;;
MT;5100250;ALTA FLORESTA;34.533.561,01;0,00;0;0;0,00;34.533.561,01;;;;
MT;5100300;ALTO ARAGUAIA;11.768.122,67;0,00;0;0;0,00;11.768.122,67;;;;
MT;5100359;ALTO BOA VISTA;6.572.461,34;0,00;0;0;0,00;6.572.461,34;;;;
MT;5100409;ALTO GARCAS;11.769.462,63;0,00;0;0;0,00;11.769.462,63;;;;
MT;5100508;ALTO PARAGUAI;5.356.455,50;0,00;0;0;0,00;5.356.455,50;;;;
MT;5100607;ALTO TAQUARI;11.725.914,21;0,00;0;0;0,00;11.725.914,21;;;;
MT;5100805;APIACAS;9.067.450,74;0,00;0;0;0,00;9.067.450,74;;;;
MT;5101001;ARAGUAIANA;2.895.299,86;0,00;0;0;0,00;2.895.299,86;;;;
MT;5101209;ARAGUAINHA;707.494,31;0,00;0;0;0,00;707.494,31;;;;
MT;5101258;ARAPUTANGA;10.198.704,67;0,00;0;0;0,00;10.198.704,67;;;;
MT;5101308;ARENAPOLIS;8.453.083,05;0,00;0;0;0,00;8.453.083,05;;;;
MT;5101407;ARIPUANA;26.439.919,91;0,00;0;0;0,00;26.439.919,91;;;;
MT;5101605;BARAO DE MELGACO;3.595.089,46;0,00;0;0;0,00;3.595.089,46;;;;
MT;5101704;BARRA DO BUGRES;26.457.004,29;0,00;0;0;0,00;26.457.004,29;;;;
MT;5101803;BARRA DO GARCAS;54.492.471,27;0,00;0;0;0,00;54.492.471,27;;;;
MT;5101852;BOM JESUS DO ARAGUAIA;8.459.782,81;0,00;0;0;0,00;8.459.782,81;;;;
MT;5101902;BRASNORTE;17.760.385,08;0,00;0;0;0,00;17.760.385,08;;;;
MT;5102504;CACERES;71.707.161,16;0,00;0;0;0,00;71.707.161,16;;;;
MT;5102603;CAMPINAPOLIS;30.340.518,27;0,00;0;0;0,00;30.340.518,27;;;;
MT;5102637;CAMPO NOVO DO PARECIS;53.811.106,01;0,00;0;0;0,00;53.811.106,01;;;;
MT;5102678;CAMPO VERDE;41.251.072,09;0,00;0;0;0,00;41.251.072,09;;;;
MT;5102686;CAMPOS DE JULIO;12.939.910,12;0,00;0;0;0,00;12.939.910,12;;;;
MT;5102694;CANABRAVA DO NORTE;4.984.619,00;0,00;0;0;0,00;4.984.619,00;;;;
MT;5102702;CANARANA;20.301.602,81;0,00;0;0;0,00;20.301.602,81;;;;
MT;5102793;CARLINDA;9.867.401,69;0,00;0;0;0,00;9.867.401,69;;;;
MT;5102850;CASTANHEIRA;4.726.343,37;0,00;0;0;0,00;4.726.343,37;;;;
MT;5103007;CHAPADA DOS GUIMARAES;16.292.803,37;0,00;0;0;0,00;16.292.803,37;;;;
MT;5103056;CLAUDIA;9.029.262,13;0,00;0;0;0,00;9.029.262,13;;;;
MT;5103106;COCALINHO;5.288.452,97;0,00;0;0;0,00;5.288.452,97;;;;
MT;5103205;COLIDER;28.158.072,52;0,00;0;0;0,00;28.158.072,52;;;;
MT;5103254;COLNIZA;28.219.040,31;0,00;0;0;0,00;28.219.040,31;;;;
MT;5103304;COMODORO;18.912.408,25;0,00;0;0;0,00;18.912.408,25;;;;
MT;5103353;CONFRESA;28.351.360,50;0,00;0;0;0,00;28.351.360,50;;;;
MT;5103361;CONQUISTA DOESTE;4.337.422,50;0,00;0;0;0,00;4.337.422,50;;;;
MT;5103379;COTRIGUACU;9.123.058,72;0,00;0;0;0,00;9.123.058,72;;;;
MT;5103403;CUIABA;446.966.899,71;0,00;0;0;0,00;446.966.899,71;;;;
MT;5103437;CURVELANDIA;3.747.843,91;0,00;0;0;0,00;3.747.843,91;;;;
MT;5103452;DENISE;6.451.195,75;0,00;0;0;0,00;6.451.195,75;;;;
MT;5103502;DIAMANTINO;19.201.502,76;0,00;0;0;0,00;19.201.502,76;;;;
MT;5103601;DOM AQUINO;4.907.571,80;0,00;0;0;0,00;4.907.571,80;;;;
MT;5103700;FELIZ NATAL;12.729.202,77;0,00;0;0;0,00;12.729.202,77;;;;
MT;5103809;FIGUEIROPOLIS DOESTE;1.252.854,51;0,00;0;0;0,00;1.252.854,51;;;;
MT;5103858;GAUCHA DO NORTE;9.722.351,96;0,00;0;0;0,00;9.722.351,96;;;;
MT;5103908;GENERAL CARNEIRO;4.020.524,00;0,00;0;0;0,00;4.020.524,00;;;;
MT;5103957;GLORIA DOESTE;2.805.188,14;0,00;0;0;0,00;2.805.188,14;;;;
MT;5104104;GUARANTA DO NORTE;38.355.437,23;0,00;0;0;0,00;38.355.437,23;;;;
MT;5104203;GUIRATINGA;5.963.788,44;0,00;0;0;0,00;5.963.788,44;;;;
MT;5104500;INDIAVAI;3.072.508,43;0,00;0;0;0,00;3.072.508,43;;;;
MT;5104526;IPIRANGA DO NORTE;8.741.842,57;0,00;0;0;0,00;8.741.842,57;;;;
MT;5104542;ITANHANGA;8.471.842,37;0,00;0;0;0,00;8.471.842,37;;;;
MT;5104559;ITAUBA;5.675.363,92;0,00;0;0;0,00;5.675.363,92;;;;
MT;5104609;ITIQUIRA;18.316.799,88;0,00;0;0;0,00;18.316.799,88;;;;
MT;5104807;JACIARA;20.520.684,85;0,00;0;0;0,00;20.520.684,85;;;;
MT;5104906;JANGADA;4.009.804,39;0,00;0;0;0,00;4.009.804,39;;;;
MT;5105002;JAURU;7.533.206,46;0,00;0;0;0,00;7.533.206,46;;;;
MT;5105101;JUARA;20.221.540,71;0,00;0;0;0,00;20.221.540,71;;;;
MT;5105150;JUINA;33.689.056,68;0,00;0;0;0,00;33.689.056,68;;;;
MT;5105176;JURUENA;9.761.880,53;0,00;0;0;0,00;9.761.880,53;;;;
MT;5105200;JUSCIMEIRA;8.800.800,43;0,00;0;0;0,00;8.800.800,43;;;;
MT;5105234;LAMBARI DOESTE;4.993.663,67;0,00;0;0;0,00;4.993.663,67;;;;
MT;5105259;LUCAS DO RIO VERDE;98.151.435,92;0,00;0;0;0,00;98.151.435,92;;;;
MT;5105309;LUCIARA;2.177.420,93;0,00;0;0;0,00;2.177.420,93;;;;
MT;5105580;MARCELANDIA;11.153.085,01;0,00;0;0;0,00;11.153.085,01;;;;
MT;5105606;MATUPA;15.575.259,43;0,00;0;0;0,00;15.575.259,43;;;;
MT;5105622;MIRASSOL DOESTE;16.713.548,09;0,00;0;0;0,00;16.713.548,09;;;;
MT;5105903;NOBRES;12.212.986,52;0,00;0;0;0,00;12.212.986,52;;;;
MT;5106000;NORTELANDIA;4.707.919,05;0,00;0;0;0,00;4.707.919,05;;;;
MT;5106109;NOSSA SENHORA DO LIVRAMENTO;12.994.513,14;0,00;0;0;0,00;12.994.513,14;;;;
MT;5106158;NOVA BANDEIRANTES;14.000.146,62;0,00;0;0;0,00;14.000.146,62;;;;
MT;5106208;NOVA BRASILANDIA;4.088.191,55;0,00;0;0;0,00;4.088.191,55;;;;
MT;5106216;NOVA CANAA DO NORTE;11.989.549,63;0,00;0;0;0,00;11.989.549,63;;;;
MT;5108808;NOVA GUARITA;4.637.571,60;0,00;0;0;0,00;4.637.571,60;;;;
MT;5106182;NOVA LACERDA;9.515.664,47;0,00;0;0;0,00;9.515.664,47;;;;
MT;5108857;NOVA MARILANDIA;4.050.672,91;0,00;0;0;0,00;4.050.672,91;;;;
MT;5108907;NOVA MARINGA;6.956.357,40;0,00;0;0;0,00;6.956.357,40;;;;
MT;5108956;NOVA MONTE VERDE;9.073.145,53;0,00;0;0;0,00;9.073.145,53;;;;
MT;5106224;NOVA MUTUM;61.353.022,14;0,00;0;0;0,00;61.353.022,14;;;;
MT;5106174;NOVA NAZARE;6.378.838,37;0,00;0;0;0,00;6.378.838,37;;;;
MT;5106232;NOVA OLIMPIA;15.083.832,27;0,00;0;0;0,00;15.083.832,27;;;;
MT;5106190;NOVA SANTA HELENA;5.896.790,88;0,00;0;0;0,00;5.896.790,88;;;;
MT;5106240;NOVA UBIRATA;17.536.278,22;0,00;0;0;0,00;17.536.278,22;;;;
MT;5106257;NOVA XAVANTINA;16.950.384,50;0,00;0;0;0,00;16.950.384,50;;;;
MT;5106273;NOVO HORIZONTE DO NORTE;3.120.076,70;0,00;0;0;0,00;3.120.076,70;;;;
MT;5106265;NOVO MUNDO;8.994.758,38;0,00;0;0;0,00;8.994.758,38;;;;
MT;5106315;NOVO SANTO ANTONIO;2.908.364,39;0,00;0;0;0,00;2.908.364,39;;;;
MT;5106281;NOVO SAO JOAQUIM;9.152.872,64;0,00;0;0;0,00;9.152.872,64;;;;
MT;5106299;PARANAITA;13.466.176,02;0,00;0;0;0,00;13.466.176,02;;;;
MT;5106307;PARANATINGA;23.737.908,03;0,00;0;0;0,00;23.737.908,03;;;;
MT;5106372;PEDRA PRETA;16.750.396,76;0,00;0;0;0,00;16.750.396,76;;;;
MT;5106422;PEIXOTO DE AZEVEDO;35.006.228,85;0,00;0;0;0,00;35.006.228,85;;;;
MT;5106455;PLANALTO DA SERRA;3.631.938,11;0,00;0;0;0,00;3.631.938,11;;;;
MT;5106505;POCONE;26.515.627,16;0,00;0;0;0,00;26.515.627,16;;;;
MT;5106653;PONTAL DO ARAGUAIA;5.465.661,53;0,00;0;0;0,00;5.465.661,53;;;;
MT;5106703;PONTE BRANCA;1.339.281,37;0,00;0;0;0,00;1.339.281,37;;;;
MT;5106752;PONTES E LACERDA;37.747.099,33;0,00;0;0;0,00;37.747.099,33;;;;
MT;5106778;PORTO ALEGRE DO NORTE;9.318.021,65;0,00;0;0;0,00;9.318.021,65;;;;
MT;5106802;PORTO DOS GAUCHOS;5.514.904,74;0,00;0;0;0,00;5.514.904,74;;;;
MT;5106828;PORTO ESPERIDIAO;10.921.273,42;0,00;0;0;0,00;10.921.273,42;;;;
MT;5106851;PORTO ESTRELA;2.965.647,31;0,00;0;0;0,00;2.965.647,31;;;;
MT;5107008;POXOREU;13.834.327,65;0,00;0;0;0,00;13.834.327,65;;;;
MT;5107040;PRIMAVERA DO LESTE;69.735.422,76;0,00;0;0;0,00;69.735.422,76;;;;
MT;5107065;QUERENCIA;22.260.611,67;0,00;0;0;0,00;22.260.611,67;;;;
MT;5107156;RESERVA DO CABACAL;2.166.701,32;0,00;0;0;0,00;2.166.701,32;;;;
MT;5107180;RIBEIRAO CASCALHEIRA;11.463.283,74;0,00;0;0;0,00;11.463.283,74;;;;
MT;5107198;RIBEIRAOZINHO;2.470.200,30;0,00;0;0;0,00;2.470.200,30;;;;
MT;5107206;RIO BRANCO;4.785.636,22;0,00;0;0;0,00;4.785.636,22;;;;
MT;5107578;RONDOLANDIA;3.154.915,44;0,00;0;0;0,00;3.154.915,44;;;;
MT;5107602;RONDONOPOLIS;185.194.675,20;0,00;0;0;0,00;185.194.675,20;;;;
MT;5107701;ROSARIO OESTE;10.545.752,06;0,00;0;0;0,00;10.545.752,06;;;;
MT;5107750;SALTO DO CEU;2.882.905,31;0,00;0;0;0,00;2.882.905,31;;;;
MT;5107248;SANTA CARMEM;8.528.790,30;0,00;0;0;0,00;8.528.790,30;;;;
MT;5107743;SANTA CRUZ DO XINGU;4.197.397,58;0,00;0;0;0,00;4.197.397,58;;;;
MT;5107768;SANTA RITA DO TRIVELATO;6.552.362,07;0,00;0;0;0,00;6.552.362,07;;;;
MT;5107776;SANTA TEREZINHA;5.235.524,89;0,00;0;0;0,00;5.235.524,89;;;;
MT;5107263;SANTO AFONSO;2.516.428,62;0,00;0;0;0,00;2.516.428,62;;;;
MT;5107792;SANTO ANTONIO DO LESTE;4.851.963,82;0,00;0;0;0,00;4.851.963,82;;;;
MT;5107800;SANTO ANTONIO DO LEVERGER;9.420.192,93;0,00;0;0;0,00;9.420.192,93;;;;
MT;5107859;SAO FELIX DO ARAGUAIA;11.487.067,88;0,00;0;0;0,00;11.487.067,88;;;;
MT;5107297;SAO JOSE DO POVO;1.583.152,51;0,00;0;0;0,00;1.583.152,51;;;;
MT;5107305;SAO JOSE DO RIO CLARO;15.708.249,60;0,00;0;0;0,00;15.708.249,60;;;;
MT;5107354;SAO JOSE DO XINGU;6.693.056,96;0,00;0;0;0,00;6.693.056,96;;;;
MT;5107107;SAO JOSE DOS QUATRO MARCOS;10.839.201,41;0,00;0;0;0,00;10.839.201,41;;;;
MT;5107404;SAO PEDRO DA CIPA;3.983.675,35;0,00;0;0;0,00;3.983.675,35;;;;
MT;5107875;SAPEZAL;34.453.833,91;0,00;0;0;0,00;34.453.833,91;;;;
MT;5107883;SERRA NOVA DOURADA;2.614.245,07;0,00;0;0;0,00;2.614.245,07;;;;
MT;5107909;SINOP;133.534.191,09;0,00;0;0;0,00;133.534.191,09;;;;
MT;5107925;SORRISO;129.374.647,14;0,00;0;0;0,00;129.374.647,14;;;;
MT;5107941;TABAPORA;12.830.369,10;0,00;0;0;0,00;12.830.369,10;;;;
MT;5107958;TANGARA DA SERRA;94.300.415,76;0,00;0;0;0,00;94.300.415,76;;;;
MT;5108006;TAPURAH;13.984.402,20;0,00;0;0;0,00;13.984.402,20;;;;
MT;5108055;TERRA NOVA DO NORTE;9.851.657,26;0,00;0;0;0,00;9.851.657,26;;;;
MT;5108105;TESOURO;1.153.028,13;0,00;0;0;0,00;1.153.028,13;;;;
MT;5108204;TORIXOREU;2.824.952,42;0,00;0;0;0,00;2.824.952,42;;;;
MT;5108303;UNIAO DO SUL;5.466.331,50;0,00;0;0;0,00;5.466.331,50;;;;
MT;5108352;VALE DE SAO DOMINGOS;3.215.213,25;0,00;0;0;0,00;3.215.213,25;;;;
MT;5108402;VARZEA GRANDE;220.900.693,64;0,00;0;0;0,00;220.900.693,64;;;;
MT;5108501;VERA;10.854.275,86;0,00;0;0;0,00;10.854.275,86;;;;
MT;5105507;VILA BELA DA SANTISSIMA TRINDADE;21.203.725,05;0,00;0;0;0,00;21.203.725,05;;;;
MT;5108600;VILA RICA;20.542.459,06;0,00;0;0;0,00;20.542.459,06;;;;
PA;1500107;ABAETETUBA;85.219.046,17;50.014.918,04;0;0;50.014.918,04;135.233.964,21;;;;
PA;1500131;ABEL FIGUEIREDO;5.407.346,22;3.173.562,60;0;0;3.173.562,60;8.580.908,82;;;;
PA;1500206;ACARA;72.024.257,19;42.270.918,09;0;0;42.270.918,09;114.295.175,28;;;;
PA;1500305;AFUA;50.021.218,42;29.357.370,83;0;0;29.357.370,83;79.378.589,25;;;;
PA;1500347;AGUA AZUL DO NORTE;12.027.434,62;7.058.881,59;0;0;7.058.881,59;19.086.316,21;;;;
PA;1500404;ALENQUER;44.938.286,18;26.374.206,26;0;0;26.374.206,26;71.312.492,44;;;;
PA;1500503;ALMEIRIM;33.349.991,20;19.573.054,98;0;0;19.573.054,98;52.923.046,18;;;;
PA;1500602;ALTAMIRA;95.096.003,01;55.811.687,77;0;0;55.811.687,77;150.907.690,78;;;;
PA;1500701;ANAJAS;38.852.802,55;22.802.645,91;0;0;22.802.645,91;61.655.448,46;;;;
PA;1500800;ANANINDEUA;144.277.798,18;84.676.402,46;0;0;84.676.402,46;228.954.200,64;;;;
PA;1500859;ANAPU;29.687.312,19;17.423.434,69;0;0;17.423.434,69;47.110.746,88;;;;
PA;1500909;AUGUSTO CORREA;44.849.855,32;26.322.306,33;0;0;26.322.306,33;71.172.161,65;;;;
PA;1500958;AURORA DO PARA;20.902.509,99;12.267.648,73;0;0;12.267.648,73;33.170.158,72;;;;
PA;1501006;AVEIRO;13.458.574,22;7.898.815,08;0;0;7.898.815,08;21.357.389,30;;;;
PA;1501105;BAGRE;23.906.479,56;14.030.673,54;0;0;14.030.673,54;37.937.153,10;;;;
PA;1501204;BAIAO;29.944.565,60;17.574.416,30;0;0;17.574.416,30;47.518.981,90;;;;
PA;1501253;BANNACH;3.097.257,44;1.817.775,30;0;0;1.817.775,30;4.915.032,74;;;;
PA;1501303;BARCARENA;90.726.714,51;53.247.359,54;0;0;53.247.359,54;143.974.074,05;;;;
PA;1501402;BELEM;245.440.694,24;144.048.739,79;0;0;144.048.739,79;389.489.434,03;;;;
PA;1501451;BELTERRA;15.673.197,87;9.198.574,05;0;0;9.198.574,05;24.871.771,92;;;;
PA;1501501;BENEVIDES;35.985.833,80;21.120.026,68;0;0;21.120.026,68;57.105.860,48;;;;
PA;1501576;BOM JESUS DO TOCANTINS;10.486.258,87;6.154.368,09;0;0;6.154.368,09;16.640.626,96;;;;
PA;1501600;BONITO;6.048.135,00;3.549.640,49;0;0;3.549.640,49;9.597.775,49;;;;
PA;1501709;BRAGANCA;67.126.058,35;39.396.173,25;0;0;39.396.173,25;106.522.231,60;;;;
PA;1501725;BRASIL NOVO;13.961.022,30;8.193.701,03;0;0;8.193.701,03;22.154.723,33;;;;
PA;1501758;BREJO GRANDE DO ARAGUAIA;7.498.200,15;4.400.681,34;0;0;4.400.681,34;11.898.881,49;;;;
PA;1501782;BREU BRANCO;36.451.268,21;21.393.189,37;0;0;21.393.189,37;57.844.457,58;;;;
PA;1501808;BREVES;140.468.236,84;82.440.577,19;0;0;82.440.577,19;222.908.814,03;;;;
PA;1501907;BUJARU;27.013.450,99;15.854.149,96;0;0;15.854.149,96;42.867.600,95;;;;
PA;1502004;CACHOEIRA DO ARARI;15.210.108,23;8.926.787,50;0;0;8.926.787,50;24.136.895,73;;;;
PA;1501956;CACHOEIRA DO PIRIA;19.137.074,92;11.231.517,80;0;0;11.231.517,80;30.368.592,72;;;;
PA;1502103;CAMETA;121.150.448,10;71.102.998,74;0;0;71.102.998,74;192.253.446,84;;;;
PA;1502152;CANAA DOS CARAJAS;54.661.493,91;32.080.740,88;0;0;32.080.740,88;86.742.234,79;;;;
PA;1502202;CAPANEMA;26.753.182,89;15.701.399,04;0;0;15.701.399,04;42.454.581,93;;;;
PA;1502301;CAPITAO POCO;32.916.880,95;19.318.863,29;0;0;19.318.863,29;52.235.744,24;;;;
PA;1502400;CASTANHAL;90.451.205,49;53.085.663,74;0;0;53.085.663,74;143.536.869,23;;;;
PA;1502509;CHAVES;27.522.430,90;16.152.869,43;0;0;16.152.869,43;43.675.300,33;;;;
PA;1502608;COLARES;7.322.510,81;4.297.569,55;0;0;4.297.569,55;11.620.080,36;;;;
PA;1502707;CONCEICAO DO ARAGUAIA;24.150.836,81;14.174.086,41;0;0;14.174.086,41;38.324.923,22;;;;
PA;1502756;CONCORDIA DO PARA;35.681.517,75;20.941.424,09;0;0;20.941.424,09;56.622.941,84;;;;
PA;1502764;CUMARU DO NORTE;10.898.936,22;6.396.567,75;0;0;6.396.567,75;17.295.503,97;;;;
PA;1502772;CURIONOPOLIS;24.119.350,06;14.155.606,88;0;0;14.155.606,88;38.274.956,94;;;;
PA;1502806;CURRALINHO;40.000.058,99;23.475.968,84;0;0;23.475.968,84;63.476.027,83;;;;
PA;1502855;CURUA;13.386.054,21;7.856.253,21;0;0;7.856.253,21;21.242.307,42;;;;
PA;1502905;CURUCA;28.565.848,08;16.765.249,25;0;0;16.765.249,25;45.331.097,33;;;;
PA;1502939;DOM ELISEU;34.151.060,91;20.043.201,48;0;0;20.043.201,48;54.194.262,39;;;;
PA;1502954;ELDORADO DO CARAJAS;25.025.766,40;14.687.581,14;0;0;14.687.581,14;39.713.347,54;;;;
PA;1503002;FARO;8.081.542,37;4.743.043,93;0;0;4.743.043,93;12.824.586,30;;;;
PA;1503044;FLORESTA DO ARAGUAIA;15.917.722,60;9.342.085,22;0;0;9.342.085,22;25.259.807,82;;;;
PA;1503077;GARRAFAO DO NORTE;24.471.901,14;14.362.518,53;0;0;14.362.518,53;38.834.419,67;;;;
PA;1503093;GOIANESIA DO PARA;24.739.538,48;14.519.594,44;0;0;14.519.594,44;39.259.132,92;;;;
PA;1503101;GURUPA;54.941.022,53;32.244.795,76;0;0;32.244.795,76;87.185.818,29;;;;
PA;1503200;IGARAPE-ACU;16.119.036,80;9.460.236,19;0;0;9.460.236,19;25.579.272,99;;;;
PA;1503309;IGARAPE-MIRI;62.618.931,61;36.750.947,98;0;0;36.750.947,98;99.369.879,59;;;;
PA;1503408;INHANGAPI;4.586.681,02;2.691.915,55;0;0;2.691.915,55;7.278.596,57;;;;
PA;1503457;IPIXUNA DO PARA;41.096.400,70;24.119.409,98;0;0;24.119.409,98;65.215.810,68;;;;
PA;1503507;IRITUIA;14.555.250,89;8.542.452,81;0;0;8.542.452,81;23.097.703,70;;;;
PA;1503606;ITAITUBA;100.610.538,15;59.048.159,37;0;0;59.048.159,37;159.658.697,52;;;;
PA;1503705;ITUPIRANGA;38.059.269,55;22.336.922,70;0;0;22.336.922,70;60.396.192,25;;;;
PA;1503754;JACAREACANGA;28.167.574,23;16.531.502,99;0;0;16.531.502,99;44.699.077,22;;;;
PA;1503804;JACUNDA;29.992.130,69;17.602.332,17;0;0;17.602.332,17;47.594.462,86;;;;
PA;1503903;JURUTI;52.071.206,58;30.560.505,51;0;0;30.560.505,51;82.631.712,09;;;;
PA;1504000;LIMOEIRO DO AJURU;26.406.326,24;15.497.829,44;0;0;15.497.829,44;41.904.155,68;;;;
PA;1504059;MAE DO RIO;27.351.096,10;16.052.313,32;0;0;16.052.313,32;43.403.409,42;;;;
PA;1504109;MAGALHAES BARATA;6.839.155,76;4.013.889,27;0;0;4.013.889,27;10.853.045,03;;;;
PA;1504208;MARABA;186.316.623,99;109.348.920,19;0;0;109.348.920,19;295.665.544,18;;;;
PA;1504307;MARACANA;25.350.180,38;14.877.979,17;0;0;14.877.979,17;40.228.159,55;;;;
PA;1504406;MARAPANIM;20.135.774,22;11.817.652,77;0;0;11.817.652,77;31.953.426,99;;;;
PA;1504422;MARITUBA;90.660.893,81;53.208.729,48;0;0;53.208.729,48;143.869.623,29;;;;
PA;1504455;MEDICILANDIA;22.804.443,45;13.383.890,35;0;0;13.383.890,35;36.188.333,80;;;;
PA;1504505;MELGACO;36.494.143,78;21.418.352,96;0;0;21.418.352,96;57.912.496,74;;;;
PA;1504604;MOCAJUBA;29.586.655,08;17.364.359,21;0;0;17.364.359,21;46.951.014,29;;;;
PA;1504703;MOJU;75.804.509,04;44.489.541,69;0;0;44.489.541,69;120.294.050,73;;;;
PA;1504752;MOJUI DOS CAMPOS;16.659.838,41;9.777.631,76;0;0;9.777.631,76;26.437.470,17;;;;
PA;1504802;MONTE ALEGRE;53.935.623,93;31.654.728,97;0;0;31.654.728,97;85.590.352,90;;;;
PA;1504901;MUANA;34.146.873,84;20.040.744,10;0;0;20.040.744,10;54.187.617,94;;;;
PA;1504950;NOVA ESPERANCA DO PIRIA;19.575.042,16;11.488.560,05;0;0;11.488.560,05;31.063.602,21;;;;
PA;1504976;NOVA IPIXUNA;10.482.071,80;6.151.910,71;0;0;6.151.910,71;16.633.982,51;;;;
PA;1505007;NOVA TIMBOTEUA;9.003.534,60;5.284.159,65;0;0;5.284.159,65;14.287.694,25;;;;
PA;1505031;NOVO PROGRESSO;28.144.964,06;16.518.233,12;0;0;16.518.233,12;44.663.197,18;;;;
PA;1505064;NOVO REPARTIMENTO;57.415.579,31;33.697.109,07;0;0;33.697.109,07;91.112.688,38;;;;
PA;1505106;OBIDOS;45.129.886,39;26.486.656,10;0;0;26.486.656,10;71.616.542,49;;;;
PA;1505205;OEIRAS DO PARA;39.883.826,00;23.407.751,89;0;0;23.407.751,89;63.291.577,89;;;;
PA;1505304;ORIXIMINA;63.787.793,33;37.436.950,99;0;0;37.436.950,99;101.224.744,32;;;;
PA;1505403;OUREM;9.866.907,88;5.790.872,00;0;0;5.790.872,00;15.657.779,88;;;;
PA;1505437;OURILANDIA DO NORTE;27.339.707,27;16.045.629,24;0;0;16.045.629,24;43.385.336,51;;;;
PA;1505486;PACAJA;40.384.096,80;23.701.360,00;0;0;23.701.360,00;64.085.456,80;;;;
PA;1505494;PALESTINA DO PARA;5.953.507,28;3.494.103,63;0;0;3.494.103,63;9.447.610,91;;;;
PA;1505502;PARAGOMINAS;77.452.873,71;45.456.964,19;0;0;45.456.964,19;122.909.837,90;;;;
PA;1505536;PARAUAPEBAS;174.521.320,38;102.426.275,91;0;0;102.426.275,91;276.947.596,29;;;;
PA;1505551;PAU DARCO;6.685.741,61;3.923.850,76;0;0;3.923.850,76;10.609.592,37;;;;
PA;1505601;PEIXE-BOI;8.917.113,53;5.233.439,27;0;0;5.233.439,27;14.150.552,80;;;;
PA;1505635;PICARRA;14.008.922,35;8.221.813,49;0;0;8.221.813,49;22.230.735,84;;;;
PA;1505650;PLACAS;25.926.488,32;15.216.213,36;0;0;15.216.213,36;41.142.701,68;;;;
PA;1505700;PONTA DE PEDRAS;19.040.939,85;11.175.096,28;0;0;11.175.096,28;30.216.036,13;;;;
PA;1505809;PORTEL;78.040.235,51;45.801.685,87;0;0;45.801.685,87;123.841.921,38;;;;
PA;1505908;PORTO DE MOZ;59.119.548,23;34.697.165,63;0;0;34.697.165,63;93.816.713,86;;;;
PA;1506005;PRAINHA;37.988.256,88;22.295.245,49;0;0;22.295.245,49;60.283.502,37;;;;
PA;1506104;PRIMAVERA;6.216.790,07;3.648.623,87;0;0;3.648.623,87;9.865.413,94;;;;
PA;1506112;QUATIPURU;5.721.543,75;3.357.964,62;0;0;3.357.964,62;9.079.508,37;;;;
PA;1506138;REDENCAO;53.974.479,91;31.677.533,49;0;0;31.677.533,49;85.652.013,40;;;;
PA;1506161;RIO MARIA;11.350.804,54;6.661.768,51;0;0;6.661.768,51;18.012.573,05;;;;
PA;1506187;RONDON DO PARA;27.763.271,01;16.294.218,10;0;0;16.294.218,10;44.057.489,11;;;;
PA;1506195;RUROPOLIS;23.404.366,44;13.735.984,18;0;0;13.735.984,18;37.140.350,62;;;;
PA;1506203;SALINOPOLIS;23.101.725,22;13.558.364,54;0;0;13.558.364,54;36.660.089,76;;;;
PA;1506302;SALVATERRA;19.734.820,65;11.582.333,78;0;0;11.582.333,78;31.317.154,43;;;;
PA;1506351;SANTA BARBARA DO PARA;11.158.031,96;6.548.630,60;0;0;6.548.630,60;17.706.662,56;;;;
PA;1506401;SANTA CRUZ DO ARARI;6.048.637,45;3.549.935,37;0;0;3.549.935,37;9.598.572,82;;;;
PA;1506500;SANTA IZABEL DO PARA;43.025.633,83;25.251.673,74;0;0;25.251.673,74;68.277.307,57;;;;
PA;1506559;SANTA LUZIA DO PARA;17.415.855,28;10.221.336,83;0;0;10.221.336,83;27.637.192,11;;;;
PA;1506583;SANTA MARIA DAS BARREIRAS;14.901.940,07;8.745.924,12;0;0;8.745.924,12;23.647.864,19;;;;
PA;1506609;SANTA MARIA DO PARA;12.426.880,84;7.293.315,92;0;0;7.293.315,92;19.720.196,76;;;;
PA;1506708;SANTANA DO ARAGUAIA;48.862.908,12;28.677.560,42;0;0;28.677.560,42;77.540.468,54;;;;
PA;1506807;SANTAREM;227.185.248,23;133.334.648,54;0;0;133.334.648,54;360.519.896,77;;;;
PA;1506906;SANTAREM NOVO;5.915.153,74;3.471.594,00;0;0;3.471.594,00;9.386.747,74;;;;
PA;1507003;SANTO ANTONIO DO TAUA;22.091.302,14;12.965.348,89;0;0;12.965.348,89;35.056.651,03;;;;
PA;1507102;SAO CAETANO DE ODIVELAS;14.007.917,45;8.221.223,72;0;0;8.221.223,72;22.229.141,17;;;;
PA;1507151;SAO DOMINGOS DO ARAGUAIA;18.094.327,67;10.619.531,16;0;0;10.619.531,16;28.713.858,83;;;;
PA;1507201;SAO DOMINGOS DO CAPIM;31.170.706,39;18.294.036,32;0;0;18.294.036,32;49.464.742,71;;;;
PA;1507300;SAO FELIX DO XINGU;58.695.147,09;34.448.085,29;0;0;34.448.085,29;93.143.232,38;;;;
PA;1507409;SAO FRANCISCO DO PARA;10.489.441,04;6.156.235,70;0;0;6.156.235,70;16.645.676,74;;;;
PA;1507458;SAO GERALDO DO ARAGUAIA;20.986.418,82;12.316.894,68;0;0;12.316.894,68;33.303.313,50;;;;
PA;1507466;SAO JOAO DA PONTA;5.250.079,97;3.081.263,30;0;0;3.081.263,30;8.331.343,27;;;;
PA;1507474;SAO JOAO DE PIRABAS;16.859.980,22;9.895.094,67;0;0;9.895.094,67;26.755.074,89;;;;
PA;1507508;SAO JOAO DO ARAGUAIA;13.406.822,08;7.868.441,82;0;0;7.868.441,82;21.275.263,90;;;;
PA;1507607;SAO MIGUEL DO GUAMA;51.150.219,26;30.019.979,56;0;0;30.019.979,56;81.170.198,82;;;;
PA;1507706;SAO SEBASTIAO DA BOA VISTA;25.268.113,85;14.829.814,47;0;0;14.829.814,47;40.097.928,32;;;;
PA;1507755;SAPUCAIA;6.811.856,07;3.997.867,13;0;0;3.997.867,13;10.809.723,20;;;;
PA;1507805;SENADOR JOSE PORFIRIO;23.300.694,66;13.675.139,38;0;0;13.675.139,38;36.975.834,04;;;;
PA;1507904;SOURE;17.346.852,42;10.180.839,15;0;0;10.180.839,15;27.527.691,57;;;;
PA;1507953;TAILANDIA;63.539.583,97;37.291.277,33;0;0;37.291.277,33;100.830.861,30;;;;
PA;1507961;TERRA ALTA;5.668.619,21;3.326.903,30;0;0;3.326.903,30;8.995.522,51;;;;
PA;1507979;TERRA SANTA;17.358.576,20;10.187.719,83;0;0;10.187.719,83;27.546.296,03;;;;
PA;1508001;TOME-ACU;70.919.541,34;41.622.562,18;0;0;41.622.562,18;112.542.103,52;;;;
PA;1508035;TRACUATEUA;23.642.694,32;13.875.858,42;0;0;13.875.858,42;37.518.552,74;;;;
PA;1508050;TRAIRAO;13.750.999,01;8.070.438,70;0;0;8.070.438,70;21.821.437,71;;;;
PA;1508084;TUCUMA;29.089.064,00;17.072.323,82;0;0;17.072.323,82;46.161.387,82;;;;
PA;1508100;TUCURUI;67.921.601,15;39.863.076,00;0;0;39.863.076,00;107.784.677,15;;;;
PA;1508126;ULIANOPOLIS;23.862.431,61;14.004.821,87;0;0;14.004.821,87;37.867.253,48;;;;
PA;1508159;URUARA;45.409.749,96;26.650.907,57;0;0;26.650.907,57;72.060.657,53;;;;
PA;1508209;VIGIA;23.195.348,05;13.613.311,62;0;0;13.613.311,62;36.808.659,67;;;;
PA;1508308;VISEU;64.390.061,09;37.790.420,95;0;0;37.790.420,95;102.180.482,04;;;;
PA;1508357;VITORIA DO XINGU;17.071.845,84;10.019.438,24;0;0;10.019.438,24;27.091.284,08;;;;
PA;1508407;XINGUARA;34.637.430,65;20.328.651,08;0;0;20.328.651,08;54.966.081,73;;;;
PB;2500106;AGUA BRANCA;11.294.957,29;1.091.095,30;0;0;1.091.095,30;12.386.052,59;;;;
PB;2500205;AGUIAR;4.321.618,42;417.469,27;0;0;417.469,27;4.739.087,69;;;;
PB;2500304;ALAGOA GRANDE;21.727.578,27;2.098.888,74;0;0;2.098.888,74;23.826.467,01;;;;
PB;2500403;ALAGOA NOVA;19.018.417,22;1.837.183,20;0;0;1.837.183,20;20.855.600,42;;;;
PB;2500502;ALAGOINHA;12.461.704,58;1.203.803,34;0;0;1.203.803,34;13.665.507,92;;;;
PB;2500536;ALCANTIL;5.913.232,36;571.219,52;0;0;571.219,52;6.484.451,88;;;;
PB;2500577;ALGODAO DE JANDAIRA;3.348.036,39;323.421,04;0;0;323.421,04;3.671.457,43;;;;
PB;2500601;ALHANDRA;19.659.958,58;1.899.156,23;0;0;1.899.156,23;21.559.114,81;;;;
PB;2500734;AMPARO;2.531.507,17;244.544,14;0;0;244.544,14;2.776.051,31;;;;
PB;2500775;APARECIDA;7.092.582,67;685.145,01;0;0;685.145,01;7.777.727,68;;;;
PB;2500809;ARACAGI;16.931.408,29;1.635.577,68;0;0;1.635.577,68;18.566.985,97;;;;
PB;2500908;ARARA;9.332.766,56;901.547,26;0;0;901.547,26;10.234.313,82;;;;
PB;2501005;ARARUNA;19.593.792,81;1.892.764,60;0;0;1.892.764,60;21.486.557,41;;;;
PB;2501104;AREIA;19.114.151,58;1.846.431,15;0;0;1.846.431,15;20.960.582,73;;;;
PB;2501153;AREIA DE BARAUNAS;1.976.732,64;190.952,80;0;0;190.952,80;2.167.685,44;;;;
PB;2501203;AREIAL;8.547.017,76;825.643,75;0;0;825.643,75;9.372.661,51;;;;
PB;2501302;AROEIRAS;18.454.675,18;1.782.725,59;0;0;1.782.725,59;20.237.400,77;;;;
PB;2501351;ASSUNCAO;5.581.676,42;539.191,14;0;0;539.191,14;6.120.867,56;;;;
PB;2501401;BAIA DA TRAICAO;12.874.452,95;1.243.674,92;0;0;1.243.674,92;14.118.127,87;;;;
PB;2501500;BANANEIRAS;19.661.170,41;1.899.273,29;0;0;1.899.273,29;21.560.443,70;;;;
PB;2501534;BARAUNA;5.235.820,91;505.781,43;0;0;505.781,43;5.741.602,34;;;;
PB;2501609;BARRA DE SANTA ROSA;12.202.615,91;1.178.775,32;0;0;1.178.775,32;13.381.391,23;;;;
PB;2501575;BARRA DE SANTANA;8.120.212,20;784.414,24;0;0;784.414,24;8.904.626,44;;;;
PB;2501708;BARRA DE SAO MIGUEL;9.746.484,39;941.512,49;0;0;941.512,49;10.687.996,88;;;;
PB;2501807;BAYEUX;47.584.579,16;4.596.680,59;0;0;4.596.680,59;52.181.259,75;;;;
PB;2501906;BELEM;10.996.120,68;1.062.227,62;0;0;1.062.227,62;12.058.348,30;;;;
PB;2502003;BELEM DO BREJO DO CRUZ;7.624.332,47;736.512,16;0;0;736.512,16;8.360.844,63;;;;
PB;2502052;BERNARDINO BATISTA;8.601.549,98;830.911,58;0;0;830.911,58;9.432.461,56;;;;
PB;2502102;BOA VENTURA;4.505.089,08;435.192,57;0;0;435.192,57;4.940.281,65;;;;
PB;2502151;BOA VISTA;7.894.812,32;762.640,57;0;0;762.640,57;8.657.452,89;;;;
PB;2502201;BOM JESUS;4.350.459,91;420.255,36;0;0;420.255,36;4.770.715,27;;;;
PB;2502300;BOM SUCESSO;4.962.432,68;479.372,07;0;0;479.372,07;5.441.804,75;;;;
PB;2502409;BONITO DE SANTA FE;9.089.431,65;878.041,05;0;0;878.041,05;9.967.472,70;;;;
PB;2502508;BOQUEIRAO;13.444.981,23;1.298.788,08;0;0;1.298.788,08;14.743.769,31;;;;
PB;2502706;BORBOREMA;3.735.094,02;360.810,89;0;0;360.810,89;4.095.904,91;;;;
PB;2502805;BREJO DO CRUZ;17.222.489,20;1.663.696,16;0;0;1.663.696,16;18.886.185,36;;;;
PB;2502904;BREJO DOS SANTOS;5.576.829,11;538.722,89;0;0;538.722,89;6.115.552,00;;;;
PB;2503001;CAAPORA;21.218.610,82;2.049.722,37;0;0;2.049.722,37;23.268.333,19;;;;
PB;2503100;CABACEIRAS;5.858.457,77;565.928,28;0;0;565.928,28;6.424.386,05;;;;
PB;2503209;CABEDELO;43.130.871,57;4.166.451,47;0;0;4.166.451,47;47.297.323,04;;;;
PB;2503308;CACHOEIRA DOS INDIOS;7.720.066,82;745.760,12;0;0;745.760,12;8.465.826,94;;;;
PB;2503407;CACIMBA DE AREIA;2.868.879,89;277.134,41;0;0;277.134,41;3.146.014,30;;;;
PB;2503506;CACIMBA DE DENTRO;13.347.550,32;1.289.376,23;0;0;1.289.376,23;14.636.926,55;;;;
PB;2503555;CACIMBAS;10.933.832,75;1.056.210,60;0;0;1.056.210,60;11.990.043,35;;;;
PB;2503605;CAICARA;7.016.479,91;677.793,47;0;0;677.793,47;7.694.273,38;;;;
PB;2503704;CAJAZEIRAS;43.547.497,78;4.206.697,66;0;0;4.206.697,66;47.754.195,44;;;;
PB;2503753;CAJAZEIRINHAS;3.261.511,92;315.062,75;0;0;315.062,75;3.576.574,67;;;;
PB;2503803;CALDAS BRANDAO;5.790.110,71;559.325,94;0;0;559.325,94;6.349.436,65;;;;
PB;2503902;CAMALAU;6.323.072,34;610.810,15;0;0;610.810,15;6.933.882,49;;;;
PB;2504009;CAMPINA GRANDE;187.705.743,08;18.132.415,17;0;0;18.132.415,17;205.838.158,25;;;;
PB;2504033;CAPIM;7.642.994,62;738.314,92;0;0;738.314,92;8.381.309,54;;;;
PB;2504074;CARAUBAS;3.592.583,14;347.044,30;0;0;347.044,30;3.939.627,44;;;;
PB;2504108;CARRAPATEIRA;3.809.015,48;367.951,72;0;0;367.951,72;4.176.967,20;;;;
PB;2504157;CASSERENGUE;7.426.562,26;717.407,51;0;0;717.407,51;8.143.969,77;;;;
PB;2504207;CATINGUEIRA;5.103.004,64;492.951,35;0;0;492.951,35;5.595.955,99;;;;
PB;2504306;CATOLE DO ROCHA;20.724.427,66;2.001.984,17;0;0;2.001.984,17;22.726.411,83;;;;
PB;2504355;CATURITE;5.984.972,54;578.149,63;0;0;578.149,63;6.563.122,17;;;;
PB;2504405;CONCEICAO;14.739.697,48;1.423.857,95;0;0;1.423.857,95;16.163.555,43;;;;
PB;2504504;CONDADO;5.411.051,14;522.708,70;0;0;522.708,70;5.933.759,84;;;;
PB;2504603;CONDE;36.326.461,43;3.509.143,99;0;0;3.509.143,99;39.835.605,42;;;;
PB;2504702;CONGO;5.187.832,55;501.145,74;0;0;501.145,74;5.688.978,29;;;;
PB;2504801;COREMAS;10.276.052,91;992.668,92;0;0;992.668,92;11.268.721,83;;;;
PB;2504850;COXIXOLA;1.499.515,06;144.853,48;0;0;144.853,48;1.644.368,54;;;;
PB;2504900;CRUZ DO ESPIRITO SANTO;17.593.793,08;1.699.564,20;0;0;1.699.564,20;19.293.357,28;;;;
PB;2505006;CUBATI;8.391.419,14;810.612,89;0;0;810.612,89;9.202.032,03;;;;
PB;2505105;CUITE;13.552.591,49;1.309.183,25;0;0;1.309.183,25;14.861.774,74;;;;
PB;2505238;CUITE DE MAMANGUAPE;9.126.028,83;881.576,35;0;0;881.576,35;10.007.605,18;;;;
PB;2505204;CUITEGI;8.729.761,31;843.296,82;0;0;843.296,82;9.573.058,13;;;;
PB;2505279;CURRAL DE CIMA;7.040.231,72;680.087,90;0;0;680.087,90;7.720.319,62;;;;
PB;2505303;CURRAL VELHO;2.591.371,44;250.327,04;0;0;250.327,04;2.841.698,48;;;;
PB;2505352;DAMIAO;5.310.954,21;513.039,32;0;0;513.039,32;5.823.993,53;;;;
PB;2505402;DESTERRO;6.499.029,67;627.807,66;0;0;627.807,66;7.126.837,33;;;;
PB;2505600;DIAMANTE;3.771.691,21;364.346,18;0;0;364.346,18;4.136.037,39;;;;
PB;2505709;DONA INES;11.403.052,28;1.101.537,30;0;0;1.101.537,30;12.504.589,58;;;;
PB;2505808;DUAS ESTRADAS;3.979.640,77;384.434,15;0;0;384.434,15;4.364.074,92;;;;
PB;2505907;EMAS;2.956.373,81;285.586,35;0;0;285.586,35;3.241.960,16;;;;
PB;2506004;ESPERANCA;32.694.857,46;3.158.330,27;0;0;3.158.330,27;35.853.187,73;;;;
PB;2506103;FAGUNDES;9.588.219,75;926.224,09;0;0;926.224,09;10.514.443,84;;;;
PB;2506202;FREI MARTINHO;2.168.201,35;209.448,72;0;0;209.448,72;2.377.650,07;;;;
PB;2506251;GADO BRAVO;10.499.756,22;1.014.278,71;0;0;1.014.278,71;11.514.034,93;;;;
PB;2506301;GUARABIRA;32.726.364,97;3.161.373,90;0;0;3.161.373,90;35.887.738,87;;;;
PB;2506400;GURINHEM;17.196.313,73;1.661.167,61;0;0;1.661.167,61;18.857.481,34;;;;
PB;2506509;GURJAO;3.454.919,56;333.745,97;0;0;333.745,97;3.788.665,53;;;;
PB;2506608;IBIARA;3.908.627,68;377.574,28;0;0;377.574,28;4.286.201,96;;;;
PB;2502607;IGARACY;4.566.892,27;441.162,77;0;0;441.162,77;5.008.055,04;;;;
PB;2506707;IMACULADA;8.897.478,20;859.498,31;0;0;859.498,31;9.756.976,51;;;;
PB;2506806;INGA;16.314.588,21;1.575.992,73;0;0;1.575.992,73;17.890.580,94;;;;
PB;2506905;ITABAIANA;10.888.025,69;1.051.785,62;0;0;1.051.785,62;11.939.811,31;;;;
PB;2507002;ITAPORANGA;10.479.639,89;1.012.335,47;0;0;1.012.335,47;11.491.975,36;;;;
PB;2507101;ITAPOROROCA;17.727.821,17;1.712.511,34;0;0;1.712.511,34;19.440.332,51;;;;
PB;2507200;ITATUBA;9.593.794,15;926.762,58;0;0;926.762,58;10.520.556,73;;;;
PB;2507309;JACARAU;18.162.382,44;1.754.490,05;0;0;1.754.490,05;19.916.872,49;;;;
PB;2507408;JERICO;7.304.894,80;705.654,41;0;0;705.654,41;8.010.549,21;;;;
PB;2507507;JOAO PESSOA;383.953.898,98;37.090.029,25;0;0;37.090.029,25;421.043.928,23;;;;
PB;2513653;JOCA CLAUDINO;4.907.415,73;474.057,41;0;0;474.057,41;5.381.473,14;;;;
PB;2507606;JUAREZ TAVORA;7.159.960,26;691.653,70;0;0;691.653,70;7.851.613,96;;;;
PB;2507705;JUAZEIRINHO;17.599.852,22;1.700.149,51;0;0;1.700.149,51;19.300.001,73;;;;
PB;2507804;JUNCO DO SERIDO;5.748.181,49;555.275,57;0;0;555.275,57;6.303.457,06;;;;
PB;2507903;JURIPIRANGA;11.618.757,52;1.122.374,48;0;0;1.122.374,48;12.741.132,00;;;;
PB;2508000;JURU;8.871.545,10;856.993,17;0;0;856.993,17;9.728.538,27;;;;
PB;2508109;LAGOA;5.311.923,67;513.132,97;0;0;513.132,97;5.825.056,64;;;;
PB;2508208;LAGOA DE DENTRO;9.858.941,97;952.375,91;0;0;952.375,91;10.811.317,88;;;;
PB;2508307;LAGOA SECA;23.253.268,81;2.246.270,77;0;0;2.246.270,77;25.499.539,58;;;;
PB;2508406;LASTRO;3.376.150,79;326.136,89;0;0;326.136,89;3.702.287,68;;;;
PB;2508505;LIVRAMENTO;7.549.683,91;729.301,09;0;0;729.301,09;8.278.985,00;;;;
PB;2508554;LOGRADOURO;4.917.110,34;474.993,92;0;0;474.993,92;5.392.104,26;;;;
PB;2508604;LUCENA;14.840.279,15;1.433.574,16;0;0;1.433.574,16;16.273.853,31;;;;
PB;2508703;MAE DAGUA;3.833.494,40;370.316,38;0;0;370.316,38;4.203.810,78;;;;
PB;2508802;MALTA;5.933.106,33;573.139,35;0;0;573.139,35;6.506.245,68;;;;
PB;2508901;MAMANGUAPE;29.953.461,81;2.893.510,85;0;0;2.893.510,85;32.846.972,66;;;;
PB;2509008;MANAIRA;8.882.693,92;858.070,14;0;0;858.070,14;9.740.764,06;;;;
PB;2509057;MARCACAO;11.328.646,08;1.094.349,65;0;0;1.094.349,65;12.422.995,73;;;;
PB;2509107;MARI;20.652.202,75;1.995.007,23;0;0;1.995.007,23;22.647.209,98;;;;
PB;2509156;MARIZOPOLIS;8.778.961,50;848.049,57;0;0;848.049,57;9.627.011,07;;;;
PB;2509206;MASSARANDUBA;11.569.314,97;1.117.598,32;0;0;1.117.598,32;12.686.913,29;;;;
PB;2509305;MATARACA;11.802.955,27;1.140.168,02;0;0;1.140.168,02;12.943.123,29;;;;
PB;2509339;MATINHAS;5.100.096,26;492.670,40;0;0;492.670,40;5.592.766,66;;;;
PB;2509370;MATO GROSSO;3.804.652,91;367.530,29;0;0;367.530,29;4.172.183,20;;;;
PB;2509396;MATUREIA;7.104.458,57;686.292,23;0;0;686.292,23;7.790.750,80;;;;
PB;2509404;MOGEIRO;14.458.795,92;1.396.722,80;0;0;1.396.722,80;15.855.518,72;;;;
PB;2509503;MONTADAS;5.790.110,71;559.325,94;0;0;559.325,94;6.349.436,65;;;;
PB;2509602;MONTE HOREBE;7.970.915,07;769.992,11;0;0;769.992,11;8.740.907,18;;;;
PB;2509701;MONTEIRO;26.290.835,05;2.539.700,32;0;0;2.539.700,32;28.830.535,37;;;;
PB;2509800;MULUNGU;8.237.274,70;795.722,51;0;0;795.722,51;9.032.997,21;;;;
PB;2509909;NATUBA;11.298.350,40;1.091.423,08;0;0;1.091.423,08;12.389.773,48;;;;
PB;2510006;NAZAREZINHO;6.466.310,33;624.646,97;0;0;624.646,97;7.090.957,30;;;;
PB;2510105;NOVA FLORESTA;7.869.606,31;760.205,66;0;0;760.205,66;8.629.811,97;;;;
PB;2510204;NOVA OLINDA;6.723.217,71;649.464,28;0;0;649.464,28;7.372.681,99;;;;
PB;2510303;NOVA PALMEIRA;3.952.980,57;381.858,77;0;0;381.858,77;4.334.839,34;;;;
PB;2510402;OLHO DAGUA;5.885.360,34;568.527,07;0;0;568.527,07;6.453.887,41;;;;
PB;2510501;OLIVEDOS;3.913.959,73;378.089,35;0;0;378.089,35;4.292.049,08;;;;
PB;2510600;OURO VELHO;2.913.959,86;281.489,15;0;0;281.489,15;3.195.449,01;;;;
PB;2510659;PARARI;1.174.260,63;113.433,83;0;0;113.433,83;1.287.694,46;;;;
PB;2510709;PASSAGEM;2.490.062,68;240.540,59;0;0;240.540,59;2.730.603,27;;;;
PB;2510808;PATOS;56.429.948,80;5.451.145,19;0;0;5.451.145,19;61.881.093,99;;;;
PB;2510907;PAULISTA;15.137.903,92;1.462.324,78;0;0;1.462.324,78;16.600.228,70;;;;
PB;2511004;PEDRA BRANCA;4.005.089,14;386.892,47;0;0;386.892,47;4.391.981,61;;;;
PB;2511103;PEDRA LAVRADA;8.629.422,01;833.604,02;0;0;833.604,02;9.463.026,03;;;;
PB;2511202;PEDRAS DE FOGO;34.170.620,71;3.300.889,31;0;0;3.300.889,31;37.471.510,02;;;;
PB;2512721;PEDRO REGIS;5.813.862,53;561.620,37;0;0;561.620,37;6.375.482,90;;;;
PB;2511301;PIANCO;7.839.795,36;757.325,92;0;0;757.325,92;8.597.121,28;;;;
PB;2511400;PICUI;17.034.413,61;1.645.528,02;0;0;1.645.528,02;18.679.941,63;;;;
PB;2511509;PILAR;10.958.311,67;1.058.575,26;0;0;1.058.575,26;12.016.886,93;;;;
PB;2511608;PILOES;7.867.667,39;760.018,36;0;0;760.018,36;8.627.685,75;;;;
PB;2511707;PILOEZINHOS;5.411.051,14;522.708,70;0;0;522.708,70;5.933.759,84;;;;
PB;2511806;PIRPIRITUBA;6.183.469,84;597.324,52;0;0;597.324,52;6.780.794,36;;;;
PB;2511905;PITIMBU;20.850.942,43;2.014.205,52;0;0;2.014.205,52;22.865.147,95;;;;
PB;2512002;POCINHOS;17.163.836,77;1.658.030,32;0;0;1.658.030,32;18.821.867,09;;;;
PB;2512036;POCO DANTAS;8.236.789,98;795.675,68;0;0;795.675,68;9.032.465,66;;;;
PB;2512077;POCO DE JOSE DE MOURA;7.733.639,29;747.071,22;0;0;747.071,22;8.480.710,51;;;;
PB;2512101;POMBAL;27.089.671,59;2.616.868,10;0;0;2.616.868,10;29.706.539,69;;;;
PB;2512200;PRATA;3.576.344,65;345.475,66;0;0;345.475,66;3.921.820,31;;;;
PB;2512309;PRINCESA ISABEL;14.379.784,79;1.389.090,30;0;0;1.389.090,30;15.768.875,09;;;;
PB;2512408;PUXINANA;16.376.149,04;1.581.939,52;0;0;1.581.939,52;17.958.088,56;;;;
PB;2512507;QUEIMADAS;46.537.318,04;4.495.514,93;0;0;4.495.514,93;51.032.832,97;;;;
PB;2512606;QUIXABA;2.347.551,79;226.774,01;0;0;226.774,01;2.574.325,80;;;;
PB;2512705;REMIGIO;15.822.828,70;1.528.488,66;0;0;1.528.488,66;17.351.317,36;;;;
PB;2512747;RIACHAO;3.677.653,41;355.262,11;0;0;355.262,11;4.032.915,52;;;;
PB;2512754;RIACHAO DO BACAMARTE;7.609.790,55;735.107,40;0;0;735.107,40;8.344.897,95;;;;
PB;2512762;RIACHAO DO POCO;5.686.135,94;549.281,95;0;0;549.281,95;6.235.417,89;;;;
PB;2512788;RIACHO DE SANTO ANTONIO;2.995.637,02;289.379,18;0;0;289.379,18;3.285.016,20;;;;
PB;2512804;RIACHO DOS CAVALOS;10.474.550,22;1.011.843,80;0;0;1.011.843,80;11.486.394,02;;;;
PB;2512903;RIO TINTO;19.137.418,66;1.848.678,76;0;0;1.848.678,76;20.986.097,42;;;;
PB;2513000;SALGADINHO;3.495.879,32;337.702,69;0;0;337.702,69;3.833.582,01;;;;
PB;2513109;SALGADO DE SAO FELIX;12.129.179,17;1.171.681,32;0;0;1.171.681,32;13.300.860,49;;;;
PB;2513158;SANTA CECILIA;7.757.875,84;749.412,47;0;0;749.412,47;8.507.288,31;;;;
PB;2513208;SANTA CRUZ;4.275.326,62;412.997,47;0;0;412.997,47;4.688.324,09;;;;
PB;2513307;SANTA HELENA;7.269.024,71;702.189,35;0;0;702.189,35;7.971.214,06;;;;
PB;2513356;SANTA INES;2.349.005,99;226.914,48;0;0;226.914,48;2.575.920,47;;;;
PB;2513406;SANTA LUZIA;8.463.159,31;817.543,01;0;0;817.543,01;9.280.702,32;;;;
PB;2513703;SANTA RITA;75.607.115,39;7.303.663,61;0;0;7.303.663,61;82.910.779,00;;;;
PB;2513802;SANTA TERESINHA;3.830.101,28;369.988,61;0;0;369.988,61;4.200.089,89;;;;
PB;2513505;SANTANA DE MANGUEIRA;4.249.635,88;410.515,74;0;0;410.515,74;4.660.151,62;;;;
PB;2513604;SANTANA DOS GARROTES;7.207.706,25;696.265,98;0;0;696.265,98;7.903.972,23;;;;
PB;2513851;SANTO ANDRE;2.461.948,29;237.824,73;0;0;237.824,73;2.699.773,02;;;;
PB;2513927;SAO BENTINHO;4.285.505,97;413.980,80;0;0;413.980,80;4.699.486,77;;;;
PB;2513901;SAO BENTO;41.837.124,78;4.041.475,25;0;0;4.041.475,25;45.878.600,03;;;;
PB;2513968;SAO DOMINGOS;2.815.317,12;271.960,24;0;0;271.960,24;3.087.277,36;;;;
PB;2513943;SAO DOMINGOS DO CARIRI;2.965.583,71;286.476,02;0;0;286.476,02;3.252.059,73;;;;
PB;2513984;SAO FRANCISCO;3.409.597,22;329.367,82;0;0;329.367,82;3.738.965,04;;;;
PB;2514008;SAO JOAO DO CARIRI;4.597.672,67;444.136,17;0;0;444.136,17;5.041.808,84;;;;
PB;2500700;SAO JOAO DO RIO DO PEIXE;21.950.554,49;2.120.428,29;0;0;2.120.428,29;24.070.982,78;;;;
PB;2514107;SAO JOAO DO TIGRE;4.901.114,22;473.448,69;0;0;473.448,69;5.374.562,91;;;;
PB;2514206;SAO JOSE DA LAGOA TAPADA;7.933.833,16;766.409,99;0;0;766.409,99;8.700.243,15;;;;
PB;2514305;SAO JOSE DE CAIANA;5.908.627,42;570.774,68;0;0;570.774,68;6.479.402,10;;;;
PB;2514404;SAO JOSE DE ESPINHARAS;3.291.807,61;317.989,32;0;0;317.989,32;3.609.796,93;;;;
PB;2514503;SAO JOSE DE PIRANHAS;20.498.058,33;1.980.116,84;0;0;1.980.116,84;22.478.175,17;;;;
PB;2514552;SAO JOSE DE PRINCESA;1.980.125,77;191.280,57;0;0;191.280,57;2.171.406,34;;;;
PB;2514602;SAO JOSE DO BONFIM;3.141.541,02;303.473,54;0;0;303.473,54;3.445.014,56;;;;
PB;2514651;SAO JOSE DO BREJO DO CRUZ;3.317.740,70;320.494,47;0;0;320.494,47;3.638.235,17;;;;
PB;2514701;SAO JOSE DO SABUGI;3.774.114,86;364.580,31;0;0;364.580,31;4.138.695,17;;;;
PB;2514800;SAO JOSE DOS CORDEIROS;2.357.004,04;227.687,10;0;0;227.687,10;2.584.691,14;;;;
PB;2514453;SAO JOSE DOS RAMOS;7.968.733,78;769.781,40;0;0;769.781,40;8.738.515,18;;;;
PB;2514909;SAO MAMEDE;5.871.787,87;567.215,97;0;0;567.215,97;6.439.003,84;;;;
PB;2515005;SAO MIGUEL DE TAIPU;7.455.161,39;720.170,19;0;0;720.170,19;8.175.331,58;;;;
PB;2515104;SAO SEBASTIAO DE LAGOA DE ROCA;8.368.394,42;808.388,70;0;0;808.388,70;9.176.783,12;;;;
PB;2515203;SAO SEBASTIAO DO UMBUZEIRO;3.625.787,20;350.251,82;0;0;350.251,82;3.976.039,02;;;;
PB;2515401;SAO VICENTE DO SERIDO;9.694.618,19;936.502,20;0;0;936.502,20;10.631.120,39;;;;
PB;2515302;SAPE;35.018.172,70;3.382.763,02;0;0;3.382.763,02;38.400.935,72;;;;
PB;2515500;SERRA BRANCA;7.328.888,98;707.972,25;0;0;707.972,25;8.036.861,23;;;;
PB;2515609;SERRA DA RAIZ;3.732.670,37;360.576,76;0;0;360.576,76;4.093.247,13;;;;
PB;2515708;SERRA GRANDE;3.432.621,93;331.592,02;0;0;331.592,02;3.764.213,95;;;;
PB;2515807;SERRA REDONDA;4.153.901,53;401.267,78;0;0;401.267,78;4.555.169,31;;;;
PB;2515906;SERRARIA;3.512.117,80;339.271,34;0;0;339.271,34;3.851.389,14;;;;
PB;2515930;SERTAOZINHO;6.180.561,46;597.043,57;0;0;597.043,57;6.777.605,03;;;;
PB;2515971;SOBRADO;9.211.583,83;889.840,98;0;0;889.840,98;10.101.424,81;;;;
PB;2516003;SOLANEA;17.128.451,41;1.654.612,09;0;0;1.654.612,09;18.783.063,50;;;;
PB;2516102;SOLEDADE;13.895.053,88;1.342.265,19;0;0;1.342.265,19;15.237.319,07;;;;
PB;2516151;SOSSEGO;4.095.491,45;395.625,36;0;0;395.625,36;4.491.116,81;;;;
PB;2516201;SOUSA;29.390.446,85;2.839.123,49;0;0;2.839.123,49;32.229.570,34;;;;
PB;2516300;SUME;13.271.689,93;1.282.048,10;0;0;1.282.048,10;14.553.738,03;;;;
PB;2516409;TACIMA;8.072.466,20;779.801,97;0;0;779.801,97;8.852.268,17;;;;
PB;2516508;TAPEROA;10.859.184,19;1.048.999,53;0;0;1.048.999,53;11.908.183,72;;;;
PB;2516607;TAVARES;12.167.230,55;1.175.357,09;0;0;1.175.357,09;13.342.587,64;;;;
PB;2516706;TEIXEIRA;14.636.692,17;1.413.907,61;0;0;1.413.907,61;16.050.599,78;;;;
PB;2516755;TENORIO;3.553.562,30;343.274,88;0;0;343.274,88;3.896.837,18;;;;
PB;2516805;TRIUNFO;11.117.545,77;1.073.957,31;0;0;1.073.957,31;12.191.503,08;;;;
PB;2516904;UIRAUNA;17.629.905,53;1.703.052,67;0;0;1.703.052,67;19.332.958,20;;;;
PB;2517001;UMBUZEIRO;14.116.818,27;1.363.687,68;0;0;1.363.687,68;15.480.505,95;;;;
PB;2517100;VARZEA;2.148.085,02;207.505,48;0;0;207.505,48;2.355.590,50;;;;
PB;2517209;VIEIROPOLIS;4.129.422,62;398.903,11;0;0;398.903,11;4.528.325,73;;;;
PB;2505501;VISTA SERRANA;3.591.371,31;346.927,24;0;0;346.927,24;3.938.298,55;;;;
PB;2517407;ZABELE;2.770.721,88;267.652,33;0;0;267.652,33;3.038.374,21;;;;
PE;2600054;ABREU E LIMA;31.535.753,46;4.025.610,01;0;0;4.025.610,01;35.561.363,47;;;;
PE;2600104;AFOGADOS DA INGAZEIRA;33.760.916,56;4.309.657,10;0;0;4.309.657,10;38.070.573,66;;;;
PE;2600203;AFRANIO;14.757.820,97;1.883.869,11;0;0;1.883.869,11;16.641.690,08;;;;
PE;2600302;AGRESTINA;19.580.539,68;2.499.500,03;0;0;2.499.500,03;22.080.039,71;;;;
PE;2600401;AGUA PRETA;21.374.387,41;2.728.488,73;0;0;2.728.488,73;24.102.876,14;;;;
PE;2600500;AGUAS BELAS;36.082.241,77;4.605.979,50;0;0;4.605.979,50;40.688.221,27;;;;
PE;2600609;ALAGOINHA;13.479.901,85;1.720.739,86;0;0;1.720.739,86;15.200.641,71;;;;
PE;2600708;ALIANCA;27.399.603,97;3.497.621,21;0;0;3.497.621,21;30.897.225,18;;;;
PE;2600807;ALTINHO;11.376.591,23;1.452.247,52;0;0;1.452.247,52;12.828.838,75;;;;
PE;2600906;AMARAJI;14.912.198,87;1.903.575,80;0;0;1.903.575,80;16.815.774,67;;;;
PE;2601003;ANGELIM;9.559.174,36;1.220.250,15;0;0;1.220.250,15;10.779.424,51;;;;
PE;2601052;ARACOIABA;19.503.704,27;2.489.691,81;0;0;2.489.691,81;21.993.396,08;;;;
PE;2601102;ARARIPINA;62.241.637,27;7.945.285,30;0;0;7.945.285,30;70.186.922,57;;;;
PE;2601201;ARCOVERDE;36.285.172,13;4.631.884,01;0;0;4.631.884,01;40.917.056,14;;;;
PE;2601300;BARRA DE GUABIRABA;10.030.792,98;1.280.453,33;0;0;1.280.453,33;11.311.246,31;;;;
PE;2601409;BARREIROS;34.376.542,66;4.388.243,16;0;0;4.388.243,16;38.764.785,82;;;;
PE;2601508;BELEM DE MARIA;10.587.024,84;1.351.457,58;0;0;1.351.457,58;11.938.482,42;;;;
PE;2601607;BELEM DO SAO FRANCISCO;13.175.624,17;1.681.898,13;0;0;1.681.898,13;14.857.522,30;;;;
PE;2601706;BELO JARDIM;51.434.240,93;6.565.696,79;0;0;6.565.696,79;57.999.937,72;;;;
PE;2601805;BETANIA;12.024.507,07;1.534.955,43;0;0;1.534.955,43;13.559.462,50;;;;
PE;2601904;BEZERROS;32.757.578,00;4.181.578,67;0;0;4.181.578,67;36.939.156,67;;;;
PE;2602001;BODOCO;28.767.085,84;3.672.183,35;0;0;3.672.183,35;32.439.269,19;;;;
PE;2602100;BOM CONSELHO;37.426.625,89;4.777.593,16;0;0;4.777.593,16;42.204.219,05;;;;
PE;2602209;BOM JARDIM;28.360.282,38;3.620.253,97;0;0;3.620.253,97;31.980.536,35;;;;
PE;2602308;BONITO;31.639.929,08;4.038.908,27;0;0;4.038.908,27;35.678.837,35;;;;
PE;2602407;BREJAO;11.580.700,04;1.478.302,46;0;0;1.478.302,46;13.059.002,50;;;;
PE;2602506;BREJINHO;7.664.450,68;978.384,41;0;0;978.384,41;8.642.835,09;;;;
PE;2602605;BREJO DA MADRE DE DEUS;41.684.156,48;5.321.076,53;0;0;5.321.076,53;47.005.233,01;;;;
PE;2602704;BUENOS AIRES;11.021.168,51;1.406.877,00;0;0;1.406.877,00;12.428.045,51;;;;
PE;2602803;BUIQUE;44.639.256,04;5.698.301,66;0;0;5.698.301,66;50.337.557,70;;;;
PE;2602902;CABO DE SANTO AGOSTINHO;158.445.235,92;20.225.891,52;0;0;20.225.891,52;178.671.127,44;;;;
PE;2603009;CABROBO;22.165.367,96;2.829.459,18;0;0;2.829.459,18;24.994.827,14;;;;
PE;2603108;CACHOEIRINHA;11.426.557,83;1.458.625,86;0;0;1.458.625,86;12.885.183,69;;;;
PE;2603207;CAETES;25.545.183,54;3.260.900,26;0;0;3.260.900,26;28.806.083,80;;;;
PE;2603306;CALCADO;9.430.251,14;1.203.792,81;0;0;1.203.792,81;10.634.043,95;;;;
PE;2603405;CALUMBI;6.373.804,24;813.630,48;0;0;813.630,48;7.187.434,72;;;;
PE;2603454;CAMARAGIBE;49.971.775,40;6.379.009,77;0;0;6.379.009,77;56.350.785,17;;;;
PE;2603504;CAMOCIM DE SAO FELIX;12.639.426,10;1.613.451,23;0;0;1.613.451,23;14.252.877,33;;;;
PE;2603603;CAMUTANGA;6.682.560,06;853.043,85;0;0;853.043,85;7.535.603,91;;;;
PE;2603702;CANHOTINHO;21.936.747,24;2.800.275,23;0;0;2.800.275,23;24.737.022,47;;;;
PE;2603801;CAPOEIRAS;16.727.730,21;2.135.332,47;0;0;2.135.332,47;18.863.062,68;;;;
PE;2603900;CARNAIBA;20.590.241,91;2.628.390,79;0;0;2.628.390,79;23.218.632,70;;;;
PE;2603926;CARNAUBEIRA DA PENHA;8.115.328,46;1.035.939,97;0;0;1.035.939,97;9.151.268,43;;;;
PE;2604007;CARPINA;41.612.034,89;5.311.870,05;0;0;5.311.870,05;46.923.904,94;;;;
PE;2604106;CARUARU;247.771.121,98;31.628.542,23;0;0;31.628.542,23;279.399.664,21;;;;
PE;2604155;CASINHAS;13.378.083,14;1.707.742,47;0;0;1.707.742,47;15.085.825,61;;;;
PE;2604205;CATENDE;22.074.391,05;2.817.845,78;0;0;2.817.845,78;24.892.236,83;;;;
PE;2604304;CEDRO;8.592.839,37;1.096.895,31;0;0;1.096.895,31;9.689.734,68;;;;
PE;2604403;CHA DE ALEGRIA;11.080.562,76;1.414.458,81;0;0;1.414.458,81;12.495.021,57;;;;
PE;2604502;CHA GRANDE;25.702.625,44;3.280.998,07;0;0;3.280.998,07;28.983.623,51;;;;
PE;2604601;CONDADO;19.443.131,55;2.481.959,57;0;0;2.481.959,57;21.925.091,12;;;;
PE;2604700;CORRENTES;14.702.433,48;1.876.798,77;0;0;1.876.798,77;16.579.232,25;;;;
PE;2604809;CORTES;11.982.553,98;1.529.600,03;0;0;1.529.600,03;13.512.154,01;;;;
PE;2604908;CUMARU;15.895.032,27;2.029.036,70;0;0;2.029.036,70;17.924.068,97;;;;
PE;2605004;CUPIRA;23.701.604,92;3.025.563,29;0;0;3.025.563,29;26.727.168,21;;;;
PE;2605103;CUSTODIA;40.447.011,99;5.163.152,25;0;0;5.163.152,25;45.610.164,24;;;;
PE;2605152;DORMENTES;15.410.450,62;1.967.178,76;0;0;1.967.178,76;17.377.629,38;;;;
PE;2605202;ESCADA;37.296.995,58;4.761.045,56;0;0;4.761.045,56;42.058.041,14;;;;
PE;2605301;EXU;26.048.856,19;3.325.195,21;0;0;3.325.195,21;29.374.051,40;;;;
PE;2605400;FEIRA NOVA;15.933.214,29;2.033.910,72;0;0;2.033.910,72;17.967.125,01;;;;
PE;2605509;FERREIROS;7.710.646,22;984.281,37;0;0;984.281,37;8.694.927,59;;;;
PE;2605608;FLORES;14.742.972,40;1.881.973,66;0;0;1.881.973,66;16.624.946,06;;;;
PE;2605707;FLORESTA;26.232.459,85;3.348.632,63;0;0;3.348.632,63;29.581.092,48;;;;
PE;2605806;FREI MIGUELINHO;10.562.041,53;1.348.268,41;0;0;1.348.268,41;11.910.309,94;;;;
PE;2605905;GAMELEIRA;16.986.519,43;2.168.367,50;0;0;2.168.367,50;19.154.886,93;;;;
PE;2606002;GARANHUNS;89.867.269,36;11.471.759,50;0;0;11.471.759,50;101.339.028,86;;;;
PE;2606101;GLORIA DO GOITA;21.063.274,67;2.688.774,49;0;0;2.688.774,49;23.752.049,16;;;;
PE;2606200;GOIANA;60.880.990,46;7.771.595,66;0;0;7.771.595,66;68.652.586,12;;;;
PE;2606309;GRANITO;7.740.343,34;988.072,28;0;0;988.072,28;8.728.415,62;;;;
PE;2606408;GRAVATA;44.343.934,64;5.660.603,21;0;0;5.660.603,21;50.004.537,85;;;;
PE;2606507;IATI;18.065.986,34;2.306.163,88;0;0;2.306.163,88;20.372.150,22;;;;
PE;2606606;IBIMIRIM;17.588.711,13;2.245.238,62;0;0;2.245.238,62;19.833.949,75;;;;
PE;2606705;IBIRAJUBA;6.996.501,08;893.119,13;0;0;893.119,13;7.889.620,21;;;;
PE;2606804;IGARASSU;72.412.902,37;9.243.670,21;0;0;9.243.670,21;81.656.572,58;;;;
PE;2606903;IGUARACY;9.903.755,27;1.264.236,69;0;0;1.264.236,69;11.167.991,96;;;;
PE;2607604;ILHA DE ITAMARACA;9.993.553,73;1.275.699,66;0;0;1.275.699,66;11.269.253,39;;;;
PE;2607000;INAJA;17.896.524,18;2.284.531,65;0;0;2.284.531,65;20.181.055,83;;;;
PE;2607109;INGAZEIRA;4.891.069,25;624.356,01;0;0;624.356,01;5.515.425,26;;;;
PE;2607208;IPOJUCA;105.224.453,71;13.432.138,71;0;0;13.432.138,71;118.656.592,42;;;;
PE;2607307;IPUBI;31.687.538,76;4.044.985,75;0;0;4.044.985,75;35.732.524,51;;;;
PE;2607406;ITACURUBA;5.047.096,99;644.273,31;0;0;644.273,31;5.691.370,30;;;;
PE;2607505;ITAIBA;23.606.621,25;3.013.438,42;0;0;3.013.438,42;26.620.059,67;;;;
PE;2607653;ITAMBE;23.704.433,22;3.025.924,33;0;0;3.025.924,33;26.730.357,55;;;;
PE;2607703;ITAPETIM;11.611.811,31;1.482.273,89;0;0;1.482.273,89;13.094.085,20;;;;
PE;2607752;ITAPISSUMA;19.496.162,14;2.488.729,04;0;0;2.488.729,04;21.984.891,18;;;;
PE;2607802;ITAQUITINGA;10.713.119,76;1.367.553,89;0;0;1.367.553,89;12.080.673,65;;;;
PE;2607901;JABOATAO DOS GUARARAPES;326.386.716,58;41.664.000,09;0;0;41.664.000,09;368.050.716,67;;;;
PE;2607950;JAQUEIRA;11.567.501,32;1.476.617,62;0;0;1.476.617,62;13.044.118,94;;;;
PE;2608008;JATAUBA;17.505.512,04;2.234.618,07;0;0;2.234.618,07;19.740.130,11;;;;
PE;2608057;JATOBA;8.602.502,72;1.098.128,86;0;0;1.098.128,86;9.700.631,58;;;;
PE;2608107;JOAO ALFREDO;21.858.969,06;2.790.346,67;0;0;2.790.346,67;24.649.315,73;;;;
PE;2608206;JOAQUIM NABUCO;12.055.382,64;1.538.896,77;0;0;1.538.896,77;13.594.279,41;;;;
PE;2608255;JUCATI;12.015.786,48;1.533.842,23;0;0;1.533.842,23;13.549.628,71;;;;
PE;2608305;JUPI;18.726.158,12;2.390.436,30;0;0;2.390.436,30;21.116.594,42;;;;
PE;2608404;JUREMA;13.186.701,68;1.683.312,19;0;0;1.683.312,19;14.870.013,87;;;;
PE;2608503;LAGOA DE ITAENGA;13.721.721,30;1.751.608,65;0;0;1.751.608,65;15.473.329,95;;;;
PE;2608453;LAGOA DO CARRO;13.856.301,12;1.768.788,07;0;0;1.768.788,07;15.625.089,19;;;;
PE;2608602;LAGOA DO OURO;12.931.447,81;1.650.728,46;0;0;1.650.728,46;14.582.176,27;;;;
PE;2608701;LAGOA DOS GATOS;13.293.234,21;1.696.911,31;0;0;1.696.911,31;14.990.145,52;;;;
PE;2608750;LAGOA GRANDE;23.654.230,93;3.019.515,90;0;0;3.019.515,90;26.673.746,83;;;;
PE;2608800;LAJEDO;40.882.334,12;5.218.722,10;0;0;5.218.722,10;46.101.056,22;;;;
PE;2608909;LIMOEIRO;30.219.652,32;3.857.606,74;0;0;3.857.606,74;34.077.259,06;;;;
PE;2609006;MACAPARANA;18.582.857,71;2.372.143,68;0;0;2.372.143,68;20.955.001,39;;;;
PE;2609105;MACHADOS;10.191.063,17;1.300.912,19;0;0;1.300.912,19;11.491.975,36;;;;
PE;2609154;MANARI;19.300.066,84;2.463.697,04;0;0;2.463.697,04;21.763.763,88;;;;
PE;2609204;MARAIAL;9.379.813,16;1.197.354,29;0;0;1.197.354,29;10.577.167,45;;;;
PE;2609303;MIRANDIBA;12.528.886,80;1.599.340,64;0;0;1.599.340,64;14.128.227,44;;;;
PE;2614303;MOREILANDIA;8.630.550,00;1.101.709,16;0;0;1.101.709,16;9.732.259,16;;;;
PE;2609402;MORENO;31.878.448,85;4.069.355,85;0;0;4.069.355,85;35.947.804,70;;;;
PE;2609501;NAZARE DA MATA;14.104.955,61;1.800.529,38;0;0;1.800.529,38;15.905.484,99;;;;
PE;2609600;OLINDA;128.149.455,25;16.358.566,83;0;0;16.358.566,83;144.508.022,08;;;;
PE;2609709;OROBO;20.696.303,07;2.641.929,74;0;0;2.641.929,74;23.338.232,81;;;;
PE;2609808;OROCO;14.795.531,60;1.888.682,96;0;0;1.888.682,96;16.684.214,56;;;;
PE;2609907;OURICURI;49.352.613,92;6.299.972,41;0;0;6.299.972,41;55.652.586,33;;;;
PE;2610004;PALMARES;36.936.387,65;4.715.013,14;0;0;4.715.013,14;41.651.400,79;;;;
PE;2610103;PALMEIRINA;6.439.797,85;822.054,71;0;0;822.054,71;7.261.852,56;;;;
PE;2610202;PANELAS;31.972.254,04;4.081.330,30;0;0;4.081.330,30;36.053.584,34;;;;
PE;2610301;PARANATAMA;13.702.158,90;1.749.111,47;0;0;1.749.111,47;15.451.270,37;;;;
PE;2610400;PARNAMIRIM;15.996.143,91;2.041.943,83;0;0;2.041.943,83;18.038.087,74;;;;
PE;2610509;PASSIRA;20.472.631,87;2.613.377,61;0;0;2.613.377,61;23.086.009,48;;;;
PE;2610608;PAUDALHO;43.199.181,20;5.514.472,86;0;0;5.514.472,86;48.713.654,06;;;;
PE;2610707;PAULISTA;108.662.013,69;13.870.950,99;0;0;13.870.950,99;122.532.964,68;;;;
PE;2610806;PEDRA;15.951.598,22;2.036.257,47;0;0;2.036.257,47;17.987.855,69;;;;
PE;2610905;PESQUEIRA;50.187.433,08;6.406.538,96;0;0;6.406.538,96;56.593.972,04;;;;
PE;2611002;PETROLANDIA;33.172.394,98;4.234.530,99;0;0;4.234.530,99;37.406.925,97;;;;
PE;2611101;PETROLINA;293.104.725,07;37.415.478,85;0;0;37.415.478,85;330.520.203,92;;;;
PE;2611200;POCAO;9.597.356,37;1.225.124,18;0;0;1.225.124,18;10.822.480,55;;;;
PE;2611309;POMBOS;19.824.008,96;2.530.579,43;0;0;2.530.579,43;22.354.588,39;;;;
PE;2611408;PRIMAVERA;9.570.958,94;1.221.754,48;0;0;1.221.754,48;10.792.713,42;;;;
PE;2611507;QUIPAPA;17.777.735,68;2.269.368,03;0;0;2.269.368,03;20.047.103,71;;;;
PE;2611533;QUIXABA;10.128.604,94;1.292.939,25;0;0;1.292.939,25;11.421.544,19;;;;
PE;2611606;RECIFE;490.155.751,27;62.569.486,52;0;0;62.569.486,52;552.725.237,79;;;;
PE;2611705;RIACHO DAS ALMAS;19.524.209,42;2.492.309,34;0;0;2.492.309,34;22.016.518,76;;;;
PE;2611804;RIBEIRAO;24.834.809,47;3.170.219,41;0;0;3.170.219,41;28.005.028,88;;;;
PE;2611903;RIO FORMOSO;23.388.370,97;2.985.578,27;0;0;2.985.578,27;26.373.949,24;;;;
PE;2612000;SAIRE;7.848.761,41;1.001.912,09;0;0;1.001.912,09;8.850.673,50;;;;
PE;2612109;SALGADINHO;5.168.242,40;659.737,79;0;0;659.737,79;5.827.980,19;;;;
PE;2612208;SALGUEIRO;40.468.695,60;5.165.920,21;0;0;5.165.920,21;45.634.615,81;;;;
PE;2612307;SALOA;14.852.097,55;1.895.903,73;0;0;1.895.903,73;16.748.001,28;;;;
PE;2612406;SANHARO;16.191.296,44;2.066.855,49;0;0;2.066.855,49;18.258.151,93;;;;
PE;2612455;SANTA CRUZ;16.036.918,54;2.047.148,80;0;0;2.047.148,80;18.084.067,34;;;;
PE;2612471;SANTA CRUZ DA BAIXA VERDE;9.764.225,94;1.246.425,45;0;0;1.246.425,45;11.010.651,39;;;;
PE;2612505;SANTA CRUZ DO CAPIBARIBE;66.553.376,89;8.495.688,58;0;0;8.495.688,58;75.049.065,47;;;;
PE;2612554;SANTA FILOMENA;12.255.249,01;1.564.410,16;0;0;1.564.410,16;13.819.659,17;;;;
PE;2612604;SANTA MARIA DA BOA VISTA;42.657.090,83;5.445.273,80;0;0;5.445.273,80;48.102.364,63;;;;
PE;2612703;SANTA MARIA DO CAMBUCA;11.254.031,68;1.436.602,51;0;0;1.436.602,51;12.690.634,19;;;;
PE;2612802;SANTA TEREZINHA;9.337.860,08;1.191.998,89;0;0;1.191.998,89;10.529.858,97;;;;
PE;2612901;SAO BENEDITO DO SUL;9.552.810,69;1.219.437,82;0;0;1.219.437,82;10.772.248,51;;;;
PE;2613008;SAO BENTO DO UNA;45.370.370,96;5.791.630,12;0;0;5.791.630,12;51.162.001,08;;;;
PE;2613107;SAO CAITANO;24.978.109,88;3.188.512,03;0;0;3.188.512,03;28.166.621,91;;;;
PE;2613206;SAO JOAO;22.690.252,84;2.896.461,92;0;0;2.896.461,92;25.586.714,76;;;;
PE;2613305;SAO JOAQUIM DO MONTE;17.260.157,22;2.203.297,98;0;0;2.203.297,98;19.463.455,20;;;;
PE;2613404;SAO JOSE DA COROA GRANDE;19.435.825,12;2.481.026,89;0;0;2.481.026,89;21.916.852,01;;;;
PE;2613503;SAO JOSE DO BELMONTE;24.634.707,42;3.144.675,93;0;0;3.144.675,93;27.779.383,35;;;;
PE;2613602;SAO JOSE DO EGITO;23.372.343,94;2.983.532,39;0;0;2.983.532,39;26.355.876,33;;;;
PE;2613701;SAO LOURENCO DA MATA;63.907.740,22;8.157.967,09;0;0;8.157.967,09;72.065.707,31;;;;
PE;2613800;SAO VICENTE FERRER;13.369.833,94;1.706.689,44;0;0;1.706.689,44;15.076.523,38;;;;
PE;2613909;SERRA TALHADA;61.958.100,44;7.909.091,18;0;0;7.909.091,18;69.867.191,62;;;;
PE;2614006;SERRITA;19.097.372,18;2.437.822,61;0;0;2.437.822,61;21.535.194,79;;;;
PE;2614105;SERTANIA;22.872.442,35;2.919.718,82;0;0;2.919.718,82;25.792.161,17;;;;
PE;2614204;SIRINHAEM;32.023.163,40;4.087.828,99;0;0;4.087.828,99;36.110.992,39;;;;
PE;2614402;SOLIDAO;6.546.801,77;835.714,00;0;0;835.714,00;7.382.515,77;;;;
PE;2614501;SURUBIM;33.282.227,20;4.248.551,32;0;0;4.248.551,32;37.530.778,52;;;;
PE;2614600;TABIRA;21.872.874,85;2.792.121,78;0;0;2.792.121,78;24.664.996,63;;;;
PE;2614709;TACAIMBO;9.673.484,72;1.234.842,13;0;0;1.234.842,13;10.908.326,85;;;;
PE;2614808;TACARATU;17.909.015,83;2.286.126,24;0;0;2.286.126,24;20.195.142,07;;;;
PE;2614857;TAMANDARE;21.828.329,17;2.786.435,42;0;0;2.786.435,42;24.614.764,59;;;;
PE;2615003;TAQUARITINGA DO NORTE;19.947.746,98;2.546.374,87;0;0;2.546.374,87;22.494.121,85;;;;
PE;2615102;TEREZINHA;7.252.226,32;925.763,04;0;0;925.763,04;8.177.989,36;;;;
PE;2615201;TERRA NOVA;8.246.137,23;1.052.638,00;0;0;1.052.638,00;9.298.775,23;;;;
PE;2615300;TIMBAUBA;32.966.400,64;4.208.235,35;0;0;4.208.235,35;37.174.635,99;;;;
PE;2615409;TORITAMA;38.808.013,54;4.953.930,41;0;0;4.953.930,41;43.761.943,95;;;;
PE;2615508;TRACUNHAEM;9.239.812,43;1.179.482,88;0;0;1.179.482,88;10.419.295,31;;;;
PE;2615607;TRINDADE;25.844.983,08;3.299.170,35;0;0;3.299.170,35;29.144.153,43;;;;
PE;2615706;TRIUNFO;13.464.817,60;1.718.814,32;0;0;1.718.814,32;15.183.631,92;;;;
PE;2615805;TUPANATINGA;23.501.738,55;3.000.049,90;0;0;3.000.049,90;26.501.788,45;;;;
PE;2615904;TUPARETAMA;7.136.973,19;911.050,72;0;0;911.050,72;8.048.023,91;;;;
PE;2616001;VENTUROSA;13.037.744,67;1.664.297,49;0;0;1.664.297,49;14.702.042,16;;;;
PE;2616100;VERDEJANTE;9.421.530,55;1.202.679,61;0;0;1.202.679,61;10.624.210,16;;;;
PE;2616183;VERTENTE DO LERIO;8.264.521,16;1.054.984,75;0;0;1.054.984,75;9.319.505,91;;;;
PE;2616209;VERTENTES;15.790.620,95;2.015.708,36;0;0;2.015.708,36;17.806.329,31;;;;
PE;2616308;VICENCIA;24.100.394,87;3.076.469,73;0;0;3.076.469,73;27.176.864,60;;;;
PE;2616407;VITORIA DE SANTO ANTAO;76.388.310,27;9.751.139,99;0;0;9.751.139,99;86.139.450,26;;;;
PE;2616506;XEXEU;17.130.762,61;2.186.780,46;0;0;2.186.780,46;19.317.543,07;;;;
PI;2200053;ACAUA;5.174.443,59;1.675.187,28;0;0;1.675.187,28;6.849.630,87;;;;
PI;2200103;AGRICOLANDIA;3.979.816,11;1.288.435,60;0;0;1.288.435,60;5.268.251,71;;;;
PI;2200202;AGUA BRANCA;14.986.049,56;4.851.621,08;0;0;4.851.621,08;19.837.670,64;;;;
PI;2200251;ALAGOINHA DO PIAUI;3.797.309,16;1.229.350,34;0;0;1.229.350,34;5.026.659,50;;;;
PI;2200277;ALEGRETE DO PIAUI;4.000.295,43;1.295.065,63;0;0;1.295.065,63;5.295.361,06;;;;
PI;2200301;ALTO LONGA;8.903.689,08;2.882.502,53;0;0;2.882.502,53;11.786.191,61;;;;
PI;2200400;ALTOS;38.227.677,71;12.375.923,78;0;0;12.375.923,78;50.603.601,49;;;;
PI;2200459;ALVORADA DO GURGUEIA;5.944.626,95;1.924.528,36;0;0;1.924.528,36;7.869.155,31;;;;
PI;2200509;AMARANTE;18.388.027,36;5.952.985,87;0;0;5.952.985,87;24.341.013,23;;;;
PI;2200608;ANGICAL DO PIAUI;4.643.185,72;1.503.196,53;0;0;1.503.196,53;6.146.382,25;;;;
PI;2200707;ANISIO DE ABREU;9.389.169,63;3.039.673,21;0;0;3.039.673,21;12.428.842,84;;;;
PI;2200806;ANTONIO ALMEIDA;3.188.350,30;1.032.204,49;0;0;1.032.204,49;4.220.554,79;;;;
PI;2200905;AROAZES;4.655.232,38;1.507.096,55;0;0;1.507.096,55;6.162.328,93;;;;
PI;2200954;AROEIRAS DO ITAIM;2.970.506,47;961.679,18;0;0;961.679,18;3.932.185,65;;;;
PI;2201002;ARRAIAL;5.808.098,09;1.880.328,17;0;0;1.880.328,17;7.688.426,26;;;;
PI;2201051;ASSUNCAO DO PIAUI;10.233.239,20;3.312.934,40;0;0;3.312.934,40;13.546.173,60;;;;
PI;2201101;AVELINO LOPES;10.855.248,60;3.514.305,27;0;0;3.514.305,27;14.369.553,87;;;;
PI;2201150;BAIXA GRANDE DO RIBEIRO;16.598.696,27;5.373.703,35;0;0;5.373.703,35;21.972.399,62;;;;
PI;2201176;BARRA DALCANTARA;3.437.716,24;1.112.934,84;0;0;1.112.934,84;4.550.651,08;;;;
PI;2201200;BARRAS;52.229.314,06;16.908.848,48;0;0;16.908.848,48;69.138.162,54;;;;
PI;2201309;BARREIRAS DO PIAUI;2.788.802,64;902.853,92;0;0;902.853,92;3.691.656,56;;;;
PI;2201408;BARRO DURO;5.370.001,09;1.738.497,56;0;0;1.738.497,56;7.108.498,65;;;;
PI;2201507;BATALHA;22.324.073,93;7.227.251,41;0;0;7.227.251,41;29.551.325,34;;;;
PI;2201556;BELA VISTA DO PIAUI;2.882.766,60;933.274,06;0;0;933.274,06;3.816.040,66;;;;
PI;2201572;BELEM DO PIAUI;4.942.344,53;1.600.046,95;0;0;1.600.046,95;6.542.391,48;;;;
PI;2201606;BENEDITINOS;10.645.435,87;3.446.379,98;0;0;3.446.379,98;14.091.815,85;;;;
PI;2201705;BERTOLINIA;4.698.600,37;1.521.136,61;0;0;1.521.136,61;6.219.736,98;;;;
PI;2201739;BETANIA DO PIAUI;7.199.889,30;2.330.910,13;0;0;2.330.910,13;9.530.799,43;;;;
PI;2201770;BOA HORA;7.294.656,39;2.361.590,26;0;0;2.361.590,26;9.656.246,65;;;;
PI;2201804;BOCAINA;2.721.742,87;881.143,83;0;0;881.143,83;3.602.886,70;;;;
PI;2201903;BOM JESUS;26.801.818,80;8.676.887,71;0;0;8.676.887,71;35.478.706,51;;;;
PI;2201919;BOM PRINCIPIO DO PIAUI;5.900.054,29;1.910.098,30;0;0;1.910.098,30;7.810.152,59;;;;
PI;2201929;BONFIM DO PIAUI;4.720.886,70;1.528.351,64;0;0;1.528.351,64;6.249.238,34;;;;
PI;2201945;BOQUEIRAO DO PIAUI;6.562.620,80;2.124.599,23;0;0;2.124.599,23;8.687.220,03;;;;
PI;2201960;BRASILEIRA;7.441.625,68;2.409.170,47;0;0;2.409.170,47;9.850.796,15;;;;
PI;2201988;BREJO DO PIAUI;3.986.241,00;1.290.515,61;0;0;1.290.515,61;5.276.756,61;;;;
PI;2202000;BURITI DOS LOPES;19.628.632,94;6.354.622,62;0;0;6.354.622,62;25.983.255,56;;;;
PI;2202026;BURITI DOS MONTES;11.120.074,42;3.600.040,65;0;0;3.600.040,65;14.720.115,07;;;;
PI;2202059;CABECEIRAS DO PIAUI;8.295.934,91;2.685.746,67;0;0;2.685.746,67;10.981.681,58;;;;
PI;2202075;CAJAZEIRAS DO PIAUI;2.451.496,05;793.653,45;0;0;793.653,45;3.245.149,50;;;;
PI;2202083;CAJUEIRO DA PRAIA;7.851.613,79;2.541.901,05;0;0;2.541.901,05;10.393.514,84;;;;
PI;2202091;CALDEIRAO GRANDE DO PIAUI;5.178.258,36;1.676.422,29;0;0;1.676.422,29;6.854.680,65;;;;
PI;2202109;CAMPINAS DO PIAUI;7.748.614,83;2.508.555,90;0;0;2.508.555,90;10.257.170,73;;;;
PI;2202117;CAMPO ALEGRE DO FIDALGO;5.236.283,12;1.695.207,37;0;0;1.695.207,37;6.931.490,49;;;;
PI;2202133;CAMPO GRANDE DO PIAUI;5.089.313,83;1.647.627,16;0;0;1.647.627,16;6.736.940,99;;;;
PI;2202174;CAMPO LARGO DO PIAUI;10.650.656,10;3.448.069,98;0;0;3.448.069,98;14.098.726,08;;;;
PI;2202208;CAMPO MAIOR;38.560.968,73;12.483.824,25;0;0;12.483.824,25;51.044.792,98;;;;
PI;2202251;CANAVIEIRA;3.469.639,91;1.123.269,88;0;0;1.123.269,88;4.592.909,79;;;;
PI;2202307;CANTO DO BURITI;15.021.386,44;4.863.061,13;0;0;4.863.061,13;19.884.447,57;;;;
PI;2202406;CAPITAO DE CAMPOS;14.060.665,01;4.552.034,78;0;0;4.552.034,78;18.612.699,79;;;;
PI;2202455;CAPITAO GERVASIO OLIVEIRA;3.973.391,22;1.286.355,59;0;0;1.286.355,59;5.259.746,81;;;;
PI;2202505;CARACOL;12.278.762,69;3.975.157,27;0;0;3.975.157,27;16.253.919,96;;;;
PI;2202539;CARAUBAS DO PIAUI;5.562.747,70;1.800.897,83;0;0;1.800.897,83;7.363.645,53;;;;
PI;2202554;CARIDADE DO PIAUI;5.786.414,10;1.873.308,14;0;0;1.873.308,14;7.659.722,24;;;;
PI;2202604;CASTELO DO PIAUI;19.089.143,19;6.179.966,86;0;0;6.179.966,86;25.269.110,05;;;;
PI;2202653;CAXINGO;5.506.128,39;1.782.567,75;0;0;1.782.567,75;7.288.696,14;;;;
PI;2202703;COCAL;21.979.740,13;7.115.775,92;0;0;7.115.775,92;29.095.516,05;;;;
PI;2202711;COCAL DE TELHA;5.584.833,25;1.808.047,86;0;0;1.808.047,86;7.392.881,11;;;;
PI;2202729;COCAL DOS ALVES;4.888.736,88;1.582.691,88;0;0;1.582.691,88;6.471.428,76;;;;
PI;2202737;COIVARAS;4.616.683,05;1.494.616,50;0;0;1.494.616,50;6.111.299,55;;;;
PI;2202752;COLONIA DO GURGUEIA;5.646.271,25;1.827.937,94;0;0;1.827.937,94;7.474.209,19;;;;
PI;2202778;COLONIA DO PIAUI;5.190.104,25;1.680.257,30;0;0;1.680.257,30;6.870.361,55;;;;
PI;2202802;CONCEICAO DO CANINDE;4.276.967,14;1.384.636,02;0;0;1.384.636,02;5.661.603,16;;;;
PI;2202851;CORONEL JOSE DIAS;3.653.753,08;1.182.875,14;0;0;1.182.875,14;4.836.628,22;;;;
PI;2202901;CORRENTE;23.506.654,75;7.610.103,07;0;0;7.610.103,07;31.116.757,82;;;;
PI;2203008;CRISTALANDIA DO PIAUI;7.261.126,50;2.350.735,22;0;0;2.350.735,22;9.611.861,72;;;;
PI;2203107;CRISTINO CASTRO;10.323.789,95;3.342.249,53;0;0;3.342.249,53;13.666.039,48;;;;
PI;2203206;CURIMATA;9.118.521,26;2.952.052,83;0;0;2.952.052,83;12.070.574,09;;;;
PI;2203230;CURRAIS;7.066.974,44;2.287.879,94;0;0;2.287.879,94;9.354.854,38;;;;
PI;2203271;CURRAL NOVO DO PIAUI;5.420.797,85;1.754.942,63;0;0;1.754.942,63;7.175.740,48;;;;
PI;2203255;CURRALINHOS;5.244.715,79;1.697.937,38;0;0;1.697.937,38;6.942.653,17;;;;
PI;2203305;DEMERVAL LOBAO;16.156.985,26;5.230.702,73;0;0;5.230.702,73;21.387.687,99;;;;
PI;2203354;DIRCEU ARCOVERDE;8.836.227,77;2.860.662,43;0;0;2.860.662,43;11.696.890,20;;;;
PI;2203404;DOM EXPEDITO LOPES;4.627.725,83;1.498.191,51;0;0;1.498.191,51;6.125.917,34;;;;
PI;2203453;DOM INOCENCIO;7.072.997,77;2.289.829,95;0;0;2.289.829,95;9.362.827,72;;;;
PI;2203420;DOMINGOS MOURAO;5.485.046,72;1.775.742,72;0;0;1.775.742,72;7.260.789,44;;;;
PI;2203503;ELESBAO VELOSO;7.598.834,64;2.460.065,69;0;0;2.460.065,69;10.058.900,33;;;;
PI;2203602;ELISEU MARTINS;3.216.057,64;1.041.174,52;0;0;1.041.174,52;4.257.232,16;;;;
PI;2203701;ESPERANTINA;35.142.527,15;11.377.129,44;0;0;11.377.129,44;46.519.656,59;;;;
PI;2203750;FARTURA DO PIAUI;7.428.173,57;2.404.815,45;0;0;2.404.815,45;9.832.989,02;;;;
PI;2203800;FLORES DO PIAUI;4.061.532,65;1.314.890,71;0;0;1.314.890,71;5.376.423,36;;;;
PI;2203859;FLORESTA DO PIAUI;2.637.817,78;853.973,71;0;0;853.973,71;3.491.791,49;;;;
PI;2203909;FLORIANO;33.897.705,24;10.974.127,69;0;0;10.974.127,69;44.871.832,93;;;;
PI;2204006;FRANCINOPOLIS;4.278.573,37;1.385.156,02;0;0;1.385.156,02;5.663.729,39;;;;
PI;2204105;FRANCISCO AYRES;3.886.052,91;1.258.080,47;0;0;1.258.080,47;5.144.133,38;;;;
PI;2204154;FRANCISCO MACEDO;3.058.848,68;990.279,30;0;0;990.279,30;4.049.127,98;;;;
PI;2204204;FRANCISCO SANTOS;5.230.460,57;1.693.322,36;0;0;1.693.322,36;6.923.782,93;;;;
PI;2204303;FRONTEIRAS;7.431.185,24;2.405.790,46;0;0;2.405.790,46;9.836.975,70;;;;
PI;2204352;GEMINIANO;4.106.506,85;1.329.450,78;0;0;1.329.450,78;5.435.957,63;;;;
PI;2204402;GILBUES;11.861.948,12;3.840.216,69;0;0;3.840.216,69;15.702.164,81;;;;
PI;2204501;GUADALUPE;10.036.075,47;3.249.104,12;0;0;3.249.104,12;13.285.179,59;;;;
PI;2204550;GUARIBAS;5.188.698,80;1.679.802,30;0;0;1.679.802,30;6.868.501,10;;;;
PI;2204600;HUGO NAPOLEAO;3.598.739,99;1.165.065,06;0;0;1.165.065,06;4.763.805,05;;;;
PI;2204659;ILHA GRANDE;8.688.254,59;2.812.757,22;0;0;2.812.757,22;11.501.011,81;;;;
PI;2204709;INHUMA;8.441.900,31;2.733.001,88;0;0;2.733.001,88;11.174.902,19;;;;
PI;2204808;IPIRANGA DO PIAUI;6.778.256,07;2.194.409,54;0;0;2.194.409,54;8.972.665,61;;;;
PI;2204907;ISAIAS COELHO;6.872.621,60;2.224.959,67;0;0;2.224.959,67;9.097.581,27;;;;
PI;2205003;ITAINOPOLIS;8.084.917,52;2.617.431,37;0;0;2.617.431,37;10.702.348,89;;;;
PI;2205102;ITAUEIRA;6.599.563,89;2.136.559,29;0;0;2.136.559,29;8.736.123,18;;;;
PI;2205151;JACOBINA DO PIAUI;7.682.157,40;2.487.040,81;0;0;2.487.040,81;10.169.198,21;;;;
PI;2205201;JAICOS;12.779.301,56;4.137.202,98;0;0;4.137.202,98;16.916.504,54;;;;
PI;2205250;JARDIM DO MULATO;3.604.361,76;1.166.885,07;0;0;1.166.885,07;4.771.246,83;;;;
PI;2205276;JATOBA DO PIAUI;5.098.348,83;1.650.552,17;0;0;1.650.552,17;6.748.901,00;;;;
PI;2205300;JERUMENHA;4.152.685,73;1.344.400,84;0;0;1.344.400,84;5.497.086,57;;;;
PI;2205359;JOAO COSTA;2.543.653,03;823.488,58;0;0;823.488,58;3.367.141,61;;;;
PI;2205409;JOAQUIM PIRES;12.213.108,37;3.953.902,18;0;0;3.953.902,18;16.167.010,55;;;;
PI;2205458;JOCA MARQUES;5.898.247,29;1.909.513,30;0;0;1.909.513,30;7.807.760,59;;;;
PI;2205508;JOSE DE FREITAS;32.524.987,91;10.529.720,76;0;0;10.529.720,76;43.054.708,67;;;;
PI;2205516;JUAZEIRO DO PIAUI;6.080.553,47;1.968.533,55;0;0;1.968.533,55;8.049.087,02;;;;
PI;2205524;JULIO BORGES;6.368.669,51;2.061.808,96;0;0;2.061.808,96;8.430.478,47;;;;
PI;2205532;JUREMA;4.679.325,71;1.514.896,58;0;0;1.514.896,58;6.194.222,29;;;;
PI;2205557;LAGOA ALEGRE;10.421.970,27;3.374.034,66;0;0;3.374.034,66;13.796.004,93;;;;
PI;2205573;LAGOA DE SAO FRANCISCO;7.814.269,15;2.529.810,99;0;0;2.529.810,99;10.344.080,14;;;;
PI;2205565;LAGOA DO BARRO DO PIAUI;4.628.528,95;1.498.451,51;0;0;1.498.451,51;6.126.980,46;;;;
PI;2205581;LAGOA DO PIAUI;4.057.316,31;1.313.525,71;0;0;1.313.525,71;5.370.842,02;;;;
PI;2205599;LAGOA DO SITIO;4.078.197,19;1.320.285,74;0;0;1.320.285,74;5.398.482,93;;;;
PI;2205540;LAGOINHA DO PIAUI;2.427.804,27;785.983,42;0;0;785.983,42;3.213.787,69;;;;
PI;2205607;LANDRI SALES;6.843.709,61;2.215.599,63;0;0;2.215.599,63;9.059.309,24;;;;
PI;2205706;LUIS CORREIA;25.160.260,10;8.145.445,40;0;0;8.145.445,40;33.305.705,50;;;;
PI;2205805;LUZILANDIA;25.873.824,15;8.376.456,40;0;0;8.376.456,40;34.250.280,55;;;;
PI;2205854;MADEIRO;12.236.197,80;3.961.377,22;0;0;3.961.377,22;16.197.575,02;;;;
PI;2205904;MANOEL EMIDIO;4.282.789,70;1.386.521,02;0;0;1.386.521,02;5.669.310,72;;;;
PI;2205953;MARCOLANDIA;10.052.338,47;3.254.369,14;0;0;3.254.369,14;13.306.707,61;;;;
PI;2206001;MARCOS PARENTE;4.282.990,47;1.386.586,03;0;0;1.386.586,03;5.669.576,50;;;;
PI;2206050;MASSAPE DO PIAUI;5.159.786,81;1.670.442,26;0;0;1.670.442,26;6.830.229,07;;;;
PI;2206100;MATIAS OLIMPIO;10.132.047,22;3.280.174,26;0;0;3.280.174,26;13.412.221,48;;;;
PI;2206209;MIGUEL ALVES;38.291.123,46;12.396.463,87;0;0;12.396.463,87;50.687.587,33;;;;
PI;2206308;MIGUEL LEAO;1.767.647,11;572.262,49;0;0;572.262,49;2.339.909,60;;;;
PI;2206357;MILTON BRANDAO;5.444.891,18;1.762.742,66;0;0;1.762.742,66;7.207.633,84;;;;
PI;2206407;MONSENHOR GIL;9.150.846,48;2.962.517,87;0;0;2.962.517,87;12.113.364,35;;;;
PI;2206506;MONSENHOR HIPOLITO;7.303.490,60;2.364.450,28;0;0;2.364.450,28;9.667.940,88;;;;
PI;2206605;MONTE ALEGRE DO PIAUI;11.046.790,55;3.576.315,54;0;0;3.576.315,54;14.623.106,09;;;;
PI;2206654;MORRO CABECA NO TEMPO;5.737.022,78;1.857.318,07;0;0;1.857.318,07;7.594.340,85;;;;
PI;2206670;MORRO DO CHAPEU DO PIAUI;7.287.629,17;2.359.315,25;0;0;2.359.315,25;9.646.944,42;;;;
PI;2206696;MURICI DOS PORTELAS;8.318.020,46;2.692.896,70;0;0;2.692.896,70;11.010.917,16;;;;
PI;2206704;NAZARE DO PIAUI;5.633.622,24;1.823.842,93;0;0;1.823.842,93;7.457.465,17;;;;
PI;2206720;NAZARIA;9.734.306,54;3.151.408,70;0;0;3.151.408,70;12.885.715,24;;;;
PI;2206753;NOSSA SENHORA DE NAZARE;8.379.056,89;2.712.656,79;0;0;2.712.656,79;11.091.713,68;;;;
PI;2206803;NOSSA SENHORA DOS REMEDIOS;17.320.090,63;5.607.249,37;0;0;5.607.249,37;22.927.340,00;;;;
PI;2207959;NOVA SANTA RITA;3.466.829,01;1.122.359,88;0;0;1.122.359,88;4.589.188,89;;;;
PI;2206902;NOVO ORIENTE DO PIAUI;3.303.797,50;1.069.579,65;0;0;1.069.579,65;4.373.377,15;;;;
PI;2206951;NOVO SANTO ANTONIO;3.342.146,05;1.081.994,70;0;0;1.081.994,70;4.424.140,75;;;;
PI;2207009;OEIRAS;29.057.958,12;9.407.295,88;0;0;9.407.295,88;38.465.254,00;;;;
PI;2207108;OLHO DAGUA DO PIAUI;3.185.137,87;1.031.164,48;0;0;1.031.164,48;4.216.302,35;;;;
PI;2207207;PADRE MARCOS;6.917.194,26;2.239.389,73;0;0;2.239.389,73;9.156.583,99;;;;
PI;2207306;PAES LANDIM;4.122.167,52;1.334.520,80;0;0;1.334.520,80;5.456.688,32;;;;
PI;2207355;PAJEU DO PIAUI;2.188.075,67;708.373,08;0;0;708.373,08;2.896.448,75;;;;
PI;2207405;PALMEIRA DO PIAUI;3.864.770,47;1.251.190,44;0;0;1.251.190,44;5.115.960,91;;;;
PI;2207504;PALMEIRAIS;15.757.839,14;5.101.482,17;0;0;5.101.482,17;20.859.321,31;;;;
PI;2207553;PAQUETA;7.300.077,38;2.363.345,27;0;0;2.363.345,27;9.663.422,65;;;;
PI;2207603;PARNAGUA;8.351.751,12;2.703.816,75;0;0;2.703.816,75;11.055.567,87;;;;
PI;2207702;PARNAIBA;81.149.739,44;26.271.619,17;0;0;26.271.619,17;107.421.358,61;;;;
PI;2207751;PASSAGEM FRANCA DO PIAUI;6.343.170,74;2.053.553,92;0;0;2.053.553,92;8.396.724,66;;;;
PI;2207777;PATOS DO PIAUI;4.333.988,02;1.403.096,10;0;0;1.403.096,10;5.737.084,12;;;;
PI;2207793;PAU DARCO DO PIAUI;3.238.544,73;1.048.454,56;0;0;1.048.454,56;4.286.999,29;;;;
PI;2207801;PAULISTANA;19.597.512,40;6.344.547,57;0;0;6.344.547,57;25.942.059,97;;;;
PI;2207850;PAVUSSU;2.330.627,86;754.523,28;0;0;754.523,28;3.085.151,14;;;;
PI;2207900;PEDRO II;29.613.108,54;9.587.021,66;0;0;9.587.021,66;39.200.130,20;;;;
PI;2207934;PEDRO LAURENTINO;2.051.546,81;664.172,89;0;0;664.172,89;2.715.719,70;;;;
PI;2208007;PICOS;36.359.842,50;11.771.226,16;0;0;11.771.226,16;48.131.068,66;;;;
PI;2208106;PIMENTEIRAS;7.113.755,65;2.303.025,01;0;0;2.303.025,01;9.416.780,66;;;;
PI;2208205;PIO IX;13.172.424,35;4.264.473,53;0;0;4.264.473,53;17.436.897,88;;;;
PI;2208304;PIRACURUCA;19.264.622,93;6.236.777,10;0;0;6.236.777,10;25.501.400,03;;;;
PI;2208403;PIRIPIRI;50.104.282,60;16.220.885,49;0;0;16.220.885,49;66.325.168,09;;;;
PI;2208502;PORTO;14.847.312,15;4.806.705,89;0;0;4.806.705,89;19.654.018,04;;;;
PI;2208551;PORTO ALEGRE DO PIAUI;1.817.841,54;588.512,56;0;0;588.512,56;2.406.354,10;;;;
PI;2208601;PRATA DO PIAUI;3.067.682,89;993.139,32;0;0;993.139,32;4.060.822,21;;;;
PI;2208650;QUEIMADA NOVA;7.391.832,81;2.393.050,40;0;0;2.393.050,40;9.784.883,21;;;;
PI;2208700;REDENCAO DO GURGUEIA;8.921.558,31;2.888.287,55;0;0;2.888.287,55;11.809.845,86;;;;
PI;2208809;REGENERACAO;13.876.752,62;4.492.494,52;0;0;4.492.494,52;18.369.247,14;;;;
PI;2208858;RIACHO FRIO;7.654.048,51;2.477.940,77;0;0;2.477.940,77;10.131.989,28;;;;
PI;2208874;RIBEIRA DO PIAUI;3.787.069,49;1.226.035,33;0;0;1.226.035,33;5.013.104,82;;;;
PI;2208908;RIBEIRO GONCALVES;7.396.651,46;2.394.610,41;0;0;2.394.610,41;9.791.261,87;;;;
PI;2209005;RIO GRANDE DO PIAUI;4.503.042,86;1.457.826,34;0;0;1.457.826,34;5.960.869,20;;;;
PI;2209104;SANTA CRUZ DO PIAUI;4.031.215,21;1.305.075,67;0;0;1.305.075,67;5.336.290,88;;;;
PI;2209153;SANTA CRUZ DOS MILAGRES;3.331.304,05;1.078.484,69;0;0;1.078.484,69;4.409.788,74;;;;
PI;2209203;SANTA FILOMENA;5.831.589,08;1.887.933,21;0;0;1.887.933,21;7.719.522,29;;;;
PI;2209302;SANTA LUZ;5.183.277,81;1.678.047,29;0;0;1.678.047,29;6.861.325,10;;;;
PI;2209377;SANTA ROSA DO PIAUI;4.454.454,65;1.442.096,27;0;0;1.442.096,27;5.896.550,92;;;;
PI;2209351;SANTANA DO PIAUI;4.042.860,31;1.308.845,69;0;0;1.308.845,69;5.351.706,00;;;;
PI;2209401;SANTO ANTONIO DE LISBOA;3.535.093,44;1.144.459,97;0;0;1.144.459,97;4.679.553,41;;;;
PI;2209450;SANTO ANTONIO DOS MILAGRES;2.821.730,18;913.513,97;0;0;913.513,97;3.735.244,15;;;;
PI;2209500;SANTO INACIO DO PIAUI;3.446.550,46;1.115.794,85;0;0;1.115.794,85;4.562.345,31;;;;
PI;2209559;SAO BRAZ DO PIAUI;4.043.261,87;1.308.975,69;0;0;1.308.975,69;5.352.237,56;;;;
PI;2209609;SAO FELIX DO PIAUI;2.882.766,60;933.274,06;0;0;933.274,06;3.816.040,66;;;;
PI;2209658;SAO FRANCISCO DE ASSIS DO PIAUI;4.870.666,89;1.576.841,85;0;0;1.576.841,85;6.447.508,74;;;;
PI;2209708;SAO FRANCISCO DO PIAUI;5.688.033,01;1.841.458,00;0;0;1.841.458,00;7.529.491,01;;;;
PI;2209757;SAO GONCALO DO GURGUEIA;2.583.206,24;836.293,63;0;0;836.293,63;3.419.499,87;;;;
PI;2209807;SAO GONCALO DO PIAUI;3.769.200,28;1.220.250,30;0;0;1.220.250,30;4.989.450,58;;;;
PI;2209856;SAO JOAO DA CANABRAVA;6.199.815,44;2.007.143,72;0;0;2.007.143,72;8.206.959,16;;;;
PI;2209872;SAO JOAO DA FRONTEIRA;5.192.714,35;1.681.102,31;0;0;1.681.102,31;6.873.816,66;;;;
PI;2209906;SAO JOAO DA SERRA;4.062.134,97;1.315.085,72;0;0;1.315.085,72;5.377.220,69;;;;
PI;2209955;SAO JOAO DA VARJOTA;3.917.374,24;1.268.220,51;0;0;1.268.220,51;5.185.594,75;;;;
PI;2209971;SAO JOAO DO ARRAIAL;11.935.432,77;3.864.006,79;0;0;3.864.006,79;15.799.439,56;;;;
PI;2210003;SAO JOAO DO PIAUI;15.490.603,99;5.014.966,79;0;0;5.014.966,79;20.505.570,78;;;;
PI;2210052;SAO JOSE DO DIVINO;4.364.907,79;1.413.106,14;0;0;1.413.106,14;5.778.013,93;;;;
PI;2210102;SAO JOSE DO PEIXE;3.241.757,18;1.049.494,56;0;0;1.049.494,56;4.291.251,74;;;;
PI;2210201;SAO JOSE DO PIAUI;3.888.663,02;1.258.925,47;0;0;1.258.925,47;5.147.588,49;;;;
PI;2210300;SAO JULIAO;3.754.342,72;1.215.440,28;0;0;1.215.440,28;4.969.783,00;;;;
PI;2210359;SAO LOURENCO DO PIAUI;5.074.054,72;1.642.687,14;0;0;1.642.687,14;6.716.741,86;;;;
PI;2210375;SAO LUIS DO PIAUI;1.923.249,85;622.637,71;0;0;622.637,71;2.545.887,56;;;;
PI;2210383;SAO MIGUEL DA BAIXA GRANDE;1.749.175,56;566.282,46;0;0;566.282,46;2.315.458,02;;;;
PI;2210391;SAO MIGUEL DO FIDALGO;2.496.068,70;808.083,51;0;0;808.083,51;3.304.152,21;;;;
PI;2210409;SAO MIGUEL DO TAPUIO;17.936.277,48;5.806.735,23;0;0;5.806.735,23;23.743.012,71;;;;
PI;2210508;SAO PEDRO DO PIAUI;13.173.829,80;4.264.928,53;0;0;4.264.928,53;17.438.758,33;;;;
PI;2210607;SAO RAIMUNDO NONATO;29.417.149,47;9.523.581,39;0;0;9.523.581,39;38.940.730,86;;;;
PI;2210623;SEBASTIAO BARROS;4.880.906,55;1.580.156,87;0;0;1.580.156,87;6.461.063,42;;;;
PI;2210631;SEBASTIAO LEAL;3.846.098,14;1.245.145,41;0;0;1.245.145,41;5.091.243,55;;;;
PI;2210656;SIGEFREDO PACHECO;7.046.896,68;2.281.379,91;0;0;2.281.379,91;9.328.276,59;;;;
PI;2210706;SIMOES;15.301.471,37;4.953.736,53;0;0;4.953.736,53;20.255.207,90;;;;
PI;2210805;SIMPLICIO MENDES;11.011.654,45;3.564.940,49;0;0;3.564.940,49;14.576.594,94;;;;
PI;2210904;SOCORRO DO PIAUI;3.924.803,01;1.270.625,52;0;0;1.270.625,52;5.195.428,53;;;;
PI;2210938;SUSSUAPARA;4.606.242,62;1.491.236,48;0;0;1.491.236,48;6.097.479,10;;;;
PI;2210953;TAMBORIL DO PIAUI;3.155.021,20;1.021.414,44;0;0;1.021.414,44;4.176.435,64;;;;
PI;2210979;TANQUE DO PIAUI;2.184.662,45;707.268,07;0;0;707.268,07;2.891.930,52;;;;
PI;2211001;TERESINA;415.303.910,01;134.451.524,30;0;0;134.451.524,30;549.755.434,31;;;;
PI;2211100;UNIAO;41.821.197,46;13.539.298,84;0;0;13.539.298,84;55.360.496,30;;;;
PI;2211209;URUCUI;18.600.851,75;6.021.886,17;0;0;6.021.886,17;24.622.737,92;;;;
PI;2211308;VALENCA DO PIAUI;13.502.502,93;4.371.334,00;0;0;4.371.334,00;17.873.836,93;;;;
PI;2211357;VARZEA BRANCA;5.364.580,09;1.736.742,55;0;0;1.736.742,55;7.101.322,64;;;;
PI;2211407;VARZEA GRANDE;2.941.795,26;952.384,14;0;0;952.384,14;3.894.179,40;;;;
PI;2211506;VERA MENDES;3.361.019,15;1.088.104,73;0;0;1.088.104,73;4.449.123,88;;;;
PI;2211605;VILA NOVA DO PIAUI;2.606.898,01;843.963,67;0;0;843.963,67;3.450.861,68;;;;
PI;2211704;WALL FERRAZ;6.691.520,10;2.166.329,41;0;0;2.166.329,41;8.857.849,51;;;;
PR;4100103;ABATIA;5.130.489,54;0,00;0;0;0,00;5.130.489,54;;;;
PR;4100202;ADRIANOPOLIS;4.139.428,84;0,00;0;0;0,00;4.139.428,84;;;;
PR;4100301;AGUDOS DO SUL;6.950.985,81;0,00;0;0;0,00;6.950.985,81;;;;
PR;4100400;ALMIRANTE TAMANDARE;56.916.108,77;0,00;0;0;0,00;56.916.108,77;;;;
PR;4100459;ALTAMIRA DO PARANA;2.402.235,90;0,00;0;0;0,00;2.402.235,90;;;;
PR;4128625;ALTO PARAISO;2.654.636,72;0,00;0;0;0,00;2.654.636,72;;;;
PR;4100608;ALTO PARANA;10.350.647,78;0,00;0;0;0,00;10.350.647,78;;;;
PR;4100707;ALTO PIQUIRI;6.915.561,13;0,00;0;0;0,00;6.915.561,13;;;;
PR;4100509;ALTONIA;11.529.348,55;0,00;0;0;0,00;11.529.348,55;;;;
PR;4100806;ALVORADA DO SUL;6.079.206,66;0,00;0;0;0,00;6.079.206,66;;;;
PR;4100905;AMAPORA;3.786.012,34;0,00;0;0;0,00;3.786.012,34;;;;
PR;4101002;AMPERE;12.788.861,86;0,00;0;0;0,00;12.788.861,86;;;;
PR;4101051;ANAHY;1.981.567,86;0,00;0;0;0,00;1.981.567,86;;;;
PR;4101101;ANDIRA;12.221.513,52;0,00;0;0;0,00;12.221.513,52;;;;
PR;4101150;ANGULO;2.757.036,18;0,00;0;0;0,00;2.757.036,18;;;;
PR;4101200;ANTONINA;10.997.701,64;0,00;0;0;0,00;10.997.701,64;;;;
PR;4101309;ANTONIO OLINTO;4.336.755,37;0,00;0;0;0,00;4.336.755,37;;;;
PR;4101408;APUCARANA;87.793.973,02;0,00;0;0;0,00;87.793.973,02;;;;
PR;4101507;ARAPONGAS;69.527.847,25;0,00;0;0;0,00;69.527.847,25;;;;
PR;4101606;ARAPOTI;16.903.382,73;0,00;0;0;0,00;16.903.382,73;;;;
PR;4101655;ARAPUA;2.379.265,22;0,00;0;0;0,00;2.379.265,22;;;;
PR;4101705;ARARUNA;8.729.692,05;0,00;0;0;0,00;8.729.692,05;;;;
PR;4101804;ARAUCARIA;107.926.536,45;0,00;0;0;0,00;107.926.536,45;;;;
PR;4101853;ARIRANHA DO IVAI;1.676.583,54;0,00;0;0;0,00;1.676.583,54;;;;
PR;4101903;ASSAI;9.374.808,62;0,00;0;0;0,00;9.374.808,62;;;;
PR;4102000;ASSIS CHATEAUBRIAND;22.850.023,60;0,00;0;0;0,00;22.850.023,60;;;;
PR;4102109;ASTORGA;15.912.322,05;0,00;0;0;0,00;15.912.322,05;;;;
PR;4102208;ATALAIA;2.951.871,90;0,00;0;0;0,00;2.951.871,90;;;;
PR;4102307;BALSA NOVA;11.774.276,97;0,00;0;0;0,00;11.774.276,97;;;;
PR;4102406;BANDEIRANTES;18.274.705,19;0,00;0;0;0,00;18.274.705,19;;;;
PR;4102505;BARBOSA FERRAZ;5.636.951,70;0,00;0;0;0,00;5.636.951,70;;;;
PR;4102703;BARRA DO JACARE;2.076.218,16;0,00;0;0;0,00;2.076.218,16;;;;
PR;4102604;BARRACAO;6.816.759,51;0,00;0;0;0,00;6.816.759,51;;;;
PR;4102752;BELA VISTA DA CAROBA;2.147.067,52;0,00;0;0;0,00;2.147.067,52;;;;
PR;4102802;BELA VISTA DO PARAISO;8.915.394,86;0,00;0;0;0,00;8.915.394,86;;;;
PR;4102901;BITURUNA;11.510.805,94;0,00;0;0;0,00;11.510.805,94;;;;
PR;4103008;BOA ESPERANCA;3.133.976,88;0,00;0;0;0,00;3.133.976,88;;;;
PR;4103024;BOA ESPERANCA DO IGUACU;1.983.781,91;0,00;0;0;0,00;1.983.781,91;;;;
PR;4103040;BOA VENTURA DE SAO ROQUE;4.852.627,22;0,00;0;0;0,00;4.852.627,22;;;;
PR;4103057;BOA VISTA DA APARECIDA;6.284.282,33;0,00;0;0;0,00;6.284.282,33;;;;
PR;4103107;BOCAIUVA DO SUL;9.879.887,04;0,00;0;0;0,00;9.879.887,04;;;;
PR;4103156;BOM JESUS DO SUL;3.720.144,58;0,00;0;0;0,00;3.720.144,58;;;;
PR;4103206;BOM SUCESSO;4.788.973,51;0,00;0;0;0,00;4.788.973,51;;;;
PR;4103222;BOM SUCESSO DO SUL;2.506.295,89;0,00;0;0;0,00;2.506.295,89;;;;
PR;4103305;BORRAZOPOLIS;4.100.959,86;0,00;0;0;0,00;4.100.959,86;;;;
PR;4103354;BRAGANEY;3.649.848,73;0,00;0;0;0,00;3.649.848,73;;;;
PR;4103370;BRASILANDIA DO SUL;2.577.145,25;0,00;0;0;0,00;2.577.145,25;;;;
PR;4103404;CAFEARA;1.710.347,69;0,00;0;0;0,00;1.710.347,69;;;;
PR;4103453;CAFELANDIA;14.185.922,56;0,00;0;0;0,00;14.185.922,56;;;;
PR;4103479;CAFEZAL DO SUL;2.891.539,24;0,00;0;0;0,00;2.891.539,24;;;;
PR;4103503;CALIFORNIA;6.732.902,65;0,00;0;0;0,00;6.732.902,65;;;;
PR;4103602;CAMBARA;13.652.891,87;0,00;0;0;0,00;13.652.891,87;;;;
PR;4103701;CAMBE;62.485.255,43;0,00;0;0;0,00;62.485.255,43;;;;
PR;4103800;CAMBIRA;6.976.447,31;0,00;0;0;0,00;6.976.447,31;;;;
PR;4103909;CAMPINA DA LAGOA;11.825.753,45;0,00;0;0;0,00;11.825.753,45;;;;
PR;4103958;CAMPINA DO SIMAO;3.088.865,78;0,00;0;0;0,00;3.088.865,78;;;;
PR;4104006;CAMPINA GRANDE DO SUL;33.157.497,55;0,00;0;0;0,00;33.157.497,55;;;;
PR;4104055;CAMPO BONITO;3.037.666,05;0,00;0;0;0,00;3.037.666,05;;;;
PR;4104105;CAMPO DO TENENTE;6.342.124,18;0,00;0;0;0,00;6.342.124,18;;;;
PR;4104204;CAMPO LARGO;83.591.167,21;0,00;0;0;0,00;83.591.167,21;;;;
PR;4104253;CAMPO MAGRO;17.848.502,05;0,00;0;0;0,00;17.848.502,05;;;;
PR;4104303;CAMPO MOURAO;60.351.195,40;0,00;0;0;0,00;60.351.195,40;;;;
PR;4104402;CANDIDO DE ABREU;9.021.945,64;0,00;0;0;0,00;9.021.945,64;;;;
PR;4104428;CANDOI;11.346.413,30;0,00;0;0;0,00;11.346.413,30;;;;
PR;4104451;CANTAGALO;8.923.144,00;0,00;0;0;0,00;8.923.144,00;;;;
PR;4104501;CAPANEMA;13.704.368,35;0,00;0;0;0,00;13.704.368,35;;;;
PR;4104600;CAPITAO LEONIDAS MARQUES;10.901.944,30;0,00;0;0;0,00;10.901.944,30;;;;
PR;4104659;CARAMBEI;16.928.567,46;0,00;0;0;0,00;16.928.567,46;;;;
PR;4104709;CARLOPOLIS;10.594.745,93;0,00;0;0;0,00;10.594.745,93;;;;
PR;4104808;CASCAVEL;195.418.569,44;0,00;0;0;0,00;195.418.569,44;;;;
PR;4104907;CASTRO;55.788.884,48;0,00;0;0;0,00;55.788.884,48;;;;
PR;4105003;CATANDUVAS;5.960.755,40;0,00;0;0;0,00;5.960.755,40;;;;
PR;4105102;CENTENARIO DO SUL;7.430.325,97;0,00;0;0;0,00;7.430.325,97;;;;
PR;4105201;CERRO AZUL;9.665.955,19;0,00;0;0;0,00;9.665.955,19;;;;
PR;4105300;CEU AZUL;7.547.393,46;0,00;0;0;0,00;7.547.393,46;;;;
PR;4105409;CHOPINZINHO;13.686.379,26;0,00;0;0;0,00;13.686.379,26;;;;
PR;4105508;CIANORTE;49.977.576,94;0,00;0;0;0,00;49.977.576,94;;;;
PR;4105607;CIDADE GAUCHA;8.369.633,42;0,00;0;0;0,00;8.369.633,42;;;;
PR;4105706;CLEVELANDIA;9.828.964,05;0,00;0;0;0,00;9.828.964,05;;;;
PR;4105805;COLOMBO;159.915.570,82;0,00;0;0;0,00;159.915.570,82;;;;
PR;4105904;COLORADO;11.740.512,83;0,00;0;0;0,00;11.740.512,83;;;;
PR;4106001;CONGONHINHAS;5.825.698,81;0,00;0;0;0,00;5.825.698,81;;;;
PR;4106100;CONSELHEIRO MAIRINCK;2.546.702,16;0,00;0;0;0,00;2.546.702,16;;;;
PR;4106209;CONTENDA;13.601.415,39;0,00;0;0;0,00;13.601.415,39;;;;
PR;4106308;CORBELIA;12.387.566,70;0,00;0;0;0,00;12.387.566,70;;;;
PR;4106407;CORNELIO PROCOPIO;21.864.774,78;0,00;0;0;0,00;21.864.774,78;;;;
PR;4106456;CORONEL DOMINGOS SOARES;5.135.471,13;0,00;0;0;0,00;5.135.471,13;;;;
PR;4106506;CORONEL VIVIDA;14.097.084,11;0,00;0;0;0,00;14.097.084,11;;;;
PR;4106555;CORUMBATAI DO SUL;2.455.372,92;0,00;0;0;0,00;2.455.372,92;;;;
PR;4106803;CRUZ MACHADO;10.011.899,30;0,00;0;0;0,00;10.011.899,30;;;;
PR;4106571;CRUZEIRO DO IGUACU;3.326.045,05;0,00;0;0;0,00;3.326.045,05;;;;
PR;4106605;CRUZEIRO DO OESTE;14.998.476,09;0,00;0;0;0,00;14.998.476,09;;;;
PR;4106704;CRUZEIRO DO SUL;3.319.402,93;0,00;0;0;0,00;3.319.402,93;;;;
PR;4106852;CRUZMALTINA;1.889.131,60;0,00;0;0;0,00;1.889.131,60;;;;
PR;4106902;CURITIBA;817.670.177,59;0,00;0;0;0,00;817.670.177,59;;;;
PR;4107009;CURIUVA;7.787.340,29;0,00;0;0;0,00;7.787.340,29;;;;
PR;4107108;DIAMANTE DO NORTE;3.004.455,41;0,00;0;0;0,00;3.004.455,41;;;;
PR;4107124;DIAMANTE DO SUL;2.181.385,18;0,00;0;0;0,00;2.181.385,18;;;;
PR;4107157;DIAMANTE DOESTE;2.768.106,39;0,00;0;0;0,00;2.768.106,39;;;;
PR;4107207;DOIS VIZINHOS;29.215.948,74;0,00;0;0;0,00;29.215.948,74;;;;
PR;4107256;DOURADINA;6.023.302,09;0,00;0;0;0,00;6.023.302,09;;;;
PR;4107306;DOUTOR CAMARGO;4.121.993,26;0,00;0;0;0,00;4.121.993,26;;;;
PR;4128633;DOUTOR ULYSSES;3.282.040,96;0,00;0;0;0,00;3.282.040,96;;;;
PR;4107405;ENEAS MARQUES;3.981.955,09;0,00;0;0;0,00;3.981.955,09;;;;
PR;4107504;ENGENHEIRO BELTRAO;7.665.567,97;0,00;0;0;0,00;7.665.567,97;;;;
PR;4107538;ENTRE RIOS DO OESTE;3.583.980,98;0,00;0;0;0,00;3.583.980,98;;;;
PR;4107520;ESPERANCA NOVA;1.353.886,86;0,00;0;0;0,00;1.353.886,86;;;;
PR;4107546;ESPIGAO ALTO DO IGUACU;3.183.792,83;0,00;0;0;0,00;3.183.792,83;;;;
PR;4107553;FAROL;2.051.310,19;0,00;0;0;0,00;2.051.310,19;;;;
PR;4107603;FAXINAL;11.164.861,84;0,00;0;0;0,00;11.164.861,84;;;;
PR;4107652;FAZENDA RIO GRANDE;95.397.271,04;0,00;0;0;0,00;95.397.271,04;;;;
PR;4107702;FENIX;3.186.560,38;0,00;0;0;0,00;3.186.560,38;;;;
PR;4107736;FERNANDES PINHEIRO;4.357.788,76;0,00;0;0;0,00;4.357.788,76;;;;
PR;4107751;FIGUEIRA;4.844.324,56;0,00;0;0;0,00;4.844.324,56;;;;
PR;4107850;FLOR DA SERRA DO SUL;3.415.713,77;0,00;0;0;0,00;3.415.713,77;;;;
PR;4107801;FLORAI;3.587.855,55;0,00;0;0;0,00;3.587.855,55;;;;
PR;4107900;FLORESTA;8.693.437,11;0,00;0;0;0,00;8.693.437,11;;;;
PR;4108007;FLORESTOPOLIS;6.551.351,18;0,00;0;0;0,00;6.551.351,18;;;;
PR;4108106;FLORIDA;2.259.983,68;0,00;0;0;0,00;2.259.983,68;;;;
PR;4108205;FORMOSA DO OESTE;4.541.000,77;0,00;0;0;0,00;4.541.000,77;;;;
PR;4108304;FOZ DO IGUACU;167.091.835,45;0,00;0;0;0,00;167.091.835,45;;;;
PR;4108452;FOZ DO JORDAO;3.718.484,05;0,00;0;0;0,00;3.718.484,05;;;;
PR;4108320;FRANCISCO ALVES;5.735.476,59;0,00;0;0;0,00;5.735.476,59;;;;
PR;4108403;FRANCISCO BELTRAO;61.904.069,33;0,00;0;0;0,00;61.904.069,33;;;;
PR;4108502;GENERAL CARNEIRO;7.650.069,68;0,00;0;0;0,00;7.650.069,68;;;;
PR;4108551;GODOY MOREIRA;1.981.567,86;0,00;0;0;0,00;1.981.567,86;;;;
PR;4108601;GOIOERE;16.662.882,38;0,00;0;0;0,00;16.662.882,38;;;;
PR;4108650;GOIOXIM;4.604.654,48;0,00;0;0;0,00;4.604.654,48;;;;
PR;4108700;GRANDES RIOS;4.423.103,02;0,00;0;0;0,00;4.423.103,02;;;;
PR;4108809;GUAIRA;21.731.932,25;0,00;0;0;0,00;21.731.932,25;;;;
PR;4108908;GUAIRACA;4.989.897,85;0,00;0;0;0,00;4.989.897,85;;;;
PR;4108957;GUAMIRANGA;4.956.410,45;0,00;0;0;0,00;4.956.410,45;;;;
PR;4109005;GUAPIRAMA;3.868.485,42;0,00;0;0;0,00;3.868.485,42;;;;
PR;4109104;GUAPOREMA;1.488.943,45;0,00;0;0;0,00;1.488.943,45;;;;
PR;4109203;GUARACI;3.478.260,46;0,00;0;0;0,00;3.478.260,46;;;;
PR;4109302;GUARANIACU;9.129.880,20;0,00;0;0;0,00;9.129.880,20;;;;
PR;4109401;GUARAPUAVA;107.505.868,42;0,00;0;0;0,00;107.505.868,42;;;;
PR;4109500;GUARAQUECABA;5.222.372,28;0,00;0;0;0,00;5.222.372,28;;;;
PR;4109609;GUARATUBA;34.442.749,11;0,00;0;0;0,00;34.442.749,11;;;;
PR;4109658;HONORIO SERPA;3.817.839,20;0,00;0;0;0,00;3.817.839,20;;;;
PR;4109708;IBAITI;18.849.525,92;0,00;0;0;0,00;18.849.525,92;;;;
PR;4109757;IBEMA;4.250.407,71;0,00;0;0;0,00;4.250.407,71;;;;
PR;4109807;IBIPORA;38.385.958,45;0,00;0;0;0,00;38.385.958,45;;;;
PR;4109906;ICARAIMA;5.481.968,74;0,00;0;0;0,00;5.481.968,74;;;;
PR;4110003;IGUARACU;4.593.584,27;0,00;0;0;0,00;4.593.584,27;;;;
PR;4110052;IGUATU;1.252.040,93;0,00;0;0;0,00;1.252.040,93;;;;
PR;4110078;IMBAU;8.748.788,16;0,00;0;0;0,00;8.748.788,16;;;;
PR;4110102;IMBITUVA;22.713.306,50;0,00;0;0;0,00;22.713.306,50;;;;
PR;4110201;INACIO MARTINS;7.682.173,28;0,00;0;0;0,00;7.682.173,28;;;;
PR;4110300;INAJA;2.044.114,56;0,00;0;0;0,00;2.044.114,56;;;;
PR;4110409;INDIANOPOLIS;3.813.134,36;0,00;0;0;0,00;3.813.134,36;;;;
PR;4110508;IPIRANGA;9.139.843,39;0,00;0;0;0,00;9.139.843,39;;;;
PR;4110607;IPORA;7.734.756,80;0,00;0;0;0,00;7.734.756,80;;;;
PR;4110656;IRACEMA DO OESTE;1.486.175,90;0,00;0;0;0,00;1.486.175,90;;;;
PR;4110706;IRATI;36.258.540,56;0,00;0;0;0,00;36.258.540,56;;;;
PR;4110805;IRETAMA;7.538.814,05;0,00;0;0;0,00;7.538.814,05;;;;
PR;4110904;ITAGUAJE;3.622.173,21;0,00;0;0;0,00;3.622.173,21;;;;
PR;4110953;ITAIPULANDIA;10.491.239,46;0,00;0;0;0,00;10.491.239,46;;;;
PR;4111001;ITAMBARACA;3.461.655,15;0,00;0;0;0,00;3.461.655,15;;;;
PR;4111100;ITAMBE;4.488.417,26;0,00;0;0;0,00;4.488.417,26;;;;
PR;4111209;ITAPEJARA DOESTE;9.687.818,86;0,00;0;0;0,00;9.687.818,86;;;;
PR;4111258;ITAPERUCU;20.881.740,00;0,00;0;0;0,00;20.881.740,00;;;;
PR;4111308;ITAUNA DO SUL;2.620.872,58;0,00;0;0;0,00;2.620.872,58;;;;
PR;4111407;IVAI;8.837.349,86;0,00;0;0;0,00;8.837.349,86;;;;
PR;4111506;IVAIPORA;17.544.347,97;0,00;0;0;0,00;17.544.347,97;;;;
PR;4111555;IVATE;5.127.168,46;0,00;0;0;0,00;5.127.168,46;;;;
PR;4111605;IVATUBA;1.676.030,03;0,00;0;0;0,00;1.676.030,03;;;;
PR;4111704;JABOTI;3.371.432,92;0,00;0;0;0,00;3.371.432,92;;;;
PR;4111803;JACAREZINHO;25.873.298,38;0,00;0;0;0,00;25.873.298,38;;;;
PR;4111902;JAGUAPITA;10.513.933,40;0,00;0;0;0,00;10.513.933,40;;;;
PR;4112009;JAGUARIAIVA;21.708.408,04;0,00;0;0;0,00;21.708.408,04;;;;
PR;4112108;JANDAIA DO SUL;11.406.745,95;0,00;0;0;0,00;11.406.745,95;;;;
PR;4112207;JANIOPOLIS;3.644.867,14;0,00;0;0;0,00;3.644.867,14;;;;
PR;4112306;JAPIRA;3.264.605,38;0,00;0;0;0,00;3.264.605,38;;;;
PR;4112405;JAPURA;5.672.929,89;0,00;0;0;0,00;5.672.929,89;;;;
PR;4112504;JARDIM ALEGRE;7.547.946,97;0,00;0;0;0,00;7.547.946,97;;;;
PR;4112603;JARDIM OLINDA;1.116.984,34;0,00;0;0;0,00;1.116.984,34;;;;
PR;4112702;JATAIZINHO;7.737.524,34;0,00;0;0;0,00;7.737.524,34;;;;
PR;4112751;JESUITAS;4.301.330,69;0,00;0;0;0,00;4.301.330,69;;;;
PR;4112801;JOAQUIM TAVORA;9.477.208,09;0,00;0;0;0,00;9.477.208,09;;;;
PR;4112900;JUNDIAI DO SUL;2.260.537,19;0,00;0;0;0,00;2.260.537,19;;;;
PR;4112959;JURANDA;4.135.831,03;0,00;0;0;0,00;4.135.831,03;;;;
PR;4113007;JUSSARA;4.508.897,15;0,00;0;0;0,00;4.508.897,15;;;;
PR;4113106;KALORE;3.210.361,34;0,00;0;0;0,00;3.210.361,34;;;;
PR;4113205;LAPA;29.323.606,55;0,00;0;0;0,00;29.323.606,55;;;;
PR;4113254;LARANJAL;4.385.187,54;0,00;0;0;0,00;4.385.187,54;;;;
PR;4113304;LARANJEIRAS DO SUL;24.461.292,89;0,00;0;0;0,00;24.461.292,89;;;;
PR;4113403;LEOPOLIS;2.883.513,34;0,00;0;0;0,00;2.883.513,34;;;;
PR;4113429;LIDIANOPOLIS;2.570.779,87;0,00;0;0;0,00;2.570.779,87;;;;
PR;4113452;LINDOESTE;4.571.443,84;0,00;0;0;0,00;4.571.443,84;;;;
PR;4113502;LOANDA;16.170.257,98;0,00;0;0;0,00;16.170.257,98;;;;
PR;4113601;LOBATO;3.189.881,46;0,00;0;0;0,00;3.189.881,46;;;;
PR;4113700;LONDRINA;276.250.763,20;0,00;0;0;0,00;276.250.763,20;;;;
PR;4113734;LUIZIANA;4.602.993,95;0,00;0;0;0,00;4.602.993,95;;;;
PR;4113759;LUNARDELLI;2.828.439,04;0,00;0;0;0,00;2.828.439,04;;;;
PR;4113809;LUPIONOPOLIS;2.608.141,83;0,00;0;0;0,00;2.608.141,83;;;;
PR;4113908;MALLET;7.206.154,19;0,00;0;0;0,00;7.206.154,19;;;;
PR;4114005;MAMBORE;7.683.833,81;0,00;0;0;0,00;7.683.833,81;;;;
PR;4114104;MANDAGUACU;21.339.216,49;0,00;0;0;0,00;21.339.216,49;;;;
PR;4114203;MANDAGUARI;24.059.444,21;0,00;0;0;0,00;24.059.444,21;;;;
PR;4114302;MANDIRITUBA;18.920.098,51;0,00;0;0;0,00;18.920.098,51;;;;
PR;4114351;MANFRINOPOLIS;1.457.393,34;0,00;0;0;0,00;1.457.393,34;;;;
PR;4114401;MANGUEIRINHA;12.063.209,50;0,00;0;0;0,00;12.063.209,50;;;;
PR;4114500;MANOEL RIBAS;7.666.121,48;0,00;0;0;0,00;7.666.121,48;;;;
PR;4114609;MARECHAL CANDIDO RONDON;34.711.201,75;0,00;0;0;0,00;34.711.201,75;;;;
PR;4114708;MARIA HELENA;3.709.627,89;0,00;0;0;0,00;3.709.627,89;;;;
PR;4114807;MARIALVA;25.550.601,70;0,00;0;0;0,00;25.550.601,70;;;;
PR;4114906;MARILANDIA DO SUL;5.844.518,17;0,00;0;0;0,00;5.844.518,17;;;;
PR;4115002;MARILENA;5.312.041,00;0,00;0;0;0,00;5.312.041,00;;;;
PR;4115101;MARILUZ;6.692.773,13;0,00;0;0;0,00;6.692.773,13;;;;
PR;4115200;MARINGA;209.429.859,42;0,00;0;0;0,00;209.429.859,42;;;;
PR;4115309;MARIOPOLIS;5.061.300,71;0,00;0;0;0,00;5.061.300,71;;;;
PR;4115358;MARIPA;4.588.879,43;0,00;0;0;0,00;4.588.879,43;;;;
PR;4115408;MARMELEIRO;9.795.476,67;0,00;0;0;0,00;9.795.476,67;;;;
PR;4115457;MARQUINHO;3.105.194,33;0,00;0;0;0,00;3.105.194,33;;;;
PR;4115507;MARUMBI;3.205.933,26;0,00;0;0;0,00;3.205.933,26;;;;
PR;4115606;MATELANDIA;13.266.264,74;0,00;0;0;0,00;13.266.264,74;;;;
PR;4115705;MATINHOS;30.006.915,35;0,00;0;0;0,00;30.006.915,35;;;;
PR;4115739;MATO RICO;2.380.372,24;0,00;0;0;0,00;2.380.372,24;;;;
PR;4115754;MAUA DA SERRA;7.839.370,30;0,00;0;0;0,00;7.839.370,30;;;;
PR;4115804;MEDIANEIRA;36.805.685,77;0,00;0;0;0,00;36.805.685,77;;;;
PR;4115853;MERCEDES;4.282.511,33;0,00;0;0;0,00;4.282.511,33;;;;
PR;4115903;MIRADOR;1.869.481,98;0,00;0;0;0,00;1.869.481,98;;;;
PR;4116000;MIRASELVA;1.548.722,59;0,00;0;0;0,00;1.548.722,59;;;;
PR;4116059;MISSAL;7.604.958,56;0,00;0;0;0,00;7.604.958,56;;;;
PR;4116109;MOREIRA SALES;7.607.449,36;0,00;0;0;0,00;7.607.449,36;;;;
PR;4116208;MORRETES;13.292.002,97;0,00;0;0;0,00;13.292.002,97;;;;
PR;4116307;MUNHOZ DE MELO;3.185.453,36;0,00;0;0;0,00;3.185.453,36;;;;
PR;4116406;NOSSA SENHORA DAS GRACAS;2.533.971,42;0,00;0;0;0,00;2.533.971,42;;;;
PR;4116505;NOVA ALIANCA DO IVAI;1.045.027,96;0,00;0;0;0,00;1.045.027,96;;;;
PR;4116604;NOVA AMERICA DA COLINA;2.350.759,42;0,00;0;0;0,00;2.350.759,42;;;;
PR;4116703;NOVA AURORA;8.505.243,52;0,00;0;0;0,00;8.505.243,52;;;;
PR;4116802;NOVA CANTU;4.902.996,68;0,00;0;0;0,00;4.902.996,68;;;;
PR;4116901;NOVA ESPERANCA;15.596.267,50;0,00;0;0;0,00;15.596.267,50;;;;
PR;4116950;NOVA ESPERANCA DO SUDOESTE;3.621.619,70;0,00;0;0;0,00;3.621.619,70;;;;
PR;4117008;NOVA FATIMA;4.725.319,78;0,00;0;0;0,00;4.725.319,78;;;;
PR;4117057;NOVA LARANJEIRAS;5.103.090,76;0,00;0;0;0,00;5.103.090,76;;;;
PR;4117107;NOVA LONDRINA;9.092.518,23;0,00;0;0;0,00;9.092.518,23;;;;
PR;4117206;NOVA OLIMPIA;4.105.941,45;0,00;0;0;0,00;4.105.941,45;;;;
PR;4117255;NOVA PRATA DO IGUACU;7.767.413,91;0,00;0;0;0,00;7.767.413,91;;;;
PR;4117214;NOVA SANTA BARBARA;3.621.619,70;0,00;0;0;0,00;3.621.619,70;;;;
PR;4117222;NOVA SANTA ROSA;6.325.518,87;0,00;0;0;0,00;6.325.518,87;;;;
PR;4117271;NOVA TEBAS;5.298.479,99;0,00;0;0;0,00;5.298.479,99;;;;
PR;4117297;NOVO ITACOLOMI;2.002.601,26;0,00;0;0;0,00;2.002.601,26;;;;
PR;4117305;ORTIGUEIRA;15.052.443,37;0,00;0;0;0,00;15.052.443,37;;;;
PR;4117404;OURIZONA;2.238.396,77;0,00;0;0;0,00;2.238.396,77;;;;
PR;4117453;OURO VERDE DO OESTE;4.669.968,74;0,00;0;0;0,00;4.669.968,74;;;;
PR;4117503;PAICANDU;33.171.335,33;0,00;0;0;0,00;33.171.335,33;;;;
PR;4117602;PALMAS;32.771.977,43;0,00;0;0;0,00;32.771.977,43;;;;
PR;4117701;PALMEIRA;20.317.989,48;0,00;0;0;0,00;20.317.989,48;;;;
PR;4117800;PALMITAL;8.242.879,50;0,00;0;0;0,00;8.242.879,50;;;;
PR;4117909;PALOTINA;23.409.622,80;0,00;0;0;0,00;23.409.622,80;;;;
PR;4118006;PARAISO DO NORTE;11.033.679,83;0,00;0;0;0,00;11.033.679,83;;;;
PR;4118105;PARANACITY;6.384.190,99;0,00;0;0;0,00;6.384.190,99;;;;
PR;4118204;PARANAGUA;89.282.639,71;0,00;0;0;0,00;89.282.639,71;;;;
PR;4118303;PARANAPOEMA;1.874.740,32;0,00;0;0;0,00;1.874.740,32;;;;
PR;4118402;PARANAVAI;60.916.052,96;0,00;0;0;0,00;60.916.052,96;;;;
PR;4118451;PATO BRAGADO;4.689.341,60;0,00;0;0;0,00;4.689.341,60;;;;
PR;4118501;PATO BRANCO;53.797.076,67;0,00;0;0;0,00;53.797.076,67;;;;
PR;4118600;PAULA FREITAS;4.016.549,50;0,00;0;0;0,00;4.016.549,50;;;;
PR;4118709;PAULO FRONTIN;4.098.745,81;0,00;0;0;0,00;4.098.745,81;;;;
PR;4118808;PEABIRU;9.819.277,62;0,00;0;0;0,00;9.819.277,62;;;;
PR;4118857;PEROBAL;5.395.897,86;0,00;0;0;0,00;5.395.897,86;;;;
PR;4118907;PEROLA;7.831.067,63;0,00;0;0;0,00;7.831.067,63;;;;
PR;4119004;PEROLA DOESTE;3.673.649,69;0,00;0;0;0,00;3.673.649,69;;;;
PR;4119103;PIEN;10.948.992,70;0,00;0;0;0,00;10.948.992,70;;;;
PR;4119152;PINHAIS;82.548.353,29;0,00;0;0;0,00;82.548.353,29;;;;
PR;4119251;PINHAL DE SAO BENTO;1.848.171,81;0,00;0;0;0,00;1.848.171,81;;;;
PR;4119202;PINHALAO;4.417.014,39;0,00;0;0;0,00;4.417.014,39;;;;
PR;4119301;PINHAO;21.588.849,76;0,00;0;0;0,00;21.588.849,76;;;;
PR;4119400;PIRAI DO SUL;15.261.393,61;0,00;0;0;0,00;15.261.393,61;;;;
PR;4119509;PIRAQUARA;74.411.194,31;0,00;0;0;0,00;74.411.194,31;;;;
PR;4119608;PITANGA;19.933.022,87;0,00;0;0;0,00;19.933.022,87;;;;
PR;4119657;PITANGUEIRAS;2.326.958,47;0,00;0;0;0,00;2.326.958,47;;;;
PR;4119707;PLANALTINA DO PARANA;3.373.093,45;0,00;0;0;0,00;3.373.093,45;;;;
PR;4119806;PLANALTO;7.909.112,62;0,00;0;0;0,00;7.909.112,62;;;;
PR;4119905;PONTA GROSSA;215.712.481,22;0,00;0;0;0,00;215.712.481,22;;;;
PR;4119954;PONTAL DO PARANA;22.530.648,00;0,00;0;0;0,00;22.530.648,00;;;;
PR;4120002;PORECATU;6.231.975,58;0,00;0;0;0,00;6.231.975,58;;;;
PR;4120101;PORTO AMAZONAS;3.116.818,05;0,00;0;0;0,00;3.116.818,05;;;;
PR;4120150;PORTO BARREIRO;2.070.406,30;0,00;0;0;0,00;2.070.406,30;;;;
PR;4120200;PORTO RICO;2.596.518,11;0,00;0;0;0,00;2.596.518,11;;;;
PR;4120309;PORTO VITORIA;2.783.881,45;0,00;0;0;0,00;2.783.881,45;;;;
PR;4120333;PRADO FERREIRA;3.106.854,87;0,00;0;0;0,00;3.106.854,87;;;;
PR;4120358;PRANCHITA;3.799.850,10;0,00;0;0;0,00;3.799.850,10;;;;
PR;4120408;PRESIDENTE CASTELO BRANCO;2.941.355,21;0,00;0;0;0,00;2.941.355,21;;;;
PR;4120507;PRIMEIRO DE MAIO;5.379.569,29;0,00;0;0;0,00;5.379.569,29;;;;
PR;4120606;PRUDENTOPOLIS;29.995.291,63;0,00;0;0;0,00;29.995.291,63;;;;
PR;4120655;QUARTO CENTENARIO;3.186.006,87;0,00;0;0;0,00;3.186.006,87;;;;
PR;4120705;QUATIGUA;5.180.858,99;0,00;0;0;0,00;5.180.858,99;;;;
PR;4120804;QUATRO BARRAS;16.237.786,26;0,00;0;0;0,00;16.237.786,26;;;;
PR;4120853;QUATRO PONTES;3.321.616,97;0,00;0;0;0,00;3.321.616,97;;;;
PR;4120903;QUEDAS DO IGUACU;21.297.703,20;0,00;0;0;0,00;21.297.703,20;;;;
PR;4121000;QUERENCIA DO NORTE;8.496.387,34;0,00;0;0;0,00;8.496.387,34;;;;
PR;4121109;QUINTA DO SOL;3.566.268,64;0,00;0;0;0,00;3.566.268,64;;;;
PR;4121208;QUITANDINHA;11.998.725,52;0,00;0;0;0,00;11.998.725,52;;;;
PR;4121257;RAMILANDIA;3.369.772,39;0,00;0;0;0,00;3.369.772,39;;;;
PR;4121307;RANCHO ALEGRE;1.999.280,20;0,00;0;0;0,00;1.999.280,20;;;;
PR;4121356;RANCHO ALEGRE DOESTE;1.573.077,06;0,00;0;0;0,00;1.573.077,06;;;;
PR;4121406;REALEZA;11.978.245,63;0,00;0;0;0,00;11.978.245,63;;;;
PR;4121505;REBOUCAS;10.172.140,61;0,00;0;0;0,00;10.172.140,61;;;;
PR;4121604;RENASCENCA;4.302.437,71;0,00;0;0;0,00;4.302.437,71;;;;
PR;4121703;RESERVA;17.841.859,91;0,00;0;0;0,00;17.841.859,91;;;;
PR;4121752;RESERVA DO IGUACU;5.499.127,58;0,00;0;0;0,00;5.499.127,58;;;;
PR;4121802;RIBEIRAO CLARO;7.276.450,03;0,00;0;0;0,00;7.276.450,03;;;;
PR;4121901;RIBEIRAO DO PINHAL;9.628.316,48;0,00;0;0;0,00;9.628.316,48;;;;
PR;4122008;RIO AZUL;8.878.863,15;0,00;0;0;0,00;8.878.863,15;;;;
PR;4122107;RIO BOM;1.912.379,05;0,00;0;0;0,00;1.912.379,05;;;;
PR;4122156;RIO BONITO DO IGUACU;9.926.658,67;0,00;0;0;0,00;9.926.658,67;;;;
PR;4122172;RIO BRANCO DO IVAI;2.978.993,92;0,00;0;0;0,00;2.978.993,92;;;;
PR;4122206;RIO BRANCO DO SUL;25.226.798,02;0,00;0;0;0,00;25.226.798,02;;;;
PR;4122305;RIO NEGRO;21.988.207,63;0,00;0;0;0,00;21.988.207,63;;;;
PR;4122404;ROLANDIA;44.356.123,53;0,00;0;0;0,00;44.356.123,53;;;;
PR;4122503;RONCADOR;6.636.038,30;0,00;0;0;0,00;6.636.038,30;;;;
PR;4122602;RONDON;5.897.378,43;0,00;0;0;0,00;5.897.378,43;;;;
PR;4122651;ROSARIO DO IVAI;4.004.649,01;0,00;0;0;0,00;4.004.649,01;;;;
PR;4122701;SABAUDIA;6.959.841,98;0,00;0;0;0,00;6.959.841,98;;;;
PR;4122800;SALGADO FILHO;3.168.848,05;0,00;0;0;0,00;3.168.848,05;;;;
PR;4122909;SALTO DO ITARARE;3.622.726,72;0,00;0;0;0,00;3.622.726,72;;;;
PR;4123006;SALTO DO LONTRA;8.902.387,35;0,00;0;0;0,00;8.902.387,35;;;;
PR;4123105;SANTA AMELIA;2.714.969,37;0,00;0;0;0,00;2.714.969,37;;;;
PR;4123204;SANTA CECILIA DO PAVAO;2.493.011,64;0,00;0;0;0,00;2.493.011,64;;;;
PR;4123303;SANTA CRUZ DE MONTE CASTELO;6.413.527,05;0,00;0;0;0,00;6.413.527,05;;;;
PR;4123402;SANTA FE;7.244.346,42;0,00;0;0;0,00;7.244.346,42;;;;
PR;4123501;SANTA HELENA;20.219.741,35;0,00;0;0;0,00;20.219.741,35;;;;
PR;4123600;SANTA INES;1.187.280,18;0,00;0;0;0,00;1.187.280,18;;;;
PR;4123709;SANTA ISABEL DO IVAI;5.781.971,48;0,00;0;0;0,00;5.781.971,48;;;;
PR;4123808;SANTA IZABEL DO OESTE;8.314.005,61;0,00;0;0;0,00;8.314.005,61;;;;
PR;4123824;SANTA LUCIA;2.287.935,97;0,00;0;0;0,00;2.287.935,97;;;;
PR;4123857;SANTA MARIA DO OESTE;6.394.984,44;0,00;0;0;0,00;6.394.984,44;;;;
PR;4123907;SANTA MARIANA;5.734.369,57;0,00;0;0;0,00;5.734.369,57;;;;
PR;4123956;SANTA MONICA;3.033.514,71;0,00;0;0;0,00;3.033.514,71;;;;
PR;4124020;SANTA TEREZA DO OESTE;10.295.019,97;0,00;0;0;0,00;10.295.019,97;;;;
PR;4124053;SANTA TEREZINHA DE ITAIPU;14.961.944,39;0,00;0;0;0,00;14.961.944,39;;;;
PR;4124004;SANTANA DO ITARARE;4.107.048,47;0,00;0;0;0,00;4.107.048,47;;;;
PR;4124103;SANTO ANTONIO DA PLATINA;26.498.488,57;0,00;0;0;0,00;26.498.488,57;;;;
PR;4124202;SANTO ANTONIO DO CAIUA;2.059.059,34;0,00;0;0;0,00;2.059.059,34;;;;
PR;4124301;SANTO ANTONIO DO PARAISO;1.502.227,70;0,00;0;0;0,00;1.502.227,70;;;;
PR;4124400;SANTO ANTONIO DO SUDOESTE;13.804.000,26;0,00;0;0;0,00;13.804.000,26;;;;
PR;4124509;SANTO INACIO;5.250.047,82;0,00;0;0;0,00;5.250.047,82;;;;
PR;4124608;SAO CARLOS DO IVAI;5.092.297,30;0,00;0;0;0,00;5.092.297,30;;;;
PR;4124707;SAO JERONIMO DA SERRA;5.195.803,78;0,00;0;0;0,00;5.195.803,78;;;;
PR;4124806;SAO JOAO;8.125.812,01;0,00;0;0;0,00;8.125.812,01;;;;
PR;4124905;SAO JOAO DO CAIUA;4.778.456,81;0,00;0;0;0,00;4.778.456,81;;;;
PR;4125001;SAO JOAO DO IVAI;6.928.291,89;0,00;0;0;0,00;6.928.291,89;;;;
PR;4125100;SAO JOAO DO TRIUNFO;8.004.593,20;0,00;0;0;0,00;8.004.593,20;;;;
PR;4125308;SAO JORGE DO IVAI;3.421.802,38;0,00;0;0;0,00;3.421.802,38;;;;
PR;4125357;SAO JORGE DO PATROCINIO;4.602.440,44;0,00;0;0;0,00;4.602.440,44;;;;
PR;4125209;SAO JORGE DOESTE;6.468.324,60;0,00;0;0;0,00;6.468.324,60;;;;
PR;4125407;SAO JOSE DA BOA VISTA;3.849.112,54;0,00;0;0;0,00;3.849.112,54;;;;
PR;4125456;SAO JOSE DAS PALMEIRAS;2.793.014,37;0,00;0;0;0,00;2.793.014,37;;;;
PR;4125506;SAO JOSE DOS PINHAIS;187.047.275,50;0,00;0;0;0,00;187.047.275,50;;;;
PR;4125555;SAO MANOEL DO PARANA;1.521.047,07;0,00;0;0;0,00;1.521.047,07;;;;
PR;4125605;SAO MATEUS DO SUL;27.800.345,44;0,00;0;0;0,00;27.800.345,44;;;;
PR;4125704;SAO MIGUEL DO IGUACU;20.132.286,68;0,00;0;0;0,00;20.132.286,68;;;;
PR;4125753;SAO PEDRO DO IGUACU;4.716.463,62;0,00;0;0;0,00;4.716.463,62;;;;
PR;4125803;SAO PEDRO DO IVAI;5.825.145,30;0,00;0;0;0,00;5.825.145,30;;;;
PR;4125902;SAO PEDRO DO PARANA;1.979.353,82;0,00;0;0;0,00;1.979.353,82;;;;
PR;4126009;SAO SEBASTIAO DA AMOREIRA;4.681.592,46;0,00;0;0;0,00;4.681.592,46;;;;
PR;4126108;SAO TOME;4.007.970,09;0,00;0;0;0,00;4.007.970,09;;;;
PR;4126207;SAPOPEMA;5.163.146,65;0,00;0;0;0,00;5.163.146,65;;;;
PR;4126256;SARANDI;70.361.987,68;0,00;0;0;0,00;70.361.987,68;;;;
PR;4126272;SAUDADE DO IGUACU;5.520.160,98;0,00;0;0;0,00;5.520.160,98;;;;
PR;4126306;SENGES;13.156.116,12;0,00;0;0;0,00;13.156.116,12;;;;
PR;4126355;SERRANOPOLIS DO IGUACU;3.147.261,14;0,00;0;0;0,00;3.147.261,14;;;;
PR;4126405;SERTANEJA;4.053.357,95;0,00;0;0;0,00;4.053.357,95;;;;
PR;4126504;SERTANOPOLIS;9.403.591,18;0,00;0;0;0,00;9.403.591,18;;;;
PR;4126603;SIQUEIRA CAMPOS;16.148.947,81;0,00;0;0;0,00;16.148.947,81;;;;
PR;4126652;SULINA;1.854.813,94;0,00;0;0;0,00;1.854.813,94;;;;
PR;4126678;TAMARANA;6.690.005,58;0,00;0;0;0,00;6.690.005,58;;;;
PR;4126702;TAMBOARA;2.838.402,24;0,00;0;0;0,00;2.838.402,24;;;;
PR;4126801;TAPEJARA;10.433.674,36;0,00;0;0;0,00;10.433.674,36;;;;
PR;4126900;TAPIRA;3.592.283,64;0,00;0;0;0,00;3.592.283,64;;;;
PR;4127007;TEIXEIRA SOARES;6.371.460,25;0,00;0;0;0,00;6.371.460,25;;;;
PR;4127106;TELEMACO BORBA;48.720.554,43;0,00;0;0;0,00;48.720.554,43;;;;
PR;4127205;TERRA BOA;12.463.397,64;0,00;0;0;0,00;12.463.397,64;;;;
PR;4127304;TERRA RICA;10.817.257,19;0,00;0;0;0,00;10.817.257,19;;;;
PR;4127403;TERRA ROXA;12.936.925,94;0,00;0;0;0,00;12.936.925,94;;;;
PR;4127502;TIBAGI;13.678.906,87;0,00;0;0;0,00;13.678.906,87;;;;
PR;4127601;TIJUCAS DO SUL;13.021.613,06;0,00;0;0;0,00;13.021.613,06;;;;
PR;4127700;TOLEDO;89.494.357,51;0,00;0;0;0,00;89.494.357,51;;;;
PR;4127809;TOMAZINA;4.934.546,79;0,00;0;0;0,00;4.934.546,79;;;;
PR;4127858;TRES BARRAS DO PARANA;8.054.962,66;0,00;0;0;0,00;8.054.962,66;;;;
PR;4127882;TUNAS DO PARANA;5.800.237,32;0,00;0;0;0,00;5.800.237,32;;;;
PR;4127908;TUNEIRAS DO OESTE;6.196.274,14;0,00;0;0;0,00;6.196.274,14;;;;
PR;4127957;TUPASSI;5.152.629,95;0,00;0;0;0,00;5.152.629,95;;;;
PR;4127965;TURVO;11.244.013,84;0,00;0;0;0,00;11.244.013,84;;;;
PR;4128005;UBIRATA;16.854.120,29;0,00;0;0;0,00;16.854.120,29;;;;
PR;4128104;UMUARAMA;59.154.228,79;0,00;0;0;0,00;59.154.228,79;;;;
PR;4128203;UNIAO DA VITORIA;33.060.909,96;0,00;0;0;0,00;33.060.909,96;;;;
PR;4128302;UNIFLOR;1.425.289,73;0,00;0;0;0,00;1.425.289,73;;;;
PR;4128401;URAI;5.159.272,08;0,00;0;0;0,00;5.159.272,08;;;;
PR;4128534;VENTANIA;6.724.323,24;0,00;0;0;0,00;6.724.323,24;;;;
PR;4128559;VERA CRUZ DO OESTE;5.004.842,63;0,00;0;0;0,00;5.004.842,63;;;;
PR;4128609;VERE;5.083.994,65;0,00;0;0;0,00;5.083.994,65;;;;
PR;4128658;VIRMOND;2.600.392,69;0,00;0;0;0,00;2.600.392,69;;;;
PR;4128708;VITORINO;5.489.717,89;0,00;0;0;0,00;5.489.717,89;;;;
PR;4128500;WENCESLAU BRAZ;11.795.310,38;0,00;0;0;0,00;11.795.310,38;;;;
PR;4128807;XAMBRE;3.944.869,87;0,00;0;0;0,00;3.944.869,87;;;;
RJ;3300100;ANGRA DOS REIS;123.789.787,97;10.854.414,84;0;0;10.854.414,84;134.644.202,81;;;;
RJ;3300159;APERIBE;6.705.512,32;587.967,83;0;0;587.967,83;7.293.480,15;;;;
RJ;3300209;ARARUAMA;103.349.240,04;9.062.100,70;0;0;9.062.100,70;112.411.340,74;;;;
RJ;3300225;AREAL;9.760.158,82;855.812,22;0;0;855.812,22;10.615.971,04;;;;
RJ;3300233;ARMACAO DOS BUZIOS;43.873.921,28;3.847.051,92;0;0;3.847.051,92;47.720.973,20;;;;
RJ;3300258;ARRAIAL DO CABO;27.292.671,55;2.393.137,46;0;0;2.393.137,46;29.685.809,01;;;;
RJ;3300308;BARRA DO PIRAI;45.413.828,65;3.982.077,55;0;0;3.982.077,55;49.395.906,20;;;;
RJ;3300407;BARRA MANSA;99.569.356,28;8.730.664,43;0;0;8.730.664,43;108.300.020,71;;;;
RJ;3300456;BELFORD ROXO;234.486.209,13;20.560.747,61;0;0;20.560.747,61;255.046.956,74;;;;
RJ;3300506;BOM JARDIM;13.185.731,93;1.156.181,03;0;0;1.156.181,03;14.341.912,96;;;;
RJ;3300605;BOM JESUS DO ITABAPOANA;22.139.528,58;1.941.287,98;0;0;1.941.287,98;24.080.816,56;;;;
RJ;3300704;CABO FRIO;166.712.446,22;14.618.055,98;0;0;14.618.055,98;181.330.502,20;;;;
RJ;3300803;CACHOEIRAS DE MACACU;35.801.502,90;3.139.227,97;0;0;3.139.227,97;38.940.730,87;;;;
RJ;3300902;CAMBUCI;7.606.683,13;666.986,31;0;0;666.986,31;8.273.669,44;;;;
RJ;3301009;CAMPOS DOS GOYTACAZES;292.759.070,86;25.670.359,85;0;0;25.670.359,85;318.429.430,71;;;;
RJ;3301108;CANTAGALO;11.061.578,49;969.926,22;0;0;969.926,22;12.031.504,71;;;;
RJ;3300936;CARAPEBUS;11.049.849,59;968.897,78;0;0;968.897,78;12.018.747,37;;;;
RJ;3301157;CARDOSO MOREIRA;11.836.419,24;1.037.867,55;0;0;1.037.867,55;12.874.286,79;;;;
RJ;3301207;CARMO;9.572.252,00;839.335,75;0;0;839.335,75;10.411.587,75;;;;
RJ;3301306;CASIMIRO DE ABREU;38.857.615,52;3.407.200,91;0;0;3.407.200,91;42.264.816,43;;;;
RJ;3300951;COMENDADOR LEVY GASPARIAN;8.696.493,82;762.545,55;0;0;762.545,55;9.459.039,37;;;;
RJ;3301405;CONCEICAO DE MACABU;14.806.519,89;1.298.298,61;0;0;1.298.298,61;16.104.818,50;;;;
RJ;3301504;CORDEIRO;13.059.890,56;1.145.146,72;0;0;1.145.146,72;14.205.037,28;;;;
RJ;3301603;DUAS BARRAS;9.936.825,43;871.303,10;0;0;871.303,10;10.808.128,53;;;;
RJ;3301702;DUQUE DE CAXIAS;394.350.930,07;34.578.365,93;0;0;34.578.365,93;428.929.296,00;;;;
RJ;3301801;ENGENHEIRO PAULO DE FRONTIN;9.315.682,22;816.838,62;0;0;816.838,62;10.132.520,84;;;;
RJ;3301850;GUAPIMIRIM;44.638.987,92;3.914.136,22;0;0;3.914.136,22;48.553.124,14;;;;
RJ;3301876;IGUABA GRANDE;24.808.098,66;2.175.279,55;0;0;2.175.279,55;26.983.378,21;;;;
RJ;3301900;ITABORAI;154.155.676,79;13.517.025,05;0;0;13.517.025,05;167.672.701,84;;;;
RJ;3302007;ITAGUAI;106.636.509,82;9.350.342,49;0;0;9.350.342,49;115.986.852,31;;;;
RJ;3302056;ITALVA;8.805.719,24;772.122,90;0;0;772.122,90;9.577.842,14;;;;
RJ;3302106;ITAOCARA;11.154.187,96;978.046,62;0;0;978.046,62;12.132.234,58;;;;
RJ;3302205;ITAPERUNA;54.658.893,10;4.792.724,10;0;0;4.792.724,10;59.451.617,20;;;;
RJ;3302254;ITATIAIA;27.670.195,65;2.426.240,38;0;0;2.426.240,38;30.096.436,03;;;;
RJ;3302270;JAPERI;69.995.168,50;6.137.473,92;0;0;6.137.473,92;76.132.642,42;;;;
RJ;3302304;LAJE DO MURIAE;5.165.116,22;452.899,35;0;0;452.899,35;5.618.015,57;;;;
RJ;3302403;MACAE;219.425.562,98;19.240.166,14;0;0;19.240.166,14;238.665.729,12;;;;
RJ;3302452;MACUCO;5.110.870,04;448.142,81;0;0;448.142,81;5.559.012,85;;;;
RJ;3302502;MAGE;212.402.881,54;18.624.387,58;0;0;18.624.387,58;231.027.269,12;;;;
RJ;3302601;MANGARATIBA;40.668.753,81;3.566.009,22;0;0;3.566.009,22;44.234.763,03;;;;
RJ;3302700;MARICA;156.959.617,96;13.762.886,54;0;0;13.762.886,54;170.722.504,50;;;;
RJ;3302809;MENDES;13.046.939,90;1.144.011,15;0;0;1.144.011,15;14.190.951,05;;;;
RJ;3302858;MESQUITA;79.045.484,26;6.931.044,08;0;0;6.931.044,08;85.976.528,34;;;;
RJ;3302908;MIGUEL PEREIRA;20.430.773,85;1.791.457,10;0;0;1.791.457,10;22.222.230,95;;;;
RJ;3303005;MIRACEMA;18.323.725,05;1.606.702,11;0;0;1.606.702,11;19.930.427,16;;;;
RJ;3303104;NATIVIDADE;8.568.941,99;751.361,26;0;0;751.361,26;9.320.303,25;;;;
RJ;3303203;NILOPOLIS;65.117.410,43;5.709.771,36;0;0;5.709.771,36;70.827.181,79;;;;
RJ;3303302;NITEROI;164.210.035,63;14.398.633,98;0;0;14.398.633,98;178.608.669,61;;;;
RJ;3303401;NOVA FRIBURGO;96.666.208,13;8.476.104,05;0;0;8.476.104,05;105.142.312,18;;;;
RJ;3303500;NOVA IGUACU;327.408.941,98;28.708.607,84;0;0;28.708.607,84;356.117.549,82;;;;
RJ;3303609;PARACAMBI;26.310.864,51;2.307.048,45;0;0;2.307.048,45;28.617.912,96;;;;
RJ;3303708;PARAIBA DO SUL;32.280.876,80;2.830.524,50;0;0;2.830.524,50;35.111.401,30;;;;
RJ;3303807;PARATY;32.594.869,34;2.858.056,70;0;0;2.858.056,70;35.452.926,04;;;;
RJ;3303856;PATY DO ALFERES;23.955.798,27;2.100.546,23;0;0;2.100.546,23;26.056.344,50;;;;
RJ;3303906;PETROPOLIS;200.663.958,83;17.595.068,93;0;0;17.595.068,93;218.259.027,76;;;;
RJ;3303955;PINHEIRAL;19.931.806,71;1.747.705,54;0;0;1.747.705,54;21.679.512,25;;;;
RJ;3304003;PIRAI;22.773.378,12;1.996.866,60;0;0;1.996.866,60;24.770.244,72;;;;
RJ;3304102;PORCIUNCULA;11.386.811,23;998.444,01;0;0;998.444,01;12.385.255,24;;;;
RJ;3304110;PORTO REAL;18.556.103,98;1.627.078,08;0;0;1.627.078,08;20.183.182,06;;;;
RJ;3304128;QUATIS;12.469.780,06;1.093.403,33;0;0;1.093.403,33;13.563.183,39;;;;
RJ;3304144;QUEIMADOS;71.516.016,43;6.270.828,33;0;0;6.270.828,33;77.786.844,76;;;;
RJ;3304151;QUISSAMA;24.495.327,88;2.147.854,48;0;0;2.147.854,48;26.643.182,36;;;;
RJ;3304201;RESENDE;76.586.323,99;6.715.414,46;0;0;6.715.414,46;83.301.738,45;;;;
RJ;3304300;RIO BONITO;43.815.765,45;3.841.952,58;0;0;3.841.952,58;47.657.718,03;;;;
RJ;3304409;RIO CLARO;14.398.451,75;1.262.517,46;0;0;1.262.517,46;15.660.969,21;;;;
RJ;3304508;RIO DAS FLORES;9.346.959,30;819.581,13;0;0;819.581,13;10.166.540,43;;;;
RJ;3304524;RIO DAS OSTRAS;120.411.130,47;10.558.159,79;0;0;10.558.159,79;130.969.290,26;;;;
RJ;3304557;RIO DE JANEIRO;3.677.565.681,64;322.464.592,24;0;0;322.464.592,24;4.000.030.273,88;;;;
RJ;3304607;SANTA MARIA MADALENA;8.188.485,65;718.001,23;0;0;718.001,23;8.906.486,88;;;;
RJ;3304706;SANTO ANTONIO DE PADUA;28.107.341,70;2.464.571,20;0;0;2.464.571,20;30.571.912,90;;;;
RJ;3304805;SAO FIDELIS;25.746.166,65;2.257.533,34;0;0;2.257.533,34;28.003.699,99;;;;
RJ;3304755;SAO FRANCISCO DE ITABAPOANA;47.960.711,35;4.205.399,05;0;0;4.205.399,05;52.166.110,40;;;;
RJ;3304904;SAO GONCALO;249.778.012,43;21.901.597,93;0;0;21.901.597,93;271.679.610,36;;;;
RJ;3305000;SAO JOAO DA BARRA;45.085.908,04;3.953.324,08;0;0;3.953.324,08;49.039.232,12;;;;
RJ;3305109;SAO JOAO DE MERITI;148.250.417,83;12.999.226,85;0;0;12.999.226,85;161.249.644,68;;;;
RJ;3305133;SAO JOSE DE UBA;4.014.706,19;352.026,51;0;0;352.026,51;4.366.732,70;;;;
RJ;3305158;SAO JOSE DO VALE DO RIO PRETO;18.109.672,57;1.587.933,07;0;0;1.587.933,07;19.697.605,64;;;;
RJ;3305208;SAO PEDRO DA ALDEIA;70.659.806,42;6.195.752,20;0;0;6.195.752,20;76.855.558,62;;;;
RJ;3305307;SAO SEBASTIAO DO ALTO;5.462.492,82;478.974,59;0;0;478.974,59;5.941.467,41;;;;
RJ;3305406;SAPUCAIA;12.838.996,20;1.125.777,77;0;0;1.125.777,77;13.964.773,97;;;;
RJ;3305505;SAQUAREMA;90.562.290,86;7.940.886,64;0;0;7.940.886,64;98.503.177,50;;;;
RJ;3305554;SEROPEDICA;72.631.484,10;6.368.637,28;0;0;6.368.637,28;79.000.121,38;;;;
RJ;3305604;SILVA JARDIM;22.482.110,33;1.971.327,00;0;0;1.971.327,00;24.453.437,33;;;;
RJ;3305703;SUMIDOURO;11.990.605,46;1.051.387,26;0;0;1.051.387,26;13.041.992,72;;;;
RJ;3305752;TANGUA;28.429.886,56;2.492.853,31;0;0;2.492.853,31;30.922.739,87;;;;
RJ;3305802;TERESOPOLIS;115.534.349,83;10.130.542,93;0;0;10.130.542,93;125.664.892,76;;;;
RJ;3305901;TRAJANO DE MORAES;6.920.053,53;606.779,71;0;0;606.779,71;7.526.833,24;;;;
RJ;3306008;TRES RIOS;52.983.370,25;4.645.807,14;0;0;4.645.807,14;57.629.177,39;;;;
RJ;3306107;VALENCA;49.651.628,38;4.353.665,85;0;0;4.353.665,85;54.005.294,23;;;;
RJ;3306156;VARRE-SAI;7.457.872,65;653.937,98;0;0;653.937,98;8.111.810,63;;;;
RJ;3306206;VASSOURAS;19.791.304,21;1.735.385,69;0;0;1.735.385,69;21.526.689,90;;;;
RJ;3306305;VOLTA REDONDA;186.681.150,12;16.368.996,82;0;0;16.368.996,82;203.050.146,94;;;;
RN;2400109;ACARI;8.388.108,52;0,00;0;0;0,00;8.388.108,52;;;;
RN;2400208;ACU;37.031.904,88;0,00;0;0;0,00;37.031.904,88;;;;
RN;2400307;AFONSO BEZERRA;9.707.403,26;0,00;0;0;0,00;9.707.403,26;;;;
RN;2400406;AGUA NOVA;3.483.887,76;0,00;0;0;0,00;3.483.887,76;;;;
RN;2400505;ALEXANDRIA;10.741.803,22;0,00;0;0;0,00;10.741.803,22;;;;
RN;2400604;ALMINO AFONSO;2.289.924,64;0,00;0;0;0,00;2.289.924,64;;;;
RN;2400703;ALTO DO RODRIGUES;14.834.681,18;0,00;0;0;0,00;14.834.681,18;;;;
RN;2400802;ANGICOS;6.880.816,35;0,00;0;0;0,00;6.880.816,35;;;;
RN;2400901;ANTONIO MARTINS;4.587.855,04;0,00;0;0;0,00;4.587.855,04;;;;
RN;2401008;APODI;18.389.516,57;0,00;0;0;0,00;18.389.516,57;;;;
RN;2401107;AREIA BRANCA;19.907.299,05;0,00;0;0;0,00;19.907.299,05;;;;
RN;2401206;ARES;16.326.237,88;0,00;0;0;0,00;16.326.237,88;;;;
RN;2401305;AUGUSTO SEVERO;7.493.119,29;0,00;0;0;0,00;7.493.119,29;;;;
RN;2401404;BAIA FORMOSA;8.005.488,20;0,00;0;0;0,00;8.005.488,20;;;;
RN;2401453;BARAUNA;25.364.193,62;0,00;0;0;0,00;25.364.193,62;;;;
RN;2401503;BARCELONA;5.565.386,47;0,00;0;0;0,00;5.565.386,47;;;;
RN;2401602;BENTO FERNANDES;6.195.633,36;0,00;0;0;0,00;6.195.633,36;;;;
RN;2401651;BODO;4.385.226,39;0,00;0;0;0,00;4.385.226,39;;;;
RN;2401701;BOM JESUS;11.417.048,02;0,00;0;0;0,00;11.417.048,02;;;;
RN;2401800;BREJINHO;9.987.605,01;0,00;0;0;0,00;9.987.605,01;;;;
RN;2401859;CAICARA DO NORTE;4.877.718,92;0,00;0;0;0,00;4.877.718,92;;;;
RN;2401909;CAICARA DO RIO DO VENTO;3.493.273,83;0,00;0;0;0,00;3.493.273,83;;;;
RN;2402006;CAICO;30.000.083,24;0,00;0;0;0,00;30.000.083,24;;;;
RN;2402105;CAMPO REDONDO;14.558.344,28;0,00;0;0;0,00;14.558.344,28;;;;
RN;2402204;CANGUARETAMA;35.834.905,09;0,00;0;0;0,00;35.834.905,09;;;;
RN;2402303;CARAUBAS;16.704.993,35;0,00;0;0;0,00;16.704.993,35;;;;
RN;2402402;CARNAUBA DOS DANTAS;6.911.459,11;0,00;0;0;0,00;6.911.459,11;;;;
RN;2402501;CARNAUBAIS;10.577.270,96;0,00;0;0;0,00;10.577.270,96;;;;
RN;2402600;CEARA MIRIM;66.388.766,37;0,00;0;0;0,00;66.388.766,37;;;;
RN;2402709;CERRO CORA;10.735.453,82;0,00;0;0;0,00;10.735.453,82;;;;
RN;2402808;CORONEL EZEQUIEL;5.332.115,06;0,00;0;0;0,00;5.332.115,06;;;;
RN;2402907;CORONEL JOAO PESSOA;5.457.170,62;0,00;0;0;0,00;5.457.170,62;;;;
RN;2403004;CRUZETA;6.431.665,37;0,00;0;0;0,00;6.431.665,37;;;;
RN;2403103;CURRAIS NOVOS;28.030.389,17;0,00;0;0;0,00;28.030.389,17;;;;
RN;2403202;DOUTOR SEVERIANO;9.366.192,07;0,00;0;0;0,00;9.366.192,07;;;;
RN;2403301;ENCANTO;6.803.243,26;0,00;0;0;0,00;6.803.243,26;;;;
RN;2403400;EQUADOR;5.756.972,69;0,00;0;0;0,00;5.756.972,69;;;;
RN;2403509;ESPIRITO SANTO;8.324.890,59;0,00;0;0;0,00;8.324.890,59;;;;
RN;2403608;EXTREMOZ;41.069.846,73;0,00;0;0;0,00;41.069.846,73;;;;
RN;2403707;FELIPE GUERRA;5.425.147,56;0,00;0;0;0,00;5.425.147,56;;;;
RN;2403756;FERNANDO PEDROZA;2.369.706,22;0,00;0;0;0,00;2.369.706,22;;;;
RN;2403806;FLORANIA;5.825.159,72;0,00;0;0;0,00;5.825.159,72;;;;
RN;2403905;FRANCISCO DANTAS;2.198.272,44;0,00;0;0;0,00;2.198.272,44;;;;
RN;2404002;FRUTUOSO GOMES;3.198.992,98;0,00;0;0;0,00;3.198.992,98;;;;
RN;2404101;GALINHOS;3.361.316,75;0,00;0;0;0,00;3.361.316,75;;;;
RN;2404200;GOIANINHA;39.018.162,60;0,00;0;0;0,00;39.018.162,60;;;;
RN;2404309;GOVERNADOR DIX-SEPT ROSADO;9.735.561,47;0,00;0;0;0,00;9.735.561,47;;;;
RN;2404408;GROSSOS;7.954.140,89;0,00;0;0;0,00;7.954.140,89;;;;
RN;2404507;GUAMARE;23.244.874,57;0,00;0;0;0,00;23.244.874,57;;;;
RN;2404606;IELMO MARINHO;15.585.566,66;0,00;0;0;0,00;15.585.566,66;;;;
RN;2404705;IPANGUACU;13.922.576,18;0,00;0;0;0,00;13.922.576,18;;;;
RN;2404804;IPUEIRA;2.193.579,41;0,00;0;0;0,00;2.193.579,41;;;;
RN;2404853;ITAJA;7.825.772,60;0,00;0;0;0,00;7.825.772,60;;;;
RN;2404903;ITAU;4.940.108,67;0,00;0;0;0,00;4.940.108,67;;;;
RN;2405009;JACANA;6.871.982,41;0,00;0;0;0,00;6.871.982,41;;;;
RN;2405108;JANDAIRA;6.839.407,23;0,00;0;0;0,00;6.839.407,23;;;;
RN;2405207;JANDUIS;4.633.129,02;0,00;0;0;0,00;4.633.129,02;;;;
RN;2405306;JANUARIO CICCO;9.794.362,42;0,00;0;0;0,00;9.794.362,42;;;;
RN;2405405;JAPI;5.217.825,87;0,00;0;0;0,00;5.217.825,87;;;;
RN;2405504;JARDIM DE ANGICOS;3.328.189,45;0,00;0;0;0,00;3.328.189,45;;;;
RN;2405603;JARDIM DE PIRANHAS;12.644.414,50;0,00;0;0;0,00;12.644.414,50;;;;
RN;2405702;JARDIM DO SERIDO;6.648.373,13;0,00;0;0;0,00;6.648.373,13;;;;
RN;2405801;JOAO CAMARA;30.891.759,75;0,00;0;0;0,00;30.891.759,75;;;;
RN;2405900;JOAO DIAS;2.518.226,95;0,00;0;0;0,00;2.518.226,95;;;;
RN;2406007;JOSE DA PENHA;6.807.384,17;0,00;0;0;0,00;6.807.384,17;;;;
RN;2406106;JUCURUTU;13.314.966,27;0,00;0;0;0,00;13.314.966,27;;;;
RN;2406155;JUNDIA;4.235.325,36;0,00;0;0;0,00;4.235.325,36;;;;
RN;2406205;LAGOA DANTA;6.928.850,94;0,00;0;0;0,00;6.928.850,94;;;;
RN;2406304;LAGOA DE PEDRAS;7.231.965,74;0,00;0;0;0,00;7.231.965,74;;;;
RN;2406403;LAGOA DE VELHOS;4.285.844,49;0,00;0;0;0,00;4.285.844,49;;;;
RN;2406502;LAGOA NOVA;17.826.904,59;0,00;0;0;0,00;17.826.904,59;;;;
RN;2406601;LAGOA SALGADA;9.805.956,98;0,00;0;0;0,00;9.805.956,98;;;;
RN;2406700;LAJES;9.838.808,22;0,00;0;0;0,00;9.838.808,22;;;;
RN;2406809;LAJES PINTADAS;7.418.582,86;0,00;0;0;0,00;7.418.582,86;;;;
RN;2406908;LUCRECIA;3.234.604,82;0,00;0;0;0,00;3.234.604,82;;;;
RN;2407005;LUIS GOMES;9.800.159,70;0,00;0;0;0,00;9.800.159,70;;;;
RN;2407104;MACAIBA;53.852.015,59;0,00;0;0;0,00;53.852.015,59;;;;
RN;2407203;MACAU;17.066.909,11;0,00;0;0;0,00;17.066.909,11;;;;
RN;2407252;MAJOR SALES;6.061.743,85;0,00;0;0;0,00;6.061.743,85;;;;
RN;2407302;MARCELINO VIEIRA;5.086.973,04;0,00;0;0;0,00;5.086.973,04;;;;
RN;2407401;MARTINS;6.622.147,35;0,00;0;0;0,00;6.622.147,35;;;;
RN;2407500;MAXARANGUAPE;13.260.858,35;0,00;0;0;0,00;13.260.858,35;;;;
RN;2407609;MESSIAS TARGINO;3.245.095,13;0,00;0;0;0,00;3.245.095,13;;;;
RN;2407708;MONTANHAS;11.680.962,18;0,00;0;0;0,00;11.680.962,18;;;;
RN;2407807;MONTE ALEGRE;29.275.699,61;0,00;0;0;0,00;29.275.699,61;;;;
RN;2407906;MONTE DAS GAMELEIRAS;4.172.935,61;0,00;0;0;0,00;4.172.935,61;;;;
RN;2408003;MOSSORO;118.893.881,14;0,00;0;0;0,00;118.893.881,14;;;;
RN;2408102;NATAL;344.045.234,69;0,00;0;0;0,00;344.045.234,69;;;;
RN;2408201;NISIA FLORESTA;34.835.840,92;0,00;0;0;0,00;34.835.840,92;;;;
RN;2408300;NOVA CRUZ;27.381.922,27;0,00;0;0;0,00;27.381.922,27;;;;
RN;2408409;OLHO DAGUA DO BORGES;3.134.118,68;0,00;0;0;0,00;3.134.118,68;;;;
RN;2408508;OURO BRANCO;3.953.743,30;0,00;0;0;0,00;3.953.743,30;;;;
RN;2408607;PARANA;4.270.661,14;0,00;0;0;0,00;4.270.661,14;;;;
RN;2408706;PARAU;2.490.068,75;0,00;0;0;0,00;2.490.068,75;;;;
RN;2408805;PARAZINHO;5.902.732,81;0,00;0;0;0,00;5.902.732,81;;;;
RN;2408904;PARELHAS;12.656.009,06;0,00;0;0;0,00;12.656.009,06;;;;
RN;2403251;PARNAMIRIM;147.891.863,55;0,00;0;0;0,00;147.891.863,55;;;;
RN;2409100;PASSA E FICA;13.673.569,30;0,00;0;0;0,00;13.673.569,30;;;;
RN;2409209;PASSAGEM;4.525.465,29;0,00;0;0;0,00;4.525.465,29;;;;
RN;2409308;PATU;7.466.341,39;0,00;0;0;0,00;7.466.341,39;;;;
RN;2409407;PAU DOS FERROS;12.517.702,58;0,00;0;0;0,00;12.517.702,58;;;;
RN;2409506;PEDRA GRANDE;4.998.909,63;0,00;0;0;0,00;4.998.909,63;;;;
RN;2409605;PEDRA PRETA;3.085.531,97;0,00;0;0;0,00;3.085.531,97;;;;
RN;2409704;PEDRO AVELINO;6.337.804,69;0,00;0;0;0,00;6.337.804,69;;;;
RN;2409803;PEDRO VELHO;16.428.932,51;0,00;0;0;0,00;16.428.932,51;;;;
RN;2409902;PENDENCIAS;10.574.510,35;0,00;0;0;0,00;10.574.510,35;;;;
RN;2410009;PILOES;2.523.196,05;0,00;0;0;0,00;2.523.196,05;;;;
RN;2410108;POCO BRANCO;11.293.924,89;0,00;0;0;0,00;11.293.924,89;;;;
RN;2410207;PORTALEGRE;8.244.280,83;0,00;0;0;0,00;8.244.280,83;;;;
RN;2410256;PORTO DO MANGUE;7.237.763,01;0,00;0;0;0,00;7.237.763,01;;;;
RN;2410306;PRESIDENTE JUSCELINO;14.935.167,33;0,00;0;0;0,00;14.935.167,33;;;;
RN;2410405;PUREZA;10.626.685,85;0,00;0;0;0,00;10.626.685,85;;;;
RN;2410504;RAFAEL FERNANDES;2.981.457,04;0,00;0;0;0,00;2.981.457,04;;;;
RN;2410603;RAFAEL GODEIRO;4.599.449,60;0,00;0;0;0,00;4.599.449,60;;;;
RN;2410702;RIACHO DA CRUZ;3.216.660,87;0,00;0;0;0,00;3.216.660,87;;;;
RN;2410801;RIACHO DE SANTANA;3.792.799,84;0,00;0;0;0,00;3.792.799,84;;;;
RN;2410900;RIACHUELO;8.093.551,61;0,00;0;0;0,00;8.093.551,61;;;;
RN;2408953;RIO DO FOGO;13.648.171,71;0,00;0;0;0,00;13.648.171,71;;;;
RN;2411007;RODOLFO FERNANDES;4.486.540,72;0,00;0;0;0,00;4.486.540,72;;;;
RN;2411106;RUY BARBOSA;4.372.251,53;0,00;0;0;0,00;4.372.251,53;;;;
RN;2411205;SANTA CRUZ;24.151.458,36;0,00;0;0;0,00;24.151.458,36;;;;
RN;2409332;SANTA MARIA;4.897.319,24;0,00;0;0;0,00;4.897.319,24;;;;
RN;2411403;SANTANA DO MATOS;8.506.814,68;0,00;0;0;0,00;8.506.814,68;;;;
RN;2411429;SANTANA DO SERIDO;2.008.894,71;0,00;0;0;0,00;2.008.894,71;;;;
RN;2411502;SANTO ANTONIO;16.065.360,39;0,00;0;0;0,00;16.065.360,39;;;;
RN;2411601;SAO BENTO DO NORTE;5.871.261,87;0,00;0;0;0,00;5.871.261,87;;;;
RN;2411700;SAO BENTO DO TRAIRI;4.113.858,59;0,00;0;0;0,00;4.113.858,59;;;;
RN;2411809;SAO FERNANDO;3.106.788,66;0,00;0;0;0,00;3.106.788,66;;;;
RN;2411908;SAO FRANCISCO DO OESTE;5.635.505,92;0,00;0;0;0,00;5.635.505,92;;;;
RN;2412005;SAO GONCALO DO AMARANTE;84.255.423,72;0,00;0;0;0,00;84.255.423,72;;;;
RN;2412104;SAO JOAO DO SABUGI;4.304.892,69;0,00;0;0;0,00;4.304.892,69;;;;
RN;2412203;SAO JOSE DE MIPIBU;50.995.890,18;0,00;0;0;0,00;50.995.890,18;;;;
RN;2412302;SAO JOSE DO CAMPESTRE;15.830.984,74;0,00;0;0;0,00;15.830.984,74;;;;
RN;2412401;SAO JOSE DO SERIDO;4.634.233,26;0,00;0;0;0,00;4.634.233,26;;;;
RN;2412500;SAO MIGUEL;24.356.847,62;0,00;0;0;0,00;24.356.847,62;;;;
RN;2412559;SAO MIGUEL DO GOSTOSO;14.835.233,30;0,00;0;0;0,00;14.835.233,30;;;;
RN;2412609;SAO PAULO DO POTENGI;15.007.219,21;0,00;0;0;0,00;15.007.219,21;;;;
RN;2412708;SAO PEDRO;6.256.642,80;0,00;0;0;0,00;6.256.642,80;;;;
RN;2412807;SAO RAFAEL;4.635.061,45;0,00;0;0;0,00;4.635.061,45;;;;
RN;2412906;SAO TOME;15.544.709,65;0,00;0;0;0,00;15.544.709,65;;;;
RN;2413003;SAO VICENTE;4.424.150,97;0,00;0;0;0,00;4.424.150,97;;;;
RN;2413102;SENADOR ELOI DE SOUZA;6.676.255,27;0,00;0;0;0,00;6.676.255,27;;;;
RN;2413201;SENADOR GEORGINO AVELINO;5.753.659,96;0,00;0;0;0,00;5.753.659,96;;;;
RN;2413300;SERRA DE SAO BENTO;4.440.438,56;0,00;0;0;0,00;4.440.438,56;;;;
RN;2413359;SERRA DO MEL;16.142.657,43;0,00;0;0;0,00;16.142.657,43;;;;
RN;2413409;SERRA NEGRA DO NORTE;5.476.494,88;0,00;0;0;0,00;5.476.494,88;;;;
RN;2413508;SERRINHA;8.049.934,00;0,00;0;0;0,00;8.049.934,00;;;;
RN;2413557;SERRINHA DOS PINTOS;4.997.253,27;0,00;0;0;0,00;4.997.253,27;;;;
RN;2413607;SEVERIANO MELO;5.214.513,15;0,00;0;0;0,00;5.214.513,15;;;;
RN;2413706;SITIO NOVO;6.184.866,98;0,00;0;0;0,00;6.184.866,98;;;;
RN;2413805;TABOLEIRO GRANDE;2.884.835,74;0,00;0;0;0,00;2.884.835,74;;;;
RN;2413904;TAIPU;9.988.985,31;0,00;0;0;0,00;9.988.985,31;;;;
RN;2414001;TANGARA;12.617.360,54;0,00;0;0;0,00;12.617.360,54;;;;
RN;2414100;TENENTE ANANIAS;10.180.295,48;0,00;0;0;0,00;10.180.295,48;;;;
RN;2414159;TENENTE LAURENTINO CRUZ;8.040.547,93;0,00;0;0;0,00;8.040.547,93;;;;
RN;2411056;TIBAU;3.895.770,53;0,00;0;0;0,00;3.895.770,53;;;;
RN;2414209;TIBAU DO SUL;17.240.551,37;0,00;0;0;0,00;17.240.551,37;;;;
RN;2414308;TIMBAUBA DOS BATISTAS;2.041.193,83;0,00;0;0;0,00;2.041.193,83;;;;
RN;2414407;TOUROS;36.500.487,76;0,00;0;0;0,00;36.500.487,76;;;;
RN;2414456;TRIUNFO POTIGUAR;4.403.170,34;0,00;0;0;0,00;4.403.170,34;;;;
RN;2414506;UMARIZAL;5.012.988,73;0,00;0;0;0,00;5.012.988,73;;;;
RN;2414605;UPANEMA;11.494.897,18;0,00;0;0;0,00;11.494.897,18;;;;
RN;2414704;VARZEA;3.766.021,93;0,00;0;0;0,00;3.766.021,93;;;;
RN;2414753;VENHA-VER;5.441.435,15;0,00;0;0;0,00;5.441.435,15;;;;
RN;2414803;VERA CRUZ;15.062.707,43;0,00;0;0;0,00;15.062.707,43;;;;
RN;2414902;VICOSA;2.391.791,09;0,00;0;0;0,00;2.391.791,09;;;;
RN;2415008;VILA FLOR;3.945.461,48;0,00;0;0;0,00;3.945.461,48;;;;
RO;1100015;ALTA FLORESTA DOESTE;19.979.948,96;0,00;0;0;0,00;19.979.948,96;;;;
RO;1100379;ALTO ALEGRE DOS PARECIS;15.005.238,61;0,00;0;0;0,00;15.005.238,61;;;;
RO;1100403;ALTO PARAISO;12.487.468,10;0,00;0;0;0,00;12.487.468,10;;;;
RO;1100346;ALVORADA DOESTE;10.091.702,58;0,00;0;0;0,00;10.091.702,58;;;;
RO;1100023;ARIQUEMES;81.622.366,85;0,00;0;0;0,00;81.622.366,85;;;;
RO;1100452;BURITIS;20.754.594,71;0,00;0;0;0,00;20.754.594,71;;;;
RO;1100031;CABIXI;4.478.785,86;0,00;0;0;0,00;4.478.785,86;;;;
RO;1100601;CACAULANDIA;4.268.799,82;0,00;0;0;0,00;4.268.799,82;;;;
RO;1100049;CACOAL;50.140.612,60;0,00;0;0;0,00;50.140.612,60;;;;
RO;1100700;CAMPO NOVO DE RONDONIA;10.394.824,83;0,00;0;0;0,00;10.394.824,83;;;;
RO;1100809;CANDEIAS DO JAMARI;24.608.577,57;0,00;0;0;0,00;24.608.577,57;;;;
RO;1100908;CASTANHEIRAS;4.049.534,52;0,00;0;0;0,00;4.049.534,52;;;;
RO;1100056;CEREJEIRAS;11.599.065,60;0,00;0;0;0,00;11.599.065,60;;;;
RO;1100924;CHUPINGUAIA;10.754.997,30;0,00;0;0;0,00;10.754.997,30;;;;
RO;1100064;COLORADO DO OESTE;13.582.763,57;0,00;0;0;0,00;13.582.763,57;;;;
RO;1100072;CORUMBIARA;5.771.695,04;0,00;0;0;0,00;5.771.695,04;;;;
RO;1100080;COSTA MARQUES;14.871.892,31;0,00;0;0;0,00;14.871.892,31;;;;
RO;1100940;CUJUBIM;20.012.254,51;0,00;0;0;0,00;20.012.254,51;;;;
RO;1100098;ESPIGAO DOESTE;21.583.197,59;0,00;0;0;0,00;21.583.197,59;;;;
RO;1101005;GOVERNADOR JORGE TEIXEIRA;7.916.233,39;0,00;0;0;0,00;7.916.233,39;;;;
RO;1100106;GUAJARA-MIRIM;24.792.787,92;0,00;0;0;0,00;24.792.787,92;;;;
RO;1101104;ITAPUA DO OESTE;9.252.789,42;0,00;0;0;0,00;9.252.789,42;;;;
RO;1100114;JARU;39.769.501,42;0,00;0;0;0,00;39.769.501,42;;;;
RO;1100122;JI-PARANA;59.286.518,79;0,00;0;0;0,00;59.286.518,79;;;;
RO;1100130;MACHADINHO DOESTE;25.720.025,81;0,00;0;0;0,00;25.720.025,81;;;;
RO;1101203;MINISTRO ANDREAZZA;7.305.521,11;0,00;0;0;0,00;7.305.521,11;;;;
RO;1101302;MIRANTE DA SERRA;8.334.487,11;0,00;0;0;0,00;8.334.487,11;;;;
RO;1101401;MONTE NEGRO;12.798.151,22;0,00;0;0;0,00;12.798.151,22;;;;
RO;1100148;NOVA BRASILANDIA DOESTE;17.520.259,71;0,00;0;0;0,00;17.520.259,71;;;;
RO;1100338;NOVA MAMORE;24.806.878,64;0,00;0;0;0,00;24.806.878,64;;;;
RO;1101435;NOVA UNIAO;6.459.390,75;0,00;0;0;0,00;6.459.390,75;;;;
RO;1100502;NOVO HORIZONTE DO OESTE;5.351.035,60;0,00;0;0;0,00;5.351.035,60;;;;
RO;1100155;OURO PRETO DO OESTE;27.991.380,61;0,00;0;0;0,00;27.991.380,61;;;;
RO;1101450;PARECIS;4.151.606,29;0,00;0;0;0,00;4.151.606,29;;;;
RO;1100189;PIMENTA BUENO;33.399.466,43;0,00;0;0;0,00;33.399.466,43;;;;
RO;1101468;PIMENTEIRAS DO OESTE;2.275.135,24;0,00;0;0;0,00;2.275.135,24;;;;
RO;1100205;PORTO VELHO;317.985.548,03;0,00;0;0;0,00;317.985.548,03;;;;
RO;1100254;PRESIDENTE MEDICI;11.661.270,96;0,00;0;0;0,00;11.661.270,96;;;;
RO;1101476;PRIMAVERA DE RONDONIA;2.890.658,98;0,00;0;0;0,00;2.890.658,98;;;;
RO;1100262;RIO CRESPO;3.548.798,56;0,00;0;0;0,00;3.548.798,56;;;;
RO;1100288;ROLIM DE MOURA;40.223.841,11;0,00;0;0;0,00;40.223.841,11;;;;
RO;1100296;SANTA LUZIA DOESTE;6.250.779,41;0,00;0;0;0,00;6.250.779,41;;;;
RO;1101484;SAO FELIPE DOESTE;3.591.414,38;0,00;0;0;0,00;3.591.414,38;;;;
RO;1101492;SAO FRANCISCO DO GUAPORE;17.815.133,73;0,00;0;0;0,00;17.815.133,73;;;;
RO;1100320;SAO MIGUEL DO GUAPORE;21.186.251,79;0,00;0;0;0,00;21.186.251,79;;;;
RO;1101500;SERINGUEIRAS;8.586.745,30;0,00;0;0;0,00;8.586.745,30;;;;
RO;1101559;TEIXEIROPOLIS;5.004.266,49;0,00;0;0;0,00;5.004.266,49;;;;
RO;1101609;THEOBROMA;8.858.593,03;0,00;0;0;0,00;8.858.593,03;;;;
RO;1101708;URUPA;13.359.374,16;0,00;0;0;0,00;13.359.374,16;;;;
RO;1101757;VALE DO ANARI;7.877.741,68;0,00;0;0;0,00;7.877.741,68;;;;
RO;1101807;VALE DO PARAISO;6.794.131,20;0,00;0;0;0,00;6.794.131,20;;;;
RO;1100304;VILHENA;78.657.130,17;0,00;0;0;0,00;78.657.130,17;;;;
RR;1400050;ALTO ALEGRE;15.128.020,79;0,00;0;0;0,00;15.128.020,79;;;;
RR;1400027;AMAJARI;11.956.184,44;0,00;0;0;0,00;11.956.184,44;;;;
RR;1400100;BOA VISTA;391.964.775,22;0,00;0;0;0,00;391.964.775,22;;;;
RR;1400159;BONFIM;28.237.236,06;0,00;0;0;0,00;28.237.236,06;;;;
RR;1400175;CANTA;25.127.498,31;0,00;0;0;0,00;25.127.498,31;;;;
RR;1400209;CARACARAI;28.059.353,61;0,00;0;0;0,00;28.059.353,61;;;;
RR;1400233;CAROEBE;13.853.997,86;0,00;0;0;0,00;13.853.997,86;;;;
RR;1400282;IRACEMA;9.959.413,90;0,00;0;0;0,00;9.959.413,90;;;;
RR;1400308;MUCAJAI;29.960.772,75;0,00;0;0;0,00;29.960.772,75;;;;
RR;1400407;NORMANDIA;30.817.733,46;0,00;0;0;0,00;30.817.733,46;;;;
RR;1400456;PACARAIMA;35.930.651,93;0,00;0;0;0,00;35.930.651,93;;;;
RR;1400472;RORAINOPOLIS;39.718.266,04;0,00;0;0;0,00;39.718.266,04;;;;
RR;1400506;SAO JOAO DA BALIZA;12.516.674,41;0,00;0;0;0,00;12.516.674,41;;;;
RR;1400605;SAO LUIZ;11.317.971,07;0,00;0;0;0,00;11.317.971,07;;;;
RR;1400704;UIRAMUTA;18.528.620,38;0,00;0;0;0,00;18.528.620,38;;;;
RS;4300034;ACEGUA;5.674.634,30;0,00;0;0;0,00;5.674.634,30;;;;
RS;4300059;AGUA SANTA;3.842.427,91;0,00;0;0;0,00;3.842.427,91;;;;
RS;4300109;AGUDO;15.290.022,56;0,00;0;0;0,00;15.290.022,56;;;;
RS;4300208;AJURICABA;4.262.402,26;0,00;0;0;0,00;4.262.402,26;;;;
RS;4300307;ALECRIM;3.035.897,21;0,00;0;0;0,00;3.035.897,21;;;;
RS;4300406;ALEGRETE;37.714.146,49;0,00;0;0;0,00;37.714.146,49;;;;
RS;4300455;ALEGRIA;2.601.463,15;0,00;0;0;0,00;2.601.463,15;;;;
RS;4300471;ALMIRANTE TAMANDARE DO SUL;1.485.494,59;0,00;0;0;0,00;1.485.494,59;;;;
RS;4300505;ALPESTRE;5.036.478,93;0,00;0;0;0,00;5.036.478,93;;;;
RS;4300554;ALTO ALEGRE;1.030.174,27;0,00;0;0;0,00;1.030.174,27;;;;
RS;4300570;ALTO FELIZ;2.878.447,00;0,00;0;0;0,00;2.878.447,00;;;;
RS;4300604;ALVORADA;147.277.003,53;0,00;0;0;0,00;147.277.003,53;;;;
RS;4300638;AMARAL FERRADOR;4.472.871,43;0,00;0;0;0,00;4.472.871,43;;;;
RS;4300646;AMETISTA DO SUL;7.075.941,21;0,00;0;0;0,00;7.075.941,21;;;;
RS;4300661;ANDRE DA ROCHA;1.160.633,02;0,00;0;0;0,00;1.160.633,02;;;;
RS;4300703;ANTA GORDA;2.379.104,88;0,00;0;0;0,00;2.379.104,88;;;;
RS;4300802;ANTONIO PRADO;6.851.976,31;0,00;0;0;0,00;6.851.976,31;;;;
RS;4300851;ARAMBARE;3.440.769,19;0,00;0;0;0,00;3.440.769,19;;;;
RS;4300877;ARARICA;12.253.482,69;0,00;0;0;0,00;12.253.482,69;;;;
RS;4300901;ARATIBA;4.595.939,66;0,00;0;0;0,00;4.595.939,66;;;;
RS;4301008;ARROIO DO MEIO;22.865.305,87;0,00;0;0;0,00;22.865.305,87;;;;
RS;4301073;ARROIO DO PADRE;2.970.025,19;0,00;0;0;0,00;2.970.025,19;;;;
RS;4301057;ARROIO DO SAL;14.860.729,72;0,00;0;0;0,00;14.860.729,72;;;;
RS;4301206;ARROIO DO TIGRE;9.382.104,88;0,00;0;0;0,00;9.382.104,88;;;;
RS;4301107;ARROIO DOS RATOS;12.548.460,83;0,00;0;0;0,00;12.548.460,83;;;;
RS;4301305;ARROIO GRANDE;9.552.408,17;0,00;0;0;0,00;9.552.408,17;;;;
RS;4301404;ARVOREZINHA;5.128.378,45;0,00;0;0;0,00;5.128.378,45;;;;
RS;4301503;AUGUSTO PESTANA;3.800.012,75;0,00;0;0;0,00;3.800.012,75;;;;
RS;4301552;AUREA;2.093.123,89;0,00;0;0;0,00;2.093.123,89;;;;
RS;4301602;BAGE;83.162.633,16;0,00;0;0;0,00;83.162.633,16;;;;
RS;4301636;BALNEARIO PINHAL;17.183.281,06;0,00;0;0;0,00;17.183.281,06;;;;
RS;4301651;BARAO;4.735.395,56;0,00;0;0;0,00;4.735.395,56;;;;
RS;4301701;BARAO DE COTEGIPE;4.054.503,71;0,00;0;0;0,00;4.054.503,71;;;;
RS;4301750;BARAO DO TRIUNFO;4.511.430,66;0,00;0;0;0,00;4.511.430,66;;;;
RS;4301859;BARRA DO GUARITA;3.513.389,09;0,00;0;0;0,00;3.513.389,09;;;;
RS;4301875;BARRA DO QUARAI;4.676.592,73;0,00;0;0;0,00;4.676.592,73;;;;
RS;4301909;BARRA DO RIBEIRO;5.919.806,77;0,00;0;0;0,00;5.919.806,77;;;;
RS;4301925;BARRA DO RIO AZUL;734.874,78;0,00;0;0;0,00;734.874,78;;;;
RS;4301958;BARRA FUNDA;2.116.902,08;0,00;0;0;0,00;2.116.902,08;;;;
RS;4301800;BARRACAO;4.301.282,82;0,00;0;0;0,00;4.301.282,82;;;;
RS;4302006;BARROS CASSAL;7.146.633,14;0,00;0;0;0,00;7.146.633,14;;;;
RS;4302055;BENJAMIN CONSTANT DO SUL;1.580.286,04;0,00;0;0;0,00;1.580.286,04;;;;
RS;4302105;BENTO GONCALVES;75.575.782,07;0,00;0;0;0,00;75.575.782,07;;;;
RS;4302154;BOA VISTA DAS MISSOES;1.917.036,70;0,00;0;0;0,00;1.917.036,70;;;;
RS;4302204;BOA VISTA DO BURICA;5.766.533,80;0,00;0;0;0,00;5.766.533,80;;;;
RS;4302220;BOA VISTA DO CADEADO;2.289.133,34;0,00;0;0;0,00;2.289.133,34;;;;
RS;4302238;BOA VISTA DO INCRA;2.740.276,40;0,00;0;0;0,00;2.740.276,40;;;;
RS;4302253;BOA VISTA DO SUL;1.695.321,09;0,00;0;0;0,00;1.695.321,09;;;;
RS;4302303;BOM JESUS;8.055.667,14;0,00;0;0;0,00;8.055.667,14;;;;
RS;4302352;BOM PRINCIPIO;14.025.922,25;0,00;0;0;0,00;14.025.922,25;;;;
RS;4302378;BOM PROGRESSO;1.704.639,58;0,00;0;0;0,00;1.704.639,58;;;;
RS;4302402;BOM RETIRO DO SUL;13.179.868,34;0,00;0;0;0,00;13.179.868,34;;;;
RS;4302451;BOQUEIRAO DO LEAO;3.226.444,10;0,00;0;0;0,00;3.226.444,10;;;;
RS;4302501;BOSSOROCA;5.043.226,79;0,00;0;0;0,00;5.043.226,79;;;;
RS;4302584;BOZANO;1.206.904,10;0,00;0;0;0,00;1.206.904,10;;;;
RS;4302600;BRAGA;2.592.787,32;0,00;0;0;0,00;2.592.787,32;;;;
RS;4302659;BROCHIER;3.700.722,72;0,00;0;0;0,00;3.700.722,72;;;;
RS;4302709;BUTIA;18.563.701,73;0,00;0;0;0,00;18.563.701,73;;;;
RS;4302808;CACAPAVA DO SUL;27.820.489,09;0,00;0;0;0,00;27.820.489,09;;;;
RS;4302907;CACEQUI;8.541.513,53;0,00;0;0;0,00;8.541.513,53;;;;
RS;4303004;CACHOEIRA DO SUL;46.792.276,05;0,00;0;0;0,00;46.792.276,05;;;;
RS;4303103;CACHOEIRINHA;98.486.073,72;0,00;0;0;0,00;98.486.073,72;;;;
RS;4303202;CACIQUE DOBLE;3.802.262,05;0,00;0;0;0,00;3.802.262,05;;;;
RS;4303301;CAIBATE;3.321.235,56;0,00;0;0;0,00;3.321.235,56;;;;
RS;4303400;CAICARA;2.175.062,26;0,00;0;0;0,00;2.175.062,26;;;;
RS;4303509;CAMAQUA;44.215.555,08;0,00;0;0;0,00;44.215.555,08;;;;
RS;4303558;CAMARGO;2.457.508,66;0,00;0;0;0,00;2.457.508,66;;;;
RS;4303608;CAMBARA DO SUL;5.072.467,56;0,00;0;0;0,00;5.072.467,56;;;;
RS;4303673;CAMPESTRE DA SERRA;3.286.210,92;0,00;0;0;0,00;3.286.210,92;;;;
RS;4303707;CAMPINA DAS MISSOES;4.084.387,11;0,00;0;0;0,00;4.084.387,11;;;;
RS;4303806;CAMPINAS DO SUL;2.933.072,59;0,00;0;0;0,00;2.933.072,59;;;;
RS;4303905;CAMPO BOM;71.720.179,75;0,00;0;0;0,00;71.720.179,75;;;;
RS;4304002;CAMPO NOVO;3.493.466,82;0,00;0;0;0,00;3.493.466,82;;;;
RS;4304101;CAMPOS BORGES;3.025.614,75;0,00;0;0;0,00;3.025.614,75;;;;
RS;4304200;CANDELARIA;18.770.957,61;0,00;0;0;0,00;18.770.957,61;;;;
RS;4304309;CANDIDO GODOI;4.481.225,92;0,00;0;0;0,00;4.481.225,92;;;;
RS;4304358;CANDIOTA;6.284.512,89;0,00;0;0;0,00;6.284.512,89;;;;
RS;4304408;CANELA;42.778.259,54;0,00;0;0;0,00;42.778.259,54;;;;
RS;4304507;CANGUCU;40.449.924,32;0,00;0;0;0,00;40.449.924,32;;;;
RS;4304606;CANOAS;267.119.110,33;0,00;0;0;0,00;267.119.110,33;;;;
RS;4304614;CANUDOS DO VALE;1.348.930,62;0,00;0;0;0,00;1.348.930,62;;;;
RS;4304622;CAPAO BONITO DO SUL;2.325.121,95;0,00;0;0;0,00;2.325.121,95;;;;
RS;4304630;CAPAO DA CANOA;70.925.859,48;0,00;0;0;0,00;70.925.859,48;;;;
RS;4304655;CAPAO DO CIPO;2.902.225,19;0,00;0;0;0,00;2.902.225,19;;;;
RS;4304663;CAPAO DO LEAO;28.192.264,38;0,00;0;0;0,00;28.192.264,38;;;;
RS;4304689;CAPELA DE SANTANA;10.969.781,44;0,00;0;0;0,00;10.969.781,44;;;;
RS;4304697;CAPITAO;3.832.145,44;0,00;0;0;0,00;3.832.145,44;;;;
RS;4304671;CAPIVARI DO SUL;5.073.110,20;0,00;0;0;0,00;5.073.110,20;;;;
RS;4304713;CARAA;6.600.698,62;0,00;0;0;0,00;6.600.698,62;;;;
RS;4304705;CARAZINHO;40.719.196,31;0,00;0;0;0,00;40.719.196,31;;;;
RS;4304804;CARLOS BARBOSA;20.462.744,11;0,00;0;0;0,00;20.462.744,11;;;;
RS;4304853;CARLOS GOMES;897.466,23;0,00;0;0;0,00;897.466,23;;;;
RS;4304903;CASCA;5.638.645,67;0,00;0;0;0,00;5.638.645,67;;;;
RS;4304952;CASEIROS;3.326.376,80;0,00;0;0;0,00;3.326.376,80;;;;
RS;4305009;CATUIPE;7.423.938,32;0,00;0;0;0,00;7.423.938,32;;;;
RS;4305108;CAXIAS DO SUL;272.255.200,63;0,00;0;0;0,00;272.255.200,63;;;;
RS;4305116;CENTENARIO;1.371.744,84;0,00;0;0;0,00;1.371.744,84;;;;
RS;4305124;CERRITO;4.493.757,68;0,00;0;0;0,00;4.493.757,68;;;;
RS;4305132;CERRO BRANCO;2.859.488,71;0,00;0;0;0,00;2.859.488,71;;;;
RS;4305157;CERRO GRANDE;1.790.755,21;0,00;0;0;0,00;1.790.755,21;;;;
RS;4305173;CERRO GRANDE DO SUL;6.663.678,70;0,00;0;0;0,00;6.663.678,70;;;;
RS;4305207;CERRO LARGO;9.508.707,70;0,00;0;0;0,00;9.508.707,70;;;;
RS;4305306;CHAPADA;8.398.844,35;0,00;0;0;0,00;8.398.844,35;;;;
RS;4305355;CHARQUEADAS;27.497.234,15;0,00;0;0;0,00;27.497.234,15;;;;
RS;4305371;CHARRUA;2.004.437,64;0,00;0;0;0,00;2.004.437,64;;;;
RS;4305405;CHIAPETTA;3.116.550,28;0,00;0;0;0,00;3.116.550,28;;;;
RS;4305439;CHUI;2.285.920,06;0,00;0;0;0,00;2.285.920,06;;;;
RS;4305447;CHUVISCA;4.686.875,18;0,00;0;0;0,00;4.686.875,18;;;;
RS;4305454;CIDREIRA;15.546.441,47;0,00;0;0;0,00;15.546.441,47;;;;
RS;4305504;CIRIACO;2.129.755,16;0,00;0;0;0,00;2.129.755,16;;;;
RS;4305587;COLINAS;2.560.975,95;0,00;0;0;0,00;2.560.975,95;;;;
RS;4305603;COLORADO;2.210.086,90;0,00;0;0;0,00;2.210.086,90;;;;
RS;4305702;CONDOR;5.915.950,84;0,00;0;0;0,00;5.915.950,84;;;;
RS;4305801;CONSTANTINA;8.647.551,42;0,00;0;0;0,00;8.647.551,42;;;;
RS;4305835;COQUEIRO BAIXO;1.007.360,05;0,00;0;0;0,00;1.007.360,05;;;;
RS;4305850;COQUEIROS DO SUL;1.580.286,04;0,00;0;0;0,00;1.580.286,04;;;;
RS;4305871;CORONEL BARROS;2.634.238,51;0,00;0;0;0,00;2.634.238,51;;;;
RS;4305900;CORONEL BICACO;5.912.094,92;0,00;0;0;0,00;5.912.094,92;;;;
RS;4305934;CORONEL PILAR;1.066.805,54;0,00;0;0;0,00;1.066.805,54;;;;
RS;4305959;COTIPORA;3.120.727,54;0,00;0;0;0,00;3.120.727,54;;;;
RS;4305975;COXILHA;4.023.013,66;0,00;0;0;0,00;4.023.013,66;;;;
RS;4306007;CRISSIUMAL;10.978.135,93;0,00;0;0;0,00;10.978.135,93;;;;
RS;4306056;CRISTAL;5.369.695,00;0,00;0;0;0,00;5.369.695,00;;;;
RS;4306072;CRISTAL DO SUL;2.911.222,35;0,00;0;0;0,00;2.911.222,35;;;;
RS;4306106;CRUZ ALTA;37.734.390,10;0,00;0;0;0,00;37.734.390,10;;;;
RS;4306130;CRUZALTENSE;1.486.458,56;0,00;0;0;0,00;1.486.458,56;;;;
RS;4306205;CRUZEIRO DO SUL;9.461.472,63;0,00;0;0;0,00;9.461.472,63;;;;
RS;4306304;DAVID CANABARRO;1.572.574,19;0,00;0;0;0,00;1.572.574,19;;;;
RS;4306320;DERRUBADAS;2.931.465,94;0,00;0;0;0,00;2.931.465,94;;;;
RS;4306353;DEZESSEIS DE NOVEMBRO;1.163.846,29;0,00;0;0;0,00;1.163.846,29;;;;
RS;4306379;DILERMANDO DE AGUIAR;2.914.756,94;0,00;0;0;0,00;2.914.756,94;;;;
RS;4306403;DOIS IRMAOS;30.141.755,11;0,00;0;0;0,00;30.141.755,11;;;;
RS;4306429;DOIS IRMAOS DAS MISSOES;1.922.499,26;0,00;0;0;0,00;1.922.499,26;;;;
RS;4306452;DOIS LAJEADOS;2.017.290,71;0,00;0;0;0,00;2.017.290,71;;;;
RS;4306502;DOM FELICIANO;13.417.007,64;0,00;0;0;0,00;13.417.007,64;;;;
RS;4306601;DOM PEDRITO;22.746.736,22;0,00;0;0;0,00;22.746.736,22;;;;
RS;4306551;DOM PEDRO DE ALCANTARA;1.969.734,33;0,00;0;0;0,00;1.969.734,33;;;;
RS;4306700;DONA FRANCISCA;1.570.324,90;0,00;0;0;0,00;1.570.324,90;;;;
RS;4306734;DOUTOR MAURICIO CARDOSO;3.986.382,40;0,00;0;0;0,00;3.986.382,40;;;;
RS;4306759;DOUTOR RICARDO;976.191,34;0,00;0;0;0,00;976.191,34;;;;
RS;4306767;ELDORADO DO SUL;46.411.503,60;0,00;0;0;0,00;46.411.503,60;;;;
RS;4306809;ENCANTADO;15.872.909,67;0,00;0;0;0,00;15.872.909,67;;;;
RS;4306908;ENCRUZILHADA DO SUL;17.023.260,22;0,00;0;0;0,00;17.023.260,22;;;;
RS;4306924;ENGENHO VELHO;1.346.360,00;0,00;0;0;0,00;1.346.360,00;;;;
RS;4306957;ENTRE RIOS DO SUL;2.384.888,77;0,00;0;0;0,00;2.384.888,77;;;;
RS;4306932;ENTRE-IJUIS;6.163.372,62;0,00;0;0;0,00;6.163.372,62;;;;
RS;4306973;EREBANGO;2.332.191,15;0,00;0;0;0,00;2.332.191,15;;;;
RS;4307005;ERECHIM;52.030.869,65;0,00;0;0;0,00;52.030.869,65;;;;
RS;4307054;ERNESTINA;2.767.910,52;0,00;0;0;0,00;2.767.910,52;;;;
RS;4307203;ERVAL GRANDE;4.114.913,18;0,00;0;0;0,00;4.114.913,18;;;;
RS;4307302;ERVAL SECO;6.996.894,78;0,00;0;0;0,00;6.996.894,78;;;;
RS;4307401;ESMERALDA;2.989.626,13;0,00;0;0;0,00;2.989.626,13;;;;
RS;4307450;ESPERANCA DO SUL;3.862.671,51;0,00;0;0;0,00;3.862.671,51;;;;
RS;4307500;ESPUMOSO;9.310.127,64;0,00;0;0;0,00;9.310.127,64;;;;
RS;4307559;ESTACAO;4.121.339,71;0,00;0;0;0,00;4.121.339,71;;;;
RS;4307609;ESTANCIA VELHA;49.751.054,80;0,00;0;0;0,00;49.751.054,80;;;;
RS;4307708;ESTEIO;76.648.050,17;0,00;0;0;0,00;76.648.050,17;;;;
RS;4307807;ESTRELA;30.777.018,54;0,00;0;0;0,00;30.777.018,54;;;;
RS;4307815;ESTRELA VELHA;3.007.299,12;0,00;0;0;0,00;3.007.299,12;;;;
RS;4307831;EUGENIO DE CASTRO;1.934.709,69;0,00;0;0;0,00;1.934.709,69;;;;
RS;4307864;FAGUNDES VARELA;1.826.422,50;0,00;0;0;0,00;1.826.422,50;;;;
RS;4307906;FARROUPILHA;55.851.768,65;0,00;0;0;0,00;55.851.768,65;;;;
RS;4308003;FAXINAL DO SOTURNO;3.827.004,21;0,00;0;0;0,00;3.827.004,21;;;;
RS;4308052;FAXINALZINHO;1.489.029,18;0,00;0;0;0,00;1.489.029,18;;;;
RS;4308078;FAZENDA VILANOVA;6.110.032,34;0,00;0;0;0,00;6.110.032,34;;;;
RS;4308102;FELIZ;9.888.516,19;0,00;0;0;0,00;9.888.516,19;;;;
RS;4308201;FLORES DA CUNHA;20.493.912,84;0,00;0;0;0,00;20.493.912,84;;;;
RS;4308250;FLORIANO PEIXOTO;1.018.285,17;0,00;0;0;0,00;1.018.285,17;;;;
RS;4308300;FONTOURA XAVIER;7.171.696,65;0,00;0;0;0,00;7.171.696,65;;;;
RS;4308409;FORMIGUEIRO;4.032.974,81;0,00;0;0;0,00;4.032.974,81;;;;
RS;4308433;FORQUETINHA;2.379.104,88;0,00;0;0;0,00;2.379.104,88;;;;
RS;4308458;FORTALEZA DOS VALOS;3.782.661,09;0,00;0;0;0,00;3.782.661,09;;;;
RS;4308508;FREDERICO WESTPHALEN;17.886.665,79;0,00;0;0;0,00;17.886.665,79;;;;
RS;4308607;GARIBALDI;22.395.525,84;0,00;0;0;0,00;22.395.525,84;;;;
RS;4308656;GARRUCHOS;1.989.013,95;0,00;0;0;0,00;1.989.013,95;;;;
RS;4308706;GAURAMA;3.549.056,38;0,00;0;0;0,00;3.549.056,38;;;;
RS;4308805;GENERAL CAMARA;3.235.441,26;0,00;0;0;0,00;3.235.441,26;;;;
RS;4308854;GENTIL;1.513.128,71;0,00;0;0;0,00;1.513.128,71;;;;
RS;4308904;GETULIO VARGAS;9.964.349,35;0,00;0;0;0,00;9.964.349,35;;;;
RS;4309001;GIRUA;12.435.675,08;0,00;0;0;0,00;12.435.675,08;;;;
RS;4309050;GLORINHA;9.180.632,87;0,00;0;0;0,00;9.180.632,87;;;;
RS;4309100;GRAMADO;39.557.599,32;0,00;0;0;0,00;39.557.599,32;;;;
RS;4309126;GRAMADO DOS LOUREIROS;1.734.844,31;0,00;0;0;0,00;1.734.844,31;;;;
RS;4309159;GRAMADO XAVIER;2.955.244,15;0,00;0;0;0,00;2.955.244,15;;;;
RS;4309209;GRAVATAI;200.141.716,67;0,00;0;0;0,00;200.141.716,67;;;;
RS;4309258;GUABIJU;707.561,99;0,00;0;0;0,00;707.561,99;;;;
RS;4309308;GUAIBA;73.271.867,69;0,00;0;0;0,00;73.271.867,69;;;;
RS;4309407;GUAPORE;21.832.882,32;0,00;0;0;0,00;21.832.882,32;;;;
RS;4309506;GUARANI DAS MISSOES;5.742.434,28;0,00;0;0;0,00;5.742.434,28;;;;
RS;4309555;HARMONIA;4.533.280,90;0,00;0;0;0,00;4.533.280,90;;;;
RS;4307104;HERVAL;5.632.861,79;0,00;0;0;0,00;5.632.861,79;;;;
RS;4309571;HERVEIRAS;2.191.128,61;0,00;0;0;0,00;2.191.128,61;;;;
RS;4309605;HORIZONTINA;20.540.505,25;0,00;0;0;0,00;20.540.505,25;;;;
RS;4309654;HULHA NEGRA;5.418.858,03;0,00;0;0;0,00;5.418.858,03;;;;
RS;4309704;HUMAITA;4.443.630,68;0,00;0;0;0,00;4.443.630,68;;;;
RS;4309753;IBARAMA;3.101.769,24;0,00;0;0;0,00;3.101.769,24;;;;
RS;4309803;IBIACA;2.731.279,25;0,00;0;0;0,00;2.731.279,25;;;;
RS;4309902;IBIRAIARAS;4.463.874,27;0,00;0;0;0,00;4.463.874,27;;;;
RS;4309951;IBIRAPUITA;3.591.471,55;0,00;0;0;0,00;3.591.471,55;;;;
RS;4310009;IBIRUBA;14.614.914,59;0,00;0;0;0,00;14.614.914,59;;;;
RS;4310108;IGREJINHA;38.066.963,50;0,00;0;0;0,00;38.066.963,50;;;;
RS;4310207;IJUI;53.935.374,61;0,00;0;0;0,00;53.935.374,61;;;;
RS;4310306;ILOPOLIS;2.805.184,45;0,00;0;0;0,00;2.805.184,45;;;;
RS;4310330;IMBE;32.932.479,85;0,00;0;0;0,00;32.932.479,85;;;;
RS;4310363;IMIGRANTE;3.321.235,56;0,00;0;0;0,00;3.321.235,56;;;;
RS;4310405;INDEPENDENCIA;5.443.278,88;0,00;0;0;0,00;5.443.278,88;;;;
RS;4310413;INHACORA;2.238.363,68;0,00;0;0;0,00;2.238.363,68;;;;
RS;4310439;IPE;4.259.510,31;0,00;0;0;0,00;4.259.510,31;;;;
RS;4310462;IPIRANGA DO SUL;1.804.572,27;0,00;0;0;0,00;1.804.572,27;;;;
RS;4310504;IRAI;6.028.093,96;0,00;0;0;0,00;6.028.093,96;;;;
RS;4310538;ITAARA;5.793.525,27;0,00;0;0;0,00;5.793.525,27;;;;
RS;4310553;ITACURUBI;3.268.859,26;0,00;0;0;0,00;3.268.859,26;;;;
RS;4310579;ITAPUCA;2.504.422,40;0,00;0;0;0,00;2.504.422,40;;;;
RS;4310603;ITAQUI;26.662.748,00;0,00;0;0;0,00;26.662.748,00;;;;
RS;4310652;ITATI;2.704.930,44;0,00;0;0;0,00;2.704.930,44;;;;
RS;4310702;ITATIBA DO SUL;2.147.749,48;0,00;0;0;0,00;2.147.749,48;;;;
RS;4310751;IVORA;716.237,82;0,00;0;0;0,00;716.237,82;;;;
RS;4310801;IVOTI;22.962.025,29;0,00;0;0;0,00;22.962.025,29;;;;
RS;4310850;JABOTICABA;2.937.571,16;0,00;0;0;0,00;2.937.571,16;;;;
RS;4310876;JACUIZINHO;2.397.741,86;0,00;0;0;0,00;2.397.741,86;;;;
RS;4310900;JACUTINGA;2.101.799,71;0,00;0;0;0,00;2.101.799,71;;;;
RS;4311007;JAGUARAO;16.844.923,76;0,00;0;0;0,00;16.844.923,76;;;;
RS;4311106;JAGUARI;6.345.886,34;0,00;0;0;0,00;6.345.886,34;;;;
RS;4311122;JAQUIRANA;3.377.146,45;0,00;0;0;0,00;3.377.146,45;;;;
RS;4311130;JARI;2.758.592,04;0,00;0;0;0,00;2.758.592,04;;;;
RS;4311155;JOIA;4.049.041,15;0,00;0;0;0,00;4.049.041,15;;;;
RS;4311205;JULIO DE CASTILHOS;14.257.598,99;0,00;0;0;0,00;14.257.598,99;;;;
RS;4311239;LAGOA BONITA DO SUL;1.830.278,43;0,00;0;0;0,00;1.830.278,43;;;;
RS;4311270;LAGOA DOS TRES CANTOS;1.796.217,76;0,00;0;0;0,00;1.796.217,76;;;;
RS;4311304;LAGOA VERMELHA;17.419.135,05;0,00;0;0;0,00;17.419.135,05;;;;
RS;4311254;LAGOAO;5.252.089,33;0,00;0;0;0,00;5.252.089,33;;;;
RS;4311403;LAJEADO;72.474.655,47;0,00;0;0;0,00;72.474.655,47;;;;
RS;4311429;LAJEADO DO BUGRE;2.538.483,06;0,00;0;0;0,00;2.538.483,06;;;;
RS;4311502;LAVRAS DO SUL;5.995.318,61;0,00;0;0;0,00;5.995.318,61;;;;
RS;4311601;LIBERATO SALZANO;2.642.271,67;0,00;0;0;0,00;2.642.271,67;;;;
RS;4311627;LINDOLFO COLLOR;7.150.489,06;0,00;0;0;0,00;7.150.489,06;;;;
RS;4311643;LINHA NOVA;1.111.148,66;0,00;0;0;0,00;1.111.148,66;;;;
RS;4311718;MACAMBARA;4.458.411,72;0,00;0;0;0,00;4.458.411,72;;;;
RS;4311700;MACHADINHO;4.648.958,61;0,00;0;0;0,00;4.648.958,61;;;;
RS;4311734;MAMPITUBA;3.243.153,11;0,00;0;0;0,00;3.243.153,11;;;;
RS;4311759;MANOEL VIANA;3.605.931,26;0,00;0;0;0,00;3.605.931,26;;;;
RS;4311775;MAQUINE;4.304.174,76;0,00;0;0;0,00;4.304.174,76;;;;
RS;4311791;MARATA;2.321.587,36;0,00;0;0;0,00;2.321.587,36;;;;
RS;4311809;MARAU;37.991.451,67;0,00;0;0;0,00;37.991.451,67;;;;
RS;4311908;MARCELINO RAMOS;2.929.859,31;0,00;0;0;0,00;2.929.859,31;;;;
RS;4311981;MARIANA PIMENTEL;3.446.553,08;0,00;0;0;0,00;3.446.553,08;;;;
RS;4312005;MARIANO MORO;724.270,99;0,00;0;0;0,00;724.270,99;;;;
RS;4312054;MARQUES DE SOUZA;3.199.773,98;0,00;0;0;0,00;3.199.773,98;;;;
RS;4312104;MATA;3.261.147,43;0,00;0;0;0,00;3.261.147,43;;;;
RS;4312138;MATO CASTELHANO;2.379.104,88;0,00;0;0;0,00;2.379.104,88;;;;
RS;4312153;MATO LEITAO;4.703.584,19;0,00;0;0;0,00;4.703.584,19;;;;
RS;4312179;MATO QUEIMADO;1.857.269,88;0,00;0;0;0,00;1.857.269,88;;;;
RS;4312203;MAXIMILIANO DE ALMEIDA;2.514.062,21;0,00;0;0;0,00;2.514.062,21;;;;
RS;4312252;MINAS DO LEAO;7.226.000,91;0,00;0;0;0,00;7.226.000,91;;;;
RS;4312302;MIRAGUAI;4.398.002,24;0,00;0;0;0,00;4.398.002,24;;;;
RS;4312351;MONTAURI;982.617,87;0,00;0;0;0,00;982.617,87;;;;
RS;4312377;MONTE ALEGRE DOS CAMPOS;4.020.121,73;0,00;0;0;0,00;4.020.121,73;;;;
RS;4312385;MONTE BELO DO SUL;2.532.056,52;0,00;0;0;0,00;2.532.056,52;;;;
RS;4312401;MONTENEGRO;50.509.386,45;0,00;0;0;0,00;50.509.386,45;;;;
RS;4312427;MORMACO;2.597.607,22;0,00;0;0;0,00;2.597.607,22;;;;
RS;4312443;MORRINHOS DO SUL;2.425.054,65;0,00;0;0;0,00;2.425.054,65;;;;
RS;4312450;MORRO REDONDO;4.952.933,92;0,00;0;0;0,00;4.952.933,92;;;;
RS;4312476;MORRO REUTER;5.436.209,69;0,00;0;0;0,00;5.436.209,69;;;;
RS;4312500;MOSTARDAS;11.449.522,61;0,00;0;0;0,00;11.449.522,61;;;;
RS;4312609;MUCUM;3.363.650,73;0,00;0;0;0,00;3.363.650,73;;;;
RS;4312617;MUITOS CAPOES;2.134.896,38;0,00;0;0;0,00;2.134.896,38;;;;
RS;4312625;MULITERNO;548.183,81;0,00;0;0;0,00;548.183,81;;;;
RS;4312658;NAO-ME-TOQUE;17.087.525,62;0,00;0;0;0,00;17.087.525,62;;;;
RS;4312674;NICOLAU VERGUEIRO;1.527.588,42;0,00;0;0;0,00;1.527.588,42;;;;
RS;4312708;NONOAI;9.705.038,48;0,00;0;0;0,00;9.705.038,48;;;;
RS;4312757;NOVA ALVORADA;2.582.183,54;0,00;0;0;0,00;2.582.183,54;;;;
RS;4312807;NOVA ARACA;4.646.387,99;0,00;0;0;0,00;4.646.387,99;;;;
RS;4312906;NOVA BASSANO;6.707.057,85;0,00;0;0;0,00;6.707.057,85;;;;
RS;4312955;NOVA BOA VISTA;2.434.373,13;0,00;0;0;0,00;2.434.373,13;;;;
RS;4313003;NOVA BRESCIA;2.336.047,08;0,00;0;0;0,00;2.336.047,08;;;;
RS;4313011;NOVA CANDELARIA;3.045.215,69;0,00;0;0;0,00;3.045.215,69;;;;
RS;4313037;NOVA ESPERANCA DO SUL;4.574.410,75;0,00;0;0;0,00;4.574.410,75;;;;
RS;4313060;NOVA HARTZ;20.487.807,62;0,00;0;0;0,00;20.487.807,62;;;;
RS;4313086;NOVA PADUA;706.919,33;0,00;0;0;0,00;706.919,33;;;;
RS;4313102;NOVA PALMA;2.521.131,40;0,00;0;0;0,00;2.521.131,40;;;;
RS;4313201;NOVA PETROPOLIS;18.502.006,95;0,00;0;0;0,00;18.502.006,95;;;;
RS;4313300;NOVA PRATA;19.874.073,11;0,00;0;0;0,00;19.874.073,11;;;;
RS;4313334;NOVA RAMADA;2.060.348,53;0,00;0;0;0,00;2.060.348,53;;;;
RS;4313359;NOVA ROMA DO SUL;2.231.937,13;0,00;0;0;0,00;2.231.937,13;;;;
RS;4313375;NOVA SANTA RITA;34.228.712,85;0,00;0;0;0,00;34.228.712,85;;;;
RS;4313490;NOVO BARREIRO;3.633.565,38;0,00;0;0;0,00;3.633.565,38;;;;
RS;4313391;NOVO CABRAIS;3.716.789,06;0,00;0;0;0,00;3.716.789,06;;;;
RS;4313409;NOVO HAMBURGO;174.491.469,94;0,00;0;0;0,00;174.491.469,94;;;;
RS;4313425;NOVO MACHADO;1.028.888,95;0,00;0;0;0,00;1.028.888,95;;;;
RS;4313441;NOVO TIRADENTES;2.383.603,46;0,00;0;0;0,00;2.383.603,46;;;;
RS;4313466;NOVO XINGU;1.074.196,06;0,00;0;0;0,00;1.074.196,06;;;;
RS;4313508;OSORIO;33.842.477,83;0,00;0;0;0,00;33.842.477,83;;;;
RS;4313607;PAIM FILHO;2.720.996,78;0,00;0;0;0,00;2.720.996,78;;;;
RS;4313656;PALMARES DO SUL;13.508.264,50;0,00;0;0;0,00;13.508.264,50;;;;
RS;4313706;PALMEIRA DAS MISSOES;18.707.977,53;0,00;0;0;0,00;18.707.977,53;;;;
RS;4313805;PALMITINHO;6.342.673,07;0,00;0;0;0,00;6.342.673,07;;;;
RS;4313904;PANAMBI;34.990.900,42;0,00;0;0;0,00;34.990.900,42;;;;
RS;4313953;PANTANO GRANDE;9.599.964,56;0,00;0;0;0,00;9.599.964,56;;;;
RS;4314001;PARAI;5.368.731,02;0,00;0;0;0,00;5.368.731,02;;;;
RS;4314027;PARAISO DO SUL;4.438.168,12;0,00;0;0;0,00;4.438.168,12;;;;
RS;4314035;PARECI NOVO;5.308.000,22;0,00;0;0;0,00;5.308.000,22;;;;
RS;4314050;PAROBE;62.112.824,67;0,00;0;0;0,00;62.112.824,67;;;;
RS;4314068;PASSA SETE;3.582.474,39;0,00;0;0;0,00;3.582.474,39;;;;
RS;4314076;PASSO DO SOBRADO;4.656.670,45;0,00;0;0;0,00;4.656.670,45;;;;
RS;4314100;PASSO FUNDO;118.521.774,29;0,00;0;0;0,00;118.521.774,29;;;;
RS;4314134;PAULO BENTO;1.550.723,96;0,00;0;0;0,00;1.550.723,96;;;;
RS;4314159;PAVERAMA;6.572.100,53;0,00;0;0;0,00;6.572.100,53;;;;
RS;4314175;PEDRAS ALTAS;2.268.247,08;0,00;0;0;0,00;2.268.247,08;;;;
RS;4314209;PEDRO OSORIO;4.452.949,16;0,00;0;0;0,00;4.452.949,16;;;;
RS;4314308;PEJUCARA;3.639.349,27;0,00;0;0;0,00;3.639.349,27;;;;
RS;4314407;PELOTAS;203.866.217,58;0,00;0;0;0,00;203.866.217,58;;;;
RS;4314423;PICADA CAFE;5.762.035,23;0,00;0;0;0,00;5.762.035,23;;;;
RS;4314456;PINHAL;3.415.705,70;0,00;0;0;0,00;3.415.705,70;;;;
RS;4314464;PINHAL DA SERRA;2.207.837,61;0,00;0;0;0,00;2.207.837,61;;;;
RS;4314472;PINHAL GRANDE;3.017.260,25;0,00;0;0;0,00;3.017.260,25;;;;
RS;4314498;PINHEIRINHO DO VALE;4.409.248,68;0,00;0;0;0,00;4.409.248,68;;;;
RS;4314506;PINHEIRO MACHADO;9.258.715,32;0,00;0;0;0,00;9.258.715,32;;;;
RS;4314548;PINTO BANDEIRA;1.244.820,69;0,00;0;0;0,00;1.244.820,69;;;;
RS;4314555;PIRAPO;1.233.252,91;0,00;0;0;0,00;1.233.252,91;;;;
RS;4314605;PIRATINI;9.890.122,82;0,00;0;0;0,00;9.890.122,82;;;;
RS;4314704;PLANALTO;8.308.872,79;0,00;0;0;0,00;8.308.872,79;;;;
RS;4314753;POCO DAS ANTAS;2.096.979,81;0,00;0;0;0,00;2.096.979,81;;;;
RS;4314779;PONTAO;2.866.879,23;0,00;0;0;0,00;2.866.879,23;;;;
RS;4314787;PONTE PRETA;1.026.960,99;0,00;0;0;0,00;1.026.960,99;;;;
RS;4314803;PORTAO;34.568.676,78;0,00;0;0;0,00;34.568.676,78;;;;
RS;4314902;PORTO ALEGRE;464.878.508,84;0,00;0;0;0,00;464.878.508,84;;;;
RS;4315008;PORTO LUCENA;1.900.327,70;0,00;0;0;0,00;1.900.327,70;;;;
RS;4315057;PORTO MAUA;1.604.706,89;0,00;0;0;0,00;1.604.706,89;;;;
RS;4315073;PORTO VERA CRUZ;829.666,23;0,00;0;0;0,00;829.666,23;;;;
RS;4315107;PORTO XAVIER;7.207.363,94;0,00;0;0;0,00;7.207.363,94;;;;
RS;4315131;POUSO NOVO;1.534.336,28;0,00;0;0;0,00;1.534.336,28;;;;
RS;4315149;PRESIDENTE LUCENA;3.205.557,85;0,00;0;0;0,00;3.205.557,85;;;;
RS;4315156;PROGRESSO;3.750.528,39;0,00;0;0;0,00;3.750.528,39;;;;
RS;4315172;PROTASIO ALVES;1.310.371,38;0,00;0;0;0,00;1.310.371,38;;;;
RS;4315206;PUTINGA;2.025.002,56;0,00;0;0;0,00;2.025.002,56;;;;
RS;4315305;QUARAI;14.637.086,15;0,00;0;0;0,00;14.637.086,15;;;;
RS;4315313;QUATRO IRMAOS;1.542.369,46;0,00;0;0;0,00;1.542.369,46;;;;
RS;4315321;QUEVEDOS;1.402.270,90;0,00;0;0;0,00;1.402.270,90;;;;
RS;4315354;QUINZE DE NOVEMBRO;3.906.693,31;0,00;0;0;0,00;3.906.693,31;;;;
RS;4315404;REDENTORA;5.293.219,18;0,00;0;0;0,00;5.293.219,18;;;;
RS;4315453;RELVADO;962.695,60;0,00;0;0;0,00;962.695,60;;;;
RS;4315503;RESTINGA SECA;10.309.454,51;0,00;0;0;0,00;10.309.454,51;;;;
RS;4315552;RIO DOS INDIOS;2.595.679,26;0,00;0;0;0,00;2.595.679,26;;;;
RS;4315602;RIO GRANDE;157.462.104,50;0,00;0;0;0,00;157.462.104,50;;;;
RS;4315701;RIO PARDO;19.206.034,33;0,00;0;0;0,00;19.206.034,33;;;;
RS;4315750;RIOZINHO;4.076.675,27;0,00;0;0;0,00;4.076.675,27;;;;
RS;4315800;ROCA SALES;9.421.628,10;0,00;0;0;0,00;9.421.628,10;;;;
RS;4315909;RODEIO BONITO;5.235.058,99;0,00;0;0;0,00;5.235.058,99;;;;
RS;4315958;ROLADOR;1.354.714,51;0,00;0;0;0,00;1.354.714,51;;;;
RS;4316006;ROLANTE;23.019.864,14;0,00;0;0;0,00;23.019.864,14;;;;
RS;4316105;RONDA ALTA;4.913.732,03;0,00;0;0;0,00;4.913.732,03;;;;
RS;4316204;RONDINHA;3.443.982,47;0,00;0;0;0,00;3.443.982,47;;;;
RS;4316303;ROQUE GONZALES;4.963.537,71;0,00;0;0;0,00;4.963.537,71;;;;
RS;4316402;ROSARIO DO SUL;16.658.232,79;0,00;0;0;0,00;16.658.232,79;;;;
RS;4316428;SAGRADA FAMILIA;1.738.378,91;0,00;0;0;0,00;1.738.378,91;;;;
RS;4316436;SALDANHA MARINHO;2.089.267,96;0,00;0;0;0,00;2.089.267,96;;;;
RS;4316451;SALTO DO JACUI;6.845.228,45;0,00;0;0;0,00;6.845.228,45;;;;
RS;4316477;SALVADOR DAS MISSOES;1.886.510,65;0,00;0;0;0,00;1.886.510,65;;;;
RS;4316501;SALVADOR DO SUL;6.154.696,78;0,00;0;0;0,00;6.154.696,78;;;;
RS;4316600;SANANDUVA;11.308.138,73;0,00;0;0;0,00;11.308.138,73;;;;
RS;4316709;SANTA BARBARA DO SUL;6.935.521,33;0,00;0;0;0,00;6.935.521,33;;;;
RS;4316733;SANTA CECILIA DO SUL;1.746.733,42;0,00;0;0;0,00;1.746.733,42;;;;
RS;4316758;SANTA CLARA DO SUL;5.810.234,28;0,00;0;0;0,00;5.810.234,28;;;;
RS;4316808;SANTA CRUZ DO SUL;84.642.986,52;0,00;0;0;0,00;84.642.986,52;;;;
RS;4316972;SANTA MARGARIDA DO SUL;2.506.993,02;0,00;0;0;0,00;2.506.993,02;;;;
RS;4316907;SANTA MARIA;143.026.169,04;0,00;0;0;0,00;143.026.169,04;;;;
RS;4316956;SANTA MARIA DO HERVAL;4.684.625,89;0,00;0;0;0,00;4.684.625,89;;;;
RS;4317202;SANTA ROSA;50.791.190,19;0,00;0;0;0,00;50.791.190,19;;;;
RS;4317251;SANTA TEREZA;791.107,00;0,00;0;0;0,00;791.107,00;;;;
RS;4317301;SANTA VITORIA DO PALMAR;27.450.641,74;0,00;0;0;0,00;27.450.641,74;;;;
RS;4317004;SANTANA DA BOA VISTA;5.183.968,01;0,00;0;0;0,00;5.183.968,01;;;;
RS;4317103;SANTANA DO LIVRAMENTO;39.636.003,10;0,00;0;0;0,00;39.636.003,10;;;;
RS;4317400;SANTIAGO;32.338.988,93;0,00;0;0;0,00;32.338.988,93;;;;
RS;4317509;SANTO ANGELO;41.730.090,96;0,00;0;0;0,00;41.730.090,96;;;;
RS;4317608;SANTO ANTONIO DA PATRULHA;26.795.456,04;0,00;0;0;0,00;26.795.456,04;;;;
RS;4317707;SANTO ANTONIO DAS MISSOES;8.626.665,17;0,00;0;0;0,00;8.626.665,17;;;;
RS;4317558;SANTO ANTONIO DO PALMA;1.647.122,05;0,00;0;0;0,00;1.647.122,05;;;;
RS;4317756;SANTO ANTONIO DO PLANALTO;1.661.260,43;0,00;0;0;0,00;1.661.260,43;;;;
RS;4317806;SANTO AUGUSTO;11.116.627,86;0,00;0;0;0,00;11.116.627,86;;;;
RS;4317905;SANTO CRISTO;11.681.520,67;0,00;0;0;0,00;11.681.520,67;;;;
RS;4317954;SANTO EXPEDITO DO SUL;1.701.104,98;0,00;0;0;0,00;1.701.104,98;;;;
RS;4318002;SAO BORJA;37.763.309,52;0,00;0;0;0,00;37.763.309,52;;;;
RS;4318051;SAO DOMINGOS DO SUL;1.111.148,66;0,00;0;0;0,00;1.111.148,66;;;;
RS;4318101;SAO FRANCISCO DE ASSIS;12.011.202,14;0,00;0;0;0,00;12.011.202,14;;;;
RS;4318200;SAO FRANCISCO DE PAULA;12.117.882,70;0,00;0;0;0,00;12.117.882,70;;;;
RS;4318309;SAO GABRIEL;45.805.159,61;0,00;0;0;0,00;45.805.159,61;;;;
RS;4318408;SAO JERONIMO;10.930.579,55;0,00;0;0;0,00;10.930.579,55;;;;
RS;4318424;SAO JOAO DA URTIGA;3.310.310,44;0,00;0;0;0,00;3.310.310,44;;;;
RS;4318432;SAO JOAO DO POLESINE;1.215.258,60;0,00;0;0;0,00;1.215.258,60;;;;
RS;4318440;SAO JORGE;1.635.554,28;0,00;0;0;0,00;1.635.554,28;;;;
RS;4318457;SAO JOSE DAS MISSOES;2.336.047,08;0,00;0;0;0,00;2.336.047,08;;;;
RS;4318465;SAO JOSE DO HERVAL;1.810.998,80;0,00;0;0;0,00;1.810.998,80;;;;
RS;4318481;SAO JOSE DO HORTENCIO;4.271.078,09;0,00;0;0;0,00;4.271.078,09;;;;
RS;4318499;SAO JOSE DO INHACORA;2.417.985,46;0,00;0;0;0,00;2.417.985,46;;;;
RS;4318507;SAO JOSE DO NORTE;19.570.419,12;0,00;0;0;0,00;19.570.419,12;;;;
RS;4318606;SAO JOSE DO OURO;4.304.496,09;0,00;0;0;0,00;4.304.496,09;;;;
RS;4318614;SAO JOSE DO SUL;2.094.730,52;0,00;0;0;0,00;2.094.730,52;;;;
RS;4318622;SAO JOSE DOS AUSENTES;5.578.878,86;0,00;0;0;0,00;5.578.878,86;;;;
RS;4318705;SAO LEOPOLDO;180.804.902,26;0,00;0;0;0,00;180.804.902,26;;;;
RS;4318804;SAO LOURENCO DO SUL;30.522.206,24;0,00;0;0;0,00;30.522.206,24;;;;
RS;4318903;SAO LUIZ GONZAGA;19.666.495,88;0,00;0;0;0,00;19.666.495,88;;;;
RS;4319000;SAO MARCOS;13.197.541,31;0,00;0;0;0,00;13.197.541,31;;;;
RS;4319109;SAO MARTINHO;5.221.563,27;0,00;0;0;0,00;5.221.563,27;;;;
RS;4319125;SAO MARTINHO DA SERRA;1.625.914,47;0,00;0;0;0,00;1.625.914,47;;;;
RS;4319158;SAO MIGUEL DAS MISSOES;6.183.937,55;0,00;0;0;0,00;6.183.937,55;;;;
RS;4319208;SAO NICOLAU;3.200.416,62;0,00;0;0;0,00;3.200.416,62;;;;
RS;4319307;SAO PAULO DAS MISSOES;5.285.507,33;0,00;0;0;0,00;5.285.507,33;;;;
RS;4319356;SAO PEDRO DA SERRA;3.293.601,44;0,00;0;0;0,00;3.293.601,44;;;;
RS;4319364;SAO PEDRO DAS MISSOES;2.020.825,32;0,00;0;0;0,00;2.020.825,32;;;;
RS;4319372;SAO PEDRO DO BUTIA;1.759.586,49;0,00;0;0;0,00;1.759.586,49;;;;
RS;4319406;SAO PEDRO DO SUL;11.231.341,60;0,00;0;0;0,00;11.231.341,60;;;;
RS;4319505;SAO SEBASTIAO DO CAI;19.605.443,76;0,00;0;0;0,00;19.605.443,76;;;;
RS;4319604;SAO SEPE;15.671.437,66;0,00;0;0;0,00;15.671.437,66;;;;
RS;4319703;SAO VALENTIM;2.803.899,15;0,00;0;0;0,00;2.803.899,15;;;;
RS;4319711;SAO VALENTIM DO SUL;1.036.600,80;0,00;0;0;0,00;1.036.600,80;;;;
RS;4319737;SAO VALERIO DO SUL;1.599.244,34;0,00;0;0;0,00;1.599.244,34;;;;
RS;4319752;SAO VENDELINO;2.411.237,58;0,00;0;0;0,00;2.411.237,58;;;;
RS;4319802;SAO VICENTE DO SUL;5.851.364,13;0,00;0;0;0,00;5.851.364,13;;;;
RS;4319901;SAPIRANGA;86.700.443,11;0,00;0;0;0,00;86.700.443,11;;;;
RS;4320008;SAPUCAIA DO SUL;116.246.458,01;0,00;0;0;0,00;116.246.458,01;;;;
RS;4320107;SARANDI;19.213.103,53;0,00;0;0;0,00;19.213.103,53;;;;
RS;4320206;SEBERI;7.977.906,02;0,00;0;0;0,00;7.977.906,02;;;;
RS;4320230;SEDE NOVA;2.891.300,08;0,00;0;0;0,00;2.891.300,08;;;;
RS;4320263;SEGREDO;3.836.322,69;0,00;0;0;0,00;3.836.322,69;;;;
RS;4320305;SELBACH;2.955.886,80;0,00;0;0;0,00;2.955.886,80;;;;
RS;4320321;SENADOR SALGADO FILHO;1.664.152,38;0,00;0;0;0,00;1.664.152,38;;;;
RS;4320354;SENTINELA DO SUL;3.895.768,18;0,00;0;0;0,00;3.895.768,18;;;;
RS;4320404;SERAFINA CORREA;14.436.899,44;0,00;0;0;0,00;14.436.899,44;;;;
RS;4320453;SERIO;1.258.316,41;0,00;0;0;0,00;1.258.316,41;;;;
RS;4320503;SERTAO;3.731.570,10;0,00;0;0;0,00;3.731.570,10;;;;
RS;4320552;SERTAO SANTANA;5.260.122,50;0,00;0;0;0,00;5.260.122,50;;;;
RS;4320578;SETE DE SETEMBRO;1.106.650,09;0,00;0;0;0,00;1.106.650,09;;;;
RS;4320602;SEVERIANO DE ALMEIDA;2.071.273,66;0,00;0;0;0,00;2.071.273,66;;;;
RS;4320651;SILVEIRA MARTINS;2.123.007,29;0,00;0;0;0,00;2.123.007,29;;;;
RS;4320677;SINIMBU;8.139.854,81;0,00;0;0;0,00;8.139.854,81;;;;
RS;4320701;SOBRADINHO;12.230.989,80;0,00;0;0;0,00;12.230.989,80;;;;
RS;4320800;SOLEDADE;18.966.003,09;0,00;0;0;0,00;18.966.003,09;;;;
RS;4320859;TABAI;4.801.910,25;0,00;0;0;0,00;4.801.910,25;;;;
RS;4320909;TAPEJARA;23.264.393,97;0,00;0;0;0,00;23.264.393,97;;;;
RS;4321006;TAPERA;6.717.340,32;0,00;0;0;0,00;6.717.340,32;;;;
RS;4321105;TAPES;10.584.189,08;0,00;0;0;0,00;10.584.189,08;;;;
RS;4321204;TAQUARA;45.584.729,30;0,00;0;0;0,00;45.584.729,30;;;;
RS;4321303;TAQUARI;15.344.326,80;0,00;0;0;0,00;15.344.326,80;;;;
RS;4321329;TAQUARUCU DO SUL;2.810.325,68;0,00;0;0;0,00;2.810.325,68;;;;
RS;4321352;TAVARES;3.695.581,49;0,00;0;0;0,00;3.695.581,49;;;;
RS;4321402;TENENTE PORTELA;11.250.942,53;0,00;0;0;0,00;11.250.942,53;;;;
RS;4321436;TERRA DE AREIA;11.088.029,76;0,00;0;0;0,00;11.088.029,76;;;;
RS;4321451;TEUTONIA;31.982.315,99;0,00;0;0;0,00;31.982.315,99;;;;
RS;4321469;TIO HUGO;4.185.283,78;0,00;0;0;0,00;4.185.283,78;;;;
RS;4321477;TIRADENTES DO SUL;3.292.637,47;0,00;0;0;0,00;3.292.637,47;;;;
RS;4321493;TOROPI;1.513.450,04;0,00;0;0;0,00;1.513.450,04;;;;
RS;4321501;TORRES;31.352.515,14;0,00;0;0;0,00;31.352.515,14;;;;
RS;4321600;TRAMANDAI;56.135.500,37;0,00;0;0;0,00;56.135.500,37;;;;
RS;4321626;TRAVESSEIRO;1.954.953,29;0,00;0;0;0,00;1.954.953,29;;;;
RS;4321634;TRES ARROIOS;1.087.370,47;0,00;0;0;0,00;1.087.370,47;;;;
RS;4321667;TRES CACHOEIRAS;7.732.090,89;0,00;0;0;0,00;7.732.090,89;;;;
RS;4321709;TRES COROAS;28.938.706,93;0,00;0;0;0,00;28.938.706,93;;;;
RS;4321808;TRES DE MAIO;17.901.446,84;0,00;0;0;0,00;17.901.446,84;;;;
RS;4321832;TRES FORQUILHAS;2.324.800,63;0,00;0;0;0,00;2.324.800,63;;;;
RS;4321857;TRES PALMEIRAS;6.010.099,65;0,00;0;0;0,00;6.010.099,65;;;;
RS;4321907;TRES PASSOS;23.037.858,46;0,00;0;0;0,00;23.037.858,46;;;;
RS;4321956;TRINDADE DO SUL;6.658.537,47;0,00;0;0;0,00;6.658.537,47;;;;
RS;4322004;TRIUNFO;29.791.508,72;0,00;0;0;0,00;29.791.508,72;;;;
RS;4322103;TUCUNDUVA;2.307.127,64;0,00;0;0;0,00;2.307.127,64;;;;
RS;4322152;TUNAS;3.132.616,64;0,00;0;0;0,00;3.132.616,64;;;;
RS;4322186;TUPANCI DO SUL;1.353.429,19;0,00;0;0;0,00;1.353.429,19;;;;
RS;4322202;TUPANCIRETA;16.493.392,05;0,00;0;0;0,00;16.493.392,05;;;;
RS;4322251;TUPANDI;7.101.326,04;0,00;0;0;0,00;7.101.326,04;;;;
RS;4322301;TUPARENDI;5.064.113,05;0,00;0;0;0,00;5.064.113,05;;;;
RS;4322327;TURUCU;3.963.568,18;0,00;0;0;0,00;3.963.568,18;;;;
RS;4322343;UBIRETAMA;1.003.504,13;0,00;0;0;0,00;1.003.504,13;;;;
RS;4322350;UNIAO DA SERRA;309.116,54;0,00;0;0;0,00;309.116,54;;;;
RS;4322376;UNISTALDA;1.252.211,21;0,00;0;0;0,00;1.252.211,21;;;;
RS;4322400;URUGUAIANA;85.097.342,85;0,00;0;0;0,00;85.097.342,85;;;;
RS;4322509;VACARIA;49.526.768,57;0,00;0;0;0,00;49.526.768,57;;;;
RS;4322533;VALE DO SOL;6.016.526,19;0,00;0;0;0,00;6.016.526,19;;;;
RS;4322541;VALE REAL;5.614.867,48;0,00;0;0;0,00;5.614.867,48;;;;
RS;4322525;VALE VERDE;2.731.279,25;0,00;0;0;0,00;2.731.279,25;;;;
RS;4322558;VANINI;1.561.649,08;0,00;0;0;0,00;1.561.649,08;;;;
RS;4322608;VENANCIO AIRES;40.792.780,20;0,00;0;0;0,00;40.792.780,20;;;;
RS;4322707;VERA CRUZ;20.156.840,84;0,00;0;0;0,00;20.156.840,84;;;;
RS;4322806;VERANOPOLIS;20.241.028,50;0,00;0;0;0,00;20.241.028,50;;;;
RS;4322855;VESPASIANO CORREA;1.235.823,52;0,00;0;0;0,00;1.235.823,52;;;;
RS;4322905;VIADUTOS;2.893.228,04;0,00;0;0;0,00;2.893.228,04;;;;
RS;4323002;VIAMAO;190.168.691,50;0,00;0;0;0,00;190.168.691,50;;;;
RS;4323101;VICENTE DUTRA;4.135.478,11;0,00;0;0;0,00;4.135.478,11;;;;
RS;4323200;VICTOR GRAEFF;2.837.317,15;0,00;0;0;0,00;2.837.317,15;;;;
RS;4323309;VILA FLORES;3.186.278,24;0,00;0;0;0,00;3.186.278,24;;;;
RS;4323358;VILA LANGARO;1.837.347,62;0,00;0;0;0,00;1.837.347,62;;;;
RS;4323408;VILA MARIA;2.769.838,48;0,00;0;0;0,00;2.769.838,48;;;;
RS;4323457;VILA NOVA DO SUL;3.071.243,18;0,00;0;0;0,00;3.071.243,18;;;;
RS;4323507;VISTA ALEGRE;1.568.718,27;0,00;0;0;0,00;1.568.718,27;;;;
RS;4323606;VISTA ALEGRE DO PRATA;938.274,75;0,00;0;0;0,00;938.274,75;;;;
RS;4323705;VISTA GAUCHA;2.717.462,19;0,00;0;0;0,00;2.717.462,19;;;;
RS;4323754;VITORIA DAS MISSOES;2.086.376,01;0,00;0;0;0,00;2.086.376,01;;;;
RS;4323770;WESTFALIA;3.014.689,64;0,00;0;0;0,00;3.014.689,64;;;;
RS;4323804;XANGRI-LA;21.695.354,38;0,00;0;0;0,00;21.695.354,38;;;;
SC;4200051;ABDON BATISTA;1.991.399,84;0,00;0;0;0,00;1.991.399,84;;;;
SC;4200101;ABELARDO LUZ;19.099.783,74;0,00;0;0;0,00;19.099.783,74;;;;
SC;4200200;AGROLANDIA;11.115.356,85;0,00;0;0;0,00;11.115.356,85;;;;
SC;4200309;AGRONOMICA;4.520.773,94;0,00;0;0;0,00;4.520.773,94;;;;
SC;4200408;AGUA DOCE;5.885.000,11;0,00;0;0;0,00;5.885.000,11;;;;
SC;4200507;AGUAS DE CHAPECO;2.767.650,70;0,00;0;0;0,00;2.767.650,70;;;;
SC;4200556;AGUAS FRIAS;2.330.913,14;0,00;0;0;0,00;2.330.913,14;;;;
SC;4200606;AGUAS MORNAS;4.262.743,83;0,00;0;0;0,00;4.262.743,83;;;;
SC;4200705;ALFREDO WAGNER;7.057.864,24;0,00;0;0;0,00;7.057.864,24;;;;
SC;4200754;ALTO BELA VISTA;1.260.520,29;0,00;0;0;0,00;1.260.520,29;;;;
SC;4200804;ANCHIETA;4.750.099,74;0,00;0;0;0,00;4.750.099,74;;;;
SC;4200903;ANGELINA;3.039.569,99;0,00;0;0;0,00;3.039.569,99;;;;
SC;4201000;ANITA GARIBALDI;6.231.920,97;0,00;0;0;0,00;6.231.920,97;;;;
SC;4201109;ANITAPOLIS;2.288.936,95;0,00;0;0;0,00;2.288.936,95;;;;
SC;4201208;ANTONIO CARLOS;8.339.681,28;0,00;0;0;0,00;8.339.681,28;;;;
SC;4201257;APIUNA;12.528.966,77;0,00;0;0;0,00;12.528.966,77;;;;
SC;4201273;ARABUTA;3.500.073,49;0,00;0;0;0,00;3.500.073,49;;;;
SC;4201307;ARAQUARI;43.319.428,08;0,00;0;0;0,00;43.319.428,08;;;;
SC;4201406;ARARANGUA;40.488.195,79;0,00;0;0;0,00;40.488.195,79;;;;
SC;4201505;ARMAZEM;6.977.615,64;0,00;0;0;0,00;6.977.615,64;;;;
SC;4201604;ARROIO TRINTA;2.642.648,08;0,00;0;0;0,00;2.642.648,08;;;;
SC;4201653;ARVOREDO;1.854.051,28;0,00;0;0;0,00;1.854.051,28;;;;
SC;4201703;ASCURRA;4.838.990,50;0,00;0;0;0,00;4.838.990,50;;;;
SC;4201802;ATALANTA;2.762.403,68;0,00;0;0;0,00;2.762.403,68;;;;
SC;4201901;AURORA;4.965.536,36;0,00;0;0;0,00;4.965.536,36;;;;
SC;4201950;BALNEARIO ARROIO DO SILVA;14.577.157,92;0,00;0;0;0,00;14.577.157,92;;;;
SC;4202057;BALNEARIO BARRA DO SUL;11.313.817,80;0,00;0;0;0,00;11.313.817,80;;;;
SC;4202008;BALNEARIO CAMBORIU;110.330.711,63;0,00;0;0;0,00;110.330.711,63;;;;
SC;4202073;BALNEARIO GAIVOTA;14.449.994,76;0,00;0;0;0,00;14.449.994,76;;;;
SC;4212809;BALNEARIO PICARRAS;37.879.807,69;0,00;0;0;0,00;37.879.807,69;;;;
SC;4220000;BALNEARIO RINCAO;10.915.352,64;0,00;0;0;0,00;10.915.352,64;;;;
SC;4202081;BANDEIRANTE;3.859.031,64;0,00;0;0;0,00;3.859.031,64;;;;
SC;4202099;BARRA BONITA;933.044,28;0,00;0;0;0,00;933.044,28;;;;
SC;4202107;BARRA VELHA;51.692.134,74;0,00;0;0;0,00;51.692.134,74;;;;
SC;4202131;BELA VISTA DO TOLDO;7.944.302,61;0,00;0;0;0,00;7.944.302,61;;;;
SC;4202156;BELMONTE;2.116.402,47;0,00;0;0;0,00;2.116.402,47;;;;
SC;4202206;BENEDITO NOVO;5.225.418,35;0,00;0;0;0,00;5.225.418,35;;;;
SC;4202305;BIGUACU;39.108.228,55;0,00;0;0;0,00;39.108.228,55;;;;
SC;4202404;BLUMENAU;253.885.886,29;0,00;0;0;0,00;253.885.886,29;;;;
SC;4202438;BOCAINA DO SUL;4.495.464,76;0,00;0;0;0,00;4.495.464,76;;;;
SC;4202503;BOM JARDIM DA SERRA;3.650.693,94;0,00;0;0;0,00;3.650.693,94;;;;
SC;4202537;BOM JESUS;2.246.960,76;0,00;0;0;0,00;2.246.960,76;;;;
SC;4202578;BOM JESUS DO OESTE;1.788.309,15;0,00;0;0;0,00;1.788.309,15;;;;
SC;4202602;BOM RETIRO;5.799.813,13;0,00;0;0;0,00;5.799.813,13;;;;
SC;4202453;BOMBINHAS;29.275.923,33;0,00;0;0;0,00;29.275.923,33;;;;
SC;4202701;BOTUVERA;3.469.825,94;0,00;0;0;0,00;3.469.825,94;;;;
SC;4202800;BRACO DO NORTE;27.194.706,80;0,00;0;0;0,00;27.194.706,80;;;;
SC;4202859;BRACO DO TROMBUDO;4.176.322,25;0,00;0;0;0,00;4.176.322,25;;;;
SC;4202875;BRUNOPOLIS;1.683.677,32;0,00;0;0;0,00;1.683.677,32;;;;
SC;4202909;BRUSQUE;107.411.205,88;0,00;0;0;0,00;107.411.205,88;;;;
SC;4203006;CACADOR;64.477.588,37;0,00;0;0;0,00;64.477.588,37;;;;
SC;4203105;CAIBI;4.228.483,85;0,00;0;0;0,00;4.228.483,85;;;;
SC;4203154;CALMON;4.971.709,33;0,00;0;0;0,00;4.971.709,33;;;;
SC;4203204;CAMBORIU;99.500.237,31;0,00;0;0;0,00;99.500.237,31;;;;
SC;4203303;CAMPO ALEGRE;13.937.946,97;0,00;0;0;0,00;13.937.946,97;;;;
SC;4203402;CAMPO BELO DO SUL;5.328.506,94;0,00;0;0;0,00;5.328.506,94;;;;
SC;4203501;CAMPO ERE;9.007.905,18;0,00;0;0;0,00;9.007.905,18;;;;
SC;4203600;CAMPOS NOVOS;29.875.318,64;0,00;0;0;0,00;29.875.318,64;;;;
SC;4203709;CANELINHA;9.638.782,63;0,00;0;0;0,00;9.638.782,63;;;;
SC;4203808;CANOINHAS;45.684.601,20;0,00;0;0;0,00;45.684.601,20;;;;
SC;4203253;CAPAO ALTO;3.101.608,33;0,00;0;0;0,00;3.101.608,33;;;;
SC;4203907;CAPINZAL;22.909.431,63;0,00;0;0;0,00;22.909.431,63;;;;
SC;4203956;CAPIVARI DE BAIXO;20.191.164,69;0,00;0;0;0,00;20.191.164,69;;;;
SC;4204004;CATANDUVAS;9.039.695,98;0,00;0;0;0,00;9.039.695,98;;;;
SC;4204103;CAXAMBU DO SUL;2.782.774,48;0,00;0;0;0,00;2.782.774,48;;;;
SC;4204152;CELSO RAMOS;3.072.904,02;0,00;0;0;0,00;3.072.904,02;;;;
SC;4204178;CERRO NEGRO;2.114.550,57;0,00;0;0;0,00;2.114.550,57;;;;
SC;4204194;CHAPADAO DO LAGEADO;2.515.484,91;0,00;0;0;0,00;2.515.484,91;;;;
SC;4204202;CHAPECO;174.927.746,95;0,00;0;0;0,00;174.927.746,95;;;;
SC;4204251;COCAL DO SUL;14.522.527,15;0,00;0;0;0,00;14.522.527,15;;;;
SC;4204301;CONCORDIA;68.587.242,56;0,00;0;0;0,00;68.587.242,56;;;;
SC;4204350;CORDILHEIRA ALTA;4.498.551,25;0,00;0;0;0,00;4.498.551,25;;;;
SC;4204400;CORONEL FREITAS;7.306.326,24;0,00;0;0;0,00;7.306.326,24;;;;
SC;4204459;CORONEL MARTINS;1.704.974,07;0,00;0;0;0,00;1.704.974,07;;;;
SC;4204558;CORREIA PINTO;14.033.010,70;0,00;0;0;0,00;14.033.010,70;;;;
SC;4204509;CORUPA;17.922.598,53;0,00;0;0;0,00;17.922.598,53;;;;
SC;4204608;CRICIUMA;191.558.651,70;0,00;0;0;0,00;191.558.651,70;;;;
SC;4204707;CUNHA PORA;8.048.934,43;0,00;0;0;0,00;8.048.934,43;;;;
SC;4204756;CUNHATAI;1.057.738,25;0,00;0;0;0,00;1.057.738,25;;;;
SC;4204806;CURITIBANOS;28.816.345,79;0,00;0;0;0,00;28.816.345,79;;;;
SC;4204905;DESCANSO;4.725.099,21;0,00;0;0;0,00;4.725.099,21;;;;
SC;4205001;DIONISIO CERQUEIRA;10.681.088,46;0,00;0;0;0,00;10.681.088,46;;;;
SC;4205100;DONA EMMA;2.698.204,80;0,00;0;0;0,00;2.698.204,80;;;;
SC;4205159;DOUTOR PEDRINHO;2.338.938,00;0,00;0;0;0,00;2.338.938,00;;;;
SC;4205175;ENTRE RIOS;2.381.222,84;0,00;0;0;0,00;2.381.222,84;;;;
SC;4205191;ERMO;2.642.030,78;0,00;0;0;0,00;2.642.030,78;;;;
SC;4205209;ERVAL VELHO;3.493.283,23;0,00;0;0;0,00;3.493.283,23;;;;
SC;4205308;FAXINAL DOS GUEDES;12.018.462,23;0,00;0;0;0,00;12.018.462,23;;;;
SC;4205357;FLOR DO SERTAO;1.383.979,68;0,00;0;0;0,00;1.383.979,68;;;;
SC;4205407;FLORIANOPOLIS;271.288.412,17;0,00;0;0;0,00;271.288.412,17;;;;
SC;4205431;FORMOSA DO SUL;2.203.132,68;0,00;0;0;0,00;2.203.132,68;;;;
SC;4205456;FORQUILHINHA;26.064.744,80;0,00;0;0;0,00;26.064.744,80;;;;
SC;4205506;FRAIBURGO;42.205.207,15;0,00;0;0;0,00;42.205.207,15;;;;
SC;4205555;FREI ROGERIO;2.159.304,60;0,00;0;0;0,00;2.159.304,60;;;;
SC;4205605;GALVAO;3.149.448,84;0,00;0;0;0,00;3.149.448,84;;;;
SC;4205704;GAROPABA;24.091.246,58;0,00;0;0;0,00;24.091.246,58;;;;
SC;4205803;GARUVA;22.645.228,56;0,00;0;0;0,00;22.645.228,56;;;;
SC;4205902;GASPAR;59.509.891,48;0,00;0;0;0,00;59.509.891,48;;;;
SC;4206009;GOVERNADOR CELSO RAMOS;19.991.777,78;0,00;0;0;0,00;19.991.777,78;;;;
SC;4206108;GRAO PARA;4.775.408,91;0,00;0;0;0,00;4.775.408,91;;;;
SC;4206207;GRAVATAL;7.007.554,54;0,00;0;0;0,00;7.007.554,54;;;;
SC;4206306;GUABIRUBA;28.376.213,08;0,00;0;0;0,00;28.376.213,08;;;;
SC;4206405;GUARACIABA;8.986.299,79;0,00;0;0;0,00;8.986.299,79;;;;
SC;4206504;GUARAMIRIM;39.350.826,23;0,00;0;0;0,00;39.350.826,23;;;;
SC;4206603;GUARUJA DO SUL;5.517.399,80;0,00;0;0;0,00;5.517.399,80;;;;
SC;4206652;GUATAMBU;6.717.733,64;0,00;0;0;0,00;6.717.733,64;;;;
SC;4206702;HERVAL DOESTE;16.543.557,23;0,00;0;0;0,00;16.543.557,23;;;;
SC;4206751;IBIAM;1.785.839,97;0,00;0;0;0,00;1.785.839,97;;;;
SC;4206801;IBICARE;2.490.175,75;0,00;0;0;0,00;2.490.175,75;;;;
SC;4206900;IBIRAMA;17.929.080,15;0,00;0;0;0,00;17.929.080,15;;;;
SC;4207007;ICARA;51.939.362,16;0,00;0;0;0,00;51.939.362,16;;;;
SC;4207106;ILHOTA;19.059.968,09;0,00;0;0;0,00;19.059.968,09;;;;
SC;4207205;IMARUI;8.136.590,59;0,00;0;0;0,00;8.136.590,59;;;;
SC;4207304;IMBITUBA;29.733.957,64;0,00;0;0;0,00;29.733.957,64;;;;
SC;4207403;IMBUIA;5.152.577,32;0,00;0;0;0,00;5.152.577,32;;;;
SC;4207502;INDAIAL;67.159.434,81;0,00;0;0;0,00;67.159.434,81;;;;
SC;4207577;IOMERE;3.353.156,83;0,00;0;0;0,00;3.353.156,83;;;;
SC;4207601;IPIRA;4.905.658,56;0,00;0;0;0,00;4.905.658,56;;;;
SC;4207650;IPORA DO OESTE;7.093.358,81;0,00;0;0;0,00;7.093.358,81;;;;
SC;4207684;IPUACU;4.707.506,25;0,00;0;0;0,00;4.707.506,25;;;;
SC;4207700;IPUMIRIM;7.029.468,58;0,00;0;0;0,00;7.029.468,58;;;;
SC;4207759;IRACEMINHA;2.032.758,73;0,00;0;0;0,00;2.032.758,73;;;;
SC;4207809;IRANI;9.009.448,43;0,00;0;0;0,00;9.009.448,43;;;;
SC;4207858;IRATI;1.741.703,24;0,00;0;0;0,00;1.741.703,24;;;;
SC;4207908;IRINEOPOLIS;13.588.248,27;0,00;0;0;0,00;13.588.248,27;;;;
SC;4208005;ITA;7.542.750,97;0,00;0;0;0,00;7.542.750,97;;;;
SC;4208104;ITAIOPOLIS;16.644.793,92;0,00;0;0;0,00;16.644.793,92;;;;
SC;4208203;ITAJAI;249.337.333,99;0,00;0;0;0,00;249.337.333,99;;;;
SC;4208302;ITAPEMA;82.075.180,09;0,00;0;0;0,00;82.075.180,09;;;;
SC;4208401;ITAPIRANGA;14.592.898,99;0,00;0;0;0,00;14.592.898,99;;;;
SC;4208450;ITAPOA;35.064.933,77;0,00;0;0;0,00;35.064.933,77;;;;
SC;4208500;ITUPORANGA;16.004.657,03;0,00;0;0;0,00;16.004.657,03;;;;
SC;4208609;JABORA;4.293.917,32;0,00;0;0;0,00;4.293.917,32;;;;
SC;4208708;JACINTO MACHADO;10.000.827,26;0,00;0;0;0,00;10.000.827,26;;;;
SC;4208807;JAGUARUNA;17.068.259,61;0,00;0;0;0,00;17.068.259,61;;;;
SC;4208906;JARAGUA DO SUL;147.936.439,49;0,00;0;0;0,00;147.936.439,49;;;;
SC;4208955;JARDINOPOLIS;1.386.448,86;0,00;0;0;0,00;1.386.448,86;;;;
SC;4209003;JOACABA;21.810.334,48;0,00;0;0;0,00;21.810.334,48;;;;
SC;4209102;JOINVILLE;491.804.153,35;0,00;0;0;0,00;491.804.153,35;;;;
SC;4209151;JOSE BOITEUX;6.770.512,52;0,00;0;0;0,00;6.770.512,52;;;;
SC;4209177;JUPIA;1.401.263,99;0,00;0;0;0,00;1.401.263,99;;;;
SC;4209201;LACERDOPOLIS;1.695.097,32;0,00;0;0;0,00;1.695.097,32;;;;
SC;4209300;LAGES;110.503.863,41;0,00;0;0;0,00;110.503.863,41;;;;
SC;4209409;LAGUNA;15.801.874,99;0,00;0;0;0,00;15.801.874,99;;;;
SC;4209458;LAJEADO GRANDE;1.569.168,75;0,00;0;0;0,00;1.569.168,75;;;;
SC;4209508;LAURENTINO;6.195.809,10;0,00;0;0;0,00;6.195.809,10;;;;
SC;4209607;LAURO MULLER;15.012.043,60;0,00;0;0;0,00;15.012.043,60;;;;
SC;4209706;LEBON REGIS;10.433.861,05;0,00;0;0;0,00;10.433.861,05;;;;
SC;4209805;LEOBERTO LEAL;2.516.719,51;0,00;0;0;0,00;2.516.719,51;;;;
SC;4209854;LINDOIA DO SUL;3.196.980,71;0,00;0;0;0,00;3.196.980,71;;;;
SC;4209904;LONTRAS;13.009.841,06;0,00;0;0;0,00;13.009.841,06;;;;
SC;4210001;LUIZ ALVES;12.483.904,09;0,00;0;0;0,00;12.483.904,09;;;;
SC;4210035;LUZERNA;6.263.711,76;0,00;0;0;0,00;6.263.711,76;;;;
SC;4210050;MACIEIRA;1.886.768,01;0,00;0;0;0,00;1.886.768,01;;;;
SC;4210100;MAFRA;40.917.217,14;0,00;0;0;0,00;40.917.217,14;;;;
SC;4210209;MAJOR GERCINO;2.059.919,80;0,00;0;0;0,00;2.059.919,80;;;;
SC;4210308;MAJOR VIEIRA;6.797.673,59;0,00;0;0;0,00;6.797.673,59;;;;
SC;4210407;MARACAJA;9.263.157,46;0,00;0;0;0,00;9.263.157,46;;;;
SC;4210506;MARAVILHA;19.947.332,40;0,00;0;0;0,00;19.947.332,40;;;;
SC;4210555;MAREMA;1.554.970,92;0,00;0;0;0,00;1.554.970,92;;;;
SC;4210605;MASSARANDUBA;15.537.980,57;0,00;0;0;0,00;15.537.980,57;;;;
SC;4210704;MATOS COSTA;2.272.887,23;0,00;0;0;0,00;2.272.887,23;;;;
SC;4210803;MELEIRO;7.304.165,71;0,00;0;0;0,00;7.304.165,71;;;;
SC;4210852;MIRIM DOCE;2.847.899,30;0,00;0;0;0,00;2.847.899,30;;;;
SC;4210902;MODELO;2.963.025,18;0,00;0;0;0,00;2.963.025,18;;;;
SC;4211009;MONDAI;9.524.274,05;0,00;0;0;0,00;9.524.274,05;;;;
SC;4211058;MONTE CARLO;11.824.630,99;0,00;0;0;0,00;11.824.630,99;;;;
SC;4211108;MONTE CASTELO;6.157.228,04;0,00;0;0;0,00;6.157.228,04;;;;
SC;4211207;MORRO DA FUMACA;19.684.363,92;0,00;0;0;0,00;19.684.363,92;;;;
SC;4211256;MORRO GRANDE;2.553.140,02;0,00;0;0;0,00;2.553.140,02;;;;
SC;4211306;NAVEGANTES;124.947.376,55;0,00;0;0;0,00;124.947.376,55;;;;
SC;4211405;NOVA ERECHIM;3.971.071,03;0,00;0;0;0,00;3.971.071,03;;;;
SC;4211454;NOVA ITABERABA;3.149.448,84;0,00;0;0;0,00;3.149.448,84;;;;
SC;4211504;NOVA TRENTO;11.584.811,14;0,00;0;0;0,00;11.584.811,14;;;;
SC;4211603;NOVA VENEZA;11.740.369,96;0,00;0;0;0,00;11.740.369,96;;;;
SC;4211652;NOVO HORIZONTE;1.563.613,08;0,00;0;0;0,00;1.563.613,08;;;;
SC;4211702;ORLEANS;13.753.683,85;0,00;0;0;0,00;13.753.683,85;;;;
SC;4211751;OTACILIO COSTA;18.003.773,08;0,00;0;0;0,00;18.003.773,08;;;;
SC;4211801;OURO;5.044.859,01;0,00;0;0;0,00;5.044.859,01;;;;
SC;4211850;OURO VERDE;1.593.860,62;0,00;0;0;0,00;1.593.860,62;;;;
SC;4211876;PAIAL;1.475.339,62;0,00;0;0;0,00;1.475.339,62;;;;
SC;4211892;PAINEL;1.315.768,37;0,00;0;0;0,00;1.315.768,37;;;;
SC;4211900;PALHOCA;123.889.020,99;0,00;0;0;0,00;123.889.020,99;;;;
SC;4212007;PALMA SOLA;7.039.345,33;0,00;0;0;0,00;7.039.345,33;;;;
SC;4212056;PALMEIRA;2.214.552,67;0,00;0;0;0,00;2.214.552,67;;;;
SC;4212106;PALMITOS;9.655.140,99;0,00;0;0;0,00;9.655.140,99;;;;
SC;4212205;PAPANDUVA;12.155.502,14;0,00;0;0;0,00;12.155.502,14;;;;
SC;4212239;PARAISO;3.352.848,18;0,00;0;0;0,00;3.352.848,18;;;;
SC;4212254;PASSO DE TORRES;15.587.364,32;0,00;0;0;0,00;15.587.364,32;;;;
SC;4212270;PASSOS MAIA;3.509.024,29;0,00;0;0;0,00;3.509.024,29;;;;
SC;4212304;PAULO LOPES;8.403.571,51;0,00;0;0;0,00;8.403.571,51;;;;
SC;4212403;PEDRAS GRANDES;2.510.855,19;0,00;0;0;0,00;2.510.855,19;;;;
SC;4212502;PENHA;38.028.576,25;0,00;0;0;0,00;38.028.576,25;;;;
SC;4212601;PERITIBA;2.436.470,91;0,00;0;0;0,00;2.436.470,91;;;;
SC;4212650;PESCARIA BRAVA;9.285.688,79;0,00;0;0;0,00;9.285.688,79;;;;
SC;4212700;PETROLANDIA;5.291.469,12;0,00;0;0;0,00;5.291.469,12;;;;
SC;4212908;PINHALZINHO;16.692.325,79;0,00;0;0;0,00;16.692.325,79;;;;
SC;4213005;PINHEIRO PRETO;2.971.667,33;0,00;0;0;0,00;2.971.667,33;;;;
SC;4213104;PIRATUBA;6.904.157,31;0,00;0;0;0,00;6.904.157,31;;;;
SC;4213153;PLANALTO ALEGRE;2.254.985,62;0,00;0;0;0,00;2.254.985,62;;;;
SC;4213203;POMERODE;35.503.214,58;0,00;0;0;0,00;35.503.214,58;;;;
SC;4213302;PONTE ALTA;3.749.461,44;0,00;0;0;0,00;3.749.461,44;;;;
SC;4213351;PONTE ALTA DO NORTE;3.158.091,00;0,00;0;0;0,00;3.158.091,00;;;;
SC;4213401;PONTE SERRADA;8.991.546,81;0,00;0;0;0,00;8.991.546,81;;;;
SC;4213500;PORTO BELO;30.436.750,18;0,00;0;0;0,00;30.436.750,18;;;;
SC;4213609;PORTO UNIAO;15.473.781,68;0,00;0;0;0,00;15.473.781,68;;;;
SC;4213708;POUSO REDONDO;11.880.805,01;0,00;0;0;0,00;11.880.805,01;;;;
SC;4213807;PRAIA GRANDE;6.956.318,90;0,00;0;0;0,00;6.956.318,90;;;;
SC;4213906;PRESIDENTE CASTELLO BRANCO;1.523.488,78;0,00;0;0;0,00;1.523.488,78;;;;
SC;4214003;PRESIDENTE GETULIO;16.637.386,37;0,00;0;0;0,00;16.637.386,37;;;;
SC;4214102;PRESIDENTE NEREU;1.785.222,67;0,00;0;0;0,00;1.785.222,67;;;;
SC;4214151;PRINCESA;2.640.796,19;0,00;0;0;0,00;2.640.796,19;;;;
SC;4214201;QUILOMBO;7.631.641,72;0,00;0;0;0,00;7.631.641,72;;;;
SC;4214300;RANCHO QUEIMADO;2.374.741,22;0,00;0;0;0,00;2.374.741,22;;;;
SC;4214409;RIO DAS ANTAS;8.687.836,74;0,00;0;0;0,00;8.687.836,74;;;;
SC;4214508;RIO DO CAMPO;4.531.885,28;0,00;0;0;0,00;4.531.885,28;;;;
SC;4214607;RIO DO OESTE;5.758.762,89;0,00;0;0;0,00;5.758.762,89;;;;
SC;4214805;RIO DO SUL;50.007.222,82;0,00;0;0;0,00;50.007.222,82;;;;
SC;4214706;RIO DOS CEDROS;10.856.709,44;0,00;0;0;0,00;10.856.709,44;;;;
SC;4214904;RIO FORTUNA;4.193.297,92;0,00;0;0;0,00;4.193.297,92;;;;
SC;4215000;RIO NEGRINHO;43.429.924,23;0,00;0;0;0,00;43.429.924,23;;;;
SC;4215059;RIO RUFINO;2.261.158,59;0,00;0;0;0,00;2.261.158,59;;;;
SC;4215075;RIQUEZA;3.419.516,24;0,00;0;0;0,00;3.419.516,24;;;;
SC;4215109;RODEIO;10.573.061,51;0,00;0;0;0,00;10.573.061,51;;;;
SC;4215208;ROMELANDIA;1.976.584,71;0,00;0;0;0,00;1.976.584,71;;;;
SC;4215307;SALETE;6.861.255,17;0,00;0;0;0,00;6.861.255,17;;;;
SC;4215356;SALTINHO;2.866.418,21;0,00;0;0;0,00;2.866.418,21;;;;
SC;4215406;SALTO VELOSO;5.798.269,90;0,00;0;0;0,00;5.798.269,90;;;;
SC;4215455;SANGAO;6.850.143,83;0,00;0;0;0,00;6.850.143,83;;;;
SC;4215505;SANTA CECILIA;13.638.249,32;0,00;0;0;0,00;13.638.249,32;;;;
SC;4215554;SANTA HELENA;1.785.222,67;0,00;0;0;0,00;1.785.222,67;;;;
SC;4215604;SANTA ROSA DE LIMA;2.115.476,52;0,00;0;0;0,00;2.115.476,52;;;;
SC;4215653;SANTA ROSA DO SUL;10.052.371,56;0,00;0;0;0,00;10.052.371,56;;;;
SC;4215679;SANTA TEREZINHA;5.919.260,09;0,00;0;0;0,00;5.919.260,09;;;;
SC;4215687;SANTA TEREZINHA DO PROGRESSO;1.961.460,93;0,00;0;0;0,00;1.961.460,93;;;;
SC;4215695;SANTIAGO DO SUL;1.358.053,21;0,00;0;0;0,00;1.358.053,21;;;;
SC;4215703;SANTO AMARO DA IMPERATRIZ;24.321.189,67;0,00;0;0;0,00;24.321.189,67;;;;
SC;4215802;SAO BENTO DO SUL;77.024.456,76;0,00;0;0;0,00;77.024.456,76;;;;
SC;4215752;SAO BERNARDINO;2.380.296,89;0,00;0;0;0,00;2.380.296,89;;;;
SC;4215901;SAO BONIFACIO;1.607.749,81;0,00;0;0;0,00;1.607.749,81;;;;
SC;4216008;SAO CARLOS;6.929.775,13;0,00;0;0;0,00;6.929.775,13;;;;
SC;4216057;SAO CRISTOVAO DO SUL;4.530.342,04;0,00;0;0;0,00;4.530.342,04;;;;
SC;4216107;SAO DOMINGOS;5.811.850,42;0,00;0;0;0,00;5.811.850,42;;;;
SC;4216206;SAO FRANCISCO DO SUL;46.226.896,54;0,00;0;0;0,00;46.226.896,54;;;;
SC;4216305;SAO JOAO BATISTA;29.881.800,26;0,00;0;0;0,00;29.881.800,26;;;;
SC;4216354;SAO JOAO DO ITAPERIU;4.530.033,39;0,00;0;0;0,00;4.530.033,39;;;;
SC;4216255;SAO JOAO DO OESTE;3.387.725,45;0,00;0;0;0,00;3.387.725,45;;;;
SC;4216404;SAO JOAO DO SUL;9.205.131,55;0,00;0;0;0,00;9.205.131,55;;;;
SC;4216503;SAO JOAQUIM;18.492.363,58;0,00;0;0;0,00;18.492.363,58;;;;
SC;4216602;SAO JOSE;161.695.061,70;0,00;0;0;0,00;161.695.061,70;;;;
SC;4216701;SAO JOSE DO CEDRO;11.414.128,55;0,00;0;0;0,00;11.414.128,55;;;;
SC;4216800;SAO JOSE DO CERRITO;4.005.639,66;0,00;0;0;0,00;4.005.639,66;;;;
SC;4216909;SAO LOURENCO DO OESTE;28.846.901,98;0,00;0;0;0,00;28.846.901,98;;;;
SC;4217006;SAO LUDGERO;11.886.669,33;0,00;0;0;0,00;11.886.669,33;;;;
SC;4217105;SAO MARTINHO;2.348.814,75;0,00;0;0;0,00;2.348.814,75;;;;
SC;4217154;SAO MIGUEL DA BOA VISTA;1.287.064,06;0,00;0;0;0,00;1.287.064,06;;;;
SC;4217204;SAO MIGUEL DO OESTE;31.114.233,54;0,00;0;0;0,00;31.114.233,54;;;;
SC;4217253;SAO PEDRO DE ALCANTARA;4.241.138,43;0,00;0;0;0,00;4.241.138,43;;;;
SC;4217303;SAUDADES;8.063.132,26;0,00;0;0;0,00;8.063.132,26;;;;
SC;4217402;SCHROEDER;18.409.954,45;0,00;0;0;0,00;18.409.954,45;;;;
SC;4217501;SEARA;12.926.505,98;0,00;0;0;0,00;12.926.505,98;;;;
SC;4217550;SERRA ALTA;2.656.228,61;0,00;0;0;0,00;2.656.228,61;;;;
SC;4217600;SIDEROPOLIS;8.924.570,10;0,00;0;0;0,00;8.924.570,10;;;;
SC;4217709;SOMBRIO;30.118.533,62;0,00;0;0;0,00;30.118.533,62;;;;
SC;4217758;SUL BRASIL;2.238.009,96;0,00;0;0;0,00;2.238.009,96;;;;
SC;4217808;TAIO;17.461.786,39;0,00;0;0;0,00;17.461.786,39;;;;
SC;4217907;TANGARA;7.516.207,20;0,00;0;0;0,00;7.516.207,20;;;;
SC;4217956;TIGRINHOS;2.251.281,83;0,00;0;0;0,00;2.251.281,83;;;;
SC;4218004;TIJUCAS;42.687.316,04;0,00;0;0;0,00;42.687.316,04;;;;
SC;4218103;TIMBE DO SUL;3.861.809,48;0,00;0;0;0,00;3.861.809,48;;;;
SC;4218202;TIMBO;32.860.566,51;0,00;0;0;0,00;32.860.566,51;;;;
SC;4218251;TIMBO GRANDE;8.605.118,94;0,00;0;0;0,00;8.605.118,94;;;;
SC;4218301;TRES BARRAS;21.534.402,77;0,00;0;0;0,00;21.534.402,77;;;;
SC;4218350;TREVISO;2.746.353,96;0,00;0;0;0,00;2.746.353,96;;;;
SC;4218400;TREZE DE MAIO;6.339.330,64;0,00;0;0;0,00;6.339.330,64;;;;
SC;4218509;TREZE TILIAS;11.133.567,10;0,00;0;0;0,00;11.133.567,10;;;;
SC;4218608;TROMBUDO CENTRAL;6.266.489,60;0,00;0;0;0,00;6.266.489,60;;;;
SC;4218707;TUBARAO;48.587.131,27;0,00;0;0;0,00;48.587.131,27;;;;
SC;4218756;TUNAPOLIS;3.067.348,35;0,00;0;0;0,00;3.067.348,35;;;;
SC;4218806;TURVO;8.998.337,08;0,00;0;0;0,00;8.998.337,08;;;;
SC;4218855;UNIAO DO OESTE;2.144.489,48;0,00;0;0;0,00;2.144.489,48;;;;
SC;4218905;URUBICI;9.119.635,92;0,00;0;0;0,00;9.119.635,92;;;;
SC;4218954;URUPEMA;1.519.476,35;0,00;0;0;0,00;1.519.476,35;;;;
SC;4219002;URUSSANGA;12.582.671,60;0,00;0;0;0,00;12.582.671,60;;;;
SC;4219101;VARGEAO;3.686.805,80;0,00;0;0;0,00;3.686.805,80;;;;
SC;4219150;VARGEM;1.985.844,16;0,00;0;0;0,00;1.985.844,16;;;;
SC;4219176;VARGEM BONITA;3.182.165,58;0,00;0;0;0,00;3.182.165,58;;;;
SC;4219200;VIDAL RAMOS;4.769.235,94;0,00;0;0;0,00;4.769.235,94;;;;
SC;4219309;VIDEIRA;47.680.013,46;0,00;0;0;0,00;47.680.013,46;;;;
SC;4219358;VITOR MEIRELES;4.136.815,25;0,00;0;0;0,00;4.136.815,25;;;;
SC;4219408;WITMARSUM;3.045.742,96;0,00;0;0;0,00;3.045.742,96;;;;
SC;4219507;XANXERE;29.909.269,97;0,00;0;0;0,00;29.909.269,97;;;;
SC;4219606;XAVANTINA;2.029.672,24;0,00;0;0;0,00;2.029.672,24;;;;
SC;4219705;XAXIM;32.436.174,88;0,00;0;0;0,00;32.436.174,88;;;;
SC;4219853;ZORTEA;5.606.290,55;0,00;0;0;0,00;5.606.290,55;;;;
SE;2800100;AMPARO DE SAO FRANCISCO;4.065.386,60;0,00;0;0;0,00;4.065.386,60;;;;
SE;2800209;AQUIDABA;27.190.478,09;0,00;0;0;0,00;27.190.478,09;;;;
SE;2800308;ARACAJU;205.560.414,96;0,00;0;0;0,00;205.560.414,96;;;;
SE;2800407;ARAUA;14.059.980,38;0,00;0;0;0,00;14.059.980,38;;;;
SE;2800506;AREIA BRANCA;24.785.900,70;0,00;0;0;0,00;24.785.900,70;;;;
SE;2800605;BARRA DOS COQUEIROS;28.188.845,04;0,00;0;0;0,00;28.188.845,04;;;;
SE;2800670;BOQUIM;23.799.975,41;0,00;0;0;0,00;23.799.975,41;;;;
SE;2800704;BREJO GRANDE;12.345.156,19;0,00;0;0;0,00;12.345.156,19;;;;
SE;2801009;CAMPO DO BRITO;13.917.963,44;0,00;0;0;0,00;13.917.963,44;;;;
SE;2801108;CANHOBA;5.969.870,15;0,00;0;0;0,00;5.969.870,15;;;;
SE;2801207;CANINDE DE SAO FRANCISCO;44.429.149,56;0,00;0;0;0,00;44.429.149,56;;;;
SE;2801306;CAPELA;41.301.438,91;0,00;0;0;0,00;41.301.438,91;;;;
SE;2801405;CARIRA;25.780.929,64;0,00;0;0;0,00;25.780.929,64;;;;
SE;2801504;CARMOPOLIS;16.849.945,62;0,00;0;0;0,00;16.849.945,62;;;;
SE;2801603;CEDRO DE SAO JOAO;6.699.679,42;0,00;0;0;0,00;6.699.679,42;;;;
SE;2801702;CRISTINAPOLIS;26.730.743,78;0,00;0;0;0,00;26.730.743,78;;;;
SE;2801900;CUMBE;3.250.003,02;0,00;0;0;0,00;3.250.003,02;;;;
SE;2802007;DIVINA PASTORA;8.491.884,63;0,00;0;0;0,00;8.491.884,63;;;;
SE;2802106;ESTANCIA;63.740.418,66;0,00;0;0;0,00;63.740.418,66;;;;
SE;2802205;FEIRA NOVA;5.444.893,01;0,00;0;0;0,00;5.444.893,01;;;;
SE;2802304;FREI PAULO;14.550.060,20;0,00;0;0;0,00;14.550.060,20;;;;
SE;2802403;GARARU;10.691.023,00;0,00;0;0;0,00;10.691.023,00;;;;
SE;2802502;GENERAL MAYNARD;3.251.823,75;0,00;0;0;0,00;3.251.823,75;;;;
SE;2802601;GRACHO CARDOSO;5.935.276,29;0,00;0;0;0,00;5.935.276,29;;;;
SE;2802700;ILHA DAS FLORES;16.933.092,29;0,00;0;0;0,00;16.933.092,29;;;;
SE;2802809;INDIAROBA;24.648.435,58;0,00;0;0;0,00;24.648.435,58;;;;
SE;2802908;ITABAIANA;70.333.585,38;0,00;0;0;0,00;70.333.585,38;;;;
SE;2803005;ITABAIANINHA;53.223.882,29;0,00;0;0;0,00;53.223.882,29;;;;
SE;2803104;ITABI;5.041.904,77;0,00;0;0;0,00;5.041.904,77;;;;
SE;2803203;ITAPORANGA DAJUDA;39.974.126,75;0,00;0;0;0,00;39.974.126,75;;;;
SE;2803302;JAPARATUBA;20.469.556,82;0,00;0;0;0,00;20.469.556,82;;;;
SE;2803401;JAPOATA;19.915.144,54;0,00;0;0;0,00;19.915.144,54;;;;
SE;2803500;LAGARTO;92.815.655,74;0,00;0;0;0,00;92.815.655,74;;;;
SE;2803609;LARANJEIRAS;30.962.120,25;0,00;0;0;0,00;30.962.120,25;;;;
SE;2803708;MACAMBIRA;7.450.730,54;0,00;0;0;0,00;7.450.730,54;;;;
SE;2803807;MALHADA DOS BOIS;6.732.149,11;0,00;0;0;0,00;6.732.149,11;;;;
SE;2803906;MALHADOR;13.267.052,47;0,00;0;0;0,00;13.267.052,47;;;;
SE;2804003;MARUIM;18.982.323,88;0,00;0;0;0,00;18.982.323,88;;;;
SE;2804102;MOITA BONITA;11.211.144,87;0,00;0;0;0,00;11.211.144,87;;;;
SE;2804201;MONTE ALEGRE DE SERGIPE;13.805.988,54;0,00;0;0;0,00;13.805.988,54;;;;
SE;2804300;MURIBECA;9.250.825,58;0,00;0;0;0,00;9.250.825,58;;;;
SE;2804409;NEOPOLIS;16.698.825,03;0,00;0;0;0,00;16.698.825,03;;;;
SE;2804458;NOSSA SENHORA APARECIDA;7.385.487,72;0,00;0;0;0,00;7.385.487,72;;;;
SE;2804508;NOSSA SENHORA DA GLORIA;43.186.197,90;0,00;0;0;0,00;43.186.197,90;;;;
SE;2804607;NOSSA SENHORA DAS DORES;28.447.692,15;0,00;0;0;0,00;28.447.692,15;;;;
SE;2804706;NOSSA SENHORA DE LOURDES;5.312.283,18;0,00;0;0;0,00;5.312.283,18;;;;
SE;2804805;NOSSA SENHORA DO SOCORRO;111.566.443,46;0,00;0;0;0,00;111.566.443,46;;;;
SE;2804904;PACATUBA;19.331.600,58;0,00;0;0;0,00;19.331.600,58;;;;
SE;2805000;PEDRA MOLE;3.822.926,05;0,00;0;0;0,00;3.822.926,05;;;;
SE;2805109;PEDRINHAS;12.779.703,74;0,00;0;0;0,00;12.779.703,74;;;;
SE;2805208;PINHAO;6.750.659,86;0,00;0;0;0,00;6.750.659,86;;;;
SE;2805307;PIRAMBU;11.942.774,86;0,00;0;0;0,00;11.942.774,86;;;;
SE;2805406;POCO REDONDO;38.375.222,37;0,00;0;0;0,00;38.375.222,37;;;;
SE;2805505;POCO VERDE;16.609.912,72;0,00;0;0;0,00;16.609.912,72;;;;
SE;2805604;PORTO DA FOLHA;29.594.145,13;0,00;0;0;0,00;29.594.145,13;;;;
SE;2805703;PROPRIA;13.150.525,75;0,00;0;0;0,00;13.150.525,75;;;;
SE;2805802;RIACHAO DO DANTAS;23.604.550,40;0,00;0;0;0,00;23.604.550,40;;;;
SE;2805901;RIACHUELO;12.793.662,67;0,00;0;0;0,00;12.793.662,67;;;;
SE;2806008;RIBEIROPOLIS;11.551.014,46;0,00;0;0;0,00;11.551.014,46;;;;
SE;2806107;ROSARIO DO CATETE;14.389.532,50;0,00;0;0;0,00;14.389.532,50;;;;
SE;2806206;SALGADO;15.855.827,05;0,00;0;0;0,00;15.855.827,05;;;;
SE;2806305;SANTA LUZIA DO ITANHY;27.283.942,23;0,00;0;0;0,00;27.283.942,23;;;;
SE;2806503;SANTA ROSA DE LIMA;6.259.366,22;0,00;0;0;0,00;6.259.366,22;;;;
SE;2806404;SANTANA DO SAO FRANCISCO;10.065.905,71;0,00;0;0;0,00;10.065.905,71;;;;
SE;2806602;SANTO AMARO DAS BROTAS;11.476.061,07;0,00;0;0;0,00;11.476.061,07;;;;
SE;2806701;SAO CRISTOVAO;54.237.421,98;0,00;0;0;0,00;54.237.421,98;;;;
SE;2806800;SAO DOMINGOS;11.198.399,75;0,00;0;0;0,00;11.198.399,75;;;;
SE;2806909;SAO FRANCISCO;4.795.195,86;0,00;0;0;0,00;4.795.195,86;;;;
SE;2807006;SAO MIGUEL DO ALEIXO;4.080.559,34;0,00;0;0;0,00;4.080.559,34;;;;
SE;2807105;SIMAO DIAS;34.891.862,46;0,00;0;0;0,00;34.891.862,46;;;;
SE;2807204;SIRIRI;9.692.352,60;0,00;0;0;0,00;9.692.352,60;;;;
SE;2807303;TELHA;3.742.207,02;0,00;0;0;0,00;3.742.207,02;;;;
SE;2807402;TOBIAS BARRETO;48.327.939,36;0,00;0;0;0,00;48.327.939,36;;;;
SE;2807501;TOMAR DO GERU;14.745.181,76;0,00;0;0;0,00;14.745.181,76;;;;
SE;2807600;UMBAUBA;27.362.537,08;0,00;0;0;0,00;27.362.537,08;;;;
SP;3500105;ADAMANTINA;15.585.810,94;0,00;0;0;0,00;15.585.810,94;;;;
SP;3500204;ADOLFO;3.833.231,06;0,00;0;0;0,00;3.833.231,06;;;;
SP;3500303;AGUAI;24.830.645,25;0,00;0;0;0,00;24.830.645,25;;;;
SP;3500402;AGUAS DA PRATA;4.345.948,84;0,00;0;0;0,00;4.345.948,84;;;;
SP;3500501;AGUAS DE LINDOIA;15.489.170,00;0,00;0;0;0,00;15.489.170,00;;;;
SP;3500550;AGUAS DE SANTA BARBARA;5.492.909,00;0,00;0;0;0,00;5.492.909,00;;;;
SP;3500600;AGUAS DE SAO PEDRO;5.168.264,87;0,00;0;0;0,00;5.168.264,87;;;;
SP;3500709;AGUDOS;26.226.152,02;0,00;0;0;0,00;26.226.152,02;;;;
SP;3500758;ALAMBARI;4.372.568,50;0,00;0;0;0,00;4.372.568,50;;;;
SP;3500808;ALFREDO MARCONDES;1.709.445,13;0,00;0;0;0,00;1.709.445,13;;;;
SP;3500907;ALTAIR;2.432.226,74;0,00;0;0;0,00;2.432.226,74;;;;
SP;3501004;ALTINOPOLIS;14.670.904,79;0,00;0;0;0,00;14.670.904,79;;;;
SP;3501103;ALTO ALEGRE;2.043.348,26;0,00;0;0;0,00;2.043.348,26;;;;
SP;3501152;ALUMINIO;17.599.935,43;0,00;0;0;0,00;17.599.935,43;;;;
SP;3501202;ALVARES FLORENCE;2.729.961,89;0,00;0;0;0,00;2.729.961,89;;;;
SP;3501301;ALVARES MACHADO;20.928.260,99;0,00;0;0;0,00;20.928.260,99;;;;
SP;3501400;ALVARO DE CARVALHO;2.250.518,66;0,00;0;0;0,00;2.250.518,66;;;;
SP;3501509;ALVINLANDIA;2.805.480,71;0,00;0;0;0,00;2.805.480,71;;;;
SP;3501608;AMERICANA;90.863.894,76;0,00;0;0;0,00;90.863.894,76;;;;
SP;3501707;AMERICO BRASILIENSE;32.804.680,16;0,00;0;0;0,00;32.804.680,16;;;;
SP;3501806;AMERICO DE CAMPOS;5.736.536,76;0,00;0;0;0,00;5.736.536,76;;;;
SP;3501905;AMPARO;32.200.240,30;0,00;0;0;0,00;32.200.240,30;;;;
SP;3502002;ANALANDIA;4.899.174,80;0,00;0;0;0,00;4.899.174,80;;;;
SP;3502101;ANDRADINA;30.390.392,72;0,00;0;0;0,00;30.390.392,72;;;;
SP;3502200;ANGATUBA;23.382.767,24;0,00;0;0;0,00;23.382.767,24;;;;
SP;3502309;ANHEMBI;7.331.980,29;0,00;0;0;0,00;7.331.980,29;;;;
SP;3502408;ANHUMAS;2.764.972,53;0,00;0;0;0,00;2.764.972,53;;;;
SP;3502507;APARECIDA;31.821.488,83;0,00;0;0;0,00;31.821.488,83;;;;
SP;3502606;APARECIDA DOESTE;2.498.775,89;0,00;0;0;0,00;2.498.775,89;;;;
SP;3502705;APIAI;14.779.698,22;0,00;0;0;0,00;14.779.698,22;;;;
SP;3502754;ARACARIGUAMA;27.337.812,18;0,00;0;0;0,00;27.337.812,18;;;;
SP;3502804;ARACATUBA;114.815.223,20;0,00;0;0;0,00;114.815.223,20;;;;
SP;3502903;ARACOIABA DA SERRA;34.147.815,64;0,00;0;0;0,00;34.147.815,64;;;;
SP;3503000;ARAMINA;3.540.414,76;0,00;0;0;0,00;3.540.414,76;;;;
SP;3503109;ARANDU;4.803.112,56;0,00;0;0;0,00;4.803.112,56;;;;
SP;3503158;ARAPEI;2.285.239,92;0,00;0;0;0,00;2.285.239,92;;;;
SP;3503208;ARARAQUARA;119.311.341,67;0,00;0;0;0,00;119.311.341,67;;;;
SP;3503307;ARARAS;92.437.637,48;0,00;0;0;0,00;92.437.637,48;;;;
SP;3503356;ARCO-IRIS;1.413.156,75;0,00;0;0;0,00;1.413.156,75;;;;
SP;3503406;AREALVA;4.663.070,00;0,00;0;0;0,00;4.663.070,00;;;;
SP;3503505;AREIAS;3.405.580,43;0,00;0;0;0,00;3.405.580,43;;;;
SP;3503604;AREIOPOLIS;11.062.204,80;0,00;0;0;0,00;11.062.204,80;;;;
SP;3503703;ARIRANHA;4.958.779,74;0,00;0;0;0,00;4.958.779,74;;;;
SP;3503802;ARTUR NOGUEIRA;33.981.732,12;0,00;0;0;0,00;33.981.732,12;;;;
SP;3503901;ARUJA;60.359.789,76;0,00;0;0;0,00;60.359.789,76;;;;
SP;3503950;ASPASIA;866.875,00;0,00;0;0;0,00;866.875,00;;;;
SP;3504008;ASSIS;65.347.214,57;0,00;0;0;0,00;65.347.214,57;;;;
SP;3504107;ATIBAIA;105.720.558,52;0,00;0;0;0,00;105.720.558,52;;;;
SP;3504206;AURIFLAMA;6.636.396,98;0,00;0;0;0,00;6.636.396,98;;;;
SP;3504305;AVAI;2.565.903,73;0,00;0;0;0,00;2.565.903,73;;;;
SP;3504404;AVANHANDAVA;8.280.450,36;0,00;0;0;0,00;8.280.450,36;;;;
SP;3504503;AVARE;51.925.408,37;0,00;0;0;0,00;51.925.408,37;;;;
SP;3504602;BADY BASSITT;21.825.227,78;0,00;0;0;0,00;21.825.227,78;;;;
SP;3504701;BALBINOS;1.037.588,04;0,00;0;0;0,00;1.037.588,04;;;;
SP;3504800;BALSAMO;5.788.039,98;0,00;0;0;0,00;5.788.039,98;;;;
SP;3504909;BANANAL;8.543.174,81;0,00;0;0;0,00;8.543.174,81;;;;
SP;3505005;BARAO DE ANTONINA;2.189.177,68;0,00;0;0;0,00;2.189.177,68;;;;
SP;3505104;BARBOSA;4.935.632,16;0,00;0;0;0,00;4.935.632,16;;;;
SP;3505203;BARIRI;24.193.798,86;0,00;0;0;0,00;24.193.798,86;;;;
SP;3505302;BARRA BONITA;15.428.407,72;0,00;0;0;0,00;15.428.407,72;;;;
SP;3505351;BARRA DO CHAPEU;4.593.916,75;0,00;0;0;0,00;4.593.916,75;;;;
SP;3505401;BARRA DO TURVO;4.302.836,59;0,00;0;0;0,00;4.302.836,59;;;;
SP;3505500;BARRETOS;88.695.839,19;0,00;0;0;0,00;88.695.839,19;;;;
SP;3505609;BARRINHA;36.339.886,75;0,00;0;0;0,00;36.339.886,75;;;;
SP;3505708;BARUERI;442.557.056,20;0,00;0;0;0,00;442.557.056,20;;;;
SP;3505807;BASTOS;8.807.635,36;0,00;0;0;0,00;8.807.635,36;;;;
SP;3505906;BATATAIS;29.380.003,04;0,00;0;0;0,00;29.380.003,04;;;;
SP;3506003;BAURU;148.774.965,14;0,00;0;0;0,00;148.774.965,14;;;;
SP;3506102;BEBEDOURO;45.700.169,38;0,00;0;0;0,00;45.700.169,38;;;;
SP;3506201;BENTO DE ABREU;1.942.077,79;0,00;0;0;0,00;1.942.077,79;;;;
SP;3506300;BERNARDINO DE CAMPOS;6.928.055,89;0,00;0;0;0,00;6.928.055,89;;;;
SP;3506359;BERTIOGA;57.427.865,69;0,00;0;0;0,00;57.427.865,69;;;;
SP;3506409;BILAC;5.034.587,88;0,00;0;0;0,00;5.034.587,88;;;;
SP;3506508;BIRIGUI;67.484.310,33;0,00;0;0;0,00;67.484.310,33;;;;
SP;3506607;BIRITIBA MIRIM;17.974.057,42;0,00;0;0;0,00;17.974.057,42;;;;
SP;3506706;BOA ESPERANCA DO SUL;13.997.311,67;0,00;0;0;0,00;13.997.311,67;;;;
SP;3506805;BOCAINA;7.147.957,42;0,00;0;0;0,00;7.147.957,42;;;;
SP;3506904;BOFETE;9.993.946,26;0,00;0;0;0,00;9.993.946,26;;;;
SP;3507001;BOITUVA;59.409.294,33;0,00;0;0;0,00;59.409.294,33;;;;
SP;3507100;BOM JESUS DOS PERDOES;17.683.266,53;0,00;0;0;0,00;17.683.266,53;;;;
SP;3507159;BOM SUCESSO DE ITARARE;3.316.462,45;0,00;0;0;0,00;3.316.462,45;;;;
SP;3507209;BORA;785.279,98;0,00;0;0;0,00;785.279,98;;;;
SP;3507308;BORACEIA;4.210.535,81;0,00;0;0;0,00;4.210.535,81;;;;
SP;3507407;BORBOREMA;5.931.554,67;0,00;0;0;0,00;5.931.554,67;;;;
SP;3507456;BOREBI;4.153.245,66;0,00;0;0;0,00;4.153.245,66;;;;
SP;3507506;BOTUCATU;105.143.316,95;0,00;0;0;0,00;105.143.316,95;;;;
SP;3507605;BRAGANCA PAULISTA;102.976.708,10;0,00;0;0;0,00;102.976.708,10;;;;
SP;3507704;BRAUNA;4.437.960,30;0,00;0;0;0,00;4.437.960,30;;;;
SP;3507753;BREJO ALEGRE;2.450.166,10;0,00;0;0;0,00;2.450.166,10;;;;
SP;3507803;BRODOWSKY;21.717.013,10;0,00;0;0;0,00;21.717.013,10;;;;
SP;3507902;BROTAS;16.660.435,04;0,00;0;0;0,00;16.660.435,04;;;;
SP;3508009;BURI;26.786.032,93;0,00;0;0;0,00;26.786.032,93;;;;
SP;3508108;BURITAMA;10.043.713,45;0,00;0;0;0,00;10.043.713,45;;;;
SP;3508207;BURITIZAL;4.379.512,76;0,00;0;0;0,00;4.379.512,76;;;;
SP;3508306;CABRALIA PAULISTA;2.842.516,77;0,00;0;0;0,00;2.842.516,77;;;;
SP;3508405;CABREUVA;40.012.242,46;0,00;0;0;0,00;40.012.242,46;;;;
SP;3508504;CACAPAVA;57.930.745,77;0,00;0;0;0,00;57.930.745,77;;;;
SP;3508603;CACHOEIRA PAULISTA;17.560.295,31;0,00;0;0;0,00;17.560.295,31;;;;
SP;3508702;CACONDE;9.016.252,48;0,00;0;0;0,00;9.016.252,48;;;;
SP;3508801;CAFELANDIA;10.275.767,47;0,00;0;0;0,00;10.275.767,47;;;;
SP;3508900;CAIABU;1.534.102,56;0,00;0;0;0,00;1.534.102,56;;;;
SP;3509007;CAIEIRAS;62.752.376,39;0,00;0;0;0,00;62.752.376,39;;;;
SP;3509106;CAIUA;2.342.819,44;0,00;0;0;0,00;2.342.819,44;;;;
SP;3509205;CAJAMAR;101.361.299,80;0,00;0;0;0,00;101.361.299,80;;;;
SP;3509254;CAJATI;22.885.384,70;0,00;0;0;0,00;22.885.384,70;;;;
SP;3509304;CAJOBI;8.849.300,89;0,00;0;0;0,00;8.849.300,89;;;;
SP;3509403;CAJURU;17.206.716,79;0,00;0;0;0,00;17.206.716,79;;;;
SP;3509452;CAMPINA DO MONTE ALEGRE;6.366.728,26;0,00;0;0;0,00;6.366.728,26;;;;
SP;3509502;CAMPINAS;431.352.494,06;0,00;0;0;0,00;431.352.494,06;;;;
SP;3509601;CAMPO LIMPO PAULISTA;68.715.180,24;0,00;0;0;0,00;68.715.180,24;;;;
SP;3509700;CAMPOS DO JORDAO;52.103.933,70;0,00;0;0;0,00;52.103.933,70;;;;
SP;3509809;CAMPOS NOVOS PAULISTA;3.714.021,24;0,00;0;0;0,00;3.714.021,24;;;;
SP;3509908;CANANEIA;8.083.696,30;0,00;0;0;0,00;8.083.696,30;;;;
SP;3509957;CANAS;5.582.026,98;0,00;0;0;0,00;5.582.026,98;;;;
SP;3510005;CANDIDO MOTA;13.060.994,04;0,00;0;0;0,00;13.060.994,04;;;;
SP;3510104;CANDIDO RODRIGUES;2.690.321,72;0,00;0;0;0,00;2.690.321,72;;;;
SP;3510153;CANITAR;6.959.305,02;0,00;0;0;0,00;6.959.305,02;;;;
SP;3510203;CAPAO BONITO;44.647.535,47;0,00;0;0;0,00;44.647.535,47;;;;
SP;3510302;CAPELA DO ALTO;23.653.303,98;0,00;0;0;0,00;23.653.303,98;;;;
SP;3510401;CAPIVARI;42.712.401,89;0,00;0;0;0,00;42.712.401,89;;;;
SP;3510500;CARAGUATATUBA;134.910.173,11;0,00;0;0;0,00;134.910.173,11;;;;
SP;3510609;CARAPICUIBA;114.079.131,76;0,00;0;0;0,00;114.079.131,76;;;;
SP;3510708;CARDOSO;8.443.061,74;0,00;0;0;0,00;8.443.061,74;;;;
SP;3510807;CASA BRANCA;17.650.570,68;0,00;0;0;0,00;17.650.570,68;;;;
SP;3510906;CASSIA DOS COQUEIROS;2.991.239,63;0,00;0;0;0,00;2.991.239,63;;;;
SP;3511003;CASTILHO;15.324.243,88;0,00;0;0;0,00;15.324.243,88;;;;
SP;3511102;CATANDUVA;68.480.811,49;0,00;0;0;0,00;68.480.811,49;;;;
SP;3511201;CATIGUA;4.194.332,54;0,00;0;0;0,00;4.194.332,54;;;;
SP;3511300;CEDRAL;12.050.025,65;0,00;0;0;0,00;12.050.025,65;;;;
SP;3511409;CERQUEIRA CESAR;14.253.091,86;0,00;0;0;0,00;14.253.091,86;;;;
SP;3511508;CERQUILHO;40.865.807,63;0,00;0;0;0,00;40.865.807,63;;;;
SP;3511607;CESARIO LANGE;22.426.195,57;0,00;0;0;0,00;22.426.195,57;;;;
SP;3511706;CHARQUEADA;13.239.808,74;0,00;0;0;0,00;13.239.808,74;;;;
SP;3557204;CHAVANTES;9.388.059,68;0,00;0;0;0,00;9.388.059,68;;;;
SP;3511904;CLEMENTINA;6.312.331,55;0,00;0;0;0,00;6.312.331,55;;;;
SP;3512001;COLINA;18.262.822,83;0,00;0;0;0,00;18.262.822,83;;;;
SP;3512100;COLOMBIA;9.606.803,82;0,00;0;0;0,00;9.606.803,82;;;;
SP;3512209;CONCHAL;22.614.558,59;0,00;0;0;0,00;22.614.558,59;;;;
SP;3512308;CONCHAS;15.690.553,53;0,00;0;0;0,00;15.690.553,53;;;;
SP;3512407;CORDEIROPOLIS;22.229.730,88;0,00;0;0;0,00;22.229.730,88;;;;
SP;3512506;COROADOS;3.784.621,22;0,00;0;0;0,00;3.784.621,22;;;;
SP;3512605;CORONEL MACEDO;2.569.954,56;0,00;0;0;0,00;2.569.954,56;;;;
SP;3512704;CORUMBATAI;4.884.707,63;0,00;0;0;0,00;4.884.707,63;;;;
SP;3512803;COSMOPOLIS;54.199.653,25;0,00;0;0;0,00;54.199.653,25;;;;
SP;3512902;COSMORAMA;7.633.476,84;0,00;0;0;0,00;7.633.476,84;;;;
SP;3513009;COTIA;194.233.821,55;0,00;0;0;0,00;194.233.821,55;;;;
SP;3513108;CRAVINHOS;24.929.890,30;0,00;0;0;0,00;24.929.890,30;;;;
SP;3513207;CRISTAIS PAULISTA;9.990.474,13;0,00;0;0;0,00;9.990.474,13;;;;
SP;3513306;CRUZALIA;1.396.953,49;0,00;0;0;0,00;1.396.953,49;;;;
SP;3513405;CRUZEIRO;42.821.773,95;0,00;0;0;0,00;42.821.773,95;;;;
SP;3513504;CUBATAO;92.483.064,51;0,00;0;0;0,00;92.483.064,51;;;;
SP;3513603;CUNHA;10.307.016,60;0,00;0;0;0,00;10.307.016,60;;;;
SP;3513702;DESCALVADO;25.605.219,52;0,00;0;0;0,00;25.605.219,52;;;;
SP;3513801;DIADEMA;199.275.932,34;0,00;0;0;0,00;199.275.932,34;;;;
SP;3513850;DIRCE REIS;696.740,65;0,00;0;0;0,00;696.740,65;;;;
SP;3513900;DIVINOLANDIA;8.706.943,59;0,00;0;0;0,00;8.706.943,59;;;;
SP;3514007;DOBRADA;3.852.906,45;0,00;0;0;0,00;3.852.906,45;;;;
SP;3514106;DOIS CORREGOS;20.258.140,00;0,00;0;0;0,00;20.258.140,00;;;;
SP;3514205;DOLCINOPOLIS;1.779.466,41;0,00;0;0;0,00;1.779.466,41;;;;
SP;3514304;DOURADO;7.248.070,49;0,00;0;0;0,00;7.248.070,49;;;;
SP;3514403;DRACENA;25.312.403,22;0,00;0;0;0,00;25.312.403,22;;;;
SP;3514502;DUARTINA;7.302.467,15;0,00;0;0;0,00;7.302.467,15;;;;
SP;3514601;DUMONT;9.734.115,24;0,00;0;0;0,00;9.734.115,24;;;;
SP;3514700;ECHAPORA;4.591.312,69;0,00;0;0;0,00;4.591.312,69;;;;
SP;3514809;ELDORADO;11.417.519,41;0,00;0;0;0,00;11.417.519,41;;;;
SP;3514908;ELIAS FAUSTO;19.643.573,06;0,00;0;0;0,00;19.643.573,06;;;;
SP;3514924;ELISIARIO;2.988.346,19;0,00;0;0;0,00;2.988.346,19;;;;
SP;3514957;EMBAUBA;1.767.892,62;0,00;0;0;0,00;1.767.892,62;;;;
SP;3515004;EMBU;150.465.892,26;0,00;0;0;0,00;150.465.892,26;;;;
SP;3515103;EMBU-GUACU;32.978.286,64;0,00;0;0;0,00;32.978.286,64;;;;
SP;3515129;EMILIANOPOLIS;3.090.195,30;0,00;0;0;0,00;3.090.195,30;;;;
SP;3515152;ENGENHEIRO COELHO;13.574.869,26;0,00;0;0;0,00;13.574.869,26;;;;
SP;3515186;ESPIRITO SANTO DO PINHAL;14.547.065,50;0,00;0;0;0,00;14.547.065,50;;;;
SP;3515194;ESPIRITO SANTO DO TURVO;4.041.558,80;0,00;0;0;0,00;4.041.558,80;;;;
SP;3557303;ESTIVA GERBI;12.477.097,59;0,00;0;0;0,00;12.477.097,59;;;;
SP;3515301;ESTRELA DO NORTE;2.032.353,16;0,00;0;0;0,00;2.032.353,16;;;;
SP;3515202;ESTRELA DOESTE;5.838.385,87;0,00;0;0;0,00;5.838.385,87;;;;
SP;3515350;EUCLIDES DA CUNHA PAULISTA;5.264.616,44;0,00;0;0;0,00;5.264.616,44;;;;
SP;3515400;FARTURA;12.912.271,18;0,00;0;0;0,00;12.912.271,18;;;;
SP;3515608;FERNANDO PRESTES;5.847.644,87;0,00;0;0;0,00;5.847.644,87;;;;
SP;3515509;FERNANDOPOLIS;42.382.549,59;0,00;0;0;0,00;42.382.549,59;;;;
SP;3515657;FERNAO;1.629.586,15;0,00;0;0;0,00;1.629.586,15;;;;
SP;3515707;FERRAZ DE VASCONCELOS;125.532.819,15;0,00;0;0;0,00;125.532.819,15;;;;
SP;3515806;FLORA RICA;1.342.556,78;0,00;0;0;0,00;1.342.556,78;;;;
SP;3515905;FLOREAL;1.647.525,46;0,00;0;0;0,00;1.647.525,46;;;;
SP;3516002;FLORIDA PAULISTA;5.999.261,21;0,00;0;0;0,00;5.999.261,21;;;;
SP;3516101;FLORINIA;1.232.027,31;0,00;0;0;0,00;1.232.027,31;;;;
SP;3516200;FRANCA;174.999.959,77;0,00;0;0;0,00;174.999.959,77;;;;
SP;3516309;FRANCISCO MORATO;140.303.547,69;0,00;0;0;0,00;140.303.547,69;;;;
SP;3516408;FRANCO DA ROCHA;110.121.482,71;0,00;0;0;0,00;110.121.482,71;;;;
SP;3516507;GABRIEL MONTEIRO;1.973.326,98;0,00;0;0;0,00;1.973.326,98;;;;
SP;3516606;GALIA;3.858.114,63;0,00;0;0;0,00;3.858.114,63;;;;
SP;3516705;GARCA;24.958.246,05;0,00;0;0;0,00;24.958.246,05;;;;
SP;3516804;GASTAO VIDIGAL;1.544.518,95;0,00;0;0;0,00;1.544.518,95;;;;
SP;3516853;GAVIAO PEIXOTO;6.862.085,38;0,00;0;0;0,00;6.862.085,38;;;;
SP;3516903;GENERAL SALGADO;8.866.661,55;0,00;0;0;0,00;8.866.661,55;;;;
SP;3517000;GETULINA;4.448.376,64;0,00;0;0;0,00;4.448.376,64;;;;
SP;3517109;GLICERIO;3.395.742,73;0,00;0;0;0,00;3.395.742,73;;;;
SP;3517208;GUAICARA;8.347.578,15;0,00;0;0;0,00;8.347.578,15;;;;
SP;3517307;GUAIMBE;4.235.419,37;0,00;0;0;0,00;4.235.419,37;;;;
SP;3517406;GUAIRA;22.895.222,40;0,00;0;0;0,00;22.895.222,40;;;;
SP;3517505;GUAPIACU;20.672.480,75;0,00;0;0;0,00;20.672.480,75;;;;
SP;3517604;GUAPIARA;13.713.175,73;0,00;0;0;0,00;13.713.175,73;;;;
SP;3517703;GUARA;18.719.407,86;0,00;0;0;0,00;18.719.407,86;;;;
SP;3517802;GUARACAI;3.508.586,93;0,00;0;0;0,00;3.508.586,93;;;;
SP;3517901;GUARACI;11.021.696,61;0,00;0;0;0,00;11.021.696,61;;;;
SP;3518008;GUARANI DOESTE;1.672.987,77;0,00;0;0;0,00;1.672.987,77;;;;
SP;3518107;GUARANTA;4.223.266,94;0,00;0;0;0,00;4.223.266,94;;;;
SP;3518206;GUARARAPES;21.241.331,33;0,00;0;0;0,00;21.241.331,33;;;;
SP;3518305;GUARAREMA;24.392.288,91;0,00;0;0;0,00;24.392.288,91;;;;
SP;3518404;GUARATINGUETA;69.011.758,00;0,00;0;0;0,00;69.011.758,00;;;;
SP;3518503;GUAREI;9.239.336,77;0,00;0;0;0,00;9.239.336,77;;;;
SP;3518602;GUARIBA;38.406.961,23;0,00;0;0;0,00;38.406.961,23;;;;
SP;3518701;GUARUJA;192.290.007,66;0,00;0;0;0,00;192.290.007,66;;;;
SP;3518800;GUARULHOS;725.140.372,00;0,00;0;0;0,00;725.140.372,00;;;;
SP;3518859;GUATAPARA;8.688.714,92;0,00;0;0;0,00;8.688.714,92;;;;
SP;3518909;GUZOLANDIA;2.748.190,57;0,00;0;0;0,00;2.748.190,57;;;;
SP;3519006;HERCULANDIA;5.449.507,38;0,00;0;0;0,00;5.449.507,38;;;;
SP;3519055;HOLAMBRA;16.613.561,29;0,00;0;0;0,00;16.613.561,29;;;;
SP;3519071;HORTOLANDIA;168.011.720,35;0,00;0;0;0,00;168.011.720,35;;;;
SP;3519105;IACANGA;10.272.874,03;0,00;0;0;0,00;10.272.874,03;;;;
SP;3519204;IACRI;1.736.064,79;0,00;0;0;0,00;1.736.064,79;;;;
SP;3519253;IARAS;7.453.215,47;0,00;0;0;0,00;7.453.215,47;;;;
SP;3519303;IBATE;26.917.684,50;0,00;0;0;0,00;26.917.684,50;;;;
SP;3519402;IBIRA;10.987.554,04;0,00;0;0;0,00;10.987.554,04;;;;
SP;3519501;IBIRAREMA;4.916.535,46;0,00;0;0;0,00;4.916.535,46;;;;
SP;3519600;IBITINGA;30.374.768,16;0,00;0;0;0,00;30.374.768,16;;;;
SP;3519709;IBIUNA;53.978.883,65;0,00;0;0;0,00;53.978.883,65;;;;
SP;3519808;ICEM;6.562.903,57;0,00;0;0;0,00;6.562.903,57;;;;
SP;3519907;IEPE;5.417.679,50;0,00;0;0;0,00;5.417.679,50;;;;
SP;3520004;IGARACU DO TIETE;13.808.659,32;0,00;0;0;0,00;13.808.659,32;;;;
SP;3520103;IGARAPAVA;22.011.276,07;0,00;0;0;0,00;22.011.276,07;;;;
SP;3520202;IGARATA;11.155.084,28;0,00;0;0;0,00;11.155.084,28;;;;
SP;3520301;IGUAPE;17.831.410,75;0,00;0;0;0,00;17.831.410,75;;;;
SP;3520426;ILHA COMPRIDA;15.607.222,43;0,00;0;0;0,00;15.607.222,43;;;;
SP;3520442;ILHA SOLTEIRA;17.177.782,34;0,00;0;0;0,00;17.177.782,34;;;;
SP;3520400;ILHABELA;44.887.691,09;0,00;0;0;0,00;44.887.691,09;;;;
SP;3520509;INDAIATUBA;173.080.450,80;0,00;0;0;0,00;173.080.450,80;;;;
SP;3520608;INDIANA;3.161.373,97;0,00;0;0;0,00;3.161.373,97;;;;
SP;3520707;INDIAPORA;2.921.218,35;0,00;0;0;0,00;2.921.218,35;;;;
SP;3520806;INUBIA PAULISTA;2.089.643,31;0,00;0;0;0,00;2.089.643,31;;;;
SP;3520905;IPAUSSU;14.901.222,72;0,00;0;0;0,00;14.901.222,72;;;;
SP;3521002;IPERO;36.890.797,98;0,00;0;0;0,00;36.890.797,98;;;;
SP;3521101;IPEUNA;5.959.910,42;0,00;0;0;0,00;5.959.910,42;;;;
SP;3521150;IPIGUA;4.420.599,64;0,00;0;0;0,00;4.420.599,64;;;;
SP;3521200;IPORANGA;3.368.255,05;0,00;0;0;0,00;3.368.255,05;;;;
SP;3521309;IPUA;13.810.395,36;0,00;0;0;0,00;13.810.395,36;;;;
SP;3521408;IRACEMAPOLIS;13.043.633,43;0,00;0;0;0,00;13.043.633,43;;;;
SP;3521507;IRAPUA;4.646.288,04;0,00;0;0;0,00;4.646.288,04;;;;
SP;3521606;IRAPURU;3.282.319,83;0,00;0;0;0,00;3.282.319,83;;;;
SP;3521705;ITABERA;6.137.567,68;0,00;0;0;0,00;6.137.567,68;;;;
SP;3521804;ITAI;16.388.451,58;0,00;0;0;0,00;16.388.451,58;;;;
SP;3521903;ITAJOBI;15.107.235,78;0,00;0;0;0,00;15.107.235,78;;;;
SP;3522000;ITAJU;2.628.980,75;0,00;0;0;0,00;2.628.980,75;;;;
SP;3522109;ITANHAEM;120.398.407,57;0,00;0;0;0,00;120.398.407,57;;;;
SP;3522158;ITAOCA;2.347.159,59;0,00;0;0;0,00;2.347.159,59;;;;
SP;3522208;ITAPECERICA DA SERRA;104.344.437,82;0,00;0;0;0,00;104.344.437,82;;;;
SP;3522307;ITAPETININGA;98.885.671,44;0,00;0;0;0,00;98.885.671,44;;;;
SP;3522406;ITAPEVA;97.086.240,31;0,00;0;0;0,00;97.086.240,31;;;;
SP;3522505;ITAPEVI;179.401.462,71;0,00;0;0;0,00;179.401.462,71;;;;
SP;3522604;ITAPIRA;36.266.104,02;0,00;0;0;0,00;36.266.104,02;;;;
SP;3522653;ITAPIRAPUA PAULISTA;3.340.767,32;0,00;0;0;0,00;3.340.767,32;;;;
SP;3522703;ITAPOLIS;18.170.811,42;0,00;0;0;0,00;18.170.811,42;;;;
SP;3522802;ITAPORANGA;9.750.029,18;0,00;0;0;0,00;9.750.029,18;;;;
SP;3522901;ITAPUI;11.377.011,22;0,00;0;0;0,00;11.377.011,22;;;;
SP;3523008;ITAPURA;2.947.259,31;0,00;0;0;0,00;2.947.259,31;;;;
SP;3523107;ITAQUAQUECETUBA;253.388.493,03;0,00;0;0;0,00;253.388.493,03;;;;
SP;3523206;ITARARE;33.083.318,56;0,00;0;0;0,00;33.083.318,56;;;;
SP;3523305;ITARIRI;9.571.793,18;0,00;0;0;0,00;9.571.793,18;;;;
SP;3523404;ITATIBA;98.712.643,66;0,00;0;0;0,00;98.712.643,66;;;;
SP;3523503;ITATINGA;16.752.446,50;0,00;0;0;0,00;16.752.446,50;;;;
SP;3523602;ITIRAPINA;12.830.676,11;0,00;0;0;0,00;12.830.676,11;;;;
SP;3523701;ITIRAPUA;4.418.863,55;0,00;0;0;0,00;4.418.863,55;;;;
SP;3523800;ITOBI;2.116.841,67;0,00;0;0;0,00;2.116.841,67;;;;
SP;3523909;ITU;108.528.643,29;0,00;0;0;0,00;108.528.643,29;;;;
SP;3524006;ITUPEVA;47.270.439,97;0,00;0;0;0,00;47.270.439,97;;;;
SP;3524105;ITUVERAVA;30.315.741,97;0,00;0;0;0,00;30.315.741,97;;;;
SP;3524204;JABORANDI;8.151.402,84;0,00;0;0;0,00;8.151.402,84;;;;
SP;3524303;JABOTICABAL;40.726.922,47;0,00;0;0;0,00;40.726.922,47;;;;
SP;3524402;JACAREI;137.638.688,23;0,00;0;0;0,00;137.638.688,23;;;;
SP;3524501;JACI;4.665.963,44;0,00;0;0;0,00;4.665.963,44;;;;
SP;3524600;JACUPIRANGA;10.673.905,01;0,00;0;0;0,00;10.673.905,01;;;;
SP;3524709;JAGUARIUNA;58.377.203,78;0,00;0;0;0,00;58.377.203,78;;;;
SP;3524808;JALES;25.923.498,03;0,00;0;0;0,00;25.923.498,03;;;;
SP;3524907;JAMBEIRO;6.874.527,19;0,00;0;0;0,00;6.874.527,19;;;;
SP;3525003;JANDIRA;64.549.203,45;0,00;0;0;0,00;64.549.203,45;;;;
SP;3525102;JARDINOPOLIS;42.366.346,32;0,00;0;0;0,00;42.366.346,32;;;;
SP;3525201;JARINU;29.776.115,16;0,00;0;0;0,00;29.776.115,16;;;;
SP;3525300;JAU;70.290.948,38;0,00;0;0;0,00;70.290.948,38;;;;
SP;3525409;JERIQUARA;4.759.132,24;0,00;0;0;0,00;4.759.132,24;;;;
SP;3525508;JOANOPOLIS;13.049.420,30;0,00;0;0;0,00;13.049.420,30;;;;
SP;3525607;JOAO RAMALHO;3.378.960,77;0,00;0;0;0,00;3.378.960,77;;;;
SP;3525706;JOSE BONIFACIO;20.526.651,32;0,00;0;0;0,00;20.526.651,32;;;;
SP;3525805;JULIO MESQUITA;3.321.670,62;0,00;0;0;0,00;3.321.670,62;;;;
SP;3525854;JUMIRIM;3.778.255,65;0,00;0;0;0,00;3.778.255,65;;;;
SP;3525904;JUNDIAI;218.229.709,01;0,00;0;0;0,00;218.229.709,01;;;;
SP;3526001;JUNQUEIROPOLIS;15.798.189,56;0,00;0;0;0,00;15.798.189,56;;;;
SP;3526100;JUQUIA;12.495.904,96;0,00;0;0;0,00;12.495.904,96;;;;
SP;3526209;JUQUITIBA;15.964.273,08;0,00;0;0;0,00;15.964.273,08;;;;
SP;3526308;LAGOINHA;2.881.288,86;0,00;0;0;0,00;2.881.288,86;;;;
SP;3526407;LARANJAL PAULISTA;25.913.371,01;0,00;0;0;0,00;25.913.371,01;;;;
SP;3526506;LAVINIA;3.972.694,92;0,00;0;0;0,00;3.972.694,92;;;;
SP;3526605;LAVRINHAS;5.829.705,56;0,00;0;0;0,00;5.829.705,56;;;;
SP;3526704;LEME;69.535.760,19;0,00;0;0;0,00;69.535.760,19;;;;
SP;3526803;LENCOIS PAULISTA;52.862.015,32;0,00;0;0;0,00;52.862.015,32;;;;
SP;3526902;LIMEIRA;157.861.238,89;0,00;0;0;0,00;157.861.238,89;;;;
SP;3527009;LINDOIA;7.516.003,17;0,00;0;0;0,00;7.516.003,17;;;;
SP;3527108;LINS;24.721.562,51;0,00;0;0;0,00;24.721.562,51;;;;
SP;3527207;LORENA;51.965.916,55;0,00;0;0;0,00;51.965.916,55;;;;
SP;3527256;LOURDES;1.777.730,32;0,00;0;0;0,00;1.777.730,32;;;;
SP;3527306;LOUVEIRA;44.316.525,77;0,00;0;0;0,00;44.316.525,77;;;;
SP;3527405;LUCELIA;12.909.956,44;0,00;0;0;0,00;12.909.956,44;;;;
SP;3527504;LUCIANOPOLIS;1.359.338,74;0,00;0;0;0,00;1.359.338,74;;;;
SP;3527603;LUIS ANTONIO;14.667.432,66;0,00;0;0;0,00;14.667.432,66;;;;
SP;3527702;LUIZIANIA;4.337.268,53;0,00;0;0;0,00;4.337.268,53;;;;
SP;3527801;LUPERCIO;3.398.057,47;0,00;0;0;0,00;3.398.057,47;;;;
SP;3527900;LUTECIA;2.041.612,16;0,00;0;0;0,00;2.041.612,16;;;;
SP;3528007;MACATUBA;12.929.631,84;0,00;0;0;0,00;12.929.631,84;;;;
SP;3528106;MACAUBAL;3.766.681,91;0,00;0;0;0,00;3.766.681,91;;;;
SP;3528205;MACEDONIA;2.550.279,17;0,00;0;0;0,00;2.550.279,17;;;;
SP;3528304;MAGDA;2.211.746,51;0,00;0;0;0,00;2.211.746,51;;;;
SP;3528403;MAIRINQUE;53.063.977,50;0,00;0;0;0,00;53.063.977,50;;;;
SP;3528502;MAIRIPORA;56.645.479,15;0,00;0;0;0,00;56.645.479,15;;;;
SP;3528601;MANDURI;6.387.850,38;0,00;0;0;0,00;6.387.850,38;;;;
SP;3528700;MARABA PAULISTA;2.203.644,91;0,00;0;0;0,00;2.203.644,91;;;;
SP;3528809;MARACAI;7.286.842,58;0,00;0;0;0,00;7.286.842,58;;;;
SP;3528858;MARAPOAMA;2.381.302,21;0,00;0;0;0,00;2.381.302,21;;;;
SP;3528908;MARIAPOLIS;2.005.733,51;0,00;0;0;0,00;2.005.733,51;;;;
SP;3529005;MARILIA;125.563.489,64;0,00;0;0;0,00;125.563.489,64;;;;
SP;3529104;MARINOPOLIS;1.203.671,56;0,00;0;0;0,00;1.203.671,56;;;;
SP;3529203;MARTINOPOLIS;13.478.228,27;0,00;0;0;0,00;13.478.228,27;;;;
SP;3529302;MATAO;37.332.047,76;0,00;0;0;0,00;37.332.047,76;;;;
SP;3529401;MAUA;117.723.710,42;0,00;0;0;0,00;117.723.710,42;;;;
SP;3529500;MENDONCA;4.468.052,09;0,00;0;0;0,00;4.468.052,09;;;;
SP;3529609;MERIDIANO;3.591.918,04;0,00;0;0;0,00;3.591.918,04;;;;
SP;3529658;MESOPOLIS;1.475.655,07;0,00;0;0;0,00;1.475.655,07;;;;
SP;3529708;MIGUELOPOLIS;17.698.023,08;0,00;0;0;0,00;17.698.023,08;;;;
SP;3529807;MINEIROS DO TIETE;7.417.047,44;0,00;0;0;0,00;7.417.047,44;;;;
SP;3530003;MIRA ESTRELA;2.171.817,02;0,00;0;0;0,00;2.171.817,02;;;;
SP;3529906;MIRACATU;14.177.862,41;0,00;0;0;0,00;14.177.862,41;;;;
SP;3530102;MIRANDOPOLIS;11.579.262,78;0,00;0;0;0,00;11.579.262,78;;;;
SP;3530201;MIRANTE DO PARANAPANEMA;8.580.210,87;0,00;0;0;0,00;8.580.210,87;;;;
SP;3530300;MIRASSOL;32.349.252,53;0,00;0;0;0,00;32.349.252,53;;;;
SP;3530409;MIRASSOLANDIA;3.627.796,70;0,00;0;0;0,00;3.627.796,70;;;;
SP;3530508;MOCOCA;30.329.630,50;0,00;0;0;0,00;30.329.630,50;;;;
SP;3530607;MOGI DAS CRUZES;314.625.863,56;0,00;0;0;0,00;314.625.863,56;;;;
SP;3530805;MOGI MIRIM;57.481.105,01;0,00;0;0;0,00;57.481.105,01;;;;
SP;3530706;MOGI-GUACU;105.687.862,61;0,00;0;0;0,00;105.687.862,61;;;;
SP;3530904;MOMBUCA;5.716.282,67;0,00;0;0;0,00;5.716.282,67;;;;
SP;3531001;MONCOES;1.512.112,43;0,00;0;0;0,00;1.512.112,43;;;;
SP;3531100;MONGAGUA;67.869.716,68;0,00;0;0;0,00;67.869.716,68;;;;
SP;3531209;MONTE ALEGRE DO SUL;6.915.903,40;0,00;0;0;0,00;6.915.903,40;;;;
SP;3531308;MONTE ALTO;29.879.989,68;0,00;0;0;0,00;29.879.989,68;;;;
SP;3531407;MONTE APRAZIVEL;17.347.337,99;0,00;0;0;0,00;17.347.337,99;;;;
SP;3531506;MONTE AZUL PAULISTA;14.223.578,77;0,00;0;0;0,00;14.223.578,77;;;;
SP;3531605;MONTE CASTELO;2.678.747,99;0,00;0;0;0,00;2.678.747,99;;;;
SP;3531803;MONTE MOR;68.101.770,70;0,00;0;0;0,00;68.101.770,70;;;;
SP;3531704;MONTEIRO LOBATO;3.177.577,24;0,00;0;0;0,00;3.177.577,24;;;;
SP;3531902;MORRO AGUDO;24.197.270,99;0,00;0;0;0,00;24.197.270,99;;;;
SP;3532009;MORUNGABA;11.718.437,31;0,00;0;0;0,00;11.718.437,31;;;;
SP;3532058;MOTUCA;4.290.394,78;0,00;0;0;0,00;4.290.394,78;;;;
SP;3532108;MURUTINGA DO SUL;2.696.687,29;0,00;0;0;0,00;2.696.687,29;;;;
SP;3532157;NANTES;1.998.210,55;0,00;0;0;0,00;1.998.210,55;;;;
SP;3532207;NARANDIBA;7.693.660,42;0,00;0;0;0,00;7.693.660,42;;;;
SP;3532306;NATIVIDADE DA SERRA;4.737.720,81;0,00;0;0;0,00;4.737.720,81;;;;
SP;3532405;NAZARE PAULISTA;10.500.298,53;0,00;0;0;0,00;10.500.298,53;;;;
SP;3532504;NEVES PAULISTA;5.378.328,71;0,00;0;0;0,00;5.378.328,71;;;;
SP;3532603;NHANDEARA;4.318.750,48;0,00;0;0;0,00;4.318.750,48;;;;
SP;3532702;NIPOA;3.298.523,10;0,00;0;0;0,00;3.298.523,10;;;;
SP;3532801;NOVA ALIANCA;5.896.833,41;0,00;0;0;0,00;5.896.833,41;;;;
SP;3532827;NOVA CAMPINA;10.794.561,49;0,00;0;0;0,00;10.794.561,49;;;;
SP;3532843;NOVA CANAA PAULISTA;1.218.717,48;0,00;0;0;0,00;1.218.717,48;;;;
SP;3532868;NOVA CASTILHO;993.029,08;0,00;0;0;0,00;993.029,08;;;;
SP;3532900;NOVA EUROPA;9.541.412,07;0,00;0;0;0,00;9.541.412,07;;;;
SP;3533007;NOVA GRANADA;11.539.622,61;0,00;0;0;0,00;11.539.622,61;;;;
SP;3533106;NOVA GUATAPORANGA;1.525.422,25;0,00;0;0;0,00;1.525.422,25;;;;
SP;3533205;NOVA INDEPENDENCIA;5.730.749,84;0,00;0;0;0,00;5.730.749,84;;;;
SP;3533304;NOVA LUZITANIA;2.204.223,60;0,00;0;0;0,00;2.204.223,60;;;;
SP;3533403;NOVA ODESSA;34.820.830,06;0,00;0;0;0,00;34.820.830,06;;;;
SP;3533254;NOVAIS;5.911.879,28;0,00;0;0;0,00;5.911.879,28;;;;
SP;3533502;NOVO HORIZONTE;32.115.462,47;0,00;0;0;0,00;32.115.462,47;;;;
SP;3533601;NUPORANGA;7.467.393,32;0,00;0;0;0,00;7.467.393,32;;;;
SP;3533700;OCAUCU;3.465.185,31;0,00;0;0;0,00;3.465.185,31;;;;
SP;3533809;OLEO;1.762.105,75;0,00;0;0;0,00;1.762.105,75;;;;
SP;3533908;OLIMPIA;39.663.293,47;0,00;0;0;0,00;39.663.293,47;;;;
SP;3534005;ONDA VERDE;3.414.260,73;0,00;0;0;0,00;3.414.260,73;;;;
SP;3534104;ORIENTE;4.250.465,29;0,00;0;0;0,00;4.250.465,29;;;;
SP;3534203;ORINDIUVA;6.906.644,40;0,00;0;0;0,00;6.906.644,40;;;;
SP;3534302;ORLANDIA;35.584.698,56;0,00;0;0;0,00;35.584.698,56;;;;
SP;3534401;OSASCO;440.058.280,26;0,00;0;0;0,00;440.058.280,26;;;;
SP;3534500;OSCAR BRESSANE;2.542.177,51;0,00;0;0;0,00;2.542.177,51;;;;
SP;3534609;OSVALDO CRUZ;15.928.394,42;0,00;0;0;0,00;15.928.394,42;;;;
SP;3534708;OURINHOS;63.377.938,42;0,00;0;0;0,00;63.377.938,42;;;;
SP;3534807;OURO VERDE;8.629.978,05;0,00;0;0;0,00;8.629.978,05;;;;
SP;3534757;OUROESTE;8.948.835,26;0,00;0;0;0,00;8.948.835,26;;;;
SP;3534906;PACAEMBU;5.350.551,66;0,00;0;0;0,00;5.350.551,66;;;;
SP;3535002;PALESTINA;10.905.958,97;0,00;0;0;0,00;10.905.958,97;;;;
SP;3535101;PALMARES PAULISTA;6.948.888,62;0,00;0;0;0,00;6.948.888,62;;;;
SP;3535200;PALMEIRA DOESTE;3.965.171,96;0,00;0;0;0,00;3.965.171,96;;;;
SP;3535309;PALMITAL;13.158.792,37;0,00;0;0;0,00;13.158.792,37;;;;
SP;3535408;PANORAMA;10.486.410,00;0,00;0;0;0,00;10.486.410,00;;;;
SP;3535507;PARAGUACU PAULISTA;37.449.810,86;0,00;0;0;0,00;37.449.810,86;;;;
SP;3535606;PARAIBUNA;10.719.910,69;0,00;0;0;0,00;10.719.910,69;;;;
SP;3535705;PARAISO;5.538.046,66;0,00;0;0;0,00;5.538.046,66;;;;
SP;3535804;PARANAPANEMA;19.712.436,94;0,00;0;0;0,00;19.712.436,94;;;;
SP;3535903;PARANAPUA;3.084.408,43;0,00;0;0;0,00;3.084.408,43;;;;
SP;3536000;PARAPUA;5.637.581,03;0,00;0;0;0,00;5.637.581,03;;;;
SP;3536109;PARDINHO;8.319.801,15;0,00;0;0;0,00;8.319.801,15;;;;
SP;3536208;PARIQUERA-ACU;11.019.671,20;0,00;0;0;0,00;11.019.671,20;;;;
SP;3536257;PARISI;2.299.707,15;0,00;0;0;0,00;2.299.707,15;;;;
SP;3536307;PATROCINIO PAULISTA;9.767.100,47;0,00;0;0;0,00;9.767.100,47;;;;
SP;3536406;PAULICEIA;6.248.675,84;0,00;0;0;0,00;6.248.675,84;;;;
SP;3536505;PAULINIA;87.192.117,74;0,00;0;0;0,00;87.192.117,74;;;;
SP;3536570;PAULISTANIA;1.592.550,10;0,00;0;0;0,00;1.592.550,10;;;;
SP;3536604;PAULO DE FARIA;7.011.386,99;0,00;0;0;0,00;7.011.386,99;;;;
SP;3536703;PEDERNEIRAS;30.113.779,74;0,00;0;0;0,00;30.113.779,74;;;;
SP;3536802;PEDRA BELA;5.853.431,79;0,00;0;0;0,00;5.853.431,79;;;;
SP;3536901;PEDRANOPOLIS;1.423.573,15;0,00;0;0;0,00;1.423.573,15;;;;
SP;3537008;PEDREGULHO;10.316.275,65;0,00;0;0;0,00;10.316.275,65;;;;
SP;3537107;PEDREIRA;28.133.508,50;0,00;0;0;0,00;28.133.508,50;;;;
SP;3537156;PEDRINHAS PAULISTA;2.171.817,02;0,00;0;0;0,00;2.171.817,02;;;;
SP;3537206;PEDRO DE TOLEDO;7.570.978,52;0,00;0;0;0,00;7.570.978,52;;;;
SP;3537305;PENAPOLIS;39.074.188,79;0,00;0;0;0,00;39.074.188,79;;;;
SP;3537404;PEREIRA BARRETO;16.793.533,33;0,00;0;0;0,00;16.793.533,33;;;;
SP;3537503;PEREIRAS;6.386.403,66;0,00;0;0;0,00;6.386.403,66;;;;
SP;3537602;PERUIBE;52.023.496,02;0,00;0;0;0,00;52.023.496,02;;;;
SP;3537701;PIACATU;4.004.522,75;0,00;0;0;0,00;4.004.522,75;;;;
SP;3537800;PIEDADE;35.079.503,74;0,00;0;0;0,00;35.079.503,74;;;;
SP;3537909;PILAR DO SUL;21.151.055,96;0,00;0;0;0,00;21.151.055,96;;;;
SP;3538006;PINDAMONHANGABA;88.883.334,19;0,00;0;0;0,00;88.883.334,19;;;;
SP;3538105;PINDORAMA;12.109.630,54;0,00;0;0;0,00;12.109.630,54;;;;
SP;3538204;PINHALZINHO;14.746.134,30;0,00;0;0;0,00;14.746.134,30;;;;
SP;3538303;PIQUEROBI;2.136.517,06;0,00;0;0;0,00;2.136.517,06;;;;
SP;3538501;PIQUETE;5.893.939,92;0,00;0;0;0,00;5.893.939,92;;;;
SP;3538600;PIRACAIA;21.779.511,42;0,00;0;0;0,00;21.779.511,42;;;;
SP;3538709;PIRACICABA;236.943.330,00;0,00;0;0;0,00;236.943.330,00;;;;
SP;3538808;PIRAJU;20.682.318,44;0,00;0;0;0,00;20.682.318,44;;;;
SP;3538907;PIRAJUI;10.927.949,11;0,00;0;0;0,00;10.927.949,11;;;;
SP;3539004;PIRANGI;5.691.977,74;0,00;0;0;0,00;5.691.977,74;;;;
SP;3539103;PIRAPORA DO BOM JESUS;24.692.917,49;0,00;0;0;0,00;24.692.917,49;;;;
SP;3539202;PIRAPOZINHO;15.786.326,45;0,00;0;0;0,00;15.786.326,45;;;;
SP;3539301;PIRASSUNUNGA;34.624.365,43;0,00;0;0;0,00;34.624.365,43;;;;
SP;3539400;PIRATININGA;7.127.703,33;0,00;0;0;0,00;7.127.703,33;;;;
SP;3539509;PITANGUEIRAS;23.454.813,93;0,00;0;0;0,00;23.454.813,93;;;;
SP;3539608;PLANALTO;3.036.377,29;0,00;0;0;0,00;3.036.377,29;;;;
SP;3539707;PLATINA;1.942.656,49;0,00;0;0;0,00;1.942.656,49;;;;
SP;3539806;POA;85.644.126,66;0,00;0;0;0,00;85.644.126,66;;;;
SP;3539905;POLONI;2.399.241,52;0,00;0;0;0,00;2.399.241,52;;;;
SP;3540002;POMPEIA;13.010.648,21;0,00;0;0;0,00;13.010.648,21;;;;
SP;3540101;PONGAI;2.135.359,67;0,00;0;0;0,00;2.135.359,67;;;;
SP;3540200;PONTAL;28.976.078,63;0,00;0;0;0,00;28.976.078,63;;;;
SP;3540259;PONTALINDA;3.098.296,96;0,00;0;0;0,00;3.098.296,96;;;;
SP;3540309;PONTES GESTAL;1.836.756,55;0,00;0;0;0,00;1.836.756,55;;;;
SP;3540408;POPULINA;3.201.882,16;0,00;0;0;0,00;3.201.882,16;;;;
SP;3540507;PORANGABA;6.057.708,70;0,00;0;0;0,00;6.057.708,70;;;;
SP;3540606;PORTO FELIZ;50.407.798,40;0,00;0;0;0,00;50.407.798,40;;;;
SP;3540705;PORTO FERREIRA;37.449.810,86;0,00;0;0;0,00;37.449.810,86;;;;
SP;3540754;POTIM;19.180.043,72;0,00;0;0;0,00;19.180.043,72;;;;
SP;3540804;POTIRENDABA;17.198.036,43;0,00;0;0;0,00;17.198.036,43;;;;
SP;3540853;PRACINHA;973.932,33;0,00;0;0;0,00;973.932,33;;;;
SP;3540903;PRADOPOLIS;19.003.543,80;0,00;0;0;0,00;19.003.543,80;;;;
SP;3541000;PRAIA GRANDE;353.884.075,17;0,00;0;0;0,00;353.884.075,17;;;;
SP;3541059;PRATANIA;4.459.950,43;0,00;0;0;0,00;4.459.950,43;;;;
SP;3541109;PRESIDENTE ALVES;1.008.074,95;0,00;0;0;0,00;1.008.074,95;;;;
SP;3541208;PRESIDENTE BERNARDES;6.370.200,40;0,00;0;0;0,00;6.370.200,40;;;;
SP;3541307;PRESIDENTE EPITACIO;17.630.316,59;0,00;0;0;0,00;17.630.316,59;;;;
SP;3541406;PRESIDENTE PRUDENTE;117.537.951,50;0,00;0;0;0,00;117.537.951,50;;;;
SP;3541505;PRESIDENTE VENCESLAU;17.447.451,06;0,00;0;0;0,00;17.447.451,06;;;;
SP;3541604;PROMISSAO;17.182.990,56;0,00;0;0;0,00;17.182.990,56;;;;
SP;3541653;QUADRA;4.887.022,37;0,00;0;0;0,00;4.887.022,37;;;;
SP;3541703;QUATA;8.439.589,61;0,00;0;0;0,00;8.439.589,61;;;;
SP;3541802;QUEIROZ;2.976.772,40;0,00;0;0;0,00;2.976.772,40;;;;
SP;3541901;QUELUZ;9.594.072,69;0,00;0;0;0,00;9.594.072,69;;;;
SP;3542008;QUINTANA;6.498.090,47;0,00;0;0;0,00;6.498.090,47;;;;
SP;3542107;RAFARD;6.771.231,37;0,00;0;0;0,00;6.771.231,37;;;;
SP;3542206;RANCHARIA;20.219.946,55;0,00;0;0;0,00;20.219.946,55;;;;
SP;3542305;REDENCAO DA SERRA;2.205.959,64;0,00;0;0;0,00;2.205.959,64;;;;
SP;3542404;REGENTE FEIJO;12.122.361,72;0,00;0;0;0,00;12.122.361,72;;;;
SP;3542503;REGINOPOLIS;4.009.730,97;0,00;0;0;0,00;4.009.730,97;;;;
SP;3542602;REGISTRO;36.069.350,01;0,00;0;0;0,00;36.069.350,01;;;;
SP;3542701;RESTINGA;9.176.259,75;0,00;0;0;0,00;9.176.259,75;;;;
SP;3542800;RIBEIRA;2.365.677,60;0,00;0;0;0,00;2.365.677,60;;;;
SP;3542909;RIBEIRAO BONITO;11.157.109,69;0,00;0;0;0,00;11.157.109,69;;;;
SP;3543006;RIBEIRAO BRANCO;13.970.113,31;0,00;0;0;0,00;13.970.113,31;;;;
SP;3543105;RIBEIRAO CORRENTE;6.295.549,59;0,00;0;0;0,00;6.295.549,59;;;;
SP;3543204;RIBEIRAO DO SUL;3.021.910,11;0,00;0;0;0,00;3.021.910,11;;;;
SP;3543238;RIBEIRAO DOS INDIOS;1.256.910,88;0,00;0;0;0,00;1.256.910,88;;;;
SP;3543253;RIBEIRAO GRANDE;5.447.481,97;0,00;0;0;0,00;5.447.481,97;;;;
SP;3543303;RIBEIRAO PIRES;44.884.218,96;0,00;0;0;0,00;44.884.218,96;;;;
SP;3543402;RIBEIRAO PRETO;290.700.576,07;0,00;0;0;0,00;290.700.576,07;;;;
SP;3543600;RIFAINA;2.870.293,77;0,00;0;0;0,00;2.870.293,77;;;;
SP;3543709;RINCAO;6.544.964,22;0,00;0;0;0,00;6.544.964,22;;;;
SP;3543808;RINOPOLIS;3.032.905,15;0,00;0;0;0,00;3.032.905,15;;;;
SP;3543907;RIO CLARO;119.085.653,27;0,00;0;0;0,00;119.085.653,27;;;;
SP;3544004;RIO DAS PEDRAS;29.675.134,07;0,00;0;0;0,00;29.675.134,07;;;;
SP;3544103;RIO GRANDE DA SERRA;13.723.013,42;0,00;0;0;0,00;13.723.013,42;;;;
SP;3544202;RIOLANDIA;10.105.633,12;0,00;0;0;0,00;10.105.633,12;;;;
SP;3543501;RIVERSUL;3.711.706,50;0,00;0;0;0,00;3.711.706,50;;;;
SP;3544251;ROSANA;8.952.018,07;0,00;0;0;0,00;8.952.018,07;;;;
SP;3544301;ROSEIRA;13.453.923,40;0,00;0;0;0,00;13.453.923,40;;;;
SP;3544400;RUBIACEA;2.651.838,95;0,00;0;0;0,00;2.651.838,95;;;;
SP;3544509;RUBINEIA;2.935.685,57;0,00;0;0;0,00;2.935.685,57;;;;
SP;3544608;SABINO;3.908.460,51;0,00;0;0;0,00;3.908.460,51;;;;
SP;3544707;SAGRES;1.750.532,01;0,00;0;0;0,00;1.750.532,01;;;;
SP;3544806;SALES;3.817.027,79;0,00;0;0;0,00;3.817.027,79;;;;
SP;3544905;SALES OLIVEIRA;6.941.944,36;0,00;0;0;0,00;6.941.944,36;;;;
SP;3545001;SALESOPOLIS;9.851.878,29;0,00;0;0;0,00;9.851.878,29;;;;
SP;3545100;SALMOURAO;2.765.551,22;0,00;0;0;0,00;2.765.551,22;;;;
SP;3545159;SALTINHO;5.624.849,90;0,00;0;0;0,00;5.624.849,90;;;;
SP;3545209;SALTO;65.672.437,34;0,00;0;0;0,00;65.672.437,34;;;;
SP;3545308;SALTO DE PIRAPORA;27.946.592,19;0,00;0;0;0,00;27.946.592,19;;;;
SP;3545407;SALTO GRANDE;6.490.567,56;0,00;0;0;0,00;6.490.567,56;;;;
SP;3545506;SANDOVALINA;4.751.030,64;0,00;0;0;0,00;4.751.030,64;;;;
SP;3545605;SANTA ADELIA;10.611.985,33;0,00;0;0;0,00;10.611.985,33;;;;
SP;3545704;SANTA ALBERTINA;4.407.868,51;0,00;0;0;0,00;4.407.868,51;;;;
SP;3545803;SANTA BARBARA DOESTE;105.122.773,54;0,00;0;0;0,00;105.122.773,54;;;;
SP;3546009;SANTA BRANCA;12.625.241,80;0,00;0;0;0,00;12.625.241,80;;;;
SP;3546108;SANTA CLARA DOESTE;2.354.682,55;0,00;0;0;0,00;2.354.682,55;;;;
SP;3546207;SANTA CRUZ DA CONCEICAO;2.687.428,29;0,00;0;0;0,00;2.687.428,29;;;;
SP;3546256;SANTA CRUZ DA ESPERANCA;2.557.802,13;0,00;0;0;0,00;2.557.802,13;;;;
SP;3546306;SANTA CRUZ DAS PALMEIRAS;16.070.173,02;0,00;0;0;0,00;16.070.173,02;;;;
SP;3546405;SANTA CRUZ DO RIO PARDO;30.875.333,50;0,00;0;0;0,00;30.875.333,50;;;;
SP;3546504;SANTA ERNESTINA;4.095.376,82;0,00;0;0;0,00;4.095.376,82;;;;
SP;3546603;SANTA FE DO SUL;32.500.868,83;0,00;0;0;0,00;32.500.868,83;;;;
SP;3546702;SANTA GERTRUDES;26.700.676,41;0,00;0;0;0,00;26.700.676,41;;;;
SP;3546801;SANTA ISABEL;34.027.737,80;0,00;0;0;0,00;34.027.737,80;;;;
SP;3546900;SANTA LUCIA;4.807.163,39;0,00;0;0;0,00;4.807.163,39;;;;
SP;3547007;SANTA MARIA DA SERRA;5.384.694,27;0,00;0;0;0,00;5.384.694,27;;;;
SP;3547106;SANTA MERCEDES;2.312.438,28;0,00;0;0;0,00;2.312.438,28;;;;
SP;3547502;SANTA RITA DO PASSA QUATRO;13.524.523,38;0,00;0;0;0,00;13.524.523,38;;;;
SP;3547403;SANTA RITA DOESTE;1.649.261,55;0,00;0;0;0,00;1.649.261,55;;;;
SP;3547601;SANTA ROSA DE VITERBO;13.328.348,02;0,00;0;0;0,00;13.328.348,02;;;;
SP;3547650;SANTA SALETE;776.020,98;0,00;0;0;0,00;776.020,98;;;;
SP;3547205;SANTANA DA PONTE PENSA;559.012,88;0,00;0;0;0,00;559.012,88;;;;
SP;3547304;SANTANA DE PARNAIBA;175.619.734,93;0,00;0;0;0,00;175.619.734,93;;;;
SP;3547700;SANTO ANASTACIO;7.469.708,06;0,00;0;0;0,00;7.469.708,06;;;;
SP;3547809;SANTO ANDRE;301.189.879,46;0,00;0;0;0,00;301.189.879,46;;;;
SP;3547908;SANTO ANTONIO DA ALEGRIA;7.233.024,57;0,00;0;0;0,00;7.233.024,57;;;;
SP;3548005;SANTO ANTONIO DE POSSE;26.474.409,26;0,00;0;0;0,00;26.474.409,26;;;;
SP;3548054;SANTO ANTONIO DO ARACANGUA;8.710.415,73;0,00;0;0;0,00;8.710.415,73;;;;
SP;3548104;SANTO ANTONIO DO JARDIM;3.601.755,74;0,00;0;0;0,00;3.601.755,74;;;;
SP;3548203;SANTO ANTONIO DO PINHAL;7.737.062,04;0,00;0;0;0,00;7.737.062,04;;;;
SP;3548302;SANTO EXPEDITO;2.015.571,20;0,00;0;0;0,00;2.015.571,20;;;;
SP;3548401;SANTOPOLIS DO AGUAPEI;3.671.198,32;0,00;0;0;0,00;3.671.198,32;;;;
SP;3548500;SANTOS;222.348.233,35;0,00;0;0;0,00;222.348.233,35;;;;
SP;3548609;SAO BENTO DO SAPUCAI;5.825.944,06;0,00;0;0;0,00;5.825.944,06;;;;
SP;3548708;SAO BERNARDO DO CAMPO;496.442.771,05;0,00;0;0;0,00;496.442.771,05;;;;
SP;3548807;SAO CAETANO DO SUL;125.391.329,88;0,00;0;0;0,00;125.391.329,88;;;;
SP;3548906;SAO CARLOS;101.504.235,84;0,00;0;0;0,00;101.504.235,84;;;;
SP;3549003;SAO FRANCISCO;806.691,42;0,00;0;0;0,00;806.691,42;;;;
SP;3549102;SAO JOAO DA BOA VISTA;46.971.547,48;0,00;0;0;0,00;46.971.547,48;;;;
SP;3549201;SAO JOAO DAS DUAS PONTES;1.627.850,06;0,00;0;0;0,00;1.627.850,06;;;;
SP;3549250;SAO JOAO DE IRACEMA;1.542.204,22;0,00;0;0;0,00;1.542.204,22;;;;
SP;3549300;SAO JOAO DO PAU DALHO;1.473.918,98;0,00;0;0;0,00;1.473.918,98;;;;
SP;3549409;SAO JOAQUIM DA BARRA;19.280.735,48;0,00;0;0;0,00;19.280.735,48;;;;
SP;3549508;SAO JOSE DA BELA VISTA;5.557.143,36;0,00;0;0;0,00;5.557.143,36;;;;
SP;3549607;SAO JOSE DO BARREIRO;4.548.200,39;0,00;0;0;0,00;4.548.200,39;;;;
SP;3549706;SAO JOSE DO RIO PARDO;22.594.883,20;0,00;0;0;0,00;22.594.883,20;;;;
SP;3549805;SAO JOSE DO RIO PRETO;258.435.233,35;0,00;0;0;0,00;258.435.233,35;;;;
SP;3549904;SAO JOSE DOS CAMPOS;442.629.970,92;0,00;0;0;0,00;442.629.970,92;;;;
SP;3549953;SAO LOURENCO DA SERRA;10.467.891,95;0,00;0;0;0,00;10.467.891,95;;;;
SP;3550001;SAO LUIS DO PARAITINGA;9.371.567,04;0,00;0;0;0,00;9.371.567,04;;;;
SP;3550100;SAO MANUEL;22.724.509,36;0,00;0;0;0,00;22.724.509,36;;;;
SP;3550209;SAO MIGUEL ARCANJO;21.284.154,25;0,00;0;0;0,00;21.284.154,25;;;;
SP;3550308;SAO PAULO;6.448.892.727,39;0,00;0;0;0,00;6.448.892.727,39;;;;
SP;3550407;SAO PEDRO;32.378.765,62;0,00;0;0;0,00;32.378.765,62;;;;
SP;3550506;SAO PEDRO DO TURVO;5.887.285,03;0,00;0;0;0,00;5.887.285,03;;;;
SP;3550605;SAO ROQUE;82.289.470,81;0,00;0;0;0,00;82.289.470,81;;;;
SP;3550704;SAO SEBASTIAO;91.767.805,81;0,00;0;0;0,00;91.767.805,81;;;;
SP;3550803;SAO SEBASTIAO DA GRAMA;5.761.131,00;0,00;0;0;0,00;5.761.131,00;;;;
SP;3550902;SAO SIMAO;6.599.360,93;0,00;0;0;0,00;6.599.360,93;;;;
SP;3551009;SAO VICENTE;240.793.921,66;0,00;0;0;0,00;240.793.921,66;;;;
SP;3551108;SARAPUI;7.603.963,75;0,00;0;0;0,00;7.603.963,75;;;;
SP;3551207;SARUTAIA;2.927.583,91;0,00;0;0;0,00;2.927.583,91;;;;
SP;3551306;SEBASTIANOPOLIS DO SUL;2.762.079,09;0,00;0;0;0,00;2.762.079,09;;;;
SP;3551405;SERRA AZUL;6.932.685,36;0,00;0;0;0,00;6.932.685,36;;;;
SP;3551603;SERRA NEGRA;11.247.385,06;0,00;0;0;0,00;11.247.385,06;;;;
SP;3551504;SERRANA;40.288.855,45;0,00;0;0;0,00;40.288.855,45;;;;
SP;3551702;SERTAOZINHO;98.154.209,47;0,00;0;0;0,00;98.154.209,47;;;;
SP;3551801;SETE BARRAS;10.688.082,86;0,00;0;0;0,00;10.688.082,86;;;;
SP;3551900;SEVERINIA;14.830.622,75;0,00;0;0;0,00;14.830.622,75;;;;
SP;3552007;SILVEIRAS;5.107.213,27;0,00;0;0;0,00;5.107.213,27;;;;
SP;3552106;SOCORRO;19.517.418,97;0,00;0;0;0,00;19.517.418,97;;;;
SP;3552205;SOROCABA;386.055.670,39;0,00;0;0;0,00;386.055.670,39;;;;
SP;3552304;SUD MENNUCCI;8.288.551,96;0,00;0;0;0,00;8.288.551,96;;;;
SP;3552403;SUMARE;161.962.402,58;0,00;0;0;0,00;161.962.402,58;;;;
SP;3552551;SUZANAPOLIS;2.608.726,71;0,00;0;0;0,00;2.608.726,71;;;;
SP;3552502;SUZANO;171.626.496,59;0,00;0;0;0,00;171.626.496,59;;;;
SP;3552601;TABAPUA;10.974.822,86;0,00;0;0;0,00;10.974.822,86;;;;
SP;3552700;TABATINGA;11.736.376,62;0,00;0;0;0,00;11.736.376,62;;;;
SP;3552809;TABOAO DA SERRA;164.975.343,01;0,00;0;0;0,00;164.975.343,01;;;;
SP;3552908;TACIBA;4.999.287,87;0,00;0;0;0,00;4.999.287,87;;;;
SP;3553005;TAGUAI;11.441.824,33;0,00;0;0;0,00;11.441.824,33;;;;
SP;3553104;TAIACU;4.189.703,02;0,00;0;0;0,00;4.189.703,02;;;;
SP;3553203;TAIUVA;3.945.496,56;0,00;0;0;0,00;3.945.496,56;;;;
SP;3553302;TAMBAU;13.621.164,32;0,00;0;0;0,00;13.621.164,32;;;;
SP;3553401;TANABI;17.026.166,05;0,00;0;0;0,00;17.026.166,05;;;;
SP;3553500;TAPIRAI;6.368.464,30;0,00;0;0;0,00;6.368.464,30;;;;
SP;3553609;TAPIRATIBA;11.268.796,50;0,00;0;0;0,00;11.268.796,50;;;;
SP;3553658;TAQUARAL;1.869.163,08;0,00;0;0;0,00;1.869.163,08;;;;
SP;3553708;TAQUARITINGA;29.539.720,99;0,00;0;0;0,00;29.539.720,99;;;;
SP;3553807;TAQUARITUBA;16.484.513,82;0,00;0;0;0,00;16.484.513,82;;;;
SP;3553856;TAQUARIVAI;6.985.345,98;0,00;0;0;0,00;6.985.345,98;;;;
SP;3553906;TARABAI;7.145.063,98;0,00;0;0;0,00;7.145.063,98;;;;
SP;3553955;TARUMA;13.870.578,94;0,00;0;0;0,00;13.870.578,94;;;;
SP;3554003;TATUI;83.742.557,00;0,00;0;0;0,00;83.742.557,00;;;;
SP;3554102;TAUBATE;276.010.574,53;0,00;0;0;0,00;276.010.574,53;;;;
SP;3554201;TEJUPA;3.959.385,09;0,00;0;0;0,00;3.959.385,09;;;;
SP;3554300;TEODORO SAMPAIO;15.954.435,38;0,00;0;0;0,00;15.954.435,38;;;;
SP;3554409;TERRA ROXA;7.683.822,72;0,00;0;0;0,00;7.683.822,72;;;;
SP;3554508;TIETE;36.254.819,60;0,00;0;0;0,00;36.254.819,60;;;;
SP;3554607;TIMBURI;1.451.350,15;0,00;0;0;0,00;1.451.350,15;;;;
SP;3554656;TORRE DE PEDRA;2.031.774,47;0,00;0;0;0,00;2.031.774,47;;;;
SP;3554706;TORRINHA;4.343.055,40;0,00;0;0;0,00;4.343.055,40;;;;
SP;3554755;TRABIJU;1.984.322,07;0,00;0;0;0,00;1.984.322,07;;;;
SP;3554805;TREMEMBE;34.595.720,36;0,00;0;0;0,00;34.595.720,36;;;;
SP;3554904;TRES FRONTEIRAS;3.555.460,68;0,00;0;0;0,00;3.555.460,68;;;;
SP;3554953;TUIUTI;6.435.302,82;0,00;0;0;0,00;6.435.302,82;;;;
SP;3555000;TUPA;29.883.461,82;0,00;0;0;0,00;29.883.461,82;;;;
SP;3555109;TUPI PAULISTA;9.212.138,41;0,00;0;0;0,00;9.212.138,41;;;;
SP;3555208;TURIUBA;1.426.466,58;0,00;0;0;0,00;1.426.466,58;;;;
SP;3555307;TURMALINA;1.053.212,66;0,00;0;0;0,00;1.053.212,66;;;;
SP;3555356;UBARANA;6.395.083,96;0,00;0;0;0,00;6.395.083,96;;;;
SP;3555406;UBATUBA;79.423.227,82;0,00;0;0;0,00;79.423.227,82;;;;
SP;3555505;UBIRAJARA;3.902.673,64;0,00;0;0;0,00;3.902.673,64;;;;
SP;3555604;UCHOA;9.971.956,13;0,00;0;0;0,00;9.971.956,13;;;;
SP;3555703;UNIAO PAULISTA;864.560,26;0,00;0;0;0,00;864.560,26;;;;
SP;3555802;URANIA;2.668.331,59;0,00;0;0;0,00;2.668.331,59;;;;
SP;3555901;URU;1.364.546,91;0,00;0;0;0,00;1.364.546,91;;;;
SP;3556008;URUPES;11.727.117,62;0,00;0;0;0,00;11.727.117,62;;;;
SP;3556107;VALENTIM GENTIL;8.944.784,48;0,00;0;0;0,00;8.944.784,48;;;;
SP;3556206;VALINHOS;65.673.594,74;0,00;0;0;0,00;65.673.594,74;;;;
SP;3556305;VALPARAISO;15.973.532,08;0,00;0;0;0,00;15.973.532,08;;;;
SP;3556354;VARGEM;9.711.546,41;0,00;0;0;0,00;9.711.546,41;;;;
SP;3556404;VARGEM GRANDE DO SUL;22.787.007,67;0,00;0;0;0,00;22.787.007,67;;;;
SP;3556453;VARGEM GRANDE PAULISTA;32.209.788,62;0,00;0;0;0,00;32.209.788,62;;;;
SP;3556503;VARZEA PAULISTA;65.865.140,57;0,00;0;0;0,00;65.865.140,57;;;;
SP;3556602;VERA CRUZ;5.609.804,03;0,00;0;0;0,00;5.609.804,03;;;;
SP;3556701;VINHEDO;71.969.144,33;0,00;0;0;0,00;71.969.144,33;;;;
SP;3556800;VIRADOURO;14.847.983,40;0,00;0;0;0,00;14.847.983,40;;;;
SP;3556909;VISTA ALEGRE DO ALTO;5.826.233,43;0,00;0;0;0,00;5.826.233,43;;;;
SP;3556958;VITORIA BRASIL;1.138.858,51;0,00;0;0;0,00;1.138.858,51;;;;
SP;3557006;VOTORANTIM;78.185.413,64;0,00;0;0;0,00;78.185.413,64;;;;
SP;3557105;VOTUPORANGA;58.843.337,18;0,00;0;0;0,00;58.843.337,18;;;;
SP;3557154;ZACARIAS;1.857.589,34;0,00;0;0;0,00;1.857.589,34;;;;
TO;1700251;ABREULANDIA;3.420.098,54;0,00;0;0;0,00;3.420.098,54;;;;
TO;1700301;AGUIARNOPOLIS;6.640.462,77;0,00;0;0;0,00;6.640.462,77;;;;
TO;1700350;ALIANCA DO TOCANTINS;5.109.400,77;0,00;0;0;0,00;5.109.400,77;;;;
TO;1700400;ALMAS;7.601.156,71;0,00;0;0;0,00;7.601.156,71;;;;
TO;1700707;ALVORADA;10.434.711,52;0,00;0;0;0,00;10.434.711,52;;;;
TO;1701002;ANANAS;10.451.238,83;0,00;0;0;0,00;10.451.238,83;;;;
TO;1701051;ANGICO;3.286.473,47;0,00;0;0;0,00;3.286.473,47;;;;
TO;1701101;APARECIDA DO RIO NEGRO;7.087.755,12;0,00;0;0;0,00;7.087.755,12;;;;
TO;1701309;ARAGOMINAS;4.985.621,75;0,00;0;0;0,00;4.985.621,75;;;;
TO;1701903;ARAGUACEMA;7.109.205,46;0,00;0;0;0,00;7.109.205,46;;;;
TO;1702000;ARAGUACU;7.781.902,20;0,00;0;0;0,00;7.781.902,20;;;;
TO;1702109;ARAGUAINA;155.648.593,37;0,00;0;0;0,00;155.648.593,37;;;;
TO;1702158;ARAGUANA;4.756.349,26;0,00;0;0;0,00;4.756.349,26;;;;
TO;1702208;ARAGUATINS;28.653.786,75;0,00;0;0;0,00;28.653.786,75;;;;
TO;1702307;ARAPOEMA;5.849.964,98;0,00;0;0;0,00;5.849.964,98;;;;
TO;1702406;ARRAIAS;10.156.912,03;0,00;0;0;0,00;10.156.912,03;;;;
TO;1702554;AUGUSTINOPOLIS;14.904.821,81;0,00;0;0;0,00;14.904.821,81;;;;
TO;1702703;AURORA DO TOCANTINS;2.788.544,26;0,00;0;0;0,00;2.788.544,26;;;;
TO;1702901;AXIXA DO TOCANTINS;20.591.975,19;0,00;0;0;0,00;20.591.975,19;;;;
TO;1703008;BABACULANDIA;8.540.400,30;0,00;0;0;0,00;8.540.400,30;;;;
TO;1703057;BANDEIRANTES DO TOCANTINS;4.994.764,52;0,00;0;0;0,00;4.994.764,52;;;;
TO;1703073;BARRA DO OURO;4.985.270,11;0,00;0;0;0,00;4.985.270,11;;;;
TO;1703107;BARROLANDIA;5.544.033,89;0,00;0;0;0,00;5.544.033,89;;;;
TO;1703206;BERNARDO SAYAO;7.741.111,39;0,00;0;0;0,00;7.741.111,39;;;;
TO;1703305;BOM JESUS DO TOCANTINS;5.023.599,40;0,00;0;0;0,00;5.023.599,40;;;;
TO;1703602;BRASILANDIA DO TOCANTINS;2.441.119,07;0,00;0;0;0,00;2.441.119,07;;;;
TO;1703701;BREJINHO DE NAZARE;5.753.614,27;0,00;0;0;0,00;5.753.614,27;;;;
TO;1703800;BURITI DO TOCANTINS;10.959.717,39;0,00;0;0;0,00;10.959.717,39;;;;
TO;1703826;CACHOEIRINHA;1.920.684,58;0,00;0;0;0,00;1.920.684,58;;;;
TO;1703842;CAMPOS LINDOS;14.914.667,87;0,00;0;0;0,00;14.914.667,87;;;;
TO;1703867;CARIRI DO TOCANTINS;5.835.899,18;0,00;0;0;0,00;5.835.899,18;;;;
TO;1703883;CARMOLANDIA;3.754.161,22;0,00;0;0;0,00;3.754.161,22;;;;
TO;1703891;CARRASCO BONITO;4.927.951,98;0,00;0;0;0,00;4.927.951,98;;;;
TO;1703909;CASEARA;5.517.660,53;0,00;0;0;0,00;5.517.660,53;;;;
TO;1704105;CENTENARIO;2.684.105,72;0,00;0;0;0,00;2.684.105,72;;;;
TO;1705102;CHAPADA DA NATIVIDADE;3.647.964,46;0,00;0;0;0,00;3.647.964,46;;;;
TO;1704600;CHAPADA DE AREIA;2.557.161,90;0,00;0;0;0,00;2.557.161,90;;;;
TO;1705508;COLINAS DO TOCANTINS;42.050.403,48;0,00;0;0;0,00;42.050.403,48;;;;
TO;1716703;COLMEIA;6.576.463,40;0,00;0;0;0,00;6.576.463,40;;;;
TO;1705557;COMBINADO;3.412.362,36;0,00;0;0;0,00;3.412.362,36;;;;
TO;1705607;CONCEICAO DO TOCANTINS;5.961.084,78;0,00;0;0;0,00;5.961.084,78;;;;
TO;1706001;COUTO DE MAGALHAES;7.199.578,20;0,00;0;0;0,00;7.199.578,20;;;;
TO;1706100;CRISTALANDIA;5.134.719,20;0,00;0;0;0,00;5.134.719,20;;;;
TO;1706258;CRIXAS DO TOCANTINS;2.151.363,65;0,00;0;0;0,00;2.151.363,65;;;;
TO;1706506;DARCINOPOLIS;5.544.737,19;0,00;0;0;0,00;5.544.737,19;;;;
TO;1707009;DIANOPOLIS;18.918.848,64;0,00;0;0;0,00;18.918.848,64;;;;
TO;1707108;DIVINOPOLIS DO TOCANTINS;7.214.347,29;0,00;0;0;0,00;7.214.347,29;;;;
TO;1707207;DOIS IRMAOS DO TOCANTINS;5.325.310,75;0,00;0;0;0,00;5.325.310,75;;;;
TO;1707306;DUERE;3.411.659,07;0,00;0;0;0,00;3.411.659,07;;;;
TO;1707405;ESPERANTINA;14.053.489,45;0,00;0;0;0,00;14.053.489,45;;;;
TO;1707553;FATIMA;3.540.361,11;0,00;0;0;0,00;3.540.361,11;;;;
TO;1707652;FIGUEIROPOLIS;4.086.817,32;0,00;0;0;0,00;4.086.817,32;;;;
TO;1707702;FILADELFIA;8.486.598,63;0,00;0;0;0,00;8.486.598,63;;;;
TO;1708205;FORMOSO DO ARAGUAIA;16.576.541,79;0,00;0;0;0,00;16.576.541,79;;;;
TO;1708254;FORTALEZA DO TABOCAO;5.740.251,76;0,00;0;0;0,00;5.740.251,76;;;;
TO;1708304;GOIANORTE;4.949.753,97;0,00;0;0;0,00;4.949.753,97;;;;
TO;1709005;GOIATINS;19.328.866,62;0,00;0;0;0,00;19.328.866,62;;;;
TO;1709302;GUARAI;18.410.018,43;0,00;0;0;0,00;18.410.018,43;;;;
TO;1709500;GURUPI;64.929.828,91;0,00;0;0;0,00;64.929.828,91;;;;
TO;1709807;IPUEIRAS;2.400.328,26;0,00;0;0;0,00;2.400.328,26;;;;
TO;1710508;ITACAJA;6.306.400,09;0,00;0;0;0,00;6.306.400,09;;;;
TO;1710706;ITAGUATINS;8.685.629,66;0,00;0;0;0,00;8.685.629,66;;;;
TO;1710904;ITAPIRATINS;3.801.984,93;0,00;0;0;0,00;3.801.984,93;;;;
TO;1711100;ITAPORA DO TOCANTINS;2.114.792,58;0,00;0;0;0,00;2.114.792,58;;;;
TO;1711506;JAU DO TOCANTINS;5.381.925,58;0,00;0;0;0,00;5.381.925,58;;;;
TO;1711803;JUARINA;3.419.395,26;0,00;0;0;0,00;3.419.395,26;;;;
TO;1711902;LAGOA DA CONFUSAO;17.393.412,95;0,00;0;0;0,00;17.393.412,95;;;;
TO;1711951;LAGOA DO TOCANTINS;5.456.825,95;0,00;0;0;0,00;5.456.825,95;;;;
TO;1712009;LAJEADO;5.947.370,62;0,00;0;0;0,00;5.947.370,62;;;;
TO;1712157;LAVANDEIRA;1.846.839,15;0,00;0;0;0,00;1.846.839,15;;;;
TO;1712405;LIZARDA;2.895.444,32;0,00;0;0;0,00;2.895.444,32;;;;
TO;1712454;LUZINOPOLIS;3.547.394,01;0,00;0;0;0,00;3.547.394,01;;;;
TO;1712504;MARIANOPOLIS DO TOCANTINS;7.234.039,41;0,00;0;0;0,00;7.234.039,41;;;;
TO;1712702;MATEIROS;3.081.112,84;0,00;0;0;0,00;3.081.112,84;;;;
TO;1712801;MAURILANDIA DO TOCANTINS;5.668.516,20;0,00;0;0;0,00;5.668.516,20;;;;
TO;1713205;MIRACEMA DO TOCANTINS;14.439.243,93;0,00;0;0;0,00;14.439.243,93;;;;
TO;1713304;MIRANORTE;12.169.024,29;0,00;0;0;0,00;12.169.024,29;;;;
TO;1713601;MONTE DO CARMO;6.987.536,32;0,00;0;0;0,00;6.987.536,32;;;;
TO;1713700;MONTE SANTO DO TOCANTINS;3.459.834,42;0,00;0;0;0,00;3.459.834,42;;;;
TO;1713957;MURICILANDIA;3.346.253,11;0,00;0;0;0,00;3.346.253,11;;;;
TO;1714203;NATIVIDADE;8.557.630,91;0,00;0;0;0,00;8.557.630,91;;;;
TO;1714302;NAZARE;4.381.495,77;0,00;0;0;0,00;4.381.495,77;;;;
TO;1714880;NOVA OLINDA;12.118.035,78;0,00;0;0;0,00;12.118.035,78;;;;
TO;1715002;NOVA ROSALANDIA;2.820.895,59;0,00;0;0;0,00;2.820.895,59;;;;
TO;1715101;NOVO ACORDO;4.740.173,60;0,00;0;0;0,00;4.740.173,60;;;;
TO;1715150;NOVO ALEGRE;729.311,57;0,00;0;0;0,00;729.311,57;;;;
TO;1715259;NOVO JARDIM;2.098.265,27;0,00;0;0;0,00;2.098.265,27;;;;
TO;1715507;OLIVEIRA DE FATIMA;2.203.407,10;0,00;0;0;0,00;2.203.407,10;;;;
TO;1721000;PALMAS;353.074.713,76;0,00;0;0;0,00;353.074.713,76;;;;
TO;1715705;PALMEIRANTE;5.939.634,44;0,00;0;0;0,00;5.939.634,44;;;;
TO;1713809;PALMEIRAS DO TOCANTINS;5.396.343,03;0,00;0;0;0,00;5.396.343,03;;;;
TO;1715754;PALMEIROPOLIS;8.150.426,08;0,00;0;0;0,00;8.150.426,08;;;;
TO;1716109;PARAISO DO TOCANTINS;40.255.959,42;0,00;0;0;0,00;40.255.959,42;;;;
TO;1716208;PARANA;12.932.797,07;0,00;0;0;0,00;12.932.797,07;;;;
TO;1716307;PAU DARCO;5.038.016,85;0,00;0;0;0,00;5.038.016,85;;;;
TO;1716505;PEDRO AFONSO;14.298.585,96;0,00;0;0;0,00;14.298.585,96;;;;
TO;1716604;PEIXE;9.218.371,72;0,00;0;0;0,00;9.218.371,72;;;;
TO;1716653;PEQUIZEIRO;7.771.001,21;0,00;0;0;0,00;7.771.001,21;;;;
TO;1717008;PINDORAMA DO TOCANTINS;4.722.591,35;0,00;0;0;0,00;4.722.591,35;;;;
TO;1717206;PIRAQUE;2.674.962,95;0,00;0;0;0,00;2.674.962,95;;;;
TO;1717503;PIUM;9.127.998,98;0,00;0;0;0,00;9.127.998,98;;;;
TO;1717800;PONTE ALTA DO BOM JESUS;2.458.701,32;0,00;0;0;0,00;2.458.701,32;;;;
TO;1717909;PONTE ALTA DO TOCANTINS;7.046.261,02;0,00;0;0;0,00;7.046.261,02;;;;
TO;1718006;PORTO ALEGRE DO TOCANTINS;3.110.651,01;0,00;0;0;0,00;3.110.651,01;;;;
TO;1718204;PORTO NACIONAL;55.562.711,39;0,00;0;0;0,00;55.562.711,39;;;;
TO;1718303;PRAIA NORTE;14.628.780,55;0,00;0;0;0,00;14.628.780,55;;;;
TO;1718402;PRESIDENTE KENNEDY;2.612.721,80;0,00;0;0;0,00;2.612.721,80;;;;
TO;1718451;PUGMIL;3.116.277,33;0,00;0;0;0,00;3.116.277,33;;;;
TO;1718501;RECURSOLANDIA;6.114.401,97;0,00;0;0;0,00;6.114.401,97;;;;
TO;1718550;RIACHINHO;6.887.669,16;0,00;0;0;0,00;6.887.669,16;;;;
TO;1718659;RIO DA CONCEICAO;2.554.348,74;0,00;0;0;0,00;2.554.348,74;;;;
TO;1718709;RIO DOS BOIS;2.961.905,21;0,00;0;0;0,00;2.961.905,21;;;;
TO;1718758;RIO SONO;5.526.100,01;0,00;0;0;0,00;5.526.100,01;;;;
TO;1718808;SAMPAIO;5.892.162,37;0,00;0;0;0,00;5.892.162,37;;;;
TO;1718840;SANDOLANDIA;2.844.807,45;0,00;0;0;0,00;2.844.807,45;;;;
TO;1718865;SANTA FE DO ARAGUAIA;7.021.294,23;0,00;0;0;0,00;7.021.294,23;;;;
TO;1718881;SANTA MARIA DO TOCANTINS;3.301.242,56;0,00;0;0;0,00;3.301.242,56;;;;
TO;1718899;SANTA RITA DO TOCANTINS;2.936.938,42;0,00;0;0;0,00;2.936.938,42;;;;
TO;1718907;SANTA ROSA DO TOCANTINS;6.615.495,98;0,00;0;0;0,00;6.615.495,98;;;;
TO;1719004;SANTA TEREZA DO TOCANTINS;4.141.673,93;0,00;0;0;0,00;4.141.673,93;;;;
TO;1720002;SANTA TEREZINHA DO TOCANTINS;3.609.283,52;0,00;0;0;0,00;3.609.283,52;;;;
TO;1720101;SAO BENTO DO TOCANTINS;7.570.211,96;0,00;0;0;0,00;7.570.211,96;;;;
TO;1720150;SAO FELIX DO TOCANTINS;1.517.699,50;0,00;0;0;0,00;1.517.699,50;;;;
TO;1720200;SAO MIGUEL DO TOCANTINS;20.014.925,87;0,00;0;0;0,00;20.014.925,87;;;;
TO;1720259;SAO SALVADOR DO TOCANTINS;3.107.134,56;0,00;0;0;0,00;3.107.134,56;;;;
TO;1720309;SAO SEBASTIAO DO TOCANTINS;6.153.082,91;0,00;0;0;0,00;6.153.082,91;;;;
TO;1720499;SAO VALERIO;4.924.083,89;0,00;0;0;0,00;4.924.083,89;;;;
TO;1720655;SILVANOPOLIS;5.502.539,79;0,00;0;0;0,00;5.502.539,79;;;;
TO;1720804;SITIO NOVO DO TOCANTINS;18.736.344,92;0,00;0;0;0,00;18.736.344,92;;;;
TO;1720853;SUCUPIRA;1.450.886,96;0,00;0;0;0,00;1.450.886,96;;;;
TO;1720903;TAGUATINGA;14.562.671,30;0,00;0;0;0,00;14.562.671,30;;;;
TO;1720937;TAIPAS DO TOCANTINS;1.981.167,51;0,00;0;0;0,00;1.981.167,51;;;;
TO;1720978;TALISMA;3.683.128,95;0,00;0;0;0,00;3.683.128,95;;;;
TO;1721109;TOCANTINIA;10.735.016,29;0,00;0;0;0,00;10.735.016,29;;;;
TO;1721208;TOCANTINOPOLIS;21.079.706,70;0,00;0;0;0,00;21.079.706,70;;;;
TO;1721257;TUPIRAMA;1.936.860,25;0,00;0;0;0,00;1.936.860,25;;;;
TO;1721307;TUPIRATINS;2.020.200,10;0,00;0;0;0,00;2.020.200,10;;;;
TO;1722081;WANDERLANDIA;9.957.529,36;0,00;0;0;0,00;9.957.529,36;;;;
TO;1722107;XAMBIOA;12.851.567,09;0,00;0;0;0,00;12.851.567,09;;;;
