AC;1200013;ACRELANDIA;18.541.630,25;0,00;2.680.292,13;0,00;2.680.292,13;21.221.922,38;;;;
AC;1200054;ASSIS BRASIL;12.721.408,25;0,00;1.927.162,12;668.842,47;2.596.004,59;15.317.412,84;;;;
AC;1200104;BRASILEIA;31.208.458,02;0,00;5.562.091,10;0,00;5.562.091,10;36.770.549,12;;;;
AC;1200138;BUJARI;13.630.671,95;0,00;1.661.288,33;0,00;1.661.288,33;15.291.960,28;;;;
AC;1200179;CAPIXABA;17.530.184,96;0,00;135.622,85;0,00;135.622,85;17.665.807,81;;;;
AC;1200203;CRUZEIRO DO SUL;108.342.635,45;0,00;19.254.640,62;0,00;19.254.640,62;127.597.276,07;;;;
AC;1200252;EPITACIOLANDIA;23.806.710,34;0,00;4.039.529,93;716.875,86;4.756.405,79;28.563.116,13;;;;
AC;1200302;FEIJO;39.137.531,55;0,00;4.978.727,50;0,00;4.978.727,50;44.116.259,05;;;;
AC;1200328;JORDAO;27.928.742,57;0,00;7.762.134,65;673.952,51;8.436.087,16;36.364.829,73;;;;
AC;1200336;MANCIO LIMA;29.264.776,95;0,00;5.666.578,92;0,00;5.666.578,92;34.931.355,87;;;;
AC;1200344;MANOEL URBANO;21.054.223,01;0,00;2.863.192,40;0,00;2.863.192,40;23.917.415,41;;;;
AC;1200351;MARECHAL THAUMATURGO;45.782.079,73;0,00;4.681.835,85;0,00;4.681.835,85;50.463.915,58;;;;
AC;1200385;PLACIDO DE CASTRO;19.669.809,46;0,00;1.760.618,08;0,00;1.760.618,08;21.430.427,54;;;;
AC;1200807;PORTO ACRE;25.629.854,51;0,00;7.378.957,33;0,00;7.378.957,33;33.008.811,84;;;;
AC;1200393;PORTO WALTER;28.364.858,30;0,00;2.033.544,27;0,00;2.033.544,27;30.398.402,57;;;;
AC;1200401;RIO BRANCO;211.502.802,47;0,00;0,00;0,00;0,00;211.502.802,47;;;;
AC;1200427;RODRIGUES ALVES;43.705.822,82;0,00;14.635.288,06;2.246.160,62;16.881.448,68;60.587.271,50;;;;
AC;1200435;SANTA ROSA DO PURUS;19.827.216,72;0,00;1.953.482,50;0,00;1.953.482,50;21.780.699,22;;;;
AC;1200500;SENA MADUREIRA;48.998.231,94;0,00;5.206.521,26;0,00;5.206.521,26;54.204.753,20;;;;
AC;1200450;SENADOR GUIOMARD;21.044.494,40;0,00;2.778.062,51;0,00;2.778.062,51;23.822.556,91;;;;
AC;1200609;TARAUACA;64.864.041,58;0,00;7.888.559,98;1.290.373,38;9.178.933,36;74.042.974,94;;;;
AC;1200708;XAPURI;14.109.848,00;0,00;2.074.867,40;703.045,98;2.777.913,38;16.887.761,38;;;;
AL;2700102;AGUA BRANCA;35.719.039,39;6.934.307,53;19.832.636,24;2.512.844,09;29.279.787,86;64.998.827,25;;;;
AL;2700201;ANADIA;20.921.410,76;4.061.573,29;12.040.024,26;0,00;16.101.597,55;37.023.008,31;;;;
AL;2700300;ARAPIRACA;197.879.258,26;38.415.244,47;83.313.885,17;0,00;121.729.129,64;319.608.387,90;;;;
AL;2700409;ATALAIA;58.440.711,86;11.345.374,21;23.519.749,86;4.197.145,50;39.062.269,57;97.502.981,43;;;;
AL;2700508;BARRA DE SANTO ANTONIO;23.234.662,36;4.510.655,85;9.017.427,62;1.701.735,15;15.229.818,62;38.464.480,98;;;;
AL;2700607;BARRA DE SAO MIGUEL;13.546.263,31;2.629.800,73;1.546.403,06;912.968,03;5.089.171,82;18.635.435,13;;;;
AL;2700706;BATALHA;25.991.246,34;5.045.804,66;7.794.552,30;0,00;12.840.356,96;38.831.603,30;;;;
AL;2700805;BELEM;11.569.137,14;2.245.971,79;5.617.606,07;0,00;7.863.577,86;19.432.715,00;;;;
AL;2700904;BELO MONTE;14.209.606,40;2.758.578,68;8.856.435,51;1.041.367,52;12.656.381,71;26.865.988,11;;;;
AL;2701001;BOCA DA MATA;33.334.097,51;6.471.307,38;6.571.342,94;2.795.085,40;15.837.735,72;49.171.833,23;;;;
AL;2701100;BRANQUINHA;22.391.135,28;4.346.897,92;14.245.401,57;1.976.580,51;20.568.880,00;42.960.015,28;;;;
AL;2701209;CACIMBINHAS;19.526.758,66;3.790.822,82;5.692.192,95;739.078,22;10.222.093,99;29.748.852,65;;;;
AL;2701308;CAJUEIRO;29.502.511,92;5.727.463,39;15.883.464,28;1.861.727,29;23.472.654,96;52.975.166,88;;;;
AL;2701357;CAMPESTRE;11.315.479,03;2.196.727,93;7.014.559,49;900.605,51;10.111.892,93;21.427.371,96;;;;
AL;2701407;CAMPO ALEGRE;76.042.917,37;14.762.574,35;45.747.569,48;0,00;60.510.143,83;136.553.061,20;;;;
AL;2701506;CAMPO GRANDE;13.349.487,73;2.591.599,74;0,00;1.105.689,48;3.697.289,22;17.046.776,95;;;;
AL;2701605;CANAPI;38.485.532,44;7.471.380,03;19.322.181,55;3.075.534,90;29.869.096,48;68.354.628,92;;;;
AL;2701704;CAPELA;25.045.297,49;4.862.163,09;13.462.999,34;1.922.425,58;20.247.588,01;45.292.885,50;;;;
AL;2701803;CARNEIROS;16.716.485,10;3.245.251,01;9.871.701,02;0,00;13.116.952,03;29.833.437,13;;;;
AL;2701902;CHA PRETA;8.717.425,68;1.692.355,44;3.470.163,26;659.535,95;5.822.054,65;14.539.480,33;;;;
AL;2702009;COITE DO NOIA;16.690.768,17;3.240.258,45;9.379.145,00;0,00;12.619.403,45;29.310.171,62;;;;
AL;2702108;COLONIA LEOPOLDINA;30.649.659,80;5.950.164,69;19.970.372,96;2.402.409,01;28.322.946,66;58.972.606,46;;;;
AL;2702207;COQUEIRO SECO;7.327.081,87;1.422.441,36;388.814,83;340.072,33;2.151.328,52;9.478.410,39;;;;
AL;2702306;CORURIPE;84.125.473,33;16.331.679,50;39.754.210,01;7.749.965,63;63.835.855,14;147.961.328,47;;;;
AL;2702355;CRAIBAS;46.263.425,65;8.981.339,54;27.639.947,13;1.501.255,72;38.122.542,39;84.385.968,04;;;;
AL;2702405;DELMIRO GOUVEIA;59.724.973,26;11.594.694,00;25.062.695,42;0,00;36.657.389,42;96.382.362,68;;;;
AL;2702504;DOIS RIACHOS;22.025.069,64;4.275.831,85;12.475.237,08;1.746.265,68;18.497.334,61;40.522.404,25;;;;
AL;2702553;ESTRELA DE ALAGOAS;20.167.558,62;3.915.224,37;7.718.293,58;1.571.076,49;13.204.594,44;33.372.153,06;;;;
AL;2702603;FEIRA GRANDE;34.235.321,26;6.646.266,25;19.127.237,73;2.284.500,70;28.058.004,68;62.293.325,94;;;;
AL;2702702;FELIZ DESERTO;6.914.410,02;1.342.327,40;1.623.763,93;547.732,31;3.513.823,64;10.428.233,66;;;;
AL;2702801;FLEXEIRAS;15.430.507,75;2.995.598,09;4.334.200,75;587.234,86;7.917.033,70;23.347.541,45;;;;
AL;2702900;GIRAU DO PONCIANO;85.017.771,89;16.504.905,67;25.179.739,77;6.047.011,84;47.731.657,28;132.749.429,17;;;;
AL;2703007;IBATEGUARA;23.161.863,51;4.496.523,07;15.291.169,27;2.047.545,81;21.835.238,15;44.997.101,66;;;;
AL;2703106;IGACI;29.095.043,84;5.648.359,67;13.684.952,50;2.178.273,50;21.511.585,67;50.606.629,51;;;;
AL;2703205;IGREJA NOVA;33.586.930,02;6.520.390,97;14.866.522,39;0,00;21.386.913,36;54.973.843,38;;;;
AL;2703304;INHAPI;31.985.200,02;6.209.439,48;16.335.872,48;0,00;22.545.311,96;54.530.511,98;;;;
AL;2703403;JACARE DOS HOMENS;14.919.568,28;2.896.406,97;10.081.695,23;998.483,50;13.976.585,70;28.896.153,98;;;;
AL;2703502;JACUIPE;10.056.369,59;1.952.291,01;172.410,51;736.959,90;2.861.661,42;12.918.031,01;;;;
AL;2703601;JAPARATINGA;14.259.086,70;2.768.184,53;5.724.158,83;1.041.049,24;9.533.392,60;23.792.479,30;;;;
AL;2703700;JARAMATAIA;9.465.178,22;1.837.520,21;5.781.790,32;548.772,13;8.168.082,66;17.633.260,88;;;;
AL;2703759;JEQUIA DA PRAIA;15.053.125,70;2.922.335,11;4.133.184,66;0,00;7.055.519,77;22.108.645,47;;;;
AL;2703809;JOAQUIM GOMES;19.983.099,05;3.879.414,36;5.439.615,28;1.521.899,99;10.840.929,63;30.824.028,68;;;;
AL;2703908;JUNDIA;10.129.796,60;1.966.545,74;4.361.067,55;754.987,92;7.082.601,21;17.212.397,81;;;;
AL;2704005;JUNQUEIRO;32.863.765,81;6.379.999,65;12.968.045,30;0,00;19.348.044,95;52.211.810,76;;;;
AL;2704104;LAGOA DA CANOA;38.974.249,83;7.566.257,06;18.459.428,28;2.649.712,15;28.675.397,49;67.649.647,32;;;;
AL;2704203;LIMOEIRO DE ANADIA;49.459.420,74;9.601.793,32;30.245.754,41;3.519.859,08;43.367.406,81;92.826.827,55;;;;
AL;2704302;MACEIO;356.399.484,39;69.189.532,26;0,00;0,00;69.189.532,26;425.589.016,65;;;;
AL;2704401;MAJOR ISIDORO;33.749.888,93;6.552.026,96;18.524.484,32;2.299.163,83;27.375.675,11;61.125.564,04;;;;
AL;2704906;MAR VERMELHO;4.370.396,45;848.445,91;680.912,32;355.957,85;1.885.316,08;6.255.712,53;;;;
AL;2704500;MARAGOGI;40.606.764,02;7.883.184,83;5.999.093,29;3.287.589,66;17.169.867,78;57.776.631,80;;;;
AL;2704609;MARAVILHA;23.263.554,40;4.516.264,81;7.729.019,86;792.589,38;13.037.874,05;36.301.428,45;;;;
AL;2704708;MARECHAL DEODORO;78.230.045,41;15.187.171,95;24.711.154,93;0,00;39.898.326,88;118.128.372,29;;;;
AL;2704807;MARIBONDO;14.018.205,84;2.721.421,18;6.193.033,43;981.645,13;9.896.099,74;23.914.305,58;;;;
AL;2705002;MATA GRANDE;34.449.699,21;6.687.884,47;12.091.325,82;1.213.319,66;19.992.529,95;54.442.229,16;;;;
AL;2705101;MATRIZ DE CAMARAGIBE;29.249.468,73;5.678.338,91;10.080.425,66;0,00;15.758.764,57;45.008.233,30;;;;
AL;2705200;MESSIAS;20.380.788,96;3.956.619,80;5.373.706,03;0,00;9.330.325,83;29.711.114,79;;;;
AL;2705309;MINADOR DO NEGRAO;10.026.680,41;1.946.527,31;4.624.714,97;0,00;6.571.242,28;16.597.922,69;;;;
AL;2705408;MONTEIROPOLIS;14.221.072,06;2.760.804,57;9.215.004,06;1.023.232,87;12.999.041,50;27.220.113,56;;;;
AL;2705507;MURICI;44.472.952,87;8.633.746,52;21.686.762,85;1.955.924,12;32.276.433,49;76.749.386,36;;;;
AL;2705606;NOVO LINO;23.150.733,90;4.494.362,42;11.747.567,25;2.096.326,18;18.338.255,85;41.488.989,75;;;;
AL;2705705;OLHO DAGUA DAS FLORES;27.520.512,96;5.342.688,48;13.345.529,15;2.323.845,04;21.012.062,67;48.532.575,63;;;;
AL;2705804;OLHO DAGUA DO CASADO;13.290.184,26;2.580.086,88;7.394.458,21;960.409,73;10.934.954,82;24.225.139,08;;;;
AL;2705903;OLHO DAGUA GRANDE;11.149.635,97;2.164.532,02;2.671.067,35;876.094,87;5.711.694,24;16.861.330,21;;;;
AL;2706000;OLIVENCA;21.071.017,85;4.090.617,23;12.932.330,31;1.811.804,82;18.834.752,36;39.905.770,21;;;;
AL;2706109;OURO BRANCO;18.409.912,40;3.574.004,12;7.024.171,75;1.421.824,01;12.019.999,88;30.429.912,28;;;;
AL;2706208;PALESTINA;7.619.009,70;1.479.114,70;3.764.438,67;301.011,81;5.544.565,18;13.163.574,88;;;;
AL;2706307;PALMEIRA DOS INDIOS;68.417.326,60;13.282.182,03;26.986.407,57;0,00;40.268.589,60;108.685.916,20;;;;
AL;2706406;PAO DE ACUCAR;32.715.063,06;6.351.131,27;15.719.137,74;2.450.036,54;24.520.305,55;57.235.368,61;;;;
AL;2706422;PARICONHA;15.817.631,65;3.070.752,30;9.162.613,28;525.129,33;12.758.494,91;28.576.126,56;;;;
AL;2706448;PARIPUEIRA;18.927.741,91;3.674.532,84;5.392.559,25;0,00;9.067.092,09;27.994.834,00;;;;
AL;2706505;PASSO DE CAMARAGIBE;20.171.877,76;3.916.062,87;9.923.954,38;1.558.215,45;15.398.232,70;35.570.110,46;;;;
AL;2706604;PAULO JACINTO;7.336.465,80;1.424.263,11;2.108.381,09;561.385,89;4.094.030,09;11.430.495,89;;;;
AL;2706703;PENEDO;63.189.075,63;12.267.196,72;37.873.040,63;5.157.780,52;55.298.017,87;118.487.093,50;;;;
AL;2706802;PIACABUCU;23.182.894,81;4.500.605,97;12.025.550,57;1.754.972,19;18.281.128,73;41.464.023,54;;;;
AL;2706901;PILAR;56.920.186,43;11.050.187,35;26.094.745,09;4.616.713,77;41.761.646,21;98.681.832,64;;;;
AL;2707008;PINDOBA;3.341.038,51;648.611,74;118.731,03;0,00;767.342,77;4.108.381,28;;;;
AL;2707107;PIRANHAS;30.793.742,24;5.978.136,10;15.493.132,32;2.453.417,17;23.924.685,59;54.718.427,83;;;;
AL;2707206;POCO DAS TRINCHEIRAS;24.448.333,15;4.746.271,56;11.340.672,55;1.809.035,54;17.895.979,65;42.344.312,80;;;;
AL;2707305;PORTO CALVO;41.638.012,66;8.083.386,05;24.155.608,63;3.135.896,90;35.374.891,58;77.012.904,24;;;;
AL;2707404;PORTO DE PEDRAS;16.182.430,63;3.141.572,46;4.563.912,64;547.852,40;8.253.337,50;24.435.768,13;;;;
AL;2707503;PORTO REAL DO COLEGIO;23.030.275,72;4.470.977,30;13.985.105,46;1.508.398,91;19.964.481,67;42.994.757,39;;;;
AL;2707602;QUEBRANGULO;23.726.511,87;4.606.140,95;13.394.945,22;0,00;18.001.086,17;41.727.598,04;;;;
AL;2707701;RIO LARGO;102.360.265,34;19.871.686,66;45.121.473,49;8.456.164,72;73.449.324,87;175.809.590,21;;;;
AL;2707800;ROTEIRO;10.428.426,41;2.024.520,17;1.303.758,94;782.669,69;4.110.948,80;14.539.375,21;;;;
AL;2707909;SANTA LUZIA DO NORTE;9.918.696,92;1.925.563,95;3.003.083,44;662.348,00;5.590.995,39;15.509.692,31;;;;
AL;2708006;SANTANA DO IPANEMA;45.155.563,22;8.766.264,92;24.511.402,21;3.722.112,88;36.999.780,01;82.155.343,23;;;;
AL;2708105;SANTANA DO MUNDAU;23.789.127,21;4.618.296,76;16.352.589,26;2.158.314,32;23.129.200,34;46.918.327,55;;;;
AL;2708204;SAO BRAS;8.052.519,26;1.563.273,98;2.077.408,91;721.798,16;4.362.481,05;12.415.000,31;;;;
AL;2708303;SAO JOSE DA LAJE;25.814.688,84;5.011.528,70;12.496.692,68;2.528.548,95;20.036.770,33;45.851.459,17;;;;
AL;2708402;SAO JOSE DA TAPERA;47.681.438,94;9.256.625,23;22.207.447,77;0,00;31.464.073,00;79.145.511,94;;;;
AL;2708501;SAO LUIS DO QUITUNDE;35.844.993,77;6.958.759,66;11.081.249,75;2.677.395,69;20.717.405,10;56.562.398,87;;;;
AL;2708600;SAO MIGUEL DOS CAMPOS;61.921.206,58;12.021.059,25;27.356.964,22;5.363.354,82;44.741.378,29;106.662.584,87;;;;
AL;2708709;SAO MIGUEL DOS MILAGRES;15.054.666,27;2.922.634,19;6.211.414,59;1.082.004,24;10.216.053,02;25.270.719,29;;;;
AL;2708808;SAO SEBASTIAO;45.420.408,32;8.817.680,57;17.080.773,08;3.251.093,63;29.149.547,28;74.569.955,60;;;;
AL;2708907;SATUBA;23.748.791,14;4.610.466,13;11.388.176,25;891.578,37;16.890.220,75;40.639.011,89;;;;
AL;2708956;SENADOR RUI PALMEIRA;21.692.256,29;4.211.221,20;10.411.786,31;1.490.210,61;16.113.218,12;37.805.474,41;;;;
AL;2709004;TANQUE DARCA;11.128.618,81;2.160.451,86;4.669.000,67;781.883,66;7.611.336,19;18.739.955,00;;;;
AL;2709103;TAQUARANA;39.878.253,50;7.741.755,61;22.650.291,85;2.483.748,65;32.875.796,11;72.754.049,61;;;;
AL;2709152;TEOTONIO VILELA;78.349.931,75;15.210.446,05;22.301.127,83;6.273.943,80;43.785.517,68;122.135.449,43;;;;
AL;2709202;TRAIPU;53.514.111,61;10.388.949,80;45.272.365,14;3.610.855,66;59.272.170,60;112.786.282,21;;;;
AL;2709301;UNIAO DOS PALMARES;85.228.058,60;16.545.729,63;51.028.545,69;7.946.885,13;75.521.160,45;160.749.219,05;;;;
AL;2709400;VICOSA;27.295.517,61;5.299.009,06;10.038.638,94;1.084.827,58;16.422.475,58;43.717.993,19;;;;
AM;1300029;ALVARAES;29.261.320,90;8.144.999,49;19.449.334,08;1.921.775,36;29.516.108,93;58.777.429,83;;;;
AM;1300060;AMATURA;18.342.466,53;5.105.695,03;11.658.418,69;0,00;16.764.113,72;35.106.580,25;;;;
AM;1300086;ANAMA;10.954.147,41;3.049.128,42;2.803.722,56;406.357,18;6.259.208,16;17.213.355,57;;;;
AM;1300102;ANORI;15.494.875,29;4.313.057,22;7.315.493,68;0,00;11.628.550,90;27.123.426,19;;;;
AM;1300144;APUI;12.596.544,37;3.506.295,83;4.197.105,95;0,00;7.703.401,78;20.299.946,15;;;;
AM;1300201;ATALAIA DO NORTE;26.341.624,72;7.332.291,00;15.466.556,58;0,00;22.798.847,58;49.140.472,30;;;;
AM;1300300;AUTAZES;46.216.014,25;12.864.402,60;26.570.977,37;1.332.612,81;40.767.992,78;86.984.007,03;;;;
AM;1300409;BARCELOS;18.997.738,46;5.288.092,45;11.703.028,06;0,00;16.991.120,51;35.988.858,97;;;;
AM;1300508;BARREIRINHA;55.032.444,85;15.318.489,45;32.363.894,94;3.289.616,67;50.972.001,06;106.004.445,91;;;;
AM;1300607;BENJAMIN CONSTANT;75.695.621,94;21.070.163,05;61.892.298,18;4.754.328,93;87.716.790,16;163.412.412,10;;;;
AM;1300631;BERURI;28.753.737,54;8.003.711,74;8.144.737,14;0,00;16.148.448,88;44.902.186,42;;;;
AM;1300680;BOA VISTA DO RAMOS;23.396.071,76;6.512.385,18;14.173.418,32;747.999,25;21.433.802,75;44.829.874,51;;;;
AM;1300706;BOCA DO ACRE;30.368.169,31;8.453.094,94;14.152.269,21;2.510.775,66;25.116.139,81;55.484.309,12;;;;
AM;1300805;BORBA;40.571.739,85;11.293.297,44;23.709.322,81;1.175.248,19;36.177.868,44;76.749.608,29;;;;
AM;1300839;CAAPIRANGA;13.689.021,07;3.810.390,86;1.614.680,82;890.820,88;6.315.892,56;20.004.913,63;;;;
AM;1300904;CANUTAMA;14.042.993,13;3.908.920,32;6.596.004,54;0,00;10.504.924,86;24.547.917,99;;;;
AM;1301001;CARAUARI;27.766.099,63;7.728.798,99;13.859.729,25;968.264,07;22.556.792,31;50.322.891,94;;;;
AM;1301100;CAREIRO;41.606.279,78;11.581.265,55;17.726.224,20;1.400.851,75;30.708.341,50;72.314.621,28;;;;
AM;1301159;CAREIRO DA VARZEA;21.030.468,26;5.853.910,49;10.778.934,77;1.528.659,59;18.161.504,85;39.191.973,11;;;;
AM;1301209;COARI;63.216.645,26;17.596.592,62;17.845.778,47;2.044.309,83;37.486.680,92;100.703.326,18;;;;
AM;1301308;CODAJAS;20.156.651,27;5.610.680,22;8.931.025,22;0,00;14.541.705,44;34.698.356,71;;;;
AM;1301407;EIRUNEPE;34.356.791,35;9.563.342,99;13.591.951,93;0,00;23.155.294,92;57.512.086,27;;;;
AM;1301506;ENVIRA;17.676.573,38;4.920.341,15;7.452.555,53;0,00;12.372.896,68;30.049.470,06;;;;
AM;1301605;FONTE BOA;34.146.105,18;9.504.697,69;16.578.693,84;824.641,26;26.908.032,79;61.054.137,97;;;;
AM;1301654;GUAJARA;13.553.245,73;3.772.597,28;5.923.229,86;1.101.240,13;10.797.067,27;24.350.313,00;;;;
AM;1301704;HUMAITA;55.672.218,72;15.496.572,92;25.990.010,84;4.362.451,31;45.849.035,07;101.521.253,79;;;;
AM;1301803;IPIXUNA;21.521.548,26;5.990.604,46;14.966.345,89;725.377,12;21.682.327,47;43.203.875,73;;;;
AM;1301852;IRANDUBA;64.551.828,54;17.968.245,95;28.117.055,54;0,00;46.085.301,49;110.637.130,03;;;;
AM;1301902;ITACOATIARA;93.143.963,76;25.926.975,07;32.073.716,04;7.165.309,29;65.166.000,40;158.309.964,16;;;;
AM;1301951;ITAMARATI;17.042.655,40;4.743.887,68;10.235.362,53;0,00;14.979.250,21;32.021.905,61;;;;
AM;1302009;ITAPIRANGA;10.488.143,46;2.919.414,45;5.208.181,43;776.489,51;8.904.085,39;19.392.228,85;;;;
AM;1302108;JAPURA;21.170.841,01;5.892.983,77;14.804.308,18;1.269.429,70;21.966.721,65;43.137.562,66;;;;
AM;1302207;JURUA;15.364.965,64;4.276.896,37;8.924.347,58;531.710,79;13.732.954,74;29.097.920,38;;;;
AM;1302306;JUTAI;47.366.904,92;13.184.757,38;31.468.912,78;3.062.035,30;47.715.705,46;95.082.610,38;;;;
AM;1302405;LABREA;48.609.069,33;13.530.518,54;29.049.259,87;3.392.950,45;45.972.728,86;94.581.798,19;;;;
AM;1302504;MANACAPURU;102.308.493,65;28.477.956,67;45.836.449,87;0,00;74.314.406,54;176.622.900,19;;;;
AM;1302553;MANAQUIRI;25.125.263,83;6.993.712,34;11.772.313,64;1.902.620,83;20.668.646,81;45.793.910,64;;;;
AM;1302603;MANAUS;1.286.187.899,80;358.015.273,00;0,00;0,00;358.015.273,00;1.644.203.172,80;;;;
AM;1302702;MANICORE;68.488.660,94;19.064.078,15;39.742.909,90;0,00;58.806.988,05;127.295.648,99;;;;
AM;1302801;MARAA;30.093.173,19;8.376.548,72;19.750.200,26;1.753.111,72;29.879.860,70;59.973.033,89;;;;
AM;1302900;MAUES;70.212.120,74;19.543.809,72;37.973.844,01;0,00;57.517.653,73;127.729.774,47;;;;
AM;1303007;NHAMUNDA;20.888.774,63;5.814.469,53;9.169.576,18;699.274,21;15.683.319,92;36.572.094,55;;;;
AM;1303106;NOVA OLINDA DO NORTE;38.303.430,39;10.661.904,91;21.480.329,57;2.661.860,86;34.804.095,34;73.107.525,73;;;;
AM;1303205;NOVO AIRAO;17.072.940,65;4.752.317,69;6.017.683,78;1.486.862,55;12.256.864,02;29.329.804,67;;;;
AM;1303304;NOVO ARIPUANA;16.519.977,55;4.598.398,31;7.867.148,40;0,00;12.465.546,71;28.985.524,26;;;;
AM;1303403;PARINTINS;95.866.682,47;26.684.854,13;45.661.859,37;0,00;72.346.713,50;168.213.395,97;;;;
AM;1303502;PAUINI;21.177.435,82;5.894.819,47;10.047.469,37;1.448.382,96;17.390.671,80;38.568.107,62;;;;
AM;1303536;PRESIDENTE FIGUEIREDO;45.755.795,16;12.736.298,87;8.938.528,28;0,00;21.674.827,15;67.430.622,31;;;;
AM;1303569;RIO PRETO DA EVA;34.711.600,19;9.662.105,38;15.329.657,18;2.798.155,30;27.789.917,86;62.501.518,05;;;;
AM;1303601;SANTA ISABEL DO RIO NEGRO;21.201.452,41;5.901.504,57;16.286.479,74;599.563,74;22.787.548,05;43.989.000,46;;;;
AM;1303700;SANTO ANTONIO DO ICA;50.951.970,50;14.182.673,95;41.463.043,38;3.318.561,53;58.964.278,86;109.916.249,36;;;;
AM;1303809;SAO GABRIEL DA CACHOEIRA;81.859.472,80;22.785.894,27;71.860.530,76;0,00;94.646.425,03;176.505.897,83;;;;
AM;1303908;SAO PAULO DE OLIVENCA;61.848.124,36;17.215.659,65;49.339.311,86;0,00;66.554.971,51;128.403.095,87;;;;
AM;1303957;SAO SEBASTIAO DO UATUMA;9.940.873,22;2.767.079,71;4.518.823,64;379.448,99;7.665.352,34;17.606.225,56;;;;
AM;1304005;SILVES;14.951.891,10;4.161.915,52;6.811.297,50;638.365,73;11.611.578,75;26.563.469,85;;;;
AM;1304062;TABATINGA;108.651.774,12;30.243.632,82;87.966.282,74;6.773.257,69;124.983.173,25;233.634.947,37;;;;
AM;1304104;TAPAUA;31.009.315,93;8.631.560,53;19.514.137,74;2.025.855,55;30.171.553,82;61.180.869,75;;;;
AM;1304203;TEFE;101.102.030,40;28.142.133,06;74.713.897,25;0,00;102.856.030,31;203.958.060,71;;;;
AM;1304237;TONANTINS;30.716.961,90;8.550.182,67;18.497.321,86;1.129.237,64;28.176.742,17;58.893.704,07;;;;
AM;1304260;UARINI;21.819.198,28;6.073.456,48;11.575.201,36;0,00;17.648.657,84;39.467.856,12;;;;
AM;1304302;URUCARA;16.985.130,87;4.727.875,50;10.167.068,14;575.713,44;15.470.657,08;32.455.787,95;;;;
AM;1304401;URUCURITUBA;19.094.141,00;5.314.926,46;9.698.622,05;1.473.463,91;16.487.012,42;35.581.153,42;;;;
AP;1600105;AMAPA;12.627.112,65;0,00;956.142,97;0,00;956.142,97;13.583.255,62;;;;
AP;1600204;CALCOENE;16.704.756,54;0,00;0,00;347.594,53;347.594,53;17.052.351,07;;;;
AP;1600212;CUTIAS;7.844.534,58;0,00;0,00;0,00;0,00;7.844.534,58;;;;
AP;1600238;FERREIRA GOMES;15.589.116,98;0,00;0,00;0,00;0,00;15.589.116,98;;;;
AP;1600253;ITAUBAL;10.898.825,45;0,00;1.522.366,95;0,00;1.522.366,95;12.421.192,40;;;;
AP;1600279;LARANJAL DO JARI;63.815.344,76;0,00;0,00;3.152.283,15;3.152.283,15;66.967.627,91;;;;
AP;1600303;MACAPA;343.117.295,00;0,00;0,00;17.260.854,01;17.260.854,01;360.378.149,01;;;;
AP;1600402;MAZAGAO;57.117.974,11;0,00;14.739.733,12;1.056.232,63;15.795.965,75;72.913.939,86;;;;
AP;1600501;OIAPOQUE;44.157.644,77;0,00;0,00;0,00;0,00;44.157.644,77;;;;
AP;1600154;PEDRA BRANCA DO AMAPARI;16.776.254,30;0,00;0,00;932.057,16;932.057,16;17.708.311,46;;;;
AP;1600535;PORTO GRANDE;29.367.653,04;0,00;0,00;0,00;0,00;29.367.653,04;;;;
AP;1600550;PRACUUBA;6.584.574,98;0,00;0,00;0,00;0,00;6.584.574,98;;;;
AP;1600600;SANTANA;113.152.248,64;0,00;4.538.276,34;5.341.999,91;9.880.276,25;123.032.524,89;;;;
AP;1600055;SERRA DO NAVIO;5.294.357,06;0,00;0,00;0,00;0,00;5.294.357,06;;;;
AP;1600709;TARTARUGALZINHO;22.911.385,90;0,00;3.516.212,26;1.022.184,30;4.538.396,56;27.449.782,46;;;;
AP;1600808;VITORIA DO JARI;25.679.574,28;0,00;1.104.934,28;0,00;1.104.934,28;26.784.508,56;;;;
BA;2900108;ABAIRA;4.905.768,12;1.583.670,09;628.586,66;0,00;2.212.256,75;7.118.024,87;;;;
BA;2900207;ABARE;21.244.314,05;6.858.046,25;9.873.479,81;0,00;16.731.526,06;37.975.840,11;;;;
BA;2900306;ACAJUTIBA;23.327.796,81;7.530.631,92;20.233.323,09;1.523.824,52;29.287.779,53;52.615.576,34;;;;
BA;2900355;ADUSTINA;15.903.468,35;5.133.925,31;7.824.746,05;1.415.976,59;14.374.647,95;30.278.116,30;;;;
BA;2900405;AGUA FRIA;16.890.106,76;5.452.429,91;5.635.240,73;0,00;11.087.670,64;27.977.777,40;;;;
BA;2900603;AIQUARA;6.633.209,37;2.141.319,16;534.843,06;539.305,15;3.215.467,37;9.848.676,74;;;;
BA;2900702;ALAGOINHAS;63.863.369,96;20.616.243,19;0,00;0,00;20.616.243,19;84.479.613,15;;;;
BA;2900801;ALCOBACA;29.880.219,93;9.645.871,82;10.595.356,46;0,00;20.241.228,28;50.121.448,21;;;;
BA;2900900;ALMADINA;4.963.140,19;1.602.190,82;1.313.314,65;0,00;2.915.505,47;7.878.645,66;;;;
BA;2901007;AMARGOSA;31.420.349,44;10.143.053,29;11.494.392,77;0,00;21.637.446,06;53.057.795,50;;;;
BA;2901106;AMELIA RODRIGUES;22.500.367,02;7.263.522,72;9.085.195,84;0,00;16.348.718,56;38.849.085,58;;;;
BA;2901155;AMERICA DOURADA;20.902.934,63;6.747.842,84;11.130.402,64;815.222,04;18.693.467,52;39.596.402,15;;;;
BA;2901205;ANAGE;18.707.488,72;6.039.113,46;6.124.090,16;0,00;12.163.203,62;30.870.692,34;;;;
BA;2901304;ANDARAI;14.516.982,75;4.686.342,85;5.408.255,85;0,00;10.094.598,70;24.611.581,45;;;;
BA;2901353;ANDORINHA;23.284.782,71;7.516.746,19;11.659.463,84;1.559.342,48;20.735.552,51;44.020.335,22;;;;
BA;2901403;ANGICAL;14.450.823,62;4.664.985,49;5.578.950,31;0,00;10.243.935,80;24.694.759,42;;;;
BA;2901502;ANGUERA;17.578.003,16;5.674.495,22;17.795.377,25;1.669.303,84;25.139.176,31;42.717.179,47;;;;
BA;2901601;ANTAS;24.396.037,10;7.875.479,07;15.249.681,74;1.880.478,11;25.005.638,92;49.401.676,02;;;;
BA;2901700;ANTONIO CARDOSO;13.113.979,71;4.233.428,25;5.071.060,95;0,00;9.304.489,20;22.418.468,91;;;;
BA;2901809;ANTONIO GONCALVES;12.703.670,48;4.100.973,07;5.081.675,24;439.764,88;9.622.413,19;22.326.083,67;;;;
BA;2901908;APORA;19.241.896,22;6.211.629,80;10.526.508,86;1.391.314,32;18.129.452,98;37.371.349,20;;;;
BA;2901957;APUAREMA;7.086.906,78;2.287.780,83;905.919,96;199.258,99;3.392.959,78;10.479.866,56;;;;
BA;2902054;ARACAS;13.553.638,42;4.375.357,98;1.342.102,98;0,00;5.717.460,96;19.271.099,38;;;;
BA;2902005;ARACATU;14.022.391,00;4.526.679,74;6.706.455,25;567.991,36;11.801.126,35;25.823.517,35;;;;
BA;2902104;ARACI;96.644.480,63;31.198.574,65;82.859.463,81;0,00;114.058.038,46;210.702.519,09;;;;
BA;2902203;ARAMARI;19.294.005,78;6.228.451,70;22.350.629,53;0,00;28.579.081,23;47.873.087,01;;;;
BA;2902252;ARATACA;9.504.729,50;3.068.297,44;3.389.437,53;0,00;6.457.734,97;15.962.464,47;;;;
BA;2902302;ARATUIPE;10.235.205,96;3.304.108,37;4.625.580,49;726.319,30;8.656.008,16;18.891.214,12;;;;
BA;2902401;AURELINO LEAL;17.138.600,75;5.532.648,24;7.526.009,57;1.259.921,51;14.318.579,32;31.457.180,07;;;;
BA;2902500;BAIANOPOLIS;13.049.777,66;4.212.702,68;1.285.051,95;565.257,72;6.063.012,35;19.112.790,01;;;;
BA;2902609;BAIXA GRANDE;18.246.312,47;5.890.237,48;6.917.124,14;0,00;12.807.361,62;31.053.674,09;;;;
BA;2902658;BANZAE;19.153.139,29;6.182.977,47;12.671.040,60;1.501.576,64;20.355.594,71;39.508.734,00;;;;
BA;2902708;BARRA;59.705.783,44;19.274.099,57;26.421.659,18;0,00;45.695.758,75;105.401.542,19;;;;
BA;2902807;BARRA DA ESTIVA;22.152.204,44;7.151.129,58;8.531.422,74;0,00;15.682.552,32;37.834.756,76;;;;
BA;2902906;BARRA DO CHOCA;41.569.156,14;13.419.270,43;18.372.422,96;3.283.764,67;35.075.458,06;76.644.614,20;;;;
BA;2903003;BARRA DO MENDES;13.077.844,55;4.221.763,18;4.917.966,23;0,00;9.139.729,41;22.217.573,96;;;;
BA;2903102;BARRA DO ROCHA;4.955.175,67;1.599.619,73;0,00;0,00;1.599.619,73;6.554.795,40;;;;
BA;2903201;BARREIRAS;135.855.179,62;43.856.492,75;27.568.859,80;0,00;71.425.352,55;207.280.532,17;;;;
BA;2903235;BARRO ALTO;16.765.986,55;5.412.361,68;10.640.745,54;1.021.384,94;17.074.492,16;33.840.478,71;;;;
BA;2903300;BARRO PRETO;12.148.915,83;3.921.888,30;5.817.997,76;0,00;9.739.886,06;21.888.801,89;;;;
BA;2903276;BARROCAS;20.948.428,49;6.762.529,08;13.643.276,97;1.664.798,58;22.070.604,63;43.019.033,12;;;;
BA;2903409;BELMONTE;20.116.593,44;6.493.997,78;4.442.607,86;1.517.521,24;12.454.126,88;32.570.720,32;;;;
BA;2903508;BELO CAMPO;18.495.937,77;5.970.821,01;8.088.101,68;1.427.769,36;15.486.692,05;33.982.629,82;;;;
BA;2903607;BIRITINGA;26.906.759,10;8.685.985,24;11.883.982,49;1.790.292,56;22.360.260,29;49.267.019,39;;;;
BA;2903706;BOA NOVA;14.384.206,26;4.643.480,21;4.997.427,17;1.160.868,71;10.801.776,09;25.185.982,35;;;;
BA;2903805;BOA VISTA DO TUPIM;19.277.176,45;6.223.018,89;8.419.784,93;644.531,27;15.287.335,09;34.564.511,54;;;;
BA;2903904;BOM JESUS DA LAPA;72.912.943,27;23.537.608,03;34.665.066,89;6.725.128,15;64.927.803,07;137.840.746,34;;;;
BA;2903953;BOM JESUS DA SERRA;8.948.681,03;2.888.795,00;1.721.513,11;0,00;4.610.308,11;13.558.989,14;;;;
BA;2904001;BONINAL;12.688.057,62;4.095.932,95;4.504.976,42;0,00;8.600.909,37;21.288.966,99;;;;
BA;2904050;BONITO;24.444.157,42;7.891.013,17;17.210.725,46;0,00;25.101.738,63;49.545.896,05;;;;
BA;2904100;BOQUIRA;19.935.653,77;6.435.587,20;12.665.973,19;1.515.313,13;20.616.873,52;40.552.527,29;;;;
BA;2904209;BOTUPORA;14.078.657,69;4.544.843,64;8.770.353,61;0,00;13.315.197,25;27.393.854,94;;;;
BA;2904308;BREJOES;15.390.511,48;4.968.333,61;6.788.983,59;0,00;11.757.317,20;27.147.828,68;;;;
BA;2904407;BREJOLANDIA;6.820.904,20;2.201.910,42;718.187,06;0,00;2.920.097,48;9.741.001,68;;;;
BA;2904506;BROTAS DE MACAUBAS;12.266.265,86;3.959.770,99;4.607.511,26;0,00;8.567.282,25;20.833.548,11;;;;
BA;2904605;BRUMADO;65.962.425,25;21.293.855,95;32.406.690,80;0,00;53.700.546,75;119.662.972,00;;;;
BA;2904704;BUERAREMA;13.315.728,95;4.298.556,53;4.279.423,85;0,00;8.577.980,38;21.893.709,33;;;;
BA;2904753;BURITIRAMA;22.084.430,88;7.129.251,05;9.262.080,53;912.466,24;17.303.797,82;39.388.228,70;;;;
BA;2904803;CAATIBA;7.405.584,27;2.390.655,65;3.076.005,03;0,00;5.466.660,68;12.872.244,95;;;;
BA;2904852;CABACEIRAS DO PARAGUACU;25.294.734,96;8.165.594,89;16.796.614,54;1.704.870,01;26.667.079,44;51.961.814,40;;;;
BA;2904902;CACHOEIRA;25.792.231,09;8.326.195,58;9.519.278,53;1.660.369,52;19.505.843,63;45.298.074,72;;;;
BA;2905008;CACULE;24.088.607,18;7.776.235,17;15.751.632,28;0,00;23.527.867,45;47.616.474,63;;;;
BA;2905107;CAEM;16.755.886,40;5.409.101,16;12.873.677,45;0,00;18.282.778,61;35.038.665,01;;;;
BA;2905156;CAETANOS;11.160.298,98;3.602.745,01;3.310.157,43;922.465,78;7.835.368,22;18.995.667,20;;;;
BA;2905206;CAETITE;37.693.665,71;12.168.192,50;3.232.747,20;0,00;15.400.939,70;53.094.605,41;;;;
BA;2905305;CAFARNAUM;23.948.476,25;7.730.998,39;15.522.209,30;1.544.279,02;24.797.486,71;48.745.962,96;;;;
BA;2905404;CAIRU;30.698.966,15;9.910.177,81;15.447.969,69;1.884.620,47;27.242.767,97;57.941.734,12;;;;
BA;2905503;CALDEIRAO GRANDE;22.991.972,06;7.422.221,65;14.204.141,18;0,00;21.626.362,83;44.618.334,89;;;;
BA;2905602;CAMACAN;21.246.790,04;6.858.845,54;2.913.421,05;0,00;9.772.266,59;31.019.056,63;;;;
BA;2905701;CAMACARI;182.693.470,65;58.976.734,58;0,00;0,00;58.976.734,58;241.670.205,23;;;;
BA;2905800;CAMAMU;35.731.852,47;11.534.883,93;12.094.786,29;0,00;23.629.670,22;59.361.522,69;;;;
BA;2905909;CAMPO ALEGRE DE LOURDES;32.367.864,48;10.448.928,17;16.842.193,21;0,00;27.291.121,38;59.658.985,86;;;;
BA;2906006;CAMPO FORMOSO;85.755.708,85;27.683.483,49;49.246.560,36;5.388.732,64;82.318.776,49;168.074.485,34;;;;
BA;2906105;CANAPOLIS;9.276.047,69;2.994.474,85;2.388.480,12;320.789,99;5.703.744,96;14.979.792,65;;;;
BA;2906204;CANARANA;35.201.145,15;11.363.562,07;22.573.818,03;2.507.567,19;36.444.947,29;71.646.092,44;;;;
BA;2906303;CANAVIEIRAS;29.618.711,10;9.561.452,07;8.885.500,18;0,00;18.446.952,25;48.065.663,35;;;;
BA;2906402;CANDEAL;7.621.430,04;2.460.334,54;4.285.063,83;567.153,06;7.312.551,43;14.933.981,47;;;;
BA;2906501;CANDEIAS;52.724.718,01;17.020.486,22;0,00;0,00;17.020.486,22;69.745.204,23;;;;
BA;2906600;CANDIBA;10.921.850,39;3.525.769,53;3.533.965,02;0,00;7.059.734,55;17.981.584,94;;;;
BA;2906709;CANDIDO SALES;31.510.531,51;10.172.165,69;19.227.183,76;819.448,83;30.218.798,28;61.729.329,79;;;;
BA;2906808;CANSANCAO;84.169.689,71;27.171.488,02;53.066.011,39;5.627.717,41;85.865.216,82;170.034.906,53;;;;
BA;2906824;CANUDOS;19.489.434,39;6.291.539,57;9.968.068,33;595.168,38;16.854.776,28;36.344.210,67;;;;
BA;2906857;CAPELA DO ALTO ALEGRE;7.732.730,70;2.496.264,40;1.506.995,69;0,00;4.003.260,09;11.735.990,79;;;;
BA;2906873;CAPIM GROSSO;37.507.936,69;12.108.235,83;26.342.522,91;2.721.941,40;41.172.700,14;78.680.636,83;;;;
BA;2906899;CARAIBAS;9.347.807,08;3.017.640,06;2.854.017,84;362.091,10;6.233.749,00;15.581.556,08;;;;
BA;2906907;CARAVELAS;22.103.770,57;7.135.494,26;4.293.975,47;1.601.511,39;13.030.981,12;35.134.751,69;;;;
BA;2907004;CARDEAL DA SILVA;10.279.030,87;3.318.255,84;3.046.907,79;435.197,54;6.800.361,17;17.079.392,04;;;;
BA;2907103;CARINHANHA;30.552.188,68;9.862.795,40;11.523.543,09;1.031.604,14;22.417.942,63;52.970.131,31;;;;
BA;2907202;CASA NOVA;65.315.366,68;21.084.973,82;22.806.332,10;2.028.869,25;45.920.175,17;111.235.541,85;;;;
BA;2907301;CASTRO ALVES;28.456.279,43;9.186.198,25;12.667.608,52;1.336.395,38;23.190.202,15;51.646.481,58;;;;
BA;2907400;CATOLANDIA;3.476.269,06;1.122.202,11;69.967,23;313.704,48;1.505.873,82;4.982.142,88;;;;
BA;2907509;CATU;33.791.168,45;10.908.396,27;0,00;0,00;10.908.396,27;44.699.564,72;;;;
BA;2907558;CATURAMA;11.561.939,96;3.732.401,94;7.484.809,56;0,00;11.217.211,50;22.779.151,46;;;;
BA;2907608;CENTRAL;14.695.053,12;4.743.827,15;7.418.385,33;1.001.567,21;13.163.779,69;27.858.832,81;;;;
BA;2907707;CHORROCHO;12.865.081,58;4.153.079,47;4.110.288,84;0,00;8.263.368,31;21.128.449,89;;;;
BA;2907806;CICERO DANTAS;38.642.985,46;12.474.649,97;13.963.738,00;3.205.433,26;29.643.821,23;68.286.806,69;;;;
BA;2907905;CIPO;39.800.028,50;12.848.164,24;37.509.235,91;2.901.149,13;53.258.549,28;93.058.577,78;;;;
BA;2908002;COARACI;15.381.992,82;4.965.583,63;5.245.599,50;397.014,04;10.608.197,17;25.990.189,99;;;;
BA;2908101;COCOS;20.258.607,49;6.539.842,46;8.343.644,86;1.509.668,95;16.393.156,27;36.651.763,76;;;;
BA;2908200;CONCEICAO DA FEIRA;24.435.298,46;7.888.153,35;14.393.468,94;1.082.373,42;23.363.995,71;47.799.294,17;;;;
BA;2908309;CONCEICAO DO ALMEIDA;11.278.292,80;3.640.835,54;4.060.584,94;0,00;7.701.420,48;18.979.713,28;;;;
BA;2908408;CONCEICAO DO COITE;55.758.220,25;17.999.755,24;29.089.046,87;1.742.140,07;48.830.942,18;104.589.162,43;;;;
BA;2908507;CONCEICAO DO JACUIPE;42.832.525,58;13.827.108,78;33.092.819,19;0,00;46.919.927,97;89.752.453,55;;;;
BA;2908606;CONDE;28.450.336,94;9.184.279,90;10.861.823,60;0,00;20.046.103,50;48.496.440,44;;;;
BA;2908705;CONDEUBA;14.403.676,21;4.649.765,46;3.629.264,73;0,00;8.279.030,19;22.682.706,40;;;;
BA;2908804;CONTENDAS DO SINCORA;4.748.411,08;1.532.872,41;987.728,62;0,00;2.520.601,03;7.269.012,11;;;;
BA;2908903;CORACAO DE MARIA;37.617.732,28;12.143.679,82;33.513.780,27;2.522.560,45;48.180.020,54;85.797.752,82;;;;
BA;2909000;CORDEIROS;6.902.869,33;2.228.370,24;2.793.018,21;240.486,76;5.261.875,21;12.164.744,54;;;;
BA;2909109;CORIBE;14.175.600,21;4.576.138,43;5.969.143,88;1.090.778,16;11.636.060,47;25.811.660,68;;;;
BA;2909208;CORONEL JOAO SA;39.373.631,18;12.710.515,53;24.967.029,03;2.848.363,86;40.525.908,42;79.899.539,60;;;;
BA;2909307;CORRENTINA;28.711.209,74;9.268.494,32;0,00;0,00;9.268.494,32;37.979.704,06;;;;
BA;2909406;COTEGIPE;13.493.732,08;4.356.019,14;4.337.640,29;1.030.115,32;9.723.774,75;23.217.506,83;;;;
BA;2909505;CRAVOLANDIA;5.087.879,88;1.642.459,03;605.602,16;0,00;2.248.061,19;7.335.941,07;;;;
BA;2909604;CRISOPOLIS;41.343.279,48;13.346.353,38;36.654.412,73;2.856.141,66;52.856.907,77;94.200.187,25;;;;
BA;2909703;CRISTOPOLIS;13.549.047,78;4.373.876,04;5.645.619,35;433.967,14;10.453.462,53;24.002.510,31;;;;
BA;2909802;CRUZ DAS ALMAS;40.916.805,05;13.208.679,78;11.180.025,18;0,00;24.388.704,96;65.305.510,01;;;;
BA;2909901;CURACA;41.234.604,70;13.311.271,21;18.240.957,48;0,00;31.552.228,69;72.786.833,39;;;;
BA;2910008;DARIO MEIRA;19.273.075,77;6.221.695,12;9.564.969,06;0,00;15.786.664,18;35.059.739,95;;;;
BA;2910057;DIAS DAVILA;64.730.069,76;20.896.029,45;6.754.236,84;0,00;27.650.266,29;92.380.336,05;;;;
BA;2910107;DOM BASILIO;13.097.565,78;4.228.129,55;7.028.889,03;999.861,74;12.256.880,32;25.354.446,10;;;;
BA;2910206;DOM MACEDO COSTA;4.532.266,42;1.463.097,03;1.419.391,67;0,00;2.882.488,70;7.414.755,12;;;;
BA;2910305;ELISIO MEDRADO;10.610.591,03;3.425.289,42;6.126.349,66;740.688,46;10.292.327,54;20.902.918,57;;;;
BA;2910404;ENCRUZILHADA;20.322.195,88;6.560.369,94;6.473.892,02;0,00;13.034.261,96;33.356.457,84;;;;
BA;2910503;ENTRE RIOS;35.434.889,01;11.439.018,79;9.625.180,36;1.001.158,29;22.065.357,44;57.500.246,45;;;;
BA;2900504;ERICO CARDOSO;12.387.287,23;3.998.838,87;8.500.954,40;779.649,51;13.279.442,78;25.666.730,01;;;;
BA;2910602;ESPLANADA;35.579.339,87;11.485.650,13;16.469.424,77;0,00;27.955.074,90;63.534.414,77;;;;
BA;2910701;EUCLIDES DA CUNHA;81.045.393,25;26.162.908,99;48.149.597,77;0,00;74.312.506,76;155.357.900,01;;;;
BA;2910727;EUNAPOLIS;90.415.485,14;29.187.743,00;9.516.216,67;0,00;38.703.959,67;129.119.444,81;;;;
BA;2910750;FATIMA;26.377.455,72;8.515.116,60;17.975.718,32;0,00;26.490.834,92;52.868.290,64;;;;
BA;2910776;FEIRA DA MATA;5.989.312,21;1.933.457,58;2.495.109,00;0,00;4.428.566,58;10.417.878,79;;;;
BA;2910800;FEIRA DE SANTANA;302.163.538,62;97.543.818,91;43.342.115,55;0,00;140.885.934,46;443.049.473,08;;;;
BA;2910859;FILADELFIA;27.751.039,04;8.958.533,98;16.525.426,93;1.609.011,02;27.092.971,93;54.844.010,97;;;;
BA;2910909;FIRMINO ALVES;4.835.001,54;1.560.825,36;633.616,91;0,00;2.194.442,27;7.029.443,81;;;;
BA;2911006;FLORESTA AZUL;8.017.255,17;2.588.114,00;1.730.521,61;363.895,73;4.682.531,34;12.699.786,51;;;;
BA;2911105;FORMOSA DO RIO PRETO;24.932.938,85;8.048.800,60;0,00;0,00;8.048.800,60;32.981.739,45;;;;
BA;2911204;GANDU;44.226.320,81;14.277.050,92;41.908.658,12;0,00;56.185.709,04;100.412.029,85;;;;
BA;2911253;GAVIAO;7.780.179,82;2.511.581,82;5.837.767,99;622.871,39;8.972.221,20;16.752.401,02;;;;
BA;2911303;GENTIO DO OURO;12.330.497,30;3.980.506,05;212.735,87;986.687,21;5.179.929,13;17.510.426,43;;;;
BA;2911402;GLORIA;16.065.669,38;5.186.286,71;6.527.018,46;1.291.035,51;13.004.340,68;29.070.010,06;;;;
BA;2911501;GONGOGI;7.988.466,76;2.578.820,59;255.103,71;290.779,19;3.124.703,49;11.113.170,25;;;;
BA;2911600;GOVERNADOR MANGABEIRA;23.013.003,28;7.429.010,91;11.675.073,53;0,00;19.104.084,44;42.117.087,72;;;;
BA;2911659;GUAJERU;7.003.349,67;2.260.807,09;2.973.624,23;0,00;5.234.431,32;12.237.780,99;;;;
BA;2911709;GUANAMBI;69.603.403,26;22.469.229,06;21.097.823,13;0,00;43.567.052,19;113.170.455,45;;;;
BA;2911808;GUARATINGA;16.729.141,79;5.400.467,52;4.291.468,22;0,00;9.691.935,74;26.421.077,53;;;;
BA;2911857;HELIOPOLIS;15.002.040,91;4.842.928,33;6.940.263,56;1.057.334,41;12.840.526,30;27.842.567,21;;;;
BA;2911907;IACU;33.607.957,18;10.849.252,37;20.985.075,02;1.107.789,67;32.942.117,06;66.550.074,24;;;;
BA;2912004;IBIASSUCE;8.422.358,39;2.718.888,60;3.154.837,74;0,00;5.873.726,34;14.296.084,73;;;;
BA;2912103;IBICARAI;16.286.479,85;5.257.568,30;6.087.542,04;0,00;11.345.110,34;27.631.590,19;;;;
BA;2912202;IBICOARA;26.928.304,31;8.692.940,42;16.319.047,96;2.079.344,50;27.091.332,88;54.019.637,19;;;;
BA;2912301;IBICUI;13.515.242,69;4.362.963,16;5.731.385,23;0,00;10.094.348,39;23.609.591,08;;;;
BA;2912400;IBIPEBA;14.608.879,95;4.716.008,91;6.838.446,80;1.064.632,03;12.619.087,74;27.227.967,69;;;;
BA;2912509;IBIPITANGA;22.036.867,11;7.113.896,62;21.828.936,63;1.596.368,32;30.539.201,57;52.576.068,68;;;;
BA;2912608;IBIQUERA;3.893.766,01;1.256.977,62;396.616,35;308.715,90;1.962.309,87;5.856.075,88;;;;
BA;2912707;IBIRAPITANGA;26.452.260,42;8.539.264,91;7.745.140,91;1.802.144,12;18.086.549,94;44.538.810,36;;;;
BA;2912806;IBIRAPUA;9.693.034,40;3.129.085,65;1.980.080,61;0,00;5.109.166,26;14.802.200,66;;;;
BA;2912905;IBIRATAIA;19.226.832,46;6.206.766,94;6.234.030,50;1.489.844,66;13.930.642,10;33.157.474,56;;;;
BA;2913002;IBITIARA;14.542.360,79;4.694.535,33;6.564.459,65;507.452,66;11.766.447,64;26.308.808,43;;;;
BA;2913101;IBITITA;19.597.871,67;6.326.545,07;14.303.018,10;0,00;20.629.563,17;40.227.434,84;;;;
BA;2913200;IBOTIRAMA;29.375.321,26;9.482.881,46;12.055.993,39;1.014.273,26;22.553.148,11;51.928.469,37;;;;
BA;2913309;ICHU;8.272.759,58;2.670.595,42;5.013.140,99;247.009,00;7.930.745,41;16.203.504,99;;;;
BA;2913408;IGAPORA;14.077.558,24;4.544.488,71;6.175.447,57;441.097,14;11.161.033,42;25.238.591,66;;;;
BA;2913457;IGRAPIUNA;15.673.837,11;5.059.796,21;5.798.474,01;1.070.653,95;11.928.924,17;27.602.761,28;;;;
BA;2913507;IGUAI;20.672.161,53;6.673.345,14;6.127.906,19;666.543,60;13.467.794,93;34.139.956,46;;;;
BA;2913606;ILHEUS;105.819.015,55;34.160.279,35;7.706.584,07;0,00;41.866.863,42;147.685.878,97;;;;
BA;2913705;INHAMBUPE;37.989.735,29;12.263.769,07;16.388.536,14;0,00;28.652.305,21;66.642.040,50;;;;
BA;2913804;IPECAETA;26.443.800,01;8.536.533,73;18.855.652,37;1.653.785,89;29.045.971,99;55.489.772,00;;;;
BA;2913903;IPIAU;33.668.035,33;10.868.646,68;7.768.866,73;0,00;18.637.513,41;52.305.548,74;;;;
BA;2914000;IPIRA;57.901.496,47;18.691.643,31;30.619.870,24;0,00;49.311.513,55;107.213.010,02;;;;
BA;2914109;IPUPIARA;9.312.251,93;3.006.162,23;3.408.350,09;440.327,77;6.854.840,09;16.167.092,02;;;;
BA;2914208;IRAJUBA;9.322.911,62;3.009.603,37;7.180.396,02;243.926,60;10.433.925,99;19.756.837,61;;;;
BA;2914307;IRAMAIA;11.623.513,41;3.752.278,95;3.584.789,89;765.845,19;8.102.914,03;19.726.427,44;;;;
BA;2914406;IRAQUARA;28.705.813,62;9.266.752,36;15.253.382,20;0,00;24.520.134,56;53.225.948,18;;;;
BA;2914505;IRARA;31.991.158,79;10.327.320,81;12.912.500,10;883.726,74;24.123.547,65;56.114.706,44;;;;
BA;2914604;IRECE;62.349.160,14;20.127.429,06;25.514.886,85;5.228.458,91;50.870.774,82;113.219.934,96;;;;
BA;2914653;ITABELA;29.380.831,49;9.484.660,26;7.869.581,55;0,00;17.354.241,81;46.735.073,30;;;;
BA;2914703;ITABERABA;61.251.075,63;19.772.947,64;32.425.810,12;0,00;52.198.757,76;113.449.833,39;;;;
BA;2914802;ITABUNA;107.376.697,32;34.663.127,02;5.518.861,46;0,00;40.181.988,48;147.558.685,80;;;;
BA;2914901;ITACARE;33.985.035,16;10.970.979,92;14.537.355,45;0,00;25.508.335,37;59.493.370,53;;;;
BA;2915007;ITAETE;18.253.853,41;5.892.671,83;10.842.552,27;691.354,13;17.426.578,23;35.680.431,64;;;;
BA;2915106;ITAGI;18.559.047,29;5.991.193,89;11.273.022,38;1.520.678,77;18.784.895,04;37.343.942,33;;;;
BA;2915205;ITAGIBA;18.279.770,19;5.901.038,23;0,00;0,00;5.901.038,23;24.180.808,42;;;;
BA;2915304;ITAGIMIRIM;10.117.458,85;3.266.097,48;5.563.352,07;0,00;8.829.449,55;18.946.908,40;;;;
BA;2915353;ITAGUACU DA BAHIA;16.638.116,32;5.371.082,87;8.691.041,60;1.285.345,41;15.347.469,88;31.985.586,20;;;;
BA;2915403;ITAJU DO COLONIA;6.975.525,19;2.251.824,85;1.796.188,19;0,00;4.048.013,04;11.023.538,23;;;;
BA;2915502;ITAJUIPE;19.368.923,57;6.252.636,51;7.410.759,52;1.418.297,13;15.081.693,16;34.450.616,73;;;;
BA;2915601;ITAMARAJU;57.444.171,24;18.544.010,51;24.549.397,18;0,00;43.093.407,69;100.537.578,93;;;;
BA;2915700;ITAMARI;8.549.387,72;2.759.895,95;4.713.471,10;652.020,85;8.125.387,90;16.674.775,62;;;;
BA;2915809;ITAMBE;23.390.428,80;7.550.850,65;4.366.756,39;1.612.779,28;13.530.386,32;36.920.815,12;;;;
BA;2915908;ITANAGRA;9.421.621,40;3.041.468,66;3.328.912,33;674.343,16;7.044.724,15;16.466.345,55;;;;
BA;2916005;ITANHEM;13.716.998,83;4.428.093,66;554.488,20;0,00;4.982.581,86;18.699.580,69;;;;
BA;2916104;ITAPARICA;22.156.437,75;7.152.496,17;6.778.586,17;774.534,41;14.705.616,75;36.862.054,50;;;;
BA;2916203;ITAPE;11.003.449,46;3.552.111,17;4.767.075,10;759.675,22;9.078.861,49;20.082.310,95;;;;
BA;2916302;ITAPEBI;9.251.117,60;2.986.426,96;93.125,35;0,00;3.079.552,31;12.330.669,91;;;;
BA;2916401;ITAPETINGA;56.196.310,95;18.141.178,79;21.555.909,15;4.598.012,22;44.295.100,16;100.491.411,11;;;;
BA;2916500;ITAPICURU;58.713.036,99;18.953.623,18;41.025.905,72;0,00;59.979.528,90;118.692.565,89;;;;
BA;2916609;ITAPITANGA;9.865.518,46;3.184.766,60;3.461.658,66;321.765,36;6.968.190,62;16.833.709,08;;;;
BA;2916708;ITAQUARA;7.205.508,62;2.326.067,64;3.026.677,36;551.186,29;5.903.931,29;13.109.439,91;;;;
BA;2916807;ITARANTIM;17.109.372,64;5.523.212,87;7.685.899,14;564.713,67;13.773.825,68;30.883.198,32;;;;
BA;2916856;ITATIM;25.704.367,27;8.297.831,56;16.933.825,26;2.622.756,01;27.854.412,83;53.558.780,10;;;;
BA;2916906;ITIRUCU;9.888.012,21;3.192.027,99;5.602.878,89;778.704,44;9.573.611,32;19.461.623,53;;;;
BA;2917003;ITIUBA;52.804.518,74;17.046.247,33;30.697.895,31;1.478.190,09;49.222.332,73;102.026.851,47;;;;
BA;2917102;ITORORO;14.183.993,20;4.578.847,83;3.815.342,41;425.535,33;8.819.725,57;23.003.718,77;;;;
BA;2917201;ITUACU;18.448.218,84;5.955.416,48;7.047.955,31;0,00;13.003.371,79;31.451.590,63;;;;
BA;2917300;ITUBERA;25.731.264,90;8.306.514,60;15.322.168,95;0,00;23.628.683,55;49.359.948,45;;;;
BA;2917334;IUIU;11.853.259,36;3.826.445,08;4.753.958,85;0,00;8.580.403,93;20.433.663,29;;;;
BA;2917359;JABORANDI;9.638.663,44;3.111.533,72;0,00;0,00;3.111.533,72;12.750.197,16;;;;
BA;2917409;JACARACI;17.845.653,63;5.760.897,61;16.480.535,26;0,00;22.241.432,87;40.087.086,50;;;;
BA;2917508;JACOBINA;65.355.655,18;21.097.979,67;21.056.312,26;0,00;42.154.291,93;107.509.947,11;;;;
BA;2917607;JAGUAQUARA;43.991.444,57;14.201.228,66;15.575.303,59;3.712.572,95;33.489.105,20;77.480.549,77;;;;
BA;2917706;JAGUARARI;29.095.888,20;9.392.675,44;5.746.751,50;2.251.509,99;17.390.936,93;46.486.825,13;;;;
BA;2917805;JAGUARIPE;23.335.177,60;7.533.014,57;8.650.970,54;1.578.349,15;17.762.334,26;41.097.511,86;;;;
BA;2917904;JANDAIRA;15.360.992,94;4.958.804,50;8.901.966,24;0,00;13.860.770,74;29.221.763,68;;;;
BA;2918001;JEQUIE;111.709.019,58;36.061.678,48;27.745.122,45;0,00;63.806.800,93;175.515.820,51;;;;
BA;2918100;JEREMOABO;39.845.170,29;12.862.736,82;13.548.507,52;2.990.138,56;29.401.382,90;69.246.553,19;;;;
BA;2918209;JIQUIRICA;19.768.076,29;6.381.490,18;8.512.295,63;0,00;14.893.785,81;34.661.862,10;;;;
BA;2918308;JITAUNA;28.574.665,42;9.224.415,37;17.299.591,02;2.365.950,45;28.889.956,84;57.464.622,26;;;;
BA;2918357;JOAO DOURADO;30.467.942,11;9.835.599,10;19.003.597,05;2.479.445,77;31.318.641,92;61.786.584,03;;;;
BA;2918407;JUAZEIRO;213.401.879,78;68.889.960,76;108.123.228,68;0,00;177.013.189,44;390.415.069,22;;;;
BA;2918456;JUCURUCU;8.921.628,22;2.880.061,87;2.523.997,81;680.711,29;6.084.770,97;15.006.399,19;;;;
BA;2918506;JUSSARA;17.885.261,06;5.773.683,59;9.326.484,56;1.189.334,25;16.289.502,40;34.174.763,46;;;;
BA;2918555;JUSSARI;11.521.323,34;3.719.290,16;6.141.952,39;812.208,03;10.673.450,58;22.194.773,92;;;;
BA;2918605;JUSSIAPE;4.930.443,63;1.591.635,79;213.493,24;0,00;1.805.129,03;6.735.572,66;;;;
BA;2918704;LAFAIETE COUTINHO;7.029.825,52;2.269.353,97;3.110.759,55;233.627,32;5.613.740,84;12.643.566,36;;;;
BA;2918753;LAGOA REAL;9.763.855,20;3.151.947,87;2.001.834,24;740.270,92;5.894.053,03;15.657.908,23;;;;
BA;2918803;LAJE;25.813.335,40;8.333.008,43;9.964.883,87;1.067.019,14;19.364.911,44;45.178.246,84;;;;
BA;2918902;LAJEDAO;3.785.577,26;1.222.052,35;633.045,48;301.323,10;2.156.420,93;5.941.998,19;;;;
BA;2919009;LAJEDINHO;3.359.022,02;1.084.352,65;0,00;295.872,00;1.380.224,65;4.739.246,67;;;;
BA;2919058;LAJEDO DO TABOCAL;10.179.010,68;3.285.967,52;3.732.363,65;405.468,74;7.423.799,91;17.602.810,59;;;;
BA;2919108;LAMARAO;9.577.834,35;3.091.897,00;2.950.051,34;694.756,38;6.736.704,72;16.314.539,07;;;;
BA;2919157;LAPAO;34.750.874,75;11.218.206,70;23.643.651,37;2.423.803,96;37.285.662,03;72.036.536,78;;;;
BA;2919207;LAURO DE FREITAS;131.825.100,55;42.555.510,82;0,00;0,00;42.555.510,82;174.380.611,37;;;;
BA;2919306;LENCOIS;12.264.825,98;3.959.306,17;4.732.366,80;375.860,27;9.067.533,24;21.332.359,22;;;;
BA;2919405;LICINIO DE ALMEIDA;15.974.599,40;5.156.887,68;13.732.191,74;1.573.143,06;20.462.222,48;36.436.821,88;;;;
BA;2919504;LIVRAMENTO DE NOSSA SENHORA;50.938.901,83;16.443.992,67;45.358.667,33;3.694.189,33;65.496.849,33;116.435.751,16;;;;
BA;2919553;LUIS EDUARDO MAGALHAES;110.464.906,71;35.660.056,49;1.424.447,17;0,00;37.084.503,66;147.549.410,37;;;;
BA;2919603;MACAJUBA;16.883.014,04;5.450.140,25;8.766.232,78;535.881,35;14.752.254,38;31.635.268,42;;;;
BA;2919702;MACARANI;14.324.031,44;4.624.054,69;3.524.189,26;0,00;8.148.243,95;22.472.275,39;;;;
BA;2919801;MACAUBAS;36.982.807,85;11.938.714,81;15.090.017,66;0,00;27.028.732,47;64.011.540,32;;;;
BA;2919900;MACURURE;9.521.602,96;3.073.744,50;4.036.678,45;697.017,10;7.807.440,05;17.329.043,01;;;;
BA;2919926;MADRE DE DEUS;12.581.699,58;4.061.598,66;0,00;0,00;4.061.598,66;16.643.298,24;;;;
BA;2919959;MAETINGA;6.642.506,72;2.144.320,51;2.756.200,92;525.386,50;5.425.907,93;12.068.414,65;;;;
BA;2920007;MAIQUINIQUE;8.379.261,40;2.704.976,12;2.475.863,22;0,00;5.180.839,34;13.560.100,74;;;;
BA;2920106;MAIRI;15.854.067,08;5.117.977,69;8.063.789,13;1.114.915,69;14.296.682,51;30.150.749,59;;;;
BA;2920205;MALHADA;18.096.050,94;5.841.730,36;7.590.733,54;604.141,30;14.036.605,20;32.132.656,14;;;;
BA;2920304;MALHADA DE PEDRAS;14.791.048,55;4.774.816,20;8.578.929,63;1.336.145,55;14.689.891,38;29.480.939,93;;;;
BA;2920403;MANOEL VITORINO;12.741.094,10;4.113.054,08;3.459.732,88;943.130,07;8.515.917,03;21.257.011,13;;;;
BA;2920452;MANSIDAO;10.801.247,54;3.486.836,76;3.128.196,96;459.741,61;7.074.775,33;17.876.022,87;;;;
BA;2920502;MARACAS;26.545.816,32;8.569.466,43;7.864.113,54;2.154.897,55;18.588.477,52;45.134.293,84;;;;
BA;2920601;MARAGOGIPE;37.481.166,27;12.099.593,86;17.997.632,05;2.737.285,29;32.834.511,20;70.315.677,47;;;;
BA;2920700;MARAU;30.717.257,43;9.916.082,56;11.732.130,88;792.133,68;22.440.347,12;53.157.604,55;;;;
BA;2920809;MARCIONILIO SOUZA;14.167.755,57;4.573.606,04;7.628.377,43;0,00;12.201.983,47;26.369.739,04;;;;
BA;2920908;MASCOTE;13.126.593,43;4.237.500,19;2.644.925,12;1.003.709,08;7.886.134,39;21.012.727,82;;;;
BA;2921005;MATA DE SAO JOAO;71.967.658,80;23.232.453,22;0,00;5.716.319,87;28.948.773,09;100.916.431,89;;;;
BA;2921054;MATINA;12.144.530,73;3.920.472,71;5.123.519,69;418.304,25;9.462.296,65;21.606.827,38;;;;
BA;2921104;MEDEIROS NETO;19.981.597,45;6.450.418,65;4.601.608,09;0,00;11.052.026,74;31.033.624,19;;;;
BA;2921203;MIGUEL CALMON;22.135.524,00;7.145.744,84;7.369.535,68;1.768.021,68;16.283.302,20;38.418.826,20;;;;
BA;2921302;MILAGRES;9.550.761,08;3.083.157,26;2.470.841,58;0,00;5.553.998,84;15.104.759,92;;;;
BA;2921401;MIRANGABA;24.342.429,13;7.858.173,46;18.884.609,47;0,00;26.742.782,93;51.085.212,06;;;;
BA;2921450;MIRANTE;8.818.029,19;2.846.618,25;3.567.474,13;0,00;6.414.092,38;15.232.121,57;;;;
BA;2921500;MONTE SANTO;79.967.223,55;25.814.856,44;56.653.836,77;0,00;82.468.693,21;162.435.916,76;;;;
BA;2921609;MORPARA;8.095.176,10;2.613.268,28;2.148.529,72;678.328,73;5.440.126,73;13.535.302,83;;;;
BA;2921708;MORRO DO CHAPEU;41.103.986,89;13.269.105,44;20.812.134,45;0,00;34.081.239,89;75.185.226,78;;;;
BA;2921807;MORTUGABA;10.972.500,60;3.542.120,32;4.243.796,37;855.167,84;8.641.084,53;19.613.585,13;;;;
BA;2921906;MUCUGE;11.359.418,20;3.667.024,28;1.177.048,71;0,00;4.844.072,99;16.203.491,19;;;;
BA;2922003;MUCURI;37.448.175,41;12.088.943,82;0,00;0,00;12.088.943,82;49.537.119,23;;;;
BA;2922052;MULUNGU DO MORRO;19.835.239,81;6.403.171,77;12.938.878,34;0,00;19.342.050,11;39.177.289,92;;;;
BA;2922102;MUNDO NOVO;20.725.082,40;6.690.428,94;6.774.163,03;906.313,24;14.370.905,21;35.095.987,61;;;;
BA;2922201;MUNIZ FERREIRA;6.286.787,80;2.029.488,05;0,00;506.460,05;2.535.948,10;8.822.735,90;;;;
BA;2922250;MUQUEM DE SAO FRANCISCO;16.545.087,53;5.341.051,50;7.179.885,52;496.116,38;13.017.053,40;29.562.140,93;;;;
BA;2922300;MURITIBA;34.703.422,81;11.202.888,36;11.419.540,46;0,00;22.622.428,82;57.325.851,63;;;;
BA;2922409;MUTUIPE;20.464.976,03;6.606.461,93;7.921.701,91;1.565.744,07;16.093.907,91;36.558.883,94;;;;
BA;2922508;NAZARE;31.352.229,24;10.121.062,87;0,00;0,00;10.121.062,87;41.473.292,11;;;;
BA;2922607;NILO PECANHA;18.949.164,30;6.117.130,68;5.009.071,81;765.078,45;11.891.280,94;30.840.445,24;;;;
BA;2922656;NORDESTINA;26.089.056,67;8.422.016,21;23.922.972,06;746.739,12;33.091.727,39;59.180.784,06;;;;
BA;2922706;NOVA CANAA;21.966.690,65;7.091.242,39;14.148.811,14;0,00;21.240.053,53;43.206.744,18;;;;
BA;2922730;NOVA FATIMA;8.487.793,85;2.740.012,35;2.971.073,32;564.774,64;6.275.860,31;14.763.654,16;;;;
BA;2922755;NOVA IBIA;8.844.687,44;2.855.224,01;2.870.190,58;688.404,65;6.413.819,24;15.258.506,68;;;;
BA;2922805;NOVA ITARANA;11.615.170,35;3.749.585,67;6.548.443,71;0,00;10.298.029,38;21.913.199,73;;;;
BA;2922854;NOVA REDENCAO;6.366.441,29;2.055.201,63;668.708,20;263.343,01;2.987.252,84;9.353.694,13;;;;
BA;2922904;NOVA SOURE;24.241.886,35;7.825.716,44;6.980.629,66;1.936.818,54;16.743.164,64;40.985.050,99;;;;
BA;2923001;NOVA VICOSA;41.057.077,28;13.253.962,17;13.404.329,93;0,00;26.658.292,10;67.715.369,38;;;;
BA;2923035;NOVO HORIZONTE;19.626.703,38;6.335.852,46;20.863.999,72;1.465.738,59;28.665.590,77;48.292.294,15;;;;
BA;2923050;NOVO TRIUNFO;17.784.231,23;5.741.069,35;8.473.757,54;1.546.126,50;15.760.953,39;33.545.184,62;;;;
BA;2923100;OLINDINA;24.137.961,85;7.792.167,74;8.727.008,71;1.968.501,97;18.487.678,42;42.625.640,27;;;;
BA;2923209;OLIVEIRA DOS BREJINHOS;26.413.499,11;8.526.752,06;20.094.648,52;881.866,20;29.503.266,78;55.916.765,89;;;;
BA;2923308;OURICANGAS;10.012.368,86;3.232.172,55;2.905.648,45;713.489,89;6.851.310,89;16.863.679,75;;;;
BA;2923357;OUROLANDIA;19.899.915,07;6.424.050,11;3.523.817,05;636.304,79;10.584.171,95;30.484.087,02;;;;
BA;2923407;PALMAS DE MONTE ALTO;17.211.285,59;5.556.112,21;963.453,08;0,00;6.519.565,29;23.730.850,88;;;;
BA;2923506;PALMEIRAS;9.376.405,86;3.026.872,27;2.910.128,91;757.110,43;6.694.111,61;16.070.517,47;;;;
BA;2923605;PARAMIRIM;19.049.841,97;6.149.631,24;13.581.854,83;629.378,48;20.360.864,55;39.410.706,52;;;;
BA;2923704;PARATINGA;31.685.046,51;10.228.502,27;10.613.172,23;1.061.242,84;21.902.917,34;53.587.963,85;;;;
BA;2923803;PARIPIRANGA;27.190.126,95;8.777.461,47;13.560.850,03;848.213,56;23.186.525,06;50.376.652,01;;;;
BA;2923902;PAU BRASIL;8.215.876,79;2.652.232,63;2.839.604,94;686.381,13;6.178.218,70;14.394.095,49;;;;
BA;2924009;PAULO AFONSO;83.567.431,72;26.977.068,32;16.265.588,95;0,00;43.242.657,27;126.810.088,99;;;;
BA;2924058;PE DE SERRA;19.696.121,08;6.358.261,74;16.666.610,94;523.407,19;23.548.279,87;43.244.400,95;;;;
BA;2924108;PEDRAO;6.963.101,08;2.247.814,13;2.167.179,82;0,00;4.414.993,95;11.378.095,03;;;;
BA;2924207;PEDRO ALEXANDRE;18.845.231,75;6.083.579,38;10.334.373,06;1.291.140,58;17.709.093,02;36.554.324,77;;;;
BA;2924306;PIATA;21.283.897,89;6.870.824,62;7.814.853,74;0,00;14.685.678,36;35.969.576,25;;;;
BA;2924405;PILAO ARCADO;39.381.175,44;12.712.950,95;13.021.736,12;1.058.747,97;26.793.435,04;66.174.610,48;;;;
BA;2924504;PINDAI;22.736.746,97;7.339.830,41;20.435.119,93;1.714.753,87;29.489.704,21;52.226.451,18;;;;
BA;2924603;PINDOBACU;37.663.314,93;12.158.394,72;29.784.931,83;2.335.159,63;44.278.486,18;81.941.801,11;;;;
BA;2924652;PINTADAS;14.042.554,72;4.533.188,95;12.688.846,52;0,00;17.222.035,47;31.264.590,19;;;;
BA;2924678;PIRAI DO NORTE;9.049.866,75;2.921.459,58;4.087.800,90;0,00;7.009.260,48;16.059.127,23;;;;
BA;2924702;PIRIPA;11.017.881,22;3.556.770,01;7.012.327,45;0,00;10.569.097,46;21.586.978,68;;;;
BA;2924801;PIRITIBA;16.439.177,32;5.306.861,78;6.656.964,35;550.604,56;12.514.430,69;28.953.608,01;;;;
BA;2924900;PLANALTINO;9.426.670,43;3.043.098,57;5.142.182,53;346.408,48;8.531.689,58;17.958.360,01;;;;
BA;2925006;PLANALTO;20.531.498,08;6.627.936,45;5.953.930,39;0,00;12.581.866,84;33.113.364,92;;;;
BA;2925105;POCOES;45.513.440,82;14.692.556,39;17.832.643,11;0,00;32.525.199,50;78.038.640,32;;;;
BA;2925204;POJUCA;26.479.093,31;8.547.927,04;0,00;0,00;8.547.927,04;35.027.020,35;;;;
BA;2925253;PONTO NOVO;34.748.535,49;11.217.451,54;28.164.949,34;0,00;39.382.400,88;74.130.936,37;;;;
BA;2925303;PORTO SEGURO;172.355.520,57;55.639.458,57;34.243.161,39;13.612.163,68;103.494.783,64;275.850.304,21;;;;
BA;2925402;POTIRAGUA;9.504.014,67;3.068.066,69;1.716.626,61;717.942,79;5.502.636,09;15.006.650,76;;;;
BA;2925501;PRADO;32.243.558,77;10.408.800,05;8.404.477,90;0,00;18.813.277,95;51.056.836,72;;;;
BA;2925600;PRESIDENTE DUTRA;12.233.509,14;3.949.196,54;3.639.086,49;428.915,11;8.017.198,14;20.250.707,28;;;;
BA;2925709;PRESIDENTE JANIO QUADROS;12.837.898,23;4.144.304,20;6.076.065,12;974.304,94;11.194.674,26;24.032.572,49;;;;
BA;2925758;PRESIDENTE TANCREDO NEVES;28.958.750,96;9.348.405,08;9.011.323,32;0,00;18.359.728,40;47.318.479,36;;;;
BA;2925808;QUEIMADAS;29.618.372,40;9.561.342,73;17.316.258,35;2.068.951,85;28.946.552,93;58.564.925,33;;;;
BA;2925907;QUIJINGUE;30.977.644,29;10.000.140,12;16.440.754,23;2.101.076,14;28.541.970,49;59.519.614,78;;;;
BA;2925931;QUIXABEIRA;30.599.732,52;9.878.143,41;29.525.310,99;2.539.224,28;41.942.678,68;72.542.411,20;;;;
BA;2925956;RAFAEL JAMBEIRO;19.891.032,47;6.421.182,65;5.694.547,23;0,00;12.115.729,88;32.006.762,35;;;;
BA;2926004;REMANSO;46.971.870,75;15.163.363,77;31.486.575,63;0,00;46.649.939,40;93.621.810,15;;;;
BA;2926103;RETIROLANDIA;12.704.362,42;4.101.196,44;5.134.487,70;424.168,44;9.659.852,58;22.364.215,00;;;;
BA;2926202;RIACHAO DAS NEVES;23.201.418,37;7.489.834,69;2.693.874,36;1.671.356,30;11.855.065,35;35.056.483,72;;;;
BA;2926301;RIACHAO DO JACUIPE;27.132.024,24;8.758.704,88;15.555.337,13;737.663,08;25.051.705,09;52.183.729,33;;;;
BA;2926400;RIACHO DE SANTANA;24.507.378,30;7.911.422,02;7.361.090,21;0,00;15.272.512,23;39.779.890,53;;;;
BA;2926509;RIBEIRA DO AMPARO;21.543.814,26;6.954.730,30;14.779.217,27;594.852,54;22.328.800,11;43.872.614,37;;;;
BA;2926608;RIBEIRA DO POMBAL;67.553.706,43;21.807.550,10;44.440.031,97;0,00;66.247.582,07;133.801.288,50;;;;
BA;2926657;RIBEIRAO DO LARGO;10.627.393,95;3.430.713,70;3.515.298,47;0,00;6.946.012,17;17.573.406,12;;;;
BA;2926707;RIO DE CONTAS;9.518.329,08;3.072.687,63;1.712.072,13;820.642,88;5.605.402,64;15.123.731,72;;;;
BA;2926806;RIO DO ANTONIO;22.446.080,26;7.245.997,97;24.577.078,52;1.522.070,35;33.345.146,84;55.791.227,10;;;;
BA;2926905;RIO DO PIRES;14.892.918,02;4.807.701,50;15.552.531,49;1.047.444,50;21.407.677,49;36.300.595,51;;;;
BA;2927002;RIO REAL;36.179.181,11;11.679.289,65;18.156.153,57;1.289.951,77;31.125.394,99;67.304.576,10;;;;
BA;2927101;RODELAS;10.587.070,87;3.417.696,68;3.898.523,19;863.667,25;8.179.887,12;18.766.957,99;;;;
BA;2927200;RUY BARBOSA;24.374.856,84;7.868.641,70;8.486.484,61;1.920.777,14;18.275.903,45;42.650.760,29;;;;
BA;2927309;SALINAS DA MARGARIDA;20.032.723,51;6.466.923,06;7.422.137,28;1.556.252,45;15.445.312,79;35.478.036,30;;;;
BA;2927408;SALVADOR;854.003.500,67;275.687.672,97;0,00;0,00;275.687.672,97;1.129.691.173,64;;;;
BA;2927507;SANTA BARBARA;22.738.154,94;7.340.284,93;12.972.449,20;1.551.790,16;21.864.524,29;44.602.679,23;;;;
BA;2927606;SANTA BRIGIDA;15.060.253,88;4.861.720,52;4.744.456,13;0,00;9.606.176,65;24.666.430,53;;;;
BA;2927705;SANTA CRUZ CABRALIA;41.571.062,83;13.419.885,94;15.435.211,73;0,00;28.855.097,67;70.426.160,50;;;;
BA;2927804;SANTA CRUZ DA VITORIA;6.913.915,98;2.231.936,29;3.238.697,08;0,00;5.470.633,37;12.384.549,35;;;;
BA;2927903;SANTA INES;15.024.983,97;4.850.334,76;8.967.194,57;1.265.847,31;15.083.376,64;30.108.360,61;;;;
BA;2928059;SANTA LUZIA;14.631.966,29;4.723.461,60;5.984.174,96;0,00;10.707.636,56;25.339.602,85;;;;
BA;2928109;SANTA MARIA DA VITORIA;40.720.367,91;13.145.266,34;23.758.402,19;0,00;36.903.668,53;77.624.036,44;;;;
BA;2928406;SANTA RITA DE CASSIA;27.179.604,55;8.774.064,65;11.394.164,25;0,00;20.168.228,90;47.347.833,45;;;;
BA;2928505;SANTA TERESINHA;11.898.544,28;3.841.063,86;6.540.881,10;411.402,31;10.793.347,27;22.691.891,55;;;;
BA;2928000;SANTALUZ;47.693.446,72;15.396.301,46;29.737.260,07;0,00;45.133.561,53;92.827.008,25;;;;
BA;2928208;SANTANA;20.137.705,99;6.500.813,28;5.530.441,56;849.705,74;12.880.960,58;33.018.666,57;;;;
BA;2928307;SANTANOPOLIS;9.630.879,43;3.109.020,91;3.641.807,26;645.053,76;7.395.881,93;17.026.761,36;;;;
BA;2928604;SANTO AMARO;55.526.755,94;17.925.034,40;24.940.281,32;0,00;42.865.315,72;98.392.071,66;;;;
BA;2928703;SANTO ANTONIO DE JESUS;65.063.531,11;21.003.676,77;17.770.156,50;0,00;38.773.833,27;103.837.364,38;;;;
BA;2928802;SANTO ESTEVAO;50.005.289,97;16.142.605,99;21.500.787,06;3.936.476,21;41.579.869,26;91.585.159,23;;;;
BA;2928901;SAO DESIDERIO;36.056.018,30;11.639.530,49;0,00;0,00;11.639.530,49;47.695.548,79;;;;
BA;2928950;SAO DOMINGOS;9.118.472,51;2.943.606,75;5.039.157,95;293.256,04;8.276.020,74;17.394.493,25;;;;
BA;2929107;SAO FELIPE;30.032.441,50;9.695.011,68;17.585.658,82;2.202.599,19;29.483.269,69;59.515.711,19;;;;
BA;2929008;SAO FELIX;16.128.455,73;5.206.555,27;14.629.928,11;1.050.808,48;20.887.291,86;37.015.747,59;;;;
BA;2929057;SAO FELIX DO CORIBE;17.939.499,45;5.791.192,72;10.155.347,42;1.331.527,36;17.278.067,50;35.217.566,95;;;;
BA;2929206;SAO FRANCISCO DO CONDE;38.775.000,34;12.517.266,74;0,00;0,00;12.517.266,74;51.292.267,08;;;;
BA;2929255;SAO GABRIEL;20.191.247,06;6.518.097,30;11.105.178,12;552.251,71;18.175.527,13;38.366.774,19;;;;
BA;2929305;SAO GONCALO DOS CAMPOS;23.438.892,42;7.566.495,57;3.813.861,62;889.173,69;12.269.530,88;35.708.423,30;;;;
BA;2929354;SAO JOSE DA VITORIA;4.476.433,66;1.445.073,21;0,00;0,00;1.445.073,21;5.921.506,87;;;;
BA;2929370;SAO JOSE DO JACUIPE;15.777.929,44;5.093.399,09;11.159.327,77;385.074,24;16.637.801,10;32.415.730,54;;;;
BA;2929404;SAO MIGUEL DAS MATAS;8.096.714,29;2.613.764,84;2.179.333,75;265.938,14;5.059.036,73;13.155.751,02;;;;
BA;2929503;SAO SEBASTIAO DO PASSE;30.516.659,19;9.851.325,85;1.681.522,94;2.644.216,50;14.177.065,29;44.693.724,48;;;;
BA;2929602;SAPEACU;29.498.374,27;9.522.605,18;7.466.981,30;1.259.819,56;18.249.406,04;47.747.780,31;;;;
BA;2929701;SATIRO DIAS;30.131.255,08;9.726.910,47;16.763.130,95;0,00;26.490.041,42;56.621.296,50;;;;
BA;2929750;SAUBARA;10.315.468,54;3.330.018,57;896.462,68;0,00;4.226.481,25;14.541.949,79;;;;
BA;2929800;SAUDE;10.643.333,36;3.435.859,22;3.519.932,38;0,00;6.955.791,60;17.599.124,96;;;;
BA;2929909;SEABRA;43.616.193,49;14.080.090,87;19.898.296,50;3.547.850,78;37.526.238,15;81.142.431,64;;;;
BA;2930006;SEBASTIAO LARANJEIRAS;8.023.558,45;2.590.148,82;1.964.269,89;0,00;4.554.418,71;12.577.977,16;;;;
BA;2930105;SENHOR DO BONFIM;63.462.149,41;20.486.721,99;40.411.668,01;1.902.663,13;62.801.053,13;126.263.202,54;;;;
BA;2930204;SENTO SE;45.961.469,73;14.837.188,17;19.354.193,61;3.437.784,73;37.629.166,51;83.590.636,24;;;;
BA;2930154;SERRA DO RAMALHO;44.821.041,45;14.469.037,43;23.571.941,05;0,00;38.040.978,48;82.862.019,93;;;;
BA;2930303;SERRA DOURADA;12.791.624,68;4.129.366,26;2.355.363,24;1.054.850,13;7.539.579,63;20.331.204,31;;;;
BA;2930402;SERRA PRETA;18.084.277,67;5.837.929,73;10.788.958,52;575.506,56;17.202.394,81;35.286.672,48;;;;
BA;2930501;SERRINHA;111.161.871,10;35.885.049,11;80.166.697,33;7.338.306,30;123.390.052,74;234.551.923,84;;;;
BA;2930600;SERROLANDIA;15.515.258,32;5.008.604,13;9.214.426,28;0,00;14.223.030,41;29.738.288,73;;;;
BA;2930709;SIMOES FILHO;91.538.728,97;29.550.346,29;0,00;0,00;29.550.346,29;121.089.075,26;;;;
BA;2930758;SITIO DO MATO;14.093.905,69;4.549.765,96;5.750.554,54;451.274,43;10.751.594,93;24.845.500,62;;;;
BA;2930766;SITIO DO QUINTO;16.014.381,39;5.169.730,03;7.724.033,94;1.158.603,71;14.052.367,68;30.066.749,07;;;;
BA;2930774;SOBRADINHO;25.702.627,68;8.297.269,99;11.254.403,32;0,00;19.551.673,31;45.254.300,99;;;;
BA;2930808;SOUTO SOARES;21.968.447,86;7.091.809,66;14.491.552,11;1.908.370,22;23.491.731,99;45.460.179,85;;;;
BA;2930907;TABOCAS DO BREJO VELHO;10.571.875,43;3.412.791,32;2.361.409,24;892.984,42;6.667.184,98;17.239.060,41;;;;
BA;2931004;TANHACU;17.555.801,88;5.667.328,25;6.179.603,09;1.322.788,57;13.169.719,91;30.725.521,79;;;;
BA;2931053;TANQUE NOVO;18.329.795,96;5.917.187,45;8.408.749,44;0,00;14.325.936,89;32.655.732,85;;;;
BA;2931103;TANQUINHO;10.344.512,98;3.339.394,64;10.006.406,17;0,00;13.345.800,81;23.690.313,79;;;;
BA;2931202;TAPEROA;27.025.816,72;8.724.419,18;11.103.602,58;1.709.505,86;21.537.527,62;48.563.344,34;;;;
BA;2931301;TAPIRAMUTA;18.479.206,85;5.965.419,97;13.656.365,09;0,00;19.621.785,06;38.100.991,91;;;;
BA;2931350;TEIXEIRA DE FREITAS;106.516.598,88;34.385.471,79;20.360.421,31;0,00;54.745.893,10;161.262.491,98;;;;
BA;2931400;TEODORO SAMPAIO;5.891.543,20;1.901.895,99;257.495,97;0,00;2.159.391,96;8.050.935,16;;;;
BA;2931509;TEOFILANDIA;28.330.904,55;9.145.724,98;15.478.428,75;0,00;24.624.153,73;52.955.058,28;;;;
BA;2931608;TEOLANDIA;22.782.396,79;7.354.566,99;15.724.503,38;1.558.579,20;24.637.649,57;47.420.046,36;;;;
BA;2931707;TERRA NOVA;12.304.298,12;3.972.048,49;6.577.764,11;871.452,77;11.421.265,37;23.725.563,49;;;;
BA;2931806;TREMEDAL;18.663.808,01;6.025.012,54;8.779.903,31;1.380.673,71;16.185.589,56;34.849.397,57;;;;
BA;2931905;TUCANO;66.160.882,04;21.357.921,36;46.004.856,20;0,00;67.362.777,56;133.523.659,60;;;;
BA;2932002;UAUA;35.381.490,44;11.421.780,77;21.747.050,23;2.838.343,25;36.007.174,25;71.388.664,69;;;;
BA;2932101;UBAIRA;22.357.821,96;7.217.506,61;13.044.784,80;0,00;20.262.291,41;42.620.113,37;;;;
BA;2932200;UBAITABA;18.262.659,65;5.895.514,64;5.964.740,11;0,00;11.860.254,75;30.122.914,40;;;;
BA;2932309;UBATA;17.696.894,98;5.712.875,64;7.769.569,34;1.419.347,19;14.901.792,17;32.598.687,15;;;;
BA;2932408;UIBAI;13.133.831,08;4.239.836,63;8.305.603,14;0,00;12.545.439,77;25.679.270,85;;;;
BA;2932457;UMBURANAS;15.340.345,49;4.952.139,13;7.512.922,40;1.099.636,53;13.564.698,06;28.905.043,55;;;;
BA;2932507;UNA;23.650.493,48;7.634.804,20;6.390.275,17;1.013.291,46;15.038.370,83;38.688.864,31;;;;
BA;2932606;URANDI;20.873.655,92;6.738.391,15;14.969.165,03;824.015,70;22.531.571,88;43.405.227,80;;;;
BA;2932705;URUCUCA;22.166.265,77;7.155.668,83;6.346.506,26;0,00;13.502.175,09;35.668.440,86;;;;
BA;2932804;UTINGA;12.083.883,03;3.900.894,54;2.333.280,39;0,00;6.234.174,93;18.318.057,96;;;;
BA;2932903;VALENCA;75.269.517,53;24.298.352,54;26.432.844,80;5.331.883,15;56.063.080,49;131.332.598,02;;;;
BA;2933000;VALENTE;31.130.783,26;10.049.576,13;18.610.159,89;923.032,54;29.582.768,56;60.713.551,82;;;;
BA;2933059;VARZEA DA ROCA;21.094.099,48;6.809.554,28;18.047.001,45;1.568.324,51;26.424.880,24;47.518.979,72;;;;
BA;2933109;VARZEA DO POCO;8.183.289,70;2.641.712,94;3.669.648,31;0,00;6.311.361,25;14.494.650,95;;;;
BA;2933158;VARZEA NOVA;13.309.147,26;4.296.431,85;4.715.303,47;0,00;9.011.735,32;22.320.882,58;;;;
BA;2933174;VARZEDO;9.015.512,23;2.910.369,32;4.605.973,91;700.341,86;8.216.685,09;17.232.197,32;;;;
BA;2933208;VERA CRUZ;42.766.445,15;13.805.776,83;14.104.307,02;0,00;27.910.083,85;70.676.529,00;;;;
BA;2933257;VEREDA;6.659.967,30;2.149.957,10;2.337.582,31;0,00;4.487.539,41;11.147.506,71;;;;
BA;2933307;VITORIA DA CONQUISTA;244.008.214,02;78.770.235,32;53.439.696,90;0,00;132.209.932,22;376.218.146,24;;;;
BA;2933406;WAGNER;7.579.476,93;2.446.791,33;2.010.563,51;0,00;4.457.354,84;12.036.831,77;;;;
BA;2933455;WANDERLEY;15.830.177,37;5.110.265,66;7.096.058,18;620.389,18;12.826.713,02;28.656.890,39;;;;
BA;2933505;WENCESLAU GUIMARAES;25.590.437,83;8.261.053,09;8.185.835,92;1.755.674,35;18.202.563,36;43.793.001,19;;;;
BA;2933604;XIQUE-XIQUE;60.678.061,15;19.587.968,28;25.803.251,71;1.977.605,99;47.368.825,98;108.046.887,13;;;;
CE;2300101;ABAIARA;9.008.349,96;4.448.274,84;3.967.755,39;452.219,73;8.868.249,96;17.876.599,92;;;;
CE;2300150;ACARAPE;15.874.534,23;7.838.759,76;12.315.618,25;0,00;20.154.378,01;36.028.912,24;;;;
CE;2300200;ACARAU;59.577.743,10;29.419.169,62;30.529.837,61;0,00;59.949.007,23;119.526.750,33;;;;
CE;2300309;ACOPIARA;32.871.590,21;16.231.814,73;9.188.161,62;0,00;25.419.976,35;58.291.566,56;;;;
CE;2300408;AIUABA;11.326.128,40;5.592.781,38;3.682.872,45;538.546,73;9.814.200,56;21.140.328,96;;;;
CE;2300507;ALCANTARAS;10.434.998,10;5.152.746,03;6.159.751,54;547.612,58;11.860.110,15;22.295.108,25;;;;
CE;2300606;ALTANEIRA;9.645.433,88;4.762.863,45;6.113.262,19;864.404,23;11.740.529,87;21.385.963,75;;;;
CE;2300705;ALTO SANTO;15.405.654,71;7.607.229,57;8.661.003,53;710.488,25;16.978.721,35;32.384.376,06;;;;
CE;2300754;AMONTADA;53.184.469,92;26.262.205,64;38.975.150,77;2.134.627,20;67.371.983,61;120.556.453,53;;;;
CE;2300804;ANTONINA DO NORTE;8.045.315,99;3.972.733,83;5.431.211,26;0,00;9.403.945,09;17.449.261,08;;;;
CE;2300903;APUIARES;10.938.614,70;5.401.429,20;4.655.546,51;457.869,21;10.514.844,92;21.453.459,62;;;;
CE;2301000;AQUIRAZ;89.212.897,34;44.052.849,64;36.229.655,60;0,00;80.282.505,24;169.495.402,58;;;;
CE;2301109;ARACATI;65.747.675,69;32.465.849,19;34.314.003,93;5.878.301,77;72.658.154,89;138.405.830,58;;;;
CE;2301208;ARACOIABA;33.066.702,85;16.328.160,30;25.799.256,28;0,00;42.127.416,58;75.194.119,43;;;;
CE;2301257;ARARENDA;18.172.105,49;8.973.288,11;16.184.350,22;1.819.639,66;26.977.277,99;45.149.383,48;;;;
CE;2301307;ARARIPE;21.825.478,66;10.777.304,16;10.287.876,81;0,00;21.065.180,97;42.890.659,63;;;;
CE;2301406;ARATUBA;16.696.409,07;8.244.597,14;13.945.781,88;0,00;22.190.379,02;38.886.788,09;;;;
CE;2301505;ARNEIROZ;6.101.112,59;3.012.696,64;2.721.384,10;0,00;5.734.080,74;11.835.193,33;;;;
CE;2301604;ASSARE;23.162.707,61;11.437.620,64;21.667.150,23;1.842.584,09;34.947.354,96;58.110.062,57;;;;
CE;2301703;AURORA;14.940.455,56;7.377.516,72;6.148.392,41;1.473.182,41;14.999.091,54;29.939.547,10;;;;
CE;2301802;BAIXIO;4.566.223,49;2.254.776,64;1.685.808,24;482.067,49;4.422.652,37;8.988.875,86;;;;
CE;2301851;BANABUIU;19.394.747,90;9.577.022,37;10.246.376,80;1.566.524,63;21.389.923,80;40.784.671,70;;;;
CE;2301901;BARBALHA;51.766.904,19;25.562.219,30;23.981.284,28;0,00;49.543.503,58;101.310.407,77;;;;
CE;2301950;BARREIRA;25.259.630,90;12.473.070,09;18.343.600,74;2.196.409,03;33.013.079,86;58.272.710,76;;;;
CE;2302008;BARRO;13.980.856,86;6.903.672,04;5.728.016,67;684.527,86;13.316.216,57;27.297.073,43;;;;
CE;2302057;BARROQUINHA;15.891.157,48;7.846.968,23;9.026.602,35;0,00;16.873.570,58;32.764.728,06;;;;
CE;2302107;BATURITE;36.105.982,50;17.828.940,27;26.934.725,15;0,00;44.763.665,42;80.869.647,92;;;;
CE;2302206;BEBERIBE;51.328.775,14;25.345.873,53;32.551.508,93;0,00;57.897.382,46;109.226.157,60;;;;
CE;2302305;BELA CRUZ;27.151.825,36;13.407.425,56;18.306.060,87;2.228.963,29;33.942.449,72;61.094.275,08;;;;
CE;2302404;BOA VIAGEM;56.520.639,66;27.909.588,35;46.696.557,87;4.818.146,96;79.424.293,18;135.944.932,84;;;;
CE;2302503;BREJO SANTO;57.688.334,46;28.486.189,77;27.142.875,57;6.252.830,82;61.881.896,16;119.570.230,62;;;;
CE;2302602;CAMOCIM;51.245.372,67;25.304.689,84;27.897.703,88;2.643.675,22;55.846.068,94;107.091.441,61;;;;
CE;2302701;CAMPOS SALES;19.400.121,58;9.579.675,86;9.532.595,63;0,00;19.112.271,49;38.512.393,07;;;;
CE;2302800;CANINDE;79.139.144,75;39.078.484,70;56.066.525,40;6.990.789,80;102.135.799,90;181.274.944,65;;;;
CE;2302909;CAPISTRANO;14.613.389,94;7.216.013,47;7.045.301,29;1.397.298,96;15.658.613,72;30.272.003,66;;;;
CE;2303006;CARIDADE;22.545.133,19;11.132.665,70;11.642.869,43;0,00;22.775.535,13;45.320.668,32;;;;
CE;2303105;CARIRE;21.698.422,20;10.714.564,36;16.007.138,50;1.954.941,02;28.676.643,88;50.375.066,08;;;;
CE;2303204;CARIRIACU;24.475.364,82;12.085.803,72;12.871.026,54;1.185.024,32;26.141.854,58;50.617.219,40;;;;
CE;2303303;CARIUS;17.544.634,69;8.663.446,40;13.074.187,38;1.464.973,76;23.202.607,54;40.747.242,23;;;;
CE;2303402;CARNAUBAL;20.137.703,70;9.943.889,95;16.295.676,74;959.304,44;27.198.871,13;47.336.574,83;;;;
CE;2303501;CASCAVEL;71.065.926,41;35.091.972,84;48.871.803,07;6.875.685,31;90.839.461,22;161.905.387,63;;;;
CE;2303600;CATARINA;9.962.069,93;4.919.216,64;3.874.477,77;0,00;8.793.694,41;18.755.764,34;;;;
CE;2303659;CATUNDA;15.691.068,39;7.748.165,31;9.241.512,02;1.604.878,65;18.594.555,98;34.285.624,37;;;;
CE;2303709;CAUCAIA;287.447.342,59;141.939.954,18;146.456.022,00;25.259.262,44;313.655.238,62;601.102.581,21;;;;
CE;2303808;CEDRO;15.473.319,05;7.640.641,85;5.290.691,15;0,00;12.931.333,00;28.404.652,05;;;;
CE;2303907;CHAVAL;13.540.448,24;6.686.200,63;9.577.132,03;0,00;16.263.332,66;29.803.780,90;;;;
CE;2303931;CHORO;13.868.037,69;6.847.962,54;8.427.924,05;1.246.085,21;16.521.971,80;30.390.009,49;;;;
CE;2303956;CHOROZINHO;20.787.901,05;10.264.953,91;11.015.372,25;1.933.494,76;23.213.820,92;44.001.721,97;;;;
CE;2304004;COREAU;32.291.530,12;15.945.384,17;28.348.238,41;3.187.309,96;47.480.932,54;79.772.462,66;;;;
CE;2304103;CRATEUS;68.397.099,00;33.774.120,19;46.520.765,81;3.148.998,90;83.443.884,90;151.840.983,90;;;;
CE;2304202;CRATO;90.042.270,73;44.462.389,76;40.353.582,91;0,00;84.815.972,67;174.858.243,40;;;;
CE;2304236;CROATA;24.787.395,81;12.239.882,94;19.542.083,28;1.388.110,61;33.170.076,83;57.957.472,64;;;;
CE;2304251;CRUZ;31.346.904,24;15.478.932,98;19.635.331,81;3.543.237,73;38.657.502,52;70.004.406,76;;;;
CE;2304269;DEPUTADO IRAPUAN PINHEIRO;10.178.260,03;5.025.970,15;8.506.782,86;1.093.848,05;14.626.601,06;24.804.861,09;;;;
CE;2304277;ERERE;5.245.412,77;2.590.156,65;982.904,04;0,00;3.573.060,69;8.818.473,46;;;;
CE;2304285;EUSEBIO;72.420.586,75;35.760.896,84;0,00;3.757.293,97;39.518.190,81;111.938.777,56;;;;
CE;2304301;FARIAS BRITO;19.378.996,04;9.569.244,18;13.197.106,56;0,00;22.766.350,74;42.145.346,78;;;;
CE;2304350;FORQUILHA;24.722.851,02;12.208.011,07;21.270.195,89;0,00;33.478.206,96;58.201.057,98;;;;
CE;2304400;FORTALEZA;1.380.420.976,97;681.644.465,58;19.945.374,73;0,00;701.589.840,31;2.082.010.817,28;;;;
CE;2304459;FORTIM;14.040.314,30;6.933.031,81;4.515.220,47;1.601.543,49;13.049.795,77;27.090.110,07;;;;
CE;2304509;FRECHEIRINHA;17.680.845,18;8.730.706,40;11.444.767,01;0,00;20.175.473,41;37.856.318,59;;;;
CE;2304608;GENERAL SAMPAIO;10.566.533,49;5.217.697,50;6.353.110,20;0,00;11.570.807,70;22.137.341,19;;;;
CE;2304657;GRACA;20.786.902,25;10.264.460,70;11.437.777,98;0,00;21.702.238,68;42.489.140,93;;;;
CE;2304707;GRANJA;60.064.746,97;29.659.649,51;43.659.699,82;5.336.054,05;78.655.403,38;138.720.150,35;;;;
CE;2304806;GRANJEIRO;5.508.283,89;2.719.961,01;2.328.279,39;271.570,15;5.319.810,55;10.828.094,44;;;;
CE;2304905;GROAIRAS;10.401.859,49;5.136.382,36;4.594.968,52;537.013,82;10.268.364,70;20.670.224,19;;;;
CE;2304954;GUAIUBA;23.450.279,84;11.579.622,26;13.789.723,75;0,00;25.369.346,01;48.819.625,85;;;;
CE;2305001;GUARACIABA DO NORTE;49.639.136,92;24.511.539,25;38.831.054,66;4.553.835,49;67.896.429,40;117.535.566,32;;;;
CE;2305100;GUARAMIRANGA;7.502.720,77;3.704.803,23;4.018.003,92;627.311,00;8.350.118,15;15.852.838,92;;;;
CE;2305209;HIDROLANDIA;14.687.036,67;7.252.379,84;7.238.051,51;752.516,76;15.242.948,11;29.929.984,78;;;;
CE;2305233;HORIZONTE;67.987.600,07;33.571.911,82;32.839.270,83;0,00;66.411.182,65;134.398.782,72;;;;
CE;2305266;IBARETAMA;12.995.706,62;6.417.210,15;8.142.154,34;485.123,70;15.044.488,19;28.040.194,81;;;;
CE;2305308;IBIAPINA;26.112.790,72;12.894.355,84;18.083.730,67;0,00;30.978.086,51;57.090.877,23;;;;
CE;2305332;IBICUITINGA;16.556.217,30;8.175.371,19;11.460.059,60;758.238,06;20.393.668,85;36.949.886,15;;;;
CE;2305357;ICAPUI;19.685.492,05;9.720.590,26;5.348.969,17;0,00;15.069.559,43;34.755.051,48;;;;
CE;2305407;ICO;60.038.491,67;29.646.684,78;40.088.843,87;4.295.385,86;74.030.914,51;134.069.406,18;;;;
CE;2305506;IGUATU;68.432.443,73;33.791.573,24;33.526.082,27;0,00;67.317.655,51;135.750.099,24;;;;
CE;2305605;INDEPENDENCIA;16.241.182,96;8.019.808,94;6.077.494,08;0,00;14.097.303,02;30.338.485,98;;;;
CE;2305654;IPAPORANGA;14.121.186,45;6.972.966,04;12.865.488,64;1.400.897,97;21.239.352,65;35.360.539,10;;;;
CE;2305704;IPAUMIRIM;10.034.949,15;4.955.204,00;3.979.345,57;1.099.393,96;10.033.943,53;20.068.892,68;;;;
CE;2305803;IPU;43.414.348,79;21.437.772,30;30.015.093,77;4.313.203,19;55.766.069,26;99.180.418,05;;;;
CE;2305902;IPUEIRAS;40.875.562,25;20.184.133,13;29.677.947,64;4.420.807,86;54.282.888,63;95.158.450,88;;;;
CE;2306009;IRACEMA;12.423.922,39;6.134.866,16;6.172.663,71;0,00;12.307.529,87;24.731.452,26;;;;
CE;2306108;IRAUCUBA;30.298.287,66;14.961.131,74;24.109.177,69;1.374.156,11;40.444.465,54;70.742.753,20;;;;
CE;2306207;ITAICABA;5.492.083,60;2.711.961,39;0,00;309.752,63;3.021.714,02;8.513.797,62;;;;
CE;2306256;ITAITINGA;61.004.711,61;30.123.799,00;41.771.245,57;2.712.753,24;74.607.797,81;135.612.509,42;;;;
CE;2306306;ITAPAJE;40.472.886,42;19.985.293,97;21.817.567,12;4.273.494,12;46.076.355,21;86.549.241,63;;;;
CE;2306405;ITAPIPOCA;165.570.990,47;81.758.065,98;138.232.889,42;14.197.843,10;234.188.798,50;399.759.788,97;;;;
CE;2306504;ITAPIUNA;15.217.826,70;7.514.481,10;6.604.862,68;835.837,97;14.955.181,75;30.173.008,45;;;;
CE;2306553;ITAREMA;37.732.844,86;18.632.276,16;20.255.454,96;3.337.710,95;42.225.442,07;79.958.286,93;;;;
CE;2306603;ITATIRA;37.087.281,73;18.313.500,56;23.726.313,34;0,00;42.039.813,90;79.127.095,63;;;;
CE;2306702;JAGUARETAMA;16.154.524,48;7.977.017,44;7.049.812,52;1.433.282,77;16.460.112,73;32.614.637,21;;;;
CE;2306801;JAGUARIBARA;13.443.491,63;6.638.323,97;7.444.407,09;620.752,50;14.703.483,56;28.146.975,19;;;;
CE;2306900;JAGUARIBE;37.569.760,50;18.551.745,98;21.418.509,78;0,00;39.970.255,76;77.540.016,26;;;;
CE;2307007;JAGUARUANA;30.340.501,40;14.981.976,66;24.710.792,75;1.275.517,89;40.968.287,30;71.308.788,70;;;;
CE;2307106;JARDIM;26.129.670,54;12.902.690,99;14.845.861,96;0,00;27.748.552,95;53.878.223,49;;;;
CE;2307205;JATI;7.876.243,72;3.889.246,85;3.139.287,66;0,00;7.028.534,51;14.904.778,23;;;;
CE;2307254;JIJOCA DE JERICOACOARA;29.422.847,86;14.528.844,28;14.845.878,77;3.298.505,79;32.673.228,84;62.096.076,70;;;;
CE;2307304;JUAZEIRO DO NORTE;164.461.553,96;81.210.232,18;56.804.516,51;0,00;138.014.748,69;302.476.302,65;;;;
CE;2307403;JUCAS;23.737.846,07;11.721.620,91;10.928.648,49;2.303.721,98;24.953.991,38;48.691.837,45;;;;
CE;2307502;LAVRAS DA MANGABEIRA;19.432.216,01;9.595.523,92;7.648.000,24;0,00;17.243.524,16;36.675.740,17;;;;
CE;2307601;LIMOEIRO DO NORTE;42.215.854,84;20.845.962,42;22.098.534,28;2.146.141,01;45.090.637,71;87.306.492,55;;;;
CE;2307635;MADALENA;24.099.767,85;11.900.335,95;19.310.646,90;2.220.686,17;33.431.669,02;57.531.436,87;;;;
CE;2307650;MARACANAU;213.473.310,77;105.411.974,50;112.629.605,64;10.844.691,74;228.886.271,88;442.359.582,65;;;;
CE;2307700;MARANGUAPE;80.046.017,57;39.526.293,63;47.104.636,96;0,00;86.630.930,59;166.676.948,16;;;;
CE;2307809;MARCO;29.523.615,76;14.578.602,92;13.138.121,46;3.088.900,58;30.805.624,96;60.329.240,72;;;;
CE;2307908;MARTINOPOLE;12.176.476,98;6.012.678,94;7.909.169,84;0,00;13.921.848,78;26.098.325,76;;;;
CE;2308005;MASSAPE;42.649.596,31;21.060.141,63;31.755.418,97;3.858.862,94;56.674.423,54;99.324.019,85;;;;
CE;2308104;MAURITI;43.886.860,62;21.671.096,11;28.560.892,24;4.470.219,10;54.702.207,45;98.589.068,07;;;;
CE;2308203;MERUOCA;15.556.799,71;7.681.864,15;7.749.147,29;837.206,18;16.268.217,62;31.825.017,33;;;;
CE;2308302;MILAGRES;22.720.762,69;11.219.390,61;14.033.856,14;2.159.775,75;27.413.022,50;50.133.785,19;;;;
CE;2308351;MILHA;12.246.377,19;6.047.195,29;7.280.973,73;689.929,60;14.018.098,62;26.264.475,81;;;;
CE;2308377;MIRAIMA;14.070.589,77;6.947.981,67;9.089.191,41;1.197.434,71;17.234.607,79;31.305.197,56;;;;
CE;2308401;MISSAO VELHA;32.503.659,26;16.050.132,40;16.013.484,51;0,00;32.063.616,91;64.567.276,17;;;;
CE;2308500;MOMBACA;38.261.210,08;18.893.180,07;24.254.226,14;0,00;43.147.406,21;81.408.616,29;;;;
CE;2308609;MONSENHOR TABOSA;21.458.288,75;10.595.987,75;11.543.089,36;2.040.042,14;24.179.119,25;45.637.408,00;;;;
CE;2308708;MORADA NOVA;45.016.381,34;22.228.847,37;15.401.473,92;0,00;37.630.321,29;82.646.702,63;;;;
CE;2308807;MORAUJO;8.497.614,60;4.196.076,46;5.652.772,91;773.227,02;10.622.076,39;19.119.690,99;;;;
CE;2308906;MORRINHOS;21.081.317,18;10.409.841,22;13.426.217,84;0,00;23.836.059,06;44.917.376,24;;;;
CE;2309003;MUCAMBO;14.315.403,93;7.068.869,58;7.585.716,15;0,00;14.654.585,73;28.969.989,66;;;;
CE;2309102;MULUNGU;13.513.626,03;6.672.955,97;13.384.232,16;0,00;20.057.188,13;33.570.814,16;;;;
CE;2309201;NOVA OLINDA;13.423.979,95;6.628.689,21;7.054.546,98;1.558.583,38;15.241.819,57;28.665.799,52;;;;
CE;2309300;NOVA RUSSAS;30.955.304,39;15.285.563,08;17.509.953,94;0,00;32.795.517,02;63.750.821,41;;;;
CE;2309409;NOVO ORIENTE;34.259.035,26;16.916.927,64;25.301.727,01;3.436.784,13;45.655.438,78;79.914.474,04;;;;
CE;2309458;OCARA;21.339.966,68;10.537.560,96;10.692.994,46;0,00;21.230.555,42;42.570.522,10;;;;
CE;2309508;OROS;18.349.448,67;9.060.859,22;8.665.292,20;900.715,51;18.626.866,93;36.976.315,60;;;;
CE;2309607;PACAJUS;60.695.866,69;29.971.293,03;37.714.838,70;0,00;67.686.131,73;128.381.998,42;;;;
CE;2309706;PACATUBA;56.305.333,02;27.803.271,09;24.957.261,33;0,00;52.760.532,42;109.065.865,44;;;;
CE;2309805;PACOTI;11.829.655,81;5.841.420,52;6.924.217,39;1.144.254,50;13.909.892,41;25.739.548,22;;;;
CE;2309904;PACUJA;7.029.981,50;3.471.367,11;701.960,42;0,00;4.173.327,53;11.203.309,03;;;;
CE;2310001;PALHANO;8.163.225,86;4.030.957,09;4.016.259,79;423.383,22;8.470.600,10;16.633.825,96;;;;
CE;2310100;PALMACIA;9.331.640,21;4.607.913,82;4.191.972,15;448.248,53;9.248.134,50;18.579.774,71;;;;
CE;2310209;PARACURU;36.405.064,26;17.976.625,23;15.676.627,94;4.012.619,25;37.665.872,42;74.070.936,68;;;;
CE;2310258;PARAIPABA;37.997.489,22;18.762.956,13;30.027.649,35;3.586.771,88;52.377.377,36;90.374.866,58;;;;
CE;2310308;PARAMBU;28.614.279,89;14.129.577,75;19.570.717,45;1.226.406,86;34.926.702,06;63.540.981,95;;;;
CE;2310407;PARAMOTI;10.092.507,11;4.983.625,82;4.261.864,54;0,00;9.245.490,36;19.337.997,47;;;;
CE;2310506;PEDRA BRANCA;39.893.414,80;19.699.154,00;26.285.217,26;2.027.525,37;48.011.896,63;87.905.311,43;;;;
CE;2310605;PENAFORTE;8.038.133,83;3.969.187,32;3.575.035,18;774.384,39;8.318.606,89;16.356.740,72;;;;
CE;2310704;PENTECOSTE;35.236.405,27;17.399.547,70;22.370.723,76;1.824.632,01;41.594.903,47;76.831.308,74;;;;
CE;2310803;PEREIRO;21.438.764,32;10.586.346,69;13.720.776,93;1.133.011,64;25.440.135,26;46.878.899,58;;;;
CE;2310852;PINDORETAMA;27.815.154,79;13.734.974,07;22.056.761,43;2.223.679,03;38.015.414,53;65.830.569,32;;;;
CE;2310902;PIQUET CARNEIRO;13.386.345,46;6.610.105,50;5.699.787,84;1.405.184,24;13.715.077,58;27.101.423,04;;;;
CE;2310951;PIRES FERREIRA;9.391.358,28;4.637.402,29;5.731.996,87;993.953,43;11.363.352,59;20.754.710,87;;;;
CE;2311009;PORANGA;17.114.353,03;8.450.975,62;16.504.687,52;1.734.584,34;26.690.247,48;43.804.600,51;;;;
CE;2311108;PORTEIRAS;21.947.577,03;10.837.595,68;17.687.713,85;2.204.248,65;30.729.558,18;52.677.135,21;;;;
CE;2311207;POTENGI;7.431.518,15;3.669.643,75;2.649.347,52;0,00;6.318.991,27;13.750.509,42;;;;
CE;2311231;POTIRETAMA;9.196.553,77;4.541.208,86;6.914.456,59;923.083,63;12.378.749,08;21.575.302,85;;;;
CE;2311264;QUITERIANOPOLIS;28.239.661,41;13.944.593,16;24.064.500,52;2.711.404,25;40.720.497,93;68.960.159,34;;;;
CE;2311306;QUIXADA;64.848.905,05;32.022.041,07;36.540.684,86;3.410.829,87;71.973.555,80;136.822.460,85;;;;
CE;2311355;QUIXELO;17.987.924,75;8.882.340,64;11.101.143,74;0,00;19.983.484,38;37.971.409,13;;;;
CE;2311405;QUIXERAMOBIM;77.607.005,34;38.321.922,49;56.996.177,99;0,00;95.318.100,48;172.925.105,82;;;;
CE;2311504;QUIXERE;16.967.932,12;8.378.673,77;8.022.034,22;0,00;16.400.707,99;33.368.640,11;;;;
CE;2311603;REDENCAO;26.069.138,20;12.872.800,46;14.916.537,10;1.284.512,76;29.073.850,32;55.142.988,52;;;;
CE;2311702;RERIUTABA;21.643.796,46;10.687.590,46;17.644.690,77;1.895.529,46;30.227.810,69;51.871.607,15;;;;
CE;2311801;RUSSAS;69.777.734,50;34.455.870,59;48.001.009,53;0,00;82.456.880,12;152.234.614,62;;;;
CE;2311900;SABOEIRO;12.916.174,55;6.377.937,63;4.168.377,51;0,00;10.546.315,14;23.462.489,69;;;;
CE;2311959;SALITRE;22.122.438,87;10.923.941,52;15.470.180,20;0,00;26.394.121,72;48.516.560,59;;;;
CE;2312205;SANTA QUITERIA;41.948.547,75;20.713.967,61;28.171.095,69;1.870.380,08;50.755.443,38;92.703.991,13;;;;
CE;2312007;SANTANA DO ACARAU;24.009.099,44;11.855.564,38;13.983.119,78;2.291.019,18;28.129.703,34;52.138.802,78;;;;
CE;2312106;SANTANA DO CARIRI;15.153.135,07;7.482.536,72;7.764.360,14;1.542.560,42;16.789.457,28;31.942.592,35;;;;
CE;2312304;SAO BENEDITO;55.934.988,16;27.620.396,78;48.492.845,14;5.331.897,52;81.445.139,44;137.380.127,60;;;;
CE;2312403;SAO GONCALO DO AMARANTE;68.593.767,21;33.871.233,90;549.373,87;0,00;34.420.607,77;103.014.374,98;;;;
CE;2312502;SAO JOAO DO JAGUARIBE;4.781.503,95;2.361.080,97;880.834,06;0,00;3.241.915,03;8.023.418,98;;;;
CE;2312601;SAO LUIS DO CURU;9.017.893,23;4.452.987,25;4.531.348,01;380.722,67;9.365.057,93;18.382.951,16;;;;
CE;2312700;SENADOR POMPEU;15.126.601,83;7.469.434,75;5.567.783,39;865.394,96;13.902.613,10;29.029.214,93;;;;
CE;2312809;SENADOR SA;10.091.684,87;4.983.219,80;6.729.310,68;938.385,04;12.650.915,52;22.742.600,39;;;;
CE;2312908;SOBRAL;178.930.730,83;88.355.034,03;99.070.772,38;20.000.141,43;207.425.947,84;386.356.678,67;;;;
CE;2313005;SOLONOPOLE;16.509.930,38;8.152.514,96;1.708.235,89;1.903.723,86;11.764.474,71;28.274.405,09;;;;
CE;2313104;TABULEIRO DO NORTE;20.084.009,73;9.917.376,15;10.130.499,33;935.423,19;20.983.298,67;41.067.308,40;;;;
CE;2313203;TAMBORIL;25.769.949,75;12.725.062,81;17.337.623,57;2.642.383,72;32.705.070,10;58.475.019,85;;;;
CE;2313252;TARRAFAS;6.074.237,41;2.999.425,81;1.926.716,44;0,00;4.926.142,25;11.000.379,66;;;;
CE;2313302;TAUA;60.520.183,83;29.884.541,78;46.525.707,25;2.753.396,72;79.163.645,75;139.683.829,58;;;;
CE;2313351;TEJUCUOCA;26.608.626,38;13.139.196,82;20.073.990,46;1.187.527,27;34.400.714,55;61.009.340,93;;;;
CE;2313401;TIANGUA;82.195.269,39;40.587.582,64;53.465.699,83;8.074.634,98;102.127.917,45;184.323.186,84;;;;
CE;2313500;TRAIRI;59.551.500,15;29.406.210,98;32.934.613,94;6.059.804,81;68.400.629,73;127.952.129,88;;;;
CE;2313559;TURURU;20.169.903,83;9.959.790,20;17.620.697,30;0,00;27.580.487,50;47.750.391,33;;;;
CE;2313609;UBAJARA;38.760.261,68;19.139.609,08;26.401.152,99;3.516.592,21;49.057.354,28;87.817.615,96;;;;
CE;2313708;UMARI;6.024.143,55;2.974.689,73;3.571.173,45;535.974,78;7.081.837,96;13.105.981,51;;;;
CE;2313757;UMIRIM;17.788.546,92;8.783.888,94;10.334.937,28;898.459,44;20.017.285,66;37.805.832,58;;;;
CE;2313807;URUBURETAMA;25.383.865,73;12.534.416,59;19.644.470,34;2.118.310,41;34.297.197,34;59.681.063,07;;;;
CE;2313906;URUOCA;15.629.789,36;7.717.906,06;9.859.322,02;0,00;17.577.228,08;33.207.017,44;;;;
CE;2313955;VARJOTA;24.411.851,52;12.054.441,19;17.395.353,92;2.316.037,68;31.765.832,79;56.177.684,31;;;;
CE;2314003;VARZEA ALEGRE;31.042.656,02;15.328.696,85;18.989.715,70;3.168.158,73;37.486.571,28;68.529.227,30;;;;
CE;2314102;VICOSA DO CEARA;73.571.808,12;36.329.363,77;60.774.603,64;0,00;97.103.967,41;170.675.775,53;;;;
ES;3200102;AFONSO CLAUDIO;31.113.954,21;0,00;4.024.992,36;1.963.255,79;5.988.248,15;37.102.202,36;;;;
ES;3200169;AGUA DOCE DO NORTE;12.216.909,35;0,00;359.800,54;770.197,52;1.129.998,06;13.346.907,41;;;;
ES;3200136;AGUIA BRANCA;12.542.799,17;0,00;1.209.498,21;776.008,30;1.985.506,51;14.528.305,68;;;;
ES;3200201;ALEGRE;20.646.928,42;0,00;0,00;626.495,59;626.495,59;21.273.424,01;;;;
ES;3200300;ALFREDO CHAVES;16.975.933,52;0,00;0,00;0,00;0,00;16.975.933,52;;;;
ES;3200359;ALTO RIO NOVO;8.072.335,93;0,00;1.292.057,12;241.055,61;1.533.112,73;9.605.448,66;;;;
ES;3200409;ANCHIETA;50.776.761,66;0,00;0,00;1.619.655,91;1.619.655,91;52.396.417,57;;;;
ES;3200508;APIACA;8.020.040,85;0,00;610.295,06;0,00;610.295,06;8.630.335,91;;;;
ES;3200607;ARACRUZ;124.256.081,50;0,00;0,00;0,00;0,00;124.256.081,50;;;;
ES;3200706;ATILIO VIVACQUA;18.279.654,46;0,00;3.507.681,13;0,00;3.507.681,13;21.787.335,59;;;;
ES;3200805;BAIXO GUANDU;31.899.132,66;0,00;0,00;0,00;0,00;31.899.132,66;;;;
ES;3200904;BARRA DE SAO FRANCISCO;43.040.294,74;0,00;2.872.796,70;0,00;2.872.796,70;45.913.091,44;;;;
ES;3201001;BOA ESPERANCA;17.531.687,29;0,00;2.888.386,91;0,00;2.888.386,91;20.420.074,20;;;;
ES;3201100;BOM JESUS DO NORTE;12.042.876,07;0,00;3.390.404,31;747.172,07;4.137.576,38;16.180.452,45;;;;
ES;3201159;BREJETUBA;15.057.824,08;0,00;3.222.391,75;471.730,86;3.694.122,61;18.751.946,69;;;;
ES;3201209;CACHOEIRO DE ITAPEMIRIM;184.217.583,05;0,00;2.707.454,60;10.839.495,74;13.546.950,34;197.764.533,39;;;;
ES;3201308;CARIACICA;388.186.062,20;0,00;25.918.186,03;0,00;25.918.186,03;414.104.248,23;;;;
ES;3201407;CASTELO;43.530.174,05;0,00;7.099.532,91;2.653.974,34;9.753.507,25;53.283.681,30;;;;
ES;3201506;COLATINA;126.111.273,64;0,00;5.149.419,84;0,00;5.149.419,84;131.260.693,48;;;;
ES;3201605;CONCEICAO DA BARRA;43.709.425,84;0,00;7.213.353,99;0,00;7.213.353,99;50.922.779,83;;;;
ES;3201704;CONCEICAO DO CASTELO;13.152.634,62;0,00;1.731.530,26;841.321,01;2.572.851,27;15.725.485,89;;;;
ES;3201803;DIVINO DE SAO LOURENCO;3.421.612,69;0,00;0,00;127.398,96;127.398,96;3.549.011,65;;;;
ES;3201902;DOMINGOS MARTINS;43.734.865,87;0,00;1.404.757,54;0,00;1.404.757,54;45.139.623,41;;;;
ES;3202009;DORES DO RIO PRETO;6.721.153,34;0,00;0,00;431.452,84;431.452,84;7.152.606,18;;;;
ES;3202108;ECOPORANGA;17.752.344,05;0,00;0,00;1.136.114,99;1.136.114,99;18.888.459,04;;;;
ES;3202207;FUNDAO;21.152.877,00;0,00;0,00;0,00;0,00;21.152.877,00;;;;
ES;3202256;GOVERNADOR LINDENBERG;8.115.944,37;0,00;527.436,91;557.794,47;1.085.231,38;9.201.175,75;;;;
ES;3202306;GUACUI;37.354.566,59;0,00;4.833.911,35;0,00;4.833.911,35;42.188.477,94;;;;
ES;3202405;GUARAPARI;164.719.141,12;0,00;3.414.581,81;10.294.360,21;13.708.942,02;178.428.083,14;;;;
ES;3202454;IBATIBA;34.922.464,27;0,00;7.372.601,07;0,00;7.372.601,07;42.295.065,34;;;;
ES;3202504;IBIRACU;10.578.995,86;0,00;0,00;0,00;0,00;10.578.995,86;;;;
ES;3202553;IBITIRAMA;13.728.899,26;0,00;3.594.871,34;0,00;3.594.871,34;17.323.770,60;;;;
ES;3202603;ICONHA;12.312.003,98;0,00;0,00;854.310,86;854.310,86;13.166.314,84;;;;
ES;3202652;IRUPI;15.773.064,56;0,00;3.536.749,54;0,00;3.536.749,54;19.309.814,10;;;;
ES;3202702;ITAGUACU;12.347.142,21;0,00;1.274.841,39;763.485,48;2.038.326,87;14.385.469,08;;;;
ES;3202801;ITAPEMIRIM;62.022.015,26;0,00;0,00;1.531.650,90;1.531.650,90;63.553.666,16;;;;
ES;3202900;ITARANA;8.044.690,25;0,00;0,00;541.588,00;541.588,00;8.586.278,25;;;;
ES;3203007;IUNA;28.841.578,89;0,00;2.643.296,84;1.850.554,05;4.493.850,89;33.335.429,78;;;;
ES;3203056;JAGUARE;46.462.622,07;0,00;6.277.865,47;2.805.890,97;9.083.756,44;55.546.378,51;;;;
ES;3203106;JERONIMO MONTEIRO;12.770.974,79;0,00;2.361.798,26;914.289,35;3.276.087,61;16.047.062,40;;;;
ES;3203130;JOAO NEIVA;15.633.243,64;0,00;0,00;0,00;0,00;15.633.243,64;;;;
ES;3203163;LARANJA DA TERRA;12.929.338,60;0,00;2.861.737,32;0,00;2.861.737,32;15.791.075,92;;;;
ES;3203205;LINHARES;213.574.028,28;0,00;0,00;13.277.134,19;13.277.134,19;226.851.162,47;;;;
ES;3203304;MANTENOPOLIS;12.845.402,46;0,00;734.927,82;888.571,02;1.623.498,84;14.468.901,30;;;;
ES;3203320;MARATAIZES;68.033.105,89;0,00;4.754.289,66;0,00;4.754.289,66;72.787.395,55;;;;
ES;3203346;MARECHAL FLORIANO;22.176.629,06;0,00;2.979.477,84;0,00;2.979.477,84;25.156.106,90;;;;
ES;3203353;MARILANDIA;13.395.171,56;0,00;1.881.227,69;0,00;1.881.227,69;15.276.399,25;;;;
ES;3203403;MIMOSO DO SUL;20.513.904,23;0,00;0,00;0,00;0,00;20.513.904,23;;;;
ES;3203502;MONTANHA;24.223.298,64;0,00;2.661.069,16;1.470.096,90;4.131.166,06;28.354.464,70;;;;
ES;3203601;MUCURICI;6.657.190,53;0,00;786.218,51;0,00;786.218,51;7.443.409,04;;;;
ES;3203700;MUNIZ FREIRE;22.475.985,79;0,00;3.524.362,08;1.304.980,79;4.829.342,87;27.305.328,66;;;;
ES;3203809;MUQUI;12.690.903,67;0,00;875.727,11;904.980,50;1.780.707,61;14.471.611,28;;;;
ES;3203908;NOVA VENECIA;60.494.993,32;0,00;7.264.993,67;4.020.079,12;11.285.072,79;71.780.066,11;;;;
ES;3204005;PANCAS;17.244.737,24;0,00;925.619,19;0,00;925.619,19;18.170.356,43;;;;
ES;3204054;PEDRO CANARIO;24.046.887,75;0,00;1.097.051,52;1.450.748,69;2.547.800,21;26.594.687,96;;;;
ES;3204104;PINHEIROS;31.930.599,21;0,00;3.714.458,65;1.899.139,47;5.613.598,12;37.544.197,33;;;;
ES;3204203;PIUMA;33.898.597,81;0,00;3.878.653,84;0,00;3.878.653,84;37.777.251,65;;;;
ES;3204252;PONTO BELO;7.201.027,14;0,00;551.064,01;0,00;551.064,01;7.752.091,15;;;;
ES;3204302;PRESIDENTE KENNEDY;28.195.898,80;0,00;0,00;0,00;0,00;28.195.898,80;;;;
ES;3204351;RIO BANANAL;30.205.519,53;0,00;2.622.324,95;0,00;2.622.324,95;32.827.844,48;;;;
ES;3204401;RIO NOVO DO SUL;9.815.079,73;0,00;0,00;337.340,82;337.340,82;10.152.420,55;;;;
ES;3204500;SANTA LEOPOLDINA;12.133.041,53;0,00;0,00;344.265,05;344.265,05;12.477.306,58;;;;
ES;3204559;SANTA MARIA DE JETIBA;37.562.532,79;0,00;2.068.195,23;2.243.588,71;4.311.783,94;41.874.316,73;;;;
ES;3204609;SANTA TERESA;23.269.169,75;0,00;0,00;1.608.612,62;1.608.612,62;24.877.782,37;;;;
ES;3204658;SAO DOMINGOS DO NORTE;12.195.669,95;0,00;1.013.514,97;751.356,85;1.764.871,82;13.960.541,77;;;;
ES;3204708;SAO GABRIEL DA PALHA;33.072.632,05;0,00;2.163.791,81;0,00;2.163.791,81;35.236.423,86;;;;
ES;3204807;SAO JOSE DO CALCADO;14.578.769,30;0,00;3.579.564,78;0,00;3.579.564,78;18.158.334,08;;;;
ES;3204906;SAO MATEUS;137.303.811,86;0,00;4.955.254,68;0,00;4.955.254,68;142.259.066,54;;;;
ES;3204955;SAO ROQUE DO CANAA;12.274.865,39;0,00;5.036.245,28;858.783,18;5.895.028,46;18.169.893,85;;;;
ES;3205002;SERRA;507.619.846,94;0,00;0,00;0,00;0,00;507.619.846,94;;;;
ES;3205010;SOORETAMA;42.717.272,77;0,00;3.337.888,29;0,00;3.337.888,29;46.055.161,06;;;;
ES;3205036;VARGEM ALTA;23.704.497,09;0,00;3.106.406,15;0,00;3.106.406,15;26.810.903,24;;;;
ES;3205069;VENDA NOVA DO IMIGRANTE;19.979.470,30;0,00;0,00;615.758,34;615.758,34;20.595.228,64;;;;
ES;3205101;VIANA;110.876.458,18;0,00;7.228.358,22;0,00;7.228.358,22;118.104.816,40;;;;
ES;3205150;VILA PAVAO;13.166.048,55;0,00;3.104.199,09;378.859,70;3.483.058,79;16.649.107,34;;;;
ES;3205176;VILA VALERIO;20.375.698,32;0,00;3.983.722,33;0,00;3.983.722,33;24.359.420,65;;;;
ES;3205200;VILA VELHA;426.133.866,98;0,00;0,00;0,00;0,00;426.133.866,98;;;;
ES;3205309;VITORIA;324.263.458,62;0,00;0,00;18.660.877,99;18.660.877,99;342.924.336,61;;;;
GO;5200050;ABADIA DE GOIAS;26.857.995,07;0,00;6.066.003,28;1.555.649,42;7.621.652,70;34.479.647,77;;;;
GO;5200100;ABADIANIA;9.191.557,37;0,00;0,00;0,00;0,00;9.191.557,37;;;;
GO;5200134;ACREUNA;17.721.146,26;0,00;0,00;0,00;0,00;17.721.146,26;;;;
GO;5200159;ADELANDIA;1.687.793,44;0,00;0,00;0,00;0,00;1.687.793,44;;;;
GO;5200175;AGUA FRIA DE GOIAS;5.016.387,45;0,00;0,00;0,00;0,00;5.016.387,45;;;;
GO;5200209;AGUA LIMPA;1.838.848,72;0,00;0,00;64.190,36;64.190,36;1.903.039,08;;;;
GO;5200258;AGUAS LINDAS DE GOIAS;178.657.482,88;0,00;0,00;0,00;0,00;178.657.482,88;;;;
GO;5200308;ALEXANIA;26.631.271,77;0,00;0,00;905.795,30;905.795,30;27.537.067,07;;;;
GO;5200506;ALOANDIA;610.389,86;0,00;0,00;22.944,64;22.944,64;633.334,50;;;;
GO;5200555;ALTO HORIZONTE;11.346.451,65;0,00;0,00;0,00;0,00;11.346.451,65;;;;
GO;5200605;ALTO PARAISO DE GOIAS;8.309.166,28;0,00;0,00;508.395,78;508.395,78;8.817.562,06;;;;
GO;5200803;ALVORADA DO NORTE;9.997.385,92;0,00;360.096,92;349.086,30;709.183,22;10.706.569,14;;;;
GO;5200829;AMARALINA;2.522.720,18;0,00;0,00;173.093,22;173.093,22;2.695.813,40;;;;
GO;5200852;AMERICANO DO BRASIL;4.003.245,20;0,00;0,00;296.878,91;296.878,91;4.300.124,11;;;;
GO;5200902;AMORINOPOLIS;2.267.468,94;0,00;0,00;0,00;0,00;2.267.468,94;;;;
GO;5201108;ANAPOLIS;259.148.948,43;0,00;0,00;0,00;0,00;259.148.948,43;;;;
GO;5201207;ANHANGUERA;771.973,64;0,00;0,00;28.953,95;28.953,95;800.927,59;;;;
GO;5201306;ANICUNS;12.133.633,53;0,00;0,00;838.939,83;838.939,83;12.972.573,36;;;;
GO;5201405;APARECIDA DE GOIANIA;412.178.655,42;0,00;0,00;22.519.726,60;22.519.726,60;434.698.382,02;;;;
GO;5201454;APARECIDA DO RIO DOCE;4.925.902,56;0,00;0,00;342.455,19;342.455,19;5.268.357,75;;;;
GO;5201504;APORE;5.082.356,15;0,00;0,00;0,00;0,00;5.082.356,15;;;;
GO;5201603;ARACU;2.379.007,94;0,00;0,00;87.681,30;87.681,30;2.466.689,24;;;;
GO;5201702;ARAGARCAS;17.357.178,83;0,00;988.622,81;0,00;988.622,81;18.345.801,64;;;;
GO;5201801;ARAGOIANIA;10.681.863,43;0,00;0,00;724.759,66;724.759,66;11.406.623,09;;;;
GO;5202155;ARAGUAPAZ;6.215.380,29;0,00;0,00;0,00;0,00;6.215.380,29;;;;
GO;5202353;ARENOPOLIS;3.497.616,56;0,00;0,00;0,00;0,00;3.497.616,56;;;;
GO;5202502;ARUANA;9.751.798,55;0,00;0,00;294.456,20;294.456,20;10.046.254,75;;;;
GO;5202601;AURILANDIA;1.899.644,13;0,00;0,00;0,00;0,00;1.899.644,13;;;;
GO;5202809;AVELINOPOLIS;2.695.674,22;0,00;0,00;180.768,81;180.768,81;2.876.443,03;;;;
GO;5203104;BALIZA;2.566.263,36;0,00;0,00;0,00;0,00;2.566.263,36;;;;
GO;5203203;BARRO ALTO;16.057.642,29;0,00;0,00;0,00;0,00;16.057.642,29;;;;
GO;5203302;BELA VISTA DE GOIAS;22.764.635,07;0,00;0,00;0,00;0,00;22.764.635,07;;;;
GO;5203401;BOM JARDIM DE GOIAS;4.374.039,08;0,00;0,00;0,00;0,00;4.374.039,08;;;;
GO;5203500;BOM JESUS DE GOIAS;23.336.851,86;0,00;0,00;0,00;0,00;23.336.851,86;;;;
GO;5203559;BONFINOPOLIS;9.072.233,16;0,00;0,00;640.838,41;640.838,41;9.713.071,57;;;;
GO;5203575;BONOPOLIS;2.585.240,55;0,00;0,00;0,00;0,00;2.585.240,55;;;;
GO;5203609;BRAZABRANTES;2.868.295,49;0,00;0,00;0,00;0,00;2.868.295,49;;;;
GO;5203807;BRITANIA;6.111.881,29;0,00;0,00;446.819,67;446.819,67;6.558.700,96;;;;
GO;5203906;BURITI ALEGRE;9.879.840,18;0,00;279.162,57;0,00;279.162,57;10.159.002,75;;;;
GO;5203939;BURITI DE GOIAS;3.050.801,73;0,00;0,00;93.963,76;93.963,76;3.144.765,49;;;;
GO;5203962;BURITINOPOLIS;3.924.611,18;0,00;0,00;0,00;0,00;3.924.611,18;;;;
GO;5204003;CABECEIRAS;6.994.640,45;0,00;0,00;223.835,84;223.835,84;7.218.476,29;;;;
GO;5204102;CACHOEIRA ALTA;9.363.571,32;0,00;0,00;0,00;0,00;9.363.571,32;;;;
GO;5204201;CACHOEIRA DE GOIAS;854.319,09;0,00;0,00;0,00;0,00;854.319,09;;;;
GO;5204250;CACHOEIRA DOURADA;9.610.286,36;0,00;0,00;226.688,55;226.688,55;9.836.974,91;;;;
GO;5204300;CACU;12.044.034,44;0,00;0,00;823.664,06;823.664,06;12.867.698,50;;;;
GO;5204409;CAIAPONIA;11.410.862,57;0,00;0,00;0,00;0,00;11.410.862,57;;;;
GO;5204508;CALDAS NOVAS;90.108.055,08;0,00;0,00;2.956.976,59;2.956.976,59;93.065.031,67;;;;
GO;5204557;CALDAZINHA;3.716.843,32;0,00;0,00;272.180,29;272.180,29;3.989.023,61;;;;
GO;5204607;CAMPESTRE DE GOIAS;3.919.147,87;0,00;0,00;144.508,22;144.508,22;4.063.656,09;;;;
GO;5204656;CAMPINACU;4.246.044,72;0,00;0,00;260.913,40;260.913,40;4.506.958,12;;;;
GO;5204706;CAMPINORTE;11.546.395,02;0,00;1.697.336,26;646.549,33;2.343.885,59;13.890.280,61;;;;
GO;5204805;CAMPO ALEGRE DE GOIAS;7.022.177,37;0,00;0,00;0,00;0,00;7.022.177,37;;;;
GO;5204854;CAMPO LIMPO DE GOIAS;8.853.703,45;0,00;1.618.320,86;582.491,11;2.200.811,97;11.054.515,42;;;;
GO;5204904;CAMPOS BELOS;21.112.856,01;0,00;1.416.527,39;0,00;1.416.527,39;22.529.383,40;;;;
GO;5204953;CAMPOS VERDES;2.737.365,22;0,00;0,00;0,00;0,00;2.737.365,22;;;;
GO;5205000;CARMO DO RIO VERDE;6.416.075,68;0,00;0,00;430.178,76;430.178,76;6.846.254,44;;;;
GO;5205059;CASTELANDIA;2.960.748,66;0,00;0,00;0,00;0,00;2.960.748,66;;;;
GO;5205109;CATALAO;71.368.490,88;0,00;0,00;4.443.090,23;4.443.090,23;75.811.581,11;;;;
GO;5205208;CATURAI;3.549.009,12;0,00;0,00;0,00;0,00;3.549.009,12;;;;
GO;5205307;CAVALCANTE;11.212.876,17;0,00;1.270.730,46;0,00;1.270.730,46;12.483.606,63;;;;
GO;5205406;CERES;16.961.266,87;0,00;251.191,80;472.823,46;724.015,26;17.685.282,13;;;;
GO;5205455;CEZARINA;5.963.311,11;0,00;0,00;432.138,64;432.138,64;6.395.449,75;;;;
GO;5205471;CHAPADAO DO CEU;25.547.762,91;0,00;0,00;0,00;0,00;25.547.762,91;;;;
GO;5205497;CIDADE OCIDENTAL;111.934.815,04;0,00;12.182.705,44;0,00;12.182.705,44;124.117.520,48;;;;
GO;5205513;COCALZINHO DE GOIAS;21.383.305,37;0,00;0,00;1.441.263,74;1.441.263,74;22.824.569,11;;;;
GO;5205521;COLINAS DO SUL;3.455.508,45;0,00;0,00;219.569,37;219.569,37;3.675.077,82;;;;
GO;5205703;CORREGO DO OURO;1.504.709,30;0,00;0,00;0,00;0,00;1.504.709,30;;;;
GO;5205802;CORUMBA DE GOIAS;5.560.275,68;0,00;0,00;405.525,52;405.525,52;5.965.801,20;;;;
GO;5205901;CORUMBAIBA;9.081.034,82;0,00;0,00;603.466,75;603.466,75;9.684.501,57;;;;
GO;5206206;CRISTALINA;76.823.318,55;0,00;0,00;0,00;0,00;76.823.318,55;;;;
GO;5206305;CRISTIANOPOLIS;5.203.668,23;0,00;0,00;336.580,16;336.580,16;5.540.248,39;;;;
GO;5206404;CRIXAS;11.948.367,48;0,00;0,00;0,00;0,00;11.948.367,48;;;;
GO;5206503;CROMINIA;2.955.049,51;0,00;0,00;0,00;0,00;2.955.049,51;;;;
GO;5206602;CUMARI;2.181.377,81;0,00;0,00;74.570,08;74.570,08;2.255.947,89;;;;
GO;5206701;DAMIANOPOLIS;2.830.954,49;0,00;0,00;205.449,00;205.449,00;3.036.403,49;;;;
GO;5206800;DAMOLANDIA;2.453.828,06;0,00;0,00;185.127,59;185.127,59;2.638.955,65;;;;
GO;5206909;DAVINOPOLIS;1.760.519,79;0,00;0,00;0,00;0,00;1.760.519,79;;;;
GO;5207105;DIORAMA;1.594.724,63;0,00;0,00;0,00;0,00;1.594.724,63;;;;
GO;5208301;DIVINOPOLIS DE GOIAS;4.440.364,60;0,00;0,00;0,00;0,00;4.440.364,60;;;;
GO;5207253;DOVERLANDIA;6.689.894,30;0,00;0,00;206.741,66;206.741,66;6.896.635,96;;;;
GO;5207352;EDEALINA;4.967.108,86;0,00;0,00;284.991,73;284.991,73;5.252.100,59;;;;
GO;5207402;EDEIA;9.333.430,37;0,00;0,00;0,00;0,00;9.333.430,37;;;;
GO;5207501;ESTRELA DO NORTE;3.896.173,64;0,00;0,00;262.093,68;262.093,68;4.158.267,32;;;;
GO;5207535;FAINA;5.422.715,17;0,00;0,00;316.978,37;316.978,37;5.739.693,54;;;;
GO;5207600;FAZENDA NOVA;3.765.401,62;0,00;0,00;0,00;0,00;3.765.401,62;;;;
GO;5207808;FIRMINOPOLIS;5.512.983,43;0,00;0,00;0,00;0,00;5.512.983,43;;;;
GO;5207907;FLORES DE GOIAS;12.498.969,15;0,00;331.876,46;630.139,58;962.016,04;13.460.985,19;;;;
GO;5208004;FORMOSA;106.797.905,25;0,00;15.462.808,83;6.846.630,95;22.309.439,78;129.107.345,03;;;;
GO;5208103;FORMOSO;3.039.073,85;0,00;0,00;0,00;0,00;3.039.073,85;;;;
GO;5208152;GAMELEIRA DE GOIAS;5.869.813,24;0,00;0,00;363.042,15;363.042,15;6.232.855,39;;;;
GO;5208400;GOIANAPOLIS;12.284.100,31;0,00;403.440,93;376.144,95;779.585,88;13.063.686,19;;;;
GO;5208509;GOIANDIRA;4.721.379,74;0,00;0,00;0,00;0,00;4.721.379,74;;;;
GO;5208608;GOIANESIA;64.364.111,62;0,00;980.501,85;4.251.710,88;5.232.212,73;69.596.324,35;;;;
GO;5208707;GOIANIA;905.321.554,71;0,00;0,00;53.528.831,56;53.528.831,56;958.850.386,27;;;;
GO;5208806;GOIANIRA;64.323.787,94;0,00;2.672.054,80;4.483.737,02;7.155.791,82;71.479.579,76;;;;
GO;5208905;GOIAS;15.916.757,33;0,00;0,00;0,00;0,00;15.916.757,33;;;;
GO;5209101;GOIATUBA;25.298.950,74;0,00;0,00;1.630.312,13;1.630.312,13;26.929.262,87;;;;
GO;5209150;GOUVELANDIA;4.959.666,68;0,00;0,00;343.220,09;343.220,09;5.302.886,77;;;;
GO;5209200;GUAPO;17.352.336,23;0,00;1.502.567,53;1.112.405,19;2.614.972,72;19.967.308,95;;;;
GO;5209291;GUARAITA;1.399.007,66;0,00;0,00;105.763,01;105.763,01;1.504.770,67;;;;
GO;5209408;GUARANI DE GOIAS;3.745.313,29;0,00;0,00;128.004,95;128.004,95;3.873.318,24;;;;
GO;5209457;GUARINOS;1.237.916,34;0,00;0,00;92.226,57;92.226,57;1.330.142,91;;;;
GO;5209606;HEITORAI;2.585.629,19;0,00;0,00;194.510,67;194.510,67;2.780.139,86;;;;
GO;5209705;HIDROLANDIA;33.359.179,34;0,00;1.333.736,13;0,00;1.333.736,13;34.692.915,47;;;;
GO;5209804;HIDROLINA;2.297.612,54;0,00;0,00;0,00;0,00;2.297.612,54;;;;
GO;5209903;IACIARA;9.842.021,90;0,00;0,00;0,00;0,00;9.842.021,90;;;;
GO;5209937;INACIOLANDIA;6.889.505,42;0,00;0,00;0,00;0,00;6.889.505,42;;;;
GO;5209952;INDIARA;17.354.982,92;0,00;0,00;0,00;0,00;17.354.982,92;;;;
GO;5210000;INHUMAS;38.692.017,33;0,00;0,00;2.484.324,10;2.484.324,10;41.176.341,43;;;;
GO;5210109;IPAMERI;25.133.201,87;0,00;0,00;1.501.556,04;1.501.556,04;26.634.757,91;;;;
GO;5210158;IPIRANGA DE GOIAS;2.350.268,38;0,00;0,00;0,00;0,00;2.350.268,38;;;;
GO;5210208;IPORA;27.240.102,48;0,00;1.701.746,22;1.837.372,37;3.539.118,59;30.779.221,07;;;;
GO;5210307;ISRAELANDIA;1.359.935,06;0,00;0,00;0,00;0,00;1.359.935,06;;;;
GO;5210406;ITABERAI;56.161.041,05;0,00;11.050.584,16;0,00;11.050.584,16;67.211.625,21;;;;
GO;5210562;ITAGUARI;4.270.967,67;0,00;0,00;0,00;0,00;4.270.967,67;;;;
GO;5210604;ITAGUARU;2.870.281,66;0,00;0,00;106.528,68;106.528,68;2.976.810,34;;;;
GO;5210802;ITAJA;4.144.100,44;0,00;0,00;0,00;0,00;4.144.100,44;;;;
GO;5210901;ITAPACI;20.086.140,06;0,00;0,00;0,00;0,00;20.086.140,06;;;;
GO;5211008;ITAPIRAPUA;5.326.439,08;0,00;0,00;0,00;0,00;5.326.439,08;;;;
GO;5211206;ITAPURANGA;15.551.401,91;0,00;0,00;1.073.560,95;1.073.560,95;16.624.962,86;;;;
GO;5211305;ITARUMA;5.423.478,98;0,00;0,00;184.103,41;184.103,41;5.607.582,39;;;;
GO;5211404;ITAUCU;7.182.426,97;0,00;729.501,71;409.361,34;1.138.863,05;8.321.290,02;;;;
GO;5211503;ITUMBIARA;116.673.889,84;0,00;0,00;0,00;0,00;116.673.889,84;;;;
GO;5211602;IVOLANDIA;1.505.309,20;0,00;0,00;0,00;0,00;1.505.309,20;;;;
GO;5211701;JANDAIA;4.393.818,82;0,00;0,00;0,00;0,00;4.393.818,82;;;;
GO;5211800;JARAGUA;36.027.496,43;0,00;655.325,45;1.224.260,39;1.879.585,84;37.907.082,27;;;;
GO;5211909;JATAI;88.517.947,05;0,00;0,00;0,00;0,00;88.517.947,05;;;;
GO;5212006;JAUPACI;2.174.100,34;0,00;0,00;0,00;0,00;2.174.100,34;;;;
GO;5212055;JESUPOLIS;1.933.095,94;0,00;0,00;68.014,47;68.014,47;2.001.110,41;;;;
GO;5212105;JOVIANIA;7.798.799,64;0,00;0,00;0,00;0,00;7.798.799,64;;;;
GO;5212204;JUSSARA;14.783.702,28;0,00;0,00;488.018,10;488.018,10;15.271.720,38;;;;
GO;5212253;LAGOA SANTA;2.335.242,33;0,00;0,00;0,00;0,00;2.335.242,33;;;;
GO;5212303;LEOPOLDO DE BULHOES;8.033.664,14;0,00;0,00;506.804,82;506.804,82;8.540.468,96;;;;
GO;5212501;LUZIANIA;180.893.469,41;0,00;12.562.299,78;0,00;12.562.299,78;193.455.769,19;;;;
GO;5212600;MAIRIPOTABA;1.901.886,20;0,00;0,00;0,00;0,00;1.901.886,20;;;;
GO;5212709;MAMBAI;7.513.722,08;0,00;0,00;546.727,56;546.727,56;8.060.449,64;;;;
GO;5212808;MARA ROSA;9.388.089,69;0,00;0,00;279.900,89;279.900,89;9.667.990,58;;;;
GO;5212907;MARZAGAO;2.540.720,08;0,00;0,00;92.871,16;92.871,16;2.633.591,24;;;;
GO;5212956;MATRINCHA;3.763.310,54;0,00;0,00;140.945,64;140.945,64;3.904.256,18;;;;
GO;5213004;MAURILANDIA;9.969.663,97;0,00;209.484,82;364.063,04;573.547,86;10.543.211,83;;;;
GO;5213053;MIMOSO DE GOIAS;1.964.836,98;0,00;0,00;146.346,49;146.346,49;2.111.183,47;;;;
GO;5213087;MINACU;28.278.538,37;0,00;0,00;902.741,22;902.741,22;29.181.279,59;;;;
GO;5213103;MINEIROS;67.587.871,44;0,00;0,00;0,00;0,00;67.587.871,44;;;;
GO;5213400;MOIPORA;1.059.270,62;0,00;0,00;0,00;0,00;1.059.270,62;;;;
GO;5213509;MONTE ALEGRE DE GOIAS;5.869.105,65;0,00;0,00;180.815,81;180.815,81;6.049.921,46;;;;
GO;5213707;MONTES CLAROS DE GOIAS;6.295.020,24;0,00;0,00;431.712,97;431.712,97;6.726.733,21;;;;
GO;5213756;MONTIVIDIU;15.696.340,47;0,00;0,00;562.578,21;562.578,21;16.258.918,68;;;;
GO;5213772;MONTIVIDIU DO NORTE;3.804.980,47;0,00;0,00;131.467,77;131.467,77;3.936.448,24;;;;
GO;5213806;MORRINHOS;41.895.592,57;0,00;0,00;0,00;0,00;41.895.592,57;;;;
GO;5213855;MORRO AGUDO DE GOIAS;2.674.523,12;0,00;0,00;87.408,15;87.408,15;2.761.931,27;;;;
GO;5213905;MOSSAMEDES;5.448.104,86;0,00;0,00;161.431,93;161.431,93;5.609.536,79;;;;
GO;5214002;MOZARLANDIA;16.042.969,15;0,00;51.837,77;559.674,61;611.512,38;16.654.481,53;;;;
GO;5214051;MUNDO NOVO;5.428.749,86;0,00;0,00;0,00;0,00;5.428.749,86;;;;
GO;5214101;MUTUNOPOLIS;2.896.007,58;0,00;0,00;106.255,53;106.255,53;3.002.263,11;;;;
GO;5214408;NAZARIO;8.467.052,07;0,00;0,00;286.261,69;286.261,69;8.753.313,76;;;;
GO;5214507;NEROPOLIS;25.117.586,26;0,00;0,00;1.760.851,95;1.760.851,95;26.878.438,21;;;;
GO;5214606;NIQUELANDIA;25.449.186,61;0,00;0,00;1.699.533,22;1.699.533,22;27.148.719,83;;;;
GO;5214705;NOVA AMERICA;2.289.015,21;0,00;0,00;76.755,28;76.755,28;2.365.770,49;;;;
GO;5214804;NOVA AURORA;1.470.350,86;0,00;0,00;40.520,44;40.520,44;1.510.871,30;;;;
GO;5214838;NOVA CRIXAS;10.767.889,48;0,00;0,00;341.037,04;341.037,04;11.108.926,52;;;;
GO;5214861;NOVA GLORIA;5.097.278,73;0,00;0,00;338.340,71;338.340,71;5.435.619,44;;;;
GO;5214879;NOVA IGUACU DE GOIAS;2.528.000,31;0,00;0,00;0,00;0,00;2.528.000,31;;;;
GO;5214903;NOVA ROMA;2.423.009,71;0,00;0,00;0,00;0,00;2.423.009,71;;;;
GO;5215009;NOVA VENEZA;8.138.622,05;0,00;860.305,99;0,00;860.305,99;8.998.928,04;;;;
GO;5215207;NOVO BRASIL;2.307.990,05;0,00;0,00;0,00;0,00;2.307.990,05;;;;
GO;5215231;NOVO GAMA;81.027.992,23;0,00;9.849.586,18;0,00;9.849.586,18;90.877.578,41;;;;
GO;5215256;NOVO PLANALTO;3.191.784,47;0,00;0,00;238.275,08;238.275,08;3.430.059,55;;;;
GO;5215306;ORIZONA;14.236.531,77;0,00;0,00;0,00;0,00;14.236.531,77;;;;
GO;5215405;OURO VERDE DE GOIAS;4.191.258,29;0,00;0,00;286.186,83;286.186,83;4.477.445,12;;;;
GO;5215504;OUVIDOR;6.488.067,74;0,00;0,00;0,00;0,00;6.488.067,74;;;;
GO;5215603;PADRE BERNARDO;36.614.040,53;0,00;0,00;0,00;0,00;36.614.040,53;;;;
GO;5215652;PALESTINA DE GOIAS;2.288.214,93;0,00;0,00;0,00;0,00;2.288.214,93;;;;
GO;5215702;PALMEIRAS DE GOIAS;26.131.388,49;0,00;0,00;0,00;0,00;26.131.388,49;;;;
GO;5215801;PALMELO;1.971.554,44;0,00;0,00;59.819,96;59.819,96;2.031.374,40;;;;
GO;5215900;PALMINOPOLIS;4.239.862,70;0,00;0,00;0,00;0,00;4.239.862,70;;;;
GO;5216007;PANAMA;2.153.797,27;0,00;0,00;0,00;0,00;2.153.797,27;;;;
GO;5216304;PARANAIGUARA;7.271.773,98;0,00;0,00;516.554,86;516.554,86;7.788.328,84;;;;
GO;5216403;PARAUNA;11.007.581,39;0,00;0,00;685.240,28;685.240,28;11.692.821,67;;;;
GO;5216452;PEROLANDIA;3.503.608,32;0,00;0,00;244.666,08;244.666,08;3.748.274,40;;;;
GO;5216809;PETROLINA DE GOIAS;4.244.055,66;0,00;0,00;266.270,51;266.270,51;4.510.326,17;;;;
GO;5216908;PILAR DE GOIAS;2.207.197,15;0,00;0,00;60.425,60;60.425,60;2.267.622,75;;;;
GO;5217104;PIRACANJUBA;18.634.955,64;0,00;0,00;1.099.038,93;1.099.038,93;19.733.994,57;;;;
GO;5217203;PIRANHAS;7.513.312,11;0,00;0,00;0,00;0,00;7.513.312,11;;;;
GO;5217302;PIRENOPOLIS;21.019.475,63;0,00;0,00;0,00;0,00;21.019.475,63;;;;
GO;5217401;PIRES DO RIO;19.166.767,19;0,00;0,00;1.161.297,76;1.161.297,76;20.328.064,95;;;;
GO;5217609;PLANALTINA;151.364.270,67;0,00;35.394.906,08;8.296.239,81;43.691.145,89;195.055.416,56;;;;
GO;5217708;PONTALINA;14.888.149,47;0,00;0,00;936.429,63;936.429,63;15.824.579,10;;;;
GO;5218003;PORANGATU;38.423.437,63;0,00;0,00;1.190.202,02;1.190.202,02;39.613.639,65;;;;
GO;5218052;PORTEIRAO;4.250.538,61;0,00;0,00;153.510,56;153.510,56;4.404.049,17;;;;
GO;5218102;PORTELANDIA;3.139.981,10;0,00;0,00;0,00;0,00;3.139.981,10;;;;
GO;5218300;POSSE;33.056.838,43;0,00;0,00;1.066.589,53;1.066.589,53;34.123.427,96;;;;
GO;5218391;PROFESSOR JAMIL;2.278.181,61;0,00;0,00;0,00;0,00;2.278.181,61;;;;
GO;5218508;QUIRINOPOLIS;49.104.628,56;0,00;0,00;3.172.788,99;3.172.788,99;52.277.417,55;;;;
GO;5218607;RIALMA;10.781.237,51;0,00;281.462,00;320.951,80;602.413,80;11.383.651,31;;;;
GO;5218706;RIANAPOLIS;3.188.283,25;0,00;0,00;0,00;0,00;3.188.283,25;;;;
GO;5218789;RIO QUENTE;5.142.058,72;0,00;0,00;339.366,77;339.366,77;5.481.425,49;;;;
GO;5218805;RIO VERDE;219.031.684,46;0,00;0,00;15.141.590,56;15.141.590,56;234.173.275,02;;;;
GO;5218904;RUBIATABA;15.382.605,12;0,00;0,00;1.084.216,75;1.084.216,75;16.466.821,87;;;;
GO;5219001;SANCLERLANDIA;7.226.610,96;0,00;11.077,83;219.612,98;230.690,81;7.457.301,77;;;;
GO;5219100;SANTA BARBARA DE GOIAS;5.572.831,58;0,00;0,00;198.853,54;198.853,54;5.771.685,12;;;;
GO;5219209;SANTA CRUZ DE GOIAS;1.562.921,25;0,00;0,00;58.727,35;58.727,35;1.621.648,60;;;;
GO;5219258;SANTA FE DE GOIAS;4.306.118,06;0,00;0,00;161.664,48;161.664,48;4.467.782,54;;;;
GO;5219308;SANTA HELENA DE GOIAS;26.297.865,68;0,00;0,00;0,00;0,00;26.297.865,68;;;;
GO;5219357;SANTA ISABEL;2.578.585,87;0,00;0,00;188.425,10;188.425,10;2.767.010,97;;;;
GO;5219407;SANTA RITA DO ARAGUAIA;4.707.387,61;0,00;0,00;362.013,22;362.013,22;5.069.400,83;;;;
GO;5219456;SANTA RITA DO NOVO DESTINO;1.659.842,13;0,00;0,00;108.991,61;108.991,61;1.768.833,74;;;;
GO;5219506;SANTA ROSA DE GOIAS;2.055.368,36;0,00;0,00;76.208,98;76.208,98;2.131.577,34;;;;
GO;5219605;SANTA TEREZA DE GOIAS;2.817.852,62;0,00;0,00;176.128,12;176.128,12;2.993.980,74;;;;
GO;5219704;SANTA TEREZINHA DE GOIAS;10.966.902,57;0,00;0,00;0,00;0,00;10.966.902,57;;;;
GO;5219712;SANTO ANTONIO DA BARRA;3.826.775,73;0,00;0,00;0,00;0,00;3.826.775,73;;;;
GO;5219738;SANTO ANTONIO DE GOIAS;6.807.112,10;0,00;0,00;473.717,96;473.717,96;7.280.830,06;;;;
GO;5219753;SANTO ANTONIO DO DESCOBERTO;73.750.034,67;0,00;5.261.959,71;4.628.797,94;9.890.757,65;83.640.792,32;;;;
GO;5219803;SAO DOMINGOS;9.212.675,11;0,00;0,00;536.310,19;536.310,19;9.748.985,30;;;;
GO;5219902;SAO FRANCISCO DE GOIAS;5.591.316,37;0,00;0,00;381.131,25;381.131,25;5.972.447,62;;;;
GO;5220058;SAO JOAO DA PARAUNA;1.451.595,56;0,00;0,00;0,00;0,00;1.451.595,56;;;;
GO;5220009;SAO JOAO DALIANCA;14.773.414,70;0,00;0,00;894.475,76;894.475,76;15.667.890,46;;;;
GO;5220108;SAO LUIS DE MONTES BELOS;28.922.857,63;0,00;0,00;0,00;0,00;28.922.857,63;;;;
GO;5220157;SAO LUIZ DO NORTE;4.959.756,66;0,00;0,00;0,00;0,00;4.959.756,66;;;;
GO;5220207;SAO MIGUEL DO ARAGUAIA;18.344.537,65;0,00;0,00;642.646,33;642.646,33;18.987.183,98;;;;
GO;5220264;SAO MIGUEL DO PASSA QUATRO;4.777.433,86;0,00;0,00;0,00;0,00;4.777.433,86;;;;
GO;5220280;SAO PATRICIO;1.578.329,22;0,00;0,00;0,00;0,00;1.578.329,22;;;;
GO;5220405;SAO SIMAO;20.356.317,29;0,00;0,00;0,00;0,00;20.356.317,29;;;;
GO;5220454;SENADOR CANEDO;196.245.435,55;0,00;0,00;0,00;0,00;196.245.435,55;;;;
GO;5220504;SERRANOPOLIS;7.651.148,63;0,00;0,00;503.804,25;503.804,25;8.154.952,88;;;;
GO;5220603;SILVANIA;16.965.846,59;0,00;0,00;1.112.564,74;1.112.564,74;18.078.411,33;;;;
GO;5220686;SIMOLANDIA;4.794.806,51;0,00;0,00;345.825,87;345.825,87;5.140.632,38;;;;
GO;5220702;SITIO DABADIA;2.364.261,63;0,00;0,00;0,00;0,00;2.364.261,63;;;;
GO;5221007;TAQUARAL DE GOIAS;2.918.221,64;0,00;0,00;201.429,91;201.429,91;3.119.651,55;;;;
GO;5221080;TERESINA DE GOIAS;2.793.538,47;0,00;0,00;0,00;0,00;2.793.538,47;;;;
GO;5221197;TEREZOPOLIS DE GOIAS;6.210.371,41;0,00;0,00;0,00;0,00;6.210.371,41;;;;
GO;5221304;TRES RANCHOS;2.397.788,28;0,00;0,00;61.849,82;61.849,82;2.459.638,10;;;;
GO;5221403;TRINDADE;116.226.781,97;0,00;0,00;0,00;0,00;116.226.781,97;;;;
GO;5221452;TROMBAS;2.597.525,64;0,00;0,00;188.892,24;188.892,24;2.786.417,88;;;;
GO;5221502;TURVANIA;3.434.129,78;0,00;0,00;118.820,45;118.820,45;3.552.950,23;;;;
GO;5221551;TURVELANDIA;6.229.634,87;0,00;0,00;222.041,11;222.041,11;6.451.675,98;;;;
GO;5221577;UIRAPURU;2.641.615,64;0,00;0,00;86.488,67;86.488,67;2.728.104,31;;;;
GO;5221601;URUACU;31.863.861,70;0,00;1.931.787,10;1.869.712,85;3.801.499,95;35.665.361,65;;;;
GO;5221700;URUANA;10.415.152,69;0,00;0,00;710.368,40;710.368,40;11.125.521,09;;;;
GO;5221809;URUTAI;2.478.080,31;0,00;0,00;0,00;0,00;2.478.080,31;;;;
GO;5221858;VALPARAISO DE GOIAS;199.895.827,89;0,00;2.937.983,06;0,00;2.937.983,06;202.833.810,95;;;;
GO;5221908;VARJAO;2.923.111,34;0,00;0,00;106.022,48;106.022,48;3.029.133,82;;;;
GO;5222005;VIANOPOLIS;13.099.394,87;0,00;0,00;0,00;0,00;13.099.394,87;;;;
GO;5222054;VICENTINOPOLIS;9.806.709,80;0,00;0,00;676.482,99;676.482,99;10.483.192,79;;;;
GO;5222203;VILA BOA;6.175.219,94;0,00;0,00;358.802,50;358.802,50;6.534.022,44;;;;
GO;5222302;VILA PROPICIO;6.516.019,94;0,00;0,00;401.551,52;401.551,52;6.917.571,46;;;;
MA;2100055;ACAILANDIA;86.939.385,82;56.878.197,20;52.999.665,66;0,00;109.877.862,86;196.817.248,68;;;;
MA;2100105;AFONSO CUNHA;14.353.939,10;9.390.751,62;12.140.378,66;1.176.194,76;22.707.325,04;37.061.264,14;;;;
MA;2100154;AGUA DOCE DO MARANHAO;14.054.405,47;9.194.788,28;7.292.119,03;0,00;16.486.907,31;30.541.312,78;;;;
MA;2100204;ALCANTARA;17.795.101,91;11.642.057,36;11.843.450,66;0,00;23.485.508,02;41.280.609,93;;;;
MA;2100303;ALDEIAS ALTAS;35.825.144,22;23.437.819,34;23.842.769,20;3.160.780,05;50.441.368,59;86.266.512,81;;;;
MA;2100402;ALTAMIRA DO MARANHAO;6.188.192,61;4.048.490,07;0,00;0,00;4.048.490,07;10.236.682,68;;;;
MA;2100436;ALTO ALEGRE DO MARANHAO;24.628.230,45;16.112.482,68;16.851.388,64;920.171,97;33.884.043,29;58.512.273,74;;;;
MA;2100477;ALTO ALEGRE DO PINDARE;37.548.855,11;24.565.519,59;28.134.787,99;3.662.656,24;56.362.963,82;93.911.818,93;;;;
MA;2100501;ALTO PARNAIBA;8.567.326,32;5.604.986,41;3.308.813,08;0,00;8.913.799,49;17.481.125,81;;;;
MA;2100550;AMAPA DO MARANHAO;12.757.298,86;8.346.184,56;10.777.924,28;1.165.039,28;20.289.148,12;33.046.446,98;;;;
MA;2100600;AMARANTE DO MARANHAO;35.361.246,68;23.134.324,48;29.752.238,10;3.088.063,21;55.974.625,79;91.335.872,47;;;;
MA;2100709;ANAJATUBA;23.586.801,91;15.431.150,77;19.238.706,57;2.055.696,57;36.725.553,91;60.312.355,82;;;;
MA;2100808;ANAPURUS;12.684.375,45;8.298.476,01;0,00;0,00;8.298.476,01;20.982.851,46;;;;
MA;2100832;APICUM-ACU;18.907.431,87;12.369.774,97;11.982.196,15;1.605.879,38;25.957.850,50;44.865.282,37;;;;
MA;2100873;ARAGUANA;15.578.334,56;10.191.785,65;7.289.747,12;0,00;17.481.532,77;33.059.867,33;;;;
MA;2100907;ARAIOSES;34.333.123,47;22.461.697,30;12.947.036,00;1.309.627,74;36.718.361,04;71.051.484,51;;;;
MA;2100956;ARAME;22.517.884,82;14.731.835,07;14.224.925,59;2.127.566,29;31.084.326,95;53.602.211,77;;;;
MA;2101004;ARARI;27.547.031,43;18.022.044,56;22.838.740,81;2.804.137,20;43.664.922,57;71.211.954,00;;;;
MA;2101103;AXIXA;11.585.704,25;7.579.694,35;9.010.882,30;1.168.840,34;17.759.416,99;29.345.121,24;;;;
MA;2101202;BACABAL;90.232.143,68;59.032.412,22;77.066.274,62;8.747.662,19;144.846.349,03;235.078.492,71;;;;
MA;2101251;BACABEIRA;17.950.674,50;11.743.837,32;10.058.075,58;1.657.408,50;23.459.321,40;41.409.995,90;;;;
MA;2101301;BACURI;21.210.102,07;13.876.246,73;13.948.682,38;1.783.867,88;29.608.796,99;50.818.899,06;;;;
MA;2101350;BACURITUBA;6.653.753,00;4.353.072,79;5.099.311,22;582.703,07;10.035.087,08;16.688.840,08;;;;
MA;2101400;BALSAS;71.581.672,89;46.830.748,44;29.810.931,04;8.017.068,36;84.658.747,84;156.240.420,73;;;;
MA;2101509;BARAO DE GRAJAU;14.586.043,25;9.542.600,70;11.892.548,30;621.962,48;22.057.111,48;36.643.154,73;;;;
MA;2101608;BARRA DO CORDA;76.069.238,44;49.766.640,33;57.028.569,85;7.318.050,63;114.113.260,81;190.182.499,25;;;;
MA;2101707;BARREIRINHAS;67.649.536,48;44.258.233,94;48.233.907,30;6.377.065,78;98.869.207,02;166.518.743,50;;;;
MA;2101772;BELA VISTA DO MARANHAO;19.635.574,51;12.846.146,41;11.758.754,00;1.856.579,45;26.461.479,86;46.097.054,37;;;;
MA;2101731;BELAGUA;18.351.814,46;12.006.274,40;13.614.334,68;0,00;25.620.609,08;43.972.423,54;;;;
MA;2101806;BENEDITO LEITE;3.664.087,14;2.397.149,10;168.520,48;0,00;2.565.669,58;6.229.756,72;;;;
MA;2101905;BEQUIMAO;13.730.529,45;8.982.899,46;6.423.770,89;596.686,07;16.003.356,42;29.733.885,87;;;;
MA;2101939;BERNARDO DO MEARIM;4.633.179,28;3.031.156,50;0,00;392.043,15;3.423.199,65;8.056.378,93;;;;
MA;2101970;BOA VISTA DO GURUPI;11.014.470,02;7.205.976,80;7.080.350,95;451.971,49;14.738.299,24;25.752.769,26;;;;
MA;2102002;BOM JARDIM;45.573.187,47;29.815.264,04;36.721.059,31;3.694.506,24;70.230.829,59;115.804.017,06;;;;
MA;2102036;BOM JESUS DAS SELVAS;31.737.023,22;20.763.255,32;19.903.795,93;1.710.358,01;42.377.409,26;74.114.432,48;;;;
MA;2102077;BOM LUGAR;12.854.690,64;8.409.901,01;9.329.093,68;1.318.242,42;19.057.237,11;31.911.927,75;;;;
MA;2102101;BREJO;39.307.950,19;25.716.369,18;31.240.774,99;3.829.133,32;60.786.277,49;100.094.227,68;;;;
MA;2102150;BREJO DE AREIA;8.716.279,10;5.702.435,51;4.681.258,07;831.329,09;11.215.022,67;19.931.301,77;;;;
MA;2102200;BURITI;36.167.597,02;23.661.861,62;21.482.193,38;0,00;45.144.055,00;81.311.652,02;;;;
MA;2102309;BURITI BRAVO;19.166.629,19;12.539.349,17;7.461.760,68;2.183.096,02;22.184.205,87;41.350.835,06;;;;
MA;2102325;BURITICUPU;56.930.105,47;37.245.279,97;34.527.608,26;6.197.207,18;77.970.095,41;134.900.200,88;;;;
MA;2102358;BURITIRANA;14.124.814,59;9.240.851,91;9.492.725,22;1.181.760,82;19.915.337,95;34.040.152,54;;;;
MA;2102374;CACHOEIRA GRANDE;13.373.457,37;8.749.292,84;9.138.637,63;1.100.139,23;18.988.069,70;32.361.527,07;;;;
MA;2102408;CAJAPIO;8.568.827,95;5.605.968,82;4.975.064,37;373.209,59;10.954.242,78;19.523.070,73;;;;
MA;2102507;CAJARI;17.190.281,77;11.246.366,97;6.419.748,61;1.517.891,03;19.184.006,61;36.374.288,38;;;;
MA;2102556;CAMPESTRE DO MARANHAO;10.365.951,79;6.781.697,90;5.548.767,57;0,00;12.330.465,47;22.696.417,26;;;;
MA;2102606;CANDIDO MENDES;27.887.451,97;18.244.757,29;20.384.641,26;2.558.651,90;41.188.050,45;69.075.502,42;;;;
MA;2102705;CANTANHEDE;29.751.860,42;19.464.505,86;31.097.535,96;2.242.235,36;52.804.277,18;82.556.137,60;;;;
MA;2102754;CAPINZAL DO NORTE;11.577.996,68;7.574.651,84;5.474.455,58;1.030.833,36;14.079.940,78;25.657.937,46;;;;
MA;2102804;CAROLINA;18.610.440,42;12.175.474,79;0,00;775.857,40;12.951.332,19;31.561.772,61;;;;
MA;2102903;CARUTAPERA;27.414.566,48;17.935.382,26;22.600.961,88;2.788.004,50;43.324.348,64;70.738.915,12;;;;
MA;2103000;CAXIAS;121.510.360,34;79.495.503,36;70.013.745,38;11.674.963,64;161.184.212,38;282.694.572,72;;;;
MA;2103109;CEDRAL;9.896.066,68;6.474.285,81;6.766.535,65;0,00;13.240.821,46;23.136.888,14;;;;
MA;2103125;CENTRAL DO MARANHAO;9.967.466,30;6.520.997,46;6.106.383,65;972.159,60;13.599.540,71;23.567.007,01;;;;
MA;2103158;CENTRO DO GUILHERME;27.097.800,50;17.728.145,03;22.606.878,22;2.347.888,90;42.682.912,15;69.780.712,65;;;;
MA;2103174;CENTRO NOVO DO MARANHAO;29.073.363,24;19.020.613,87;28.287.299,48;2.472.049,05;49.779.962,40;78.853.325,64;;;;
MA;2103208;CHAPADINHA;81.219.390,82;53.136.015,21;54.553.153,56;7.534.610,27;115.223.779,04;196.443.169,86;;;;
MA;2103257;CIDELANDIA;13.657.674,58;8.935.235,75;10.378.929,32;1.266.302,52;20.580.467,59;34.238.142,17;;;;
MA;2103307;CODO;109.072.693,28;71.358.430,93;83.792.957,57;0,00;155.151.388,50;264.224.081,78;;;;
MA;2103406;COELHO NETO;46.332.755,41;30.312.194,80;28.076.098,36;0,00;58.388.293,16;104.721.048,57;;;;
MA;2103505;COLINAS;38.539.066,79;25.213.343,99;30.344.785,40;1.651.037,84;57.209.167,23;95.748.234,02;;;;
MA;2103554;CONCEICAO DO LAGO-ACU;27.458.761,32;17.964.295,78;29.467.686,83;1.124.468,89;48.556.451,50;76.015.212,82;;;;
MA;2103604;COROATA;60.503.734,46;39.583.248,81;45.795.066,10;5.557.983,89;90.936.298,80;151.440.033,26;;;;
MA;2103703;CURURUPU;30.498.141,06;19.952.743,69;26.913.723,69;2.326.180,23;49.192.647,61;79.690.788,67;;;;
MA;2103752;DAVINOPOLIS;11.998.596,00;7.849.819,76;6.150.637,54;0,00;14.000.457,30;25.999.053,30;;;;
MA;2103802;DOM PEDRO;15.867.584,17;10.381.020,90;9.944.682,83;790.779,16;21.116.482,89;36.984.067,06;;;;
MA;2103901;DUQUE BACELAR;14.992.424,90;9.808.467,04;11.053.455,50;1.621.917,98;22.483.840,52;37.476.265,42;;;;
MA;2104008;ESPERANTINOPOLIS;19.364.950,26;12.669.096,40;16.225.222,94;1.539.692,88;30.434.012,22;49.798.962,48;;;;
MA;2104057;ESTREITO;27.508.545,93;17.996.866,27;15.655.695,42;0,00;33.652.561,69;61.161.107,62;;;;
MA;2104073;FEIRA NOVA DO MARANHAO;7.034.533,23;4.602.189,96;3.674.037,98;0,00;8.276.227,94;15.310.761,17;;;;
MA;2104081;FERNANDO FALCAO;9.900.209,14;6.476.995,92;7.971.856,79;843.421,99;15.292.274,70;25.192.483,84;;;;
MA;2104099;FORMOSA DA SERRA NEGRA;17.563.790,21;11.490.726,72;10.095.180,17;834.963,51;22.420.870,40;39.984.660,61;;;;
MA;2104107;FORTALEZA DOS NOGUEIRAS;13.126.779,43;8.587.909,17;9.343.167,88;1.391.835,66;19.322.912,71;32.449.692,14;;;;
MA;2104206;FORTUNA;17.812.027,90;11.653.130,81;11.828.324,35;1.804.001,96;25.285.457,12;43.097.485,02;;;;
MA;2104305;GODOFREDO VIANA;9.789.221,66;6.404.384,79;0,00;618.422,79;7.022.807,58;16.812.029,24;;;;
MA;2104404;GONCALVES DIAS;11.905.354,80;7.788.818,74;5.507.444,52;597.241,44;13.893.504,70;25.798.859,50;;;;
MA;2104503;GOVERNADOR ARCHER;9.860.869,20;6.451.258,63;6.390.192,99;970.484,10;13.811.935,72;23.672.804,92;;;;
MA;2104552;GOVERNADOR EDISON LOBAO;18.721.365,74;12.248.045,26;13.900.923,47;1.946.651,17;28.095.619,90;46.816.985,64;;;;
MA;2104602;GOVERNADOR EUGENIO BARROS;15.190.311,15;9.937.929,81;11.759.010,32;449.625,77;22.146.565,90;37.336.877,05;;;;
MA;2104628;GOVERNADOR LUIZ ROCHA;7.066.114,47;4.622.851,30;4.551.367,89;390.970,04;9.565.189,23;16.631.303,70;;;;
MA;2104651;GOVERNADOR NEWTON BELLO;11.731.321,62;7.674.961,33;5.249.070,17;0,00;12.924.031,50;24.655.353,12;;;;
MA;2104677;GOVERNADOR NUNES FREIRE;31.828.194,35;20.822.902,04;26.819.586,33;2.576.782,42;50.219.270,79;82.047.465,14;;;;
MA;2104701;GRACA ARANHA;5.241.645,13;3.429.232,01;2.666.086,46;0,00;6.095.318,47;11.336.963,60;;;;
MA;2104800;GRAJAU;86.138.213,73;56.354.047,83;66.008.848,01;8.665.831,31;131.028.727,15;217.166.940,88;;;;
MA;2104909;GUIMARAES;8.981.492,51;5.875.945,61;4.108.476,96;409.946,78;10.394.369,35;19.375.861,86;;;;
MA;2105005;HUMBERTO DE CAMPOS;37.587.146,51;24.590.570,90;31.745.302,65;3.000.292,61;59.336.166,16;96.923.312,67;;;;
MA;2105104;ICATU;24.930.771,73;16.310.413,72;17.627.538,62;2.290.596,22;36.228.548,56;61.159.320,29;;;;
MA;2105153;IGARAPE DO MEIO;23.549.378,69;15.406.667,45;12.469.017,22;2.085.295,32;29.960.979,99;53.510.358,68;;;;
MA;2105203;IGARAPE GRANDE;11.856.763,61;7.757.029,02;11.003.865,49;555.666,28;19.316.560,79;31.173.324,40;;;;
MA;2105302;IMPERATRIZ;166.769.977,93;109.105.621,14;58.817.619,67;19.331.940,80;187.255.181,61;354.025.159,54;;;;
MA;2105351;ITAIPAVA DO GRAJAU;14.577.055,83;9.536.720,89;11.503.919,00;1.502.119,01;22.542.758,90;37.119.814,73;;;;
MA;2105401;ITAPECURU MIRIM;67.049.386,95;43.865.599,20;51.413.535,22;5.661.396,06;100.940.530,48;167.989.917,43;;;;
MA;2105427;ITINGA DO MARANHAO;21.815.812,22;14.272.519,39;10.276.269,53;1.959.290,92;26.508.079,84;48.323.892,06;;;;
MA;2105450;JATOBA;7.358.598,81;4.814.202,79;3.333.113,73;748.156,34;8.895.472,86;16.254.071,67;;;;
MA;2105476;JENIPAPO DOS VIEIRAS;16.832.931,70;11.012.578,48;14.637.135,17;1.346.379,30;26.996.092,95;43.829.024,65;;;;
MA;2105500;JOAO LISBOA;27.525.595,19;18.008.020,37;19.623.549,58;2.192.509,48;39.824.079,43;67.349.674,62;;;;
MA;2105609;JOSELANDIA;13.594.805,58;8.894.105,07;10.628.641,65;1.388.819,92;20.911.566,64;34.506.372,22;;;;
MA;2105658;JUNCO DO MARANHAO;7.544.487,11;4.935.816,16;6.604.536,76;369.324,92;11.909.677,84;19.454.164,95;;;;
MA;2105708;LAGO DA PEDRA;40.086.718,02;26.225.861,05;30.210.878,68;1.809.389,66;58.246.129,39;98.332.847,41;;;;
MA;2105807;LAGO DO JUNCO;12.924.693,62;8.455.698,93;10.553.016,62;0,00;19.008.715,55;31.933.409,17;;;;
MA;2105948;LAGO DOS RODRIGUES;10.009.364,35;6.548.408,34;8.005.680,73;487.004,75;15.041.093,82;25.050.458,17;;;;
MA;2105906;LAGO VERDE;17.935.460,01;11.733.883,57;14.297.887,86;1.260.321,81;27.292.093,24;45.227.553,25;;;;
MA;2105922;LAGOA DO MATO;9.210.766,28;6.025.942,97;6.129.869,36;1.021.282,99;13.177.095,32;22.387.861,60;;;;
MA;2105963;LAGOA GRANDE DO MARANHAO;12.062.755,89;7.891.794,98;9.872.958,69;1.121.587,01;18.886.340,68;30.949.096,57;;;;
MA;2105989;LAJEADO NOVO;7.796.972,13;5.100.998,99;4.563.693,11;807.665,81;10.472.357,91;18.269.330,04;;;;
MA;2106003;LIMA CAMPOS;11.330.608,87;7.412.803,76;2.608.815,24;1.317.437,00;11.339.056,00;22.669.664,87;;;;
MA;2106102;LORETO;11.208.442,43;7.332.879,03;7.326.631,56;548.050,15;15.207.560,74;26.416.003,17;;;;
MA;2106201;LUIS DOMINGUES;8.256.319,20;5.401.516,79;4.985.636,95;716.124,53;11.103.278,27;19.359.597,47;;;;
MA;2106300;MAGALHAES DE ALMEIDA;18.033.186,09;11.797.818,74;3.568.439,16;0,00;15.366.257,90;33.399.443,99;;;;
MA;2106326;MARACACUME;25.546.235,12;16.713.067,22;17.703.154,73;2.146.165,30;36.562.387,25;62.108.622,37;;;;
MA;2106359;MARAJA DO SENA;8.741.333,82;5.718.827,02;5.437.210,18;712.579,67;11.868.616,87;20.609.950,69;;;;
MA;2106375;MARANHAOZINHO;23.413.671,29;15.317.883,83;15.468.941,25;0,00;30.786.825,08;54.200.496,37;;;;
MA;2106409;MATA ROMA;23.717.186,09;15.516.451,78;23.784.170,34;1.865.613,28;41.166.235,40;64.883.421,49;;;;
MA;2106508;MATINHA;23.810.330,36;15.577.389,39;19.538.608,49;2.365.228,08;37.481.225,96;61.291.556,32;;;;
MA;2106607;MATOES;39.109.236,15;25.586.364,85;30.302.084,64;0,00;55.888.449,49;94.997.685,64;;;;
MA;2106631;MATOES DO NORTE;17.885.579,01;11.701.250,02;18.116.822,87;713.455,64;30.531.528,53;48.417.107,54;;;;
MA;2106672;MILAGRES DO MARANHAO;13.765.049,43;9.005.483,40;11.962.091,05;687.792,87;21.655.367,32;35.420.416,75;;;;
MA;2106706;MIRADOR;17.352.395,62;11.352.426,41;10.464.715,24;719.352,23;22.536.493,88;39.888.889,50;;;;
MA;2106755;MIRANDA DO NORTE;21.625.953,18;14.148.308,26;13.039.926,62;1.792.078,77;28.980.313,65;50.606.266,83;;;;
MA;2106805;MIRINZAL;13.114.411,43;8.579.817,68;10.726.671,78;538.533,63;19.845.023,09;32.959.434,52;;;;
MA;2106904;MONCAO;37.786.760,00;24.721.163,68;33.625.387,21;2.966.593,76;61.313.144,65;99.099.904,65;;;;
MA;2107001;MONTES ALTOS;6.874.363,54;4.497.402,44;4.066.035,02;702.418,17;9.265.855,63;16.140.219,17;;;;
MA;2107100;MORROS;24.781.588,95;16.212.814,13;23.572.122,68;2.290.123,09;42.075.059,90;66.856.648,85;;;;
MA;2107209;NINA RODRIGUES;16.943.090,08;11.084.647,19;15.353.898,64;697.838,17;27.136.384,00;44.079.474,08;;;;
MA;2107258;NOVA COLINAS;4.899.985,67;3.205.708,77;1.260.401,82;539.898,86;5.006.009,45;9.905.995,12;;;;
MA;2107308;NOVA IORQUE;4.330.620,13;2.833.213,78;2.553.945,70;187.739,03;5.574.898,51;9.905.518,64;;;;
MA;2107357;NOVA OLINDA DO MARANHAO;22.655.625,60;14.821.948,97;18.107.395,10;1.085.738,16;34.015.082,23;56.670.707,83;;;;
MA;2107407;OLHO DAGUA DAS CUNHAS;24.334.417,39;15.920.261,89;13.857.522,04;1.923.049,23;31.700.833,16;56.035.250,55;;;;
MA;2107456;OLINDA NOVA DO MARANHAO;13.148.073,69;8.601.840,48;8.443.342,97;1.126.556,90;18.171.740,35;31.319.814,04;;;;
MA;2107506;PACO DO LUMIAR;122.247.166,90;79.977.542,98;111.582.212,26;11.604.501,14;203.164.256,38;325.411.423,28;;;;
MA;2107605;PALMEIRANDIA;16.405.353,81;10.732.844,97;9.792.003,17;705.473,16;21.230.321,30;37.635.675,11;;;;
MA;2107704;PARAIBANO;15.849.291,36;10.369.053,24;7.305.497,68;1.595.323,58;19.269.874,50;35.119.165,86;;;;
MA;2107803;PARNARAMA;41.028.691,28;26.842.126,52;32.520.869,38;3.500.492,10;62.863.488,00;103.892.179,28;;;;
MA;2107902;PASSAGEM FRANCA;15.749.138,48;10.303.530,40;10.809.501,46;0,00;21.113.031,86;36.862.170,34;;;;
MA;2108009;PASTOS BONS;24.401.360,06;15.964.057,68;12.995.987,48;2.563.278,31;31.523.323,47;55.924.683,53;;;;
MA;2108058;PAULINO NEVES;21.483.951,33;14.055.406,63;13.782.753,43;2.118.464,10;29.956.624,16;51.440.575,49;;;;
MA;2108108;PAULO RAMOS;28.412.463,78;18.588.234,82;22.907.681,30;1.202.316,40;42.698.232,52;71.110.696,30;;;;
MA;2108207;PEDREIRAS;22.838.282,33;14.941.448,15;7.218.717,33;2.556.611,36;24.716.776,84;47.555.059,17;;;;
MA;2108256;PEDRO DO ROSARIO;30.722.638,45;20.099.616,21;15.745.975,55;1.290.473,55;37.136.065,31;67.858.703,76;;;;
MA;2108306;PENALVA;35.882.226,91;23.475.164,43;26.192.974,34;3.169.148,60;52.837.287,37;88.719.514,28;;;;
MA;2108405;PERI MIRIM;12.144.005,23;7.944.950,59;8.904.151,18;515.922,68;17.365.024,45;29.509.029,68;;;;
MA;2108454;PERITORO;29.010.360,49;18.979.395,70;23.072.142,57;2.372.146,94;44.423.685,21;73.434.045,70;;;;
MA;2108504;PINDARE MIRIM;47.272.694,20;30.927.129,25;41.614.153,55;3.856.955,70;76.398.238,50;123.670.932,70;;;;
MA;2108603;PINHEIRO;67.908.966,12;44.427.960,13;47.177.015,91;0,00;91.604.976,04;159.513.942,16;;;;
MA;2108702;PIO XII;26.970.294,76;17.644.727,18;7.023.859,56;2.495.982,29;27.164.569,03;54.134.863,79;;;;
MA;2108801;PIRAPEMAS;21.466.836,75;14.044.209,79;16.702.864,04;0,00;30.747.073,83;52.213.910,58;;;;
MA;2108900;POCAO DE PEDRAS;18.897.503,31;12.363.279,42;14.340.811,57;1.857.949,60;28.562.040,59;47.459.543,90;;;;
MA;2109007;PORTO FRANCO;31.052.946,07;20.315.712,77;24.937.954,75;3.142.330,94;48.395.998,46;79.448.944,53;;;;
MA;2109056;PORTO RICO DO MARANHAO;7.174.891,47;4.694.016,28;5.198.351,88;565.130,92;10.457.499,08;17.632.390,55;;;;
MA;2109106;PRESIDENTE DUTRA;36.048.924,30;23.584.222,57;25.477.382,72;3.307.283,80;52.368.889,09;88.417.813,39;;;;
MA;2109205;PRESIDENTE JUSCELINO;13.355.957,39;8.737.843,86;9.674.334,11;0,00;18.412.177,97;31.768.135,36;;;;
MA;2109239;PRESIDENTE MEDICI;7.214.803,46;4.720.127,83;4.712.359,26;755.840,42;10.188.327,51;17.403.130,97;;;;
MA;2109270;PRESIDENTE SARNEY;27.229.836,86;17.814.526,93;19.280.810,13;2.644.652,91;39.739.989,97;66.969.826,83;;;;
MA;2109304;PRESIDENTE VARGAS;15.154.383,32;9.914.424,81;8.313.021,82;1.344.992,19;19.572.438,82;34.726.822,14;;;;
MA;2109403;PRIMEIRA CRUZ;19.994.038,75;13.080.663,83;16.078.318,23;1.643.700,90;30.802.682,96;50.796.721,71;;;;
MA;2109452;RAPOSA;31.795.178,00;20.801.301,82;27.873.639,33;3.108.911,71;51.783.852,86;83.579.030,86;;;;
MA;2109502;RIACHAO;16.867.343,86;11.035.091,88;7.061.208,13;867.455,32;18.963.755,33;35.831.099,19;;;;
MA;2109551;RIBAMAR FIQUENE;6.483.019,67;4.241.374,24;2.748.296,64;686.760,53;7.676.431,41;14.159.451,08;;;;
MA;2109601;ROSARIO;46.296.931,31;30.288.757,66;38.129.896,62;0,00;68.418.654,28;114.715.585,59;;;;
MA;2109700;SAMBAIBA;4.701.408,09;3.075.793,71;859.561,55;289.960,34;4.225.315,60;8.926.723,69;;;;
MA;2109759;SANTA FILOMENA DO MARANHAO;6.629.345,99;4.337.105,04;4.232.846,26;0,00;8.569.951,30;15.199.297,29;;;;
MA;2109809;SANTA HELENA;53.143.025,57;34.767.665,54;44.574.430,60;4.489.707,91;83.831.804,05;136.974.829,62;;;;
MA;2109908;SANTA INES;67.279.121,29;44.015.897,88;37.580.623,42;3.805.788,42;85.402.309,72;152.681.431,01;;;;
MA;2110005;SANTA LUZIA;68.149.025,26;44.585.013,58;54.370.795,81;6.526.372,40;105.482.181,79;173.631.207,05;;;;
MA;2110039;SANTA LUZIA DO PARUA;22.699.488,89;14.850.645,57;15.473.519,73;2.023.410,84;32.347.576,14;55.047.065,03;;;;
MA;2110104;SANTA QUITERIA DO MARANHAO;45.214.713,06;29.580.739,98;28.279.261,72;1.975.234,25;59.835.235,95;105.049.949,01;;;;
MA;2110203;SANTA RITA;37.899.293,85;24.794.786,49;28.467.539,94;3.373.446,38;56.635.772,81;94.535.066,66;;;;
MA;2110237;SANTANA DO MARANHAO;12.038.004,23;7.875.601,75;6.883.752,67;1.017.231,35;15.776.585,77;27.814.590,00;;;;
MA;2110278;SANTO AMARO DO MARANHAO;13.006.415,66;8.509.163,80;7.286.818,46;1.127.221,77;16.923.204,03;29.929.619,69;;;;
MA;2110302;SANTO ANTONIO DOS LOPES;13.933.332,31;9.115.578,81;0,00;0,00;9.115.578,81;23.048.911,12;;;;
MA;2110401;SAO BENEDITO DO RIO PRETO;24.854.782,37;16.260.699,34;18.337.874,64;1.093.673,30;35.692.247,28;60.547.029,65;;;;
MA;2110500;SAO BENTO;42.925.791,66;28.083.263,07;38.239.125,32;3.794.249,18;70.116.637,57;113.042.429,23;;;;
MA;2110609;SAO BERNARDO;37.221.022,27;24.351.042,10;6.105.227,33;3.434.456,10;33.890.725,53;71.111.747,80;;;;
MA;2110658;SAO DOMINGOS DO AZEITAO;7.262.502,05;4.751.333,58;4.451.935,03;819.558,49;10.022.827,10;17.285.329,15;;;;
MA;2110708;SAO DOMINGOS DO MARANHAO;31.174.600,67;20.395.302,64;19.106.684,94;3.248.382,65;42.750.370,23;73.924.970,90;;;;
MA;2110807;SAO FELIX DE BALSAS;3.141.849,43;2.055.486,47;693.831,23;326.668,94;3.075.986,64;6.217.836,07;;;;
MA;2110856;SAO FRANCISCO DO BREJAO;8.635.724,89;5.649.734,69;4.878.760,29;0,00;10.528.494,98;19.164.219,87;;;;
MA;2110906;SAO FRANCISCO DO MARANHAO;13.488.563,67;8.824.598,62;8.527.328,46;1.312.627,87;18.664.554,95;32.153.118,62;;;;
MA;2111003;SAO JOAO BATISTA;17.340.013,66;11.344.325,79;11.533.008,61;0,00;22.877.334,40;40.217.348,06;;;;
MA;2111029;SAO JOAO DO CARU;14.779.621,55;9.669.245,09;7.456.411,81;1.280.809,88;18.406.466,78;33.186.088,33;;;;
MA;2111052;SAO JOAO DO PARAISO;9.115.190,80;5.963.414,79;519.221,02;991.413,57;7.474.049,38;16.589.240,18;;;;
MA;2111078;SAO JOAO DO SOTER;19.573.110,55;12.805.280,73;12.755.774,47;1.856.527,52;27.417.582,72;46.990.693,27;;;;
MA;2111102;SAO JOAO DOS PATOS;21.768.674,02;14.241.680,25;12.669.140,37;2.116.556,44;29.027.377,06;50.796.051,08;;;;
MA;2111201;SAO JOSE DE RIBAMAR;214.846.487,93;140.558.629,36;219.911.217,22;0,00;360.469.846,58;575.316.334,51;;;;
MA;2111250;SAO JOSE DOS BASILIOS;6.150.918,18;4.024.104,08;2.463.428,69;571.381,73;7.058.914,50;13.209.832,68;;;;
MA;2111300;SAO LUIS;437.316.166,68;286.104.565,08;0,00;0,00;286.104.565,08;723.420.731,76;;;;
MA;2111409;SAO LUIS GONZAGA DO MARANHAO;22.334.020,00;14.611.545,52;10.757.977,63;2.068.915,28;27.438.438,43;49.772.458,43;;;;
MA;2111508;SAO MATEUS DO MARANHAO;40.907.489,88;26.762.833,14;31.663.373,36;3.602.653,13;62.028.859,63;102.936.349,51;;;;
MA;2111532;SAO PEDRO DA AGUA BRANCA;10.482.930,70;6.858.228,80;5.247.753,16;1.161.352,90;13.267.334,86;23.750.265,56;;;;
MA;2111573;SAO PEDRO DOS CRENTES;5.264.780,15;3.444.367,60;3.758.200,17;493.699,96;7.696.267,73;12.961.047,88;;;;
MA;2111607;SAO RAIMUNDO DAS MANGABEIRAS;16.511.624,89;10.802.370,50;10.067.645,85;0,00;20.870.016,35;37.381.641,24;;;;
MA;2111631;SAO RAIMUNDO DO DOCA BEZERRA;5.254.465,42;3.437.619,41;2.236.583,44;0,00;5.674.202,85;10.928.668,27;;;;
MA;2111672;SAO ROBERTO;7.192.459,61;4.705.509,84;6.772.231,10;258.438,81;11.736.179,75;18.928.639,36;;;;
MA;2111706;SAO VICENTE FERRER;18.683.818,12;12.223.480,55;16.276.597,91;753.272,18;29.253.350,64;47.937.168,76;;;;
MA;2111722;SATUBINHA;13.388.712,30;8.759.273,05;4.280.831,85;644.370,13;13.684.475,03;27.073.187,33;;;;
MA;2111748;SENADOR ALEXANDRE COSTA;11.862.565,72;7.760.824,93;7.978.485,51;1.061.419,27;16.800.729,71;28.663.295,43;;;;
MA;2111763;SENADOR LA ROCQUE;15.969.898,51;10.447.957,83;11.300.347,77;1.266.308,06;23.014.613,66;38.984.512,17;;;;
MA;2111789;SERRANO DO MARANHAO;23.757.849,66;15.543.055,03;22.046.264,58;988.386,65;38.577.706,26;62.335.555,92;;;;
MA;2111805;SITIO NOVO;19.430.937,05;12.712.266,81;15.564.764,21;0,00;28.277.031,02;47.707.968,07;;;;
MA;2111904;SUCUPIRA DO NORTE;11.633.601,37;7.611.029,99;10.153.529,79;0,00;17.764.559,78;29.398.161,15;;;;
MA;2111953;SUCUPIRA DO RIACHAO;4.473.603,89;2.926.757,78;1.833.771,74;446.125,04;5.206.654,56;9.680.258,45;;;;
MA;2112001;TASSO FRAGOSO;8.558.268,97;5.599.060,83;1.768.440,83;898.624,49;8.266.126,15;16.824.395,12;;;;
MA;2112100;TIMBIRAS;24.900.368,73;16.290.523,22;14.959.458,07;1.138.584,18;32.388.565,47;57.288.934,20;;;;
MA;2112209;TIMON;129.526.570,55;84.739.934,08;83.608.718,51;15.228.919,50;183.577.572,09;313.104.142,64;;;;
MA;2112233;TRIZIDELA DO VALE;20.022.590,40;13.099.343,12;8.182.036,14;2.411.290,43;23.692.669,69;43.715.260,09;;;;
MA;2112274;TUFILANDIA;7.089.413,42;4.638.094,13;3.602.782,62;318.003,12;8.558.879,87;15.648.293,29;;;;
MA;2112308;TUNTUM;34.478.597,86;22.556.870,75;26.337.741,73;3.027.012,80;51.921.625,28;86.400.223,14;;;;
MA;2112407;TURIACU;49.433.397,83;32.340.722,49;42.581.119,55;0,00;74.921.842,04;124.355.239,87;;;;
MA;2112456;TURILANDIA;41.633.637,17;27.237.899,18;43.056.884,52;0,00;70.294.783,70;111.928.420,87;;;;
MA;2112506;TUTOIA;58.617.325,09;38.349.106,62;42.397.695,57;5.279.354,34;86.026.156,53;144.643.481,62;;;;
MA;2112605;URBANO SANTOS;42.341.909,23;27.701.270,73;35.296.675,92;2.181.630,32;65.179.576,97;107.521.486,20;;;;
MA;2112704;VARGEM GRANDE;75.657.582,42;49.497.323,36;72.799.592,45;4.194.771,76;126.491.687,57;202.149.269,99;;;;
MA;2112803;VIANA;50.901.233,93;33.301.022,24;39.477.470,99;2.498.234,13;75.276.727,36;126.177.961,29;;;;
MA;2112852;VILA NOVA DOS MARTIRIOS;14.334.664,43;9.378.141,59;11.572.361,54;0,00;20.950.503,13;35.285.167,56;;;;
MA;2112902;VITORIA DO MEARIM;25.821.896,43;16.893.412,62;13.414.079,54;2.474.830,42;32.782.322,58;58.604.219,01;;;;
MA;2113009;VITORINO FREIRE;30.941.197,23;20.242.603,52;19.576.213,11;2.600.595,24;42.419.411,87;73.360.609,10;;;;
MA;2114007;ZE DOCA;50.562.777,02;33.079.594,19;10.774.864,50;4.447.543,53;48.302.002,22;98.864.779,24;;;;
MG;3100104;ABADIA DOS DOURADOS;3.669.488,77;0,00;0,00;0,00;0,00;3.669.488,77;;;;
MG;3100203;ABAETE;15.693.545,80;0,00;1.101.473,69;0,00;1.101.473,69;16.795.019,49;;;;
MG;3100302;ABRE CAMPO;6.005.156,51;0,00;0,00;315.548,35;315.548,35;6.320.704,86;;;;
MG;3100401;ACAIACA;3.304.888,22;0,00;0,00;0,00;0,00;3.304.888,22;;;;
MG;3100500;ACUCENA;4.149.966,54;0,00;0,00;0,00;0,00;4.149.966,54;;;;
MG;3100609;AGUA BOA;6.125.947,55;0,00;0,00;0,00;0,00;6.125.947,55;;;;
MG;3100708;AGUA COMPRIDA;1.598.944,55;0,00;0,00;0,00;0,00;1.598.944,55;;;;
MG;3100807;AGUANIL;4.412.203,09;0,00;0,00;0,00;0,00;4.412.203,09;;;;
MG;3100906;AGUAS FORMOSAS;9.477.514,45;0,00;0,00;0,00;0,00;9.477.514,45;;;;
MG;3101003;AGUAS VERMELHAS;12.553.524,70;0,00;2.394.660,99;0,00;2.394.660,99;14.948.185,69;;;;
MG;3101102;AIMORES;17.849.227,98;0,00;0,00;534.266,05;534.266,05;18.383.494,03;;;;
MG;3101201;AIURUOCA;3.265.343,33;0,00;0,00;116.225,52;116.225,52;3.381.568,85;;;;
MG;3101300;ALAGOA;2.639.260,93;0,00;0,00;98.061,02;98.061,02;2.737.321,95;;;;
MG;3101409;ALBERTINA;4.757.679,69;0,00;0,00;0,00;0,00;4.757.679,69;;;;
MG;3101508;ALEM PARAIBA;26.309.622,40;0,00;321.011,38;0,00;321.011,38;26.630.633,78;;;;
MG;3101607;ALFENAS;52.580.567,78;0,00;0,00;0,00;0,00;52.580.567,78;;;;
MG;3101631;ALFREDO VASCONCELOS;4.334.879,24;0,00;0,00;155.968,91;155.968,91;4.490.848,15;;;;
MG;3101706;ALMENARA;34.794.390,05;0,00;200.187,85;1.938.576,57;2.138.764,42;36.933.154,47;;;;
MG;3101805;ALPERCATA;6.919.923,70;0,00;0,00;0,00;0,00;6.919.923,70;;;;
MG;3101904;ALPINOPOLIS;11.542.532,79;0,00;0,00;0,00;0,00;11.542.532,79;;;;
MG;3102001;ALTEROSA;11.307.474,70;0,00;0,00;391.151,47;391.151,47;11.698.626,17;;;;
MG;3102050;ALTO CAPARAO;5.672.790,85;0,00;0,00;0,00;0,00;5.672.790,85;;;;
MG;3153509;ALTO JEQUITIBA;5.971.057,76;0,00;1.097.686,34;0,00;1.097.686,34;7.068.744,10;;;;
MG;3102100;ALTO RIO DOCE;6.154.164,34;0,00;0,00;0,00;0,00;6.154.164,34;;;;
MG;3102209;ALVARENGA;3.384.360,59;0,00;0,00;0,00;0,00;3.384.360,59;;;;
MG;3102308;ALVINOPOLIS;8.450.872,50;0,00;929.390,83;0,00;929.390,83;9.380.263,33;;;;
MG;3102407;ALVORADA DE MINAS;3.031.052,33;0,00;0,00;92.598,01;92.598,01;3.123.650,34;;;;
MG;3102506;AMPARO DO SERRA;3.457.573,67;0,00;0,00;91.659,15;91.659,15;3.549.232,82;;;;
MG;3102605;ANDRADAS;26.767.101,87;0,00;0,00;1.625.301,17;1.625.301,17;28.392.403,04;;;;
MG;3102803;ANDRELANDIA;10.205.242,21;0,00;0,00;254.871,27;254.871,27;10.460.113,48;;;;
MG;3102852;ANGELANDIA;7.554.019,91;0,00;963.042,01;0,00;963.042,01;8.517.061,92;;;;
MG;3102902;ANTONIO CARLOS;5.701.207,45;0,00;0,00;0,00;0,00;5.701.207,45;;;;
MG;3103009;ANTONIO DIAS;3.965.921,65;0,00;0,00;0,00;0,00;3.965.921,65;;;;
MG;3103108;ANTONIO PRADO DE MINAS;1.174.701,06;0,00;0,00;81.136,42;81.136,42;1.255.837,48;;;;
MG;3103207;ARACAI;2.669.662,66;0,00;0,00;85.263,26;85.263,26;2.754.925,92;;;;
MG;3103306;ARACITABA;1.233.185,79;0,00;0,00;42.338,33;42.338,33;1.275.524,12;;;;
MG;3103405;ARACUAI;16.474.257,85;0,00;0,00;948.108,91;948.108,91;17.422.366,76;;;;
MG;3103504;ARAGUARI;74.778.521,81;0,00;0,00;0,00;0,00;74.778.521,81;;;;
MG;3103603;ARANTINA;3.380.791,54;0,00;0,00;0,00;0,00;3.380.791,54;;;;
MG;3103702;ARAPONGA;3.543.255,22;0,00;0,00;121.035,35;121.035,35;3.664.290,57;;;;
MG;3103751;ARAPORA;13.818.429,45;0,00;0,00;0,00;0,00;13.818.429,45;;;;
MG;3103801;ARAPUA;2.180.983,50;0,00;0,00;66.921,87;66.921,87;2.247.905,37;;;;
MG;3103900;ARAUJOS;8.632.782,48;0,00;916.490,86;0,00;916.490,86;9.549.273,34;;;;
MG;3104007;ARAXA;113.271.785,71;0,00;0,00;3.274.980,49;3.274.980,49;116.546.766,20;;;;
MG;3104106;ARCEBURGO;8.441.218,46;0,00;0,00;0,00;0,00;8.441.218,46;;;;
MG;3104205;ARCOS;27.895.739,52;0,00;0,00;0,00;0,00;27.895.739,52;;;;
MG;3104304;AREADO;9.086.151,67;0,00;0,00;0,00;0,00;9.086.151,67;;;;
MG;3104403;ARGIRITA;3.257.346,66;0,00;0,00;0,00;0,00;3.257.346,66;;;;
MG;3104452;ARICANDUVA;4.232.213,10;0,00;66.200,87;0,00;66.200,87;4.298.413,97;;;;
MG;3104502;ARINOS;14.249.883,94;0,00;0,00;0,00;0,00;14.249.883,94;;;;
MG;3104601;ASTOLFO DUTRA;8.702.844,18;0,00;0,00;576.585,64;576.585,64;9.279.429,82;;;;
MG;3104700;ATALEIA;7.240.676,39;0,00;0,00;0,00;0,00;7.240.676,39;;;;
MG;3104809;AUGUSTO DE LIMA;4.891.048,47;0,00;0,00;307.437,27;307.437,27;5.198.485,74;;;;
MG;3104908;BAEPENDI;12.653.663,83;0,00;0,00;826.610,19;826.610,19;13.480.274,02;;;;
MG;3105004;BALDIM;4.813.289,90;0,00;0,00;170.719,04;170.719,04;4.984.008,94;;;;
MG;3105103;BAMBUI;13.332.828,24;0,00;0,00;441.897,64;441.897,64;13.774.725,88;;;;
MG;3105202;BANDEIRA;2.821.852,27;0,00;0,00;0,00;0,00;2.821.852,27;;;;
MG;3105301;BANDEIRA DO SUL;6.542.291,10;0,00;370.101,42;371.765,62;741.867,04;7.284.158,14;;;;
MG;3105400;BARAO DE COCAIS;27.893.437,54;0,00;0,00;0,00;0,00;27.893.437,54;;;;
MG;3105509;BARAO DE MONTE ALTO;5.459.299,15;0,00;0,00;0,00;0,00;5.459.299,15;;;;
MG;3105608;BARBACENA;65.470.855,37;0,00;0,00;0,00;0,00;65.470.855,37;;;;
MG;3105707;BARRA LONGA;2.176.256,51;0,00;0,00;55.906,59;55.906,59;2.232.163,10;;;;
MG;3105905;BARROSO;14.551.947,47;0,00;0,00;987.071,14;987.071,14;15.539.018,61;;;;
MG;3106002;BELA VISTA DE MINAS;5.733.357,77;0,00;0,00;416.450,88;416.450,88;6.149.808,65;;;;
MG;3106101;BELMIRO BRAGA;2.452.939,66;0,00;0,00;0,00;0,00;2.452.939,66;;;;
MG;3106200;BELO HORIZONTE;1.672.523.064,99;0,00;0,00;0,00;0,00;1.672.523.064,99;;;;
MG;3106309;BELO ORIENTE;30.912.795,88;0,00;0,00;955.882,82;955.882,82;31.868.678,70;;;;
MG;3106408;BELO VALE;6.404.939,55;0,00;0,00;0,00;0,00;6.404.939,55;;;;
MG;3106507;BERILO;4.170.854,95;0,00;0,00;122.644,56;122.644,56;4.293.499,51;;;;
MG;3106655;BERIZAL;3.972.703,34;0,00;67.217,98;120.732,50;187.950,48;4.160.653,82;;;;
MG;3106606;BERTOPOLIS;3.014.707,17;0,00;0,00;0,00;0,00;3.014.707,17;;;;
MG;3106705;BETIM;457.666.012,05;0,00;0,00;0,00;0,00;457.666.012,05;;;;
MG;3106804;BIAS FORTES;1.864.527,33;0,00;0,00;60.639,41;60.639,41;1.925.166,74;;;;
MG;3106903;BICAS;12.743.244,97;0,00;0,00;0,00;0,00;12.743.244,97;;;;
MG;3107000;BIQUINHAS;2.767.540,29;0,00;0,00;0,00;0,00;2.767.540,29;;;;
MG;3107109;BOA ESPERANCA;34.308.168,04;0,00;4.203.665,42;0,00;4.203.665,42;38.511.833,46;;;;
MG;3107208;BOCAINA DE MINAS;3.536.622,33;0,00;0,00;222.087,43;222.087,43;3.758.709,76;;;;
MG;3107307;BOCAIUVA;27.548.095,50;0,00;0,00;856.151,57;856.151,57;28.404.247,07;;;;
MG;3107406;BOM DESPACHO;37.872.221,90;0,00;0,00;0,00;0,00;37.872.221,90;;;;
MG;3107505;BOM JARDIM DE MINAS;5.485.019,06;0,00;0,00;368.944,23;368.944,23;5.853.963,29;;;;
MG;3107604;BOM JESUS DA PENHA;4.198.357,02;0,00;0,00;0,00;0,00;4.198.357,02;;;;
MG;3107703;BOM JESUS DO AMPARO;4.358.588,93;0,00;0,00;0,00;0,00;4.358.588,93;;;;
MG;3107802;BOM JESUS DO GALHO;6.685.811,90;0,00;0,00;0,00;0,00;6.685.811,90;;;;
MG;3107901;BOM REPOUSO;11.985.818,09;0,00;1.734.945,31;0,00;1.734.945,31;13.720.763,40;;;;
MG;3108008;BOM SUCESSO;10.172.536,49;0,00;0,00;0,00;0,00;10.172.536,49;;;;
MG;3108107;BONFIM;3.811.241,39;0,00;0,00;0,00;0,00;3.811.241,39;;;;
MG;3108206;BONFINOPOLIS DE MINAS;5.487.716,01;0,00;0,00;0,00;0,00;5.487.716,01;;;;
MG;3108255;BONITO DE MINAS;8.103.135,87;0,00;393.217,72;0,00;393.217,72;8.496.353,59;;;;
MG;3108305;BORDA DA MATA;13.697.125,67;0,00;0,00;0,00;0,00;13.697.125,67;;;;
MG;3108404;BOTELHOS;10.822.550,01;0,00;0,00;0,00;0,00;10.822.550,01;;;;
MG;3108503;BOTUMIRIM;3.153.864,19;0,00;0,00;171.509,85;171.509,85;3.325.374,04;;;;
MG;3108701;BRAS PIRES;3.686.834,49;0,00;0,00;208.904,85;208.904,85;3.895.739,34;;;;
MG;3108552;BRASILANDIA DE MINAS;16.050.729,65;0,00;1.929.908,38;0,00;1.929.908,38;17.980.638,03;;;;
MG;3108602;BRASILIA DE MINAS;16.406.151,18;0,00;1.625.518,42;436.160,08;2.061.678,50;18.467.829,68;;;;
MG;3108800;BRAUNAS;2.313.080,32;0,00;0,00;0,00;0,00;2.313.080,32;;;;
MG;3108909;BRAZOPOLIS;10.504.178,66;0,00;607.892,01;0,00;607.892,01;11.112.070,67;;;;
MG;3109006;BRUMADINHO;48.526.805,38;0,00;0,00;0,00;0,00;48.526.805,38;;;;
MG;3109105;BUENO BRANDAO;5.832.470,31;0,00;0,00;0,00;0,00;5.832.470,31;;;;
MG;3109204;BUENOPOLIS;7.209.360,36;0,00;0,00;454.952,23;454.952,23;7.664.312,59;;;;
MG;3109253;BUGRE;2.241.996,29;0,00;0,00;0,00;0,00;2.241.996,29;;;;
MG;3109303;BURITIS;29.256.885,50;0,00;0,00;783.452,18;783.452,18;30.040.337,68;;;;
MG;3109402;BURITIZEIRO;22.107.450,27;0,00;3.798.577,60;0,00;3.798.577,60;25.906.027,87;;;;
MG;3109451;CABECEIRA GRANDE;9.062.947,74;0,00;0,00;0,00;0,00;9.062.947,74;;;;
MG;3109501;CABO VERDE;9.295.132,01;0,00;53.209,42;0,00;53.209,42;9.348.341,43;;;;
MG;3109600;CACHOEIRA DA PRATA;4.032.691,84;0,00;0,00;0,00;0,00;4.032.691,84;;;;
MG;3109709;CACHOEIRA DE MINAS;10.160.777,75;0,00;78.093,13;0,00;78.093,13;10.238.870,88;;;;
MG;3102704;CACHOEIRA DE PAJEU;5.830.161,10;0,00;0,00;0,00;0,00;5.830.161,10;;;;
MG;3109808;CACHOEIRA DOURADA;3.375.989,35;0,00;0,00;114.996,35;114.996,35;3.490.985,70;;;;
MG;3109907;CAETANOPOLIS;9.983.809,54;0,00;0,00;0,00;0,00;9.983.809,54;;;;
MG;3110004;CAETE;25.525.430,58;0,00;0,00;0,00;0,00;25.525.430,58;;;;
MG;3110103;CAIANA;4.014.756,50;0,00;0,00;0,00;0,00;4.014.756,50;;;;
MG;3110202;CAJURI;5.519.878,11;0,00;0,00;177.001,50;177.001,50;5.696.879,61;;;;
MG;3110301;CALDAS;11.431.237,59;0,00;549.686,77;341.800,55;891.487,32;12.322.724,91;;;;
MG;3110400;CAMACHO;1.971.980,47;0,00;0,00;0,00;0,00;1.971.980,47;;;;
MG;3110509;CAMANDUCAIA;27.889.143,47;0,00;0,00;0,00;0,00;27.889.143,47;;;;
MG;3110608;CAMBUI;23.012.228,35;0,00;0,00;0,00;0,00;23.012.228,35;;;;
MG;3110707;CAMBUQUIRA;10.128.144,65;0,00;823.814,02;621.270,72;1.445.084,74;11.573.229,39;;;;
MG;3110806;CAMPANARIO;2.755.127,80;0,00;0,00;98.607,32;98.607,32;2.853.735,12;;;;
MG;3110905;CAMPANHA;12.906.777,07;0,00;0,00;0,00;0,00;12.906.777,07;;;;
MG;3111002;CAMPESTRE;21.746.795,17;0,00;567.039,99;0,00;567.039,99;22.313.835,16;;;;
MG;3111101;CAMPINA VERDE;10.073.640,47;0,00;0,00;0,00;0,00;10.073.640,47;;;;
MG;3111150;CAMPO AZUL;3.922.110,20;0,00;0,00;0,00;0,00;3.922.110,20;;;;
MG;3111200;CAMPO BELO;35.249.639,65;0,00;0,00;0,00;0,00;35.249.639,65;;;;
MG;3111309;CAMPO DO MEIO;9.161.418,97;0,00;1.890.046,74;0,00;1.890.046,74;11.051.465,71;;;;
MG;3111408;CAMPO FLORIDO;10.631.338,40;0,00;0,00;0,00;0,00;10.631.338,40;;;;
MG;3111507;CAMPOS ALTOS;14.697.014,77;0,00;0,00;0,00;0,00;14.697.014,77;;;;
MG;3111606;CAMPOS GERAIS;24.168.903,88;0,00;1.773.045,46;702.516,52;2.475.561,98;26.644.465,86;;;;
MG;3111903;CANA VERDE;3.245.579,54;0,00;0,00;224.322,55;224.322,55;3.469.902,09;;;;
MG;3111705;CANAA;2.839.199,55;0,00;0,00;182.494,49;182.494,49;3.021.694,04;;;;
MG;3111804;CANAPOLIS;7.721.509,43;0,00;0,00;0,00;0,00;7.721.509,43;;;;
MG;3112000;CANDEIAS;7.705.557,57;0,00;0,00;0,00;0,00;7.705.557,57;;;;
MG;3112059;CANTAGALO;2.920.233,07;0,00;0,00;100.246,71;100.246,71;3.020.479,78;;;;
MG;3112109;CAPARAO;5.056.696,57;0,00;685.548,77;0,00;685.548,77;5.742.245,34;;;;
MG;3112208;CAPELA NOVA;2.343.720,58;0,00;0,00;79.486,79;79.486,79;2.423.207,37;;;;
MG;3112307;CAPELINHA;28.295.477,97;0,00;5.877.083,44;935.540,35;6.812.623,79;35.108.101,76;;;;
MG;3112406;CAPETINGA;5.485.919,31;0,00;0,00;0,00;0,00;5.485.919,31;;;;
MG;3112505;CAPIM BRANCO;6.781.621,49;0,00;0,00;464.529,84;464.529,84;7.246.151,33;;;;
MG;3112604;CAPINOPOLIS;13.491.984,00;0,00;0,00;0,00;0,00;13.491.984,00;;;;
MG;3112653;CAPITAO ANDRADE;4.805.000,49;0,00;638.578,92;0,00;638.578,92;5.443.579,41;;;;
MG;3112703;CAPITAO ENEAS;13.613.233,06;0,00;3.953.454,54;716.496,91;4.669.951,45;18.283.184,51;;;;
MG;3112802;CAPITOLIO;8.235.395,56;0,00;0,00;441.667,41;441.667,41;8.677.062,97;;;;
MG;3112901;CAPUTIRA;9.043.148,37;0,00;395.661,43;298.553,46;694.214,89;9.737.363,26;;;;
MG;3113008;CARAI;14.690.627,62;0,00;0,00;0,00;0,00;14.690.627,62;;;;
MG;3113107;CARANAIBA;1.576.961,74;0,00;0,00;100.740,37;100.740,37;1.677.702,11;;;;
MG;3113206;CARANDAI;23.117.645,42;0,00;0,00;0,00;0,00;23.117.645,42;;;;
MG;3113305;CARANGOLA;16.886.458,55;0,00;632.087,27;437.522,16;1.069.609,43;17.956.067,98;;;;
MG;3113404;CARATINGA;66.185.813,32;0,00;0,00;0,00;0,00;66.185.813,32;;;;
MG;3113503;CARBONITA;7.575.207,09;0,00;0,00;0,00;0,00;7.575.207,09;;;;
MG;3113602;CAREACU;5.171.641,27;0,00;0,00;161.896,79;161.896,79;5.333.538,06;;;;
MG;3113701;CARLOS CHAGAS;15.910.351,72;0,00;0,00;0,00;0,00;15.910.351,72;;;;
MG;3113800;CARMESIA;3.035.650,53;0,00;0,00;197.398,33;197.398,33;3.233.048,86;;;;
MG;3113909;CARMO DA CACHOEIRA;9.426.961,71;0,00;0,00;0,00;0,00;9.426.961,71;;;;
MG;3114006;CARMO DA MATA;6.860.456,50;0,00;0,00;243.650,21;243.650,21;7.104.106,71;;;;
MG;3114105;CARMO DE MINAS;7.354.817,77;0,00;0,00;0,00;0,00;7.354.817,77;;;;
MG;3114204;CARMO DO CAJURU;20.886.560,51;0,00;1.727.708,87;1.282.753,93;3.010.462,80;23.897.023,31;;;;
MG;3114303;CARMO DO PARANAIBA;19.793.943,45;0,00;0,00;0,00;0,00;19.793.943,45;;;;
MG;3114402;CARMO DO RIO CLARO;14.904.048,07;0,00;1.150.013,44;0,00;1.150.013,44;16.054.061,51;;;;
MG;3114501;CARMOPOLIS DE MINAS;15.214.963,64;0,00;0,00;994.082,41;994.082,41;16.209.046,05;;;;
MG;3114550;CARNEIRINHO;7.712.339,97;0,00;0,00;0,00;0,00;7.712.339,97;;;;
MG;3114600;CARRANCAS;2.952.058,68;0,00;0,00;0,00;0,00;2.952.058,68;;;;
MG;3114709;CARVALHOPOLIS;4.270.647,05;0,00;0,00;0,00;0,00;4.270.647,05;;;;
MG;3114808;CARVALHOS;2.716.153,73;0,00;0,00;0,00;0,00;2.716.153,73;;;;
MG;3114907;CASA GRANDE;1.971.161,36;0,00;0,00;72.106,38;72.106,38;2.043.267,74;;;;
MG;3115003;CASCALHO RICO;3.790.700,38;0,00;0,00;0,00;0,00;3.790.700,38;;;;
MG;3115102;CASSIA;13.615.662,46;0,00;0,00;0,00;0,00;13.615.662,46;;;;
MG;3115300;CATAGUASES;36.357.796,36;0,00;0,00;976.710,44;976.710,44;37.334.506,80;;;;
MG;3115359;CATAS ALTAS;5.420.937,93;0,00;0,00;0,00;0,00;5.420.937,93;;;;
MG;3115409;CATAS ALTAS DA NORUEGA;1.359.717,39;0,00;0,00;0,00;0,00;1.359.717,39;;;;
MG;3115458;CATUJI;8.086.929,04;0,00;1.569.574,76;236.002,00;1.805.576,76;9.892.505,80;;;;
MG;3115474;CATUTI;5.153.711,12;0,00;408.743,01;144.548,40;553.291,41;5.707.002,53;;;;
MG;3115508;CAXAMBU;12.815.071,66;0,00;0,00;421.471,17;421.471,17;13.236.542,83;;;;
MG;3115607;CEDRO DO ABAETE;1.095.258,67;0,00;0,00;79.020,64;79.020,64;1.174.279,31;;;;
MG;3115706;CENTRAL DE MINAS;4.523.989,02;0,00;311.389,47;310.569,87;621.959,34;5.145.948,36;;;;
MG;3115805;CENTRALINA;8.845.611,38;0,00;8.703,49;0,00;8.703,49;8.854.314,87;;;;
MG;3115904;CHACARA;5.310.434,78;0,00;0,00;0,00;0,00;5.310.434,78;;;;
MG;3116001;CHALE;4.341.646,54;0,00;251.870,77;286.072,74;537.943,51;4.879.590,05;;;;
MG;3116100;CHAPADA DO NORTE;8.728.111,30;0,00;2.034.183,21;0,00;2.034.183,21;10.762.294,51;;;;
MG;3116159;CHAPADA GAUCHA;16.845.564,87;0,00;3.185.621,35;494.487,18;3.680.108,53;20.525.673,40;;;;
MG;3116209;CHIADOR;4.684.181,88;0,00;0,00;0,00;0,00;4.684.181,88;;;;
MG;3116308;CIPOTANEA;2.045.600,54;0,00;0,00;65.829,26;65.829,26;2.111.429,80;;;;
MG;3116407;CLARAVAL;3.824.402,33;0,00;0,00;0,00;0,00;3.824.402,33;;;;
MG;3116506;CLARO DOS POCOES;5.061.111,79;0,00;0,00;345.310,33;345.310,33;5.406.422,12;;;;
MG;3116605;CLAUDIO;28.831.287,40;0,00;0,00;0,00;0,00;28.831.287,40;;;;
MG;3116704;COIMBRA;5.036.037,02;0,00;0,00;338.980,92;338.980,92;5.375.017,94;;;;
MG;3116803;COLUNA;4.429.510,27;0,00;0,00;0,00;0,00;4.429.510,27;;;;
MG;3116902;COMENDADOR GOMES;3.649.098,73;0,00;0,00;0,00;0,00;3.649.098,73;;;;
MG;3117009;COMERCINHO;5.688.834,01;0,00;0,00;0,00;0,00;5.688.834,01;;;;
MG;3117108;CONCEICAO DA APARECIDA;8.289.455,86;0,00;0,00;553.477,21;553.477,21;8.842.933,07;;;;
MG;3115201;CONCEICAO DA BARRA DE MINAS;2.118.405,41;0,00;0,00;0,00;0,00;2.118.405,41;;;;
MG;3117306;CONCEICAO DAS ALAGOAS;29.580.100,13;0,00;0,00;0,00;0,00;29.580.100,13;;;;
MG;3117207;CONCEICAO DAS PEDRAS;1.915.468,48;0,00;0,00;0,00;0,00;1.915.468,48;;;;
MG;3117405;CONCEICAO DE IPANEMA;4.304.752,84;0,00;0,00;0,00;0,00;4.304.752,84;;;;
MG;3117504;CONCEICAO DO MATO DENTRO;18.910.703,36;0,00;0,00;1.228.572,52;1.228.572,52;20.139.275,88;;;;
MG;3117603;CONCEICAO DO PARA;2.991.552,56;0,00;0,00;98.061,02;98.061,02;3.089.613,58;;;;
MG;3117702;CONCEICAO DO RIO VERDE;10.570.591,19;0,00;0,00;712.738,04;712.738,04;11.283.329,23;;;;
MG;3117801;CONCEICAO DOS OUROS;10.349.247,89;0,00;160.758,81;0,00;160.758,81;10.510.006,70;;;;
MG;3117836;CONEGO MARINHO;4.489.657,14;0,00;0,00;0,00;0,00;4.489.657,14;;;;
MG;3117876;CONFINS;8.560.469,88;0,00;0,00;264.140,70;264.140,70;8.824.610,58;;;;
MG;3117900;CONGONHAL;8.114.230,50;0,00;0,00;498.168,10;498.168,10;8.612.398,60;;;;
MG;3118007;CONGONHAS;60.833.718,18;0,00;0,00;0,00;0,00;60.833.718,18;;;;
MG;3118106;CONGONHAS DO NORTE;3.074.502,37;0,00;0,00;0,00;0,00;3.074.502,37;;;;
MG;3118205;CONQUISTA;5.842.144,47;0,00;0,00;0,00;0,00;5.842.144,47;;;;
MG;3118304;CONSELHEIRO LAFAIETE;94.462.661,48;0,00;0,00;0,00;0,00;94.462.661,48;;;;
MG;3118403;CONSELHEIRO PENA;15.343.614,07;0,00;0,00;0,00;0,00;15.343.614,07;;;;
MG;3118502;CONSOLACAO;1.484.115,15;0,00;0,00;46.162,43;46.162,43;1.530.277,58;;;;
MG;3118601;CONTAGEM;464.445.964,70;0,00;0,00;0,00;0,00;464.445.964,70;;;;
MG;3118700;COQUEIRAL;5.891.657,04;0,00;0,00;205.955,45;205.955,45;6.097.612,49;;;;
MG;3118809;CORACAO DE JESUS;14.502.673,52;0,00;2.692.517,57;0,00;2.692.517,57;17.195.191,09;;;;
MG;3118908;CORDISBURGO;3.239.495,27;0,00;0,00;231.064,92;231.064,92;3.470.560,19;;;;
MG;3119005;CORDISLANDIA;2.159.632,35;0,00;0,00;141.768,27;141.768,27;2.301.400,62;;;;
MG;3119104;CORINTO;19.631.028,12;0,00;0,00;0,00;0,00;19.631.028,12;;;;
MG;3119203;COROACI;7.227.915,76;0,00;0,00;248.020,62;248.020,62;7.475.936,38;;;;
MG;3119302;COROMANDEL;17.312.250,09;0,00;632.139,72;0,00;632.139,72;17.944.389,81;;;;
MG;3119401;CORONEL FABRICIANO;100.514.351,55;0,00;20.223.407,60;2.824.132,10;23.047.539,70;123.561.891,25;;;;
MG;3119500;CORONEL MURTA;9.367.903,29;0,00;766.982,01;0,00;766.982,01;10.134.885,30;;;;
MG;3119609;CORONEL PACHECO;3.042.375,86;0,00;0,00;0,00;0,00;3.042.375,86;;;;
MG;3119708;CORONEL XAVIER CHAVES;2.095.252,82;0,00;0,00;152.813,83;152.813,83;2.248.066,65;;;;
MG;3119807;CORREGO DANTA;1.818.029,47;0,00;0,00;0,00;0,00;1.818.029,47;;;;
MG;3119906;CORREGO DO BOM JESUS;3.155.466,89;0,00;0,00;0,00;0,00;3.155.466,89;;;;
MG;3119955;CORREGO FUNDO;5.431.373,67;0,00;0,00;189.566,43;189.566,43;5.620.940,10;;;;
MG;3120003;CORREGO NOVO;2.786.274,35;0,00;0,00;0,00;0,00;2.786.274,35;;;;
MG;3120102;COUTO DE MAGALHAES DE MINAS;3.754.746,57;0,00;0,00;0,00;0,00;3.754.746,57;;;;
MG;3120151;CRISOLITA;5.558.314,99;0,00;0,00;139.203,72;139.203,72;5.697.518,71;;;;
MG;3120201;CRISTAIS;11.698.961,78;0,00;0,00;727.959,64;727.959,64;12.426.921,42;;;;
MG;3120300;CRISTALIA;4.310.920,69;0,00;0,00;304.080,43;304.080,43;4.615.001,12;;;;
MG;3120409;CRISTIANO OTONI;4.501.375,22;0,00;0,00;0,00;0,00;4.501.375,22;;;;
MG;3120508;CRISTINA;8.391.402,46;0,00;0,00;537.998,57;537.998,57;8.929.401,03;;;;
MG;3120607;CRUCILANDIA;3.578.801,95;0,00;0,00;0,00;0,00;3.578.801,95;;;;
MG;3120706;CRUZEIRO DA FORTALEZA;7.914.445,32;0,00;61.066,82;0,00;61.066,82;7.975.512,14;;;;
MG;3120805;CRUZILIA;9.630.632,76;0,00;0,00;0,00;0,00;9.630.632,76;;;;
MG;3120839;CUPARAQUE;3.715.402,63;0,00;0,00;0,00;0,00;3.715.402,63;;;;
MG;3120870;CURRAL DE DENTRO;7.555.774,58;0,00;1.281.698,97;513.656,12;1.795.355,09;9.351.129,67;;;;
MG;3120904;CURVELO;53.579.812,51;0,00;0,00;0,00;0,00;53.579.812,51;;;;
MG;3121001;DATAS;6.627.148,88;0,00;759.764,43;210.872,16;970.636,59;7.597.785,47;;;;
MG;3121100;DELFIM MOREIRA;6.627.033,01;0,00;0,00;0,00;0,00;6.627.033,01;;;;
MG;3121209;DELFINOPOLIS;6.004.964,53;0,00;0,00;0,00;0,00;6.004.964,53;;;;
MG;3121258;DELTA;16.181.715,65;0,00;1.727.088,50;1.057.925,05;2.785.013,55;18.966.729,20;;;;
MG;3121308;DESCOBERTO;3.939.711,87;0,00;0,00;0,00;0,00;3.939.711,87;;;;
MG;3121407;DESTERRO DE ENTRE RIOS;4.918.071,17;0,00;0,00;0,00;0,00;4.918.071,17;;;;
MG;3121506;DESTERRO DO MELO;3.436.055,20;0,00;0,00;123.190,86;123.190,86;3.559.246,06;;;;
MG;3121605;DIAMANTINA;27.478.125,33;0,00;0,00;1.652.962,83;1.652.962,83;29.131.088,16;;;;
MG;3121704;DIOGO DE VASCONCELOS;3.476.827,86;0,00;0,00;179.958,33;179.958,33;3.656.786,19;;;;
MG;3121803;DIONISIO;3.998.092,70;0,00;356.509,79;0,00;356.509,79;4.354.602,49;;;;
MG;3121902;DIVINESIA;4.894.234,00;0,00;0,00;136.384,43;136.384,43;5.030.618,43;;;;
MG;3122009;DIVINO;13.442.223,06;0,00;1.619.387,40;0,00;1.619.387,40;15.061.610,46;;;;
MG;3122108;DIVINO DAS LARANJEIRAS;2.375.749,09;0,00;0,00;0,00;0,00;2.375.749,09;;;;
MG;3122207;DIVINOLANDIA DE MINAS;6.284.788,45;0,00;0,00;0,00;0,00;6.284.788,45;;;;
MG;3122306;DIVINOPOLIS;117.155.459,99;0,00;0,00;0,00;0,00;117.155.459,99;;;;
MG;3122355;DIVISA ALEGRE;8.050.476,95;0,00;386.131,47;0,00;386.131,47;8.436.608,42;;;;
MG;3122405;DIVISA NOVA;6.289.277,83;0,00;731.338,15;0,00;731.338,15;7.020.615,98;;;;
MG;3122454;DIVISOPOLIS;6.218.102,24;0,00;0,00;383.869,30;383.869,30;6.601.971,54;;;;
MG;3122470;DOM BOSCO;3.211.214,92;0,00;0,00;92.871,16;92.871,16;3.304.086,08;;;;
MG;3122504;DOM CAVATI;3.026.071,99;0,00;0,00;0,00;0,00;3.026.071,99;;;;
MG;3122603;DOM JOAQUIM;2.951.580,83;0,00;0,00;71.523,52;71.523,52;3.023.104,35;;;;
MG;3122702;DOM SILVERIO;3.398.187,18;0,00;0,00;243.997,57;243.997,57;3.642.184,75;;;;
MG;3122801;DOM VICOSO;1.713.877,52;0,00;0,00;0,00;0,00;1.713.877,52;;;;
MG;3122900;DONA EUZEBIA;4.938.531,75;0,00;0,00;0,00;0,00;4.938.531,75;;;;
MG;3123007;DORES DE CAMPOS;6.351.026,29;0,00;0,00;0,00;0,00;6.351.026,29;;;;
MG;3123106;DORES DE GUANHAES;4.452.683,70;0,00;0,00;149.140,15;149.140,15;4.601.823,85;;;;
MG;3123205;DORES DO INDAIA;10.359.205,71;0,00;0,00;0,00;0,00;10.359.205,71;;;;
MG;3123304;DORES DO TURVO;3.975.552,28;0,00;0,00;123.737,16;123.737,16;4.099.289,44;;;;
MG;3123403;DORESOPOLIS;1.639.792,22;0,00;0,00;0,00;0,00;1.639.792,22;;;;
MG;3123502;DOURADOQUARA;311.388,56;0,00;0,00;0,00;0,00;311.388,56;;;;
MG;3123528;DURANDE;5.210.930,93;0,00;0,00;180.279,31;180.279,31;5.391.210,24;;;;
MG;3123601;ELOI MENDES;21.761.644,56;0,00;0,00;0,00;0,00;21.761.644,56;;;;
MG;3123700;ENGENHEIRO CALDAS;9.556.069,39;0,00;0,00;256.888,95;256.888,95;9.812.958,34;;;;
MG;3123809;ENGENHEIRO NAVARRO;5.019.724,63;0,00;0,00;0,00;0,00;5.019.724,63;;;;
MG;3123858;ENTRE FOLHAS;4.721.792,48;0,00;105.253,85;0,00;105.253,85;4.827.046,33;;;;
MG;3123908;ENTRE RIOS DE MINAS;8.013.631,53;0,00;0,00;0,00;0,00;8.013.631,53;;;;
MG;3124005;ERVALIA;16.334.504,59;0,00;1.318.877,48;0,00;1.318.877,48;17.653.382,07;;;;
MG;3124104;ESMERALDAS;66.758.608,64;0,00;532.025,47;0,00;532.025,47;67.290.634,11;;;;
MG;3124203;ESPERA FELIZ;18.008.097,99;0,00;2.336.501,41;0,00;2.336.501,41;20.344.599,40;;;;
MG;3124302;ESPINOSA;21.045.757,21;0,00;4.241.368,30;1.260.631,73;5.502.000,03;26.547.757,24;;;;
MG;3124401;ESPIRITO SANTO DO DOURADO;7.386.127,22;0,00;1.117.784,01;232.997,35;1.350.781,36;8.736.908,58;;;;
MG;3124500;ESTIVA;6.378.267,38;0,00;0,00;0,00;0,00;6.378.267,38;;;;
MG;3124609;ESTRELA DALVA;1.755.823,63;0,00;0,00;0,00;0,00;1.755.823,63;;;;
MG;3124708;ESTRELA DO INDAIA;1.887.098,42;0,00;0,00;113.103,22;113.103,22;2.000.201,64;;;;
MG;3124807;ESTRELA DO SUL;4.734.647,09;0,00;0,00;0,00;0,00;4.734.647,09;;;;
MG;3124906;EUGENOPOLIS;6.770.077,33;0,00;0,00;0,00;0,00;6.770.077,33;;;;
MG;3125002;EWBANK DA CAMARA;4.562.392,29;0,00;0,00;0,00;0,00;4.562.392,29;;;;
MG;3125101;EXTREMA;92.368.829,32;0,00;0,00;0,00;0,00;92.368.829,32;;;;
MG;3125200;FAMA;1.938.101,70;0,00;0,00;64.736,66;64.736,66;2.002.838,36;;;;
MG;3125309;FARIA LEMOS;3.307.854,33;0,00;0,00;0,00;0,00;3.307.854,33;;;;
MG;3125408;FELICIO DOS SANTOS;4.746.696,58;0,00;0,00;0,00;0,00;4.746.696,58;;;;
MG;3125606;FELISBURGO;6.716.213,54;0,00;443.367,60;236.548,30;679.915,90;7.396.129,44;;;;
MG;3125705;FELIXLANDIA;10.568.119,57;0,00;0,00;0,00;0,00;10.568.119,57;;;;
MG;3125804;FERNANDES TOURINHO;2.023.003,24;0,00;0,00;0,00;0,00;2.023.003,24;;;;
MG;3125903;FERROS;4.747.372,59;0,00;0,00;0,00;0,00;4.747.372,59;;;;
MG;3125952;FERVEDOURO;9.136.909,85;0,00;0,00;0,00;0,00;9.136.909,85;;;;
MG;3126000;FLORESTAL;6.915.264,49;0,00;209.216,49;227.807,49;437.023,98;7.352.288,47;;;;
MG;3126109;FORMIGA;44.572.489,83;0,00;0,00;0,00;0,00;44.572.489,83;;;;
MG;3126208;FORMOSO;7.370.596,82;0,00;0,00;0,00;0,00;7.370.596,82;;;;
MG;3126307;FORTALEZA DE MINAS;2.009.836,21;0,00;0,00;129.506,04;129.506,04;2.139.342,25;;;;
MG;3126406;FORTUNA DE MINAS;4.046.520,95;0,00;0,00;0,00;0,00;4.046.520,95;;;;
MG;3126505;FRANCISCO BADARO;3.023.336,64;0,00;0,00;96.695,27;96.695,27;3.120.031,91;;;;
MG;3126604;FRANCISCO DUMONT;4.604.385,07;0,00;0,00;0,00;0,00;4.604.385,07;;;;
MG;3126703;FRANCISCO SA;15.078.175,89;0,00;0,00;420.208,43;420.208,43;15.498.384,32;;;;
MG;3126752;FRANCISCOPOLIS;3.188.174,43;0,00;0,00;206.771,88;206.771,88;3.394.946,31;;;;
MG;3126802;FREI GASPAR;6.272.883,99;0,00;0,00;0,00;0,00;6.272.883,99;;;;
MG;3126901;FREI INOCENCIO;7.873.369,27;0,00;1.208.991,53;217.466,42;1.426.457,95;9.299.827,22;;;;
MG;3126950;FREI LAGONEGRO;3.019.249,54;0,00;0,00;0,00;0,00;3.019.249,54;;;;
MG;3127008;FRONTEIRA;12.064.516,00;0,00;880.658,70;832.555,49;1.713.214,19;13.777.730,19;;;;
MG;3127057;FRONTEIRA DOS VALES;2.497.222,56;0,00;0,00;0,00;0,00;2.497.222,56;;;;
MG;3127073;FRUTA DE LEITE;3.610.408,14;0,00;0,00;0,00;0,00;3.610.408,14;;;;
MG;3127107;FRUTAL;49.980.850,27;0,00;0,00;0,00;0,00;49.980.850,27;;;;
MG;3127206;FUNILANDIA;3.496.665,17;0,00;0,00;0,00;0,00;3.496.665,17;;;;
MG;3127305;GALILEIA;5.445.914,33;0,00;0,00;0,00;0,00;5.445.914,33;;;;
MG;3127339;GAMELEIRAS;5.486.910,44;0,00;950.749,98;297.030,04;1.247.780,02;6.734.690,46;;;;
MG;3127354;GLAUCILANDIA;2.132.087,71;0,00;0,00;73.477,48;73.477,48;2.205.565,19;;;;
MG;3127370;GOIABEIRA;3.501.157,37;0,00;0,00;0,00;0,00;3.501.157,37;;;;
MG;3127388;GOIANA;2.613.370,02;0,00;0,00;95.056,36;95.056,36;2.708.426,38;;;;
MG;3127404;GONCALVES;3.755.200,56;0,00;0,00;234.323,29;234.323,29;3.989.523,85;;;;
MG;3127503;GONZAGA;4.357.821,70;0,00;0,00;292.828,48;292.828,48;4.650.650,18;;;;
MG;3127602;GOUVEIA;9.266.227,71;0,00;213.460,33;0,00;213.460,33;9.479.688,04;;;;
MG;3127701;GOVERNADOR VALADARES;189.361.151,47;0,00;0,00;0,00;0,00;189.361.151,47;;;;
MG;3127800;GRAO MOGOL;13.878.402,90;0,00;793.758,06;788.120,02;1.581.878,08;15.460.280,98;;;;
MG;3127909;GRUPIARA;454.984,04;0,00;0,00;0,00;0,00;454.984,04;;;;
MG;3128006;GUANHAES;18.891.867,35;0,00;0,00;562.798,40;562.798,40;19.454.665,75;;;;
MG;3128105;GUAPE;12.277.695,51;0,00;643.284,82;795.335,63;1.438.620,45;13.716.315,96;;;;
MG;3128204;GUARACIABA;3.412.256,93;0,00;0,00;0,00;0,00;3.412.256,93;;;;
MG;3128253;GUARACIAMA;3.976.218,61;0,00;0,00;0,00;0,00;3.976.218,61;;;;
MG;3128303;GUARANESIA;17.099.644,10;0,00;3.174.169,81;0,00;3.174.169,81;20.273.813,91;;;;
MG;3128402;GUARANI;6.495.984,91;0,00;0,00;0,00;0,00;6.495.984,91;;;;
MG;3128501;GUARARA;4.896.851,39;0,00;0,00;0,00;0,00;4.896.851,39;;;;
MG;3128600;GUARDA-MOR;6.035.239,94;0,00;0,00;0,00;0,00;6.035.239,94;;;;
MG;3128709;GUAXUPE;36.236.844,06;0,00;0,00;0,00;0,00;36.236.844,06;;;;
MG;3128808;GUIDOVAL;5.347.950,22;0,00;631.850,51;0,00;631.850,51;5.979.800,73;;;;
MG;3128907;GUIMARANIA;7.585.426,32;0,00;38.646,14;264.136,50;302.782,64;7.888.208,96;;;;
MG;3129004;GUIRICEMA;3.705.114,59;0,00;0,00;0,00;0,00;3.705.114,59;;;;
MG;3129103;GURINHATA;3.160.319,61;0,00;0,00;0,00;0,00;3.160.319,61;;;;
MG;3129202;HELIODORA;4.899.817,65;0,00;0,00;0,00;0,00;4.899.817,65;;;;
MG;3129301;IAPU;7.227.092,27;0,00;0,00;472.250,46;472.250,46;7.699.342,73;;;;
MG;3129400;IBERTIOGA;3.931.708,25;0,00;0,00;137.394,69;137.394,69;4.069.102,94;;;;
MG;3129509;IBIA;17.510.929,87;0,00;0,00;0,00;0,00;17.510.929,87;;;;
MG;3129608;IBIAI;5.414.484,36;0,00;0,00;367.306,88;367.306,88;5.781.791,24;;;;
MG;3129657;IBIRACATU;5.487.807,23;0,00;593.189,31;167.096,76;760.286,07;6.248.093,30;;;;
MG;3129707;IBIRACI;9.091.828,76;0,00;0,00;0,00;0,00;9.091.828,76;;;;
MG;3129806;IBIRITE;125.188.997,87;0,00;0,00;0,00;0,00;125.188.997,87;;;;
MG;3129905;IBITIURA DE MINAS;2.752.368,41;0,00;0,00;0,00;0,00;2.752.368,41;;;;
MG;3130002;IBITURUNA;2.361.718,85;0,00;0,00;0,00;0,00;2.361.718,85;;;;
MG;3130051;ICARAI DE MINAS;6.574.111,91;0,00;0,00;0,00;0,00;6.574.111,91;;;;
MG;3130101;IGARAPE;41.353.502,99;0,00;0,00;0,00;0,00;41.353.502,99;;;;
MG;3130200;IGARATINGA;9.146.076,13;0,00;417,05;0,00;417,05;9.146.493,18;;;;
MG;3130309;IGUATAMA;4.051.034,45;0,00;0,00;0,00;0,00;4.051.034,45;;;;
MG;3130408;IJACI;5.228.292,02;0,00;0,00;366.324,92;366.324,92;5.594.616,94;;;;
MG;3130507;ILICINEA;10.902.226,41;0,00;0,00;709.790,56;709.790,56;11.612.016,97;;;;
MG;3130556;IMBE DE MINAS;5.492.140,67;0,00;222.395,10;349.376,61;571.771,71;6.063.912,38;;;;
MG;3130606;INCONFIDENTES;4.687.031,30;0,00;0,00;299.021,48;299.021,48;4.986.052,78;;;;
MG;3130655;INDAIABIRA;6.404.742,60;0,00;427.143,70;367.784,19;794.927,89;7.199.670,49;;;;
MG;3130705;INDIANOPOLIS;9.443.330,65;0,00;0,00;0,00;0,00;9.443.330,65;;;;
MG;3130804;INGAI;2.174.575,08;0,00;0,00;0,00;0,00;2.174.575,08;;;;
MG;3130903;INHAPIM;16.319.139,51;0,00;0,00;0,00;0,00;16.319.139,51;;;;
MG;3131000;INHAUMA;4.831.326,99;0,00;0,00;0,00;0,00;4.831.326,99;;;;
MG;3131109;INIMUTABA;5.120.686,31;0,00;0,00;353.325,76;353.325,76;5.474.012,07;;;;
MG;3131158;IPABA;12.993.723,94;0,00;467.208,47;893.218,25;1.360.426,72;14.354.150,66;;;;
MG;3131208;IPANEMA;22.322.263,24;0,00;5.180.187,53;1.374.909,33;6.555.096,86;28.877.360,10;;;;
MG;3131307;IPATINGA;192.077.625,09;0,00;0,00;0,00;0,00;192.077.625,09;;;;
MG;3131406;IPIACU;5.049.340,61;0,00;0,00;337.559,00;337.559,00;5.386.899,61;;;;
MG;3131505;IPUIUNA;6.703.854,27;0,00;0,00;0,00;0,00;6.703.854,27;;;;
MG;3131604;IRAI DE MINAS;5.996.058,47;0,00;0,00;0,00;0,00;5.996.058,47;;;;
MG;3131703;ITABIRA;77.133.935,56;0,00;0,00;0,00;0,00;77.133.935,56;;;;
MG;3131802;ITABIRINHA;7.523.984,08;0,00;177.800,53;239.127,28;416.927,81;7.940.911,89;;;;
MG;3131901;ITABIRITO;63.903.915,65;0,00;0,00;0,00;0,00;63.903.915,65;;;;
MG;3132008;ITACAMBIRA;2.376.173,88;0,00;0,00;0,00;0,00;2.376.173,88;;;;
MG;3132107;ITACARAMBI;22.442.964,40;0,00;1.419.297,47;631.276,47;2.050.573,94;24.493.538,34;;;;
MG;3132206;ITAGUARA;9.580.073,24;0,00;0,00;0,00;0,00;9.580.073,24;;;;
MG;3132305;ITAIPE;10.905.957,87;0,00;0,00;0,00;0,00;10.905.957,87;;;;
MG;3132404;ITAJUBA;59.058.224,99;0,00;0,00;0,00;0,00;59.058.224,99;;;;
MG;3132503;ITAMARANDIBA;31.639.391,06;0,00;5.079.096,93;0,00;5.079.096,93;36.718.487,99;;;;
MG;3132602;ITAMARATI DE MINAS;4.980.053,82;0,00;0,00;0,00;0,00;4.980.053,82;;;;
MG;3132701;ITAMBACURI;17.653.609,40;0,00;3.081.133,16;0,00;3.081.133,16;20.734.742,56;;;;
MG;3132800;ITAMBE DO MATO DENTRO;1.048.653,75;0,00;0,00;0,00;0,00;1.048.653,75;;;;
MG;3132909;ITAMOGI;9.072.758,11;0,00;64.238,61;0,00;64.238,61;9.136.996,72;;;;
MG;3133006;ITAMONTE;8.181.098,84;0,00;0,00;0,00;0,00;8.181.098,84;;;;
MG;3133105;ITANHANDU;8.908.601,59;0,00;0,00;584.780,95;584.780,95;9.493.382,54;;;;
MG;3133204;ITANHOMI;8.267.246,58;0,00;0,00;216.364,15;216.364,15;8.483.610,73;;;;
MG;3133303;ITAOBIM;15.704.141,74;0,00;858.290,89;0,00;858.290,89;16.562.432,63;;;;
MG;3133402;ITAPAGIPE;10.213.110,34;0,00;0,00;337.958,10;337.958,10;10.551.068,44;;;;
MG;3133501;ITAPECERICA;6.368.997,56;0,00;0,00;425.344,07;425.344,07;6.794.341,63;;;;
MG;3133600;ITAPEVA;19.409.900,08;0,00;6.459.346,03;0,00;6.459.346,03;25.869.246,11;;;;
MG;3133709;ITATIAIUCU;18.752.350,85;0,00;0,00;0,00;0,00;18.752.350,85;;;;
MG;3133758;ITAU DE MINAS;13.504.113,38;0,00;0,00;0,00;0,00;13.504.113,38;;;;
MG;3133808;ITAUNA;55.010.626,34;0,00;5.367.984,50;0,00;5.367.984,50;60.378.610,84;;;;
MG;3133907;ITAVERAVA;2.310.080,19;0,00;0,00;74.843,23;74.843,23;2.384.923,42;;;;
MG;3134004;ITINGA;10.254.374,63;0,00;0,00;0,00;0,00;10.254.374,63;;;;
MG;3134103;ITUETA;5.340.801,04;0,00;0,00;0,00;0,00;5.340.801,04;;;;
MG;3134202;ITUIUTABA;77.017.208,53;0,00;0,00;0,00;0,00;77.017.208,53;;;;
MG;3134301;ITUMIRIM;2.558.728,24;0,00;0,00;182.976,85;182.976,85;2.741.705,09;;;;
MG;3134400;ITURAMA;32.325.417,11;0,00;0,00;0,00;0,00;32.325.417,11;;;;
MG;3134509;ITUTINGA;3.228.856,93;0,00;0,00;0,00;0,00;3.228.856,93;;;;
MG;3134608;JABOTICATUBAS;12.477.179,20;0,00;0,00;0,00;0,00;12.477.179,20;;;;
MG;3134707;JACINTO;7.329.485,64;0,00;0,00;0,00;0,00;7.329.485,64;;;;
MG;3134806;JACUI;4.786.393,09;0,00;0,00;348.331,89;348.331,89;5.134.724,98;;;;
MG;3134905;JACUTINGA;35.055.023,05;0,00;3.595.475,33;0,00;3.595.475,33;38.650.498,38;;;;
MG;3135001;JAGUARACU;3.408.851,09;0,00;0,00;194.947,76;194.947,76;3.603.798,85;;;;
MG;3135050;JAIBA;26.767.461,12;0,00;0,00;0,00;0,00;26.767.461,12;;;;
MG;3135076;JAMPRUCA;2.871.105,46;0,00;0,00;0,00;0,00;2.871.105,46;;;;
MG;3135100;JANAUBA;51.619.266,46;0,00;3.878.895,71;0,00;3.878.895,71;55.498.162,17;;;;
MG;3135209;JANUARIA;43.087.431,55;0,00;8.379.694,70;0,00;8.379.694,70;51.467.126,25;;;;
MG;3135308;JAPARAIBA;4.789.562,23;0,00;0,00;0,00;0,00;4.789.562,23;;;;
MG;3135357;JAPONVAR;7.869.282,19;0,00;883.434,07;247.328,91;1.130.762,98;9.000.045,17;;;;
MG;3135407;JECEABA;7.389.229,70;0,00;0,00;257.854,04;257.854,04;7.647.083,74;;;;
MG;3135456;JENIPAPO DE MINAS;3.261.390,38;0,00;0,00;0,00;0,00;3.261.390,38;;;;
MG;3135506;JEQUERI;8.290.711,41;0,00;0,00;0,00;0,00;8.290.711,41;;;;
MG;3135605;JEQUITAI;5.420.043,36;0,00;0,00;0,00;0,00;5.420.043,36;;;;
MG;3135704;JEQUITIBA;4.796.782,32;0,00;0,00;0,00;0,00;4.796.782,32;;;;
MG;3135803;JEQUITINHONHA;14.942.593,20;0,00;1.130.466,81;0,00;1.130.466,81;16.073.060,01;;;;
MG;3135902;JESUANIA;3.414.524,08;0,00;0,00;244.729,57;244.729,57;3.659.253,65;;;;
MG;3136009;JOAIMA;14.260.598,91;0,00;500.815,33;0,00;500.815,33;14.761.414,24;;;;
MG;3136108;JOANESIA;1.847.902,21;0,00;0,00;122.238,99;122.238,99;1.970.141,20;;;;
MG;3136207;JOAO MONLEVADE;53.611.146,24;0,00;0,00;0,00;0,00;53.611.146,24;;;;
MG;3136306;JOAO PINHEIRO;25.328.979,56;0,00;0,00;0,00;0,00;25.328.979,56;;;;
MG;3136405;JOAQUIM FELICIO;5.253.650,78;0,00;0,00;175.089,45;175.089,45;5.428.740,23;;;;
MG;3136504;JORDANIA;4.753.853,14;0,00;464.468,59;131.033,17;595.501,76;5.349.354,90;;;;
MG;3136520;JOSE GONCALVES DE MINAS;3.362.872,62;0,00;0,00;109.260,19;109.260,19;3.472.132,81;;;;
MG;3136553;JOSE RAYDAN;3.613.742,36;0,00;0,00;120.732,50;120.732,50;3.734.474,86;;;;
MG;3136579;JOSENOPOLIS;3.265.324,64;0,00;0,00;210.107,65;210.107,65;3.475.432,29;;;;
MG;3136652;JUATUBA;41.950.509,22;0,00;0,00;0,00;0,00;41.950.509,22;;;;
MG;3136702;JUIZ DE FORA;318.702.368,43;0,00;0,00;0,00;0,00;318.702.368,43;;;;
MG;3136801;JURAMENTO;2.904.006,65;0,00;0,00;0,00;0,00;2.904.006,65;;;;
MG;3136900;JURUAIA;10.182.186,27;0,00;511.577,57;0,00;511.577,57;10.693.763,84;;;;
MG;3136959;JUVENILIA;4.576.423,10;0,00;0,00;0,00;0,00;4.576.423,10;;;;
MG;3137007;LADAINHA;12.014.159,25;0,00;3.240.510,21;0,00;3.240.510,21;15.254.669,46;;;;
MG;3137106;LAGAMAR;3.652.748,12;0,00;0,00;239.061,26;239.061,26;3.891.809,38;;;;
MG;3137205;LAGOA DA PRATA;24.077.162,48;0,00;0,00;0,00;0,00;24.077.162,48;;;;
MG;3137304;LAGOA DOS PATOS;3.184.522,54;0,00;0,00;107.348,13;107.348,13;3.291.870,67;;;;
MG;3137403;LAGOA DOURADA;15.530.402,73;0,00;0,00;0,00;0,00;15.530.402,73;;;;
MG;3137502;LAGOA FORMOSA;14.336.365,26;0,00;0,00;0,00;0,00;14.336.365,26;;;;
MG;3137536;LAGOA GRANDE;8.887.179,08;0,00;321.632,07;0,00;321.632,07;9.208.811,15;;;;
MG;3137601;LAGOA SANTA;76.610.800,93;0,00;0,00;0,00;0,00;76.610.800,93;;;;
MG;3137700;LAJINHA;21.813.613,30;0,00;5.792.293,37;1.188.965,08;6.981.258,45;28.794.871,75;;;;
MG;3137809;LAMBARI;11.691.562,35;0,00;0,00;0,00;0,00;11.691.562,35;;;;
MG;3137908;LAMIM;1.339.343,23;0,00;0,00;40.699,43;40.699,43;1.380.042,66;;;;
MG;3138005;LARANJAL;5.738.957,01;0,00;0,00;0,00;0,00;5.738.957,01;;;;
MG;3138104;LASSANCE;5.211.468,59;0,00;0,00;0,00;0,00;5.211.468,59;;;;
MG;3138203;LAVRAS;84.998.069,48;0,00;0,00;0,00;0,00;84.998.069,48;;;;
MG;3138302;LEANDRO FERREIRA;1.961.291,61;0,00;0,00;55.995,85;55.995,85;2.017.287,46;;;;
MG;3138351;LEME DO PRADO;4.496.946,61;0,00;0,00;0,00;0,00;4.496.946,61;;;;
MG;3138401;LEOPOLDINA;36.993.451,96;0,00;0,00;0,00;0,00;36.993.451,96;;;;
MG;3138500;LIBERDADE;2.651.077,94;0,00;0,00;194.488,04;194.488,04;2.845.565,98;;;;
MG;3138609;LIMA DUARTE;12.310.783,05;0,00;212.498,01;0,00;212.498,01;12.523.281,06;;;;
MG;3138625;LIMEIRA DO OESTE;8.598.896,62;0,00;0,00;278.613,47;278.613,47;8.877.510,09;;;;
MG;3138658;LONTRA;10.694.918,15;0,00;1.644.939,04;0,00;1.644.939,04;12.339.857,19;;;;
MG;3138674;LUISBURGO;6.975.439,17;0,00;440.707,18;0,00;440.707,18;7.416.146,35;;;;
MG;3138682;LUISLANDIA;4.138.090,53;0,00;0,00;240.472,08;240.472,08;4.378.562,61;;;;
MG;3138708;LUMINARIAS;4.257.177,43;0,00;0,00;0,00;0,00;4.257.177,43;;;;
MG;3138807;LUZ;11.916.635,27;0,00;0,00;750.172,20;750.172,20;12.666.807,47;;;;
MG;3138906;MACHACALIS;5.034.497,96;0,00;0,00;186.288,62;186.288,62;5.220.786,58;;;;
MG;3139003;MACHADO;25.753.974,69;0,00;0,00;0,00;0,00;25.753.974,69;;;;
MG;3139102;MADRE DE DEUS DE MINAS;3.569.287,44;0,00;0,00;0,00;0,00;3.569.287,44;;;;
MG;3139201;MALACACHETA;9.446.993,53;0,00;0,00;535.834,62;535.834,62;9.982.828,15;;;;
MG;3139250;MAMONAS;4.292.211,50;0,00;0,00;281.539,13;281.539,13;4.573.750,63;;;;
MG;3139300;MANGA;16.358.215,36;0,00;693.323,07;0,00;693.323,07;17.051.538,43;;;;
MG;3139409;MANHUACU;59.894.873,04;0,00;2.312.967,75;1.424.860,99;3.737.828,74;63.632.701,78;;;;
MG;3139508;MANHUMIRIM;18.076.543,66;0,00;0,00;0,00;0,00;18.076.543,66;;;;
MG;3139607;MANTENA;21.047.605,79;0,00;0,00;0,00;0,00;21.047.605,79;;;;
MG;3139805;MAR DE ESPANHA;6.818.789,43;0,00;0,00;0,00;0,00;6.818.789,43;;;;
MG;3139706;MARAVILHAS;7.587.078,80;0,00;62.579,13;0,00;62.579,13;7.649.657,93;;;;
MG;3139904;MARIA DA FE;16.812.408,92;0,00;832.750,07;0,00;832.750,07;17.645.158,99;;;;
MG;3140001;MARIANA;65.971.615,82;0,00;0,00;0,00;0,00;65.971.615,82;;;;
MG;3140100;MARILAC;5.710.311,91;0,00;2.113,81;354.801,70;356.915,51;6.067.227,42;;;;
MG;3140159;MARIO CAMPOS;11.794.166,43;0,00;0,00;0,00;0,00;11.794.166,43;;;;
MG;3140209;MARIPA DE MINAS;4.660.181,80;0,00;0,00;241.362,48;241.362,48;4.901.544,28;;;;
MG;3140308;MARLIERIA;3.462.913,66;0,00;0,00;0,00;0,00;3.462.913,66;;;;
MG;3140407;MARMELOPOLIS;2.638.472,06;0,00;0,00;0,00;0,00;2.638.472,06;;;;
MG;3140506;MARTINHO CAMPOS;12.533.994,58;0,00;374.393,53;639.342,76;1.013.736,29;13.547.730,87;;;;
MG;3140530;MARTINS SOARES;10.000.318,48;0,00;4.143.118,81;0,00;4.143.118,81;14.143.437,29;;;;
MG;3140555;MATA VERDE;7.652.027,70;0,00;1.047.018,16;451.396,52;1.498.414,68;9.150.442,38;;;;
MG;3140605;MATERLANDIA;3.859.709,35;0,00;0,00;117.626,69;117.626,69;3.977.336,04;;;;
MG;3140704;MATEUS LEME;47.049.319,34;0,00;18.226.132,45;0,00;18.226.132,45;65.275.451,79;;;;
MG;3171501;MATHIAS LOBATO;5.568.068,16;0,00;1.940.402,86;0,00;1.940.402,86;7.508.471,02;;;;
MG;3140803;MATIAS BARBOSA;10.464.678,05;0,00;0,00;295.413,51;295.413,51;10.760.091,56;;;;
MG;3140852;MATIAS CARDOSO;13.178.444,24;0,00;1.989.490,16;0,00;1.989.490,16;15.167.934,40;;;;
MG;3140902;MATIPO;12.541.430,22;0,00;2.875.638,21;0,00;2.875.638,21;15.417.068,43;;;;
MG;3141009;MATO VERDE;7.189.020,10;0,00;0,00;440.045,39;440.045,39;7.629.065,49;;;;
MG;3141108;MATOZINHOS;24.975.005,79;0,00;0,00;0,00;0,00;24.975.005,79;;;;
MG;3141207;MATUTINA;3.356.780,22;0,00;0,00;0,00;0,00;3.356.780,22;;;;
MG;3141306;MEDEIROS;5.348.547,23;0,00;0,00;0,00;0,00;5.348.547,23;;;;
MG;3141405;MEDINA;13.331.205,95;0,00;678.042,43;0,00;678.042,43;14.009.248,38;;;;
MG;3141504;MENDES PIMENTEL;3.648.961,36;0,00;0,00;246.193,94;246.193,94;3.895.155,30;;;;
MG;3141603;MERCES;7.458.326,74;0,00;0,00;204.862,85;204.862,85;7.663.189,59;;;;
MG;3141702;MESQUITA;3.910.057,01;0,00;0,00;259.452,42;259.452,42;4.169.509,43;;;;
MG;3141801;MINAS NOVAS;23.015.826,68;0,00;9.145.448,39;705.046,24;9.850.494,63;32.866.321,31;;;;
MG;3141900;MINDURI;2.487.115,37;0,00;0,00;0,00;0,00;2.487.115,37;;;;
MG;3142007;MIRABELA;10.434.512,11;0,00;903.733,26;612.891,64;1.516.624,90;11.951.137,01;;;;
MG;3142106;MIRADOURO;7.065.245,51;0,00;0,00;0,00;0,00;7.065.245,51;;;;
MG;3142205;MIRAI;7.688.475,48;0,00;0,00;0,00;0,00;7.688.475,48;;;;
MG;3142254;MIRAVANIA;4.699.585,35;0,00;327.592,08;91.436,37;419.028,45;5.118.613,80;;;;
MG;3142304;MOEDA;4.391.864,76;0,00;0,00;0,00;0,00;4.391.864,76;;;;
MG;3142403;MOEMA;6.413.053,95;0,00;0,00;0,00;0,00;6.413.053,95;;;;
MG;3142502;MONJOLOS;1.373.330,08;0,00;0,00;0,00;0,00;1.373.330,08;;;;
MG;3142601;MONSENHOR PAULO;8.918.197,35;0,00;497.724,14;0,00;497.724,14;9.415.921,49;;;;
MG;3142700;MONTALVANIA;9.155.436,00;0,00;1.885.578,41;0,00;1.885.578,41;11.041.014,41;;;;
MG;3142809;MONTE ALEGRE DE MINAS;19.457.893,55;0,00;0,00;0,00;0,00;19.457.893,55;;;;
MG;3142908;MONTE AZUL;9.442.011,08;0,00;501.116,08;0,00;501.116,08;9.943.127,16;;;;
MG;3143005;MONTE BELO;9.866.260,82;0,00;0,00;0,00;0,00;9.866.260,82;;;;
MG;3143104;MONTE CARMELO;27.358.719,85;0,00;0,00;0,00;0,00;27.358.719,85;;;;
MG;3143153;MONTE FORMOSO;3.407.584,29;0,00;0,00;0,00;0,00;3.407.584,29;;;;
MG;3143203;MONTE SANTO DE MINAS;17.319.831,53;0,00;1.062.044,62;0,00;1.062.044,62;18.381.876,15;;;;
MG;3143401;MONTE SIAO;26.675.887,31;0,00;0,00;0,00;0,00;26.675.887,31;;;;
MG;3143302;MONTES CLAROS;257.362.554,16;0,00;0,00;0,00;0,00;257.362.554,16;;;;
MG;3143450;MONTEZUMA;5.534.111,66;0,00;0,00;381.029,06;381.029,06;5.915.140,72;;;;
MG;3143500;MORADA NOVA DE MINAS;11.127.575,54;0,00;0,00;0,00;0,00;11.127.575,54;;;;
MG;3143609;MORRO DA GARCA;3.231.889,63;0,00;0,00;0,00;0,00;3.231.889,63;;;;
MG;3143708;MORRO DO PILAR;1.279.648,24;0,00;0,00;0,00;0,00;1.279.648,24;;;;
MG;3143807;MUNHOZ;6.284.117,09;0,00;0,00;0,00;0,00;6.284.117,09;;;;
MG;3143906;MURIAE;89.766.351,11;0,00;381.065,73;0,00;381.065,73;90.147.416,84;;;;
MG;3144003;MUTUM;15.276.430,76;0,00;2.043.411,44;0,00;2.043.411,44;17.319.842,20;;;;
MG;3144102;MUZAMBINHO;13.102.814,06;0,00;0,00;0,00;0,00;13.102.814,06;;;;
MG;3144201;NACIP RAYDAN;1.773.953,96;0,00;0,00;129.429,32;129.429,32;1.903.383,28;;;;
MG;3144300;NANUQUE;16.500.184,83;0,00;0,00;867.279,78;867.279,78;17.367.464,61;;;;
MG;3144359;NAQUE;7.219.089,30;0,00;822.286,90;441.996,39;1.264.283,29;8.483.372,59;;;;
MG;3144375;NATALANDIA;4.750.792,46;0,00;1.277.599,48;235.956,58;1.513.556,06;6.264.348,52;;;;
MG;3144409;NATERCIA;3.700.207,21;0,00;0,00;107.074,98;107.074,98;3.807.282,19;;;;
MG;3144508;NAZARENO;6.128.527,15;0,00;0,00;228.317,79;228.317,79;6.356.844,94;;;;
MG;3144607;NEPOMUCENO;18.328.820,26;0,00;814.453,80;595.741,17;1.410.194,97;19.739.015,23;;;;
MG;3144656;NINHEIRA;7.711.140,45;0,00;0,00;0,00;0,00;7.711.140,45;;;;
MG;3144672;NOVA BELEM;4.166.635,70;0,00;0,00;0,00;0,00;4.166.635,70;;;;
MG;3144706;NOVA ERA;11.679.081,41;0,00;0,00;0,00;0,00;11.679.081,41;;;;
MG;3144805;NOVA LIMA;77.336.419,98;0,00;0,00;0,00;0,00;77.336.419,98;;;;
MG;3144904;NOVA MODICA;2.188.413,57;0,00;0,00;0,00;0,00;2.188.413,57;;;;
MG;3145000;NOVA PONTE;18.509.866,30;0,00;0,00;0,00;0,00;18.509.866,30;;;;
MG;3145059;NOVA PORTEIRINHA;6.962.498,09;0,00;1.011.151,61;0,00;1.011.151,61;7.973.649,70;;;;
MG;3145109;NOVA RESENDE;14.036.437,00;0,00;0,00;0,00;0,00;14.036.437,00;;;;
MG;3145208;NOVA SERRANA;148.320.513,48;0,00;32.732.821,91;8.664.246,87;41.397.068,78;189.717.582,26;;;;
MG;3136603;NOVA UNIAO;4.624.285,62;0,00;13.186,76;0,00;13.186,76;4.637.472,38;;;;
MG;3145307;NOVO CRUZEIRO;22.214.773,86;0,00;4.820.486,66;1.206.275,02;6.026.761,68;28.241.535,54;;;;
MG;3145356;NOVO ORIENTE DE MINAS;8.016.545,81;0,00;137.296,12;0,00;137.296,12;8.153.841,93;;;;
MG;3145372;NOVORIZONTE;5.162.614,00;0,00;0,00;0,00;0,00;5.162.614,00;;;;
MG;3145406;OLARIA;2.371.234,80;0,00;0,00;71.436,13;71.436,13;2.442.670,93;;;;
MG;3145455;OLHOS-DAGUA;5.141.942,75;0,00;0,00;0,00;0,00;5.141.942,75;;;;
MG;3145505;OLIMPIO NORONHA;3.224.465,38;0,00;0,00;0,00;0,00;3.224.465,38;;;;
MG;3145604;OLIVEIRA;25.541.663,17;0,00;0,00;0,00;0,00;25.541.663,17;;;;
MG;3145703;OLIVEIRA FORTES;1.783.136,00;0,00;0,00;0,00;0,00;1.783.136,00;;;;
MG;3145802;ONCA DE PITANGUI;1.500.200,68;0,00;0,00;0,00;0,00;1.500.200,68;;;;
MG;3145851;ORATORIOS;6.505.158,48;0,00;0,00;0,00;0,00;6.505.158,48;;;;
MG;3145877;ORIZANIA;11.261.424,46;0,00;865.130,28;0,00;865.130,28;12.126.554,74;;;;
MG;3145901;OURO BRANCO;44.973.285,06;0,00;0,00;0,00;0,00;44.973.285,06;;;;
MG;3146008;OURO FINO;16.314.460,76;0,00;0,00;0,00;0,00;16.314.460,76;;;;
MG;3146107;OURO PRETO;55.452.777,59;0,00;0,00;0,00;0,00;55.452.777,59;;;;
MG;3146206;OURO VERDE DE MINAS;6.538.476,85;0,00;1.191.362,22;196.447,29;1.387.809,51;7.926.286,36;;;;
MG;3146255;PADRE CARVALHO;3.043.000,07;0,00;0,00;0,00;0,00;3.043.000,07;;;;
MG;3146305;PADRE PARAISO;18.660.986,99;0,00;2.756.439,25;471.516,64;3.227.955,89;21.888.942,88;;;;
MG;3146552;PAI PEDRO;6.699.951,31;0,00;283.905,96;0,00;283.905,96;6.983.857,27;;;;
MG;3146404;PAINEIRAS;2.786.678,16;0,00;0,00;0,00;0,00;2.786.678,16;;;;
MG;3146503;PAINS;5.411.900,41;0,00;0,00;0,00;0,00;5.411.900,41;;;;
MG;3146602;PAIVA;1.322.727,62;0,00;0,00;96.443,43;96.443,43;1.419.171,05;;;;
MG;3146701;PALMA;3.777.929,09;0,00;0,00;245.688,76;245.688,76;4.023.617,85;;;;
MG;3146750;PALMOPOLIS;3.821.477,77;0,00;0,00;0,00;0,00;3.821.477,77;;;;
MG;3146909;PAPAGAIOS;10.309.730,61;0,00;0,00;339.920,35;339.920,35;10.649.650,96;;;;
MG;3147105;PARA DE MINAS;71.922.410,77;0,00;0,00;0,00;0,00;71.922.410,77;;;;
MG;3147006;PARACATU;70.833.367,60;0,00;0,00;2.117.433,53;2.117.433,53;72.950.801,13;;;;
MG;3147204;PARAGUACU;15.904.974,67;0,00;0,00;0,00;0,00;15.904.974,67;;;;
MG;3147303;PARAISOPOLIS;13.877.669,32;0,00;339.354,71;0,00;339.354,71;14.217.024,03;;;;
MG;3147402;PARAOPEBA;19.346.503,42;0,00;0,00;0,00;0,00;19.346.503,42;;;;
MG;3147600;PASSA QUATRO;5.981.835,69;0,00;0,00;0,00;0,00;5.981.835,69;;;;
MG;3147709;PASSA TEMPO;6.104.514,22;0,00;0,00;211.828,19;211.828,19;6.316.342,41;;;;
MG;3147808;PASSA VINTE;2.580.685,88;0,00;0,00;0,00;0,00;2.580.685,88;;;;
MG;3147501;PASSABEM;1.640.859,37;0,00;0,00;0,00;0,00;1.640.859,37;;;;
MG;3147907;PASSOS;71.402.191,85;0,00;0,00;0,00;0,00;71.402.191,85;;;;
MG;3147956;PATIS;5.027.200,42;0,00;0,00;0,00;0,00;5.027.200,42;;;;
MG;3148004;PATOS DE MINAS;71.005.480,82;0,00;0,00;0,00;0,00;71.005.480,82;;;;
MG;3148103;PATROCINIO;76.601.354,10;0,00;5.274.809,02;0,00;5.274.809,02;81.876.163,12;;;;
MG;3148202;PATROCINIO DO MURIAE;3.696.515,73;0,00;0,00;269.038,36;269.038,36;3.965.554,09;;;;
MG;3148301;PAULA CANDIDO;4.793.851,11;0,00;0,00;169.626,44;169.626,44;4.963.477,55;;;;
MG;3148400;PAULISTAS;4.170.298,56;0,00;0,00;0,00;0,00;4.170.298,56;;;;
MG;3148509;PAVAO;4.787.099,58;0,00;923.608,75;0,00;923.608,75;5.710.708,33;;;;
MG;3148608;PECANHA;8.510.375,96;0,00;0,00;205.906,21;205.906,21;8.716.282,17;;;;
MG;3148707;PEDRA AZUL;18.276.371,98;0,00;0,00;1.051.468,41;1.051.468,41;19.327.840,39;;;;
MG;3148756;PEDRA BONITA;7.834.465,37;0,00;26.026,87;0,00;26.026,87;7.860.492,24;;;;
MG;3148806;PEDRA DO ANTA;2.211.527,34;0,00;0,00;0,00;0,00;2.211.527,34;;;;
MG;3148905;PEDRA DO INDAIA;4.227.930,07;0,00;0,00;112.541,49;112.541,49;4.340.471,56;;;;
MG;3149002;PEDRA DOURADA;3.644.434,38;0,00;0,00;0,00;0,00;3.644.434,38;;;;
MG;3149101;PEDRALVA;5.492.901,79;0,00;0,00;0,00;0,00;5.492.901,79;;;;
MG;3149150;PEDRAS DE MARIA DA CRUZ;9.306.238,69;0,00;557.054,00;0,00;557.054,00;9.863.292,69;;;;
MG;3149200;PEDRINOPOLIS;3.101.170,39;0,00;0,00;209.593,71;209.593,71;3.310.764,10;;;;
MG;3149309;PEDRO LEOPOLDO;49.094.017,84;0,00;0,00;0,00;0,00;49.094.017,84;;;;
MG;3149408;PEDRO TEIXEIRA;1.540.131,32;0,00;0,00;0,00;0,00;1.540.131,32;;;;
MG;3149507;PEQUERI;5.191.820,92;0,00;0,00;303.218,28;303.218,28;5.495.039,20;;;;
MG;3149606;PEQUI;3.608.040,77;0,00;0,00;0,00;0,00;3.608.040,77;;;;
MG;3149705;PERDIGAO;14.118.895,14;0,00;2.912.501,27;476.101,26;3.388.602,53;17.507.497,67;;;;
MG;3149804;PERDIZES;18.943.917,40;0,00;0,00;0,00;0,00;18.943.917,40;;;;
MG;3149903;PERDOES;13.798.498,66;0,00;0,00;0,00;0,00;13.798.498,66;;;;
MG;3149952;PERIQUITO;11.063.327,07;0,00;394.923,04;0,00;394.923,04;11.458.250,11;;;;
MG;3150000;PESCADOR;2.246.366,14;0,00;0,00;0,00;0,00;2.246.366,14;;;;
MG;3150109;PIAU;1.751.654,51;0,00;0,00;0,00;0,00;1.751.654,51;;;;
MG;3150158;PIEDADE DE CARATINGA;8.002.531,64;0,00;0,00;0,00;0,00;8.002.531,64;;;;
MG;3150208;PIEDADE DE PONTE NOVA;4.551.383,37;0,00;45.316,64;153.173,71;198.490,35;4.749.873,72;;;;
MG;3150307;PIEDADE DO RIO GRANDE;3.053.305,52;0,00;0,00;0,00;0,00;3.053.305,52;;;;
MG;3150406;PIEDADE DOS GERAIS;2.956.397,99;0,00;0,00;0,00;0,00;2.956.397,99;;;;
MG;3150505;PIMENTA;5.524.477,62;0,00;0,00;0,00;0,00;5.524.477,62;;;;
MG;3150539;PINGO DAGUA;4.462.383,65;0,00;0,00;0,00;0,00;4.462.383,65;;;;
MG;3150570;PINTOPOLIS;7.286.692,78;0,00;1.541.568,95;0,00;1.541.568,95;8.828.261,73;;;;
MG;3150604;PIRACEMA;4.799.276,61;0,00;0,00;0,00;0,00;4.799.276,61;;;;
MG;3150703;PIRAJUBA;6.824.209,82;0,00;0,00;0,00;0,00;6.824.209,82;;;;
MG;3150802;PIRANGA;8.734.050,03;0,00;0,00;561.056,34;561.056,34;9.295.106,37;;;;
MG;3150901;PIRANGUCU;4.061.598,95;0,00;0,00;0,00;0,00;4.061.598,95;;;;
MG;3151008;PIRANGUINHO;7.156.326,88;0,00;0,00;0,00;0,00;7.156.326,88;;;;
MG;3151107;PIRAPETINGA;10.464.649,85;0,00;0,00;621.228,74;621.228,74;11.085.878,59;;;;
MG;3151206;PIRAPORA;38.246.386,80;0,00;0,00;0,00;0,00;38.246.386,80;;;;
MG;3151305;PIRAUBA;7.872.352,53;0,00;0,00;274.516,22;274.516,22;8.146.868,75;;;;
MG;3151404;PITANGUI;17.148.982,41;0,00;122.290,24;1.043.299,75;1.165.589,99;18.314.572,40;;;;
MG;3151503;PIUMHI;26.794.605,59;0,00;0,00;0,00;0,00;26.794.605,59;;;;
MG;3151602;PLANURA;10.163.604,88;0,00;0,00;0,00;0,00;10.163.604,88;;;;
MG;3151701;POCO FUNDO;9.848.279,22;0,00;1.408.841,01;328.600,01;1.737.441,02;11.585.720,24;;;;
MG;3151800;POCOS DE CALDAS;158.160.427,64;0,00;0,00;0,00;0,00;158.160.427,64;;;;
MG;3151909;POCRANE;3.080.833,66;0,00;0,00;99.153,62;99.153,62;3.179.987,28;;;;
MG;3152006;POMPEU;24.851.516,33;0,00;0,00;0,00;0,00;24.851.516,33;;;;
MG;3152105;PONTE NOVA;44.618.607,60;0,00;0,00;0,00;0,00;44.618.607,60;;;;
MG;3152131;PONTO CHIQUE;4.125.041,79;0,00;0,00;142.311,39;142.311,39;4.267.353,18;;;;
MG;3152170;PONTO DOS VOLANTES;14.057.344,02;0,00;749.647,98;0,00;749.647,98;14.806.992,00;;;;
MG;3152204;PORTEIRINHA;25.140.098,26;0,00;3.437.284,36;0,00;3.437.284,36;28.577.382,62;;;;
MG;3152303;PORTO FIRME;3.198.133,69;0,00;0,00;0,00;0,00;3.198.133,69;;;;
MG;3152402;POTE;10.750.565,08;0,00;652.620,88;0,00;652.620,88;11.403.185,96;;;;
MG;3152501;POUSO ALEGRE;128.125.310,52;0,00;0,00;0,00;0,00;128.125.310,52;;;;
MG;3152600;POUSO ALTO;4.804.464,92;0,00;0,00;0,00;0,00;4.804.464,92;;;;
MG;3152709;PRADOS;5.833.980,71;0,00;0,00;209.779,56;209.779,56;6.043.760,27;;;;
MG;3152808;PRATA;22.870.696,48;0,00;0,00;0,00;0,00;22.870.696,48;;;;
MG;3152907;PRATAPOLIS;4.316.869,95;0,00;0,00;0,00;0,00;4.316.869,95;;;;
MG;3153004;PRATINHA;3.328.865,88;0,00;0,00;222.852,30;222.852,30;3.551.718,18;;;;
MG;3153103;PRESIDENTE BERNARDES;3.267.729,67;0,00;354.204,88;106.255,53;460.460,41;3.728.190,08;;;;
MG;3153202;PRESIDENTE JUSCELINO;2.624.113,47;0,00;0,00;162.909,67;162.909,67;2.787.023,14;;;;
MG;3153301;PRESIDENTE KUBITSCHEK;3.794.837,92;0,00;0,00;0,00;0,00;3.794.837,92;;;;
MG;3153400;PRESIDENTE OLEGARIO;18.237.744,26;0,00;0,00;579.052,78;579.052,78;18.816.797,04;;;;
MG;3153608;PRUDENTE DE MORAIS;9.583.457,33;0,00;458.782,46;0,00;458.782,46;10.042.239,79;;;;
MG;3153707;QUARTEL GERAL;3.971.927,00;0,00;0,00;0,00;0,00;3.971.927,00;;;;
MG;3153806;QUELUZITO;1.452.698,52;0,00;0,00;46.981,89;46.981,89;1.499.680,41;;;;
MG;3153905;RAPOSOS;11.006.317,01;0,00;0,00;0,00;0,00;11.006.317,01;;;;
MG;3154002;RAUL SOARES;13.992.086,42;0,00;0,00;0,00;0,00;13.992.086,42;;;;
MG;3154101;RECREIO;7.746.006,60;0,00;0,00;0,00;0,00;7.746.006,60;;;;
MG;3154150;REDUTO;6.583.039,26;0,00;397.626,16;0,00;397.626,16;6.980.665,42;;;;
MG;3154200;RESENDE COSTA;8.536.378,39;0,00;0,00;0,00;0,00;8.536.378,39;;;;
MG;3154309;RESPLENDOR;16.201.709,55;0,00;1.266.533,07;0,00;1.266.533,07;17.468.242,62;;;;
MG;3154408;RESSAQUINHA;4.947.911,25;0,00;0,00;0,00;0,00;4.947.911,25;;;;
MG;3154457;RIACHINHO;6.074.336,67;0,00;201.438,53;0,00;201.438,53;6.275.775,20;;;;
MG;3154507;RIACHO DOS MACHADOS;10.325.872,66;0,00;0,00;345.808,49;345.808,49;10.671.681,15;;;;
MG;3154606;RIBEIRAO DAS NEVES;241.433.162,18;0,00;12.586.870,69;16.365.296,42;28.952.167,11;270.385.329,29;;;;
MG;3154705;RIBEIRAO VERMELHO;3.203.965,32;0,00;0,00;234.131,00;234.131,00;3.438.096,32;;;;
MG;3154804;RIO ACIMA;10.503.939,20;0,00;0,00;0,00;0,00;10.503.939,20;;;;
MG;3154903;RIO CASCA;15.260.771,89;0,00;71.226,54;0,00;71.226,54;15.331.998,43;;;;
MG;3155108;RIO DO PRADO;4.743.233,40;0,00;1.054.545,98;260.264,44;1.314.810,42;6.058.043,82;;;;
MG;3155009;RIO DOCE;2.668.339,03;0,00;0,00;0,00;0,00;2.668.339,03;;;;
MG;3155207;RIO ESPERA;1.499.039,19;0,00;0,00;43.157,78;43.157,78;1.542.196,97;;;;
MG;3155306;RIO MANSO;3.312.585,02;0,00;0,00;215.833,83;215.833,83;3.528.418,85;;;;
MG;3155405;RIO NOVO;6.327.268,35;0,00;227.692,63;171.800,91;399.493,54;6.726.761,89;;;;
MG;3155504;RIO PARANAIBA;17.127.356,02;0,00;0,00;0,00;0,00;17.127.356,02;;;;
MG;3155603;RIO PARDO DE MINAS;23.865.167,98;0,00;3.022.266,76;0,00;3.022.266,76;26.887.434,74;;;;
MG;3155702;RIO PIRACICABA;14.525.423,01;0,00;0,00;434.175,51;434.175,51;14.959.598,52;;;;
MG;3155801;RIO POMBA;10.876.535,82;0,00;0,00;375.991,62;375.991,62;11.252.527,44;;;;
MG;3155900;RIO PRETO;4.348.717,62;0,00;0,00;0,00;0,00;4.348.717,62;;;;
MG;3156007;RIO VERMELHO;8.459.439,55;0,00;106.267,11;439.768,29;546.035,40;9.005.474,95;;;;
MG;3156106;RITAPOLIS;3.081.340,55;0,00;0,00;110.079,64;110.079,64;3.191.420,19;;;;
MG;3156205;ROCHEDO DE MINAS;3.740.493,80;0,00;0,00;0,00;0,00;3.740.493,80;;;;
MG;3156304;RODEIRO;7.326.380,17;0,00;0,00;0,00;0,00;7.326.380,17;;;;
MG;3156403;ROMARIA;2.768.343,13;0,00;0,00;190.963,20;190.963,20;2.959.306,33;;;;
MG;3156452;ROSARIO DA LIMEIRA;6.497.605,56;0,00;310.444,74;207.321,20;517.765,94;7.015.371,50;;;;
MG;3156502;RUBELITA;4.280.437,57;0,00;0,00;140.672,49;140.672,49;4.421.110,06;;;;
MG;3156601;RUBIM;10.781.991,73;0,00;0,00;682.059,32;682.059,32;11.464.051,05;;;;
MG;3156700;SABARA;103.447.210,62;0,00;0,00;0,00;0,00;103.447.210,62;;;;
MG;3156809;SABINOPOLIS;7.577.924,11;0,00;0,00;0,00;0,00;7.577.924,11;;;;
MG;3156908;SACRAMENTO;25.764.382,51;0,00;0,00;1.571.497,32;1.571.497,32;27.335.879,83;;;;
MG;3157005;SALINAS;28.666.836,79;0,00;1.823.729,13;0,00;1.823.729,13;30.490.565,92;;;;
MG;3157104;SALTO DA DIVISA;6.118.813,28;0,00;0,00;0,00;0,00;6.118.813,28;;;;
MG;3157203;SANTA BARBARA;27.297.038,41;0,00;0,00;0,00;0,00;27.297.038,41;;;;
MG;3157252;SANTA BARBARA DO LESTE;7.696.314,81;0,00;0,00;0,00;0,00;7.696.314,81;;;;
MG;3157278;SANTA BARBARA DO MONTE VERDE;3.851.959,47;0,00;0,00;0,00;0,00;3.851.959,47;;;;
MG;3157302;SANTA BARBARA DO TUGURIO;6.517.563,56;0,00;1.426.600,37;0,00;1.426.600,37;7.944.163,93;;;;
MG;3157336;SANTA CRUZ DE MINAS;5.510.089,01;0,00;0,00;0,00;0,00;5.510.089,01;;;;
MG;3157377;SANTA CRUZ DE SALINAS;3.049.331,27;0,00;0,00;104.070,33;104.070,33;3.153.401,60;;;;
MG;3157401;SANTA CRUZ DO ESCALVADO;3.393.949,87;0,00;0,00;90.915,42;90.915,42;3.484.865,29;;;;
MG;3157500;SANTA EFIGENIA DE MINAS;3.292.307,38;0,00;0,00;0,00;0,00;3.292.307,38;;;;
MG;3157609;SANTA FE DE MINAS;2.636.855,56;0,00;0,00;0,00;0,00;2.636.855,56;;;;
MG;3157658;SANTA HELENA DE MINAS;3.472.808,18;0,00;32.760,63;121.551,96;154.312,59;3.627.120,77;;;;
MG;3157708;SANTA JULIANA;13.856.831,14;0,00;0,00;489.758,79;489.758,79;14.346.589,93;;;;
MG;3157807;SANTA LUZIA;172.929.996,63;0,00;0,00;0,00;0,00;172.929.996,63;;;;
MG;3157906;SANTA MARGARIDA;18.191.625,95;0,00;2.493.421,22;0,00;2.493.421,22;20.685.047,17;;;;
MG;3158003;SANTA MARIA DE ITABIRA;7.817.716,43;0,00;0,00;0,00;0,00;7.817.716,43;;;;
MG;3158102;SANTA MARIA DO SALTO;3.589.381,02;0,00;0,00;124.832,79;124.832,79;3.714.213,81;;;;
MG;3158201;SANTA MARIA DO SUACUI;7.559.894,26;0,00;0,00;486.003,48;486.003,48;8.045.897,74;;;;
MG;3159209;SANTA RITA DE CALDAS;3.923.715,42;0,00;0,00;283.729,63;283.729,63;4.207.445,05;;;;
MG;3159407;SANTA RITA DE IBITIPOCA;2.470.256,24;0,00;0,00;83.310,89;83.310,89;2.553.567,13;;;;
MG;3159308;SANTA RITA DE JACUTINGA;5.889.036,06;0,00;0,00;0,00;0,00;5.889.036,06;;;;
MG;3159357;SANTA RITA DE MINAS;5.747.940,06;0,00;0,00;0,00;0,00;5.747.940,06;;;;
MG;3159506;SANTA RITA DO ITUETO;6.552.629,64;0,00;861.292,56;0,00;861.292,56;7.413.922,20;;;;
MG;3159605;SANTA RITA DO SAPUCAI;33.486.927,49;0,00;0,00;0,00;0,00;33.486.927,49;;;;
MG;3159704;SANTA ROSA DA SERRA;4.442.022,69;0,00;115.206,26;0,00;115.206,26;4.557.228,95;;;;
MG;3159803;SANTA VITORIA;18.042.024,89;0,00;0,00;0,00;0,00;18.042.024,89;;;;
MG;3158300;SANTANA DA VARGEM;3.852.594,50;0,00;0,00;0,00;0,00;3.852.594,50;;;;
MG;3158409;SANTANA DE CATAGUASES;3.777.374,94;0,00;0,00;0,00;0,00;3.777.374,94;;;;
MG;3158508;SANTANA DE PIRAPAMA;4.479.840,69;0,00;0,00;0,00;0,00;4.479.840,69;;;;
MG;3158607;SANTANA DO DESERTO;5.023.895,85;0,00;0,00;108.712,73;108.712,73;5.132.608,58;;;;
MG;3158706;SANTANA DO GARAMBEU;2.358.718,60;0,00;0,00;72.355,64;72.355,64;2.431.074,24;;;;
MG;3158805;SANTANA DO JACARE;3.288.574,15;0,00;0,00;109.260,19;109.260,19;3.397.834,34;;;;
MG;3158904;SANTANA DO MANHUACU;8.077.536,88;0,00;1.143.041,25;245.480,72;1.388.521,97;9.466.058,85;;;;
MG;3158953;SANTANA DO PARAISO;25.245.110,93;0,00;0,00;761.188,86;761.188,86;26.006.299,79;;;;
MG;3159001;SANTANA DO RIACHO;5.596.398,77;0,00;532.388,02;0,00;532.388,02;6.128.786,79;;;;
MG;3159100;SANTANA DOS MONTES;3.583.647,62;0,00;0,00;103.427,95;103.427,95;3.687.075,57;;;;
MG;3159902;SANTO ANTONIO DO AMPARO;13.800.328,49;0,00;1.078.077,75;0,00;1.078.077,75;14.878.406,24;;;;
MG;3160009;SANTO ANTONIO DO AVENTUREIRO;3.296.664,45;0,00;0,00;0,00;0,00;3.296.664,45;;;;
MG;3160108;SANTO ANTONIO DO GRAMA;4.201.913,32;0,00;0,00;0,00;0,00;4.201.913,32;;;;
MG;3160207;SANTO ANTONIO DO ITAMBE;2.638.055,81;0,00;0,00;0,00;0,00;2.638.055,81;;;;
MG;3160306;SANTO ANTONIO DO JACINTO;8.642.527,56;0,00;0,00;539.749,85;539.749,85;9.182.277,41;;;;
MG;3160405;SANTO ANTONIO DO MONTE;21.240.121,81;0,00;0,00;714.561,62;714.561,62;21.954.683,43;;;;
MG;3160454;SANTO ANTONIO DO RETIRO;8.276.211,42;0,00;296.692,36;480.784,84;777.477,20;9.053.688,62;;;;
MG;3160504;SANTO ANTONIO DO RIO ABAIXO;1.244.574,16;0,00;0,00;82.613,34;82.613,34;1.327.187,50;;;;
MG;3160603;SANTO HIPOLITO;1.464.565,49;0,00;0,00;0,00;0,00;1.464.565,49;;;;
MG;3160702;SANTOS DUMONT;28.497.797,45;0,00;0,00;0,00;0,00;28.497.797,45;;;;
MG;3160801;SAO BENTO ABADE;5.469.642,42;0,00;184.836,63;0,00;184.836,63;5.654.479,05;;;;
MG;3160900;SAO BRAS DO SUACUI;5.070.507,14;0,00;0,00;0,00;0,00;5.070.507,14;;;;
MG;3160959;SAO DOMINGOS DAS DORES;7.037.793,62;0,00;0,00;0,00;0,00;7.037.793,62;;;;
MG;3161007;SAO DOMINGOS DO PRATA;12.383.295,24;0,00;636.118,41;0,00;636.118,41;13.019.413,65;;;;
MG;3161056;SAO FELIX DE MINAS;3.077.422,56;0,00;0,00;205.644,02;205.644,02;3.283.066,58;;;;
MG;3161106;SAO FRANCISCO;42.416.110,33;0,00;4.526.929,77;0,00;4.526.929,77;46.943.040,10;;;;
MG;3161205;SAO FRANCISCO DE PAULA;5.917.537,50;0,00;482.392,06;0,00;482.392,06;6.399.929,56;;;;
MG;3161304;SAO FRANCISCO DE SALES;7.585.514,21;0,00;0,00;232.642,20;232.642,20;7.818.156,41;;;;
MG;3161403;SAO FRANCISCO DO GLORIA;4.077.093,48;0,00;0,00;248.193,51;248.193,51;4.325.286,99;;;;
MG;3161502;SAO GERALDO;6.470.812,95;0,00;0,00;0,00;0,00;6.470.812,95;;;;
MG;3161601;SAO GERALDO DA PIEDADE;2.789.751,25;0,00;0,00;152.940,30;152.940,30;2.942.691,55;;;;
MG;3161650;SAO GERALDO DO BAIXIO;2.932.994,10;0,00;0,00;0,00;0,00;2.932.994,10;;;;
MG;3161700;SAO GONCALO DO ABAETE;6.834.952,22;0,00;0,00;224.529,68;224.529,68;7.059.481,90;;;;
MG;3161809;SAO GONCALO DO PARA;10.338.895,27;0,00;1.009.350,42;0,00;1.009.350,42;11.348.245,69;;;;
MG;3161908;SAO GONCALO DO RIO ABAIXO;22.217.929,73;0,00;0,00;1.299.488,53;1.299.488,53;23.517.418,26;;;;
MG;3125507;SAO GONCALO DO RIO PRETO;2.261.079,69;0,00;0,00;72.384,87;72.384,87;2.333.464,56;;;;
MG;3162005;SAO GONCALO DO SAPUCAI;20.393.416,51;0,00;0,00;0,00;0,00;20.393.416,51;;;;
MG;3162104;SAO GOTARDO;35.553.757,46;0,00;2.154.952,99;0,00;2.154.952,99;37.708.710,45;;;;
MG;3162203;SAO JOAO BATISTA DO GLORIA;5.634.813,92;0,00;0,00;369.729,56;369.729,56;6.004.543,48;;;;
MG;3162252;SAO JOAO DA LAGOA;4.572.266,11;0,00;75.093,90;0,00;75.093,90;4.647.360,01;;;;
MG;3162302;SAO JOAO DA MATA;2.425.254,24;0,00;0,00;0,00;0,00;2.425.254,24;;;;
MG;3162401;SAO JOAO DA PONTE;31.649.369,38;0,00;13.609.615,83;0,00;13.609.615,83;45.258.985,21;;;;
MG;3162450;SAO JOAO DAS MISSOES;8.491.508,88;0,00;0,00;0,00;0,00;8.491.508,88;;;;
MG;3162500;SAO JOAO DEL REI;36.443.128,56;0,00;0,00;0,00;0,00;36.443.128,56;;;;
MG;3162559;SAO JOAO DO MANHUACU;16.110.689,32;0,00;2.772.567,45;0,00;2.772.567,45;18.883.256,77;;;;
MG;3162575;SAO JOAO DO MANTENINHA;4.428.634,95;0,00;0,00;0,00;0,00;4.428.634,95;;;;
MG;3162609;SAO JOAO DO ORIENTE;5.903.746,18;0,00;158.422,88;175.964,35;334.387,23;6.238.133,41;;;;
MG;3162658;SAO JOAO DO PACUI;2.875.864,83;0,00;0,00;0,00;0,00;2.875.864,83;;;;
MG;3162708;SAO JOAO DO PARAISO;16.186.732,17;0,00;5.801.258,05;0,00;5.801.258,05;21.987.990,22;;;;
MG;3162807;SAO JOAO EVANGELISTA;14.349.430,76;0,00;2.705.024,69;0,00;2.705.024,69;17.054.455,45;;;;
MG;3162906;SAO JOAO NEPOMUCENO;29.254.450,28;0,00;3.841.870,51;0,00;3.841.870,51;33.096.320,79;;;;
MG;3162922;SAO JOAQUIM DE BICAS;44.434.185,80;0,00;12.658.872,27;0,00;12.658.872,27;57.093.058,07;;;;
MG;3162948;SAO JOSE DA BARRA;6.021.226,20;0,00;0,00;214.149,96;214.149,96;6.235.376,16;;;;
MG;3162955;SAO JOSE DA LAPA;32.471.439,58;0,00;1.178.993,10;1.841.062,55;3.020.055,65;35.491.495,23;;;;
MG;3163003;SAO JOSE DA SAFIRA;3.317.229,37;0,00;0,00;117.181,55;117.181,55;3.434.410,92;;;;
MG;3163102;SAO JOSE DA VARGINHA;3.237.765,51;0,00;0,00;0,00;0,00;3.237.765,51;;;;
MG;3163201;SAO JOSE DO ALEGRE;3.709.463,79;0,00;0,00;0,00;0,00;3.709.463,79;;;;
MG;3163300;SAO JOSE DO DIVINO;2.729.245,04;0,00;0,00;0,00;0,00;2.729.245,04;;;;
MG;3163409;SAO JOSE DO GOIABAL;3.710.043,08;0,00;0,00;0,00;0,00;3.710.043,08;;;;
MG;3163508;SAO JOSE DO JACURI;5.614.475,14;0,00;0,00;0,00;0,00;5.614.475,14;;;;
MG;3163607;SAO JOSE DO MANTIMENTO;2.810.538,76;0,00;0,00;189.306,57;189.306,57;2.999.845,33;;;;
MG;3163706;SAO LOURENCO;34.480.175,50;0,00;0,00;0,00;0,00;34.480.175,50;;;;
MG;3163805;SAO MIGUEL DO ANTA;4.693.415,43;0,00;0,00;136.823,10;136.823,10;4.830.238,53;;;;
MG;3163904;SAO PEDRO DA UNIAO;4.359.854,34;0,00;0,00;0,00;0,00;4.359.854,34;;;;
MG;3164100;SAO PEDRO DO SUACUI;3.420.202,50;0,00;0,00;227.261,40;227.261,40;3.647.463,90;;;;
MG;3164001;SAO PEDRO DOS FERROS;4.605.868,15;0,00;0,00;0,00;0,00;4.605.868,15;;;;
MG;3164209;SAO ROMAO;6.444.344,46;0,00;0,00;213.104,13;213.104,13;6.657.448,59;;;;
MG;3164308;SAO ROQUE DE MINAS;5.272.465,39;0,00;0,00;354.989,62;354.989,62;5.627.455,01;;;;
MG;3164407;SAO SEBASTIAO DA BELA VISTA;6.889.913,59;0,00;374.477,93;426.021,18;800.499,11;7.690.412,70;;;;
MG;3164431;SAO SEBASTIAO DA VARGEM ALEGRE;5.048.282,46;0,00;0,00;0,00;0,00;5.048.282,46;;;;
MG;3164472;SAO SEBASTIAO DO ANTA;8.922.551,64;0,00;1.589.468,38;0,00;1.589.468,38;10.512.020,02;;;;
MG;3164506;SAO SEBASTIAO DO MARANHAO;4.158.121,27;0,00;0,00;132.204,83;132.204,83;4.290.326,10;;;;
MG;3164605;SAO SEBASTIAO DO OESTE;13.558.131,45;0,00;1.124.431,28;0,00;1.124.431,28;14.682.562,73;;;;
MG;3164704;SAO SEBASTIAO DO PARAISO;55.778.898,16;0,00;0,00;0,00;0,00;55.778.898,16;;;;
MG;3164803;SAO SEBASTIAO DO RIO PRETO;964.260,30;0,00;0,00;0,00;0,00;964.260,30;;;;
MG;3164902;SAO SEBASTIAO DO RIO VERDE;2.917.034,01;0,00;0,00;0,00;0,00;2.917.034,01;;;;
MG;3165206;SAO THOME DAS LETRAS;5.818.357,06;0,00;163.679,52;0,00;163.679,52;5.982.036,58;;;;
MG;3165008;SAO TIAGO;6.740.427,72;0,00;0,00;0,00;0,00;6.740.427,72;;;;
MG;3165107;SAO TOMAS DE AQUINO;6.044.909,79;0,00;0,00;0,00;0,00;6.044.909,79;;;;
MG;3165305;SAO VICENTE DE MINAS;5.058.523,22;0,00;0,00;0,00;0,00;5.058.523,22;;;;
MG;3165404;SAPUCAI-MIRIM;6.418.309,91;0,00;0,00;0,00;0,00;6.418.309,91;;;;
MG;3165503;SARDOA;8.403.586,65;0,00;3.337.530,14;410.942,67;3.748.472,81;12.152.059,46;;;;
MG;3165537;SARZEDO;34.266.551,35;0,00;0,00;1.238.737,36;1.238.737,36;35.505.288,71;;;;
MG;3165560;SEM-PEIXE;1.549.708,73;0,00;0,00;0,00;0,00;1.549.708,73;;;;
MG;3165578;SENADOR AMARAL;6.886.399,95;0,00;1.458.846,09;0,00;1.458.846,09;8.345.246,04;;;;
MG;3165602;SENADOR CORTES;3.891.410,16;0,00;0,00;0,00;0,00;3.891.410,16;;;;
MG;3165701;SENADOR FIRMINO;6.081.100,59;0,00;0,00;427.875,82;427.875,82;6.508.976,41;;;;
MG;3165800;SENADOR JOSE BENTO;1.790.303,24;0,00;0,00;0,00;0,00;1.790.303,24;;;;
MG;3165909;SENADOR MODESTINO GONCALVES;2.792.442,69;0,00;0,00;92.324,86;92.324,86;2.884.767,55;;;;
MG;3166006;SENHORA DE OLIVEIRA;3.518.339,33;0,00;0,00;0,00;0,00;3.518.339,33;;;;
MG;3166105;SENHORA DO PORTO;2.219.805,61;0,00;0,00;159.067,09;159.067,09;2.378.872,70;;;;
MG;3166204;SENHORA DOS REMEDIOS;3.710.253,35;0,00;0,00;240.415,29;240.415,29;3.950.668,64;;;;
MG;3166303;SERICITA;6.540.135,84;0,00;116.767,94;227.534,34;344.302,28;6.884.438,12;;;;
MG;3166402;SERITINGA;2.151.191,44;0,00;0,00;0,00;0,00;2.151.191,44;;;;
MG;3166501;SERRA AZUL DE MINAS;2.718.710,38;0,00;0,00;172.993,17;172.993,17;2.891.703,55;;;;
MG;3166600;SERRA DA SAUDADE;737.081,22;0,00;0,00;0,00;0,00;737.081,22;;;;
MG;3166808;SERRA DO SALITRE;13.288.240,14;0,00;0,00;0,00;0,00;13.288.240,14;;;;
MG;3166709;SERRA DOS AIMORES;6.016.171,03;0,00;877.350,40;368.178,75;1.245.529,15;7.261.700,18;;;;
MG;3166907;SERRANIA;5.941.499,63;0,00;0,00;400.350,65;400.350,65;6.341.850,28;;;;
MG;3166956;SERRANOPOLIS DE MINAS;4.543.858,13;0,00;0,00;145.862,35;145.862,35;4.689.720,48;;;;
MG;3167004;SERRANOS;2.036.829,06;0,00;0,00;0,00;0,00;2.036.829,06;;;;
MG;3167103;SERRO;8.655.813,27;0,00;0,00;215.481,63;215.481,63;8.871.294,90;;;;
MG;3167202;SETE LAGOAS;110.704.361,33;0,00;0,00;0,00;0,00;110.704.361,33;;;;
MG;3165552;SETUBINHA;5.120.527,62;0,00;0,00;0,00;0,00;5.120.527,62;;;;
MG;3167301;SILVEIRANIA;1.964.805,39;0,00;0,00;140.688,90;140.688,90;2.105.494,29;;;;
MG;3167400;SILVIANOPOLIS;4.609.933,82;0,00;136.408,64;161.705,08;298.113,72;4.908.047,54;;;;
MG;3167509;SIMAO PEREIRA;3.503.241,74;0,00;0,00;0,00;0,00;3.503.241,74;;;;
MG;3167608;SIMONESIA;19.944.429,18;0,00;7.323.897,31;1.046.088,17;8.369.985,48;28.314.414,66;;;;
MG;3167707;SOBRALIA;4.562.358,19;0,00;0,00;0,00;0,00;4.562.358,19;;;;
MG;3167806;SOLEDADE DE MINAS;3.732.085,26;0,00;0,00;0,00;0,00;3.732.085,26;;;;
MG;3167905;TABULEIRO;2.857.760,71;0,00;0,00;0,00;0,00;2.857.760,71;;;;
MG;3168002;TAIOBEIRAS;31.912.001,02;0,00;6.496.721,88;0,00;6.496.721,88;38.408.722,90;;;;
MG;3168051;TAPARUBA;2.705.050,92;0,00;0,00;90.412,80;90.412,80;2.795.463,72;;;;
MG;3168101;TAPIRA;7.212.137,67;0,00;0,00;0,00;0,00;7.212.137,67;;;;
MG;3168200;TAPIRAI;1.794.271,70;0,00;0,00;0,00;0,00;1.794.271,70;;;;
MG;3168309;TAQUARACU DE MINAS;6.198.298,18;0,00;0,00;0,00;0,00;6.198.298,18;;;;
MG;3168408;TARUMIRIM;5.137.504,52;0,00;0,00;0,00;0,00;5.137.504,52;;;;
MG;3168507;TEIXEIRAS;7.616.830,93;0,00;0,00;493.816,25;493.816,25;8.110.647,18;;;;
MG;3168606;TEOFILO OTONI;92.115.514,50;0,00;9.048.105,22;0,00;9.048.105,22;101.163.619,72;;;;
MG;3168705;TIMOTEO;54.165.763,97;0,00;0,00;0,00;0,00;54.165.763,97;;;;
MG;3168804;TIRADENTES;5.729.654,99;0,00;0,00;196.122,04;196.122,04;5.925.777,03;;;;
MG;3168903;TIROS;6.124.789,07;0,00;0,00;199.672,99;199.672,99;6.324.462,06;;;;
MG;3169000;TOCANTINS;11.340.649,09;0,00;630.791,45;0,00;630.791,45;11.971.440,54;;;;
MG;3169059;TOCOS DO MOJI;3.703.926,06;0,00;0,00;0,00;0,00;3.703.926,06;;;;
MG;3169109;TOLEDO;8.564.847,48;0,00;1.326.875,32;0,00;1.326.875,32;9.891.722,80;;;;
MG;3169208;TOMBOS;5.998.819,00;0,00;0,00;420.825,08;420.825,08;6.419.644,08;;;;
MG;3169307;TRES CORACOES;50.476.056,41;0,00;0,00;0,00;0,00;50.476.056,41;;;;
MG;3169356;TRES MARIAS;31.604.974,92;0,00;0,00;0,00;0,00;31.604.974,92;;;;
MG;3169406;TRES PONTAS;42.860.356,27;0,00;542.738,71;0,00;542.738,71;43.403.094,98;;;;
MG;3169505;TUMIRITINGA;5.722.966,95;0,00;0,00;342.968,82;342.968,82;6.065.935,77;;;;
MG;3169604;TUPACIGUARA;23.411.408,76;0,00;509.031,53;0,00;509.031,53;23.920.440,29;;;;
MG;3169703;TURMALINA;13.374.992,21;0,00;370.711,41;447.147,31;817.858,72;14.192.850,93;;;;
MG;3169802;TURVOLANDIA;5.407.638,71;0,00;170.748,46;0,00;170.748,46;5.578.387,17;;;;
MG;3169901;UBA;74.944.984,93;0,00;0,00;0,00;0,00;74.944.984,93;;;;
MG;3170008;UBAI;8.727.141,90;0,00;1.077.598,09;0,00;1.077.598,09;9.804.739,99;;;;
MG;3170057;UBAPORANGA;8.276.991,49;0,00;0,00;233.678,26;233.678,26;8.510.669,75;;;;
MG;3170107;UBERABA;254.100.359,49;0,00;0,00;0,00;0,00;254.100.359,49;;;;
MG;3170206;UBERLANDIA;573.691.753,84;0,00;0,00;0,00;0,00;573.691.753,84;;;;
MG;3170305;UMBURATIBA;2.472.196,23;0,00;0,00;0,00;0,00;2.472.196,23;;;;
MG;3170404;UNAI;57.181.473,82;0,00;0,00;3.349.321,45;3.349.321,45;60.530.795,27;;;;
MG;3170438;UNIAO DE MINAS;2.408.427,14;0,00;0,00;163.971,35;163.971,35;2.572.398,49;;;;
MG;3170479;URUANA DE MINAS;6.233.901,88;0,00;0,00;0,00;0,00;6.233.901,88;;;;
MG;3170503;URUCANIA;7.512.455,45;0,00;0,00;0,00;0,00;7.512.455,45;;;;
MG;3170529;URUCUIA;16.795.530,76;0,00;1.936.940,26;302.817,45;2.239.757,71;19.035.288,47;;;;
MG;3170578;VARGEM ALEGRE;4.060.563,18;0,00;0,00;141.765,09;141.765,09;4.202.328,27;;;;
MG;3170602;VARGEM BONITA;2.025.454,16;0,00;0,00;0,00;0,00;2.025.454,16;;;;
MG;3170651;VARGEM GRANDE DO RIO PARDO;4.536.757,09;0,00;9.300,87;153.510,56;162.811,43;4.699.568,52;;;;
MG;3170701;VARGINHA;94.605.323,06;0,00;0,00;0,00;0,00;94.605.323,06;;;;
MG;3170750;VARJAO DE MINAS;9.109.765,80;0,00;1.515.071,78;0,00;1.515.071,78;10.624.837,58;;;;
MG;3170800;VARZEA DA PALMA;25.455.658,16;0,00;0,00;0,00;0,00;25.455.658,16;;;;
MG;3170909;VARZELANDIA;16.531.171,66;0,00;4.848.886,55;419.464,66;5.268.351,21;21.799.522,87;;;;
MG;3171006;VAZANTE;13.871.651,62;0,00;0,00;0,00;0,00;13.871.651,62;;;;
MG;3171030;VERDELANDIA;7.235.670,75;0,00;749.568,56;219.612,98;969.181,54;8.204.852,29;;;;
MG;3171071;VEREDINHA;5.193.999,02;0,00;0,00;0,00;0,00;5.193.999,02;;;;
MG;3171105;VERISSIMO;2.579.006,11;0,00;0,00;0,00;0,00;2.579.006,11;;;;
MG;3171154;VERMELHO NOVO;4.512.522,56;0,00;190.442,06;137.394,69;327.836,75;4.840.359,31;;;;
MG;3171204;VESPASIANO;127.286.574,99;0,00;0,00;0,00;0,00;127.286.574,99;;;;
MG;3171303;VICOSA;53.844.688,13;0,00;0,00;0,00;0,00;53.844.688,13;;;;
MG;3171402;VIEIRAS;4.206.301,12;0,00;0,00;153.783,71;153.783,71;4.360.084,83;;;;
MG;3171600;VIRGEM DA LAPA;10.873.466,51;0,00;4.508.943,13;0,00;4.508.943,13;15.382.409,64;;;;
MG;3171709;VIRGINIA;6.199.322,22;0,00;0,00;411.818,22;411.818,22;6.611.140,44;;;;
MG;3171808;VIRGINOPOLIS;11.303.049,30;0,00;1.265.487,69;328.326,86;1.593.814,55;12.896.863,85;;;;
MG;3171907;VIRGOLANDIA;2.674.336,20;0,00;0,00;0,00;0,00;2.674.336,20;;;;
MG;3172004;VISCONDE DO RIO BRANCO;27.662.635,03;0,00;0,00;0,00;0,00;27.662.635,03;;;;
MG;3172103;VOLTA GRANDE;5.278.779,23;0,00;0,00;0,00;0,00;5.278.779,23;;;;
MG;3172202;WENCESLAU BRAZ;1.838.839,25;0,00;0,00;0,00;0,00;1.838.839,25;;;;
MS;5000203;AGUA CLARA;30.063.142,20;0,00;0,00;0,00;0,00;30.063.142,20;;;;
MS;5000252;ALCINOPOLIS;6.692.577,60;0,00;0,00;0,00;0,00;6.692.577,60;;;;
MS;5000609;AMAMBAI;69.369.820,03;0,00;333.485,59;0,00;333.485,59;69.703.305,62;;;;
MS;5000708;ANASTACIO;24.049.392,88;0,00;0,00;1.337.250,75;1.337.250,75;25.386.643,63;;;;
MS;5000807;ANAURILANDIA;8.125.903,00;0,00;0,00;0,00;0,00;8.125.903,00;;;;
MS;5000856;ANGELICA;11.884.676,44;0,00;0,00;390.605,17;390.605,17;12.275.281,61;;;;
MS;5000906;ANTONIO JOAO;14.241.336,53;0,00;0,00;794.445,52;794.445,52;15.035.782,05;;;;
MS;5001003;APARECIDA DO TABOADO;27.841.433,15;0,00;0,00;0,00;0,00;27.841.433,15;;;;
MS;5001102;AQUIDAUANA;59.331.270,55;0,00;0,00;3.125.781,26;3.125.781,26;62.457.051,81;;;;
MS;5001243;ARAL MOREIRA;14.199.280,53;0,00;0,00;0,00;0,00;14.199.280,53;;;;
MS;5001508;BANDEIRANTES;10.044.517,84;0,00;0,00;0,00;0,00;10.044.517,84;;;;
MS;5001904;BATAGUASSU;23.707.672,18;0,00;0,00;574.741,11;574.741,11;24.282.413,29;;;;
MS;5002001;BATAYPORA;12.204.511,57;0,00;0,00;0,00;0,00;12.204.511,57;;;;
MS;5002100;BELA VISTA;27.699.406,13;0,00;0,00;1.581.240,83;1.581.240,83;29.280.646,96;;;;
MS;5002159;BODOQUENA;11.273.238,82;0,00;0,00;0,00;0,00;11.273.238,82;;;;
MS;5002209;BONITO;27.473.260,15;0,00;0,00;0,00;0,00;27.473.260,15;;;;
MS;5002308;BRASILANDIA;15.605.626,99;0,00;0,00;0,00;0,00;15.605.626,99;;;;
MS;5002407;CAARAPO;44.755.796,67;0,00;0,00;0,00;0,00;44.755.796,67;;;;
MS;5002605;CAMAPUA;13.151.494,23;0,00;0,00;772.609,92;772.609,92;13.924.104,15;;;;
MS;5002704;CAMPO GRANDE;956.618.379,96;0,00;0,00;0,00;0,00;956.618.379,96;;;;
MS;5002803;CARACOL;8.701.875,88;0,00;0,00;0,00;0,00;8.701.875,88;;;;
MS;5002902;CASSILANDIA;22.545.174,90;0,00;0,00;1.372.489,06;1.372.489,06;23.917.663,96;;;;
MS;5002951;CHAPADAO DO SUL;53.870.011,57;0,00;0,00;0,00;0,00;53.870.011,57;;;;
MS;5003108;CORGUINHO;4.914.575,04;0,00;0,00;164.163,43;164.163,43;5.078.738,47;;;;
MS;5003157;CORONEL SAPUCAIA;29.981.000,26;0,00;3.786.510,86;0,00;3.786.510,86;33.767.511,12;;;;
MS;5003207;CORUMBA;121.646.199,87;0,00;0,00;0,00;0,00;121.646.199,87;;;;
MS;5003256;COSTA RICA;47.511.120,75;0,00;0,00;0,00;0,00;47.511.120,75;;;;
MS;5003306;COXIM;33.276.382,95;0,00;0,00;762.045,40;762.045,40;34.038.428,35;;;;
MS;5003454;DEODAPOLIS;11.998.273,04;0,00;792.271,52;357.314,41;1.149.585,93;13.147.858,97;;;;
MS;5003488;DOIS IRMAOS DO BURITI;19.458.101,62;0,00;0,00;0,00;0,00;19.458.101,62;;;;
MS;5003504;DOURADINA;6.175.894,63;0,00;0,00;0,00;0,00;6.175.894,63;;;;
MS;5003702;DOURADOS;275.501.245,82;0,00;0,00;0,00;0,00;275.501.245,82;;;;
MS;5003751;ELDORADO;13.734.011,13;0,00;0,00;0,00;0,00;13.734.011,13;;;;
MS;5003801;FATIMA DO SUL;19.159.766,44;0,00;0,00;0,00;0,00;19.159.766,44;;;;
MS;5003900;FIGUEIRAO;3.420.129,77;0,00;0,00;119.366,75;119.366,75;3.539.496,52;;;;
MS;5004007;GLORIA DE DOURADOS;8.060.321,43;0,00;0,00;250.918,46;250.918,46;8.311.239,89;;;;
MS;5004106;GUIA LOPES DA LAGUNA;9.761.216,79;0,00;0,00;0,00;0,00;9.761.216,79;;;;
MS;5004304;IGUATEMI;17.216.433,99;0,00;0,00;0,00;0,00;17.216.433,99;;;;
MS;5004403;INOCENCIA;8.917.140,43;0,00;0,00;0,00;0,00;8.917.140,43;;;;
MS;5004502;ITAPORA;16.627.106,06;0,00;0,00;969.104,21;969.104,21;17.596.210,27;;;;
MS;5004601;ITAQUIRAI;25.420.659,71;0,00;0,00;1.317.696,49;1.317.696,49;26.738.356,20;;;;
MS;5004700;IVINHEMA;28.464.654,80;0,00;0,00;0,00;0,00;28.464.654,80;;;;
MS;5004809;JAPORA;21.623.009,70;0,00;2.288.671,94;0,00;2.288.671,94;23.911.681,64;;;;
MS;5004908;JARAGUARI;6.118.467,96;0,00;0,00;317.432,46;317.432,46;6.435.900,42;;;;
MS;5005004;JARDIM;24.982.424,68;0,00;0,00;0,00;0,00;24.982.424,68;;;;
MS;5005103;JATEI;3.198.659,63;0,00;0,00;0,00;0,00;3.198.659,63;;;;
MS;5005152;JUTI;9.715.486,75;0,00;0,00;533.256,80;533.256,80;10.248.743,55;;;;
MS;5005202;LADARIO;31.045.660,09;0,00;0,00;0,00;0,00;31.045.660,09;;;;
MS;5005251;LAGUNA CARAPA;13.245.186,04;0,00;0,00;0,00;0,00;13.245.186,04;;;;
MS;5005400;MARACAJU;55.334.744,30;0,00;0,00;1.672.845,77;1.672.845,77;57.007.590,07;;;;
MS;5005608;MIRANDA;43.067.592,19;0,00;0,00;0,00;0,00;43.067.592,19;;;;
MS;5005681;MUNDO NOVO;19.546.922,73;0,00;1.060.416,15;1.247.034,12;2.307.450,27;21.854.373,00;;;;
MS;5005707;NAVIRAI;67.915.879,49;0,00;0,00;0,00;0,00;67.915.879,49;;;;
MS;5005806;NIOAQUE;17.663.905,61;0,00;0,00;444.559,83;444.559,83;18.108.465,44;;;;
MS;5006002;NOVA ALVORADA DO SUL;37.307.629,42;0,00;0,00;0,00;0,00;37.307.629,42;;;;
MS;5006200;NOVA ANDRADINA;61.748.585,69;0,00;0,00;0,00;0,00;61.748.585,69;;;;
MS;5006259;NOVO HORIZONTE DO SUL;7.446.290,78;0,00;0,00;0,00;0,00;7.446.290,78;;;;
MS;5006275;PARAISO DAS AGUAS;14.301.389,81;0,00;0,00;688.024,60;688.024,60;14.989.414,41;;;;
MS;5006309;PARANAIBA;47.185.599,31;0,00;0,00;0,00;0,00;47.185.599,31;;;;
MS;5006358;PARANHOS;35.667.997,08;0,00;2.843.100,19;0,00;2.843.100,19;38.511.097,27;;;;
MS;5006408;PEDRO GOMES;7.053.176,94;0,00;0,00;0,00;0,00;7.053.176,94;;;;
MS;5006606;PONTA PORA;104.758.831,29;0,00;0,00;0,00;0,00;104.758.831,29;;;;
MS;5006903;PORTO MURTINHO;24.519.859,83;0,00;0,00;0,00;0,00;24.519.859,83;;;;
MS;5007109;RIBAS DO RIO PARDO;39.481.913,27;0,00;0,00;0,00;0,00;39.481.913,27;;;;
MS;5007208;RIO BRILHANTE;54.641.686,53;0,00;0,00;0,00;0,00;54.641.686,53;;;;
MS;5007307;RIO NEGRO;5.475.139,86;0,00;0,00;303.989,54;303.989,54;5.779.129,40;;;;
MS;5007406;RIO VERDE DE MATO GROSSO;22.662.015,40;0,00;0,00;0,00;0,00;22.662.015,40;;;;
MS;5007505;ROCHEDO;6.722.357,62;0,00;0,00;233.270,50;233.270,50;6.955.628,12;;;;
MS;5007554;SANTA RITA DO PARDO;10.225.677,30;0,00;0,00;0,00;0,00;10.225.677,30;;;;
MS;5007695;SAO GABRIEL DO OESTE;39.054.806,97;0,00;0,00;0,00;0,00;39.054.806,97;;;;
MS;5007802;SELVIRIA;9.016.206,76;0,00;0,00;562.449,60;562.449,60;9.578.656,36;;;;
MS;5007703;SETE QUEDAS;9.852.435,07;0,00;0,00;506.003,84;506.003,84;10.358.438,91;;;;
MS;5007901;SIDROLANDIA;78.841.486,05;0,00;0,00;0,00;0,00;78.841.486,05;;;;
MS;5007935;SONORA;24.493.548,63;0,00;0,00;685.334,06;685.334,06;25.178.882,69;;;;
MS;5007950;TACURU;18.575.493,26;0,00;0,00;0,00;0,00;18.575.493,26;;;;
MS;5007976;TAQUARUSSU;3.851.062,81;0,00;0,00;0,00;0,00;3.851.062,81;;;;
MS;5008008;TERENOS;22.310.641,94;0,00;0,00;0,00;0,00;22.310.641,94;;;;
MS;5008305;TRES LAGOAS;141.208.668,31;0,00;0,00;0,00;0,00;141.208.668,31;;;;
MS;5008404;VICENTINA;5.461.782,71;0,00;0,00;0,00;0,00;5.461.782,71;;;;
MT;5100102;ACORIZAL;4.489.285,02;0,00;0,00;138.214,15;138.214,15;4.627.499,17;;;;
MT;5100201;AGUA BOA;38.734.310,38;0,00;0,00;2.087.002,61;2.087.002,61;40.821.312,99;;;;
MT;5100250;ALTA FLORESTA;55.725.053,35;0,00;0,00;3.347.791,18;3.347.791,18;59.072.844,53;;;;
MT;5100300;ALTO ARAGUAIA;14.530.353,23;0,00;0,00;0,00;0,00;14.530.353,23;;;;
MT;5100359;ALTO BOA VISTA;9.387.584,84;0,00;0,00;0,00;0,00;9.387.584,84;;;;
MT;5100409;ALTO GARCAS;14.796.361,80;0,00;0,00;782.134,50;782.134,50;15.578.496,30;;;;
MT;5100508;ALTO PARAGUAI;8.106.164,91;0,00;0,00;463.115,03;463.115,03;8.569.279,94;;;;
MT;5100607;ALTO TAQUARI;12.740.550,71;0,00;0,00;0,00;0,00;12.740.550,71;;;;
MT;5100805;APIACAS;11.006.506,46;0,00;0,00;626.930,37;626.930,37;11.633.436,83;;;;
MT;5101001;ARAGUAIANA;4.071.793,85;0,00;0,00;253.161,58;253.161,58;4.324.955,43;;;;
MT;5101209;ARAGUAINHA;830.933,46;0,00;0,00;27.861,35;27.861,35;858.794,81;;;;
MT;5101258;ARAPUTANGA;15.216.527,04;0,00;0,00;869.740,85;869.740,85;16.086.267,89;;;;
MT;5101308;ARENAPOLIS;11.119.202,76;0,00;0,00;694.166,93;694.166,93;11.813.369,69;;;;
MT;5101407;ARIPUANA;38.251.368,02;0,00;0,00;1.995.329,11;1.995.329,11;40.246.697,13;;;;
MT;5101605;BARAO DE MELGACO;4.233.620,09;0,00;0,00;0,00;0,00;4.233.620,09;;;;
MT;5101704;BARRA DO BUGRES;34.484.028,25;0,00;0,00;2.025.730,87;2.025.730,87;36.509.759,12;;;;
MT;5101803;BARRA DO GARCAS;72.198.017,42;0,00;0,00;3.807.639,41;3.807.639,41;76.005.656,83;;;;
MT;5101852;BOM JESUS DO ARAGUAIA;9.748.220,19;0,00;0,00;0,00;0,00;9.748.220,19;;;;
MT;5101902;BRASNORTE;21.091.307,94;0,00;0,00;577.472,36;577.472,36;21.668.780,30;;;;
MT;5102504;CACERES;87.909.434,41;0,00;0,00;0,00;0,00;87.909.434,41;;;;
MT;5102603;CAMPINAPOLIS;43.322.828,41;0,00;4.916.759,69;0,00;4.916.759,69;48.239.588,10;;;;
MT;5102637;CAMPO NOVO DO PARECIS;66.629.956,99;0,00;0,00;3.882.634,52;3.882.634,52;70.512.591,51;;;;
MT;5102678;CAMPO VERDE;55.430.670,37;0,00;0,00;0,00;0,00;55.430.670,37;;;;
MT;5102686;CAMPOS DE JULIO;16.859.916,02;0,00;0,00;992.819,57;992.819,57;17.852.735,59;;;;
MT;5102694;CANABRAVA DO NORTE;6.744.385,16;0,00;0,00;179.542,23;179.542,23;6.923.927,39;;;;
MT;5102702;CANARANA;34.003.819,52;0,00;0,00;0,00;0,00;34.003.819,52;;;;
MT;5102793;CARLINDA;14.096.707,05;0,00;0,00;723.093,59;723.093,59;14.819.800,64;;;;
MT;5102850;CASTANHEIRA;6.742.570,25;0,00;0,00;199.089,33;199.089,33;6.941.659,58;;;;
MT;5103007;CHAPADA DOS GUIMARAES;21.212.575,98;0,00;0,00;1.126.015,98;1.126.015,98;22.338.591,96;;;;
MT;5103056;CLAUDIA;14.081.539,56;0,00;0,00;809.877,51;809.877,51;14.891.417,07;;;;
MT;5103106;COCALINHO;6.940.781,51;0,00;0,00;351.871,74;351.871,74;7.292.653,25;;;;
MT;5103205;COLIDER;32.636.577,14;0,00;0,00;995.909,24;995.909,24;33.632.486,38;;;;
MT;5103254;COLNIZA;34.530.188,37;0,00;0,00;1.885.962,48;1.885.962,48;36.416.150,85;;;;
MT;5103304;COMODORO;24.633.873,99;0,00;0,00;0,00;0,00;24.633.873,99;;;;
MT;5103353;CONFRESA;38.215.569,78;0,00;0,00;2.073.219,75;2.073.219,75;40.288.789,53;;;;
MT;5103361;CONQUISTA DOESTE;5.750.153,91;0,00;0,00;168.098,55;168.098,55;5.918.252,46;;;;
MT;5103379;COTRIGUACU;11.659.165,08;0,00;0,00;669.362,99;669.362,99;12.328.528,07;;;;
MT;5103403;CUIABA;572.476.794,26;0,00;0,00;0,00;0,00;572.476.794,26;;;;
MT;5103437;CURVELANDIA;5.060.664,38;0,00;0,00;318.546,78;318.546,78;5.379.211,16;;;;
MT;5103452;DENISE;7.699.624,98;0,00;0,00;182.420,20;182.420,20;7.882.045,18;;;;
MT;5103502;DIAMANTINO;24.117.337,58;0,00;0,00;0,00;0,00;24.117.337,58;;;;
MT;5103601;DOM AQUINO;7.247.943,31;0,00;0,00;446.424,30;446.424,30;7.694.367,61;;;;
MT;5103700;FELIZ NATAL;16.098.378,49;0,00;0,00;875.189,53;875.189,53;16.973.568,02;;;;
MT;5103809;FIGUEIROPOLIS DOESTE;3.290.524,98;0,00;0,00;99.699,92;99.699,92;3.390.224,90;;;;
MT;5103858;GAUCHA DO NORTE;13.827.176,58;0,00;0,00;318.845,21;318.845,21;14.146.021,79;;;;
MT;5103908;GENERAL CARNEIRO;4.667.910,42;0,00;0,00;120.406,85;120.406,85;4.788.317,27;;;;
MT;5103957;GLORIA DOESTE;3.534.005,22;0,00;0,00;0,00;0,00;3.534.005,22;;;;
MT;5104104;GUARANTA DO NORTE;48.638.498,91;0,00;0,00;0,00;0,00;48.638.498,91;;;;
MT;5104203;GUIRATINGA;9.499.260,66;0,00;0,00;539.134,05;539.134,05;10.038.394,71;;;;
MT;5104500;INDIAVAI;3.629.808,25;0,00;0,00;111.718,54;111.718,54;3.741.526,79;;;;
MT;5104526;IPIRANGA DO NORTE;11.602.590,29;0,00;0,00;0,00;0,00;11.602.590,29;;;;
MT;5104542;ITANHANGA;10.858.973,65;0,00;0,00;599.126,19;599.126,19;11.458.099,84;;;;
MT;5104559;ITAUBA;7.937.575,21;0,00;0,00;477.714,62;477.714,62;8.415.289,83;;;;
MT;5104609;ITIQUIRA;23.740.024,74;0,00;0,00;0,00;0,00;23.740.024,74;;;;
MT;5104807;JACIARA;32.148.123,97;0,00;9.957,43;955.207,18;965.164,61;33.113.288,58;;;;
MT;5104906;JANGADA;5.337.779,54;0,00;0,00;125.866,43;125.866,43;5.463.645,97;;;;
MT;5105002;JAURU;10.001.533,65;0,00;0,00;563.470,56;563.470,56;10.565.004,21;;;;
MT;5105101;JUARA;28.470.328,32;0,00;0,00;0,00;0,00;28.470.328,32;;;;
MT;5105150;JUINA;50.794.897,20;0,00;545.815,67;1.435.689,12;1.981.504,79;52.776.401,99;;;;
MT;5105176;JURUENA;12.975.980,17;0,00;0,00;720.906,62;720.906,62;13.696.886,79;;;;
MT;5105200;JUSCIMEIRA;13.995.869,68;0,00;0,00;0,00;0,00;13.995.869,68;;;;
MT;5105234;LAMBARI DOESTE;6.362.815,97;0,00;0,00;369.699,39;369.699,39;6.732.515,36;;;;
MT;5105259;LUCAS DO RIO VERDE;132.801.667,54;0,00;0,00;0,00;0,00;132.801.667,54;;;;
MT;5105309;LUCIARA;4.388.255,78;0,00;1.007.112,13;0,00;1.007.112,13;5.395.367,91;;;;
MT;5105580;MARCELANDIA;14.773.120,69;0,00;0,00;904.506,29;904.506,29;15.677.626,98;;;;
MT;5105606;MATUPA;28.827.752,86;0,00;3.665.790,70;1.674.420,40;5.340.211,10;34.167.963,96;;;;
MT;5105622;MIRASSOL DOESTE;26.490.797,78;0,00;0,00;1.469.651,27;1.469.651,27;27.960.449,05;;;;
MT;5105903;NOBRES;15.931.859,44;0,00;0,00;0,00;0,00;15.931.859,44;;;;
MT;5106000;NORTELANDIA;5.940.303,79;0,00;0,00;382.323,06;382.323,06;6.322.626,85;;;;
MT;5106109;NOSSA SENHORA DO LIVRAMENTO;16.116.537,86;0,00;0,00;387.374,15;387.374,15;16.503.912,01;;;;
MT;5106158;NOVA BANDEIRANTES;17.726.723,07;0,00;0,00;964.072,51;964.072,51;18.690.795,58;;;;
MT;5106208;NOVA BRASILANDIA;5.447.763,03;0,00;0,00;167.441,24;167.441,24;5.615.204,27;;;;
MT;5106216;NOVA CANAA DO NORTE;15.832.317,56;0,00;0,00;866.713,70;866.713,70;16.699.031,26;;;;
MT;5108808;NOVA GUARITA;6.389.576,33;0,00;0,00;386.422,99;386.422,99;6.775.999,32;;;;
MT;5106182;NOVA LACERDA;12.205.818,43;0,00;0,00;673.727,56;673.727,56;12.879.545,99;;;;
MT;5108857;NOVA MARILANDIA;5.334.990,80;0,00;0,00;321.579,59;321.579,59;5.656.570,39;;;;
MT;5108907;NOVA MARINGA;10.619.180,28;0,00;0,00;0,00;0,00;10.619.180,28;;;;
MT;5108956;NOVA MONTE VERDE;14.166.261,72;0,00;529.565,95;833.265,13;1.362.831,08;15.529.092,80;;;;
MT;5106224;NOVA MUTUM;87.117.905,94;0,00;0,00;5.040.209,75;5.040.209,75;92.158.115,69;;;;
MT;5106174;NOVA NAZARE;7.671.725,27;0,00;0,00;0,00;0,00;7.671.725,27;;;;
MT;5106232;NOVA OLIMPIA;20.054.102,42;0,00;0,00;560.326,51;560.326,51;20.614.428,93;;;;
MT;5106190;NOVA SANTA HELENA;7.312.037,73;0,00;0,00;455.475,83;455.475,83;7.767.513,56;;;;
MT;5106240;NOVA UBIRATA;22.521.246,33;0,00;0,00;1.308.494,80;1.308.494,80;23.829.741,13;;;;
MT;5106257;NOVA XAVANTINA;22.338.090,57;0,00;0,00;0,00;0,00;22.338.090,57;;;;
MT;5106273;NOVO HORIZONTE DO NORTE;4.183.170,13;0,00;0,00;260.662,50;260.662,50;4.443.832,63;;;;
MT;5106265;NOVO MUNDO;12.224.995,59;0,00;0,00;352.637,25;352.637,25;12.577.632,84;;;;
MT;5106315;NOVO SANTO ANTONIO;3.721.421,05;0,00;0,00;192.402,31;192.402,31;3.913.823,36;;;;
MT;5106281;NOVO SAO JOAQUIM;9.840.398,41;0,00;0,00;0,00;0,00;9.840.398,41;;;;
MT;5106299;PARANAITA;17.135.136,25;0,00;0,00;972.403,02;972.403,02;18.107.539,27;;;;
MT;5106307;PARANATINGA;32.264.413,75;0,00;0,00;931.169,94;931.169,94;33.195.583,69;;;;
MT;5106372;PEDRA PRETA;21.773.243,07;0,00;0,00;1.236.947,04;1.236.947,04;23.010.190,11;;;;
MT;5106422;PEIXOTO DE AZEVEDO;45.064.833,76;0,00;0,00;2.321.275,38;2.321.275,38;47.386.109,14;;;;
MT;5106455;PLANALTO DA SERRA;5.563.673,33;0,00;0,00;0,00;0,00;5.563.673,33;;;;
MT;5106505;POCONE;33.627.183,71;0,00;0,00;823.256,75;823.256,75;34.450.440,46;;;;
MT;5106653;PONTAL DO ARAGUAIA;5.870.444,77;0,00;0,00;345.502,01;345.502,01;6.215.946,78;;;;
MT;5106703;PONTE BRANCA;1.738.274,45;0,00;0,00;0,00;0,00;1.738.274,45;;;;
MT;5106752;PONTES E LACERDA;53.490.199,69;0,00;0,00;0,00;0,00;53.490.199,69;;;;
MT;5106778;PORTO ALEGRE DO NORTE;12.553.939,61;0,00;0,00;653.755,82;653.755,82;13.207.695,43;;;;
MT;5106802;PORTO DOS GAUCHOS;6.676.356,30;0,00;0,00;0,00;0,00;6.676.356,30;;;;
MT;5106828;PORTO ESPERIDIAO;14.205.631,56;0,00;0,00;348.810,29;348.810,29;14.554.441,85;;;;
MT;5106851;PORTO ESTRELA;3.645.182,62;0,00;0,00;0,00;0,00;3.645.182,62;;;;
MT;5107008;POXOREU;20.447.281,01;0,00;0,00;0,00;0,00;20.447.281,01;;;;
MT;5107040;PRIMAVERA DO LESTE;96.854.097,45;0,00;0,00;5.585.721,69;5.585.721,69;102.439.819,14;;;;
MT;5107065;QUERENCIA;32.904.226,55;0,00;0,00;2.008.033,80;2.008.033,80;34.912.260,35;;;;
MT;5107156;RESERVA DO CABACAL;2.947.345,02;0,00;0,00;165.155,87;165.155,87;3.112.500,89;;;;
MT;5107180;RIBEIRAO CASCALHEIRA;15.549.586,98;0,00;1.766.630,06;825.751,11;2.592.381,17;18.141.968,15;;;;
MT;5107198;RIBEIRAOZINHO;3.111.997,87;0,00;0,00;98.061,02;98.061,02;3.210.058,89;;;;
MT;5107206;RIO BRANCO;6.856.391,25;0,00;0,00;351.707,12;351.707,12;7.208.098,37;;;;
MT;5107578;RONDOLANDIA;3.681.365,97;0,00;0,00;98.334,17;98.334,17;3.779.700,14;;;;
MT;5107602;RONDONOPOLIS;272.272.881,88;0,00;0,00;15.051.642,43;15.051.642,43;287.324.524,31;;;;
MT;5107701;ROSARIO OESTE;15.075.763,06;0,00;0,00;367.593,41;367.593,41;15.443.356,47;;;;
MT;5107750;SALTO DO CEU;3.649.495,88;0,00;0,00;0,00;0,00;3.649.495,88;;;;
MT;5107248;SANTA CARMEM;11.254.891,69;0,00;0,00;0,00;0,00;11.254.891,69;;;;
MT;5107743;SANTA CRUZ DO XINGU;4.226.740,72;0,00;0,00;256.346,84;256.346,84;4.483.087,56;;;;
MT;5107768;SANTA RITA DO TRIVELATO;8.581.921,52;0,00;0,00;241.741,11;241.741,11;8.823.662,63;;;;
MT;5107776;SANTA TEREZINHA;7.132.212,05;0,00;0,00;159.059,57;159.059,57;7.291.271,62;;;;
MT;5107263;SANTO AFONSO;3.490.516,85;0,00;0,00;105.982,38;105.982,38;3.596.499,23;;;;
MT;5107792;SANTO ANTONIO DO LESTE;6.445.364,53;0,00;0,00;0,00;0,00;6.445.364,53;;;;
MT;5107800;SANTO ANTONIO DO LEVERGER;13.766.461,70;0,00;0,00;215.357,78;215.357,78;13.981.819,48;;;;
MT;5107859;SAO FELIX DO ARAGUAIA;13.832.681,40;0,00;0,00;339.755,01;339.755,01;14.172.436,41;;;;
MT;5107297;SAO JOSE DO POVO;2.675.079,61;0,00;0,00;154.534,21;154.534,21;2.829.613,82;;;;
MT;5107305;SAO JOSE DO RIO CLARO;20.427.858,86;0,00;0,00;0,00;0,00;20.427.858,86;;;;
MT;5107354;SAO JOSE DO XINGU;9.403.378,26;0,00;0,00;276.428,27;276.428,27;9.679.806,53;;;;
MT;5107107;SAO JOSE DOS QUATRO MARCOS;17.797.824,12;0,00;1.722.361,77;1.057.330,81;2.779.692,58;20.577.516,70;;;;
MT;5107404;SAO PEDRO DA CIPA;5.039.949,20;0,00;0,00;306.371,99;306.371,99;5.346.321,19;;;;
MT;5107875;SAPEZAL;46.511.629,91;0,00;0,00;2.828.352,80;2.828.352,80;49.339.982,71;;;;
MT;5107883;SERRA NOVA DOURADA;3.011.975,68;0,00;0,00;149.044,26;149.044,26;3.161.019,94;;;;
MT;5107909;SINOP;202.733.081,81;0,00;0,00;0,00;0,00;202.733.081,81;;;;
MT;5107925;SORRISO;167.962.893,07;0,00;0,00;0,00;0,00;167.962.893,07;;;;
MT;5107941;TABAPORA;17.667.617,28;0,00;0,00;501.231,11;501.231,11;18.168.848,39;;;;
MT;5107958;TANGARA DA SERRA;118.437.492,28;0,00;0,00;0,00;0,00;118.437.492,28;;;;
MT;5108006;TAPURAH;18.520.081,85;0,00;0,00;0,00;0,00;18.520.081,85;;;;
MT;5108055;TERRA NOVA DO NORTE;13.080.741,06;0,00;0,00;752.409,57;752.409,57;13.833.150,63;;;;
MT;5108105;TESOURO;2.554.502,09;0,00;0,00;86.315,55;86.315,55;2.640.817,64;;;;
MT;5108204;TORIXOREU;3.602.166,27;0,00;0,00;107.621,28;107.621,28;3.709.787,55;;;;
MT;5108303;UNIAO DO SUL;7.098.088,39;0,00;0,00;425.172,53;425.172,53;7.523.260,92;;;;
MT;5108352;VALE DE SAO DOMINGOS;4.114.027,91;0,00;0,00;191.205,49;191.205,49;4.305.233,40;;;;
MT;5108402;VARZEA GRANDE;306.672.430,13;0,00;0,00;0,00;0,00;306.672.430,13;;;;
MT;5108501;VERA;15.605.950,15;0,00;0,00;445.644,99;445.644,99;16.051.595,14;;;;
MT;5105507;VILA BELA DA SANTISSIMA TRINDADE;26.662.181,54;0,00;0,00;1.092.609,22;1.092.609,22;27.754.790,76;;;;
MT;5108600;VILA RICA;25.042.419,23;0,00;0,00;1.358.629,44;1.358.629,44;26.401.048,67;;;;
PA;1500107;ABAETETUBA;115.762.534,76;60.796.714,43;81.044.073,60;0,00;141.840.788,03;257.603.322,79;;;;
PA;1500131;ABEL FIGUEIREDO;6.185.906,53;3.248.743,59;1.880.512,67;0,00;5.129.256,26;11.315.162,79;;;;
PA;1500206;ACARA;86.788.502,05;45.579.995,18;44.867.014,44;6.287.172,13;96.734.181,75;183.522.683,80;;;;
PA;1500305;AFUA;61.034.586,23;32.054.432,10;32.164.237,58;0,00;64.218.669,68;125.253.255,91;;;;
PA;1500347;AGUA AZUL DO NORTE;14.218.002,60;7.467.077,72;2.850.237,95;1.389.588,56;11.706.904,23;25.924.906,83;;;;
PA;1500404;ALENQUER;57.510.071,85;30.203.411,00;34.008.713,34;4.883.961,35;69.096.085,69;126.606.157,54;;;;
PA;1500503;ALMEIRIM;47.787.689,03;25.097.364,10;37.469.387,68;1.638.125,61;64.204.877,39;111.992.566,42;;;;
PA;1500602;ALTAMIRA;117.689.638,61;61.808.799,93;57.412.860,96;0,00;119.221.660,89;236.911.299,50;;;;
PA;1500701;ANAJAS;47.884.742,78;25.148.335,24;26.501.683,14;1.688.982,75;53.339.001,13;101.223.743,91;;;;
PA;1500800;ANANINDEUA;184.313.978,43;96.798.885,21;78.955.309,37;22.825.446,25;198.579.640,83;382.893.619,26;;;;
PA;1500859;ANAPU;35.829.956,30;18.817.345,57;15.772.085,38;2.986.033,01;37.575.463,96;73.405.420,26;;;;
PA;1500909;AUGUSTO CORREA;55.652.474,66;29.227.829,34;30.917.538,58;4.621.172,33;64.766.540,25;120.419.014,91;;;;
PA;1500958;AURORA DO PARA;26.889.803,68;14.122.114,02;15.668.358,96;0,00;29.790.472,98;56.680.276,66;;;;
PA;1501006;AVEIRO;19.535.881,91;10.259.946,68;15.099.791,71;617.676,80;25.977.415,19;45.513.297,10;;;;
PA;1501105;BAGRE;29.078.624,45;15.271.649,24;14.626.458,81;0,00;29.898.108,05;58.976.732,50;;;;
PA;1501204;BAIAO;36.805.696,58;19.329.789,46;19.643.735,95;2.794.578,82;41.768.104,23;78.573.800,81;;;;
PA;1501253;BANNACH;3.557.534,91;1.868.362,98;154.149,15;0,00;2.022.512,13;5.580.047,04;;;;
PA;1501303;BARCARENA;113.943.826,80;59.841.556,80;0,00;4.764.470,99;64.606.027,79;178.549.854,59;;;;
PA;1501402;BELEM;298.217.073,00;156.619.050,07;0,00;0,00;156.619.050,07;454.836.123,07;;;;
PA;1501451;BELTERRA;19.554.629,05;10.269.792,39;9.702.852,77;1.163.620,99;21.136.266,15;40.690.895,20;;;;
PA;1501501;BENEVIDES;48.082.155,64;25.252.013,47;31.467.791,96;0,00;56.719.805,43;104.801.961,07;;;;
PA;1501576;BOM JESUS DO TOCANTINS;14.306.051,70;7.513.319,76;7.189.933,09;1.291.562,01;15.994.814,86;30.300.866,56;;;;
PA;1501600;BONITO;6.919.929,83;3.634.241,42;935.610,76;687.324,92;5.257.177,10;12.177.106,93;;;;
PA;1501709;BRAGANCA;86.337.220,50;45.342.989,00;49.976.476,98;7.490.996,00;102.810.461,98;189.147.682,48;;;;
PA;1501725;BRASIL NOVO;26.689.155,36;14.016.736,59;30.085.023,54;0,00;44.101.760,13;70.790.915,49;;;;
PA;1501758;BREJO GRANDE DO ARAGUAIA;9.079.249,28;4.768.283,00;4.139.717,02;852.659,72;9.760.659,74;18.839.909,02;;;;
PA;1501782;BREU BRANCO;44.635.459,37;23.441.861,25;20.199.159,44;0,00;43.641.020,69;88.276.480,06;;;;
PA;1501808;BREVES;172.617.253,69;90.655.944,10;99.007.294,60;0,00;189.663.238,70;362.280.492,39;;;;
PA;1501907;BUJARU;37.817.053,35;19.860.938,59;27.024.773,32;2.873.654,95;49.759.366,86;87.576.420,21;;;;
PA;1502004;CACHOEIRA DO ARARI;20.102.250,22;10.557.394,66;12.642.460,56;704.142,09;23.903.997,31;44.006.247,53;;;;
PA;1501956;CACHOEIRA DO PIRIA;23.453.618,07;12.317.481,85;11.956.456,53;1.920.984,11;26.194.922,49;49.648.540,56;;;;
PA;1502103;CAMETA;148.743.377,93;78.117.749,34;80.390.146,70;11.531.300,50;170.039.196,54;318.782.574,47;;;;
PA;1502152;CANAA DOS CARAJAS;80.802.293,68;42.436.130,00;0,00;8.750.945,81;51.187.075,81;131.989.369,49;;;;
PA;1502202;CAPANEMA;35.034.018,65;18.399.331,28;17.997.214,16;3.803.065,99;40.199.611,43;75.233.630,08;;;;
PA;1502301;CAPITAO POCO;41.224.413,16;21.650.431,89;23.945.754,34;3.967.796,79;49.563.983,02;90.788.396,18;;;;
PA;1502400;CASTANHAL;119.893.312,51;62.966.135,80;51.824.192,58;0,00;114.790.328,38;234.683.640,89;;;;
PA;1502509;CHAVES;36.199.874,62;19.011.621,03;23.197.046,66;1.338.720,38;43.547.388,07;79.747.262,69;;;;
PA;1502608;COLARES;10.273.002,54;5.395.223,97;7.000.558,65;821.343,91;13.217.126,53;23.490.129,07;;;;
PA;1502707;CONCEICAO DO ARAGUAIA;30.706.120,12;16.126.385,11;3.295.568,84;0,00;19.421.953,95;50.128.074,07;;;;
PA;1502756;CONCORDIA DO PARA;51.447.187,44;27.019.276,75;40.849.696,69;4.006.822,86;71.875.796,30;123.322.983,74;;;;
PA;1502764;CUMARU DO NORTE;17.974.358,83;9.439.858,62;15.223.511,56;1.683.766,46;26.347.136,64;44.321.495,47;;;;
PA;1502772;CURIONOPOLIS;28.956.440,91;15.207.480,32;14.986.998,60;0,00;30.194.478,92;59.150.919,83;;;;
PA;1502806;CURRALINHO;50.777.108,83;26.667.361,69;28.919.217,21;3.936.461,52;59.523.040,42;110.300.149,25;;;;
PA;1502855;CURUA;16.154.929,59;8.484.322,17;8.220.190,24;635.149,64;17.339.662,05;33.494.591,64;;;;
PA;1502905;CURUCA;36.232.306,99;19.028.654,02;21.378.914,06;1.475.446,56;41.883.014,64;78.115.321,63;;;;
PA;1502939;DOM ELISEU;47.604.881,20;25.001.356,22;31.470.037,80;0,00;56.471.394,02;104.076.275,22;;;;
PA;1502954;ELDORADO DO CARAJAS;32.120.036,08;16.868.952,16;18.259.308,09;1.409.502,81;36.537.763,06;68.657.799,14;;;;
PA;1503002;FARO;13.296.028,90;6.982.871,22;12.133.465,21;589.693,89;19.706.030,32;33.002.059,22;;;;
PA;1503044;FLORESTA DO ARAGUAIA;18.495.121,08;9.713.354,99;6.114.148,72;724.213,59;16.551.717,30;35.046.838,38;;;;
PA;1503077;GARRAFAO DO NORTE;28.720.971,21;15.083.815,23;13.642.777,10;1.067.975,57;29.794.567,90;58.515.539,11;;;;
PA;1503093;GOIANESIA DO PARA;28.886.252,76;15.170.618,57;11.236.152,67;0,00;26.406.771,24;55.293.024,00;;;;
PA;1503101;GURUPA;73.134.972,87;38.409.370,27;48.670.450,70;0,00;87.079.820,97;160.214.793,84;;;;
PA;1503200;IGARAPE-ACU;21.462.431,63;11.271.741,15;12.707.059,57;0,00;23.978.800,72;45.441.232,35;;;;
PA;1503309;IGARAPE-MIRI;73.979.125,82;38.852.706,51;34.668.922,21;0,00;73.521.628,72;147.500.754,54;;;;
PA;1503408;INHANGAPI;5.810.438,17;3.051.553,34;1.900.494,80;265.144,69;5.217.192,83;11.027.631,00;;;;
PA;1503457;IPIXUNA DO PARA;53.430.735,23;28.061.005,74;32.491.724,25;0,00;60.552.729,99;113.983.465,22;;;;
PA;1503507;IRITUIA;21.556.260,20;11.321.018,48;16.534.290,06;990.105,54;28.845.414,08;50.401.674,28;;;;
PA;1503606;ITAITUBA;122.066.061,06;64.107.230,13;51.384.046,70;12.249.643,03;127.740.919,86;249.806.980,92;;;;
PA;1503705;ITUPIRANGA;50.647.226,12;26.599.149,29;32.051.128,71;3.871.479,95;62.521.757,95;113.168.984,07;;;;
PA;1503754;JACAREACANGA;38.424.599,37;20.180.012,47;23.495.255,39;3.210.554,98;46.885.822,84;85.310.422,21;;;;
PA;1503804;JACUNDA;34.939.305,08;18.349.589,16;14.257.250,89;1.893.653,32;34.500.493,37;69.439.798,45;;;;
PA;1503903;JURUTI;62.451.752,90;32.798.706,38;18.787.549,82;6.001.360,06;57.587.616,26;120.039.369,16;;;;
PA;1504000;LIMOEIRO DO AJURU;32.350.562,54;16.990.021,14;17.904.225,74;2.535.191,23;37.429.438,11;69.780.000,65;;;;
PA;1504059;MAE DO RIO;35.611.651,61;18.702.695,29;21.497.108,35;3.075.833,77;43.275.637,41;78.887.289,02;;;;
PA;1504109;MAGALHAES BARATA;8.768.916,90;4.605.301,16;5.246.344,35;794.938,28;10.646.583,79;19.415.500,69;;;;
PA;1504208;MARABA;228.991.826,47;120.263.008,34;53.218.343,18;23.352.830,56;196.834.182,08;425.826.008,55;;;;
PA;1504307;MARACANA;34.413.506,90;18.073.447,99;24.136.447,23;2.655.605,35;44.865.500,57;79.279.007,47;;;;
PA;1504406;MARAPANIM;23.516.201,37;12.350.349,64;9.870.294,54;1.975.157,50;24.195.801,68;47.712.003,05;;;;
PA;1504422;MARITUBA;110.554.770,72;58.061.676,34;55.300.612,65;10.966.304,86;124.328.593,85;234.883.364,57;;;;
PA;1504455;MEDICILANDIA;27.179.081,30;14.274.038,21;11.852.816,29;1.002.744,08;27.129.598,58;54.308.679,88;;;;
PA;1504505;MELGACO;46.477.593,99;24.409.322,20;28.160.001,96;1.620.807,19;54.190.131,35;100.667.725,34;;;;
PA;1504604;MOCAJUBA;35.762.962,59;18.782.161,51;18.953.514,67;1.277.782,14;39.013.458,32;74.776.420,91;;;;
PA;1504703;MOJU;98.589.697,22;51.777.802,56;63.067.406,73;0,00;114.845.209,29;213.434.906,51;;;;
PA;1504752;MOJUI DOS CAMPOS;21.631.487,09;11.360.526,50;12.233.981,90;2.059.935,29;25.654.443,69;47.285.930,78;;;;
PA;1504802;MONTE ALEGRE;66.826.076,40;35.096.034,24;35.817.546,35;5.893.915,29;76.807.495,88;143.633.572,28;;;;
PA;1504901;MUANA;50.099.626,51;26.311.558,34;36.882.259,91;3.688.897,96;66.882.716,21;116.982.342,72;;;;
PA;1504950;NOVA ESPERANCA DO PIRIA;23.030.362,09;12.095.194,27;11.452.895,42;0,00;23.548.089,69;46.578.451,78;;;;
PA;1504976;NOVA IPIXUNA;13.037.863,93;6.847.286,92;5.742.416,32;1.180.643,09;13.770.346,33;26.808.210,26;;;;
PA;1505007;NOVA TIMBOTEUA;11.395.061,08;5.984.511,97;5.674.724,12;479.660,54;12.138.896,63;23.533.957,71;;;;
PA;1505031;NOVO PROGRESSO;37.751.598,27;19.826.562,58;21.969.084,95;0,00;41.795.647,53;79.547.245,80;;;;
PA;1505064;NOVO REPARTIMENTO;66.958.236,19;35.165.442,55;27.089.072,54;0,00;62.254.515,09;129.212.751,28;;;;
PA;1505106;OBIDOS;56.276.515,22;29.555.565,91;30.729.201,54;0,00;60.284.767,45;116.561.282,67;;;;
PA;1505205;OEIRAS DO PARA;47.824.529,38;25.116.712,08;23.107.110,84;1.697.354,83;49.921.177,75;97.745.707,13;;;;
PA;1505304;ORIXIMINA;87.530.156,72;45.969.500,87;51.267.843,09;0,00;97.237.343,96;184.767.500,68;;;;
PA;1505403;OUREM;12.989.737,25;6.822.011,52;7.800.072,05;1.246.455,61;15.868.539,18;28.858.276,43;;;;
PA;1505437;OURILANDIA DO NORTE;33.715.270,11;17.706.744,71;7.220.540,66;3.187.425,74;28.114.711,11;61.829.981,22;;;;
PA;1505486;PACAJA;60.308.263,04;31.672.978,26;48.884.179,93;1.955.691,93;82.512.850,12;142.821.113,16;;;;
PA;1505494;PALESTINA DO PARA;6.804.771,73;3.573.762,13;2.572.923,32;0,00;6.146.685,45;12.951.457,18;;;;
PA;1505502;PARAGOMINAS;96.413.410,66;50.634.850,11;32.019.755,56;0,00;82.654.605,67;179.068.016,33;;;;
PA;1505536;PARAUAPEBAS;214.379.745,17;112.588.966,51;0,00;0,00;112.588.966,51;326.968.711,68;;;;
PA;1505551;PAU DARCO;8.034.037,07;4.219.353,52;3.113.975,00;0,00;7.333.328,52;15.367.365,59;;;;
PA;1505601;PEIXE-BOI;12.090.316,16;6.349.649,31;7.996.315,57;1.188.727,43;15.534.692,31;27.625.008,47;;;;
PA;1505635;PICARRA;15.211.709,83;7.988.957,57;4.631.007,58;580.874,65;13.200.839,80;28.412.549,63;;;;
PA;1505650;PLACAS;37.535.325,94;19.712.979,65;28.295.386,37;1.817.816,36;49.826.182,38;87.361.508,32;;;;
PA;1505700;PONTA DE PEDRAS;25.476.769,87;13.380.010,26;15.834.214,63;965.991,47;30.180.216,36;55.656.986,23;;;;
PA;1505809;PORTEL;101.594.263,27;53.355.754,73;62.850.644,42;0,00;116.206.399,15;217.800.662,42;;;;
PA;1505908;PORTO DE MOZ;78.990.775,71;41.484.748,45;52.601.340,72;7.177.901,72;101.263.990,89;180.254.766,60;;;;
PA;1506005;PRAINHA;47.728.765,82;25.066.418,52;28.672.933,84;4.302.833,49;58.042.185,85;105.770.951,67;;;;
PA;1506104;PRIMAVERA;7.890.677,07;4.144.063,03;1.657.355,10;871.794,90;6.673.213,03;14.563.890,10;;;;
PA;1506112;QUATIPURU;6.887.752,37;3.617.342,30;2.504.849,23;0,00;6.122.191,53;13.009.943,90;;;;
PA;1506138;REDENCAO;70.209.735,95;36.873.080,54;35.855.054,56;3.163.860,28;75.891.995,38;146.101.731,33;;;;
PA;1506161;RIO MARIA;13.118.333,90;6.889.548,52;2.490.424,78;0,00;9.379.973,30;22.498.307,20;;;;
PA;1506187;RONDON DO PARA;34.521.836,31;18.130.340,94;15.192.888,85;1.321.801,14;34.645.030,93;69.166.867,24;;;;
PA;1506195;RUROPOLIS;28.437.662,61;14.935.025,89;12.776.828,04;0,00;27.711.853,93;56.149.516,54;;;;
PA;1506203;SALINOPOLIS;29.809.720,62;15.655.609,78;14.223.371,30;0,00;29.878.981,08;59.688.701,70;;;;
PA;1506302;SALVATERRA;25.176.747,06;13.222.442,86;15.371.767,04;0,00;28.594.209,90;53.770.956,96;;;;
PA;1506351;SANTA BARBARA DO PARA;13.369.039,83;7.021.215,44;6.777.958,45;1.375.030,25;15.174.204,14;28.543.243,97;;;;
PA;1506401;SANTA CRUZ DO ARARI;8.637.678,04;4.536.376,52;6.179.075,00;748.792,41;11.464.243,93;20.101.921,97;;;;
PA;1506500;SANTA IZABEL DO PARA;53.750.334,30;28.228.854,29;26.222.097,48;0,00;54.450.951,77;108.201.286,07;;;;
PA;1506559;SANTA LUZIA DO PARA;22.339.190,69;11.732.201,62;12.834.613,91;708.830,87;25.275.646,40;47.614.837,09;;;;
PA;1506583;SANTA MARIA DAS BARREIRAS;19.098.730,71;10.030.361,55;6.695.278,23;640.928,74;17.366.568,52;36.465.299,23;;;;
PA;1506609;SANTA MARIA DO PARA;14.903.278,05;7.826.973,91;6.383.976,23;1.401.799,24;15.612.749,38;30.516.027,43;;;;
PA;1506708;SANTANA DO ARAGUAIA;71.601.610,18;37.604.071,61;52.126.891,51;6.076.458,40;95.807.421,52;167.409.031,70;;;;
PA;1506807;SANTAREM;294.945.680,68;154.900.964,82;168.116.814,94;0,00;323.017.779,76;617.963.460,44;;;;
PA;1506906;SANTAREM NOVO;7.312.181,79;3.840.246,15;3.120.443,92;629.331,34;7.590.021,41;14.902.203,20;;;;
PA;1507003;SANTO ANTONIO DO TAUA;27.247.020,86;14.309.719,03;13.890.946,10;2.532.582,53;30.733.247,66;57.980.268,52;;;;
PA;1507102;SAO CAETANO DE ODIVELAS;17.124.421,15;8.993.484,33;8.690.587,27;1.474.147,79;19.158.219,39;36.282.640,54;;;;
PA;1507151;SAO DOMINGOS DO ARAGUAIA;20.169.133,67;10.592.520,82;7.014.685,30;1.690.832,46;19.298.038,58;39.467.172,25;;;;
PA;1507201;SAO DOMINGOS DO CAPIM;38.117.856,76;20.018.915,95;20.403.329,47;3.113.898,37;43.536.143,79;81.654.000,55;;;;
PA;1507300;SAO FELIX DO XINGU;74.294.219,87;39.018.189,09;35.458.348,49;0,00;74.476.537,58;148.770.757,45;;;;
PA;1507409;SAO FRANCISCO DO PARA;12.794.032,89;6.719.230,58;5.491.625,64;1.151.793,99;13.362.650,21;26.156.683,10;;;;
PA;1507458;SAO GERALDO DO ARAGUAIA;26.913.137,90;14.134.368,80;15.440.826,09;2.474.188,00;32.049.382,89;58.962.520,79;;;;
PA;1507466;SAO JOAO DA PONTA;5.580.947,58;2.931.028,39;1.821.444,94;239.596,98;4.992.070,31;10.573.017,89;;;;
PA;1507474;SAO JOAO DE PIRABAS;21.191.096,80;11.129.240,25;10.812.202,69;1.715.091,37;23.656.534,31;44.847.631,11;;;;
PA;1507508;SAO JOAO DO ARAGUAIA;15.093.585,13;7.926.920,29;5.424.362,00;547.626,22;13.898.908,51;28.992.493,64;;;;
PA;1507607;SAO MIGUEL DO GUAMA;67.211.018,11;35.298.199,74;44.825.498,34;5.857.189,25;85.980.887,33;153.191.905,44;;;;
PA;1507706;SAO SEBASTIAO DA BOA VISTA;32.659.477,96;17.152.258,79;20.075.044,15;2.987.625,89;40.214.928,83;72.874.406,79;;;;
PA;1507755;SAPUCAIA;7.842.792,81;4.118.914,94;2.743.949,46;244.465,91;7.107.330,31;14.950.123,12;;;;
PA;1507805;SENADOR JOSE PORFIRIO;33.722.692,19;17.710.642,66;25.548.793,62;0,00;43.259.436,28;76.982.128,47;;;;
PA;1507904;SOURE;20.703.516,93;10.873.170,74;10.333.806,07;1.996.111,47;23.203.088,28;43.906.605,21;;;;
PA;1507953;TAILANDIA;79.236.887,42;41.614.002,55;44.922.768,53;0,00;86.536.771,08;165.773.658,50;;;;
PA;1507961;TERRA ALTA;8.840.406,85;4.642.846,60;6.700.946,20;0,00;11.343.792,80;20.184.199,65;;;;
PA;1507979;TERRA SANTA;23.182.252,96;12.174.965,03;13.943.838,38;963.229,88;27.082.033,29;50.264.286,25;;;;
PA;1508001;TOME-ACU;94.148.996,30;49.445.614,28;61.046.734,32;8.449.413,17;118.941.761,77;213.090.758,07;;;;
PA;1508035;TRACUATEUA;28.915.897,55;15.186.187,57;14.980.978,35;1.332.211,27;31.499.377,19;60.415.274,74;;;;
PA;1508050;TRAIRAO;17.339.237,34;9.106.302,51;9.128.705,94;0,00;18.235.008,45;35.574.245,79;;;;
PA;1508084;TUCUMA;36.844.991,46;19.350.426,53;15.565.074,68;3.568.670,25;38.484.171,46;75.329.162,92;;;;
PA;1508100;TUCURUI;109.559.038,06;57.538.732,75;89.509.787,66;0,00;147.048.520,41;256.607.558,47;;;;
PA;1508126;ULIANOPOLIS;30.951.685,56;16.255.352,33;15.876.949,44;1.612.240,70;33.744.542,47;64.696.228,03;;;;
PA;1508159;URUARA;54.921.262,73;28.843.808,01;25.245.700,04;5.121.661,07;59.211.169,12;114.132.431,85;;;;
PA;1508209;VIGIA;34.126.835,21;17.922.892,41;25.461.227,85;0,00;43.384.120,26;77.510.955,47;;;;
PA;1508308;VISEU;78.854.839,59;41.413.356,87;48.190.995,39;6.097.822,75;95.702.175,01;174.557.014,60;;;;
PA;1508357;VITORIA DO XINGU;23.159.914,54;12.163.233,23;2.252.812,06;0,00;14.416.045,29;37.575.959,83;;;;
PA;1508407;XINGUARA;44.210.267,30;23.218.556,87;23.109.898,06;0,00;46.328.454,93;90.538.722,23;;;;
PB;2500106;AGUA BRANCA;14.224.275,44;1.019.620,01;4.878.958,43;0,00;5.898.578,44;20.122.853,88;;;;
PB;2500205;AGUIAR;8.967.341,62;642.794,15;6.427.892,37;599.693,63;7.670.380,15;16.637.721,77;;;;
PB;2500304;ALAGOA GRANDE;28.455.537,05;2.039.740,81;11.874.528,02;0,00;13.914.268,83;42.369.805,88;;;;
PB;2500403;ALAGOA NOVA;25.276.155,31;1.811.837,37;10.521.862,68;1.526.449,57;13.860.149,62;39.136.304,93;;;;
PB;2500502;ALAGOINHA;14.732.366,13;1.056.040,81;3.889.140,27;1.041.474,94;5.986.656,02;20.719.022,15;;;;
PB;2500536;ALCANTIL;7.857.832,66;563.262,68;2.727.796,71;0,00;3.291.059,39;11.148.892,05;;;;
PB;2500577;ALGODAO DE JANDAIRA;4.044.124,70;289.889,67;381.452,02;113.850,82;785.192,51;4.829.317,21;;;;
PB;2500601;ALHANDRA;26.799.402,67;1.921.026,30;3.634.585,62;936.570,33;6.492.182,25;33.291.584,92;;;;
PB;2500734;AMPARO;2.876.124,87;206.165,47;0,00;114.910,78;321.076,25;3.197.201,12;;;;
PB;2500775;APARECIDA;10.101.561,59;724.096,94;4.345.482,51;0,00;5.069.579,45;15.171.141,04;;;;
PB;2500809;ARACAGI;21.135.315,57;1.515.015,01;7.449.131,97;1.207.360,17;10.171.507,15;31.306.822,72;;;;
PB;2500908;ARARA;11.549.282,83;827.872,04;2.550.276,91;711.009,91;4.089.158,86;15.638.441,69;;;;
PB;2501005;ARARUNA;25.738.806,07;1.845.000,95;9.634.581,01;0,00;11.479.581,96;37.218.388,03;;;;
PB;2501104;AREIA;27.005.359,03;1.935.789,60;12.465.682,15;910.221,51;15.311.693,26;42.317.052,29;;;;
PB;2501153;AREIA DE BARAUNAS;2.612.672,35;187.280,75;0,00;0,00;187.280,75;2.799.953,10;;;;
PB;2501203;AREIAL;11.572.922,54;829.566,57;4.551.688,70;0,00;5.381.255,27;16.954.177,81;;;;
PB;2501302;AROEIRAS;26.333.717,93;1.887.645,24;12.740.063,63;1.809.561,38;16.437.270,25;42.770.988,18;;;;
PB;2501351;ASSUNCAO;6.841.826,51;490.433,64;1.434.036,75;239.410,07;2.163.880,46;9.005.706,97;;;;
PB;2501401;BAIA DA TRAICAO;24.276.845,70;1.740.205,17;18.638.405,07;0,00;20.378.610,24;44.655.455,94;;;;
PB;2501500;BANANEIRAS;25.732.048,44;1.844.516,56;9.261.252,61;0,00;11.105.769,17;36.837.817,61;;;;
PB;2501534;BARAUNA;6.533.665,74;468.344,16;1.552.987,88;443.667,70;2.464.999,74;8.998.665,48;;;;
PB;2501609;BARRA DE SANTA ROSA;16.223.460,41;1.162.924,96;5.443.066,08;0,00;6.605.991,04;22.829.451,45;;;;
PB;2501575;BARRA DE SANTANA;12.682.884,97;909.130,55;6.994.772,31;637.825,62;8.541.728,48;21.224.613,45;;;;
PB;2501708;BARRA DE SAO MIGUEL;15.809.723,35;1.133.267,59;10.099.933,12;1.071.956,84;12.305.157,55;28.114.880,90;;;;
PB;2501807;BAYEUX;57.561.318,76;4.126.092,24;7.078.146,02;0,00;11.204.238,26;68.765.557,02;;;;
PB;2501906;BELEM;14.181.712,61;1.016.569,04;3.698.400,77;483.183,94;5.198.153,75;19.379.866,36;;;;
PB;2502003;BELEM DO BREJO DO CRUZ;9.446.251,32;677.123,20;2.441.562,63;0,00;3.118.685,83;12.564.937,15;;;;
PB;2502052;BERNARDINO BATISTA;12.139.829,18;870.203,39;5.366.987,78;0,00;6.237.191,17;18.377.020,35;;;;
PB;2502102;BOA VENTURA;5.389.361,49;386.318,51;984.226,77;165.776,72;1.536.322,00;6.925.683,49;;;;
PB;2502151;BOA VISTA;9.295.118,72;666.289,76;1.717.312,83;328.217,55;2.711.820,14;12.006.938,86;;;;
PB;2502201;BOM JESUS;5.416.102,15;388.235,32;830.402,83;0,00;1.218.638,15;6.634.740,30;;;;
PB;2502300;BOM SUCESSO;5.908.854,60;423.556,65;856.282,39;0,00;1.279.839,04;7.188.693,64;;;;
PB;2502409;BONITO DE SANTA FE;12.221.395,58;876.050,21;4.516.926,37;894.893,76;6.287.870,34;18.509.265,92;;;;
PB;2502508;BOQUEIRAO;16.693.852,84;1.196.643,48;4.410.683,90;0,00;5.607.327,38;22.301.180,22;;;;
PB;2502706;BORBOREMA;4.909.220,44;351.901,19;1.058.031,76;300.477,65;1.710.410,60;6.619.631,04;;;;
PB;2502805;BREJO DO CRUZ;22.915.019,80;1.642.587,20;8.784.930,60;1.750.638,85;12.178.156,65;35.093.176,45;;;;
PB;2502904;BREJO DOS SANTOS;6.175.869,66;442.696,74;519.110,02;0,00;961.806,76;7.137.676,42;;;;
PB;2503001;CAAPORA;28.151.097,73;2.017.918,08;10.453.387,89;1.599.493,98;14.070.799,95;42.221.897,68;;;;
PB;2503100;CABACEIRAS;10.044.833,22;720.030,56;5.444.000,74;702.046,59;6.866.077,89;16.910.911,11;;;;
PB;2503209;CABEDELO;52.723.811,44;3.779.331,57;0,00;3.844.896,97;7.624.228,54;60.348.039,98;;;;
PB;2503308;CACHOEIRA DOS INDIOS;9.614.409,77;689.177,08;867.282,76;0,00;1.556.459,84;11.170.869,61;;;;
PB;2503407;CACIMBA DE AREIA;3.555.427,67;254.859,04;300.862,97;145.862,35;701.584,36;4.257.012,03;;;;
PB;2503506;CACIMBA DE DENTRO;16.124.860,03;1.155.857,12;4.020.611,01;0,00;5.176.468,13;21.301.328,16;;;;
PB;2503555;CACIMBAS;13.662.057,25;979.319,27;5.187.716,05;329.431,44;6.496.466,76;20.158.524,01;;;;
PB;2503605;CAICARA;9.642.659,98;691.202,10;4.215.048,76;549.430,44;5.455.681,30;15.098.341,28;;;;
PB;2503704;CAJAZEIRAS;62.066.711,56;4.449.046,38;22.549.021,94;0,00;26.998.068,32;89.064.779,88;;;;
PB;2503753;CAJAZEIRINHAS;4.445.996,35;318.696,50;988.405,89;0,00;1.307.102,39;5.753.098,74;;;;
PB;2503803;CALDAS BRANDAO;6.760.273,29;484.587,77;0,00;232.196,17;716.783,94;7.477.057,23;;;;
PB;2503902;CAMALAU;7.694.272,75;551.538,43;2.023.566,08;519.267,51;3.094.372,02;10.788.644,77;;;;
PB;2504009;CAMPINA GRANDE;250.382.607,90;17.947.846,90;42.308.840,37;0,00;60.256.687,27;310.639.295,17;;;;
PB;2504033;CAPIM;9.233.555,45;661.876,80;2.627.810,17;329.092,35;3.618.779,32;12.852.334,77;;;;
PB;2504074;CARAUBAS;5.830.508,21;417.940,64;2.521.247,98;164.326,85;3.103.515,47;8.934.023,68;;;;
PB;2504108;CARRAPATEIRA;4.470.768,28;320.472,20;166.074,26;164.780,29;651.326,75;5.122.095,03;;;;
PB;2504157;CASSERENGUE;8.728.112,06;625.645,77;2.055.199,17;617.756,42;3.298.601,36;12.026.713,42;;;;
PB;2504207;CATINGUEIRA;6.086.914,31;436.320,27;1.076.352,64;449.890,46;1.962.563,37;8.049.477,68;;;;
PB;2504306;CATOLE DO ROCHA;25.077.720,87;1.797.613,26;5.305.143,79;1.795.601,87;8.898.358,92;33.976.079,79;;;;
PB;2504355;CATURITE;7.898.278,87;566.161,93;2.607.742,78;0,00;3.173.904,71;11.072.183,58;;;;
PB;2504405;CONCEICAO;19.430.368,87;1.392.801,56;6.787.091,67;504.159,19;8.684.052,42;28.114.421,29;;;;
PB;2504504;CONDADO;6.424.371,08;460.509,74;1.131.749,49;0,00;1.592.259,23;8.016.630,31;;;;
PB;2504603;CONDE;44.359.508,90;3.179.764,29;9.011.060,43;3.008.975,36;15.199.800,08;59.559.308,98;;;;
PB;2504702;CONGO;6.813.819,99;488.426,09;2.149.053,54;516.323,39;3.153.803,02;9.967.623,01;;;;
PB;2504801;COREMAS;12.636.678,42;905.818,38;3.091.334,71;848.364,87;4.845.517,96;17.482.196,38;;;;
PB;2504850;COXIXOLA;2.235.424,76;160.239,01;0,00;0,00;160.239,01;2.395.663,77;;;;
PB;2504900;CRUZ DO ESPIRITO SANTO;22.677.881,25;1.625.588,71;8.699.875,74;0,00;10.325.464,45;33.003.345,70;;;;
PB;2505006;CUBATI;14.136.405,40;1.013.321,34;9.091.738,19;1.019.259,02;11.124.318,55;25.260.723,95;;;;
PB;2505105;CUITE;18.433.272,01;1.321.327,97;6.785.569,19;1.401.267,17;9.508.164,33;27.941.436,34;;;;
PB;2505238;CUITE DE MAMANGUAPE;12.291.013,75;881.040,56;4.885.064,07;0,00;5.766.104,63;18.057.118,38;;;;
PB;2505204;CUITEGI;8.906.056,20;638.401,10;721.983,80;532.710,89;1.893.095,79;10.799.151,99;;;;
PB;2505279;CURRAL DE CIMA;9.612.645,55;689.050,62;3.573.662,13;747.808,99;5.010.521,74;14.623.167,29;;;;
PB;2505303;CURRAL VELHO;3.287.224,05;235.633,75;278.122,29;97.650,72;611.406,76;3.898.630,81;;;;
PB;2505352;DAMIAO;6.778.653,30;485.905,28;2.059.261,09;248.799,37;2.793.965,74;9.572.619,04;;;;
PB;2505402;DESTERRO;8.253.588,39;591.631,11;2.737.793,26;281.144,66;3.610.569,03;11.864.157,42;;;;
PB;2505600;DIAMANTE;5.512.859,25;395.171,03;2.148.861,91;314.675,21;2.858.708,15;8.371.567,40;;;;
PB;2505709;DONA INES;13.225.424,64;948.020,71;2.541.804,31;0,00;3.489.825,02;16.715.249,66;;;;
PB;2505808;DUAS ESTRADAS;5.025.257,50;360.218,92;897.834,32;163.595,94;1.421.649,18;6.446.906,68;;;;
PB;2505907;EMAS;4.917.322,66;352.481,97;2.116.227,64;0,00;2.468.709,61;7.386.032,27;;;;
PB;2506004;ESPERANCA;44.203.705,28;3.168.596,02;18.528.080,87;0,00;21.696.676,89;65.900.382,17;;;;
PB;2506103;FAGUNDES;10.633.394,55;762.219,62;1.549.135,82;0,00;2.311.355,44;12.944.749,99;;;;
PB;2506202;FREI MARTINHO;2.767.416,03;198.373,04;0,00;0,00;198.373,04;2.965.789,07;;;;
PB;2506251;GADO BRAVO;17.647.113,06;1.264.974,78;11.354.719,68;474.017,46;13.093.711,92;30.740.824,98;;;;
PB;2506301;GUARABIRA;41.666.330,14;2.986.712,70;11.502.635,99;2.764.647,93;17.253.996,62;58.920.326,76;;;;
PB;2506400;GURINHEM;23.556.828,55;1.688.593,13;10.498.708,37;1.343.114,54;13.530.416,04;37.087.244,59;;;;
PB;2506509;GURJAO;4.573.153,91;327.811,37;1.143.061,41;142.997,17;1.613.869,95;6.187.023,86;;;;
PB;2506608;IBIARA;5.578.072,33;399.845,62;1.993.534,57;327.486,23;2.720.866,42;8.298.938,75;;;;
PB;2502607;IGARACY;5.440.837,04;390.008,36;958.951,85;173.428,29;1.522.388,50;6.963.225,54;;;;
PB;2506707;IMACULADA;12.645.036,25;906.417,49;5.378.112,92;0,00;6.284.530,41;18.929.566,66;;;;
PB;2506806;INGA;22.646.490,37;1.623.338,56;7.531.224,13;684.896,82;9.839.459,51;32.485.949,88;;;;
PB;2506905;ITABAIANA;16.834.542,71;1.206.728,37;7.328.089,90;0,00;8.534.818,27;25.369.360,98;;;;
PB;2507002;ITAPORANGA;17.216.639,22;1.234.117,69;7.701.250,88;0,00;8.935.368,57;26.152.007,79;;;;
PB;2507101;ITAPOROROCA;23.424.576,77;1.679.113,10;9.088.191,90;1.529.063,78;12.296.368,78;35.720.945,55;;;;
PB;2507200;ITATUBA;11.425.451,63;818.995,61;2.518.540,83;342.516,84;3.680.053,28;15.105.504,91;;;;
PB;2507309;JACARAU;23.043.294,27;1.651.782,13;6.306.938,83;0,00;7.958.720,96;31.002.015,23;;;;
PB;2507408;JERICO;10.155.108,42;727.935,27;4.243.499,00;351.498,22;5.322.932,49;15.478.040,91;;;;
PB;2507507;JOAO PESSOA;526.169.776,29;37.716.735,47;0,00;0,00;37.716.735,47;563.886.511,76;;;;
PB;2513653;JOCA CLAUDINO;7.136.721,12;511.572,19;2.703.442,95;445.131,00;3.660.146,14;10.796.867,26;;;;
PB;2507606;JUAREZ TAVORA;9.615.992,61;689.290,54;3.821.629,47;574.023,04;5.084.943,05;14.700.935,66;;;;
PB;2507705;JUAZEIRINHO;22.436.409,88;1.608.279,64;7.384.576,08;0,00;8.992.855,72;31.429.265,60;;;;
PB;2507804;JUNCO DO SERIDO;7.331.288,65;525.519,11;0,00;576.367,09;1.101.886,20;8.433.174,85;;;;
PB;2507903;JURIPIRANGA;15.996.624,32;1.146.664,96;7.242.237,25;0,00;8.388.902,21;24.385.526,53;;;;
PB;2508000;JURU;12.039.293,53;862.996,83;5.048.298,40;876.661,16;6.787.956,39;18.827.249,92;;;;
PB;2508109;LAGOA;4.779.400,21;342.595,45;0,00;319.207,74;661.803,19;5.441.203,40;;;;
PB;2508208;LAGOA DE DENTRO;12.108.643,97;867.967,99;3.872.356,17;303.952,10;5.044.276,26;17.152.920,23;;;;
PB;2508307;LAGOA SECA;28.406.532,30;2.036.228,06;8.040.904,99;796.317,12;10.873.450,17;39.279.982,47;;;;
PB;2508406;LASTRO;4.996.692,59;358.171,34;1.792.804,55;289.845,35;2.440.821,24;7.437.513,83;;;;
PB;2508505;LIVRAMENTO;8.665.433,10;621.152,83;1.772.576,20;0,00;2.393.729,03;11.059.162,13;;;;
PB;2508554;LOGRADOURO;7.194.005,90;515.678,46;3.055.022,24;0,00;3.570.700,70;10.764.706,60;;;;
PB;2508604;LUCENA;17.681.032,02;1.267.406,15;4.558.954,03;0,00;5.826.360,18;23.507.392,20;;;;
PB;2508703;MAE DAGUA;4.076.974,47;292.244,39;0,00;318.108,52;610.352,91;4.687.327,38;;;;
PB;2508802;MALTA;7.346.886,97;526.637,23;2.006.285,95;0,00;2.532.923,18;9.879.810,15;;;;
PB;2508901;MAMANGUAPE;36.072.962,70;2.585.770,70;6.025.130,78;2.656.288,61;11.267.190,09;47.340.152,79;;;;
PB;2509008;MANAIRA;11.405.293,03;817.550,61;3.918.081,72;879.250,29;5.614.882,62;17.020.175,65;;;;
PB;2509057;MARCACAO;12.557.064,65;900.111,54;2.752.276,81;434.440,09;4.086.828,44;16.643.893,09;;;;
PB;2509107;MARI;26.754.134,69;1.917.781,42;10.440.429,40;1.477.628,73;13.835.839,55;40.589.974,24;;;;
PB;2509156;MARIZOPOLIS;11.968.920,04;857.952,34;5.427.381,58;743.214,43;7.028.548,35;18.997.468,39;;;;
PB;2509206;MASSARANDUBA;14.087.057,21;1.009.783,98;3.680.824,27;0,00;4.690.608,25;18.777.665,46;;;;
PB;2509305;MATARACA;14.589.047,90;1.045.767,52;4.464.574,75;1.045.187,51;6.555.529,78;21.144.577,68;;;;
PB;2509339;MATINHAS;5.807.380,49;416.282,81;876.916,43;0,00;1.293.199,24;7.100.579,73;;;;
PB;2509370;MATO GROSSO;5.834.515,85;418.227,92;2.317.616,10;134.426,87;2.870.270,89;8.704.786,74;;;;
PB;2509396;MATUREIA;8.483.696,05;608.125,62;2.231.655,60;681.499,85;3.521.281,07;12.004.977,12;;;;
PB;2509404;MOGEIRO;19.069.793,42;1.366.954,90;7.970.326,48;0,00;9.337.281,38;28.407.074,80;;;;
PB;2509503;MONTADAS;7.645.778,31;548.062,26;2.411.201,44;535.055,84;3.494.319,54;11.140.097,85;;;;
PB;2509602;MONTE HOREBE;9.950.191,06;713.246,45;2.778.121,54;567.979,94;4.059.347,93;14.009.538,99;;;;
PB;2509701;MONTEIRO;34.260.416,76;2.455.844,36;12.783.606,22;2.784.805,02;18.024.255,60;52.284.672,36;;;;
PB;2509800;MULUNGU;10.230.907,02;733.368,64;3.146.522,85;377.160,91;4.257.052,40;14.487.959,42;;;;
PB;2509909;NATUBA;15.211.087,86;1.090.356,39;6.970.572,87;0,00;8.060.929,26;23.272.017,12;;;;
PB;2510006;NAZAREZINHO;7.701.590,74;552.062,99;1.607.121,67;293.956,91;2.453.141,57;10.154.732,31;;;;
PB;2510105;NOVA FLORESTA;10.625.423,40;761.648,24;3.849.819,50;0,00;4.611.467,74;15.236.891,14;;;;
PB;2510204;NOVA OLINDA;8.561.196,12;613.680,95;2.930.957,93;0,00;3.544.638,88;12.105.835,00;;;;
PB;2510303;NOVA PALMEIRA;5.184.886,08;371.661,36;1.047.205,66;399.076,93;1.817.943,95;7.002.830,03;;;;
PB;2510402;OLHO DAGUA;5.965.065,84;427.585,96;0,00;395.958,99;823.544,95;6.788.610,79;;;;
PB;2510501;OLIVEDOS;5.261.819,48;377.176,08;1.187.861,47;329.300,05;1.894.337,60;7.156.157,08;;;;
PB;2510600;OURO VELHO;3.271.799,45;234.528,09;0,00;242.292,07;476.820,16;3.748.619,61;;;;
PB;2510659;PARARI;1.770.028,06;126.878,59;0,00;125.201,75;252.080,34;2.022.108,40;;;;
PB;2510709;PASSAGEM;2.853.776,48;204.563,50;0,00;0,00;204.563,50;3.058.339,98;;;;
PB;2510808;PATOS;76.371.659,10;5.474.449,11;24.416.834,96;5.649.824,99;35.541.109,06;111.912.768,16;;;;
PB;2510907;PAULISTA;21.943.249,97;1.572.929,10;11.388.914,11;627.922,38;13.589.765,59;35.533.015,56;;;;
PB;2511004;PEDRA BRANCA;5.152.931,06;369.370,77;1.207.952,38;373.138,83;1.950.461,98;7.103.393,04;;;;
PB;2511103;PEDRA LAVRADA;12.015.758,79;861.309,82;4.984.357,46;375.180,54;6.220.847,82;18.236.606,61;;;;
PB;2511202;PEDRAS DE FOGO;42.043.106,14;3.013.720,63;11.833.929,57;0,00;14.847.650,20;56.890.756,34;;;;
PB;2512721;PEDRO REGIS;7.423.680,55;532.141,92;2.267.588,75;0,00;2.799.730,67;10.223.411,22;;;;
PB;2511301;PIANCO;8.777.565,38;629.190,66;299.111,93;0,00;928.302,59;9.705.867,97;;;;
PB;2511400;PICUI;21.787.029,62;1.561.730,97;7.540.735,36;887.198,45;9.989.664,78;31.776.694,40;;;;
PB;2511509;PILAR;15.838.820,83;1.135.353,34;8.098.674,27;1.096.927,60;10.330.955,21;26.169.776,04;;;;
PB;2511608;PILOES;10.476.988,13;751.008,15;4.417.059,30;657.940,20;5.826.007,65;16.302.995,78;;;;
PB;2511707;PILOEZINHOS;7.150.432,29;512.555,03;2.242.150,43;555.932,36;3.310.637,82;10.461.070,11;;;;
PB;2511806;PIRPIRITUBA;8.500.885,89;609.357,81;2.477.559,13;0,00;3.086.916,94;11.587.802,83;;;;
PB;2511905;PITIMBU;26.294.468,49;1.884.831,77;7.784.460,10;0,00;9.669.291,87;35.963.760,36;;;;
PB;2512002;POCINHOS;28.877.684,44;2.070.001,04;17.724.395,66;686.053,17;20.480.449,87;49.358.134,31;;;;
PB;2512036;POCO DANTAS;10.506.893,18;753.151,79;3.652.255,21;634.076,87;5.039.483,87;15.546.377,05;;;;
PB;2512077;POCO DE JOSE DE MOURA;8.371.536,01;600.085,80;878.786,98;260.539,02;1.739.411,80;10.110.947,81;;;;
PB;2512101;POMBAL;35.001.384,63;2.508.958,18;12.462.418,65;0,00;14.971.376,83;49.972.761,46;;;;
PB;2512200;PRATA;4.510.959,67;323.353,18;832.086,07;162.344,16;1.317.783,41;5.828.743,08;;;;
PB;2512309;PRINCESA ISABEL;18.293.033,66;1.311.275,45;5.961.928,17;1.379.045,89;8.652.249,51;26.945.283,17;;;;
PB;2512408;PUXINANA;26.358.888,13;1.889.449,48;16.421.568,35;1.691.459,29;20.002.477,12;46.361.365,25;;;;
PB;2512507;QUEIMADAS;66.635.566,99;4.776.549,63;34.191.227,03;4.989.830,16;43.957.606,82;110.593.173,81;;;;
PB;2512606;QUIXABA;2.539.400,04;182.028,47;0,00;0,00;182.028,47;2.721.428,51;;;;
PB;2512705;REMIGIO;19.881.923,07;1.425.169,72;6.138.908,50;0,00;7.564.078,22;27.446.001,29;;;;
PB;2512747;RIACHAO;4.279.224,20;306.742,00;0,00;0,00;306.742,00;4.585.966,20;;;;
PB;2512754;RIACHAO DO BACAMARTE;9.495.722,28;680.669,36;3.150.429,17;0,00;3.831.098,53;13.326.820,81;;;;
PB;2512762;RIACHAO DO POCO;7.890.870,75;565.630,90;3.070.285,12;0,00;3.635.916,02;11.526.786,77;;;;
PB;2512788;RIACHO DE SANTO ANTONIO;3.411.645,96;244.552,53;0,00;80.763,83;325.316,36;3.736.962,32;;;;
PB;2512804;RIACHO DOS CAVALOS;12.832.699,36;919.869,50;3.948.820,46;0,00;4.868.689,96;17.701.389,32;;;;
PB;2512903;RIO TINTO;25.205.942,10;1.806.804,37;8.964.188,64;1.361.172,10;12.132.165,11;37.338.107,21;;;;
PB;2513000;SALGADINHO;4.317.640,83;309.495,76;120.722,46;0,00;430.218,22;4.747.859,05;;;;
PB;2513109;SALGADO DE SAO FELIX;14.673.371,20;1.051.811,95;4.757.775,87;401.142,17;6.210.729,99;20.884.101,19;;;;
PB;2513158;SANTA CECILIA;10.014.078,09;717.825,98;3.699.849,38;314.581,39;4.732.256,75;14.746.334,84;;;;
PB;2513208;SANTA CRUZ;5.142.262,83;368.606,06;707.218,14;416.070,19;1.491.894,39;6.634.157,22;;;;
PB;2513307;SANTA HELENA;7.214.802,55;517.169,19;0,00;0,00;517.169,19;7.731.971,74;;;;
PB;2513356;SANTA INES;2.839.191,01;203.517,99;0,00;175.876,25;379.394,24;3.218.585,25;;;;
PB;2513406;SANTA LUZIA;12.480.423,65;894.617,78;4.148.766,50;462.423,63;5.505.807,91;17.986.231,56;;;;
PB;2513703;SANTA RITA;92.156.712,42;6.605.948,31;15.347.194,27;0,00;21.953.142,58;114.109.855,00;;;;
PB;2513802;SANTA TERESINHA;4.406.709,06;315.880,32;168.339,83;156.511,55;640.731,70;5.047.440,76;;;;
PB;2513505;SANTANA DE MANGUEIRA;6.067.934,89;434.959,79;2.118.752,53;0,00;2.553.712,32;8.621.647,21;;;;
PB;2513604;SANTANA DOS GARROTES;8.388.059,46;601.270,22;1.904.515,31;0,00;2.505.785,53;10.893.844,99;;;;
PB;2513851;SANTO ANDRE;3.367.188,15;241.365,72;505.331,94;0,00;746.697,66;4.113.885,81;;;;
PB;2513927;SAO BENTINHO;6.173.146,67;442.501,55;2.434.020,39;0,00;2.876.521,94;9.049.668,61;;;;
PB;2513901;SAO BENTO;58.775.733,97;4.213.143,57;26.818.663,59;0,00;31.031.807,16;89.807.541,13;;;;
PB;2513968;SAO DOMINGOS;3.646.662,69;261.398,92;390.025,17;211.997,71;863.421,80;4.510.084,49;;;;
PB;2513943;SAO DOMINGOS DO CARIRI;3.598.191,55;257.924,43;126.903,97;262.199,26;647.027,66;4.245.219,21;;;;
PB;2513984;SAO FRANCISCO;5.124.479,33;367.331,31;1.780.120,72;0,00;2.147.452,03;7.271.931,36;;;;
PB;2514008;SAO JOAO DO CARIRI;6.850.038,89;491.022,32;3.145.460,23;421.702,69;4.058.185,24;10.908.224,13;;;;
PB;2500700;SAO JOAO DO RIO DO PEIXE;33.763.103,54;2.420.196,11;18.650.506,01;1.177.039,10;22.247.741,22;56.010.844,76;;;;
PB;2514107;SAO JOAO DO TIGRE;5.826.510,74;417.654,10;1.066.895,77;231.085,30;1.715.635,17;7.542.145,91;;;;
PB;2514206;SAO JOSE DA LAGOA TAPADA;11.526.155,52;826.214,23;4.990.591,96;550.648,84;6.367.455,03;17.893.610,55;;;;
PB;2514305;SAO JOSE DE CAIANA;7.962.097,31;570.736,54;2.778.723,53;0,00;3.349.460,07;11.311.557,38;;;;
PB;2514404;SAO JOSE DE ESPINHARAS;3.626.012,15;259.918,66;0,00;269.225,16;529.143,82;4.155.155,97;;;;
PB;2514503;SAO JOSE DE PIRANHAS;23.692.660,73;1.698.329,81;4.579.979,70;1.465.806,79;7.744.116,30;31.436.777,03;;;;
PB;2514552;SAO JOSE DE PRINCESA;3.111.547,97;223.041,00;829.576,96;0,00;1.052.617,96;4.164.165,93;;;;
PB;2514602;SAO JOSE DO BONFIM;4.502.790,34;322.767,59;1.233.301,38;120.512,72;1.676.581,69;6.179.372,03;;;;
PB;2514651;SAO JOSE DO BREJO DO CRUZ;4.428.774,23;317.461,99;950.938,59;0,00;1.268.400,58;5.697.174,81;;;;
PB;2514701;SAO JOSE DO SABUGI;4.560.620,36;326.912,95;84.592,27;371.023,42;782.528,64;5.343.149,00;;;;
PB;2514800;SAO JOSE DOS CORDEIROS;3.502.555,89;251.069,10;719.734,93;125.948,92;1.096.752,95;4.599.308,84;;;;
PB;2514453;SAO JOSE DOS RAMOS;9.394.743,94;673.431,06;2.429.898,40;622.023,69;3.725.353,15;13.120.097,09;;;;
PB;2514909;SAO MAMEDE;7.758.409,65;556.135,87;2.717.653,12;0,00;3.273.788,99;11.032.198,64;;;;
PB;2515005;SAO MIGUEL DE TAIPU;9.762.819,88;699.815,37;1.947.547,80;342.020,29;2.989.383,46;12.752.203,34;;;;
PB;2515104;SAO SEBASTIAO DE LAGOA DE ROCA;10.812.643,91;775.068,52;3.359.401,88;0,00;4.134.470,40;14.947.114,31;;;;
PB;2515203;SAO SEBASTIAO DO UMBUZEIRO;4.497.595,09;322.395,19;824.972,28;359.135,60;1.506.503,07;6.004.098,16;;;;
PB;2515401;SAO VICENTE DO SERIDO;12.679.140,05;908.862,11;4.728.355,53;0,00;5.637.217,64;18.316.357,69;;;;
PB;2515302;SAPE;48.871.145,95;3.503.166,03;21.157.588,23;0,00;24.660.754,26;73.531.900,21;;;;
PB;2515500;SERRA BRANCA;9.134.496,57;654.776,09;1.748.673,54;702.798,42;3.106.248,05;12.240.744,62;;;;
PB;2515609;SERRA DA RAIZ;5.744.948,15;411.807,56;2.544.836,56;0,00;2.956.644,12;8.701.592,27;;;;
PB;2515708;SERRA GRANDE;4.124.525,40;295.652,93;387.213,90;307.669,50;990.536,33;5.115.061,73;;;;
PB;2515807;SERRA REDONDA;6.977.454,99;500.155,72;3.579.748,92;411.649,10;4.491.553,74;11.469.008,73;;;;
PB;2515906;SERRARIA;4.968.599,70;356.157,59;1.410.274,72;0,00;1.766.432,31;6.735.032,01;;;;
PB;2515930;SERTAOZINHO;7.803.648,50;559.378,66;2.352.134,41;499.749,43;3.411.262,50;11.214.911,00;;;;
PB;2515971;SOBRADO;12.483.424,91;894.832,91;5.288.878,61;0,00;6.183.711,52;18.667.136,43;;;;
PB;2516003;SOLANEA;20.677.870,81;1.482.224,59;4.712.705,16;0,00;6.194.929,75;26.872.800,56;;;;
PB;2516102;SOLEDADE;17.340.248,82;1.242.978,23;5.313.251,37;0,00;6.556.229,60;23.896.478,42;;;;
PB;2516151;SOSSEGO;5.482.092,76;392.965,64;1.685.232,19;0,00;2.078.197,83;7.560.290,59;;;;
PB;2516201;SOUSA;37.391.858,15;2.680.311,35;7.065.300,20;2.722.734,04;12.468.345,59;49.860.203,74;;;;
PB;2516300;SUME;15.971.931,10;1.144.894,91;3.442.957,32;1.113.372,26;5.701.224,49;21.673.155,59;;;;
PB;2516409;TACIMA;9.864.749,68;707.121,87;2.787.438,73;0,00;3.494.560,60;13.359.310,28;;;;
PB;2516508;TAPEROA;15.382.407,43;1.102.636,86;6.999.950,27;989.377,71;9.091.964,84;24.474.372,27;;;;
PB;2516607;TAVARES;14.612.366,68;1.047.439,05;3.932.902,69;1.071.665,48;6.052.007,22;20.664.373,90;;;;
PB;2516706;TEIXEIRA;19.776.483,24;1.417.611,62;8.330.907,60;1.099.358,23;10.847.877,45;30.624.360,69;;;;
PB;2516755;TENORIO;4.055.549,96;290.708,65;149.467,20;146.225,23;586.401,08;4.641.951,04;;;;
PB;2516805;TRIUNFO;15.839.807,28;1.135.424,05;6.733.792,63;951.678,12;8.820.894,80;24.660.702,08;;;;
PB;2516904;UIRAUNA;20.055.911,44;1.437.641,50;4.307.146,36;1.410.085,89;7.154.873,75;27.210.785,19;;;;
PB;2517001;UMBUZEIRO;18.898.578,26;1.354.681,91;8.369.413,49;568.505,39;10.292.600,79;29.191.179,05;;;;
PB;2517100;VARZEA;2.543.797,52;182.343,69;0,00;186.873,80;369.217,49;2.913.015,01;;;;
PB;2517209;VIEIROPOLIS;5.777.657,52;414.152,22;2.206.268,12;388.671,32;3.009.091,66;8.786.749,18;;;;
PB;2505501;VISTA SERRANA;5.444.707,77;390.285,82;2.046.639,43;0,00;2.436.925,25;7.881.633,02;;;;
PB;2517407;ZABELE;3.458.392,38;247.903,39;304.023,39;0,00;551.926,78;4.010.319,16;;;;
PE;2600054;ABREU E LIMA;42.882.799,91;5.221.259,56;10.258.289,47;0,00;15.479.549,03;58.362.348,94;;;;
PE;2600104;AFOGADOS DA INGAZEIRA;41.711.136,36;5.078.601,91;13.500.136,78;3.194.929,15;21.773.667,84;63.484.804,20;;;;
PE;2600203;AFRANIO;17.621.139,44;2.145.488,23;3.987.906,31;1.294.365,15;7.427.759,69;25.048.899,13;;;;
PE;2600302;AGRESTINA;23.443.300,62;2.854.374,19;6.670.913,26;956.005,84;10.481.293,29;33.924.593,91;;;;
PE;2600401;AGUA PRETA;23.980.093,18;2.919.732,17;4.674.301,95;1.720.549,43;9.314.583,55;33.294.676,73;;;;
PE;2600500;AGUAS BELAS;41.333.091,85;5.032.572,53;9.468.482,90;3.108.342,13;17.609.397,56;58.942.489,41;;;;
PE;2600609;ALAGOINHA;15.346.235,48;1.868.503,89;3.585.576,66;0,00;5.454.080,55;20.800.316,03;;;;
PE;2600708;ALIANCA;32.845.247,49;3.999.122,32;10.479.243,33;0,00;14.478.365,65;47.323.613,14;;;;
PE;2600807;ALTINHO;14.229.587,26;1.732.544,72;3.592.863,91;0,00;5.325.408,63;19.554.995,89;;;;
PE;2600906;AMARAJI;16.813.430,52;2.047.144,42;2.901.276,30;1.248.435,16;6.196.855,88;23.010.286,40;;;;
PE;2601003;ANGELIM;11.429.252,93;1.391.585,81;2.578.571,37;501.504,26;4.471.661,44;15.900.914,37;;;;
PE;2601052;ARACOIABA;22.337.124,01;2.719.690,00;5.974.927,53;0,00;8.694.617,53;31.031.741,54;;;;
PE;2601102;ARARIPINA;79.801.349,58;9.716.332,89;31.341.044,26;0,00;41.057.377,15;120.858.726,73;;;;
PE;2601201;ARCOVERDE;45.713.632,13;5.565.931,77;10.725.297,99;0,00;16.291.229,76;62.004.861,89;;;;
PE;2601300;BARRA DE GUABIRABA;12.176.769,57;1.482.600,82;3.073.409,48;0,00;4.556.010,30;16.732.779,87;;;;
PE;2601409;BARREIROS;42.052.158,54;5.120.123,57;12.744.282,83;2.982.353,30;20.846.759,70;62.898.918,24;;;;
PE;2601508;BELEM DE MARIA;13.972.604,56;1.701.255,40;5.532.458,86;1.024.368,36;8.258.082,62;22.230.687,18;;;;
PE;2601607;BELEM DO SAO FRANCISCO;16.725.832,27;2.036.478,77;5.418.550,34;0,00;7.455.029,11;24.180.861,38;;;;
PE;2601706;BELO JARDIM;68.079.831,87;8.289.161,94;24.528.758,94;0,00;32.817.920,88;100.897.752,75;;;;
PE;2601805;BETANIA;16.731.161,58;2.037.127,65;8.123.519,29;1.318.798,89;11.479.445,83;28.210.607,41;;;;
PE;2601904;BEZERROS;41.998.312,32;5.113.567,44;13.872.281,55;0,00;18.985.848,99;60.984.161,31;;;;
PE;2602001;BODOCO;34.283.406,68;4.174.227,55;9.671.211,86;0,00;13.845.439,41;48.128.846,09;;;;
PE;2602100;BOM CONSELHO;41.259.991,98;5.023.672,14;8.252.550,46;3.078.211,29;16.354.433,89;57.614.425,87;;;;
PE;2602209;BOM JARDIM;34.679.318,95;4.222.432,44;11.282.564,32;2.567.190,50;18.072.187,26;52.751.506,21;;;;
PE;2602308;BONITO;36.688.714,52;4.467.089,41;9.598.980,23;0,00;14.066.069,64;50.754.784,16;;;;
PE;2602407;BREJAO;14.452.717,80;1.759.712,31;5.314.688,11;0,00;7.074.400,42;21.527.118,22;;;;
PE;2602506;BREJINHO;9.492.381,22;1.155.759,10;2.800.543,77;0,00;3.956.302,87;13.448.684,09;;;;
PE;2602605;BREJO DA MADRE DE DEUS;50.724.466,22;6.176.033,39;18.842.163,99;0,00;25.018.197,38;75.742.663,60;;;;
PE;2602704;BUENOS AIRES;12.823.056,72;1.561.290,48;3.895.529,73;0,00;5.456.820,21;18.279.876,93;;;;
PE;2602803;BUIQUE;54.433.786,96;6.627.667,29;18.554.930,24;3.802.908,38;28.985.505,91;83.419.292,87;;;;
PE;2602902;CABO DE SANTO AGOSTINHO;189.680.437,29;23.094.825,85;0,00;14.982.911,96;38.077.737,81;227.758.175,10;;;;
PE;2603009;CABROBO;33.581.098,21;4.088.716,93;18.181.450,58;1.251.515,72;23.521.683,23;57.102.781,44;;;;
PE;2603108;CACHOEIRINHA;13.651.449,56;1.662.152,69;2.950.745,41;543.766,89;5.156.664,99;18.808.114,55;;;;
PE;2603207;CAETES;32.353.693,11;3.939.272,38;11.691.899,61;0,00;15.631.171,99;47.984.865,10;;;;
PE;2603306;CALCADO;10.942.969,79;1.332.377,68;2.085.056,24;0,00;3.417.433,92;14.360.403,71;;;;
PE;2603405;CALUMBI;8.396.393,44;1.022.315,46;2.842.323,11;322.542,67;4.187.181,24;12.583.574,68;;;;
PE;2603454;CAMARAGIBE;59.999.280,09;7.305.302,25;0,00;0,00;7.305.302,25;67.304.582,34;;;;
PE;2603504;CAMOCIM DE SAO FELIX;15.775.485,01;1.920.767,81;4.711.019,21;0,00;6.631.787,02;22.407.272,03;;;;
PE;2603603;CAMUTANGA;7.317.853,43;890.996,21;417.107,02;0,00;1.308.103,23;8.625.956,66;;;;
PE;2603702;CANHOTINHO;26.153.206,18;3.184.322,80;7.830.429,62;1.011.053,25;12.025.805,67;38.179.011,85;;;;
PE;2603801;CAPOEIRAS;22.462.045,07;2.734.899,95;10.107.874,49;886.646,41;13.729.420,85;36.191.465,92;;;;
PE;2603900;CARNAIBA;28.895.048,56;3.518.159,93;14.961.995,07;1.909.809,42;20.389.964,42;49.285.012,98;;;;
PE;2603926;CARNAUBEIRA DA PENHA;9.478.209,20;1.154.033,56;1.122.721,29;738.115,95;3.014.870,80;12.493.080,00;;;;
PE;2604007;CARPINA;51.242.426,60;6.239.098,43;20.480.941,30;3.837.129,17;30.557.168,90;81.799.595,50;;;;
PE;2604106;CARUARU;316.681.525,01;38.558.033,57;87.745.164,11;0,00;126.303.197,68;442.984.722,69;;;;
PE;2604155;CASINHAS;18.488.590,69;2.251.106,06;9.229.698,45;1.528.769,72;13.009.574,23;31.498.164,92;;;;
PE;2604205;CATENDE;26.401.426,94;3.214.545,30;7.150.712,55;1.020.438,57;11.385.696,42;37.787.123,36;;;;
PE;2604304;CEDRO;10.437.090,53;1.270.783,59;3.020.408,78;0,00;4.291.192,37;14.728.282,90;;;;
PE;2604403;CHA DE ALEGRIA;14.028.091,02;1.708.011,24;4.412.017,77;968.457,26;7.088.486,27;21.116.577,29;;;;
PE;2604502;CHA GRANDE;26.924.011,31;3.278.173,34;3.207.593,55;1.113.732,13;7.599.499,02;34.523.510,33;;;;
PE;2604601;CONDADO;23.938.520,24;2.914.670,40;7.414.928,76;0,00;10.329.599,16;34.268.119,40;;;;
PE;2604700;CORRENTES;16.223.443,44;1.975.309,66;2.962.538,25;1.231.573,37;6.169.421,28;22.392.864,72;;;;
PE;2604809;CORTES;12.902.963,42;1.571.019,64;1.496.146,52;0,00;3.067.166,16;15.970.129,58;;;;
PE;2604908;CUMARU;21.251.802,22;2.587.545,02;9.182.957,43;1.353.168,32;13.123.670,77;34.375.472,99;;;;
PE;2605004;CUPIRA;33.287.943,96;4.053.023,49;17.240.391,93;2.728.369,50;24.021.784,92;57.309.728,88;;;;
PE;2605103;CUSTODIA;46.112.193,83;5.614.459,25;10.831.556,25;3.913.103,00;20.359.118,50;66.471.312,33;;;;
PE;2605152;DORMENTES;18.827.697,59;2.292.394,53;4.846.052,83;0,00;7.138.447,36;25.966.144,95;;;;
PE;2605202;ESCADA;42.807.696,22;5.212.115,19;8.359.495,68;3.058.600,02;16.630.210,89;59.437.907,11;;;;
PE;2605301;EXU;33.114.370,16;4.031.889,76;11.959.046,37;2.465.157,28;18.456.093,41;51.570.463,57;;;;
PE;2605400;FEIRA NOVA;20.140.605,63;2.452.249,62;6.497.217,87;0,00;8.949.467,49;29.090.073,12;;;;
PE;2605509;FERREIROS;9.835.073,46;1.197.484,10;2.052.380,87;360.575,58;3.610.440,55;13.445.514,01;;;;
PE;2605608;FLORES;18.565.300,35;2.260.445,96;5.379.570,58;1.453.861,82;9.093.878,36;27.659.178,71;;;;
PE;2605707;FLORESTA;29.695.899,50;3.615.668,74;5.860.920,44;0,00;9.476.589,18;39.172.488,68;;;;
PE;2605806;FREI MIGUELINHO;13.686.033,30;1.666.363,49;4.763.572,90;0,00;6.429.936,39;20.115.969,69;;;;
PE;2605905;GAMELEIRA;19.688.870,74;2.397.247,96;4.300.358,15;1.489.798,01;8.187.404,12;27.876.274,86;;;;
PE;2606002;GARANHUNS;110.418.540,83;13.444.174,88;28.139.070,88;0,00;41.583.245,76;152.001.786,59;;;;
PE;2606101;GLORIA DO GOITA;27.648.223,71;3.366.350,90;9.780.902,37;0,00;13.147.253,27;40.795.476,98;;;;
PE;2606200;GOIANA;68.109.927,13;8.292.826,23;0,00;4.548.618,32;12.841.444,55;80.951.371,68;;;;
PE;2606309;GRANITO;9.595.941,30;1.168.368,21;3.285.773,64;0,00;4.454.141,85;14.050.083,15;;;;
PE;2606408;GRAVATA;54.449.934,58;6.629.633,37;2.468.217,82;0,00;9.097.851,19;63.547.785,77;;;;
PE;2606507;IATI;20.347.043,40;2.477.384,76;4.893.405,11;0,00;7.370.789,87;27.717.833,27;;;;
PE;2606606;IBIMIRIM;22.415.037,75;2.729.176,51;7.779.576,68;0,00;10.508.753,19;32.923.790,94;;;;
PE;2606705;IBIRAJUBA;7.562.264,04;920.754,79;941.290,26;308.201,18;2.170.246,23;9.732.510,27;;;;
PE;2606804;IGARASSU;93.753.386,26;11.415.084,02;28.540.683,97;6.983.484,63;46.939.252,62;140.692.638,88;;;;
PE;2606903;IGUARACY;11.767.601,35;1.432.781,93;2.683.731,34;0,00;4.116.513,27;15.884.114,62;;;;
PE;2607604;ILHA DE ITAMARACA;11.977.877,99;1.458.384,48;803.255,24;986.213,23;3.247.852,95;15.225.730,94;;;;
PE;2607000;INAJA;24.465.609,77;2.978.846,98;10.569.173,32;0,00;13.548.020,30;38.013.630,07;;;;
PE;2607109;INGAZEIRA;5.638.763,94;686.556,15;725.969,25;411.443,52;1.823.968,92;7.462.732,86;;;;
PE;2607208;IPOJUCA;121.267.040,41;14.765.050,20;0,00;10.263.242,35;25.028.292,55;146.295.332,96;;;;
PE;2607307;IPUBI;40.699.011,86;4.955.369,17;19.178.320,19;0,00;24.133.689,36;64.832.701,22;;;;
PE;2607406;ITACURUBA;4.614.130,90;561.800,42;0,00;0,00;561.800,42;5.175.931,32;;;;
PE;2607505;ITAIBA;32.019.595,67;3.898.593,85;14.290.204,83;0,00;18.188.798,68;50.208.394,35;;;;
PE;2607653;ITAMBE;28.190.598,29;3.432.388,53;9.112.760,87;0,00;12.545.149,40;40.735.747,69;;;;
PE;2607703;ITAPETIM;14.093.676,95;1.715.996,75;3.863.263,45;0,00;5.579.260,20;19.672.937,15;;;;
PE;2607752;ITAPISSUMA;25.415.196,87;3.094.465,38;2.297.212,29;0,00;5.391.677,67;30.806.874,54;;;;
PE;2607802;ITAQUITINGA;11.570.948,29;1.408.838,14;0,00;0,00;1.408.838,14;12.979.786,43;;;;
PE;2607901;JABOATAO DOS GUARARAPES;368.146.512,20;44.824.230,20;0,00;0,00;44.824.230,20;412.970.742,40;;;;
PE;2607950;JAQUEIRA;13.346.087,37;1.624.972,86;3.603.975,91;579.078,99;5.808.027,76;19.154.115,13;;;;
PE;2608008;JATAUBA;20.531.191,40;2.499.805,97;5.788.621,07;645.372,25;8.933.799,29;29.464.990,69;;;;
PE;2608057;JATOBA;9.987.503,78;1.216.043,49;993.079,23;0,00;2.209.122,72;12.196.626,50;;;;
PE;2608107;JOAO ALFREDO;26.359.124,97;3.209.394,76;9.342.864,72;0,00;12.552.259,48;38.911.384,45;;;;
PE;2608206;JOAQUIM NABUCO;11.977.990,74;1.458.398,21;0,00;463.824,39;1.922.222,60;13.900.213,34;;;;
PE;2608255;JUCATI;16.509.892,00;2.010.186,64;7.379.978,50;0,00;9.390.165,14;25.900.057,14;;;;
PE;2608305;JUPI;24.886.454,00;3.030.087,50;11.709.075,85;0,00;14.739.163,35;39.625.617,35;;;;
PE;2608404;JUREMA;19.745.078,07;2.404.091,57;11.182.156,61;800.877,17;14.387.125,35;34.132.203,42;;;;
PE;2608503;LAGOA DE ITAENGA;16.075.015,31;1.957.237,58;3.100.174,91;1.108.636,34;6.166.048,83;22.241.064,14;;;;
PE;2608453;LAGOA DO CARRO;16.524.686,71;2.011.987,99;5.649.085,78;645.698,22;8.306.771,99;24.831.458,70;;;;
PE;2608602;LAGOA DO OURO;15.263.837,11;1.858.471,36;4.494.505,44;1.217.378,40;7.570.355,20;22.834.192,31;;;;
PE;2608701;LAGOA DOS GATOS;15.514.454,64;1.888.985,67;3.421.998,45;1.236.225,00;6.547.209,12;22.061.663,76;;;;
PE;2608750;LAGOA GRANDE;35.425.241,73;4.313.253,38;20.308.232,51;1.143.016,39;25.764.502,28;61.189.744,01;;;;
PE;2608800;LAJEDO;47.185.563,47;5.745.148,98;13.558.527,92;3.245.000,87;22.548.677,77;69.734.241,24;;;;
PE;2608909;LIMOEIRO;39.795.387,75;4.845.347,06;13.853.007,26;3.005.310,32;21.703.664,64;61.499.052,39;;;;
PE;2609006;MACAPARANA;23.876.361,63;2.907.102,18;9.220.406,57;0,00;12.127.508,75;36.003.870,38;;;;
PE;2609105;MACHADOS;13.321.798,49;1.622.015,54;4.404.340,04;0,00;6.026.355,58;19.348.154,07;;;;
PE;2609154;MANARI;23.130.269,68;2.816.260,64;6.971.593,20;822.196,08;10.610.049,92;33.740.319,60;;;;
PE;2609204;MARAIAL;13.079.939,16;1.592.567,59;6.047.883,28;877.679,17;8.518.130,04;21.598.069,20;;;;
PE;2609303;MIRANDIBA;16.012.876,81;1.949.671,81;6.565.322,19;640.367,62;9.155.361,62;25.168.238,43;;;;
PE;2614303;MOREILANDIA;9.978.900,26;1.214.995,95;2.281.958,23;0,00;3.496.954,18;13.475.854,44;;;;
PE;2609402;MORENO;36.515.272,92;4.445.971,77;1.882.105,19;1.353.174,78;7.681.251,74;44.196.524,66;;;;
PE;2609501;NAZARE DA MATA;16.858.922,64;2.052.683,39;3.173.576,07;1.335.685,74;6.561.945,20;23.420.867,84;;;;
PE;2609600;OLINDA;153.475.843,05;18.686.681,23;0,00;0,00;18.686.681,23;172.162.524,28;;;;
PE;2609709;OROBO;24.936.505,95;3.036.181,64;7.624.594,67;0,00;10.660.776,31;35.597.282,26;;;;
PE;2609808;OROCO;18.932.315,26;2.305.132,41;7.490.884,05;577.099,77;10.373.116,23;29.305.431,49;;;;
PE;2609907;OURICURI;53.311.408,71;6.491.010,44;8.481.545,57;0,00;14.972.556,01;68.283.964,72;;;;
PE;2610004;PALMARES;45.894.936,06;5.588.006,71;14.367.618,19;0,00;19.955.624,90;65.850.560,96;;;;
PE;2610103;PALMEIRINA;7.285.204,37;887.020,97;1.132.166,33;505.122,25;2.524.309,55;9.809.513,92;;;;
PE;2610202;PANELAS;38.150.199,44;4.645.034,69;12.595.767,06;1.551.628,57;18.792.430,32;56.942.629,76;;;;
PE;2610301;PARANATAMA;15.960.414,87;1.943.284,23;3.416.587,50;506.850,79;5.866.722,52;21.827.137,39;;;;
PE;2610400;PARNAMIRIM;20.800.713,17;2.532.622,00;7.934.771,66;1.532.542,03;11.999.935,69;32.800.648,86;;;;
PE;2610509;PASSIRA;25.121.155,23;3.058.663,89;9.576.961,41;2.033.557,55;14.669.182,85;39.790.338,08;;;;
PE;2610608;PAUDALHO;54.140.038,21;6.591.901,47;18.528.622,51;4.078.160,44;29.198.684,42;83.338.722,63;;;;
PE;2610707;PAULISTA;132.944.514,57;16.186.858,56;6.101.376,40;0,00;22.288.234,96;155.232.749,53;;;;
PE;2610806;PEDRA;17.925.817,36;2.182.584,75;4.264.500,54;0,00;6.447.085,29;24.372.902,65;;;;
PE;2610905;PESQUEIRA;62.370.000,52;7.593.952,87;23.228.613,74;0,00;30.822.566,61;93.192.567,13;;;;
PE;2611002;PETROLANDIA;38.759.842,81;4.719.262,74;9.667.149,07;0,00;14.386.411,81;53.146.254,62;;;;
PE;2611101;PETROLINA;388.921.085,04;47.353.669,44;157.179.903,54;0,00;204.533.572,98;593.454.658,02;;;;
PE;2611200;POCAO;12.104.812,47;1.473.839,58;3.999.511,40;0,00;5.473.350,98;17.578.163,45;;;;
PE;2611309;POMBOS;21.832.612,60;2.658.262,46;2.449.953,85;0,00;5.108.216,31;26.940.828,91;;;;
PE;2611408;PRIMAVERA;10.977.081,75;1.336.531,04;1.485.028,27;840.283,70;3.661.843,01;14.638.924,76;;;;
PE;2611507;QUIPAPA;19.854.092,76;2.417.364,81;4.033.420,93;574.443,22;7.025.228,96;26.879.321,72;;;;
PE;2611533;QUIXABA;12.392.922,23;1.508.918,81;3.875.236,06;971.217,52;6.355.372,39;18.748.294,62;;;;
PE;2611606;RECIFE;647.119.036,01;78.790.947,83;0,00;0,00;78.790.947,83;725.909.983,84;;;;
PE;2611705;RIACHO DAS ALMAS;25.971.309,25;3.162.175,67;11.551.783,81;2.080.574,28;16.794.533,76;42.765.843,01;;;;
PE;2611804;RIBEIRAO;26.606.111,39;3.239.466,96;2.854.854,60;2.045.748,05;8.140.069,61;34.746.181,00;;;;
PE;2611903;RIO FORMOSO;28.577.781,11;3.479.530,56;11.089.710,89;2.187.610,99;16.756.852,44;45.334.633,55;;;;
PE;2612000;SAIRE;9.081.857,32;1.105.775,15;1.328.686,98;692.428,53;3.126.890,66;12.208.747,98;;;;
PE;2612109;SALGADINHO;6.546.108,55;797.031,25;1.223.547,77;0,00;2.020.579,02;8.566.687,57;;;;
PE;2612208;SALGUEIRO;49.622.555,27;6.041.868,57;13.126.411,03;2.085.511,74;21.253.791,34;70.876.346,61;;;;
PE;2612307;SALOA;17.320.502,43;2.108.883,73;4.351.985,07;1.433.478,06;7.894.346,86;25.214.849,29;;;;
PE;2612406;SANHARO;20.634.842,88;2.512.426,21;7.664.586,54;0,00;10.177.012,75;30.811.855,63;;;;
PE;2612455;SANTA CRUZ;20.183.098,65;2.457.423,42;7.808.446,09;0,00;10.265.869,51;30.448.968,16;;;;
PE;2612471;SANTA CRUZ DA BAIXA VERDE;12.160.263,22;1.480.591,07;3.970.299,34;933.960,04;6.384.850,45;18.545.113,67;;;;
PE;2612505;SANTA CRUZ DO CAPIBARIBE;90.700.748,19;11.043.405,49;34.794.909,04;0,00;45.838.314,53;136.539.062,72;;;;
PE;2612554;SANTA FILOMENA;14.720.551,82;1.792.322,84;3.837.390,53;501.889,66;6.131.603,03;20.852.154,85;;;;
PE;2612604;SANTA MARIA DA BOA VISTA;51.769.038,87;6.303.216,89;18.383.311,58;3.602.155,52;28.288.683,99;80.057.722,86;;;;
PE;2612703;SANTA MARIA DO CAMBUCA;13.643.738,06;1.661.213,77;3.196.833,92;475.721,33;5.333.769,02;18.977.507,08;;;;
PE;2612802;SANTA TEREZINHA;10.359.275,27;1.261.309,08;1.203.593,65;736.540,81;3.201.443,54;13.560.718,81;;;;
PE;2612901;SAO BENEDITO DO SUL;12.031.650,19;1.464.931,60;3.462.242,36;0,00;4.927.173,96;16.958.824,15;;;;
PE;2613008;SAO BENTO DO UNA;54.388.828,08;6.622.193,25;17.031.044,38;0,00;23.653.237,63;78.042.065,71;;;;
PE;2613107;SAO CAITANO;32.611.583,72;3.970.672,24;12.146.447,21;1.156.424,40;17.273.543,85;49.885.127,57;;;;
PE;2613206;SAO JOAO;26.429.494,99;3.217.962,76;7.416.591,55;2.087.213,77;12.721.768,08;39.151.263,07;;;;
PE;2613305;SAO JOAQUIM DO MONTE;20.245.624,74;2.465.036,37;4.971.096,82;628.885,59;8.065.018,78;28.310.643,52;;;;
PE;2613404;SAO JOSE DA COROA GRANDE;23.772.813,62;2.894.494,54;7.657.821,60;0,00;10.552.316,14;34.325.129,76;;;;
PE;2613503;SAO JOSE DO BELMONTE;32.819.627,33;3.996.002,90;8.640.279,75;2.617.187,24;15.253.469,89;48.073.097,22;;;;
PE;2613602;SAO JOSE DO EGITO;27.378.298,53;3.333.485,76;7.681.271,77;1.109.570,39;12.124.327,92;39.502.626,45;;;;
PE;2613701;SAO LOURENCO DA MATA;78.136.756,03;9.513.657,81;22.675.647,28;2.668.416,59;34.857.721,68;112.994.477,71;;;;
PE;2613800;SAO VICENTE FERRER;15.714.271,83;1.913.314,71;3.716.788,26;1.242.721,02;6.872.823,99;22.587.095,82;;;;
PE;2613909;SERRA TALHADA;76.586.112,54;9.324.856,88;24.448.399,54;5.877.648,60;39.650.905,02;116.237.017,56;;;;
PE;2614006;SERRITA;23.518.829,79;2.863.570,36;8.553.152,69;0,00;11.416.723,05;34.935.552,84;;;;
PE;2614105;SERTANIA;26.944.198,27;3.280.631,23;6.880.499,56;1.039.686,38;11.200.817,17;38.145.015,44;;;;
PE;2614204;SIRINHAEM;41.685.345,03;5.075.461,64;14.132.529,38;3.325.179,39;22.533.170,41;64.218.515,44;;;;
PE;2614402;SOLIDAO;8.359.363,44;1.017.806,82;2.423.499,69;697.417,12;4.138.723,63;12.498.087,07;;;;
PE;2614501;SURUBIM;37.530.803,84;4.569.619,26;5.263.689,91;1.525.603,56;11.358.912,73;48.889.716,57;;;;
PE;2614600;TABIRA;26.205.387,22;3.190.676,19;8.501.858,22;1.115.455,18;12.807.989,59;39.013.376,81;;;;
PE;2614709;TACAIMBO;10.354.990,43;1.260.787,38;43.392,68;363.874,95;1.668.055,01;12.023.045,44;;;;
PE;2614808;TACARATU;22.112.730,91;2.692.368,68;6.650.816,17;1.592.260,10;10.935.444,95;33.048.175,86;;;;
PE;2614857;TAMANDARE;26.084.790,65;3.175.992,77;1.109.119,35;0,00;4.285.112,12;30.369.902,77;;;;
PE;2615003;TAQUARITINGA DO NORTE;23.242.765,80;2.829.957,77;5.827.787,12;0,00;8.657.744,89;31.900.510,69;;;;
PE;2615102;TEREZINHA;9.716.495,90;1.183.046,52;3.987.471,35;0,00;5.170.517,87;14.887.013,77;;;;
PE;2615201;TERRA NOVA;9.719.507,36;1.183.413,18;2.111.829,43;410.723,09;3.705.965,70;13.425.473,06;;;;
PE;2615300;TIMBAUBA;38.933.555,61;4.740.413,40;9.889.492,39;1.450.749,07;16.080.654,86;55.014.210,47;;;;
PE;2615409;TORITAMA;48.441.643,43;5.898.084,88;17.682.097,78;0,00;23.580.182,66;72.021.826,09;;;;
PE;2615508;TRACUNHAEM;10.528.225,09;1.281.879,82;1.807.151,28;0,00;3.089.031,10;13.617.256,19;;;;
PE;2615607;TRINDADE;33.045.433,81;4.023.496,31;12.689.164,94;0,00;16.712.661,25;49.758.095,06;;;;
PE;2615706;TRIUNFO;16.485.854,60;2.007.259,93;4.193.618,26;701.177,25;6.902.055,44;23.387.910,04;;;;
PE;2615805;TUPANATINGA;29.646.208,09;3.609.618,49;11.804.247,26;2.042.776,03;17.456.641,78;47.102.849,87;;;;
PE;2615904;TUPARETAMA;8.692.928,27;1.058.420,51;2.228.694,86;343.361,45;3.630.476,82;12.323.405,09;;;;
PE;2616001;VENTUROSA;15.491.554,43;1.886.197,42;3.427.597,71;1.278.835,86;6.592.630,99;22.084.185,42;;;;
PE;2616100;VERDEJANTE;11.521.821,05;1.402.856,59;3.967.470,83;433.608,99;5.803.936,41;17.325.757,46;;;;
PE;2616183;VERTENTE DO LERIO;10.746.031,73;1.308.399,19;4.131.056,51;820.847,81;6.260.303,51;17.006.335,24;;;;
PE;2616209;VERTENTES;19.959.432,80;2.430.190,65;7.327.725,32;1.374.019,51;11.131.935,48;31.091.368,28;;;;
PE;2616308;VICENCIA;28.522.996,12;3.472.860,13;8.342.713,75;0,00;11.815.573,88;40.338.570,00;;;;
PE;2616407;VITORIA DE SANTO ANTAO;91.029.988,27;11.083.492,62;4.973.103,97;6.473.739,16;22.530.335,75;113.560.324,02;;;;
PE;2616506;XEXEU;18.675.483,12;2.273.861,43;3.904.532,78;1.381.325,34;7.559.719,55;26.235.202,67;;;;
PI;2200053;ACAUA;7.832.891,42;2.556.515,21;5.254.535,48;0,00;7.811.050,69;15.643.942,11;;;;
PI;2200103;AGRICOLANDIA;6.368.459,36;2.078.550,87;4.509.530,65;0,00;6.588.081,52;12.956.540,88;;;;
PI;2200202;AGUA BRANCA;20.166.443,04;6.581.965,16;11.130.687,94;1.541.265,13;19.253.918,23;39.420.361,27;;;;
PI;2200251;ALAGOINHA DO PIAUI;5.033.497,34;1.642.843,22;2.363.961,13;388.291,26;4.395.095,61;9.428.592,95;;;;
PI;2200277;ALEGRETE DO PIAUI;5.312.030,78;1.733.751,53;2.538.102,65;441.793,04;4.713.647,22;10.025.678,00;;;;
PI;2200301;ALTO LONGA;9.478.176,33;3.093.506,68;2.045.997,77;842.658,70;5.982.163,15;15.460.339,48;;;;
PI;2200400;ALTOS;56.611.475,78;18.476.969,90;39.274.744,34;4.333.431,71;62.085.145,95;118.696.621,73;;;;
PI;2200459;ALVORADA DO GURGUEIA;7.384.660,07;2.410.220,54;3.017.748,08;437.361,96;5.865.330,58;13.249.990,65;;;;
PI;2200509;AMARANTE;24.321.695,43;7.938.164,98;13.722.483,84;1.606.942,89;23.267.591,71;47.589.287,14;;;;
PI;2200608;ANGICAL DO PIAUI;6.672.573,45;2.177.808,24;4.033.127,35;700.826,64;6.911.762,23;13.584.335,68;;;;
PI;2200707;ANISIO DE ABREU;12.014.448,07;3.921.300,27;6.549.422,06;1.125.608,14;11.596.330,47;23.610.778,54;;;;
PI;2200806;ANTONIO ALMEIDA;3.619.623,86;1.181.380,28;155.550,24;334.090,53;1.671.021,05;5.290.644,91;;;;
PI;2200905;AROAZES;6.453.513,93;2.106.311,15;3.352.053,84;0,00;5.458.364,99;11.911.878,92;;;;
PI;2200954;AROEIRAS DO ITAIM;3.595.259,00;1.173.428,02;920.488,97;0,00;2.093.916,99;5.689.175,99;;;;
PI;2201002;ARRAIAL;7.162.323,08;2.337.653,74;3.259.014,12;296.790,11;5.893.457,97;13.055.781,05;;;;
PI;2201051;ASSUNCAO DO PIAUI;11.606.195,79;3.788.054,05;4.759.237,71;0,00;8.547.291,76;20.153.487,55;;;;
PI;2201101;AVELINO LOPES;10.857.973,91;3.543.847,86;1.358.799,06;0,00;4.902.646,92;15.760.620,83;;;;
PI;2201150;BAIXA GRANDE DO RIBEIRO;25.611.233,42;8.359.047,04;14.452.092,44;938.936,01;23.750.075,49;49.361.308,91;;;;
PI;2201176;BARRA DALCANTARA;4.220.934,85;1.377.637,40;1.450.123,11;369.536,15;3.197.296,66;7.418.231,51;;;;
PI;2201200;BARRAS;77.527.810,27;25.303.686,16;57.879.585,08;5.291.029,43;88.474.300,67;166.002.110,94;;;;
PI;2201309;BARREIRAS DO PIAUI;3.451.144,31;1.126.391,58;728.213,49;0,00;1.854.605,07;5.305.749,38;;;;
PI;2201408;BARRO DURO;6.395.225,06;2.087.286,71;2.143.653,94;0,00;4.230.940,65;10.626.165,71;;;;
PI;2201507;BATALHA;23.647.738,34;7.718.197,48;5.853.994,23;1.831.982,03;15.404.173,74;39.051.912,08;;;;
PI;2201556;BELA VISTA DO PIAUI;3.796.311,72;1.239.048,03;1.390.335,34;354.240,58;2.983.623,95;6.779.935,67;;;;
PI;2201572;BELEM DO PIAUI;6.556.919,51;2.140.060,87;3.201.113,11;580.032,27;5.921.206,25;12.478.125,76;;;;
PI;2201606;BENEDITINOS;16.139.822,95;5.267.748,61;11.791.484,32;614.962,86;17.674.195,79;33.814.018,74;;;;
PI;2201705;BERTOLINIA;7.966.670,43;2.600.178,28;6.302.318,88;0,00;8.902.497,16;16.869.167,59;;;;
PI;2201739;BETANIA DO PIAUI;10.043.010,30;3.277.858,35;5.800.426,47;298.479,98;9.376.764,80;19.419.775,10;;;;
PI;2201770;BOA HORA;6.929.981,47;2.261.821,60;471.362,35;0,00;2.733.183,95;9.663.165,42;;;;
PI;2201804;BOCAINA;2.698.093,18;880.609,20;0,00;138.487,29;1.019.096,49;3.717.189,67;;;;
PI;2201903;BOM JESUS;37.424.647,87;12.214.733,54;19.556.907,04;1.561.643,39;33.333.283,97;70.757.931,84;;;;
PI;2201919;BOM PRINCIPIO DO PIAUI;6.505.299,40;2.123.213,00;1.655.917,60;497.343,82;4.276.474,42;10.781.773,82;;;;
PI;2201929;BONFIM DO PIAUI;6.047.772,96;1.973.884,58;2.698.622,79;452.802,27;5.125.309,64;11.173.082,60;;;;
PI;2201945;BOQUEIRAO DO PIAUI;7.940.172,03;2.591.529,68;3.391.360,25;683.999,12;6.666.889,05;14.607.061,08;;;;
PI;2201960;BRASILEIRA;11.550.623,15;3.769.916,14;6.821.048,39;818.355,96;11.409.320,49;22.959.943,64;;;;
PI;2201988;BREJO DO PIAUI;4.880.254,46;1.592.827,49;1.404.331,98;391.524,34;3.388.683,81;8.268.938,27;;;;
PI;2202000;BURITI DOS LOPES;24.814.910,19;8.099.141,43;12.772.954,60;1.956.401,41;22.828.497,44;47.643.407,63;;;;
PI;2202026;BURITI DOS MONTES;15.964.586,24;5.210.554,49;10.609.074,59;1.429.120,64;17.248.749,72;33.213.335,96;;;;
PI;2202059;CABECEIRAS DO PIAUI;12.639.924,33;4.125.444,50;9.161.846,15;0,00;13.287.290,65;25.927.214,98;;;;
PI;2202075;CAJAZEIRAS DO PIAUI;4.352.944,58;1.420.723,01;3.432.593,06;168.260,69;5.021.576,76;9.374.521,34;;;;
PI;2202083;CAJUEIRO DA PRAIA;10.792.290,85;3.522.410,08;5.925.820,41;980.818,53;10.429.049,02;21.221.339,87;;;;
PI;2202091;CALDEIRAO GRANDE DO PIAUI;7.727.590,86;2.522.147,00;3.584.072,03;648.527,25;6.754.746,28;14.482.337,14;;;;
PI;2202109;CAMPINAS DO PIAUI;10.282.072,25;3.355.883,89;5.528.873,08;695.320,47;9.580.077,44;19.862.149,69;;;;
PI;2202117;CAMPO ALEGRE DO FIDALGO;7.495.859,10;2.446.513,91;4.925.982,18;401.261,72;7.773.757,81;15.269.616,91;;;;
PI;2202133;CAMPO GRANDE DO PIAUI;7.251.860,23;2.366.877,06;4.619.341,89;610.815,61;7.597.034,56;14.848.894,79;;;;
PI;2202174;CAMPO LARGO DO PIAUI;14.737.759,78;4.810.140,34;9.623.940,95;0,00;14.434.081,29;29.171.841,07;;;;
PI;2202208;CAMPO MAIOR;48.418.385,19;15.802.892,14;21.073.003,08;4.420.981,61;41.296.876,83;89.715.262,02;;;;
PI;2202251;CANAVIEIRA;3.979.193,33;1.298.737,31;771.665,33;0,00;2.070.402,64;6.049.595,97;;;;
PI;2202307;CANTO DO BURITI;17.518.553,42;5.717.741,49;5.762.515,00;0,00;11.480.256,49;28.998.809,91;;;;
PI;2202406;CAPITAO DE CAMPOS;15.153.041,18;4.945.680,74;4.420.101,09;0,00;9.365.781,83;24.518.823,01;;;;
PI;2202455;CAPITAO GERVASIO OLIVEIRA;5.035.439,11;1.643.476,97;1.649.163,90;372.451,40;3.665.092,27;8.700.531,38;;;;
PI;2202505;CARACOL;14.727.510,59;4.806.795,20;6.281.864,93;0,00;11.088.660,13;25.816.170,72;;;;
PI;2202539;CARAUBAS DO PIAUI;6.852.621,92;2.236.572,84;2.827.519,02;0,00;5.064.091,86;11.916.713,78;;;;
PI;2202554;CARIDADE DO PIAUI;10.527.781,65;3.436.079,03;9.498.714,99;771.761,32;13.706.555,34;24.234.336,99;;;;
PI;2202604;CASTELO DO PIAUI;20.396.398,38;6.657.018,45;5.055.902,83;0,00;11.712.921,28;32.109.319,66;;;;
PI;2202653;CAXINGO;8.179.742,78;2.669.721,27;5.526.184,26;0,00;8.195.905,53;16.375.648,31;;;;
PI;2202703;COCAL;29.135.779,22;9.509.395,55;16.091.933,25;2.502.379,14;28.103.707,94;57.239.487,16;;;;
PI;2202711;COCAL DE TELHA;7.576.888,00;2.472.960,29;4.037.314,18;0,00;6.510.274,47;14.087.162,47;;;;
PI;2202729;COCAL DOS ALVES;6.799.022,06;2.219.078,80;4.008.628,37;556.815,52;6.784.522,69;13.583.544,75;;;;
PI;2202737;COIVARAS;5.789.542,55;1.889.602,80;2.503.135,05;0,00;4.392.737,85;10.182.280,40;;;;
PI;2202752;COLONIA DO GURGUEIA;8.528.322,83;2.783.491,55;5.722.198,46;561.070,91;9.066.760,92;17.595.083,75;;;;
PI;2202778;COLONIA DO PIAUI;7.815.219,36;2.550.747,37;5.391.764,67;708.807,16;8.651.319,20;16.466.538,56;;;;
PI;2202802;CONCEICAO DO CANINDE;6.178.795,08;2.016.647,85;3.513.626,72;483.181,69;6.013.456,26;12.192.251,34;;;;
PI;2202851;CORONEL JOSE DIAS;3.366.595,44;1.098.796,34;0,00;0,00;1.098.796,34;4.465.391,78;;;;
PI;2202901;CORRENTE;27.355.466,12;8.928.333,29;9.017.274,70;1.842.050,75;19.787.658,74;47.143.124,86;;;;
PI;2203008;CRISTALANDIA DO PIAUI;9.529.440,76;3.110.238,47;4.720.943,55;569.584,50;8.400.766,52;17.930.207,28;;;;
PI;2203107;CRISTINO CASTRO;15.317.168,79;4.999.249,05;10.519.890,73;590.862,00;16.110.001,78;31.427.170,57;;;;
PI;2203206;CURIMATA;13.255.466,04;4.326.346,27;8.605.585,67;883.094,73;13.815.026,67;27.070.492,71;;;;
PI;2203230;CURRAIS;10.671.891,88;3.483.114,02;7.746.811,05;383.833,44;11.613.758,51;22.285.650,39;;;;
PI;2203271;CURRAL NOVO DO PIAUI;5.485.850,63;1.790.483,21;0,00;440.763,76;2.231.246,97;7.717.097,60;;;;
PI;2203255;CURRALINHOS;6.753.039,17;2.204.070,82;3.317.110,48;472.197,17;5.993.378,47;12.746.417,64;;;;
PI;2203305;DEMERVAL LOBAO;20.580.585,75;6.717.133,90;10.269.402,23;1.714.523,21;18.701.059,34;39.281.645,09;;;;
PI;2203354;DIRCEU ARCOVERDE;8.980.000,29;2.930.910,97;1.716.656,74;0,00;4.647.567,71;13.627.568,00;;;;
PI;2203404;DOM EXPEDITO LOPES;6.164.175,99;2.011.876,44;3.014.689,81;571.271,06;5.597.837,31;11.762.013,30;;;;
PI;2203453;DOM INOCENCIO;8.042.165,25;2.624.818,44;0,00;662.012,13;3.286.830,57;11.328.995,82;;;;
PI;2203420;DOMINGOS MOURAO;7.742.526,88;2.527.021,84;4.615.444,32;541.715,02;7.684.181,18;15.426.708,06;;;;
PI;2203503;ELESBAO VELOSO;9.176.773,18;2.995.134,10;3.125.537,62;775.228,97;6.895.900,69;16.072.673,87;;;;
PI;2203602;ELISEU MARTINS;3.573.429,21;1.166.303,18;361.408,27;0,00;1.527.711,45;5.101.140,66;;;;
PI;2203701;ESPERANTINA;52.012.542,18;16.975.960,49;36.556.837,83;3.371.065,77;56.903.864,09;108.916.406,27;;;;
PI;2203750;FARTURA DO PIAUI;8.674.406,40;2.831.170,60;3.550.587,49;311.968,36;6.693.726,45;15.368.132,85;;;;
PI;2203800;FLORES DO PIAUI;4.910.787,57;1.602.792,95;1.967.390,42;0,00;3.570.183,37;8.480.970,94;;;;
PI;2203859;FLORESTA DO PIAUI;3.337.230,67;1.089.212,21;872.842,04;306.227,88;2.268.282,13;5.605.512,80;;;;
PI;2203909;FLORIANO;44.827.553,65;14.630.909,15;18.394.318,43;3.650.706,70;36.675.934,28;81.503.487,93;;;;
PI;2204006;FRANCINOPOLIS;5.927.526,02;1.934.638,14;3.155.494,74;490.773,82;5.580.906,70;11.508.432,72;;;;
PI;2204105;FRANCISCO AYRES;4.140.154,58;1.351.272,17;536.030,68;0,00;1.887.302,85;6.027.457,43;;;;
PI;2204154;FRANCISCO MACEDO;4.023.973,24;1.313.352,66;1.527.074,04;186.288,62;3.026.715,32;7.050.688,56;;;;
PI;2204204;FRANCISCO SANTOS;6.595.856,53;2.152.769,22;3.147.690,57;226.094,94;5.526.554,73;12.122.411,26;;;;
PI;2204303;FRONTEIRAS;11.755.755,19;3.836.867,56;8.523.319,40;471.548,80;12.831.735,76;24.587.490,95;;;;
PI;2204352;GEMINIANO;4.678.426,51;1.526.954,47;931.369,32;384.587,27;2.842.911,06;7.521.337,57;;;;
PI;2204402;GILBUES;15.149.643,60;4.944.571,84;6.806.727,54;312.797,59;12.064.096,97;27.213.740,57;;;;
PI;2204501;GUADALUPE;12.737.996,36;4.157.453,45;5.627.508,57;0,00;9.784.962,02;22.522.958,38;;;;
PI;2204550;GUARIBAS;7.411.734,57;2.419.057,17;4.277.084,33;487.267,05;7.183.408,55;14.595.143,12;;;;
PI;2204600;HUGO NAPOLEAO;4.687.658,39;1.529.967,58;2.002.932,45;0,00;3.532.900,03;8.220.558,42;;;;
PI;2204659;ILHA GRANDE;10.424.182,76;3.402.266,21;4.309.471,63;906.559,46;8.618.297,30;19.042.480,06;;;;
PI;2204709;INHUMA;10.945.472,05;3.572.405,68;5.199.235,98;1.042.544,07;9.814.185,73;20.759.657,78;;;;
PI;2204808;IPIRANGA DO PIAUI;11.059.291,13;3.609.554,18;9.183.413,01;888.879,81;13.681.847,00;24.741.138,13;;;;
PI;2204907;ISAIAS COELHO;9.062.548,76;2.957.853,31;4.811.253,73;386.780,79;8.155.887,83;17.218.436,59;;;;
PI;2205003;ITAINOPOLIS;8.920.138,20;2.911.373,05;2.563.671,16;849.770,07;6.324.814,28;15.244.952,48;;;;
PI;2205102;ITAUEIRA;7.575.212,38;2.472.413,40;2.069.206,33;505.333,20;5.046.952,93;12.622.165,31;;;;
PI;2205151;JACOBINA DO PIAUI;13.163.677,31;4.296.388,07;10.948.984,56;1.091.153,80;16.336.526,43;29.500.203,74;;;;
PI;2205201;JAICOS;14.405.841,23;4.701.808,09;4.102.703,37;748.978,58;9.553.490,04;23.959.331,27;;;;
PI;2205250;JARDIM DO MULATO;4.815.698,79;1.571.757,68;2.073.489,75;137.797,39;3.783.044,82;8.598.743,61;;;;
PI;2205276;JATOBA DO PIAUI;5.332.809,70;1.740.533,40;609.161,83;0,00;2.349.695,23;7.682.504,93;;;;
PI;2205300;JERUMENHA;4.579.883,80;1.494.791,89;833.466,43;0,00;2.328.258,32;6.908.142,12;;;;
PI;2205359;JOAO COSTA;2.898.276,89;945.945,58;63.242,70;243.851,68;1.253.039,96;4.151.316,85;;;;
PI;2205409;JOAQUIM PIRES;15.635.821,64;5.103.251,62;8.151.536,96;0,00;13.254.788,58;28.890.610,22;;;;
PI;2205458;JOCA MARQUES;11.907.063,11;3.886.251,74;12.208.676,70;0,00;16.094.928,44;28.001.991,55;;;;
PI;2205508;JOSE DE FREITAS;37.479.816,60;12.232.739,62;14.461.691,16;3.269.106,74;29.963.537,52;67.443.354,12;;;;
PI;2205516;JUAZEIRO DO PIAUI;6.906.751,43;2.254.239,73;2.264.524,50;0,00;4.518.764,23;11.425.515,66;;;;
PI;2205524;JULIO BORGES;8.348.272,00;2.724.726,19;4.335.828,22;0,00;7.060.554,41;15.408.826,41;;;;
PI;2205532;JUREMA;6.170.701,04;2.014.006,09;2.975.813,08;0,00;4.989.819,17;11.160.520,21;;;;
PI;2205557;LAGOA ALEGRE;13.244.704,75;4.322.833,98;6.481.731,87;0,00;10.804.565,85;24.049.270,60;;;;
PI;2205573;LAGOA DE SAO FRANCISCO;9.536.265,75;3.112.466,03;4.684.512,87;833.929,41;8.630.908,31;18.167.174,06;;;;
PI;2205565;LAGOA DO BARRO DO PIAUI;5.561.616,01;1.815.211,67;0,00;0,00;1.815.211,67;7.376.827,68;;;;
PI;2205581;LAGOA DO PIAUI;5.258.012,30;1.716.120,87;2.290.699,74;508.766,11;4.515.586,72;9.773.599,02;;;;
PI;2205599;LAGOA DO SITIO;5.033.902,11;1.642.975,32;1.733.512,56;181.760,15;3.558.248,03;8.592.150,14;;;;
PI;2205540;LAGOINHA DO PIAUI;3.100.192,97;1.011.847,35;1.109.632,78;0,00;2.121.480,13;5.221.673,10;;;;
PI;2205607;LANDRI SALES;9.238.911,84;3.015.415,05;4.905.630,84;312.143,15;8.233.189,04;17.472.100,88;;;;
PI;2205706;LUIS CORREIA;29.490.544,62;9.625.184,61;10.772.202,77;0,00;20.397.387,38;49.887.932,00;;;;
PI;2205805;LUZILANDIA;35.296.037,92;11.519.993,45;21.691.225,14;2.451.041,82;35.662.260,41;70.958.298,33;;;;
PI;2205854;MADEIRO;10.573.521,13;3.451.007,57;0,00;875.147,00;4.326.154,57;14.899.675,70;;;;
PI;2205904;MANOEL EMIDIO;5.139.613,52;1.677.477,63;2.053.384,19;432.809,60;4.163.671,42;9.303.284,94;;;;
PI;2205953;MARCOLANDIA;11.845.477,63;3.866.151,35;4.467.146,40;1.174.739,71;9.508.037,46;21.353.515,09;;;;
PI;2206001;MARCOS PARENTE;5.481.219,89;1.788.971,82;2.395.943,23;0,00;4.184.915,05;9.666.134,94;;;;
PI;2206050;MASSAPE DO PIAUI;5.529.540,88;1.804.742,93;913.334,71;0,00;2.718.077,64;8.247.618,52;;;;
PI;2206100;MATIAS OLIMPIO;12.610.245,94;4.115.758,00;6.837.902,69;1.023.824,77;11.977.485,46;24.587.731,40;;;;
PI;2206209;MIGUEL ALVES;58.400.203,18;19.060.778,42;43.435.081,37;1.815.684,33;64.311.544,12;122.711.747,30;;;;
PI;2206308;MIGUEL LEAO;2.118.598,54;691.472,55;31.219,30;88.763,78;811.455,63;2.930.054,17;;;;
PI;2206357;MILTON BRANDAO;5.932.896,64;1.936.391,01;1.351.482,83;464.166,17;3.752.040,01;9.684.936,65;;;;
PI;2206407;MONSENHOR GIL;10.924.383,23;3.565.522,66;4.471.140,01;0,00;8.036.662,67;18.961.045,90;;;;
PI;2206506;MONSENHOR HIPOLITO;10.596.573,40;3.458.531,42;6.990.512,87;0,00;10.449.044,29;21.045.617,69;;;;
PI;2206605;MONTE ALEGRE DO PIAUI;12.362.334,97;4.034.844,32;3.066.724,67;473.327,55;7.574.896,54;19.937.231,51;;;;
PI;2206654;MORRO CABECA NO TEMPO;7.652.619,86;2.497.677,81;4.359.042,12;408.114,44;7.264.834,37;14.917.454,23;;;;
PI;2206670;MORRO DO CHAPEU DO PIAUI;10.917.074,92;3.563.137,36;7.836.159,89;362.389,60;11.761.686,85;22.678.761,77;;;;
PI;2206696;MURICI DOS PORTELAS;9.034.744,85;2.948.778,60;2.383.993,86;0,00;5.332.772,46;14.367.517,31;;;;
PI;2206704;NAZARE DO PIAUI;6.369.207,39;2.078.795,01;2.250.744,48;265.453,50;4.594.992,99;10.964.200,38;;;;
PI;2206720;NAZARIA;11.637.959,61;3.798.421,19;5.291.477,19;0,00;9.089.898,38;20.727.857,99;;;;
PI;2206753;NOSSA SENHORA DE NAZARE;12.706.039,18;4.147.023,20;8.840.000,17;538.155,01;13.525.178,38;26.231.217,56;;;;
PI;2206803;NOSSA SENHORA DOS REMEDIOS;24.065.645,87;7.854.594,99;16.591.999,87;0,00;24.446.594,86;48.512.240,73;;;;
PI;2207959;NOVA SANTA RITA;4.579.217,81;1.494.574,53;2.002.810,09;0,00;3.497.384,62;8.076.602,43;;;;
PI;2206902;NOVO ORIENTE DO PIAUI;4.741.268,29;1.547.464,90;2.508.681,29;0,00;4.056.146,19;8.797.414,48;;;;
PI;2206951;NOVO SANTO ANTONIO;4.531.804,26;1.479.099,59;2.030.900,00;345.631,60;3.855.631,19;8.387.435,45;;;;
PI;2207009;OEIRAS;33.411.507,00;10.904.916,37;12.331.979,83;0,00;23.236.896,20;56.648.403,20;;;;
PI;2207108;OLHO DAGUA DO PIAUI;3.883.141,22;1.267.387,62;1.325.141,55;150.616,98;2.743.146,15;6.626.287,37;;;;
PI;2207207;PADRE MARCOS;9.527.794,33;3.109.701,11;5.831.329,06;726.319,75;9.667.349,92;19.195.144,25;;;;
PI;2207306;PAES LANDIM;4.756.947,52;1.552.582,31;1.284.215,87;406.185,14;3.242.983,32;7.999.930,84;;;;
PI;2207355;PAJEU DO PIAUI;3.129.368,84;1.021.369,84;1.187.346,13;242.002,91;2.450.718,88;5.580.087,72;;;;
PI;2207405;PALMEIRA DO PIAUI;6.816.088,98;2.224.649,14;5.011.344,76;523.205,88;7.759.199,78;14.575.288,76;;;;
PI;2207504;PALMEIRAIS;18.121.607,62;5.914.567,56;6.791.500,00;876.266,69;13.582.334,25;31.703.941,87;;;;
PI;2207553;PAQUETA;9.138.982,42;2.982.799,88;4.104.909,94;720.129,01;7.807.838,83;16.946.821,25;;;;
PI;2207603;PARNAGUA;9.786.795,39;3.194.234,41;2.932.268,40;946.563,92;7.073.066,73;16.859.862,12;;;;
PI;2207702;PARNAIBA;97.315.350,58;31.761.984,26;24.672.313,30;0,00;56.434.297,56;153.749.648,14;;;;
PI;2207751;PASSAGEM FRANCA DO PIAUI;7.680.068,68;2.506.636,61;3.305.276,63;610.776,24;6.422.689,48;14.102.758,16;;;;
PI;2207777;PATOS DO PIAUI;7.560.927,48;2.467.751,06;6.000.844,01;571.400,41;9.039.995,48;16.600.922,96;;;;
PI;2207793;PAU DARCO DO PIAUI;3.894.420,46;1.271.068,96;1.097.502,12;349.706,48;2.718.277,56;6.612.698,02;;;;
PI;2207801;PAULISTANA;22.523.521,62;7.351.273,31;8.576.155,48;0,00;15.927.428,79;38.450.950,41;;;;
PI;2207850;PAVUSSU;4.462.183,89;1.456.376,75;3.660.190,75;266.429,87;5.382.997,37;9.845.181,26;;;;
PI;2207900;PEDRO II;33.937.313,72;11.076.530,25;12.462.276,78;2.874.570,66;26.413.377,69;60.350.691,41;;;;
PI;2207934;PEDRO LAURENTINO;2.165.723,79;706.853,39;0,00;75.553,93;782.407,32;2.948.131,11;;;;
PI;2208007;PICOS;43.864.339,82;14.316.533,44;11.844.283,22;3.567.836,95;29.728.653,61;73.592.993,43;;;;
PI;2208106;PIMENTEIRAS;9.316.906,84;3.040.871,22;4.936.441,06;0,00;7.977.312,28;17.294.219,12;;;;
PI;2208205;PIO IX;18.380.722,83;5.999.138,12;11.301.741,45;0,00;17.300.879,57;35.681.602,40;;;;
PI;2208304;PIRACURUCA;24.298.241,61;7.930.510,07;11.072.517,67;2.351.706,75;21.354.734,49;45.652.976,10;;;;
PI;2208403;PIRIPIRI;65.515.087,04;21.382.948,85;36.593.739,06;5.476.994,70;63.453.682,61;128.968.769,65;;;;
PI;2208502;PORTO;19.716.431,62;6.435.089,50;12.636.637,22;1.590.506,73;20.662.233,45;40.378.665,07;;;;
PI;2208551;PORTO ALEGRE DO PIAUI;3.175.616,80;1.036.464,34;1.923.822,67;235.164,60;3.195.451,61;6.371.068,41;;;;
PI;2208601;PRATA DO PIAUI;3.755.264,42;1.225.650,92;985.543,31;166.406,65;2.377.600,88;6.132.865,30;;;;
PI;2208650;QUEIMADA NOVA;11.072.839,66;3.613.976,18;6.844.088,77;684.971,22;11.143.036,17;22.215.875,83;;;;
PI;2208700;REDENCAO DO GURGUEIA;12.033.792,31;3.927.613,88;7.038.252,40;305.495,84;11.271.362,12;23.305.154,43;;;;
PI;2208809;REGENERACAO;22.878.044,73;7.466.983,29;17.641.705,97;1.661.756,03;26.770.445,29;49.648.490,02;;;;
PI;2208858;RIACHO FRIO;11.798.979,88;3.850.975,32;8.371.014,06;907.330,35;13.129.319,73;24.928.299,61;;;;
PI;2208874;RIBEIRA DO PIAUI;4.782.471,60;1.560.912,92;865.147,88;162.201,16;2.588.261,96;7.370.733,56;;;;
PI;2208908;RIBEIRO GONCALVES;9.100.691,01;2.970.302,25;963.886,50;605.986,03;4.540.174,78;13.640.865,79;;;;
PI;2209005;RIO GRANDE DO PIAUI;6.405.428,89;2.090.617,05;3.380.262,04;482.354,45;5.953.233,54;12.358.662,43;;;;
PI;2209104;SANTA CRUZ DO PIAUI;5.779.119,87;1.886.201,03;3.496.603,14;0,00;5.382.804,17;11.161.924,04;;;;
PI;2209153;SANTA CRUZ DOS MILAGRES;3.528.816,40;1.151.742,36;212.902,27;0,00;1.364.644,63;4.893.461,03;;;;
PI;2209203;SANTA FILOMENA;6.986.574,19;2.280.292,46;1.643.910,72;567.207,31;4.491.410,49;11.477.984,68;;;;
PI;2209302;SANTA LUZ;7.141.096,40;2.330.725,73;4.136.486,64;0,00;6.467.212,37;13.608.308,77;;;;
PI;2209377;SANTA ROSA DO PIAUI;4.411.612,69;1.439.871,22;104.738,22;0,00;1.544.609,44;5.956.222,13;;;;
PI;2209351;SANTANA DO PIAUI;5.346.612,01;1.745.038,22;2.559.590,82;400.488,27;4.705.117,31;10.051.729,32;;;;
PI;2209401;SANTO ANTONIO DE LISBOA;4.388.554,68;1.432.345,50;1.511.256,46;0,00;2.943.601,96;7.332.156,64;;;;
PI;2209450;SANTO ANTONIO DOS MILAGRES;3.560.767,81;1.162.170,72;1.026.833,38;311.034,03;2.500.038,13;6.060.805,94;;;;
PI;2209500;SANTO INACIO DO PIAUI;5.377.244,89;1.755.036,25;3.640.038,80;242.557,61;5.637.632,66;11.014.877,55;;;;
PI;2209559;SAO BRAZ DO PIAUI;5.911.506,19;1.929.409,55;3.462.910,16;373.791,10;5.766.110,81;11.677.617,00;;;;
PI;2209609;SAO FELIX DO PIAUI;3.803.049,01;1.241.246,96;1.537.748,11;0,00;2.778.995,07;6.582.044,08;;;;
PI;2209658;SAO FRANCISCO DE ASSIS DO PIAUI;7.584.129,20;2.475.323,69;5.589.112,52;211.171,82;8.275.608,03;15.859.737,23;;;;
PI;2209708;SAO FRANCISCO DO PIAUI;6.190.376,69;2.020.427,87;1.298.238,40;471.755,08;3.790.421,35;9.980.798,04;;;;
PI;2209757;SAO GONCALO DO GURGUEIA;3.230.025,57;1.054.222,39;0,00;261.044,30;1.315.266,69;4.545.292,26;;;;
PI;2209807;SAO GONCALO DO PIAUI;3.828.210,01;1.249.459,06;140.949,83;0,00;1.390.408,89;5.218.618,90;;;;
PI;2209856;SAO JOAO DA CANABRAVA;7.030.267,52;2.294.553,17;1.896.937,72;318.540,33;4.510.031,22;11.540.298,74;;;;
PI;2209872;SAO JOAO DA FRONTEIRA;6.148.223,71;2.006.669,90;2.348.681,35;0,00;4.355.351,25;10.503.574,96;;;;
PI;2209906;SAO JOAO DA SERRA;5.133.761,09;1.675.567,50;2.467.013,80;264.682,80;4.407.264,10;9.541.025,19;;;;
PI;2209955;SAO JOAO DA VARJOTA;6.615.711,47;2.159.249,51;5.080.818,84;495.835,09;7.735.903,44;14.351.614,91;;;;
PI;2209971;SAO JOAO DO ARRAIAL;13.026.784,47;4.251.708,71;4.214.271,86;503.095,76;8.969.076,33;21.995.860,80;;;;
PI;2210003;SAO JOAO DO PIAUI;24.680.863,78;8.055.391,08;17.922.829,69;815.542,70;26.793.763,47;51.474.627,25;;;;
PI;2210052;SAO JOSE DO DIVINO;5.462.243,29;1.782.778,20;2.352.587,80;522.219,49;4.657.585,49;10.119.828,78;;;;
PI;2210102;SAO JOSE DO PEIXE;3.986.272,46;1.301.047,80;1.075.144,04;290.211,58;2.666.403,42;6.652.675,88;;;;
PI;2210201;SAO JOSE DO PIAUI;4.965.275,41;1.620.576,80;1.995.545,09;430.893,09;4.047.014,98;9.012.290,39;;;;
PI;2210300;SAO JULIAO;6.320.946,07;2.063.043,38;4.891.302,14;626.736,33;7.581.081,85;13.902.027,92;;;;
PI;2210359;SAO LOURENCO DO PIAUI;4.770.449,87;1.556.989,24;0,00;141.428,01;1.698.417,25;6.468.867,12;;;;
PI;2210375;SAO LUIS DO PIAUI;2.258.796,67;737.230,70;151.820,20;210.342,52;1.099.393,42;3.358.190,09;;;;
PI;2210383;SAO MIGUEL DA BAIXA GRANDE;2.124.428,79;693.375,44;137.634,32;202.226,62;1.033.236,38;3.157.665,17;;;;
PI;2210391;SAO MIGUEL DO FIDALGO;4.034.017,68;1.316.630,99;2.318.728,74;262.141,21;3.897.500,94;7.931.518,62;;;;
PI;2210409;SAO MIGUEL DO TAPUIO;25.937.217,20;8.465.442,30;16.876.908,41;0,00;25.342.350,71;51.279.567,91;;;;
PI;2210508;SAO PEDRO DO PIAUI;19.459.764,98;6.351.318,11;13.644.084,70;707.682,89;20.703.085,70;40.162.850,68;;;;
PI;2210607;SAO RAIMUNDO NONATO;42.701.446,87;13.936.986,05;28.884.257,02;2.874.526,57;45.695.769,64;88.397.216,51;;;;
PI;2210623;SEBASTIAO BARROS;5.728.728,75;1.869.754,27;1.517.024,52;154.058,82;3.540.837,61;9.269.566,36;;;;
PI;2210631;SEBASTIAO LEAL;5.068.744,44;1.654.347,23;812.066,22;222.049,48;2.688.462,93;7.757.207,37;;;;
PI;2210656;SIGEFREDO PACHECO;8.345.547,96;2.723.837,11;3.221.573,42;663.323,63;6.608.734,16;14.954.282,12;;;;
PI;2210706;SIMOES;20.439.376,91;6.671.045,87;7.161.986,76;1.635.989,19;15.469.021,82;35.908.398,73;;;;
PI;2210805;SIMPLICIO MENDES;14.806.227,69;4.832.487,04;9.002.748,01;0,00;13.835.235,05;28.641.462,74;;;;
PI;2210904;SOCORRO DO PIAUI;4.819.545,62;1.573.013,21;1.381.385,58;335.561,55;3.289.960,34;8.109.505,96;;;;
PI;2210938;SUSSUAPARA;6.907.362,91;2.254.439,31;4.853.877,21;410.057,43;7.518.373,95;14.425.736,86;;;;
PI;2210953;TAMBORIL DO PIAUI;3.950.425,85;1.289.348,11;1.193.199,78;162.797,68;2.645.345,57;6.595.771,42;;;;
PI;2210979;TANQUE DO PIAUI;2.933.208,70;957.346,69;721.180,80;0,00;1.678.527,49;4.611.736,19;;;;
PI;2211001;TERESINA;486.305.700,58;158.721.454,72;0,00;0,00;158.721.454,72;645.027.155,30;;;;
PI;2211100;UNIAO;57.281.167,65;18.695.545,31;34.272.951,98;4.361.249,23;57.329.746,52;114.610.914,17;;;;
PI;2211209;URUCUI;20.503.937,24;6.692.117,21;0,00;834.037,53;7.526.154,74;28.030.091,98;;;;
PI;2211308;VALENCA DO PIAUI;15.694.309,14;5.122.340,89;5.015.564,60;701.644,16;10.839.549,65;26.533.858,79;;;;
PI;2211357;VARZEA BRANCA;6.968.136,49;2.274.274,72;3.525.093,23;183.817,19;5.983.185,14;12.951.321,63;;;;
PI;2211407;VARZEA GRANDE;5.948.959,36;1.941.633,59;5.539.079,76;222.457,97;7.703.171,32;13.652.130,68;;;;
PI;2211506;VERA MENDES;5.849.047,39;1.909.024,11;4.444.546,16;177.096,07;6.530.666,34;12.379.713,73;;;;
PI;2211605;VILA NOVA DO PIAUI;6.077.283,97;1.983.516,44;6.027.166,34;585.753,53;8.596.436,31;14.673.720,28;;;;
PI;2211704;WALL FERRAZ;9.764.049,74;3.186.810,64;6.289.953,70;734.476,99;10.211.241,33;19.975.291,07;;;;
PR;4100103;ABATIA;6.883.631,35;0,00;112.235,72;0,00;112.235,72;6.995.867,07;;;;
PR;4100202;ADRIANOPOLIS;5.157.083,98;0,00;0,00;0,00;0,00;5.157.083,98;;;;
PR;4100301;AGUDOS DO SUL;10.027.102,79;0,00;1.346.453,73;347.993,70;1.694.447,43;11.721.550,22;;;;
PR;4100400;ALMIRANTE TAMANDARE;69.507.757,47;0,00;0,00;0,00;0,00;69.507.757,47;;;;
PR;4100459;ALTAMIRA DO PARANA;2.953.402,14;0,00;0,00;213.256,00;213.256,00;3.166.658,14;;;;
PR;4128625;ALTO PARAISO;3.623.603,83;0,00;0,00;0,00;0,00;3.623.603,83;;;;
PR;4100608;ALTO PARANA;13.420.582,01;0,00;102.990,78;484.978,65;587.969,43;14.008.551,44;;;;
PR;4100707;ALTO PIQUIRI;9.036.754,88;0,00;0,00;629.008,59;629.008,59;9.665.763,47;;;;
PR;4100509;ALTONIA;15.657.546,23;0,00;372.876,13;559.002,43;931.878,56;16.589.424,79;;;;
PR;4100806;ALVORADA DO SUL;8.536.980,97;0,00;0,00;609.433,35;609.433,35;9.146.414,32;;;;
PR;4100905;AMAPORA;4.787.232,30;0,00;0,00;0,00;0,00;4.787.232,30;;;;
PR;4101002;AMPERE;17.622.939,24;0,00;102.089,58;0,00;102.089,58;17.725.028,82;;;;
PR;4101051;ANAHY;2.662.264,60;0,00;0,00;0,00;0,00;2.662.264,60;;;;
PR;4101101;ANDIRA;16.274.698,21;0,00;0,00;559.685,30;559.685,30;16.834.383,51;;;;
PR;4101150;ANGULO;3.369.267,99;0,00;0,00;0,00;0,00;3.369.267,99;;;;
PR;4101200;ANTONINA;12.961.482,90;0,00;0,00;0,00;0,00;12.961.482,90;;;;
PR;4101309;ANTONIO OLINTO;5.772.026,29;0,00;0,00;405.445,38;405.445,38;6.177.471,67;;;;
PR;4101408;APUCARANA;121.257.578,93;0,00;6.204.230,75;0,00;6.204.230,75;127.461.809,68;;;;
PR;4101507;ARAPONGAS;88.043.477,54;0,00;0,00;3.175.940,31;3.175.940,31;91.219.417,85;;;;
PR;4101606;ARAPOTI;22.855.393,41;0,00;0,00;0,00;0,00;22.855.393,41;;;;
PR;4101655;ARAPUA;2.928.808,16;0,00;0,00;0,00;0,00;2.928.808,16;;;;
PR;4101705;ARARUNA;11.109.294,58;0,00;0,00;805.716,77;805.716,77;11.915.011,35;;;;
PR;4101804;ARAUCARIA;146.598.594,19;0,00;0,00;0,00;0,00;146.598.594,19;;;;
PR;4101853;ARIRANHA DO IVAI;2.297.260,42;0,00;0,00;0,00;0,00;2.297.260,42;;;;
PR;4101903;ASSAI;11.316.272,90;0,00;0,00;781.660,76;781.660,76;12.097.933,66;;;;
PR;4102000;ASSIS CHATEAUBRIAND;31.275.149,17;0,00;0,00;2.153.104,72;2.153.104,72;33.428.253,89;;;;
PR;4102109;ASTORGA;20.628.490,71;0,00;0,00;1.464.297,74;1.464.297,74;22.092.788,45;;;;
PR;4102208;ATALAIA;4.774.268,66;0,00;293.299,41;283.136,84;576.436,25;5.350.704,91;;;;
PR;4102307;BALSA NOVA;15.180.382,93;0,00;0,00;1.019.908,71;1.019.908,71;16.200.291,64;;;;
PR;4102406;BANDEIRANTES;24.316.333,14;0,00;440.576,02;0,00;440.576,02;24.756.909,16;;;;
PR;4102505;BARBOSA FERRAZ;7.593.032,24;0,00;0,00;549.517,88;549.517,88;8.142.550,12;;;;
PR;4102703;BARRA DO JACARE;2.815.049,94;0,00;0,00;0,00;0,00;2.815.049,94;;;;
PR;4102604;BARRACAO;9.115.913,37;0,00;0,00;0,00;0,00;9.115.913,37;;;;
PR;4102752;BELA VISTA DA CAROBA;4.094.338,88;0,00;647.358,28;208.448,85;855.807,13;4.950.146,01;;;;
PR;4102802;BELA VISTA DO PARAISO;12.181.073,80;0,00;0,00;0,00;0,00;12.181.073,80;;;;
PR;4102901;BITURUNA;16.708.987,51;0,00;2.298.646,47;1.183.317,50;3.481.963,97;20.190.951,48;;;;
PR;4103008;BOA ESPERANCA;3.721.674,07;0,00;0,00;0,00;0,00;3.721.674,07;;;;
PR;4103024;BOA ESPERANCA DO IGUACU;2.630.092,23;0,00;0,00;196.917,01;196.917,01;2.827.009,24;;;;
PR;4103040;BOA VENTURA DE SAO ROQUE;6.218.371,63;0,00;0,00;434.502,52;434.502,52;6.652.874,15;;;;
PR;4103057;BOA VISTA DA APARECIDA;8.376.091,06;0,00;268.548,39;573.278,49;841.826,88;9.217.917,94;;;;
PR;4103107;BOCAIUVA DO SUL;12.586.969,03;0,00;195.900,32;0,00;195.900,32;12.782.869,35;;;;
PR;4103156;BOM JESUS DO SUL;6.606.416,14;0,00;2.191.086,06;325.999,28;2.517.085,34;9.123.501,48;;;;
PR;4103206;BOM SUCESSO;6.721.299,03;0,00;408.957,69;0,00;408.957,69;7.130.256,72;;;;
PR;4103222;BOM SUCESSO DO SUL;3.279.838,37;0,00;0,00;248.539,90;248.539,90;3.528.378,27;;;;
PR;4103305;BORRAZOPOLIS;5.439.510,38;0,00;0,00;0,00;0,00;5.439.510,38;;;;
PR;4103354;BRAGANEY;5.174.980,08;0,00;0,00;0,00;0,00;5.174.980,08;;;;
PR;4103370;BRASILANDIA DO SUL;3.432.919,34;0,00;0,00;126.741,82;126.741,82;3.559.661,16;;;;
PR;4103404;CAFEARA;2.382.507,98;0,00;0,00;168.601,75;168.601,75;2.551.109,73;;;;
PR;4103453;CAFELANDIA;20.827.682,52;0,00;1.042.981,96;759.494,87;1.802.476,83;22.630.159,35;;;;
PR;4103479;CAFEZAL DO SUL;4.314.910,37;0,00;0,00;274.091,81;274.091,81;4.589.002,18;;;;
PR;4103503;CALIFORNIA;8.811.908,63;0,00;798.807,82;0,00;798.807,82;9.610.716,45;;;;
PR;4103602;CAMBARA;17.792.597,40;0,00;0,00;0,00;0,00;17.792.597,40;;;;
PR;4103701;CAMBE;78.127.013,36;0,00;0,00;0,00;0,00;78.127.013,36;;;;
PR;4103800;CAMBIRA;8.496.459,16;0,00;0,00;295.548,80;295.548,80;8.792.007,96;;;;
PR;4103909;CAMPINA DA LAGOA;15.220.368,21;0,00;323.763,03;1.058.278,21;1.382.041,24;16.602.409,45;;;;
PR;4103958;CAMPINA DO SIMAO;4.324.229,34;0,00;0,00;346.320,67;346.320,67;4.670.550,01;;;;
PR;4104006;CAMPINA GRANDE DO SUL;44.668.119,59;0,00;0,00;3.106.400,62;3.106.400,62;47.774.520,21;;;;
PR;4104055;CAMPO BONITO;4.036.294,90;0,00;0,00;143.267,42;143.267,42;4.179.562,32;;;;
PR;4104105;CAMPO DO TENENTE;7.672.145,92;0,00;0,00;0,00;0,00;7.672.145,92;;;;
PR;4104204;CAMPO LARGO;108.842.317,71;0,00;0,00;7.780.019,33;7.780.019,33;116.622.337,04;;;;
PR;4104253;CAMPO MAGRO;21.079.371,83;0,00;0,00;0,00;0,00;21.079.371,83;;;;
PR;4104303;CAMPO MOURAO;76.438.672,61;0,00;0,00;0,00;0,00;76.438.672,61;;;;
PR;4104402;CANDIDO DE ABREU;11.645.278,44;0,00;0,00;405.933,24;405.933,24;12.051.211,68;;;;
PR;4104428;CANDOI;16.161.917,83;0,00;0,00;1.093.772,53;1.093.772,53;17.255.690,36;;;;
PR;4104451;CANTAGALO;12.538.274,51;0,00;1.646.298,17;439.362,53;2.085.660,70;14.623.935,21;;;;
PR;4104501;CAPANEMA;18.278.648,96;0,00;0,00;1.256.292,51;1.256.292,51;19.534.941,47;;;;
PR;4104600;CAPITAO LEONIDAS MARQUES;14.219.660,62;0,00;0,00;0,00;0,00;14.219.660,62;;;;
PR;4104659;CARAMBEI;21.899.184,05;0,00;0,00;759.768,02;759.768,02;22.658.952,07;;;;
PR;4104709;CARLOPOLIS;12.492.238,12;0,00;0,00;0,00;0,00;12.492.238,12;;;;
PR;4104808;CASCAVEL;257.977.492,97;0,00;0,00;8.779.714,30;8.779.714,30;266.757.207,27;;;;
PR;4104907;CASTRO;73.903.268,47;0,00;0,00;2.368.830,02;2.368.830,02;76.272.098,49;;;;
PR;4105003;CATANDUVAS;8.296.251,94;0,00;0,00;0,00;0,00;8.296.251,94;;;;
PR;4105102;CENTENARIO DO SUL;9.613.185,54;0,00;960.087,90;321.907,83;1.281.995,73;10.895.181,27;;;;
PR;4105201;CERRO AZUL;13.344.789,04;0,00;155.525,90;877.332,18;1.032.858,08;14.377.647,12;;;;
PR;4105300;CEU AZUL;9.409.936,75;0,00;0,00;0,00;0,00;9.409.936,75;;;;
PR;4105409;CHOPINZINHO;18.900.574,93;0,00;0,00;1.196.272,36;1.196.272,36;20.096.847,29;;;;
PR;4105508;CIANORTE;66.676.162,18;0,00;0,00;0,00;0,00;66.676.162,18;;;;
PR;4105607;CIDADE GAUCHA;11.809.647,89;0,00;0,00;404.808,99;404.808,99;12.214.456,88;;;;
PR;4105706;CLEVELANDIA;15.659.505,63;0,00;1.766.911,65;996.300,56;2.763.212,21;18.422.717,84;;;;
PR;4105805;COLOMBO;193.867.374,12;0,00;0,00;0,00;0,00;193.867.374,12;;;;
PR;4105904;COLORADO;15.155.834,43;0,00;0,00;0,00;0,00;15.155.834,43;;;;
PR;4106001;CONGONHINHAS;8.084.027,92;0,00;49.150,01;283.939,91;333.089,92;8.417.117,84;;;;
PR;4106100;CONSELHEIRO MAIRINCK;3.402.516,02;0,00;0,00;265.545,98;265.545,98;3.668.062,00;;;;
PR;4106209;CONTENDA;17.451.082,06;0,00;0,00;1.255.406,49;1.255.406,49;18.706.488,55;;;;
PR;4106308;CORBELIA;17.712.121,10;0,00;3.563.822,86;1.198.723,85;4.762.546,71;22.474.667,81;;;;
PR;4106407;CORNELIO PROCOPIO;28.392.033,90;0,00;0,00;0,00;0,00;28.392.033,90;;;;
PR;4106456;CORONEL DOMINGOS SOARES;7.475.880,26;0,00;35.855,86;0,00;35.855,86;7.511.736,12;;;;
PR;4106506;CORONEL VIVIDA;19.163.715,05;0,00;0,00;0,00;0,00;19.163.715,05;;;;
PR;4106555;CORUMBATAI DO SUL;3.446.140,28;0,00;0,00;236.011,45;236.011,45;3.682.151,73;;;;
PR;4106803;CRUZ MACHADO;12.998.093,52;0,00;0,00;908.930,63;908.930,63;13.907.024,15;;;;
PR;4106571;CRUZEIRO DO IGUACU;4.373.434,48;0,00;0,00;322.158,68;322.158,68;4.695.593,16;;;;
PR;4106605;CRUZEIRO DO OESTE;19.557.234,75;0,00;0,00;0,00;0,00;19.557.234,75;;;;
PR;4106704;CRUZEIRO DO SUL;3.769.753,09;0,00;0,00;292.969,03;292.969,03;4.062.722,12;;;;
PR;4106852;CRUZMALTINA;2.938.013,17;0,00;0,00;0,00;0,00;2.938.013,17;;;;
PR;4106902;CURITIBA;1.041.096.354,22;0,00;0,00;0,00;0,00;1.041.096.354,22;;;;
PR;4107009;CURIUVA;10.626.582,76;0,00;0,00;771.603,64;771.603,64;11.398.186,40;;;;
PR;4107108;DIAMANTE DO NORTE;3.663.023,99;0,00;0,00;281.624,15;281.624,15;3.944.648,14;;;;
PR;4107124;DIAMANTE DO SUL;3.010.106,36;0,00;0,00;98.968,87;98.968,87;3.109.075,23;;;;
PR;4107157;DIAMANTE DOESTE;3.875.732,97;0,00;0,00;294.453,50;294.453,50;4.170.186,47;;;;
PR;4107207;DOIS VIZINHOS;42.742.092,12;0,00;1.228.101,86;0,00;1.228.101,86;43.970.193,98;;;;
PR;4107256;DOURADINA;8.151.178,13;0,00;0,00;0,00;0,00;8.151.178,13;;;;
PR;4107306;DOUTOR CAMARGO;5.442.490,76;0,00;0,00;0,00;0,00;5.442.490,76;;;;
PR;4128633;DOUTOR ULYSSES;4.987.133,09;0,00;35.528,60;0,00;35.528,60;5.022.661,69;;;;
PR;4107405;ENEAS MARQUES;5.219.101,82;0,00;0,00;0,00;0,00;5.219.101,82;;;;
PR;4107504;ENGENHEIRO BELTRAO;10.267.535,48;0,00;0,00;712.344,19;712.344,19;10.979.879,67;;;;
PR;4107538;ENTRE RIOS DO OESTE;5.425.166,47;0,00;0,00;348.144,78;348.144,78;5.773.311,25;;;;
PR;4107520;ESPERANCA NOVA;1.635.848,84;0,00;0,00;112.549,76;112.549,76;1.748.398,60;;;;
PR;4107546;ESPIGAO ALTO DO IGUACU;4.026.934,39;0,00;0,00;288.723,91;288.723,91;4.315.658,30;;;;
PR;4107553;FAROL;2.191.966,83;0,00;0,00;0,00;0,00;2.191.966,83;;;;
PR;4107603;FAXINAL;13.936.718,63;0,00;0,00;0,00;0,00;13.936.718,63;;;;
PR;4107652;FAZENDA RIO GRANDE;126.983.648,40;0,00;0,00;0,00;0,00;126.983.648,40;;;;
PR;4107702;FENIX;4.340.753,03;0,00;0,00;0,00;0,00;4.340.753,03;;;;
PR;4107736;FERNANDES PINHEIRO;5.323.199,13;0,00;0,00;186.698,34;186.698,34;5.509.897,47;;;;
PR;4107751;FIGUEIRA;5.802.863,39;0,00;0,00;0,00;0,00;5.802.863,39;;;;
PR;4107850;FLOR DA SERRA DO SUL;4.580.606,18;0,00;0,00;326.091,21;326.091,21;4.906.697,39;;;;
PR;4107801;FLORAI;4.329.118,03;0,00;0,00;0,00;0,00;4.329.118,03;;;;
PR;4107900;FLORESTA;11.541.850,17;0,00;1.905.088,64;0,00;1.905.088,64;13.446.938,81;;;;
PR;4108007;FLORESTOPOLIS;8.361.105,89;0,00;0,00;0,00;0,00;8.361.105,89;;;;
PR;4108106;FLORIDA;2.748.737,88;0,00;0,00;197.747,29;197.747,29;2.946.485,17;;;;
PR;4108205;FORMOSA DO OESTE;6.362.128,46;0,00;0,00;454.507,50;454.507,50;6.816.635,96;;;;
PR;4108304;FOZ DO IGUACU;223.754.013,10;0,00;0,00;7.756.420,36;7.756.420,36;231.510.433,46;;;;
PR;4108452;FOZ DO JORDAO;4.716.626,65;0,00;0,00;0,00;0,00;4.716.626,65;;;;
PR;4108320;FRANCISCO ALVES;7.765.718,25;0,00;473.710,74;0,00;473.710,74;8.239.428,99;;;;
PR;4108403;FRANCISCO BELTRAO;85.605.891,35;0,00;0,00;5.687.103,54;5.687.103,54;91.292.994,89;;;;
PR;4108502;GENERAL CARNEIRO;10.216.768,64;0,00;0,00;700.729,56;700.729,56;10.917.498,20;;;;
PR;4108551;GODOY MOREIRA;2.375.089,26;0,00;0,00;171.261,02;171.261,02;2.546.350,28;;;;
PR;4108601;GOIOERE;23.366.282,55;0,00;235.032,89;0,00;235.032,89;23.601.315,44;;;;
PR;4108650;GOIOXIM;6.058.011,51;0,00;0,00;440.672,26;440.672,26;6.498.683,77;;;;
PR;4108700;GRANDES RIOS;6.109.906,27;0,00;423.691,69;0,00;423.691,69;6.533.597,96;;;;
PR;4108809;GUAIRA;29.184.738,58;0,00;0,00;975.569,88;975.569,88;30.160.308,46;;;;
PR;4108908;GUAIRACA;6.894.930,81;0,00;20.239,97;242.830,76;263.070,73;7.158.001,54;;;;
PR;4108957;GUAMIRANGA;6.199.542,29;0,00;0,00;459.779,93;459.779,93;6.659.322,22;;;;
PR;4109005;GUAPIRAMA;4.754.877,94;0,00;0,00;0,00;0,00;4.754.877,94;;;;
PR;4109104;GUAPOREMA;2.145.002,32;0,00;0,00;0,00;0,00;2.145.002,32;;;;
PR;4109203;GUARACI;4.225.295,71;0,00;0,00;0,00;0,00;4.225.295,71;;;;
PR;4109302;GUARANIACU;12.331.354,52;0,00;0,00;0,00;0,00;12.331.354,52;;;;
PR;4109401;GUARAPUAVA;150.672.050,57;0,00;0,00;0,00;0,00;150.672.050,57;;;;
PR;4109500;GUARAQUECABA;6.827.933,89;0,00;72.271,67;0,00;72.271,67;6.900.205,56;;;;
PR;4109609;GUARATUBA;44.120.133,79;0,00;0,00;0,00;0,00;44.120.133,79;;;;
PR;4109658;HONORIO SERPA;4.464.732,15;0,00;0,00;316.802,23;316.802,23;4.781.534,38;;;;
PR;4109708;IBAITI;24.536.220,50;0,00;81.877,93;1.724.425,10;1.806.303,03;26.342.523,53;;;;
PR;4109757;IBEMA;5.472.922,16;0,00;83.695,41;0,00;83.695,41;5.556.617,57;;;;
PR;4109807;IBIPORA;50.823.083,39;0,00;0,00;0,00;0,00;50.823.083,39;;;;
PR;4109906;ICARAIMA;7.450.610,04;0,00;0,00;0,00;0,00;7.450.610,04;;;;
PR;4110003;IGUARACU;5.057.474,61;0,00;0,00;376.573,15;376.573,15;5.434.047,76;;;;
PR;4110052;IGUATU;1.817.343,15;0,00;0,00;132.482,39;132.482,39;1.949.825,54;;;;
PR;4110078;IMBAU;10.879.250,24;0,00;0,00;725.188,29;725.188,29;11.604.438,53;;;;
PR;4110102;IMBITUVA;28.619.398,38;0,00;429.956,83;2.028.646,96;2.458.603,79;31.078.002,17;;;;
PR;4110201;INACIO MARTINS;10.095.106,30;0,00;0,00;0,00;0,00;10.095.106,30;;;;
PR;4110300;INAJA;2.420.985,40;0,00;0,00;196.355,07;196.355,07;2.617.340,47;;;;
PR;4110409;INDIANOPOLIS;4.678.507,58;0,00;0,00;159.519,87;159.519,87;4.838.027,45;;;;
PR;4110508;IPIRANGA;12.775.668,52;0,00;0,00;887.687,47;887.687,47;13.663.355,99;;;;
PR;4110607;IPORA;10.826.490,59;0,00;0,00;735.201,49;735.201,49;11.561.692,08;;;;
PR;4110656;IRACEMA DO OESTE;2.192.731,81;0,00;0,00;71.565,42;71.565,42;2.264.297,23;;;;
PR;4110706;IRATI;45.380.228,29;0,00;0,00;3.334.657,20;3.334.657,20;48.714.885,49;;;;
PR;4110805;IRETAMA;10.849.160,63;0,00;0,00;754.708,42;754.708,42;11.603.869,05;;;;
PR;4110904;ITAGUAJE;4.504.802,76;0,00;0,00;0,00;0,00;4.504.802,76;;;;
PR;4110953;ITAIPULANDIA;14.043.202,74;0,00;0,00;0,00;0,00;14.043.202,74;;;;
PR;4111001;ITAMBARACA;4.831.729,33;0,00;0,00;0,00;0,00;4.831.729,33;;;;
PR;4111100;ITAMBE;5.438.107,09;0,00;0,00;190.112,73;190.112,73;5.628.219,82;;;;
PR;4111209;ITAPEJARA DOESTE;12.488.509,49;0,00;0,00;0,00;0,00;12.488.509,49;;;;
PR;4111258;ITAPERUCU;26.450.732,33;0,00;1.933.017,28;1.900.490,06;3.833.507,34;30.284.239,67;;;;
PR;4111308;ITAUNA DO SUL;3.267.716,72;0,00;0,00;243.329,58;243.329,58;3.511.046,30;;;;
PR;4111407;IVAI;10.530.638,67;0,00;0,00;792.137,01;792.137,01;11.322.775,68;;;;
PR;4111506;IVAIPORA;22.999.537,11;0,00;0,00;1.620.200,17;1.620.200,17;24.619.737,28;;;;
PR;4111555;IVATE;6.250.446,26;0,00;0,00;0,00;0,00;6.250.446,26;;;;
PR;4111605;IVATUBA;1.993.491,24;0,00;0,00;68.833,92;68.833,92;2.062.325,16;;;;
PR;4111704;JABOTI;4.614.616,58;0,00;0,00;350.443,96;350.443,96;4.965.060,54;;;;
PR;4111803;JACAREZINHO;33.196.895,95;0,00;0,00;0,00;0,00;33.196.895,95;;;;
PR;4111902;JAGUAPITA;14.195.143,86;0,00;0,00;0,00;0,00;14.195.143,86;;;;
PR;4112009;JAGUARIAIVA;28.647.939,36;0,00;0,00;1.001.775,37;1.001.775,37;29.649.714,73;;;;
PR;4112108;JANDAIA DO SUL;15.964.222,22;0,00;0,00;0,00;0,00;15.964.222,22;;;;
PR;4112207;JANIOPOLIS;4.759.465,71;0,00;0,00;166.485,21;166.485,21;4.925.950,92;;;;
PR;4112306;JAPIRA;4.292.341,91;0,00;0,00;293.085,80;293.085,80;4.585.427,71;;;;
PR;4112405;JAPURA;7.076.251,16;0,00;0,00;523.018,88;523.018,88;7.599.270,04;;;;
PR;4112504;JARDIM ALEGRE;9.999.154,53;0,00;0,00;0,00;0,00;9.999.154,53;;;;
PR;4112603;JARDIM OLINDA;1.228.919,41;0,00;0,00;0,00;0,00;1.228.919,41;;;;
PR;4112702;JATAIZINHO;9.846.014,05;0,00;0,00;705.381,38;705.381,38;10.551.395,43;;;;
PR;4112751;JESUITAS;5.581.386,85;0,00;0,00;388.486,29;388.486,29;5.969.873,14;;;;
PR;4112801;JOAQUIM TAVORA;11.277.237,05;0,00;0,00;870.190,65;870.190,65;12.147.427,70;;;;
PR;4112900;JUNDIAI DO SUL;3.301.839,33;0,00;0,00;215.558,95;215.558,95;3.517.398,28;;;;
PR;4112959;JURANDA;6.174.666,59;0,00;77.961,17;429.271,71;507.232,88;6.681.899,47;;;;
PR;4113007;JUSSARA;6.043.539,19;0,00;0,00;213.876,81;213.876,81;6.257.416,00;;;;
PR;4113106;KALORE;4.065.082,75;0,00;0,00;290.360,19;290.360,19;4.355.442,94;;;;
PR;4113205;LAPA;39.396.111,36;0,00;0,00;2.598.925,77;2.598.925,77;41.995.037,13;;;;
PR;4113254;LARANJAL;5.784.576,05;0,00;0,00;395.276,84;395.276,84;6.179.852,89;;;;
PR;4113304;LARANJEIRAS DO SUL;32.349.687,85;0,00;1.300.877,53;0,00;1.300.877,53;33.650.565,38;;;;
PR;4113403;LEOPOLIS;3.882.998,54;0,00;0,00;272.017,65;272.017,65;4.155.016,19;;;;
PR;4113429;LIDIANOPOLIS;3.316.893,19;0,00;0,00;0,00;0,00;3.316.893,19;;;;
PR;4113452;LINDOESTE;6.122.049,67;0,00;0,00;446.872,78;446.872,78;6.568.922,45;;;;
PR;4113502;LOANDA;21.133.194,39;0,00;0,00;0,00;0,00;21.133.194,39;;;;
PR;4113601;LOBATO;4.133.865,56;0,00;0,00;286.658,99;286.658,99;4.420.524,55;;;;
PR;4113700;LONDRINA;354.261.667,77;0,00;0,00;0,00;0,00;354.261.667,77;;;;
PR;4113734;LUIZIANA;5.315.183,84;0,00;0,00;200.765,59;200.765,59;5.515.949,43;;;;
PR;4113759;LUNARDELLI;3.890.146,59;0,00;0,00;276.767,75;276.767,75;4.166.914,34;;;;
PR;4113809;LUPIONOPOLIS;3.740.240,12;0,00;0,00;0,00;0,00;3.740.240,12;;;;
PR;4113908;MALLET;9.337.630,31;0,00;0,00;690.286,10;690.286,10;10.027.916,41;;;;
PR;4114005;MAMBORE;10.070.436,14;0,00;0,00;733.044,88;733.044,88;10.803.481,02;;;;
PR;4114104;MANDAGUACU;27.829.523,34;0,00;1.037.001,03;0,00;1.037.001,03;28.866.524,37;;;;
PR;4114203;MANDAGUARI;34.426.869,41;0,00;2.470.522,85;1.098.868,88;3.569.391,73;37.996.261,14;;;;
PR;4114302;MANDIRITUBA;23.355.532,18;0,00;0,00;0,00;0,00;23.355.532,18;;;;
PR;4114351;MANFRINOPOLIS;1.983.218,35;0,00;0,00;0,00;0,00;1.983.218,35;;;;
PR;4114401;MANGUEIRINHA;15.657.790,36;0,00;0,00;522.647,19;522.647,19;16.180.437,55;;;;
PR;4114500;MANOEL RIBAS;10.262.855,70;0,00;0,00;0,00;0,00;10.262.855,70;;;;
PR;4114609;MARECHAL CANDIDO RONDON;43.942.809,44;0,00;0,00;1.557.765,51;1.557.765,51;45.500.574,95;;;;
PR;4114708;MARIA HELENA;4.695.812,47;0,00;0,00;343.492,82;343.492,82;5.039.305,29;;;;
PR;4114807;MARIALVA;32.649.223,35;0,00;0,00;0,00;0,00;32.649.223,35;;;;
PR;4114906;MARILANDIA DO SUL;7.104.840,57;0,00;0,00;0,00;0,00;7.104.840,57;;;;
PR;4115002;MARILENA;6.467.024,07;0,00;0,00;249.249,80;249.249,80;6.716.273,87;;;;
PR;4115101;MARILUZ;8.401.354,88;0,00;0,00;606.266,48;606.266,48;9.007.621,36;;;;
PR;4115200;MARINGA;269.514.838,67;0,00;0,00;0,00;0,00;269.514.838,67;;;;
PR;4115309;MARIOPOLIS;6.709.315,60;0,00;0,00;0,00;0,00;6.709.315,60;;;;
PR;4115358;MARIPA;5.891.319,58;0,00;0,00;222.857,17;222.857,17;6.114.176,75;;;;
PR;4115408;MARMELEIRO;12.212.552,57;0,00;0,00;424.885,55;424.885,55;12.637.438,12;;;;
PR;4115457;MARQUINHO;4.231.809,00;0,00;0,00;296.659,13;296.659,13;4.528.468,13;;;;
PR;4115507;MARUMBI;4.229.467,59;0,00;0,00;148.047,55;148.047,55;4.377.515,14;;;;
PR;4115606;MATELANDIA;18.520.913,80;0,00;0,00;1.423.031,85;1.423.031,85;19.943.945,65;;;;
PR;4115705;MATINHOS;35.636.933,33;0,00;0,00;1.297.534,19;1.297.534,19;36.934.467,52;;;;
PR;4115739;MATO RICO;3.493.615,09;0,00;0,00;229.888,36;229.888,36;3.723.503,45;;;;
PR;4115754;MAUA DA SERRA;10.047.680,55;0,00;0,00;740.673,84;740.673,84;10.788.354,39;;;;
PR;4115804;MEDIANEIRA;47.165.757,19;0,00;0,00;0,00;0,00;47.165.757,19;;;;
PR;4115853;MERCEDES;5.709.852,09;0,00;0,00;425.537,54;425.537,54;6.135.389,63;;;;
PR;4115903;MIRADOR;2.876.117,57;0,00;0,00;173.299,41;173.299,41;3.049.416,98;;;;
PR;4116000;MIRASELVA;1.714.971,18;0,00;0,00;59.546,80;59.546,80;1.774.517,98;;;;
PR;4116059;MISSAL;9.329.645,48;0,00;0,00;653.697,52;653.697,52;9.983.343,00;;;;
PR;4116109;MOREIRA SALES;9.944.489,09;0,00;0,00;356.461,36;356.461,36;10.300.950,45;;;;
PR;4116208;MORRETES;16.478.437,58;0,00;0,00;525.304,99;525.304,99;17.003.742,57;;;;
PR;4116307;MUNHOZ DE MELO;3.825.612,39;0,00;0,00;289.408,40;289.408,40;4.115.020,79;;;;
PR;4116406;NOSSA SENHORA DAS GRACAS;3.458.691,75;0,00;0,00;229.586,52;229.586,52;3.688.278,27;;;;
PR;4116505;NOVA ALIANCA DO IVAI;1.410.645,01;0,00;0,00;0,00;0,00;1.410.645,01;;;;
PR;4116604;NOVA AMERICA DA COLINA;2.936.527,73;0,00;0,00;0,00;0,00;2.936.527,73;;;;
PR;4116703;NOVA AURORA;11.905.567,39;0,00;0,00;0,00;0,00;11.905.567,39;;;;
PR;4116802;NOVA CANTU;6.364.636,69;0,00;0,00;228.490,37;228.490,37;6.593.127,06;;;;
PR;4116901;NOVA ESPERANCA;20.834.652,22;0,00;0,00;0,00;0,00;20.834.652,22;;;;
PR;4116950;NOVA ESPERANCA DO SUDOESTE;4.860.498,57;0,00;0,00;175.226,02;175.226,02;5.035.724,59;;;;
PR;4117008;NOVA FATIMA;6.258.915,67;0,00;0,00;428.915,48;428.915,48;6.687.831,15;;;;
PR;4117057;NOVA LARANJEIRAS;6.953.998,71;0,00;0,00;480.819,24;480.819,24;7.434.817,95;;;;
PR;4117107;NOVA LONDRINA;12.171.398,34;0,00;0,00;432.397,19;432.397,19;12.603.795,53;;;;
PR;4117206;NOVA OLIMPIA;5.331.919,27;0,00;0,00;196.046,40;196.046,40;5.527.965,67;;;;
PR;4117255;NOVA PRATA DO IGUACU;10.376.932,90;0,00;0,00;762.578,98;762.578,98;11.139.511,88;;;;
PR;4117214;NOVA SANTA BARBARA;5.135.267,80;0,00;278.872,12;150.915,63;429.787,75;5.565.055,55;;;;
PR;4117222;NOVA SANTA ROSA;8.454.472,53;0,00;0,00;0,00;0,00;8.454.472,53;;;;
PR;4117271;NOVA TEBAS;6.912.668,81;0,00;0,00;459.125,93;459.125,93;7.371.794,74;;;;
PR;4117297;NOVO ITACOLOMI;2.635.507,03;0,00;0,00;197.340,01;197.340,01;2.832.847,04;;;;
PR;4117305;ORTIGUEIRA;19.257.098,89;0,00;0,00;1.375.655,41;1.375.655,41;20.632.754,30;;;;
PR;4117404;OURIZONA;2.573.316,63;0,00;0,00;97.241,57;97.241,57;2.670.558,20;;;;
PR;4117453;OURO VERDE DO OESTE;6.410.431,69;0,00;0,00;447.569,23;447.569,23;6.858.000,92;;;;
PR;4117503;PAICANDU;40.912.701,51;0,00;2.120.939,28;0,00;2.120.939,28;43.033.640,79;;;;
PR;4117602;PALMAS;42.177.961,30;0,00;355.202,54;2.976.919,22;3.332.121,76;45.510.083,06;;;;
PR;4117701;PALMEIRA;28.237.715,47;0,00;0,00;0,00;0,00;28.237.715,47;;;;
PR;4117800;PALMITAL;11.681.774,64;0,00;243.804,27;0,00;243.804,27;11.925.578,91;;;;
PR;4117909;PALOTINA;30.958.471,64;0,00;0,00;1.122.375,26;1.122.375,26;32.080.846,90;;;;
PR;4118006;PARAISO DO NORTE;15.859.852,62;0,00;2.498.786,34;956.765,52;3.455.551,86;19.315.404,48;;;;
PR;4118105;PARANACITY;8.895.697,68;0,00;0,00;652.473,54;652.473,54;9.548.171,22;;;;
PR;4118204;PARANAGUA;111.147.092,64;0,00;0,00;0,00;0,00;111.147.092,64;;;;
PR;4118303;PARANAPOEMA;2.319.716,68;0,00;0,00;87.408,15;87.408,15;2.407.124,83;;;;
PR;4118402;PARANAVAI;81.266.644,33;0,00;0,00;2.624.108,47;2.624.108,47;83.890.752,80;;;;
PR;4118451;PATO BRAGADO;7.006.066,58;0,00;309.848,79;457.964,20;767.812,99;7.773.879,57;;;;
PR;4118501;PATO BRANCO;75.085.015,96;0,00;0,00;0,00;0,00;75.085.015,96;;;;
PR;4118600;PAULA FREITAS;5.350.207,40;0,00;0,00;0,00;0,00;5.350.207,40;;;;
PR;4118709;PAULO FRONTIN;5.217.499,21;0,00;0,00;190.112,73;190.112,73;5.407.611,94;;;;
PR;4118808;PEABIRU;12.173.088,04;0,00;0,00;421.607,74;421.607,74;12.594.695,78;;;;
PR;4118857;PEROBAL;7.005.465,81;0,00;0,00;255.395,69;255.395,69;7.260.861,50;;;;
PR;4118907;PEROLA;10.761.010,42;0,00;0,00;0,00;0,00;10.761.010,42;;;;
PR;4119004;PEROLA DOESTE;5.293.845,63;0,00;0,00;387.115,43;387.115,43;5.680.961,06;;;;
PR;4119103;PIEN;14.604.600,71;0,00;431.327,71;0,00;431.327,71;15.035.928,42;;;;
PR;4119152;PINHAIS;107.039.725,72;0,00;0,00;0,00;0,00;107.039.725,72;;;;
PR;4119251;PINHAL DE SAO BENTO;3.440.044,95;0,00;380.239,00;0,00;380.239,00;3.820.283,95;;;;
PR;4119202;PINHALAO;5.925.634,70;0,00;0,00;0,00;0,00;5.925.634,70;;;;
PR;4119301;PINHAO;26.552.936,56;0,00;0,00;903.146,22;903.146,22;27.456.082,78;;;;
PR;4119400;PIRAI DO SUL;20.743.780,51;0,00;0,00;1.452.542,65;1.452.542,65;22.196.323,16;;;;
PR;4119509;PIRAQUARA;88.875.968,65;0,00;0,00;0,00;0,00;88.875.968,65;;;;
PR;4119608;PITANGA;27.066.658,54;0,00;0,00;1.946.076,33;1.946.076,33;29.012.734,87;;;;
PR;4119657;PITANGUEIRAS;2.892.968,57;0,00;0,00;0,00;0,00;2.892.968,57;;;;
PR;4119707;PLANALTINA DO PARANA;4.492.629,18;0,00;0,00;0,00;0,00;4.492.629,18;;;;
PR;4119806;PLANALTO;11.488.334,68;0,00;566.826,57;0,00;566.826,57;12.055.161,25;;;;
PR;4119905;PONTA GROSSA;300.618.618,99;0,00;0,00;8.655.265,55;8.655.265,55;309.273.884,54;;;;
PR;4119954;PONTAL DO PARANA;30.530.672,01;0,00;0,00;0,00;0,00;30.530.672,01;;;;
PR;4120002;PORECATU;8.542.901,04;0,00;0,00;0,00;0,00;8.542.901,04;;;;
PR;4120101;PORTO AMAZONAS;4.003.551,87;0,00;0,00;0,00;0,00;4.003.551,87;;;;
PR;4120150;PORTO BARREIRO;2.893.923,31;0,00;0,00;0,00;0,00;2.893.923,31;;;;
PR;4120200;PORTO RICO;3.604.549,37;0,00;0,00;0,00;0,00;3.604.549,37;;;;
PR;4120309;PORTO VITORIA;3.521.173,58;0,00;0,00;262.890,04;262.890,04;3.784.063,62;;;;
PR;4120333;PRADO FERREIRA;3.671.925,02;0,00;0,00;284.175,85;284.175,85;3.956.100,87;;;;
PR;4120358;PRANCHITA;5.524.485,43;0,00;0,00;0,00;0,00;5.524.485,43;;;;
PR;4120408;PRESIDENTE CASTELO BRANCO;3.855.969,05;0,00;0,00;0,00;0,00;3.855.969,05;;;;
PR;4120507;PRIMEIRO DE MAIO;6.973.525,55;0,00;0,00;219.868,30;219.868,30;7.193.393,85;;;;
PR;4120606;PRUDENTOPOLIS;38.669.426,42;0,00;0,00;0,00;0,00;38.669.426,42;;;;
PR;4120655;QUARTO CENTENARIO;3.963.824,05;0,00;0,00;0,00;0,00;3.963.824,05;;;;
PR;4120705;QUATIGUA;7.263.709,14;0,00;174.180,26;0,00;174.180,26;7.437.889,40;;;;
PR;4120804;QUATRO BARRAS;20.398.681,86;0,00;0,00;1.465.511,62;1.465.511,62;21.864.193,48;;;;
PR;4120853;QUATRO PONTES;4.882.871,65;0,00;0,00;333.485,04;333.485,04;5.216.356,69;;;;
PR;4120903;QUEDAS DO IGUACU;27.615.118,24;0,00;1.702.448,99;942.753,97;2.645.202,96;30.260.321,20;;;;
PR;4121000;QUERENCIA DO NORTE;10.687.193,38;0,00;0,00;0,00;0,00;10.687.193,38;;;;
PR;4121109;QUINTA DO SOL;4.511.640,21;0,00;0,00;0,00;0,00;4.511.640,21;;;;
PR;4121208;QUITANDINHA;18.571.100,61;0,00;3.091.609,73;0,00;3.091.609,73;21.662.710,34;;;;
PR;4121257;RAMILANDIA;4.326.234,29;0,00;0,00;0,00;0,00;4.326.234,29;;;;
PR;4121307;RANCHO ALEGRE;2.500.252,85;0,00;0,00;0,00;0,00;2.500.252,85;;;;
PR;4121356;RANCHO ALEGRE DOESTE;2.014.037,25;0,00;0,00;0,00;0,00;2.014.037,25;;;;
PR;4121406;REALEZA;18.298.598,42;0,00;2.910.127,71;0,00;2.910.127,71;21.208.726,13;;;;
PR;4121505;REBOUCAS;13.750.696,75;0,00;498.037,39;0,00;498.037,39;14.248.734,14;;;;
PR;4121604;RENASCENCA;5.455.567,58;0,00;0,00;0,00;0,00;5.455.567,58;;;;
PR;4121703;RESERVA;22.819.658,47;0,00;532.734,85;0,00;532.734,85;23.352.393,32;;;;
PR;4121752;RESERVA DO IGUACU;8.122.592,16;0,00;706.002,16;566.674,26;1.272.676,42;9.395.268,58;;;;
PR;4121802;RIBEIRAO CLARO;10.001.371,85;0,00;0,00;0,00;0,00;10.001.371,85;;;;
PR;4121901;RIBEIRAO DO PINHAL;12.956.296,66;0,00;1.013.576,12;435.811,57;1.449.387,69;14.405.684,35;;;;
PR;4122008;RIO AZUL;11.300.907,55;0,00;0,00;786.162,89;786.162,89;12.087.070,44;;;;
PR;4122107;RIO BOM;2.583.720,86;0,00;0,00;0,00;0,00;2.583.720,86;;;;
PR;4122156;RIO BONITO DO IGUACU;13.206.349,59;0,00;269.696,66;875.748,29;1.145.444,95;14.351.794,54;;;;
PR;4122172;RIO BRANCO DO IVAI;3.777.578,62;0,00;0,00;0,00;0,00;3.777.578,62;;;;
PR;4122206;RIO BRANCO DO SUL;31.718.412,11;0,00;0,00;1.188.477,68;1.188.477,68;32.906.889,79;;;;
PR;4122305;RIO NEGRO;29.217.322,38;0,00;0,00;981.975,93;981.975,93;30.199.298,31;;;;
PR;4122404;ROLANDIA;58.186.545,28;0,00;0,00;0,00;0,00;58.186.545,28;;;;
PR;4122503;RONCADOR;8.595.802,12;0,00;0,00;621.440,13;621.440,13;9.217.242,25;;;;
PR;4122602;RONDON;8.053.305,11;0,00;205.210,41;569.888,14;775.098,55;8.828.403,66;;;;
PR;4122651;ROSARIO DO IVAI;5.054.773,69;0,00;0,00;0,00;0,00;5.054.773,69;;;;
PR;4122701;SABAUDIA;10.569.956,10;0,00;1.006.165,24;683.557,09;1.689.722,33;12.259.678,43;;;;
PR;4122800;SALGADO FILHO;3.868.765,48;0,00;0,00;0,00;0,00;3.868.765,48;;;;
PR;4122909;SALTO DO ITARARE;4.901.914,83;0,00;186.406,92;0,00;186.406,92;5.088.321,75;;;;
PR;4123006;SALTO DO LONTRA;12.032.042,46;0,00;0,00;438.133,35;438.133,35;12.470.175,81;;;;
PR;4123105;SANTA AMELIA;3.599.737,34;0,00;0,00;0,00;0,00;3.599.737,34;;;;
PR;4123204;SANTA CECILIA DO PAVAO;3.217.884,00;0,00;0,00;0,00;0,00;3.217.884,00;;;;
PR;4123303;SANTA CRUZ DE MONTE CASTELO;8.333.029,90;0,00;0,00;610.606,31;610.606,31;8.943.636,21;;;;
PR;4123402;SANTA FE;9.431.919,42;0,00;0,00;0,00;0,00;9.431.919,42;;;;
PR;4123501;SANTA HELENA;27.322.781,92;0,00;3.043.727,99;0,00;3.043.727,99;30.366.509,91;;;;
PR;4123600;SANTA INES;1.627.934,19;0,00;0,00;116.093,07;116.093,07;1.744.027,26;;;;
PR;4123709;SANTA ISABEL DO IVAI;7.643.380,87;0,00;0,00;0,00;0,00;7.643.380,87;;;;
PR;4123808;SANTA IZABEL DO OESTE;10.993.781,69;0,00;0,00;0,00;0,00;10.993.781,69;;;;
PR;4123824;SANTA LUCIA;2.862.904,87;0,00;0,00;110.352,79;110.352,79;2.973.257,66;;;;
PR;4123857;SANTA MARIA DO OESTE;9.275.920,05;0,00;480.977,62;317.810,57;798.788,19;10.074.708,24;;;;
PR;4123907;SANTA MARIANA;7.933.738,35;0,00;0,00;269.053,21;269.053,21;8.202.791,56;;;;
PR;4123956;SANTA MONICA;4.002.325,18;0,00;0,00;0,00;0,00;4.002.325,18;;;;
PR;4124020;SANTA TEREZA DO OESTE;13.913.745,17;0,00;114.830,48;0,00;114.830,48;14.028.575,65;;;;
PR;4124053;SANTA TEREZINHA DE ITAIPU;20.422.533,36;0,00;0,00;1.546.777,60;1.546.777,60;21.969.310,96;;;;
PR;4124004;SANTANA DO ITARARE;5.063.033,30;0,00;0,00;365.368,84;365.368,84;5.428.402,14;;;;
PR;4124103;SANTO ANTONIO DA PLATINA;33.568.695,53;0,00;0,00;0,00;0,00;33.568.695,53;;;;
PR;4124202;SANTO ANTONIO DO CAIUA;2.662.215,42;0,00;0,00;177.952,65;177.952,65;2.840.168,07;;;;
PR;4124301;SANTO ANTONIO DO PARAISO;1.814.057,79;0,00;0,00;141.039,89;141.039,89;1.955.097,68;;;;
PR;4124400;SANTO ANTONIO DO SUDOESTE;19.306.763,66;0,00;2.456.176,11;1.278.395,12;3.734.571,23;23.041.334,89;;;;
PR;4124509;SANTO INACIO;6.826.343,88;0,00;0,00;0,00;0,00;6.826.343,88;;;;
PR;4124608;SAO CARLOS DO IVAI;7.006.522,53;0,00;209.234,60;449.219,04;658.453,64;7.664.976,17;;;;
PR;4124707;SAO JERONIMO DA SERRA;6.962.295,45;0,00;0,00;0,00;0,00;6.962.295,45;;;;
PR;4124806;SAO JOAO;11.471.586,72;0,00;0,00;762.706,46;762.706,46;12.234.293,18;;;;
PR;4124905;SAO JOAO DO CAIUA;6.543.749,46;0,00;584.014,02;457.172,26;1.041.186,28;7.584.935,74;;;;
PR;4125001;SAO JOAO DO IVAI;9.204.451,99;0,00;129.754,98;0,00;129.754,98;9.334.206,97;;;;
PR;4125100;SAO JOAO DO TRIUNFO;10.930.855,97;0,00;0,00;0,00;0,00;10.930.855,97;;;;
PR;4125308;SAO JORGE DO IVAI;4.361.998,40;0,00;0,00;298.186,50;298.186,50;4.660.184,90;;;;
PR;4125357;SAO JORGE DO PATROCINIO;6.448.915,62;0,00;0,00;200.492,44;200.492,44;6.649.408,06;;;;
PR;4125209;SAO JORGE DOESTE;8.756.504,08;0,00;0,00;306.588,28;306.588,28;9.063.092,36;;;;
PR;4125407;SAO JOSE DA BOA VISTA;4.718.560,29;0,00;0,00;0,00;0,00;4.718.560,29;;;;
PR;4125456;SAO JOSE DAS PALMEIRAS;3.617.043,12;0,00;0,00;255.154,16;255.154,16;3.872.197,28;;;;
PR;4125506;SAO JOSE DOS PINHAIS;227.489.671,73;0,00;0,00;0,00;0,00;227.489.671,73;;;;
PR;4125555;SAO MANOEL DO PARANA;2.080.783,54;0,00;0,00;130.407,70;130.407,70;2.211.191,24;;;;
PR;4125605;SAO MATEUS DO SUL;39.731.587,43;0,00;500.229,96;2.696.682,51;3.196.912,47;42.928.499,90;;;;
PR;4125704;SAO MIGUEL DO IGUACU;26.543.882,16;0,00;0,00;0,00;0,00;26.543.882,16;;;;
PR;4125753;SAO PEDRO DO IGUACU;5.538.157,14;0,00;0,00;398.955,43;398.955,43;5.937.112,57;;;;
PR;4125803;SAO PEDRO DO IVAI;7.351.680,74;0,00;0,00;0,00;0,00;7.351.680,74;;;;
PR;4125902;SAO PEDRO DO PARANA;2.756.843,34;0,00;0,00;197.083,80;197.083,80;2.953.927,14;;;;
PR;4126009;SAO SEBASTIAO DA AMOREIRA;6.303.761,05;0,00;0,00;422.008,88;422.008,88;6.725.769,93;;;;
PR;4126108;SAO TOME;5.053.305,95;0,00;0,00;186.698,34;186.698,34;5.240.004,29;;;;
PR;4126207;SAPOPEMA;7.226.432,61;0,00;98.804,26;495.904,37;594.708,63;7.821.141,24;;;;
PR;4126256;SARANDI;86.399.739,78;0,00;1.333.086,19;0,00;1.333.086,19;87.732.825,97;;;;
PR;4126272;SAUDADE DO IGUACU;6.849.552,08;0,00;0,00;467.451,38;467.451,38;7.317.003,46;;;;
PR;4126306;SENGES;17.364.344,81;0,00;0,00;1.249.077,09;1.249.077,09;18.613.421,90;;;;
PR;4126355;SERRANOPOLIS DO IGUACU;3.927.521,27;0,00;0,00;158.858,75;158.858,75;4.086.380,02;;;;
PR;4126405;SERTANEJA;4.948.657,68;0,00;0,00;0,00;0,00;4.948.657,68;;;;
PR;4126504;SERTANOPOLIS;12.438.181,57;0,00;0,00;0,00;0,00;12.438.181,57;;;;
PR;4126603;SIQUEIRA CAMPOS;21.153.948,73;0,00;1.588.624,06;0,00;1.588.624,06;22.742.572,79;;;;
PR;4126652;SULINA;2.919.874,94;0,00;0,00;195.470,21;195.470,21;3.115.345,15;;;;
PR;4126678;TAMARANA;8.780.570,10;0,00;0,00;0,00;0,00;8.780.570,10;;;;
PR;4126702;TAMBOARA;4.226.687,80;0,00;0,00;0,00;0,00;4.226.687,80;;;;
PR;4126801;TAPEJARA;13.975.812,14;0,00;0,00;1.009.588,94;1.009.588,94;14.985.401,08;;;;
PR;4126900;TAPIRA;4.432.369,73;0,00;0,00;159.793,02;159.793,02;4.592.162,75;;;;
PR;4127007;TEIXEIRA SOARES;8.667.254,62;0,00;0,00;612.054,85;612.054,85;9.279.309,47;;;;
PR;4127106;TELEMACO BORBA;63.889.654,27;0,00;0,00;0,00;0,00;63.889.654,27;;;;
PR;4127205;TERRA BOA;16.111.731,74;0,00;0,00;1.210.537,09;1.210.537,09;17.322.268,83;;;;
PR;4127304;TERRA RICA;13.917.648,27;0,00;0,00;0,00;0,00;13.917.648,27;;;;
PR;4127403;TERRA ROXA;15.756.450,51;0,00;0,00;1.108.068,82;1.108.068,82;16.864.519,33;;;;
PR;4127502;TIBAGI;17.795.774,51;0,00;0,00;0,00;0,00;17.795.774,51;;;;
PR;4127601;TIJUCAS DO SUL;17.470.407,46;0,00;0,00;0,00;0,00;17.470.407,46;;;;
PR;4127700;TOLEDO;118.275.314,56;0,00;0,00;0,00;0,00;118.275.314,56;;;;
PR;4127809;TOMAZINA;6.814.083,62;0,00;0,00;0,00;0,00;6.814.083,62;;;;
PR;4127858;TRES BARRAS DO PARANA;10.288.197,82;0,00;0,00;0,00;0,00;10.288.197,82;;;;
PR;4127882;TUNAS DO PARANA;7.403.508,41;0,00;0,00;263.726,78;263.726,78;7.667.235,19;;;;
PR;4127908;TUNEIRAS DO OESTE;7.763.143,88;0,00;0,00;554.435,94;554.435,94;8.317.579,82;;;;
PR;4127957;TUPASSI;6.511.712,09;0,00;0,00;245.835,42;245.835,42;6.757.547,51;;;;
PR;4127965;TURVO;13.772.507,23;0,00;0,00;1.005.559,18;1.005.559,18;14.778.066,41;;;;
PR;4128005;UBIRATA;22.397.147,98;0,00;0,00;0,00;0,00;22.397.147,98;;;;
PR;4128104;UMUARAMA;79.623.272,92;0,00;0,00;0,00;0,00;79.623.272,92;;;;
PR;4128203;UNIAO DA VITORIA;45.424.007,59;0,00;0,00;0,00;0,00;45.424.007,59;;;;
PR;4128302;UNIFLOR;1.885.270,45;0,00;0,00;0,00;0,00;1.885.270,45;;;;
PR;4128401;URAI;6.133.413,05;0,00;0,00;218.432,43;218.432,43;6.351.845,48;;;;
PR;4128534;VENTANIA;8.316.675,32;0,00;0,00;288.247,31;288.247,31;8.604.922,63;;;;
PR;4128559;VERA CRUZ DO OESTE;6.693.204,35;0,00;0,00;470.015,72;470.015,72;7.163.220,07;;;;
PR;4128609;VERE;6.841.347,31;0,00;0,00;245.562,27;245.562,27;7.086.909,58;;;;
PR;4128658;VIRMOND;3.374.688,82;0,00;0,00;257.381,82;257.381,82;3.632.070,64;;;;
PR;4128708;VITORINO;7.463.130,36;0,00;0,00;0,00;0,00;7.463.130,36;;;;
PR;4128500;WENCESLAU BRAZ;16.212.899,74;0,00;866.691,89;0,00;866.691,89;17.079.591,63;;;;
PR;4128807;XAMBRE;5.418.005,01;0,00;0,00;0,00;0,00;5.418.005,01;;;;
RJ;3300100;ANGRA DOS REIS;172.269.681,93;1.527.809,00;0,00;0,00;1.527.809,00;173.797.490,93;;;;
RJ;3300159;APERIBE;8.190.495,65;72.639,09;0,00;0,00;72.639,09;8.263.134,74;;;;
RJ;3300209;ARARUAMA;140.887.451,96;1.249.489,26;0,00;4.272.790,18;5.522.279,44;146.409.731,40;;;;
RJ;3300225;AREAL;13.199.063,41;117.058,60;0,00;0,00;117.058,60;13.316.122,01;;;;
RJ;3300233;ARMACAO DOS BUZIOS;66.875.410,84;593.098,29;0,00;0,00;593.098,29;67.468.509,13;;;;
RJ;3300258;ARRAIAL DO CABO;36.693.838,95;325.426,83;0,00;0,00;325.426,83;37.019.265,78;;;;
RJ;3300308;BARRA DO PIRAI;51.540.955,65;457.101,53;0,00;0,00;457.101,53;51.998.057,18;;;;
RJ;3300407;BARRA MANSA;106.857.190,94;947.684,91;0,00;7.736.285,03;8.683.969,94;115.541.160,88;;;;
RJ;3300456;BELFORD ROXO;289.739.271,32;2.569.612,14;18.866.781,81;19.190.637,57;40.627.031,52;330.366.302,84;;;;
RJ;3300506;BOM JARDIM;16.734.728,99;148.415,38;0,00;0,00;148.415,38;16.883.144,37;;;;
RJ;3300605;BOM JESUS DO ITABAPOANA;31.606.370,46;280.307,58;0,00;2.153.023,56;2.433.331,14;34.039.701,60;;;;
RJ;3300704;CABO FRIO;202.456.108,76;1.795.523,51;0,00;0,00;1.795.523,51;204.251.632,27;;;;
RJ;3300803;CACHOEIRAS DE MACACU;47.697.456,04;423.014,67;0,00;0,00;423.014,67;48.120.470,71;;;;
RJ;3300902;CAMBUCI;11.025.641,12;97.783,16;0,00;383.799,20;481.582,36;11.507.223,48;;;;
RJ;3301009;CAMPOS DOS GOYTACAZES;385.274.944,53;3.416.889,85;0,00;23.843.999,79;27.260.889,64;412.535.834,17;;;;
RJ;3301108;CANTAGALO;11.796.611,42;104.620,67;0,00;484.872,82;589.493,49;12.386.104,91;;;;
RJ;3300936;CARAPEBUS;14.074.740,99;124.824,73;0,00;0,00;124.824,73;14.199.565,72;;;;
RJ;3301157;CARDOSO MOREIRA;14.402.848,81;127.734,62;0,00;0,00;127.734,62;14.530.583,43;;;;
RJ;3301207;CARMO;11.520.126,86;102.168,61;0,00;0,00;102.168,61;11.622.295,47;;;;
RJ;3301306;CASIMIRO DE ABREU;50.043.234,44;443.818,69;0,00;0,00;443.818,69;50.487.053,13;;;;
RJ;3300951;COMENDADOR LEVY GASPARIAN;11.340.126,26;100.572,24;0,00;0,00;100.572,24;11.440.698,50;;;;
RJ;3301405;CONCEICAO DE MACABU;19.307.622,51;171.233,61;0,00;0,00;171.233,61;19.478.856,12;;;;
RJ;3301504;CORDEIRO;16.157.237,97;143.293,78;0,00;0,00;143.293,78;16.300.531,75;;;;
RJ;3301603;DUAS BARRAS;11.177.024,14;99.125,73;0,00;0,00;99.125,73;11.276.149,87;;;;
RJ;3301702;DUQUE DE CAXIAS;486.475.209,35;4.314.405,15;0,00;0,00;4.314.405,15;490.789.614,50;;;;
RJ;3301801;ENGENHEIRO PAULO DE FRONTIN;11.995.430,36;106.383,93;0,00;0,00;106.383,93;12.101.814,29;;;;
RJ;3301850;GUAPIMIRIM;57.640.676,05;511.198,15;0,00;0,00;511.198,15;58.151.874,20;;;;
RJ;3301876;IGUABA GRANDE;36.613.580,08;324.715,04;0,00;2.710.925,75;3.035.640,79;39.649.220,87;;;;
RJ;3301900;ITABORAI;194.258.999,92;1.722.825,77;0,00;0,00;1.722.825,77;195.981.825,69;;;;
RJ;3302007;ITAGUAI;135.798.196,70;1.204.354,15;0,00;0,00;1.204.354,15;137.002.550,85;;;;
RJ;3302056;ITALVA;11.024.660,03;97.774,46;0,00;799.290,94;897.065,40;11.921.725,43;;;;
RJ;3302106;ITAOCARA;13.968.546,83;123.882,92;0,00;0,00;123.882,92;14.092.429,75;;;;
RJ;3302205;ITAPERUNA;69.233.540,34;614.011,85;0,00;5.119.718,96;5.733.730,81;74.967.271,15;;;;
RJ;3302254;ITATIAIA;35.916.239,60;318.530,54;0,00;0,00;318.530,54;36.234.770,14;;;;
RJ;3302270;JAPERI;86.518.759,85;767.309,36;0,00;0,00;767.309,36;87.286.069,21;;;;
RJ;3302304;LAJE DO MURIAE;6.899.304,34;61.187,90;0,00;528.055,98;589.243,88;7.488.548,22;;;;
RJ;3302403;MACAE;269.882.206,38;2.393.505,69;0,00;0,00;2.393.505,69;272.275.712,07;;;;
RJ;3302452;MACUCO;5.803.392,36;51.468,58;0,00;0,00;51.468,58;5.854.860,94;;;;
RJ;3302502;MAGE;262.566.490,76;2.328.624,76;0,00;0,00;2.328.624,76;264.895.115,52;;;;
RJ;3302601;MANGARATIBA;51.551.876,03;457.198,38;0,00;0,00;457.198,38;52.009.074,41;;;;
RJ;3302700;MARICA;209.173.508,63;1.855.098,15;0,00;0,00;1.855.098,15;211.028.606,78;;;;
RJ;3302809;MENDES;16.317.502,00;144.715,11;0,00;0,00;144.715,11;16.462.217,11;;;;
RJ;3302858;MESQUITA;100.927.254,63;895.094,05;0,00;0,00;895.094,05;101.822.348,68;;;;
RJ;3302908;MIGUEL PEREIRA;26.195.141,20;232.316,98;0,00;0,00;232.316,98;26.427.458,18;;;;
RJ;3303005;MIRACEMA;22.818.733,05;202.372,61;0,00;957.690,82;1.160.063,43;23.978.796,48;;;;
RJ;3303104;NATIVIDADE;10.420.918,86;92.420,06;0,00;753.168,21;845.588,27;11.266.507,13;;;;
RJ;3303203;NILOPOLIS;72.144.028,80;639.824,11;0,00;5.086.449,35;5.726.273,46;77.870.302,26;;;;
RJ;3303302;NITEROI;201.418.008,18;1.786.316,91;0,00;0,00;1.786.316,91;203.204.325,09;;;;
RJ;3303401;NOVA FRIBURGO;130.677.479,62;1.158.940,02;0,00;0,00;1.158.940,02;131.836.419,64;;;;
RJ;3303500;NOVA IGUACU;412.633.360,10;3.659.523,56;0,00;0,00;3.659.523,56;416.292.883,66;;;;
RJ;3303609;PARACAMBI;30.559.024,28;271.018,97;0,00;2.141.350,79;2.412.369,76;32.971.394,04;;;;
RJ;3303708;PARAIBA DO SUL;41.116.104,03;364.646,60;0,00;0,00;364.646,60;41.480.750,63;;;;
RJ;3303807;PARATY;43.360.953,04;384.555,50;0,00;0,00;384.555,50;43.745.508,54;;;;
RJ;3303856;PATY DO ALFERES;33.749.432,09;299.313,76;0,00;0,00;299.313,76;34.048.745,85;;;;
RJ;3303906;PETROPOLIS;233.135.089,32;2.067.606,34;0,00;0,00;2.067.606,34;235.202.695,66;;;;
RJ;3303955;PINHEIRAL;25.302.020,07;224.396,15;0,00;860.280,20;1.084.676,35;26.386.696,42;;;;
RJ;3304003;PIRAI;28.363.295,24;251.545,70;0,00;0,00;251.545,70;28.614.840,94;;;;
RJ;3304102;PORCIUNCULA;14.380.514,49;127.536,54;0,00;0,00;127.536,54;14.508.051,03;;;;
RJ;3304110;PORTO REAL;21.247.345,76;188.436,44;0,00;0,00;188.436,44;21.435.782,20;;;;
RJ;3304128;QUATIS;15.593.266,93;138.292,09;0,00;0,00;138.292,09;15.731.559,02;;;;
RJ;3304144;QUEIMADOS;87.790.431,54;778.587,44;0,00;0,00;778.587,44;88.569.018,98;;;;
RJ;3304151;QUISSAMA;32.191.249,55;285.494,70;0,00;0,00;285.494,70;32.476.744,25;;;;
RJ;3304201;RESENDE;95.344.268,45;845.580,19;0,00;0,00;845.580,19;96.189.848,64;;;;
RJ;3304300;RIO BONITO;56.006.813,13;496.707,91;0,00;0,00;496.707,91;56.503.521,04;;;;
RJ;3304409;RIO CLARO;18.481.594,27;163.907,81;0,00;0,00;163.907,81;18.645.502,08;;;;
RJ;3304508;RIO DAS FLORES;11.539.068,14;102.336,59;0,00;846.329,84;948.666,43;12.487.734,57;;;;
RJ;3304524;RIO DAS OSTRAS;141.227.429,02;1.252.504,41;0,00;0,00;1.252.504,41;142.479.933,43;;;;
RJ;3304557;RIO DE JANEIRO;4.845.654.709,73;42.974.682,39;0,00;0,00;42.974.682,39;4.888.629.392,12;;;;
RJ;3304607;SANTA MARIA MADALENA;9.147.741,71;81.128,62;0,00;0,00;81.128,62;9.228.870,33;;;;
RJ;3304706;SANTO ANTONIO DE PADUA;35.763.431,04;317.175,32;0,00;0,00;317.175,32;36.080.606,36;;;;
RJ;3304805;SAO FIDELIS;32.599.186,45;289.112,57;0,00;2.291.257,25;2.580.369,82;35.179.556,27;;;;
RJ;3304755;SAO FRANCISCO DE ITABAPOANA;57.637.702,04;511.171,78;0,00;0,00;511.171,78;58.148.873,82;;;;
RJ;3304904;SAO GONCALO;317.171.154,43;2.812.897,42;0,00;0,00;2.812.897,42;319.984.051,85;;;;
RJ;3305000;SAO JOAO DA BARRA;55.702.523,48;494.009,25;0,00;0,00;494.009,25;56.196.532,73;;;;
RJ;3305109;SAO JOAO DE MERITI;196.647.086,17;1.744.005,01;3.979.161,00;0,00;5.723.166,01;202.370.252,18;;;;
RJ;3305133;SAO JOSE DE UBA;4.918.699,01;43.622,49;0,00;194.209,98;237.832,47;5.156.531,48;;;;
RJ;3305158;SAO JOSE DO VALE DO RIO PRETO;23.634.035,27;209.603,29;0,00;1.588.492,71;1.798.096,00;25.432.131,27;;;;
RJ;3305208;SAO PEDRO DA ALDEIA;92.869.908,61;823.635,83;0,00;2.938.719,84;3.762.355,67;96.632.264,28;;;;
RJ;3305307;SAO SEBASTIAO DO ALTO;7.042.596,83;62.458,71;0,00;0,00;62.458,71;7.105.055,54;;;;
RJ;3305406;SAPUCAIA;16.339.735,24;144.912,29;0,00;626.826,75;771.739,04;17.111.474,28;;;;
RJ;3305505;SAQUAREMA;126.847.158,75;1.124.970,04;0,00;0,00;1.124.970,04;127.972.128,79;;;;
RJ;3305554;SEROPEDICA;91.913.321,10;815.152,13;0,00;0,00;815.152,13;92.728.473,23;;;;
RJ;3305604;SILVA JARDIM;26.401.909,21;234.150,75;0,00;906.938,48;1.141.089,23;27.542.998,44;;;;
RJ;3305703;SUMIDOURO;16.404.557,02;145.487,18;0,00;0,00;145.487,18;16.550.044,20;;;;
RJ;3305752;TANGUA;36.590.873,74;324.513,67;0,00;0,00;324.513,67;36.915.387,41;;;;
RJ;3305802;TERESOPOLIS;147.523.063,57;1.308.338,54;0,00;0,00;1.308.338,54;148.831.402,11;;;;
RJ;3305901;TRAJANO DE MORAES;7.922.539,86;70.262,67;0,00;0,00;70.262,67;7.992.802,53;;;;
RJ;3306008;TRES RIOS;65.051.844,51;576.925,62;0,00;0,00;576.925,62;65.628.770,13;;;;
RJ;3306107;VALENCA;60.685.522,25;538.202,00;0,00;0,00;538.202,00;61.223.724,25;;;;
RJ;3306156;VARRE-SAI;10.211.610,26;90.563,76;0,00;397.433,93;487.997,69;10.699.607,95;;;;
RJ;3306206;VASSOURAS;25.662.369,60;227.591,99;0,00;870.349,92;1.097.941,91;26.760.311,51;;;;
RJ;3306305;VOLTA REDONDA;221.834.590,17;1.967.385,55;0,00;0,00;1.967.385,55;223.801.975,72;;;;
RN;2400109;ACARI;10.179.867,57;0,00;1.005.908,24;686.904,93;1.692.813,17;11.872.680,74;;;;
RN;2400208;ACU;45.269.065,16;0,00;0,00;2.566.269,22;2.566.269,22;47.835.334,38;;;;
RN;2400307;AFONSO BEZERRA;12.565.315,75;0,00;926.350,72;639.109,88;1.565.460,60;14.130.776,35;;;;
RN;2400406;AGUA NOVA;4.277.657,14;0,00;58.116,43;0,00;58.116,43;4.335.773,57;;;;
RN;2400505;ALEXANDRIA;13.699.700,27;0,00;2.459.543,87;326.048,89;2.785.592,76;16.485.293,03;;;;
RN;2400604;ALMINO AFONSO;3.110.765,22;0,00;0,00;203.921,52;203.921,52;3.314.686,74;;;;
RN;2400703;ALTO DO RODRIGUES;21.062.955,02;0,00;599.984,94;1.228.185,59;1.828.170,53;22.891.125,55;;;;
RN;2400802;ANGICOS;8.936.175,59;0,00;189.687,59;265.911,72;455.599,31;9.391.774,90;;;;
RN;2400901;ANTONIO MARTINS;6.381.766,36;0,00;1.399.680,12;202.076,73;1.601.756,85;7.983.523,21;;;;
RN;2401008;APODI;22.779.739,49;0,00;0,00;1.351.040,50;1.351.040,50;24.130.779,99;;;;
RN;2401107;AREIA BRANCA;22.841.068,73;0,00;0,00;0,00;0,00;22.841.068,73;;;;
RN;2401206;ARES;19.728.476,58;0,00;2.924.046,55;0,00;2.924.046,55;22.652.523,13;;;;
RN;2401305;AUGUSTO SEVERO;9.736.592,81;0,00;1.808.883,11;271.673,66;2.080.556,77;11.817.149,58;;;;
RN;2401404;BAIA FORMOSA;13.050.361,47;0,00;4.826.172,89;697.097,11;5.523.270,00;18.573.631,47;;;;
RN;2401453;BARAUNA;36.046.664,44;0,00;8.563.435,25;1.766.211,51;10.329.646,76;46.376.311,20;;;;
RN;2401503;BARCELONA;6.118.306,39;0,00;0,00;0,00;0,00;6.118.306,39;;;;
RN;2401602;BENTO FERNANDES;7.314.614,38;0,00;588.820,38;0,00;588.820,38;7.903.434,76;;;;
RN;2401651;BODO;5.093.906,41;0,00;0,00;0,00;0,00;5.093.906,41;;;;
RN;2401701;BOM JESUS;13.879.359,36;0,00;2.576.457,71;0,00;2.576.457,71;16.455.817,07;;;;
RN;2401800;BREJINHO;11.879.686,62;0,00;1.527.481,47;661.552,38;2.189.033,85;14.068.720,47;;;;
RN;2401859;CAICARA DO NORTE;6.181.857,79;0,00;415.175,65;126.375,37;541.551,02;6.723.408,81;;;;
RN;2401909;CAICARA DO RIO DO VENTO;4.639.825,28;0,00;0,00;0,00;0,00;4.639.825,28;;;;
RN;2402006;CAICO;39.325.635,77;0,00;3.486.936,49;1.142.892,45;4.629.828,94;43.955.464,71;;;;
RN;2402105;CAMPO REDONDO;16.751.989,04;0,00;2.234.212,66;0,00;2.234.212,66;18.986.201,70;;;;
RN;2402204;CANGUARETAMA;50.969.499,18;0,00;17.387.258,98;2.442.609,82;19.829.868,80;70.799.367,98;;;;
RN;2402303;CARAUBAS;21.917.852,64;0,00;2.592.478,42;561.030,56;3.153.508,98;25.071.361,62;;;;
RN;2402402;CARNAUBA DOS DANTAS;9.146.028,53;0,00;2.163.209,95;0,00;2.163.209,95;11.309.238,48;;;;
RN;2402501;CARNAUBAIS;11.924.378,30;0,00;0,00;355.526,06;355.526,06;12.279.904,36;;;;
RN;2402600;CEARA MIRIM;84.565.656,33;0,00;17.803.194,70;2.325.619,63;20.128.814,33;104.694.470,66;;;;
RN;2402709;CERRO CORA;13.628.747,66;0,00;2.104.143,26;391.721,08;2.495.864,34;16.124.612,00;;;;
RN;2402808;CORONEL EZEQUIEL;6.986.419,67;0,00;1.161.929,97;379.455,97;1.541.385,94;8.527.805,61;;;;
RN;2402907;CORONEL JOAO PESSOA;6.244.006,15;0,00;9.467,24;0,00;9.467,24;6.253.473,39;;;;
RN;2403004;CRUZETA;9.307.037,91;0,00;2.720.884,03;0,00;2.720.884,03;12.027.921,94;;;;
RN;2403103;CURRAIS NOVOS;34.156.694,39;0,00;2.246.825,76;1.014.530,63;3.261.356,39;37.418.050,78;;;;
RN;2403202;DOUTOR SEVERIANO;13.846.863,60;0,00;4.764.294,88;705.636,37;5.469.931,25;19.316.794,85;;;;
RN;2403301;ENCANTO;8.748.877,53;0,00;1.720.702,57;208.397,14;1.929.099,71;10.677.977,24;;;;
RN;2403400;EQUADOR;7.031.504,54;0,00;587.753,53;444.721,76;1.032.475,29;8.063.979,83;;;;
RN;2403509;ESPIRITO SANTO;10.237.376,23;0,00;1.119.485,82;0,00;1.119.485,82;11.356.862,05;;;;
RN;2403608;EXTREMOZ;66.814.714,40;0,00;27.791.337,29;1.614.710,06;29.406.047,35;96.220.761,75;;;;
RN;2403707;FELIPE GUERRA;6.912.191,44;0,00;0,00;411.459,63;411.459,63;7.323.651,07;;;;
RN;2403756;FERNANDO PEDROZA;3.221.670,80;0,00;0,00;171.633,46;171.633,46;3.393.304,26;;;;
RN;2403806;FLORANIA;8.293.304,45;0,00;2.190.620,36;0,00;2.190.620,36;10.483.924,81;;;;
RN;2403905;FRANCISCO DANTAS;2.934.774,98;0,00;0,00;0,00;0,00;2.934.774,98;;;;
RN;2404002;FRUTUOSO GOMES;4.134.195,14;0,00;374.263,49;0,00;374.263,49;4.508.458,63;;;;
RN;2404101;GALINHOS;4.560.334,92;0,00;0,00;161.431,93;161.431,93;4.721.766,85;;;;
RN;2404200;GOIANINHA;50.216.641,41;0,00;11.564.150,09;0,00;11.564.150,09;61.780.791,50;;;;
RN;2404309;GOVERNADOR DIX-SEPT ROSADO;11.544.136,18;0,00;0,00;326.178,46;326.178,46;11.870.314,64;;;;
RN;2404408;GROSSOS;9.942.052,09;0,00;0,00;0,00;0,00;9.942.052,09;;;;
RN;2404507;GUAMARE;28.052.867,81;0,00;0,00;1.424.319,56;1.424.319,56;29.477.187,37;;;;
RN;2404606;IELMO MARINHO;22.271.540,53;0,00;5.532.411,88;452.413,34;5.984.825,22;28.256.365,75;;;;
RN;2404705;IPANGUACU;17.912.543,34;0,00;3.135.501,66;435.030,52;3.570.532,18;21.483.075,52;;;;
RN;2404804;IPUEIRA;2.340.002,34;0,00;0,00;160.321,35;160.321,35;2.500.323,69;;;;
RN;2404853;ITAJA;11.956.034,81;0,00;4.433.936,68;296.111,51;4.730.048,19;16.686.083,00;;;;
RN;2404903;ITAU;6.503.454,08;0,00;1.007.958,47;365.530,98;1.373.489,45;7.876.943,53;;;;
RN;2405009;JACANA;9.562.706,42;0,00;2.817.387,33;299.493,63;3.116.880,96;12.679.587,38;;;;
RN;2405108;JANDAIRA;10.533.580,85;0,00;0,00;0,00;0,00;10.533.580,85;;;;
RN;2405207;JANDUIS;8.225.534,51;0,00;3.811.381,87;170.189,87;3.981.571,74;12.207.106,25;;;;
RN;2405306;JANUARIO CICCO;13.867.188,20;0,00;4.021.460,03;0,00;4.021.460,03;17.888.648,23;;;;
RN;2405405;JAPI;6.709.696,20;0,00;1.259.944,63;150.962,31;1.410.906,94;8.120.603,14;;;;
RN;2405504;JARDIM DE ANGICOS;5.127.112,65;0,00;998.480,45;0,00;998.480,45;6.125.593,10;;;;
RN;2405603;JARDIM DE PIRANHAS;15.652.049,63;0,00;2.189.202,61;0,00;2.189.202,61;17.841.252,24;;;;
RN;2405702;JARDIM DO SERIDO;9.460.213,29;0,00;2.110.918,32;296.141,93;2.407.060,25;11.867.273,54;;;;
RN;2405801;JOAO CAMARA;39.228.964,45;0,00;3.069.851,38;2.229.638,78;5.299.490,16;44.528.454,61;;;;
RN;2405900;JOAO DIAS;3.470.022,30;0,00;100.411,51;176.975,72;277.387,23;3.747.409,53;;;;
RN;2406007;JOSE DA PENHA;8.350.811,20;0,00;1.002.907,85;339.579,51;1.342.487,36;9.693.298,56;;;;
RN;2406106;JUCURUTU;16.550.245,91;0,00;1.704.499,17;1.007.401,40;2.711.900,57;19.262.146,48;;;;
RN;2406155;JUNDIA;6.204.384,25;0,00;1.499.843,45;144.604,52;1.644.447,97;7.848.832,22;;;;
RN;2406205;LAGOA DANTA;9.118.244,69;0,00;2.281.879,61;0,00;2.281.879,61;11.400.124,30;;;;
RN;2406304;LAGOA DE PEDRAS;10.130.090,28;0,00;2.816.264,17;0,00;2.816.264,17;12.946.354,45;;;;
RN;2406403;LAGOA DE VELHOS;5.057.426,99;0,00;32.528,45;291.363,92;323.892,37;5.381.319,36;;;;
RN;2406502;LAGOA NOVA;24.045.761,81;0,00;5.710.917,30;1.315.139,70;7.026.057,00;31.071.818,81;;;;
RN;2406601;LAGOA SALGADA;11.183.913,98;0,00;1.707.045,84;258.957,75;1.966.003,59;13.149.917,57;;;;
RN;2406700;LAJES;12.439.510,00;0,00;0,00;0,00;0,00;12.439.510,00;;;;
RN;2406809;LAJES PINTADAS;8.419.679,09;0,00;69.557,78;0,00;69.557,78;8.489.236,87;;;;
RN;2406908;LUCRECIA;4.163.648,61;0,00;225.066,98;256.005,69;481.072,67;4.644.721,28;;;;
RN;2407005;LUIS GOMES;12.845.004,46;0,00;2.551.673,23;598.141,49;3.149.814,72;15.994.819,18;;;;
RN;2407104;MACAIBA;66.136.246,49;0,00;1.273.602,80;0,00;1.273.602,80;67.409.849,29;;;;
RN;2407203;MACAU;20.926.873,95;0,00;0,00;0,00;0,00;20.926.873,95;;;;
RN;2407252;MAJOR SALES;7.781.989,15;0,00;1.115.152,47;231.085,30;1.346.237,77;9.128.226,92;;;;
RN;2407302;MARCELINO VIEIRA;7.289.762,82;0,00;1.783.206,54;169.634,55;1.952.841,09;9.242.603,91;;;;
RN;2407401;MARTINS;9.253.130,39;0,00;2.647.438,38;464.817,36;3.112.255,74;12.365.386,13;;;;
RN;2407500;MAXARANGUAPE;15.910.849,38;0,00;2.257.762,70;0,00;2.257.762,70;18.168.612,08;;;;
RN;2407609;MESSIAS TARGINO;4.168.828,72;0,00;54.734,44;0,00;54.734,44;4.223.563,16;;;;
RN;2407708;MONTANHAS;14.419.088,69;0,00;2.641.033,38;475.521,40;3.116.554,78;17.535.643,47;;;;
RN;2407807;MONTE ALEGRE;40.002.387,85;0,00;11.083.586,47;1.780.690,41;12.864.276,88;52.866.664,73;;;;
RN;2407906;MONTE DAS GAMELEIRAS;5.316.083,73;0,00;199.181,36;189.020,13;388.201,49;5.704.285,22;;;;
RN;2408003;MOSSORO;152.956.657,12;0,00;0,00;0,00;0,00;152.956.657,12;;;;
RN;2408102;NATAL;418.596.601,15;0,00;0,00;0,00;0,00;418.596.601,15;;;;
RN;2408201;NISIA FLORESTA;44.096.565,69;0,00;9.047.557,95;0,00;9.047.557,95;53.144.123,64;;;;
RN;2408300;NOVA CRUZ;33.088.193,87;0,00;4.441.502,77;1.800.035,14;6.241.537,91;39.329.731,78;;;;
RN;2408409;OLHO DAGUA DO BORGES;4.306.131,22;0,00;351.904,19;91.439,65;443.343,84;4.749.475,06;;;;
RN;2408508;OURO BRANCO;4.818.065,10;0,00;2.407,95;0,00;2.407,95;4.820.473,05;;;;
RN;2408607;PARANA;4.914.656,60;0,00;0,00;93.913,74;93.913,74;5.008.570,34;;;;
RN;2408706;PARAU;2.798.336,90;0,00;0,00;0,00;0,00;2.798.336,90;;;;
RN;2408805;PARAZINHO;8.047.673,03;0,00;0,00;0,00;0,00;8.047.673,03;;;;
RN;2408904;PARELHAS;16.827.459,79;0,00;1.460.660,60;0,00;1.460.660,60;18.288.120,39;;;;
RN;2403251;PARNAMIRIM;166.949.655,52;0,00;0,00;0,00;0,00;166.949.655,52;;;;
RN;2409100;PASSA E FICA;22.087.132,96;0,00;10.131.391,25;0,00;10.131.391,25;32.218.524,21;;;;
RN;2409209;PASSAGEM;5.949.076,02;0,00;769.843,16;310.484,55;1.080.327,71;7.029.403,73;;;;
RN;2409308;PATU;8.794.053,79;0,00;387.441,81;0,00;387.441,81;9.181.495,60;;;;
RN;2409407;PAU DOS FERROS;16.834.415,10;0,00;662.252,73;0,00;662.252,73;17.496.667,83;;;;
RN;2409506;PEDRA GRANDE;6.896.961,83;0,00;0,00;0,00;0,00;6.896.961,83;;;;
RN;2409605;PEDRA PRETA;3.613.579,03;0,00;0,00;89.309,68;89.309,68;3.702.888,71;;;;
RN;2409704;PEDRO AVELINO;8.332.478,95;0,00;21.391,22;224.386,85;245.778,07;8.578.257,02;;;;
RN;2409803;PEDRO VELHO;21.439.419,49;0,00;5.836.643,30;0,00;5.836.643,30;27.276.062,79;;;;
RN;2409902;PENDENCIAS;12.950.914,18;0,00;0,00;343.410,70;343.410,70;13.294.324,88;;;;
RN;2410009;PILOES;2.880.581,01;0,00;0,00;0,00;0,00;2.880.581,01;;;;
RN;2410108;POCO BRANCO;13.756.482,42;0,00;1.622.908,36;0,00;1.622.908,36;15.379.390,78;;;;
RN;2410207;PORTALEGRE;10.949.306,58;0,00;2.547.362,70;318.891,77;2.866.254,47;13.815.561,05;;;;
RN;2410256;PORTO DO MANGUE;8.703.820,05;0,00;0,00;489.742,75;489.742,75;9.193.562,80;;;;
RN;2410306;PRESIDENTE JUSCELINO;21.515.500,39;0,00;7.311.153,53;592.204,78;7.903.358,31;29.418.858,70;;;;
RN;2410405;PUREZA;13.163.038,59;0,00;2.742.338,43;0,00;2.742.338,43;15.905.377,02;;;;
RN;2410504;RAFAEL FERNANDES;3.452.550,94;0,00;0,00;0,00;0,00;3.452.550,94;;;;
RN;2410603;RAFAEL GODEIRO;4.999.657,22;0,00;0,00;313.682,37;313.682,37;5.313.339,59;;;;
RN;2410702;RIACHO DA CRUZ;4.828.635,71;0,00;872.067,97;0,00;872.067,97;5.700.703,68;;;;
RN;2410801;RIACHO DE SANTANA;5.433.893,50;0,00;965.890,99;262.208,06;1.228.099,05;6.661.992,55;;;;
RN;2410900;RIACHUELO;9.703.103,27;0,00;1.019.500,42;259.370,33;1.278.870,75;10.981.974,02;;;;
RN;2408953;RIO DO FOGO;18.445.528,85;0,00;3.793.498,80;0,00;3.793.498,80;22.239.027,65;;;;
RN;2411007;RODOLFO FERNANDES;5.628.704,78;0,00;376.548,12;297.419,40;673.967,52;6.302.672,30;;;;
RN;2411106;RUY BARBOSA;4.880.407,17;0,00;0,00;327.455,90;327.455,90;5.207.863,07;;;;
RN;2411205;SANTA CRUZ;30.803.670,70;0,00;5.428.147,13;0,00;5.428.147,13;36.231.817,83;;;;
RN;2409332;SANTA MARIA;8.519.033,10;0,00;3.712.825,29;0,00;3.712.825,29;12.231.858,39;;;;
RN;2411403;SANTANA DO MATOS;11.421.322,21;0,00;589.498,86;582.826,92;1.172.325,78;12.593.647,99;;;;
RN;2411429;SANTANA DO SERIDO;2.827.519,42;0,00;0,00;0,00;0,00;2.827.519,42;;;;
RN;2411502;SANTO ANTONIO;20.323.546,79;0,00;3.313.166,35;0,00;3.313.166,35;23.636.713,14;;;;
RN;2411601;SAO BENTO DO NORTE;7.153.068,48;0,00;0,00;436.717,96;436.717,96;7.589.786,44;;;;
RN;2411700;SAO BENTO DO TRAIRI;5.675.897,27;0,00;842.980,37;0,00;842.980,37;6.518.877,64;;;;
RN;2411809;SAO FERNANDO;4.626.779,17;0,00;700.080,09;0,00;700.080,09;5.326.859,26;;;;
RN;2411908;SAO FRANCISCO DO OESTE;6.923.312,23;0,00;617.684,94;356.088,16;973.773,10;7.897.085,33;;;;
RN;2412005;SAO GONCALO DO AMARANTE;109.133.605,11;0,00;18.310.132,27;6.177.266,51;24.487.398,78;133.621.003,89;;;;
RN;2412104;SAO JOAO DO SABUGI;5.939.183,58;0,00;1.034.218,78;398.713,56;1.432.932,34;7.372.115,92;;;;
RN;2412203;SAO JOSE DE MIPIBU;69.424.872,67;0,00;21.356.144,02;2.082.945,14;23.439.089,16;92.863.961,83;;;;
RN;2412302;SAO JOSE DO CAMPESTRE;19.293.706,40;0,00;3.519.911,08;0,00;3.519.911,08;22.813.617,48;;;;
RN;2412401;SAO JOSE DO SERIDO;5.484.042,95;0,00;263.120,32;0,00;263.120,32;5.747.163,27;;;;
RN;2412500;SAO MIGUEL;30.406.789,85;0,00;5.937.695,17;1.564.211,87;7.501.907,04;37.908.696,89;;;;
RN;2412559;SAO MIGUEL DO GOSTOSO;18.699.049,03;0,00;593.753,88;0,00;593.753,88;19.292.802,91;;;;
RN;2412609;SAO PAULO DO POTENGI;21.208.931,09;0,00;5.838.492,49;0,00;5.838.492,49;27.047.423,58;;;;
RN;2412708;SAO PEDRO;7.242.245,42;0,00;520.795,34;0,00;520.795,34;7.763.040,76;;;;
RN;2412807;SAO RAFAEL;5.029.761,45;0,00;0,00;0,00;0,00;5.029.761,45;;;;
RN;2412906;SAO TOME;17.536.657,31;0,00;582.476,39;504.267,66;1.086.744,05;18.623.401,36;;;;
RN;2413003;SAO VICENTE;6.491.854,70;0,00;1.182.655,64;0,00;1.182.655,64;7.674.510,34;;;;
RN;2413102;SENADOR ELOI DE SOUZA;7.673.465,14;0,00;390.115,47;0,00;390.115,47;8.063.580,61;;;;
RN;2413201;SENADOR GEORGINO AVELINO;6.342.857,25;0,00;0,00;431.227,78;431.227,78;6.774.085,03;;;;
RN;2413300;SERRA DE SAO BENTO;6.243.181,21;0,00;962.653,93;231.740,06;1.194.393,99;7.437.575,20;;;;
RN;2413359;SERRA DO MEL;23.882.566,39;0,00;1.706.072,64;0,00;1.706.072,64;25.588.639,03;;;;
RN;2413409;SERRA NEGRA DO NORTE;7.631.293,12;0,00;1.363.306,75;0,00;1.363.306,75;8.994.599,87;;;;
RN;2413508;SERRINHA;10.135.186,93;0,00;1.879.689,65;576.101,88;2.455.791,53;12.590.978,46;;;;
RN;2413557;SERRINHA DOS PINTOS;6.723.668,85;0,00;1.397.648,13;327.903,83;1.725.551,96;8.449.220,81;;;;
RN;2413607;SEVERIANO MELO;7.058.786,56;0,00;1.179.157,07;0,00;1.179.157,07;8.237.943,63;;;;
RN;2413706;SITIO NOVO;9.427.244,49;0,00;2.989.030,77;0,00;2.989.030,77;12.416.275,26;;;;
RN;2413805;TABOLEIRO GRANDE;3.379.907,99;0,00;0,00;208.742,03;208.742,03;3.588.650,02;;;;
RN;2413904;TAIPU;14.003.845,07;0,00;4.348.232,97;0,00;4.348.232,97;18.352.078,04;;;;
RN;2414001;TANGARA;17.045.416,01;0,00;4.195.303,68;0,00;4.195.303,68;21.240.719,69;;;;
RN;2414100;TENENTE ANANIAS;14.124.445,41;0,00;4.442.734,93;854.086,67;5.296.821,60;19.421.267,01;;;;
RN;2414159;TENENTE LAURENTINO CRUZ;10.172.732,25;0,00;1.886.822,76;359.739,16;2.246.561,92;12.419.294,17;;;;
RN;2411056;TIBAU;5.584.425,25;0,00;0,00;317.518,36;317.518,36;5.901.943,61;;;;
RN;2414209;TIBAU DO SUL;22.273.819,78;0,00;0,00;508.198,09;508.198,09;22.782.017,87;;;;
RN;2414308;TIMBAUBA DOS BATISTAS;2.805.415,79;0,00;0,00;53.719,74;53.719,74;2.859.135,53;;;;
RN;2414407;TOUROS;53.579.408,40;0,00;18.907.387,19;2.430.863,73;21.338.250,92;74.917.659,32;;;;
RN;2414456;TRIUNFO POTIGUAR;4.939.312,85;0,00;0,00;0,00;0,00;4.939.312,85;;;;
RN;2414506;UMARIZAL;6.907.467,83;0,00;954.148,28;417.934,21;1.372.082,49;8.279.550,32;;;;
RN;2414605;UPANEMA;14.852.196,08;0,00;294.182,15;0,00;294.182,15;15.146.378,23;;;;
RN;2414704;VARZEA;4.999.689,28;0,00;666.162,44;0,00;666.162,44;5.665.851,72;;;;
RN;2414753;VENHA-VER;7.159.565,67;0,00;1.182.190,04;167.101,42;1.349.291,46;8.508.857,13;;;;
RN;2414803;VERA CRUZ;22.653.375,96;0,00;8.447.308,37;1.204.327,15;9.651.635,52;32.305.011,48;;;;
RN;2414902;VICOSA;3.279.607,12;0,00;7.639,56;0,00;7.639,56;3.287.246,68;;;;
RN;2415008;VILA FLOR;5.125.519,81;0,00;398.616,97;0,00;398.616,97;5.524.136,78;;;;
RO;1100015;ALTA FLORESTA DOESTE;26.709.645,60;0,00;0,00;664.174,17;664.174,17;27.373.819,77;;;;
RO;1100379;ALTO ALEGRE DOS PARECIS;18.828.207,28;0,00;0,00;376.477,12;376.477,12;19.204.684,40;;;;
RO;1100403;ALTO PARAISO;16.191.893,28;0,00;0,00;813.214,23;813.214,23;17.005.107,51;;;;
RO;1100346;ALVORADA DOESTE;13.687.143,79;0,00;0,00;0,00;0,00;13.687.143,79;;;;
RO;1100023;ARIQUEMES;108.284.367,51;0,00;0,00;2.680.925,68;2.680.925,68;110.965.293,19;;;;
RO;1100452;BURITIS;28.836.062,64;0,00;0,00;872.169,44;872.169,44;29.708.232,08;;;;
RO;1100031;CABIXI;5.608.922,28;0,00;0,00;335.015,25;335.015,25;5.943.937,53;;;;
RO;1100601;CACAULANDIA;5.478.026,94;0,00;0,00;134.041,06;134.041,06;5.612.068,00;;;;
RO;1100049;CACOAL;70.633.543,42;0,00;0,00;0,00;0,00;70.633.543,42;;;;
RO;1100700;CAMPO NOVO DE RONDONIA;12.621.645,06;0,00;0,00;0,00;0,00;12.621.645,06;;;;
RO;1100809;CANDEIAS DO JAMARI;31.294.796,76;0,00;0,00;0,00;0,00;31.294.796,76;;;;
RO;1100908;CASTANHEIRAS;5.166.181,59;0,00;0,00;118.216,63;118.216,63;5.284.398,22;;;;
RO;1100056;CEREJEIRAS;16.761.684,11;0,00;0,00;0,00;0,00;16.761.684,11;;;;
RO;1100924;CHUPINGUAIA;12.742.968,18;0,00;0,00;329.708,35;329.708,35;13.072.676,53;;;;
RO;1100064;COLORADO DO OESTE;17.337.332,13;0,00;0,00;941.115,08;941.115,08;18.278.447,21;;;;
RO;1100072;CORUMBIARA;8.287.677,31;0,00;0,00;220.014,83;220.014,83;8.507.692,14;;;;
RO;1100080;COSTA MARQUES;20.576.533,30;0,00;667.285,64;0,00;667.285,64;21.243.818,94;;;;
RO;1100940;CUJUBIM;25.987.790,19;0,00;0,00;0,00;0,00;25.987.790,19;;;;
RO;1100098;ESPIGAO DOESTE;28.671.910,27;0,00;0,00;1.529.114,59;1.529.114,59;30.201.024,86;;;;
RO;1101005;GOVERNADOR JORGE TEIXEIRA;10.404.315,87;0,00;0,00;0,00;0,00;10.404.315,87;;;;
RO;1100106;GUAJARA-MIRIM;32.079.170,11;0,00;0,00;0,00;0,00;32.079.170,11;;;;
RO;1101104;ITAPUA DO OESTE;12.302.712,36;0,00;0,00;746.399,45;746.399,45;13.049.111,81;;;;
RO;1100114;JARU;51.328.674,62;0,00;0,00;0,00;0,00;51.328.674,62;;;;
RO;1100122;JI-PARANA;83.034.320,31;0,00;0,00;0,00;0,00;83.034.320,31;;;;
RO;1100130;MACHADINHO DOESTE;33.807.454,07;0,00;0,00;1.894.198,89;1.894.198,89;35.701.652,96;;;;
RO;1101203;MINISTRO ANDREAZZA;9.771.348,90;0,00;0,00;0,00;0,00;9.771.348,90;;;;
RO;1101302;MIRANTE DA SERRA;9.896.124,56;0,00;0,00;0,00;0,00;9.896.124,56;;;;
RO;1101401;MONTE NEGRO;17.340.506,90;0,00;0,00;443.557,82;443.557,82;17.784.064,72;;;;
RO;1100148;NOVA BRASILANDIA DOESTE;21.605.444,56;0,00;0,00;0,00;0,00;21.605.444,56;;;;
RO;1100338;NOVA MAMORE;34.459.053,68;0,00;66.291,61;1.663.408,43;1.729.700,04;36.188.753,72;;;;
RO;1101435;NOVA UNIAO;8.511.287,29;0,00;0,00;469.595,28;469.595,28;8.980.882,57;;;;
RO;1100502;NOVO HORIZONTE DO OESTE;7.222.068,98;0,00;0,00;203.223,95;203.223,95;7.425.292,93;;;;
RO;1100155;OURO PRETO DO OESTE;34.424.447,09;0,00;0,00;0,00;0,00;34.424.447,09;;;;
RO;1101450;PARECIS;5.115.337,48;0,00;0,00;134.741,28;134.741,28;5.250.078,76;;;;
RO;1100189;PIMENTA BUENO;44.062.847,50;0,00;0,00;0,00;0,00;44.062.847,50;;;;
RO;1101468;PIMENTEIRAS DO OESTE;2.555.675,41;0,00;0,00;81.125,69;81.125,69;2.636.801,10;;;;
RO;1100205;PORTO VELHO;395.247.385,05;0,00;0,00;0,00;0,00;395.247.385,05;;;;
RO;1100254;PRESIDENTE MEDICI;14.533.630,63;0,00;0,00;438.952,80;438.952,80;14.972.583,43;;;;
RO;1101476;PRIMAVERA DE RONDONIA;3.943.787,20;0,00;0,00;229.106,89;229.106,89;4.172.894,09;;;;
RO;1100262;RIO CRESPO;3.876.887,83;0,00;0,00;216.908,91;216.908,91;4.093.796,74;;;;
RO;1100288;ROLIM DE MOURA;53.196.699,62;0,00;0,00;1.570.242,91;1.570.242,91;54.766.942,53;;;;
RO;1100296;SANTA LUZIA DOESTE;8.794.770,47;0,00;0,00;0,00;0,00;8.794.770,47;;;;
RO;1101484;SAO FELIPE DOESTE;5.073.461,76;0,00;0,00;130.269,28;130.269,28;5.203.731,04;;;;
RO;1101492;SAO FRANCISCO DO GUAPORE;23.318.425,48;0,00;0,00;1.294.904,51;1.294.904,51;24.613.329,99;;;;
RO;1100320;SAO MIGUEL DO GUAPORE;26.353.707,82;0,00;0,00;675.214,60;675.214,60;27.028.922,42;;;;
RO;1101500;SERINGUEIRAS;13.050.512,81;0,00;216.807,03;304.179,47;520.986,50;13.571.499,31;;;;
RO;1101559;TEIXEIROPOLIS;5.648.361,28;0,00;0,00;0,00;0,00;5.648.361,28;;;;
RO;1101609;THEOBROMA;11.657.150,88;0,00;0,00;0,00;0,00;11.657.150,88;;;;
RO;1101708;URUPA;15.516.268,40;0,00;0,00;0,00;0,00;15.516.268,40;;;;
RO;1101757;VALE DO ANARI;8.566.242,41;0,00;0,00;0,00;0,00;8.566.242,41;;;;
RO;1101807;VALE DO PARAISO;9.425.349,36;0,00;0,00;454.081,99;454.081,99;9.879.431,35;;;;
RO;1100304;VILHENA;103.824.407,09;0,00;0,00;0,00;0,00;103.824.407,09;;;;
RR;1400050;ALTO ALEGRE;21.223.559,31;0,00;0,00;818.561,97;818.561,97;22.042.121,28;;;;
RR;1400027;AMAJARI;16.532.034,95;0,00;626.891,17;354.778,06;981.669,23;17.513.704,18;;;;
RR;1400100;BOA VISTA;551.747.709,05;0,00;0,00;0,00;0,00;551.747.709,05;;;;
RR;1400159;BONFIM;41.771.545,74;0,00;1.990.234,53;0,00;1.990.234,53;43.761.780,27;;;;
RR;1400175;CANTA;35.344.434,27;0,00;607.801,23;752.360,28;1.360.161,51;36.704.595,78;;;;
RR;1400209;CARACARAI;29.769.295,77;0,00;0,00;0,00;0,00;29.769.295,77;;;;
RR;1400233;CAROEBE;18.732.649,76;0,00;0,00;0,00;0,00;18.732.649,76;;;;
RR;1400282;IRACEMA;12.536.182,82;0,00;0,00;0,00;0,00;12.536.182,82;;;;
RR;1400308;MUCAJAI;33.211.946,60;0,00;0,00;0,00;0,00;33.211.946,60;;;;
RR;1400407;NORMANDIA;47.664.132,57;0,00;11.433.606,78;898.870,67;12.332.477,45;59.996.610,02;;;;
RR;1400456;PACARAIMA;61.228.581,06;0,00;12.552.956,82;0,00;12.552.956,82;73.781.537,88;;;;
RR;1400472;RORAINOPOLIS;51.080.074,11;0,00;0,00;0,00;0,00;51.080.074,11;;;;
RR;1400506;SAO JOAO DA BALIZA;17.562.774,29;0,00;0,00;333.243,76;333.243,76;17.896.018,05;;;;
RR;1400605;SAO LUIZ;15.672.401,25;0,00;0,00;0,00;0,00;15.672.401,25;;;;
RR;1400704;UIRAMUTA;29.885.778,50;0,00;5.614.831,35;0,00;5.614.831,35;35.500.609,85;;;;
RS;4300034;ACEGUA;6.868.012,93;0,00;0,00;0,00;0,00;6.868.012,93;;;;
RS;4300059;AGUA SANTA;4.546.182,33;0,00;0,00;0,00;0,00;4.546.182,33;;;;
RS;4300109;AGUDO;20.269.955,80;0,00;0,00;0,00;0,00;20.269.955,80;;;;
RS;4300208;AJURICABA;5.575.736,59;0,00;0,00;338.596,75;338.596,75;5.914.333,34;;;;
RS;4300307;ALECRIM;4.290.142,24;0,00;0,00;0,00;0,00;4.290.142,24;;;;
RS;4300406;ALEGRETE;46.064.705,43;0,00;0,00;0,00;0,00;46.064.705,43;;;;
RS;4300455;ALEGRIA;3.945.957,31;0,00;0,00;179.958,82;179.958,82;4.125.916,13;;;;
RS;4300471;ALMIRANTE TAMANDARE DO SUL;2.101.121,07;0,00;0,00;0,00;0,00;2.101.121,07;;;;
RS;4300505;ALPESTRE;7.141.291,96;0,00;0,00;408.226,07;408.226,07;7.549.518,03;;;;
RS;4300554;ALTO ALEGRE;1.367.302,86;0,00;0,00;36.329,02;36.329,02;1.403.631,88;;;;
RS;4300570;ALTO FELIZ;4.394.973,89;0,00;0,00;214.559,85;214.559,85;4.609.533,74;;;;
RS;4300604;ALVORADA;194.865.081,39;0,00;0,00;0,00;0,00;194.865.081,39;;;;
RS;4300638;AMARAL FERRADOR;5.970.340,77;0,00;0,00;0,00;0,00;5.970.340,77;;;;
RS;4300646;AMETISTA DO SUL;9.783.420,91;0,00;0,00;0,00;0,00;9.783.420,91;;;;
RS;4300661;ANDRE DA ROCHA;1.571.805,05;0,00;0,00;0,00;0,00;1.571.805,05;;;;
RS;4300703;ANTA GORDA;3.147.134,29;0,00;0,00;86.588,70;86.588,70;3.233.722,99;;;;
RS;4300802;ANTONIO PRADO;9.321.209,59;0,00;0,00;0,00;0,00;9.321.209,59;;;;
RS;4300851;ARAMBARE;4.493.987,06;0,00;0,00;0,00;0,00;4.493.987,06;;;;
RS;4300877;ARARICA;19.656.929,68;0,00;1.924.525,82;0,00;1.924.525,82;21.581.455,50;;;;
RS;4300901;ARATIBA;6.385.426,84;0,00;0,00;374.135,05;374.135,05;6.759.561,89;;;;
RS;4301008;ARROIO DO MEIO;33.005.029,30;0,00;0,00;1.527.171,38;1.527.171,38;34.532.200,68;;;;
RS;4301073;ARROIO DO PADRE;4.050.351,31;0,00;0,00;0,00;0,00;4.050.351,31;;;;
RS;4301057;ARROIO DO SAL;19.849.301,51;0,00;0,00;0,00;0,00;19.849.301,51;;;;
RS;4301206;ARROIO DO TIGRE;13.624.116,43;0,00;0,00;602.544,60;602.544,60;14.226.661,03;;;;
RS;4301107;ARROIO DOS RATOS;16.166.413,95;0,00;0,00;0,00;0,00;16.166.413,95;;;;
RS;4301305;ARROIO GRANDE;12.940.341,73;0,00;0,00;609.726,10;609.726,10;13.550.067,83;;;;
RS;4301404;ARVOREZINHA;6.733.958,37;0,00;0,00;0,00;0,00;6.733.958,37;;;;
RS;4301503;AUGUSTO PESTANA;5.490.036,18;0,00;0,00;0,00;0,00;5.490.036,18;;;;
RS;4301552;AUREA;2.851.694,18;0,00;0,00;0,00;0,00;2.851.694,18;;;;
RS;4301602;BAGE;104.610.723,45;0,00;0,00;0,00;0,00;104.610.723,45;;;;
RS;4301636;BALNEARIO PINHAL;24.112.883,45;0,00;0,00;0,00;0,00;24.112.883,45;;;;
RS;4301651;BARAO;7.601.247,21;0,00;0,00;0,00;0,00;7.601.247,21;;;;
RS;4301701;BARAO DE COTEGIPE;5.886.113,37;0,00;0,00;166.348,63;166.348,63;6.052.462,00;;;;
RS;4301750;BARAO DO TRIUNFO;5.749.988,56;0,00;0,00;0,00;0,00;5.749.988,56;;;;
RS;4301859;BARRA DO GUARITA;4.295.373,18;0,00;0,00;124.556,61;124.556,61;4.419.929,79;;;;
RS;4301875;BARRA DO QUARAI;6.310.089,88;0,00;0,00;0,00;0,00;6.310.089,88;;;;
RS;4301909;BARRA DO RIBEIRO;7.835.700,80;0,00;0,00;0,00;0,00;7.835.700,80;;;;
RS;4301925;BARRA DO RIO AZUL;881.996,60;0,00;0,00;54.267,18;54.267,18;936.263,78;;;;
RS;4301958;BARRA FUNDA;2.905.821,97;0,00;0,00;0,00;0,00;2.905.821,97;;;;
RS;4301800;BARRACAO;5.691.484,35;0,00;0,00;121.327,98;121.327,98;5.812.812,33;;;;
RS;4302006;BARROS CASSAL;8.942.455,03;0,00;0,00;0,00;0,00;8.942.455,03;;;;
RS;4302055;BENJAMIN CONSTANT DO SUL;2.762.487,61;0,00;0,00;65.829,26;65.829,26;2.828.316,87;;;;
RS;4302105;BENTO GONCALVES;108.013.560,00;0,00;0,00;0,00;0,00;108.013.560,00;;;;
RS;4302154;BOA VISTA DAS MISSOES;2.785.915,58;0,00;0,00;0,00;0,00;2.785.915,58;;;;
RS;4302204;BOA VISTA DO BURICA;8.656.778,53;0,00;0,00;253.620,21;253.620,21;8.910.398,74;;;;
RS;4302220;BOA VISTA DO CADEADO;3.171.584,96;0,00;0,00;87.681,30;87.681,30;3.259.266,26;;;;
RS;4302238;BOA VISTA DO INCRA;3.967.015,42;0,00;0,00;0,00;0,00;3.967.015,42;;;;
RS;4302253;BOA VISTA DO SUL;2.721.419,34;0,00;0,00;0,00;0,00;2.721.419,34;;;;
RS;4302303;BOM JESUS;11.208.012,53;0,00;0,00;0,00;0,00;11.208.012,53;;;;
RS;4302352;BOM PRINCIPIO;19.911.406,06;0,00;0,00;0,00;0,00;19.911.406,06;;;;
RS;4302378;BOM PROGRESSO;2.549.599,21;0,00;0,00;74.843,23;74.843,23;2.624.442,44;;;;
RS;4302402;BOM RETIRO DO SUL;18.334.966,46;0,00;880.690,55;935.093,28;1.815.783,83;20.150.750,29;;;;
RS;4302451;BOQUEIRAO DO LEAO;4.514.556,30;0,00;0,00;0,00;0,00;4.514.556,30;;;;
RS;4302501;BOSSOROCA;5.523.101,70;0,00;0,00;0,00;0,00;5.523.101,70;;;;
RS;4302584;BOZANO;1.858.455,04;0,00;0,00;50.532,84;50.532,84;1.908.987,88;;;;
RS;4302600;BRAGA;3.034.417,98;0,00;0,00;89.593,35;89.593,35;3.124.011,33;;;;
RS;4302659;BROCHIER;5.136.715,87;0,00;0,00;229.124,44;229.124,44;5.365.840,31;;;;
RS;4302709;BUTIA;24.615.189,94;0,00;0,00;578.491,03;578.491,03;25.193.680,97;;;;
RS;4302808;CACAPAVA DO SUL;34.874.386,64;0,00;0,00;0,00;0,00;34.874.386,64;;;;
RS;4302907;CACEQUI;10.652.171,22;0,00;0,00;0,00;0,00;10.652.171,22;;;;
RS;4303004;CACHOEIRA DO SUL;56.943.037,37;0,00;0,00;0,00;0,00;56.943.037,37;;;;
RS;4303103;CACHOEIRINHA;128.679.442,68;0,00;0,00;6.496.812,37;6.496.812,37;135.176.255,05;;;;
RS;4303202;CACIQUE DOBLE;6.060.081,83;0,00;0,00;0,00;0,00;6.060.081,83;;;;
RS;4303301;CAIBATE;4.459.319,47;0,00;0,00;107.286,53;107.286,53;4.566.606,00;;;;
RS;4303400;CAICARA;2.833.390,37;0,00;0,00;61.306,06;61.306,06;2.894.696,43;;;;
RS;4303509;CAMAQUA;57.298.782,03;0,00;0,00;0,00;0,00;57.298.782,03;;;;
RS;4303558;CAMARGO;3.876.064,55;0,00;0,00;101.065,67;101.065,67;3.977.130,22;;;;
RS;4303608;CAMBARA DO SUL;6.043.397,07;0,00;0,00;0,00;0,00;6.043.397,07;;;;
RS;4303673;CAMPESTRE DA SERRA;4.012.104,21;0,00;0,00;0,00;0,00;4.012.104,21;;;;
RS;4303707;CAMPINA DAS MISSOES;5.487.599,86;0,00;0,00;319.226,82;319.226,82;5.806.826,68;;;;
RS;4303806;CAMPINAS DO SUL;4.271.975,47;0,00;0,00;120.186,20;120.186,20;4.392.161,67;;;;
RS;4303905;CAMPO BOM;95.430.980,33;0,00;0,00;2.359.294,85;2.359.294,85;97.790.275,18;;;;
RS;4304002;CAMPO NOVO;4.745.810,52;0,00;0,00;124.220,45;124.220,45;4.870.030,97;;;;
RS;4304101;CAMPOS BORGES;3.725.691,25;0,00;0,00;203.880,84;203.880,84;3.929.572,09;;;;
RS;4304200;CANDELARIA;25.273.104,16;0,00;0,00;1.261.061,22;1.261.061,22;26.534.165,38;;;;
RS;4304309;CANDIDO GODOI;6.026.766,91;0,00;0,00;287.308,96;287.308,96;6.314.075,87;;;;
RS;4304358;CANDIOTA;7.421.379,95;0,00;0,00;0,00;0,00;7.421.379,95;;;;
RS;4304408;CANELA;65.002.396,45;0,00;0,00;2.615.571,55;2.615.571,55;67.617.968,00;;;;
RS;4304507;CANGUCU;57.242.303,77;0,00;0,00;2.266.593,60;2.266.593,60;59.508.897,37;;;;
RS;4304606;CANOAS;288.482.564,95;0,00;0,00;0,00;0,00;288.482.564,95;;;;
RS;4304614;CANUDOS DO VALE;2.163.987,83;0,00;0,00;110.602,95;110.602,95;2.274.590,78;;;;
RS;4304622;CAPAO BONITO DO SUL;3.885.111,75;0,00;0,00;151.672,94;151.672,94;4.036.784,69;;;;
RS;4304630;CAPAO DA CANOA;87.704.204,32;0,00;0,00;0,00;0,00;87.704.204,32;;;;
RS;4304655;CAPAO DO CIPO;3.589.731,79;0,00;0,00;0,00;0,00;3.589.731,79;;;;
RS;4304663;CAPAO DO LEAO;33.246.484,44;0,00;0,00;0,00;0,00;33.246.484,44;;;;
RS;4304689;CAPELA DE SANTANA;15.318.806,71;0,00;0,00;0,00;0,00;15.318.806,71;;;;
RS;4304697;CAPITAO;5.291.040,75;0,00;0,00;0,00;0,00;5.291.040,75;;;;
RS;4304671;CAPIVARI DO SUL;6.584.017,03;0,00;0,00;0,00;0,00;6.584.017,03;;;;
RS;4304713;CARAA;9.855.597,41;0,00;348.570,51;453.330,46;801.900,97;10.657.498,38;;;;
RS;4304705;CARAZINHO;55.610.927,80;0,00;0,00;0,00;0,00;55.610.927,80;;;;
RS;4304804;CARLOS BARBOSA;28.239.462,43;0,00;0,00;753.818,38;753.818,38;28.993.280,81;;;;
RS;4304853;CARLOS GOMES;1.358.182,22;0,00;0,00;74.579,89;74.579,89;1.432.762,11;;;;
RS;4304903;CASCA;7.825.142,52;0,00;0,00;411.291,69;411.291,69;8.236.434,21;;;;
RS;4304952;CASEIROS;4.263.601,20;0,00;0,00;0,00;0,00;4.263.601,20;;;;
RS;4305009;CATUIPE;10.037.838,92;0,00;0,00;0,00;0,00;10.037.838,92;;;;
RS;4305108;CAXIAS DO SUL;365.469.570,32;0,00;0,00;0,00;0,00;365.469.570,32;;;;
RS;4305116;CENTENARIO;1.735.678,34;0,00;0,00;46.981,89;46.981,89;1.782.660,23;;;;
RS;4305124;CERRITO;5.858.727,37;0,00;0,00;0,00;0,00;5.858.727,37;;;;
RS;4305132;CERRO BRANCO;3.623.914,76;0,00;0,00;96.148,97;96.148,97;3.720.063,73;;;;
RS;4305157;CERRO GRANDE;4.046.452,23;0,00;580.291,29;179.986,52;760.277,81;4.806.730,04;;;;
RS;4305173;CERRO GRANDE DO SUL;9.041.797,67;0,00;0,00;0,00;0,00;9.041.797,67;;;;
RS;4305207;CERRO LARGO;12.669.217,67;0,00;0,00;0,00;0,00;12.669.217,67;;;;
RS;4305306;CHAPADA;12.725.134,75;0,00;0,00;0,00;0,00;12.725.134,75;;;;
RS;4305355;CHARQUEADAS;35.840.364,41;0,00;0,00;1.990.204,08;1.990.204,08;37.830.568,49;;;;
RS;4305371;CHARRUA;3.150.048,00;0,00;0,00;81.125,69;81.125,69;3.231.173,69;;;;
RS;4305405;CHIAPETTA;4.107.806,17;0,00;0,00;236.306,73;236.306,73;4.344.112,90;;;;
RS;4305439;CHUI;3.505.759,71;0,00;0,00;0,00;0,00;3.505.759,71;;;;
RS;4305447;CHUVISCA;6.244.596,41;0,00;0,00;0,00;0,00;6.244.596,41;;;;
RS;4305454;CIDREIRA;21.204.953,34;0,00;0,00;0,00;0,00;21.204.953,34;;;;
RS;4305504;CIRIACO;2.854.647,83;0,00;0,00;86.588,70;86.588,70;2.941.236,53;;;;
RS;4305587;COLINAS;4.224.189,10;0,00;0,00;191.105,34;191.105,34;4.415.294,44;;;;
RS;4305603;COLORADO;3.415.743,59;0,00;0,00;0,00;0,00;3.415.743,59;;;;
RS;4305702;CONDOR;7.771.361,07;0,00;0,00;0,00;0,00;7.771.361,07;;;;
RS;4305801;CONSTANTINA;11.200.753,82;0,00;0,00;0,00;0,00;11.200.753,82;;;;
RS;4305835;COQUEIRO BAIXO;1.739.776,61;0,00;0,00;43.704,08;43.704,08;1.783.480,69;;;;
RS;4305850;COQUEIROS DO SUL;2.151.010,11;0,00;0,00;0,00;0,00;2.151.010,11;;;;
RS;4305871;CORONEL BARROS;3.600.715,37;0,00;0,00;114.450,04;114.450,04;3.715.165,41;;;;
RS;4305900;CORONEL BICACO;7.942.629,23;0,00;0,00;0,00;0,00;7.942.629,23;;;;
RS;4305934;CORONEL PILAR;1.672.073,15;0,00;0,00;45.616,13;45.616,13;1.717.689,28;;;;
RS;4305959;COTIPORA;4.009.651,22;0,00;0,00;125.102,91;125.102,91;4.134.754,13;;;;
RS;4305975;COXILHA;4.948.568,93;0,00;0,00;270.057,58;270.057,58;5.218.626,51;;;;
RS;4306007;CRISSIUMAL;15.675.541,74;0,00;0,00;0,00;0,00;15.675.541,74;;;;
RS;4306056;CRISTAL;7.264.223,35;0,00;0,00;180.094,46;180.094,46;7.444.317,81;;;;
RS;4306072;CRISTAL DO SUL;2.820.842,49;0,00;0,00;85.288,20;85.288,20;2.906.130,69;;;;
RS;4306106;CRUZ ALTA;48.851.999,56;0,00;0,00;2.360.938,78;2.360.938,78;51.212.938,34;;;;
RS;4306130;CRUZALTENSE;1.955.621,87;0,00;0,00;0,00;0,00;1.955.621,87;;;;
RS;4306205;CRUZEIRO DO SUL;12.780.900,06;0,00;0,00;266.858,17;266.858,17;13.047.758,23;;;;
RS;4306304;DAVID CANABARRO;2.235.427,09;0,00;0,00;56.542,15;56.542,15;2.291.969,24;;;;
RS;4306320;DERRUBADAS;3.928.948,21;0,00;0,00;213.064,20;213.064,20;4.142.012,41;;;;
RS;4306353;DEZESSEIS DE NOVEMBRO;1.962.989,72;0,00;0,00;0,00;0,00;1.962.989,72;;;;
RS;4306379;DILERMANDO DE AGUIAR;3.673.125,59;0,00;0,00;0,00;0,00;3.673.125,59;;;;
RS;4306403;DOIS IRMAOS;41.644.642,24;0,00;0,00;1.016.864,29;1.016.864,29;42.661.506,53;;;;
RS;4306429;DOIS IRMAOS DAS MISSOES;3.091.251,01;0,00;0,00;83.310,89;83.310,89;3.174.561,90;;;;
RS;4306452;DOIS LAJEADOS;2.990.015,12;0,00;0,00;0,00;0,00;2.990.015,12;;;;
RS;4306502;DOM FELICIANO;16.790.765,71;0,00;0,00;0,00;0,00;16.790.765,71;;;;
RS;4306601;DOM PEDRITO;27.874.100,37;0,00;0,00;635.942,06;635.942,06;28.510.042,43;;;;
RS;4306551;DOM PEDRO DE ALCANTARA;3.243.376,36;0,00;0,00;166.441,78;166.441,78;3.409.818,14;;;;
RS;4306700;DONA FRANCISCA;2.201.186,97;0,00;0,00;125.381,83;125.381,83;2.326.568,80;;;;
RS;4306734;DOUTOR MAURICIO CARDOSO;5.101.476,49;0,00;0,00;298.696,92;298.696,92;5.400.173,41;;;;
RS;4306759;DOUTOR RICARDO;1.570.183,09;0,00;0,00;44.796,68;44.796,68;1.614.979,77;;;;
RS;4306767;ELDORADO DO SUL;56.114.131,24;0,00;0,00;2.716.890,48;2.716.890,48;58.831.021,72;;;;
RS;4306809;ENCANTADO;21.798.098,99;0,00;0,00;0,00;0,00;21.798.098,99;;;;
RS;4306908;ENCRUZILHADA DO SUL;22.745.623,52;0,00;0,00;0,00;0,00;22.745.623,52;;;;
RS;4306924;ENGENHO VELHO;2.230.504,53;0,00;0,00;103.176,02;103.176,02;2.333.680,55;;;;
RS;4306957;ENTRE RIOS DO SUL;3.511.798,89;0,00;0,00;0,00;0,00;3.511.798,89;;;;
RS;4306932;ENTRE-IJUIS;7.975.787,45;0,00;0,00;197.742,17;197.742,17;8.173.529,62;;;;
RS;4306973;EREBANGO;2.801.456,57;0,00;0,00;162.250,53;162.250,53;2.963.707,10;;;;
RS;4307005;ERECHIM;69.262.957,02;0,00;0,00;3.607.717,38;3.607.717,38;72.870.674,40;;;;
RS;4307054;ERNESTINA;3.990.217,46;0,00;0,00;0,00;0,00;3.990.217,46;;;;
RS;4307203;ERVAL GRANDE;6.210.372,85;0,00;0,00;293.880,87;293.880,87;6.504.253,72;;;;
RS;4307302;ERVAL SECO;9.722.452,50;0,00;0,00;461.893,75;461.893,75;10.184.346,25;;;;
RS;4307401;ESMERALDA;3.780.171,04;0,00;0,00;204.391,48;204.391,48;3.984.562,52;;;;
RS;4307450;ESPERANCA DO SUL;6.173.510,78;0,00;31.005,91;297.214,97;328.220,88;6.501.731,66;;;;
RS;4307500;ESPUMOSO;11.594.042,63;0,00;0,00;598.694,24;598.694,24;12.192.736,87;;;;
RS;4307559;ESTACAO;5.705.570,92;0,00;0,00;0,00;0,00;5.705.570,92;;;;
RS;4307609;ESTANCIA VELHA;64.814.720,84;0,00;0,00;0,00;0,00;64.814.720,84;;;;
RS;4307708;ESTEIO;100.834.857,40;0,00;0,00;2.499.448,57;2.499.448,57;103.334.305,97;;;;
RS;4307807;ESTRELA;43.155.029,35;0,00;0,00;0,00;0,00;43.155.029,35;;;;
RS;4307815;ESTRELA VELHA;3.656.213,31;0,00;0,00;90.498,73;90.498,73;3.746.712,04;;;;
RS;4307831;EUGENIO DE CASTRO;2.705.208,31;0,00;0,00;0,00;0,00;2.705.208,31;;;;
RS;4307864;FAGUNDES VARELA;2.550.298,35;0,00;0,00;137.895,00;137.895,00;2.688.193,35;;;;
RS;4307906;FARROUPILHA;73.226.668,34;0,00;0,00;0,00;0,00;73.226.668,34;;;;
RS;4308003;FAXINAL DO SOTURNO;4.970.841,62;0,00;0,00;260.592,80;260.592,80;5.231.434,42;;;;
RS;4308052;FAXINALZINHO;2.251.829,34;0,00;0,00;68.014,47;68.014,47;2.319.843,81;;;;
RS;4308078;FAZENDA VILANOVA;8.682.714,12;0,00;0,00;443.580,97;443.580,97;9.126.295,09;;;;
RS;4308102;FELIZ;12.887.580,87;0,00;0,00;0,00;0,00;12.887.580,87;;;;
RS;4308201;FLORES DA CUNHA;29.297.057,59;0,00;0,00;0,00;0,00;29.297.057,59;;;;
RS;4308250;FLORIANO PEIXOTO;1.478.448,12;0,00;0,00;45.616,13;45.616,13;1.524.064,25;;;;
RS;4308300;FONTOURA XAVIER;9.821.013,04;0,00;0,00;519.702,93;519.702,93;10.340.715,97;;;;
RS;4308409;FORMIGUEIRO;5.248.873,34;0,00;0,00;0,00;0,00;5.248.873,34;;;;
RS;4308433;FORQUETINHA;3.902.595,63;0,00;0,00;175.064,71;175.064,71;4.077.660,34;;;;
RS;4308458;FORTALEZA DOS VALOS;5.164.912,43;0,00;0,00;317.960,52;317.960,52;5.482.872,95;;;;
RS;4308508;FREDERICO WESTPHALEN;25.548.588,15;0,00;0,00;564.922,96;564.922,96;26.113.511,11;;;;
RS;4308607;GARIBALDI;29.599.217,27;0,00;0,00;1.797.070,42;1.797.070,42;31.396.287,69;;;;
RS;4308656;GARRUCHOS;2.444.232,72;0,00;0,00;68.287,62;68.287,62;2.512.520,34;;;;
RS;4308706;GAURAMA;4.933.467,35;0,00;0,00;0,00;0,00;4.933.467,35;;;;
RS;4308805;GENERAL CAMARA;4.429.331,75;0,00;0,00;0,00;0,00;4.429.331,75;;;;
RS;4308854;GENTIL;1.898.542,56;0,00;0,00;115.330,84;115.330,84;2.013.873,40;;;;
RS;4308904;GETULIO VARGAS;13.315.723,08;0,00;0,00;383.564,83;383.564,83;13.699.287,91;;;;
RS;4309001;GIRUA;17.995.181,22;0,00;0,00;449.424,58;449.424,58;18.444.605,80;;;;
RS;4309050;GLORINHA;12.890.061,43;0,00;0,00;676.512,09;676.512,09;13.566.573,52;;;;
RS;4309100;GRAMADO;54.870.796,24;0,00;0,00;2.638.193,31;2.638.193,31;57.508.989,55;;;;
RS;4309126;GRAMADO DOS LOUREIROS;2.545.596,09;0,00;0,00;0,00;0,00;2.545.596,09;;;;
RS;4309159;GRAMADO XAVIER;4.157.626,31;0,00;0,00;0,00;0,00;4.157.626,31;;;;
RS;4309209;GRAVATAI;261.443.535,22;0,00;0,00;0,00;0,00;261.443.535,22;;;;
RS;4309258;GUABIJU;911.721,11;0,00;0,00;0,00;0,00;911.721,11;;;;
RS;4309308;GUAIBA;97.571.548,40;0,00;0,00;0,00;0,00;97.571.548,40;;;;
RS;4309407;GUAPORE;29.472.048,96;0,00;0,00;0,00;0,00;29.472.048,96;;;;
RS;4309506;GUARANI DAS MISSOES;7.311.646,58;0,00;0,00;0,00;0,00;7.311.646,58;;;;
RS;4309555;HARMONIA;7.254.590,67;0,00;0,00;143.114,22;143.114,22;7.397.704,89;;;;
RS;4307104;HERVAL;6.753.403,25;0,00;0,00;0,00;0,00;6.753.403,25;;;;
RS;4309571;HERVEIRAS;3.518.815,44;0,00;0,00;84.130,34;84.130,34;3.602.945,78;;;;
RS;4309605;HORIZONTINA;26.720.643,03;0,00;0,00;1.424.290,29;1.424.290,29;28.144.933,32;;;;
RS;4309654;HULHA NEGRA;6.410.855,21;0,00;0,00;0,00;0,00;6.410.855,21;;;;
RS;4309704;HUMAITA;6.045.494,15;0,00;0,00;349.353,43;349.353,43;6.394.847,58;;;;
RS;4309753;IBARAMA;4.374.393,18;0,00;0,00;0,00;0,00;4.374.393,18;;;;
RS;4309803;IBIACA;3.726.408,51;0,00;0,00;220.828,19;220.828,19;3.947.236,70;;;;
RS;4309902;IBIRAIARAS;6.481.950,50;0,00;0,00;0,00;0,00;6.481.950,50;;;;
RS;4309951;IBIRAPUITA;4.642.242,30;0,00;0,00;109.609,56;109.609,56;4.751.851,86;;;;
RS;4310009;IBIRUBA;18.679.489,57;0,00;0,00;967.705,30;967.705,30;19.647.194,87;;;;
RS;4310108;IGREJINHA;52.333.707,28;0,00;0,00;0,00;0,00;52.333.707,28;;;;
RS;4310207;IJUI;72.774.695,54;0,00;0,00;0,00;0,00;72.774.695,54;;;;
RS;4310306;ILOPOLIS;3.874.423,16;0,00;0,00;216.882,72;216.882,72;4.091.305,88;;;;
RS;4310330;IMBE;47.731.232,24;0,00;0,00;2.403.949,66;2.403.949,66;50.135.181,90;;;;
RS;4310363;IMIGRANTE;4.087.886,60;0,00;0,00;0,00;0,00;4.087.886,60;;;;
RS;4310405;INDEPENDENCIA;7.772.429,96;0,00;0,00;0,00;0,00;7.772.429,96;;;;
RS;4310413;INHACORA;2.953.818,31;0,00;0,00;0,00;0,00;2.953.818,31;;;;
RS;4310439;IPE;5.305.936,84;0,00;0,00;0,00;0,00;5.305.936,84;;;;
RS;4310462;IPIRANGA DO SUL;2.515.330,99;0,00;0,00;71.158,47;71.158,47;2.586.489,46;;;;
RS;4310504;IRAI;9.383.199,77;0,00;733.136,24;228.900,09;962.036,33;10.345.236,10;;;;
RS;4310538;ITAARA;7.200.933,92;0,00;0,00;0,00;0,00;7.200.933,92;;;;
RS;4310553;ITACURUBI;3.900.231,24;0,00;0,00;222.374,56;222.374,56;4.122.605,80;;;;
RS;4310579;ITAPUCA;3.929.157,39;0,00;0,00;96.968,42;96.968,42;4.026.125,81;;;;
RS;4310603;ITAQUI;32.930.910,67;0,00;0,00;0,00;0,00;32.930.910,67;;;;
RS;4310652;ITATI;3.841.085,80;0,00;0,00;73.847,90;73.847,90;3.914.933,70;;;;
RS;4310702;ITATIBA DO SUL;3.351.167,14;0,00;0,00;74.023,78;74.023,78;3.425.190,92;;;;
RS;4310751;IVORA;1.120.230,45;0,00;0,00;0,00;0,00;1.120.230,45;;;;
RS;4310801;IVOTI;30.666.743,54;0,00;0,00;0,00;0,00;30.666.743,54;;;;
RS;4310850;JABOTICABA;4.457.380,99;0,00;0,00;115.952,37;115.952,37;4.573.333,36;;;;
RS;4310876;JACUIZINHO;2.926.302,84;0,00;0,00;0,00;0,00;2.926.302,84;;;;
RS;4310900;JACUTINGA;3.067.473,73;0,00;0,00;191.989,36;191.989,36;3.259.463,09;;;;
RS;4311007;JAGUARAO;21.731.638,85;0,00;0,00;0,00;0,00;21.731.638,85;;;;
RS;4311106;JAGUARI;7.997.420,72;0,00;0,00;231.631,60;231.631,60;8.229.052,32;;;;
RS;4311122;JAQUIRANA;4.624.858,15;0,00;0,00;0,00;0,00;4.624.858,15;;;;
RS;4311130;JARI;3.854.745,44;0,00;0,00;226.745,15;226.745,15;4.081.490,59;;;;
RS;4311155;JOIA;5.403.596,06;0,00;0,00;151.127,24;151.127,24;5.554.723,30;;;;
RS;4311205;JULIO DE CASTILHOS;18.226.257,45;0,00;0,00;0,00;0,00;18.226.257,45;;;;
RS;4311239;LAGOA BONITA DO SUL;2.651.234,68;0,00;0,00;141.598,89;141.598,89;2.792.833,57;;;;
RS;4311270;LAGOA DOS TRES CANTOS;2.388.124,12;0,00;0,00;57.634,75;57.634,75;2.445.758,87;;;;
RS;4311304;LAGOA VERMELHA;23.164.073,07;0,00;0,00;618.602,50;618.602,50;23.782.675,57;;;;
RS;4311254;LAGOAO;7.246.984,18;0,00;0,00;146.241,37;146.241,37;7.393.225,55;;;;
RS;4311403;LAJEADO;99.210.791,30;0,00;0,00;0,00;0,00;99.210.791,30;;;;
RS;4311429;LAJEADO DO BUGRE;4.299.244,15;0,00;14.897,73;0,00;14.897,73;4.314.141,88;;;;
RS;4311502;LAVRAS DO SUL;7.543.559,18;0,00;0,00;0,00;0,00;7.543.559,18;;;;
RS;4311601;LIBERATO SALZANO;3.813.298,41;0,00;0,00;0,00;0,00;3.813.298,41;;;;
RS;4311627;LINDOLFO COLLOR;10.450.471,13;0,00;326.132,26;0,00;326.132,26;10.776.603,39;;;;
RS;4311643;LINHA NOVA;1.692.089,50;0,00;0,00;80.317,74;80.317,74;1.772.407,24;;;;
RS;4311718;MACAMBARA;5.999.814,68;0,00;0,00;168.015,50;168.015,50;6.167.830,18;;;;
RS;4311700;MACHADINHO;6.266.218,47;0,00;0,00;0,00;0,00;6.266.218,47;;;;
RS;4311734;MAMPITUBA;4.377.079,44;0,00;0,00;203.577,91;203.577,91;4.580.657,35;;;;
RS;4311759;MANOEL VIANA;4.579.465,13;0,00;0,00;0,00;0,00;4.579.465,13;;;;
RS;4311775;MAQUINE;6.569.477,86;0,00;0,00;0,00;0,00;6.569.477,86;;;;
RS;4311791;MARATA;3.394.385,92;0,00;0,00;78.121,03;78.121,03;3.472.506,95;;;;
RS;4311809;MARAU;51.864.286,26;0,00;0,00;0,00;0,00;51.864.286,26;;;;
RS;4311908;MARCELINO RAMOS;5.210.609,45;0,00;0,00;0,00;0,00;5.210.609,45;;;;
RS;4311981;MARIANA PIMENTEL;4.971.931,89;0,00;0,00;0,00;0,00;4.971.931,89;;;;
RS;4312005;MARIANO MORO;1.511.266,96;0,00;0,00;45.342,98;45.342,98;1.556.609,94;;;;
RS;4312054;MARQUES DE SOUZA;4.461.688,90;0,00;0,00;108.753,79;108.753,79;4.570.442,69;;;;
RS;4312104;MATA;4.039.549,93;0,00;0,00;0,00;0,00;4.039.549,93;;;;
RS;4312138;MATO CASTELHANO;4.257.930,63;0,00;0,00;112.264,84;112.264,84;4.370.195,47;;;;
RS;4312153;MATO LEITAO;6.868.850,24;0,00;0,00;0,00;0,00;6.868.850,24;;;;
RS;4312179;MATO QUEIMADO;2.216.289,00;0,00;0,00;64.736,66;64.736,66;2.281.025,66;;;;
RS;4312203;MAXIMILIANO DE ALMEIDA;3.292.031,51;0,00;0,00;98.880,47;98.880,47;3.390.911,98;;;;
RS;4312252;MINAS DO LEAO;9.287.065,77;0,00;0,00;0,00;0,00;9.287.065,77;;;;
RS;4312302;MIRAGUAI;5.874.412,81;0,00;0,00;0,00;0,00;5.874.412,81;;;;
RS;4312351;MONTAURI;1.536.273,31;0,00;0,00;86.140,53;86.140,53;1.622.413,84;;;;
RS;4312377;MONTE ALEGRE DOS CAMPOS;6.005.774,56;0,00;0,00;146.630,35;146.630,35;6.152.404,91;;;;
RS;4312385;MONTE BELO DO SUL;3.914.895,36;0,00;0,00;186.505,46;186.505,46;4.101.400,82;;;;
RS;4312401;MONTENEGRO;62.910.571,90;0,00;0,00;1.577.991,42;1.577.991,42;64.488.563,32;;;;
RS;4312427;MORMACO;4.004.796,61;0,00;0,00;72.707,87;72.707,87;4.077.504,48;;;;
RS;4312443;MORRINHOS DO SUL;3.737.870,26;0,00;0,00;199.208,37;199.208,37;3.937.078,63;;;;
RS;4312450;MORRO REDONDO;6.400.791,75;0,00;0,00;344.359,40;344.359,40;6.745.151,15;;;;
RS;4312476;MORRO REUTER;8.691.054,97;0,00;0,00;160.491,99;160.491,99;8.851.546,96;;;;
RS;4312500;MOSTARDAS;15.408.256,37;0,00;0,00;0,00;0,00;15.408.256,37;;;;
RS;4312609;MUCUM;3.858.703,77;0,00;0,00;98.607,32;98.607,32;3.957.311,09;;;;
RS;4312617;MUITOS CAPOES;3.356.167,91;0,00;0,00;0,00;0,00;3.356.167,91;;;;
RS;4312625;MULITERNO;784.900,35;0,00;0,00;17.481,63;17.481,63;802.381,98;;;;
RS;4312658;NAO-ME-TOQUE;22.469.971,02;0,00;0,00;0,00;0,00;22.469.971,02;;;;
RS;4312674;NICOLAU VERGUEIRO;2.125.150,36;0,00;0,00;57.361,60;57.361,60;2.182.511,96;;;;
RS;4312708;NONOAI;12.233.922,95;0,00;0,00;0,00;0,00;12.233.922,95;;;;
RS;4312757;NOVA ALVORADA;3.146.677,08;0,00;0,00;193.819,31;193.819,31;3.340.496,39;;;;
RS;4312807;NOVA ARACA;7.018.889,02;0,00;0,00;0,00;0,00;7.018.889,02;;;;
RS;4312906;NOVA BASSANO;9.380.614,39;0,00;0,00;231.967,94;231.967,94;9.612.582,33;;;;
RS;4312955;NOVA BOA VISTA;3.153.846,39;0,00;0,00;184.375,56;184.375,56;3.338.221,95;;;;
RS;4313003;NOVA BRESCIA;3.056.003,93;0,00;0,00;78.667,33;78.667,33;3.134.671,26;;;;
RS;4313011;NOVA CANDELARIA;4.188.655,80;0,00;0,00;122.928,67;122.928,67;4.311.584,47;;;;
RS;4313037;NOVA ESPERANCA DO SUL;6.079.806,87;0,00;0,00;0,00;0,00;6.079.806,87;;;;
RS;4313060;NOVA HARTZ;28.098.068,67;0,00;0,00;0,00;0,00;28.098.068,67;;;;
RS;4313086;NOVA PADUA;2.033.061,27;0,00;0,00;55.176,40;55.176,40;2.088.237,67;;;;
RS;4313102;NOVA PALMA;2.868.790,22;0,00;0,00;89.320,20;89.320,20;2.958.110,42;;;;
RS;4313201;NOVA PETROPOLIS;25.521.667,24;0,00;0,00;0,00;0,00;25.521.667,24;;;;
RS;4313300;NOVA PRATA;25.303.323,01;0,00;0,00;671.644,50;671.644,50;25.974.967,51;;;;
RS;4313334;NOVA RAMADA;3.102.535,48;0,00;0,00;0,00;0,00;3.102.535,48;;;;
RS;4313359;NOVA ROMA DO SUL;3.438.074,15;0,00;0,00;201.459,24;201.459,24;3.639.533,39;;;;
RS;4313375;NOVA SANTA RITA;47.294.194,79;0,00;0,00;2.420.956,44;2.420.956,44;49.715.151,23;;;;
RS;4313490;NOVO BARREIRO;5.225.295,56;0,00;0,00;252.336,03;252.336,03;5.477.631,59;;;;
RS;4313391;NOVO CABRAIS;5.584.027,59;0,00;0,00;0,00;0,00;5.584.027,59;;;;
RS;4313409;NOVO HAMBURGO;223.906.893,38;0,00;0,00;0,00;0,00;223.906.893,38;;;;
RS;4313425;NOVO MACHADO;1.499.707,55;0,00;0,00;0,00;0,00;1.499.707,55;;;;
RS;4313441;NOVO TIRADENTES;3.573.777,69;0,00;0,00;92.324,86;92.324,86;3.666.102,55;;;;
RS;4313466;NOVO XINGU;1.893.112,90;0,00;0,00;44.523,53;44.523,53;1.937.636,43;;;;
RS;4313508;OSORIO;40.904.557,46;0,00;0,00;0,00;0,00;40.904.557,46;;;;
RS;4313607;PAIM FILHO;3.939.992,25;0,00;0,00;0,00;0,00;3.939.992,25;;;;
RS;4313656;PALMARES DO SUL;17.440.087,61;0,00;0,00;0,00;0,00;17.440.087,61;;;;
RS;4313706;PALMEIRA DAS MISSOES;23.576.948,65;0,00;0,00;0,00;0,00;23.576.948,65;;;;
RS;4313805;PALMITINHO;8.776.273,09;0,00;0,00;226.168,59;226.168,59;9.002.441,68;;;;
RS;4313904;PANAMBI;45.562.476,27;0,00;0,00;0,00;0,00;45.562.476,27;;;;
RS;4313953;PANTANO GRANDE;14.194.149,15;0,00;0,00;672.170,15;672.170,15;14.866.319,30;;;;
RS;4314001;PARAI;7.406.202,63;0,00;0,00;0,00;0,00;7.406.202,63;;;;
RS;4314027;PARAISO DO SUL;5.766.565,96;0,00;0,00;134.980,01;134.980,01;5.901.545,97;;;;
RS;4314035;PARECI NOVO;7.546.358,28;0,00;0,00;0,00;0,00;7.546.358,28;;;;
RS;4314050;PAROBE;81.380.262,52;0,00;0,00;0,00;0,00;81.380.262,52;;;;
RS;4314068;PASSA SETE;5.210.601,38;0,00;0,00;221.687,75;221.687,75;5.432.289,13;;;;
RS;4314076;PASSO DO SOBRADO;6.392.163,47;0,00;0,00;325.304,08;325.304,08;6.717.467,55;;;;
RS;4314100;PASSO FUNDO;159.501.949,30;0,00;0,00;0,00;0,00;159.501.949,30;;;;
RS;4314134;PAULO BENTO;1.968.247,24;0,00;0,00;62.551,46;62.551,46;2.030.798,70;;;;
RS;4314159;PAVERAMA;9.245.191,14;0,00;0,00;0,00;0,00;9.245.191,14;;;;
RS;4314175;PEDRAS ALTAS;2.788.040,59;0,00;0,00;81.398,84;81.398,84;2.869.439,43;;;;
RS;4314209;PEDRO OSORIO;5.156.361,94;0,00;0,00;250.346,41;250.346,41;5.406.708,35;;;;
RS;4314308;PEJUCARA;4.355.363,67;0,00;0,00;0,00;0,00;4.355.363,67;;;;
RS;4314407;PELOTAS;260.262.533,54;0,00;0,00;0,00;0,00;260.262.533,54;;;;
RS;4314423;PICADA CAFE;9.913.410,42;0,00;701.030,80;428.109,17;1.129.139,97;11.042.550,39;;;;
RS;4314456;PINHAL;4.546.758,75;0,00;0,00;234.937,82;234.937,82;4.781.696,57;;;;
RS;4314464;PINHAL DA SERRA;3.169.674,44;0,00;0,00;170.742,23;170.742,23;3.340.416,67;;;;
RS;4314472;PINHAL GRANDE;3.822.442,79;0,00;0,00;88.433,40;88.433,40;3.910.876,19;;;;
RS;4314498;PINHEIRINHO DO VALE;5.789.630,28;0,00;0,00;0,00;0,00;5.789.630,28;;;;
RS;4314506;PINHEIRO MACHADO;11.560.715,29;0,00;0,00;283.613,86;283.613,86;11.844.329,15;;;;
RS;4314548;PINTO BANDEIRA;1.711.866,20;0,00;0,00;0,00;0,00;1.711.866,20;;;;
RS;4314555;PIRAPO;1.670.689,23;0,00;0,00;0,00;0,00;1.670.689,23;;;;
RS;4314605;PIRATINI;13.300.152,32;0,00;0,00;271.154,39;271.154,39;13.571.306,71;;;;
RS;4314704;PLANALTO;10.765.511,74;0,00;0,00;0,00;0,00;10.765.511,74;;;;
RS;4314753;POCO DAS ANTAS;2.533.642,00;0,00;0,00;128.682,07;128.682,07;2.662.324,07;;;;
RS;4314779;PONTAO;4.105.992,32;0,00;0,00;0,00;0,00;4.105.992,32;;;;
RS;4314787;PONTE PRETA;1.522.763,60;0,00;0,00;0,00;0,00;1.522.763,60;;;;
RS;4314803;PORTAO;45.187.274,42;0,00;0,00;0,00;0,00;45.187.274,42;;;;
RS;4314902;PORTO ALEGRE;625.700.404,61;0,00;0,00;0,00;0,00;625.700.404,61;;;;
RS;4315008;PORTO LUCENA;2.661.596,64;0,00;0,00;143.491,24;143.491,24;2.805.087,88;;;;
RS;4315057;PORTO MAUA;2.347.764,14;0,00;0,00;128.331,93;128.331,93;2.476.096,07;;;;
RS;4315073;PORTO VERA CRUZ;1.434.752,85;0,00;0,00;38.241,07;38.241,07;1.472.993,92;;;;
RS;4315107;PORTO XAVIER;11.941.061,28;0,00;1.028.096,02;0,00;1.028.096,02;12.969.157,30;;;;
RS;4315131;POUSO NOVO;2.271.571,64;0,00;0,00;107.572,45;107.572,45;2.379.144,09;;;;
RS;4315149;PRESIDENTE LUCENA;5.126.604,34;0,00;0,00;229.060,45;229.060,45;5.355.664,79;;;;
RS;4315156;PROGRESSO;4.847.226,39;0,00;0,00;254.682,75;254.682,75;5.101.909,14;;;;
RS;4315172;PROTASIO ALVES;2.161.847,51;0,00;0,00;114.453,38;114.453,38;2.276.300,89;;;;
RS;4315206;PUTINGA;2.783.278,99;0,00;0,00;81.398,84;81.398,84;2.864.677,83;;;;
RS;4315305;QUARAI;20.491.074,13;0,00;0,00;1.040.567,93;1.040.567,93;21.531.642,06;;;;
RS;4315313;QUATRO IRMAOS;2.173.758,34;0,00;0,00;0,00;0,00;2.173.758,34;;;;
RS;4315321;QUEVEDOS;1.600.390,53;0,00;0,00;0,00;0,00;1.600.390,53;;;;
RS;4315354;QUINZE DE NOVEMBRO;5.584.021,49;0,00;0,00;160.611,12;160.611,12;5.744.632,61;;;;
RS;4315404;REDENTORA;7.019.378,93;0,00;0,00;361.719,19;361.719,19;7.381.098,12;;;;
RS;4315453;RELVADO;1.655.215,50;0,00;0,00;97.202,56;97.202,56;1.752.418,06;;;;
RS;4315503;RESTINGA SECA;13.684.795,60;0,00;0,00;0,00;0,00;13.684.795,60;;;;
RS;4315552;RIO DOS INDIOS;3.126.259,45;0,00;0,00;154.869,93;154.869,93;3.281.129,38;;;;
RS;4315602;RIO GRANDE;211.716.856,01;0,00;0,00;0,00;0,00;211.716.856,01;;;;
RS;4315701;RIO PARDO;24.874.583,84;0,00;0,00;0,00;0,00;24.874.583,84;;;;
RS;4315750;RIOZINHO;5.762.127,38;0,00;0,00;143.403,99;143.403,99;5.905.531,37;;;;
RS;4315800;ROCA SALES;12.341.121,16;0,00;0,00;0,00;0,00;12.341.121,16;;;;
RS;4315909;RODEIO BONITO;7.425.086,65;0,00;0,00;428.977,60;428.977,60;7.854.064,25;;;;
RS;4315958;ROLADOR;2.283.557,26;0,00;0,00;0,00;0,00;2.283.557,26;;;;
RS;4316006;ROLANTE;34.589.400,74;0,00;2.435.561,44;1.589.550,84;4.025.112,28;38.614.513,02;;;;
RS;4316105;RONDA ALTA;6.828.613,53;0,00;0,00;0,00;0,00;6.828.613,53;;;;
RS;4316204;RONDINHA;4.597.852,17;0,00;0,00;0,00;0,00;4.597.852,17;;;;
RS;4316303;ROQUE GONZALES;6.406.569,78;0,00;0,00;149.249,88;149.249,88;6.555.819,66;;;;
RS;4316402;ROSARIO DO SUL;20.954.613,30;0,00;0,00;0,00;0,00;20.954.613,30;;;;
RS;4316428;SAGRADA FAMILIA;2.675.526,36;0,00;0,00;69.926,52;69.926,52;2.745.452,88;;;;
RS;4316436;SALDANHA MARINHO;2.648.554,82;0,00;0,00;158.690,98;158.690,98;2.807.245,80;;;;
RS;4316451;SALTO DO JACUI;9.641.201,72;0,00;0,00;168.781,77;168.781,77;9.809.983,49;;;;
RS;4316477;SALVADOR DAS MISSOES;3.141.951,90;0,00;0,00;82.764,59;82.764,59;3.224.716,49;;;;
RS;4316501;SALVADOR DO SUL;8.436.738,55;0,00;0,00;0,00;0,00;8.436.738,55;;;;
RS;4316600;SANANDUVA;14.689.062,59;0,00;0,00;718.301,06;718.301,06;15.407.363,65;;;;
RS;4316709;SANTA BARBARA DO SUL;8.516.535,92;0,00;0,00;256.078,56;256.078,56;8.772.614,48;;;;
RS;4316733;SANTA CECILIA DO SUL;2.229.017,40;0,00;0,00;71.292,27;71.292,27;2.300.309,67;;;;
RS;4316758;SANTA CLARA DO SUL;8.473.089,13;0,00;0,00;0,00;0,00;8.473.089,13;;;;
RS;4316808;SANTA CRUZ DO SUL;113.167.060,23;0,00;0,00;5.297.749,37;5.297.749,37;118.464.809,60;;;;
RS;4316972;SANTA MARGARIDA DO SUL;3.722.321,03;0,00;0,00;0,00;0,00;3.722.321,03;;;;
RS;4316907;SANTA MARIA;186.035.984,93;0,00;0,00;0,00;0,00;186.035.984,93;;;;
RS;4316956;SANTA MARIA DO HERVAL;6.940.857,64;0,00;0,00;0,00;0,00;6.940.857,64;;;;
RS;4317202;SANTA ROSA;71.433.027,92;0,00;0,00;0,00;0,00;71.433.027,92;;;;
RS;4317251;SANTA TEREZA;914.899,98;0,00;0,00;0,00;0,00;914.899,98;;;;
RS;4317301;SANTA VITORIA DO PALMAR;35.431.849,76;0,00;0,00;0,00;0,00;35.431.849,76;;;;
RS;4317004;SANTANA DA BOA VISTA;6.091.934,62;0,00;0,00;139.337,68;139.337,68;6.231.272,30;;;;
RS;4317103;SANTANA DO LIVRAMENTO;55.201.060,57;0,00;0,00;2.404.750,37;2.404.750,37;57.605.810,94;;;;
RS;4317400;SANTIAGO;39.971.741,07;0,00;0,00;0,00;0,00;39.971.741,07;;;;
RS;4317509;SANTO ANGELO;54.243.354,40;0,00;0,00;2.567.175,08;2.567.175,08;56.810.529,48;;;;
RS;4317608;SANTO ANTONIO DA PATRULHA;37.662.583,01;0,00;0,00;1.757.835,91;1.757.835,91;39.420.418,92;;;;
RS;4317707;SANTO ANTONIO DAS MISSOES;10.667.712,83;0,00;0,00;552.664,65;552.664,65;11.220.377,48;;;;
RS;4317558;SANTO ANTONIO DO PALMA;2.728.395,08;0,00;0,00;56.542,15;56.542,15;2.784.937,23;;;;
RS;4317756;SANTO ANTONIO DO PLANALTO;1.865.278,13;0,00;0,00;0,00;0,00;1.865.278,13;;;;
RS;4317806;SANTO AUGUSTO;14.973.577,79;0,00;0,00;0,00;0,00;14.973.577,79;;;;
RS;4317905;SANTO CRISTO;16.318.433,99;0,00;0,00;0,00;0,00;16.318.433,99;;;;
RS;4317954;SANTO EXPEDITO DO SUL;2.296.807,07;0,00;0,00;141.209,20;141.209,20;2.438.016,27;;;;
RS;4318002;SAO BORJA;50.613.385,74;0,00;0,00;0,00;0,00;50.613.385,74;;;;
RS;4318051;SAO DOMINGOS DO SUL;1.793.767,47;0,00;0,00;47.255,04;47.255,04;1.841.022,51;;;;
RS;4318101;SAO FRANCISCO DE ASSIS;14.845.545,88;0,00;0,00;759.770,25;759.770,25;15.605.316,13;;;;
RS;4318200;SAO FRANCISCO DE PAULA;16.770.814,88;0,00;0,00;0,00;0,00;16.770.814,88;;;;
RS;4318309;SAO GABRIEL;58.278.081,36;0,00;0,00;0,00;0,00;58.278.081,36;;;;
RS;4318408;SAO JERONIMO;13.148.229,77;0,00;0,00;0,00;0,00;13.148.229,77;;;;
RS;4318424;SAO JOAO DA URTIGA;4.251.457,82;0,00;0,00;219.766,00;219.766,00;4.471.223,82;;;;
RS;4318432;SAO JOAO DO POLESINE;2.118.603,46;0,00;0,00;0,00;0,00;2.118.603,46;;;;
RS;4318440;SAO JORGE;2.140.000,30;0,00;0,00;142.427,20;142.427,20;2.282.427,50;;;;
RS;4318457;SAO JOSE DAS MISSOES;3.646.136,10;0,00;0,00;0,00;0,00;3.646.136,10;;;;
RS;4318465;SAO JOSE DO HERVAL;2.380.091,72;0,00;0,00;0,00;0,00;2.380.091,72;;;;
RS;4318481;SAO JOSE DO HORTENCIO;5.587.209,46;0,00;0,00;0,00;0,00;5.587.209,46;;;;
RS;4318499;SAO JOSE DO INHACORA;3.398.320,48;0,00;0,00;0,00;0,00;3.398.320,48;;;;
RS;4318507;SAO JOSE DO NORTE;26.793.724,35;0,00;0,00;1.297.540,99;1.297.540,99;28.091.265,34;;;;
RS;4318606;SAO JOSE DO OURO;5.992.941,85;0,00;0,00;0,00;0,00;5.992.941,85;;;;
RS;4318614;SAO JOSE DO SUL;3.439.254,54;0,00;0,00;171.391,09;171.391,09;3.610.645,63;;;;
RS;4318622;SAO JOSE DOS AUSENTES;7.209.997,79;0,00;0,00;0,00;0,00;7.209.997,79;;;;
RS;4318705;SAO LEOPOLDO;224.188.264,11;0,00;0,00;0,00;0,00;224.188.264,11;;;;
RS;4318804;SAO LOURENCO DO SUL;42.483.005,90;0,00;0,00;965.287,83;965.287,83;43.448.293,73;;;;
RS;4318903;SAO LUIZ GONZAGA;26.467.122,13;0,00;0,00;0,00;0,00;26.467.122,13;;;;
RS;4319000;SAO MARCOS;16.834.872,03;0,00;0,00;0,00;0,00;16.834.872,03;;;;
RS;4319109;SAO MARTINHO;7.515.507,21;0,00;0,00;228.217,22;228.217,22;7.743.724,43;;;;
RS;4319125;SAO MARTINHO DA SERRA;2.291.768,88;0,00;0,00;0,00;0,00;2.291.768,88;;;;
RS;4319158;SAO MIGUEL DAS MISSOES;8.042.566,59;0,00;0,00;201.038,62;201.038,62;8.243.605,21;;;;
RS;4319208;SAO NICOLAU;3.868.473,38;0,00;0,00;0,00;0,00;3.868.473,38;;;;
RS;4319307;SAO PAULO DAS MISSOES;7.118.723,69;0,00;0,00;405.407,78;405.407,78;7.524.131,47;;;;
RS;4319356;SAO PEDRO DA SERRA;5.333.887,02;0,00;0,00;266.409,62;266.409,62;5.600.296,64;;;;
RS;4319364;SAO PEDRO DAS MISSOES;2.890.649,47;0,00;0,00;0,00;0,00;2.890.649,47;;;;
RS;4319372;SAO PEDRO DO BUTIA;2.479.772,95;0,00;0,00;129.832,73;129.832,73;2.609.605,68;;;;
RS;4319406;SAO PEDRO DO SUL;15.483.337,01;0,00;0,00;0,00;0,00;15.483.337,01;;;;
RS;4319505;SAO SEBASTIAO DO CAI;27.355.632,92;0,00;0,00;0,00;0,00;27.355.632,92;;;;
RS;4319604;SAO SEPE;21.763.305,54;0,00;0,00;543.210,23;543.210,23;22.306.515,77;;;;
RS;4319703;SAO VALENTIM;3.877.601,27;0,00;0,00;240.421,12;240.421,12;4.118.022,39;;;;
RS;4319711;SAO VALENTIM DO SUL;1.246.625,15;0,00;0,00;36.875,32;36.875,32;1.283.500,47;;;;
RS;4319737;SAO VALERIO DO SUL;2.170.161,95;0,00;0,00;0,00;0,00;2.170.161,95;;;;
RS;4319752;SAO VENDELINO;3.129.848,38;0,00;0,00;171.876,68;171.876,68;3.301.725,06;;;;
RS;4319802;SAO VICENTE DO SUL;7.848.830,07;0,00;0,00;442.069,51;442.069,51;8.290.899,58;;;;
RS;4319901;SAPIRANGA;115.197.062,88;0,00;0,00;0,00;0,00;115.197.062,88;;;;
RS;4320008;SAPUCAIA DO SUL;148.446.611,57;0,00;0,00;0,00;0,00;148.446.611,57;;;;
RS;4320107;SARANDI;27.487.128,46;0,00;0,00;0,00;0,00;27.487.128,46;;;;
RS;4320206;SEBERI;11.188.964,51;0,00;0,00;313.576,74;313.576,74;11.502.541,25;;;;
RS;4320230;SEDE NOVA;3.907.579,85;0,00;0,00;197.515,95;197.515,95;4.105.095,80;;;;
RS;4320263;SEGREDO;5.583.521,15;0,00;0,00;246.440,94;246.440,94;5.829.962,09;;;;
RS;4320305;SELBACH;3.691.943,34;0,00;0,00;94.783,21;94.783,21;3.786.726,55;;;;
RS;4320321;SENADOR SALGADO FILHO;2.486.991,45;0,00;0,00;146.353,28;146.353,28;2.633.344,73;;;;
RS;4320354;SENTINELA DO SUL;5.689.085,37;0,00;0,00;306.853,97;306.853,97;5.995.939,34;;;;
RS;4320404;SERAFINA CORREA;20.672.475,64;0,00;0,00;0,00;0,00;20.672.475,64;;;;
RS;4320453;SERIO;1.911.798,30;0,00;0,00;99.045,86;99.045,86;2.010.844,16;;;;
RS;4320503;SERTAO;5.525.070,77;0,00;0,00;295.303,97;295.303,97;5.820.374,74;;;;
RS;4320552;SERTAO SANTANA;6.981.038,38;0,00;0,00;0,00;0,00;6.981.038,38;;;;
RS;4320578;SETE DE SETEMBRO;1.529.370,11;0,00;0,00;0,00;0,00;1.529.370,11;;;;
RS;4320602;SEVERIANO DE ALMEIDA;2.554.003,58;0,00;0,00;0,00;0,00;2.554.003,58;;;;
RS;4320651;SILVEIRA MARTINS;2.890.988,21;0,00;0,00;0,00;0,00;2.890.988,21;;;;
RS;4320677;SINIMBU;10.436.259,97;0,00;0,00;453.006,28;453.006,28;10.889.266,25;;;;
RS;4320701;SOBRADINHO;16.134.328,42;0,00;0,00;697.283,60;697.283,60;16.831.612,02;;;;
RS;4320800;SOLEDADE;26.919.743,64;0,00;0,00;1.229.768,25;1.229.768,25;28.149.511,89;;;;
RS;4320859;TABAI;6.109.427,95;0,00;0,00;302.660,61;302.660,61;6.412.088,56;;;;
RS;4320909;TAPEJARA;32.159.137,27;0,00;0,00;831.021,84;831.021,84;32.990.159,11;;;;
RS;4321006;TAPERA;8.855.613,36;0,00;0,00;436.230,98;436.230,98;9.291.844,34;;;;
RS;4321105;TAPES;13.960.977,11;0,00;0,00;371.110,61;371.110,61;14.332.087,72;;;;
RS;4321204;TAQUARA;62.498.810,08;0,00;0,00;0,00;0,00;62.498.810,08;;;;
RS;4321303;TAQUARI;21.460.085,52;0,00;0,00;0,00;0,00;21.460.085,52;;;;
RS;4321329;TAQUARUCU DO SUL;3.644.441,06;0,00;0,00;0,00;0,00;3.644.441,06;;;;
RS;4321352;TAVARES;5.062.696,87;0,00;0,00;0,00;0,00;5.062.696,87;;;;
RS;4321402;TENENTE PORTELA;15.932.296,60;0,00;0,00;0,00;0,00;15.932.296,60;;;;
RS;4321436;TERRA DE AREIA;14.273.335,77;0,00;0,00;0,00;0,00;14.273.335,77;;;;
RS;4321451;TEUTONIA;44.328.154,44;0,00;0,00;0,00;0,00;44.328.154,44;;;;
RS;4321469;TIO HUGO;5.702.720,80;0,00;0,00;332.543,78;332.543,78;6.035.264,58;;;;
RS;4321477;TIRADENTES DO SUL;4.419.277,87;0,00;0,00;96.941,29;96.941,29;4.516.219,16;;;;
RS;4321493;TOROPI;2.054.220,50;0,00;0,00;0,00;0,00;2.054.220,50;;;;
RS;4321501;TORRES;42.125.440,78;0,00;0,00;0,00;0,00;42.125.440,78;;;;
RS;4321600;TRAMANDAI;76.575.841,74;0,00;0,00;0,00;0,00;76.575.841,74;;;;
RS;4321626;TRAVESSEIRO;3.073.616,53;0,00;0,00;145.535,17;145.535,17;3.219.151,70;;;;
RS;4321634;TRES ARROIOS;1.685.111,72;0,00;0,00;51.625,44;51.625,44;1.736.737,16;;;;
RS;4321667;TRES CACHOEIRAS;12.480.987,74;0,00;453.619,11;645.596,73;1.099.215,84;13.580.203,58;;;;
RS;4321709;TRES COROAS;36.227.701,95;0,00;0,00;0,00;0,00;36.227.701,95;;;;
RS;4321808;TRES DE MAIO;25.137.775,92;0,00;0,00;0,00;0,00;25.137.775,92;;;;
RS;4321832;TRES FORQUILHAS;3.962.276,58;0,00;0,00;72.809,88;72.809,88;4.035.086,46;;;;
RS;4321857;TRES PALMEIRAS;8.339.059,98;0,00;0,00;0,00;0,00;8.339.059,98;;;;
RS;4321907;TRES PASSOS;32.594.903,85;0,00;0,00;858.632,44;858.632,44;33.453.536,29;;;;
RS;4321956;TRINDADE DO SUL;9.509.047,80;0,00;0,00;0,00;0,00;9.509.047,80;;;;
RS;4322004;TRIUNFO;39.607.543,80;0,00;0,00;1.982.043,22;1.982.043,22;41.589.587,02;;;;
RS;4322103;TUCUNDUVA;3.335.151,58;0,00;0,00;75.487,83;75.487,83;3.410.639,41;;;;
RS;4322152;TUNAS;5.059.030,43;0,00;0,00;0,00;0,00;5.059.030,43;;;;
RS;4322186;TUPANCI DO SUL;1.750.949,38;0,00;0,00;107.171,38;107.171,38;1.858.120,76;;;;
RS;4322202;TUPANCIRETA;20.468.405,66;0,00;0,00;0,00;0,00;20.468.405,66;;;;
RS;4322251;TUPANDI;10.137.969,68;0,00;0,00;0,00;0,00;10.137.969,68;;;;
RS;4322301;TUPARENDI;6.375.990,28;0,00;0,00;181.098,76;181.098,76;6.557.089,04;;;;
RS;4322327;TURUCU;4.780.057,19;0,00;0,00;241.189,93;241.189,93;5.021.247,12;;;;
RS;4322343;UBIRETAMA;1.056.006,65;0,00;0,00;29.500,25;29.500,25;1.085.506,90;;;;
RS;4322350;UNIAO DA SERRA;641.627,97;0,00;0,00;0,00;0,00;641.627,97;;;;
RS;4322376;UNISTALDA;2.012.719,89;0,00;0,00;0,00;0,00;2.012.719,89;;;;
RS;4322400;URUGUAIANA;107.462.416,09;0,00;0,00;0,00;0,00;107.462.416,09;;;;
RS;4322509;VACARIA;69.819.478,82;0,00;0,00;0,00;0,00;69.819.478,82;;;;
RS;4322533;VALE DO SOL;8.480.841,15;0,00;0,00;0,00;0,00;8.480.841,15;;;;
RS;4322541;VALE REAL;7.354.101,10;0,00;0,00;0,00;0,00;7.354.101,10;;;;
RS;4322525;VALE VERDE;4.454.399,04;0,00;0,00;0,00;0,00;4.454.399,04;;;;
RS;4322558;VANINI;1.761.923,41;0,00;0,00;57.815,98;57.815,98;1.819.739,39;;;;
RS;4322608;VENANCIO AIRES;59.338.600,29;0,00;0,00;0,00;0,00;59.338.600,29;;;;
RS;4322707;VERA CRUZ;27.846.495,83;0,00;0,00;596.130,90;596.130,90;28.442.626,73;;;;
RS;4322806;VERANOPOLIS;25.960.770,42;0,00;0,00;0,00;0,00;25.960.770,42;;;;
RS;4322855;VESPASIANO CORREA;1.942.303,74;0,00;0,00;0,00;0,00;1.942.303,74;;;;
RS;4322905;VIADUTOS;3.915.134,11;0,00;0,00;248.887,77;248.887,77;4.164.021,88;;;;
RS;4323002;VIAMAO;254.650.976,38;0,00;0,00;0,00;0,00;254.650.976,38;;;;
RS;4323101;VICENTE DUTRA;6.144.263,31;0,00;0,00;338.585,75;338.585,75;6.482.849,06;;;;
RS;4323200;VICTOR GRAEFF;4.348.171,09;0,00;0,00;106.171,58;106.171,58;4.454.342,67;;;;
RS;4323309;VILA FLORES;4.254.549,69;0,00;0,00;0,00;0,00;4.254.549,69;;;;
RS;4323358;VILA LANGARO;2.751.868,28;0,00;0,00;75.662,68;75.662,68;2.827.530,96;;;;
RS;4323408;VILA MARIA;3.742.653,56;0,00;0,00;0,00;0,00;3.742.653,56;;;;
RS;4323457;VILA NOVA DO SUL;4.110.708,22;0,00;0,00;238.589,61;238.589,61;4.349.297,83;;;;
RS;4323507;VISTA ALEGRE;2.479.371,98;0,00;0,00;69.380,22;69.380,22;2.548.752,20;;;;
RS;4323606;VISTA ALEGRE DO PRATA;1.407.467,42;0,00;0,00;0,00;0,00;1.407.467,42;;;;
RS;4323705;VISTA GAUCHA;3.937.360,48;0,00;0,00;210.689,76;210.689,76;4.148.050,24;;;;
RS;4323754;VITORIA DAS MISSOES;2.967.655,65;0,00;0,00;79.486,79;79.486,79;3.047.142,44;;;;
RS;4323770;WESTFALIA;4.860.944,73;0,00;0,00;0,00;0,00;4.860.944,73;;;;
RS;4323804;XANGRI-LA;28.333.795,90;0,00;0,00;0,00;0,00;28.333.795,90;;;;
SC;4200051;ABDON BATISTA;3.110.944,16;0,00;0,00;82.764,60;82.764,60;3.193.708,76;;;;
SC;4200101;ABELARDO LUZ;23.772.199,98;0,00;0,00;685.498,86;685.498,86;24.457.698,84;;;;
SC;4200200;AGROLANDIA;15.464.075,96;0,00;934.399,70;447.648,60;1.382.048,30;16.846.124,26;;;;
SC;4200309;AGRONOMICA;6.302.292,71;0,00;0,00;188.200,67;188.200,67;6.490.493,38;;;;
SC;4200408;AGUA DOCE;7.458.800,07;0,00;0,00;0,00;0,00;7.458.800,07;;;;
SC;4200507;AGUAS DE CHAPECO;3.986.439,02;0,00;0,00;220.851,67;220.851,67;4.207.290,69;;;;
SC;4200556;AGUAS FRIAS;3.067.597,28;0,00;0,00;91.232,25;91.232,25;3.158.829,53;;;;
SC;4200606;AGUAS MORNAS;6.438.972,73;0,00;0,00;0,00;0,00;6.438.972,73;;;;
SC;4200705;ALFREDO WAGNER;9.798.400,87;0,00;0,00;0,00;0,00;9.798.400,87;;;;
SC;4200754;ALTO BELA VISTA;1.412.725,66;0,00;0,00;0,00;0,00;1.412.725,66;;;;
SC;4200804;ANCHIETA;6.177.113,94;0,00;0,00;0,00;0,00;6.177.113,94;;;;
SC;4200903;ANGELINA;3.465.690,56;0,00;0,00;0,00;0,00;3.465.690,56;;;;
SC;4201000;ANITA GARIBALDI;8.364.106,90;0,00;0,00;0,00;0,00;8.364.106,90;;;;
SC;4201109;ANITAPOLIS;3.231.235,47;0,00;0,00;104.616,63;104.616,63;3.335.852,10;;;;
SC;4201208;ANTONIO CARLOS;11.736.457,54;0,00;0,00;0,00;0,00;11.736.457,54;;;;
SC;4201257;APIUNA;16.208.291,71;0,00;0,00;453.913,63;453.913,63;16.662.205,34;;;;
SC;4201273;ARABUTA;5.030.873,87;0,00;0,00;0,00;0,00;5.030.873,87;;;;
SC;4201307;ARAQUARI;62.153.523,36;0,00;0,00;0,00;0,00;62.153.523,36;;;;
SC;4201406;ARARANGUA;55.085.437,66;0,00;0,00;0,00;0,00;55.085.437,66;;;;
SC;4201505;ARMAZEM;9.896.620,63;0,00;853.462,22;0,00;853.462,22;10.750.082,85;;;;
SC;4201604;ARROIO TRINTA;3.716.447,14;0,00;0,00;0,00;0,00;3.716.447,14;;;;
SC;4201653;ARVOREDO;2.741.365,80;0,00;0,00;0,00;0,00;2.741.365,80;;;;
SC;4201703;ASCURRA;5.480.104,52;0,00;0,00;334.294,04;334.294,04;5.814.398,56;;;;
SC;4201802;ATALANTA;3.747.013,05;0,00;0,00;98.334,17;98.334,17;3.845.347,22;;;;
SC;4201901;AURORA;6.802.128,20;0,00;0,00;0,00;0,00;6.802.128,20;;;;
SC;4201950;BALNEARIO ARROIO DO SILVA;18.466.207,72;0,00;0,00;0,00;0,00;18.466.207,72;;;;
SC;4202057;BALNEARIO BARRA DO SUL;14.000.280,67;0,00;0,00;0,00;0,00;14.000.280,67;;;;
SC;4202008;BALNEARIO CAMBORIU;134.067.225,02;0,00;0,00;0,00;0,00;134.067.225,02;;;;
SC;4202073;BALNEARIO GAIVOTA;20.779.029,44;0,00;0,00;0,00;0,00;20.779.029,44;;;;
SC;4212809;BALNEARIO PICARRAS;50.702.936,64;0,00;0,00;0,00;0,00;50.702.936,64;;;;
SC;4220000;BALNEARIO RINCAO;15.522.273,10;0,00;0,00;0,00;0,00;15.522.273,10;;;;
SC;4202081;BANDEIRANTE;6.336.389,79;0,00;573.778,02;0,00;573.778,02;6.910.167,81;;;;
SC;4202099;BARRA BONITA;1.479.302,15;0,00;0,00;42.611,48;42.611,48;1.521.913,63;;;;
SC;4202107;BARRA VELHA;69.891.344,32;0,00;0,00;0,00;0,00;69.891.344,32;;;;
SC;4202131;BELA VISTA DO TOLDO;10.906.013,50;0,00;341.171,17;305.928,52;647.099,69;11.553.113,19;;;;
SC;4202156;BELMONTE;2.939.169,89;0,00;0,00;195.250,28;195.250,28;3.134.420,17;;;;
SC;4202206;BENEDITO NOVO;6.752.839,06;0,00;0,00;386.327,79;386.327,79;7.139.166,85;;;;
SC;4202305;BIGUACU;50.392.608,08;0,00;0,00;2.822.079,52;2.822.079,52;53.214.687,60;;;;
SC;4202404;BLUMENAU;314.332.888,30;0,00;0,00;0,00;0,00;314.332.888,30;;;;
SC;4202438;BOCAINA DO SUL;5.622.448,18;0,00;0,00;183.283,96;183.283,96;5.805.732,14;;;;
SC;4202503;BOM JARDIM DA SERRA;5.351.600,93;0,00;0,00;0,00;0,00;5.351.600,93;;;;
SC;4202537;BOM JESUS;2.871.432,74;0,00;0,00;187.012,26;187.012,26;3.058.445,00;;;;
SC;4202578;BOM JESUS DO OESTE;2.349.429,72;0,00;0,00;0,00;0,00;2.349.429,72;;;;
SC;4202602;BOM RETIRO;7.539.875,44;0,00;0,00;441.620,61;441.620,61;7.981.496,05;;;;
SC;4202453;BOMBINHAS;38.974.649,05;0,00;0,00;0,00;0,00;38.974.649,05;;;;
SC;4202701;BOTUVERA;4.754.970,76;0,00;0,00;138.214,14;138.214,14;4.893.184,90;;;;
SC;4202800;BRACO DO NORTE;37.655.688,80;0,00;0,00;1.075.618,77;1.075.618,77;38.731.307,57;;;;
SC;4202859;BRACO DO TROMBUDO;5.655.011,03;0,00;0,00;144.606,34;144.606,34;5.799.617,37;;;;
SC;4202875;BRUNOPOLIS;2.414.685,73;0,00;0,00;71.565,42;71.565,42;2.486.251,15;;;;
SC;4202909;BRUSQUE;142.637.087,15;0,00;0,00;4.031.924,01;4.031.924,01;146.669.011,16;;;;
SC;4203006;CACADOR;83.785.568,58;0,00;0,00;0,00;0,00;83.785.568,58;;;;
SC;4203105;CAIBI;5.335.279,62;0,00;0,00;167.441,24;167.441,24;5.502.720,86;;;;
SC;4203154;CALMON;6.239.610,64;0,00;0,00;385.558,59;385.558,59;6.625.169,23;;;;
SC;4203204;CAMBORIU;142.815.564,56;0,00;9.228.549,20;0,00;9.228.549,20;152.044.113,76;;;;
SC;4203303;CAMPO ALEGRE;17.723.534,59;0,00;0,00;0,00;0,00;17.723.534,59;;;;
SC;4203402;CAMPO BELO DO SUL;6.666.351,53;0,00;0,00;387.856,92;387.856,92;7.054.208,45;;;;
SC;4203501;CAMPO ERE;12.965.137,27;0,00;546.061,76;769.357,80;1.315.419,56;14.280.556,83;;;;
SC;4203600;CAMPOS NOVOS;40.199.363,48;0,00;0,00;0,00;0,00;40.199.363,48;;;;
SC;4203709;CANELINHA;13.324.847,99;0,00;107.807,85;411.910,90;519.718,75;13.844.566,74;;;;
SC;4203808;CANOINHAS;56.182.762,40;0,00;0,00;1.553.050,88;1.553.050,88;57.735.813,28;;;;
SC;4203253;CAPAO ALTO;4.374.073,28;0,00;0,00;0,00;0,00;4.374.073,28;;;;
SC;4203907;CAPINZAL;30.523.385,26;0,00;0,00;0,00;0,00;30.523.385,26;;;;
SC;4203956;CAPIVARI DE BAIXO;24.716.413,96;0,00;0,00;0,00;0,00;24.716.413,96;;;;
SC;4204004;CATANDUVAS;12.037.487,15;0,00;0,00;362.280,47;362.280,47;12.399.767,62;;;;
SC;4204103;CAXAMBU DO SUL;3.640.662,08;0,00;0,00;265.760,91;265.760,91;3.906.422,99;;;;
SC;4204152;CELSO RAMOS;3.861.784,56;0,00;0,00;0,00;0,00;3.861.784,56;;;;
SC;4204178;CERRO NEGRO;3.392.142,70;0,00;0,00;88.194,00;88.194,00;3.480.336,70;;;;
SC;4204194;CHAPADAO DO LAGEADO;3.535.303,58;0,00;0,00;101.611,97;101.611,97;3.636.915,55;;;;
SC;4204202;CHAPECO;231.357.201,47;0,00;0,00;0,00;0,00;231.357.201,47;;;;
SC;4204251;COCAL DO SUL;17.924.910,10;0,00;0,00;545.132,86;545.132,86;18.470.042,96;;;;
SC;4204301;CONCORDIA;91.930.587,75;0,00;0,00;0,00;0,00;91.930.587,75;;;;
SC;4204350;CORDILHEIRA ALTA;7.330.095,08;0,00;0,00;405.934,03;405.934,03;7.736.029,11;;;;
SC;4204400;CORONEL FREITAS;9.668.183,51;0,00;0,00;585.417,22;585.417,22;10.253.600,73;;;;
SC;4204459;CORONEL MARTINS;2.539.559,34;0,00;0,00;172.158,67;172.158,67;2.711.718,01;;;;
SC;4204558;CORREIA PINTO;17.791.310,46;0,00;0,00;1.068.398,27;1.068.398,27;18.859.708,73;;;;
SC;4204509;CORUPA;21.366.537,42;0,00;0,00;0,00;0,00;21.366.537,42;;;;
SC;4204608;CRICIUMA;245.975.669,80;0,00;0,00;0,00;0,00;245.975.669,80;;;;
SC;4204707;CUNHA PORA;10.401.731,44;0,00;0,00;0,00;0,00;10.401.731,44;;;;
SC;4204756;CUNHATAI;1.815.769,34;0,00;0,00;46.162,43;46.162,43;1.861.931,77;;;;
SC;4204806;CURITIBANOS;37.517.876,64;0,00;0,00;0,00;0,00;37.517.876,64;;;;
SC;4204905;DESCANSO;6.917.747,98;0,00;0,00;0,00;0,00;6.917.747,98;;;;
SC;4205001;DIONISIO CERQUEIRA;13.381.426,15;0,00;0,00;0,00;0,00;13.381.426,15;;;;
SC;4205100;DONA EMMA;4.160.845,31;0,00;0,00;128.107,57;128.107,57;4.288.952,88;;;;
SC;4205159;DOUTOR PEDRINHO;3.449.794,29;0,00;0,00;206.157,59;206.157,59;3.655.951,88;;;;
SC;4205175;ENTRE RIOS;3.753.595,84;0,00;0,00;213.225,17;213.225,17;3.966.821,01;;;;
SC;4205191;ERMO;4.568.237,34;0,00;0,00;0,00;0,00;4.568.237,34;;;;
SC;4205209;ERVAL VELHO;4.352.787,36;0,00;0,00;0,00;0,00;4.352.787,36;;;;
SC;4205308;FAXINAL DOS GUEDES;14.955.573,35;0,00;0,00;440.023,92;440.023,92;15.395.597,27;;;;
SC;4205357;FLOR DO SERTAO;2.481.536,80;0,00;0,00;62.005,16;62.005,16;2.543.541,96;;;;
SC;4205407;FLORIANOPOLIS;355.081.234,81;0,00;0,00;0,00;0,00;355.081.234,81;;;;
SC;4205431;FORMOSA DO SUL;2.811.682,37;0,00;0,00;0,00;0,00;2.811.682,37;;;;
SC;4205456;FORQUILHINHA;36.856.321,69;0,00;557.368,14;0,00;557.368,14;37.413.689,83;;;;
SC;4205506;FRAIBURGO;55.726.675,86;0,00;253.069,24;0,00;253.069,24;55.979.745,10;;;;
SC;4205555;FREI ROGERIO;2.899.722,41;0,00;0,00;165.305,73;165.305,73;3.065.028,14;;;;
SC;4205605;GALVAO;4.237.221,95;0,00;0,00;240.299,74;240.299,74;4.477.521,69;;;;
SC;4205704;GAROPABA;29.623.473,46;0,00;0,00;0,00;0,00;29.623.473,46;;;;
SC;4205803;GARUVA;32.163.011,86;0,00;0,00;0,00;0,00;32.163.011,86;;;;
SC;4205902;GASPAR;86.205.767,59;0,00;0,00;4.834.130,55;4.834.130,55;91.039.898,14;;;;
SC;4206009;GOVERNADOR CELSO RAMOS;26.327.425,64;0,00;0,00;709.921,38;709.921,38;27.037.347,02;;;;
SC;4206108;GRAO PARA;6.739.681,79;0,00;0,00;0,00;0,00;6.739.681,79;;;;
SC;4206207;GRAVATAL;9.476.839,45;0,00;17.872,40;438.312,10;456.184,50;9.933.023,95;;;;
SC;4206306;GUABIRUBA;38.724.881,73;0,00;839.895,54;2.318.391,69;3.158.287,23;41.883.168,96;;;;
SC;4206405;GUARACIABA;11.229.968,60;0,00;0,00;0,00;0,00;11.229.968,60;;;;
SC;4206504;GUARAMIRIM;52.332.289,71;0,00;0,00;0,00;0,00;52.332.289,71;;;;
SC;4206603;GUARUJA DO SUL;6.974.931,40;0,00;0,00;189.016,22;189.016,22;7.163.947,62;;;;
SC;4206652;GUATAMBU;9.859.107,43;0,00;0,00;319.479,00;319.479,00;10.178.586,43;;;;
SC;4206702;HERVAL DOESTE;21.691.884,40;0,00;0,00;1.298.242,07;1.298.242,07;22.990.126,47;;;;
SC;4206751;IBIAM;2.538.827,11;0,00;0,00;74.843,23;74.843,23;2.613.670,34;;;;
SC;4206801;IBICARE;3.252.341,26;0,00;0,00;197.697,86;197.697,86;3.450.039,12;;;;
SC;4206900;IBIRAMA;22.811.957,00;0,00;0,00;0,00;0,00;22.811.957,00;;;;
SC;4207007;ICARA;63.247.671,78;0,00;0,00;3.471.860,54;3.471.860,54;66.719.532,32;;;;
SC;4207106;ILHOTA;28.640.684,65;0,00;3.144.218,34;763.654,54;3.907.872,88;32.548.557,53;;;;
SC;4207205;IMARUI;14.280.459,52;0,00;4.220.243,93;0,00;4.220.243,93;18.500.703,45;;;;
SC;4207304;IMBITUBA;37.279.677,74;0,00;0,00;2.222.953,28;2.222.953,28;39.502.631,02;;;;
SC;4207403;IMBUIA;7.392.513,59;0,00;0,00;0,00;0,00;7.392.513,59;;;;
SC;4207502;INDAIAL;86.552.989,30;0,00;0,00;0,00;0,00;86.552.989,30;;;;
SC;4207577;IOMERE;4.761.939,57;0,00;0,00;120.410,38;120.410,38;4.882.349,95;;;;
SC;4207601;IPIRA;6.215.215,17;0,00;0,00;0,00;0,00;6.215.215,17;;;;
SC;4207650;IPORA DO OESTE;8.591.511,02;0,00;0,00;291.724,70;291.724,70;8.883.235,72;;;;
SC;4207684;IPUACU;6.053.848,27;0,00;0,00;355.532,92;355.532,92;6.409.381,19;;;;
SC;4207700;IPUMIRIM;8.851.709,94;0,00;0,00;257.213,25;257.213,25;9.108.923,19;;;;
SC;4207759;IRACEMINHA;2.898.666,32;0,00;0,00;88.088,30;88.088,30;2.986.754,62;;;;
SC;4207809;IRANI;11.841.523,02;0,00;0,00;0,00;0,00;11.841.523,02;;;;
SC;4207858;IRATI;2.258.021,14;0,00;0,00;69.926,52;69.926,52;2.327.947,66;;;;
SC;4207908;IRINEOPOLIS;18.586.592,63;0,00;207.703,22;0,00;207.703,22;18.794.295,85;;;;
SC;4208005;ITA;9.570.115,62;0,00;0,00;0,00;0,00;9.570.115,62;;;;
SC;4208104;ITAIOPOLIS;21.681.175,37;0,00;0,00;642.343,01;642.343,01;22.323.518,38;;;;
SC;4208203;ITAJAI;326.371.916,17;0,00;0,00;0,00;0,00;326.371.916,17;;;;
SC;4208302;ITAPEMA;112.041.259,48;0,00;0,00;0,00;0,00;112.041.259,48;;;;
SC;4208401;ITAPIRANGA;20.244.643,26;0,00;0,00;1.057.043,97;1.057.043,97;21.301.687,23;;;;
SC;4208450;ITAPOA;46.144.327,65;0,00;0,00;3.010.575,20;3.010.575,20;49.154.902,85;;;;
SC;4208500;ITUPORANGA;22.139.268,43;0,00;504.591,14;0,00;504.591,14;22.643.859,57;;;;
SC;4208609;JABORA;5.065.715,19;0,00;0,00;0,00;0,00;5.065.715,19;;;;
SC;4208708;JACINTO MACHADO;13.719.330,93;0,00;237.380,18;0,00;237.380,18;13.956.711,11;;;;
SC;4208807;JAGUARUNA;23.730.082,28;0,00;0,00;0,00;0,00;23.730.082,28;;;;
SC;4208906;JARAGUA DO SUL;188.703.026,53;0,00;0,00;0,00;0,00;188.703.026,53;;;;
SC;4208955;JARDINOPOLIS;1.722.539,14;0,00;0,00;114.343,92;114.343,92;1.836.883,06;;;;
SC;4209003;JOACABA;29.284.231,78;0,00;0,00;835.822,88;835.822,88;30.120.054,66;;;;
SC;4209102;JOINVILLE;600.901.098,30;0,00;0,00;0,00;0,00;600.901.098,30;;;;
SC;4209151;JOSE BOITEUX;8.558.539,35;0,00;0,00;0,00;0,00;8.558.539,35;;;;
SC;4209177;JUPIA;2.158.362,93;0,00;0,00;138.322,00;138.322,00;2.296.684,93;;;;
SC;4209201;LACERDOPOLIS;2.241.834,11;0,00;0,00;74.459,31;74.459,31;2.316.293,42;;;;
SC;4209300;LAGES;137.152.978,39;0,00;0,00;0,00;0,00;137.152.978,39;;;;
SC;4209409;LAGUNA;21.925.962,41;0,00;0,00;0,00;0,00;21.925.962,41;;;;
SC;4209458;LAJEADO GRANDE;2.014.814,79;0,00;0,00;63.644,06;63.644,06;2.078.458,85;;;;
SC;4209508;LAURENTINO;8.124.504,49;0,00;0,00;486.363,57;486.363,57;8.610.868,06;;;;
SC;4209607;LAURO MULLER;15.477.491,19;0,00;0,00;493.357,42;493.357,42;15.970.848,61;;;;
SC;4209706;LEBON REGIS;14.455.976,04;0,00;193.617,25;0,00;193.617,25;14.649.593,29;;;;
SC;4209805;LEOBERTO LEAL;3.346.211,61;0,00;0,00;0,00;0,00;3.346.211,61;;;;
SC;4209854;LINDOIA DO SUL;4.469.343,84;0,00;0,00;142.857,69;142.857,69;4.612.201,53;;;;
SC;4209904;LONTRAS;17.323.689,44;0,00;335.793,57;513.249,73;849.043,30;18.172.732,74;;;;
SC;4210001;LUIZ ALVES;15.734.704,29;0,00;0,00;877.560,58;877.560,58;16.612.264,87;;;;
SC;4210035;LUZERNA;8.017.481,41;0,00;0,00;0,00;0,00;8.017.481,41;;;;
SC;4210050;MACIEIRA;2.376.876,99;0,00;0,00;141.730,74;141.730,74;2.518.607,73;;;;
SC;4210100;MAFRA;52.709.284,87;0,00;0,00;0,00;0,00;52.709.284,87;;;;
SC;4210209;MAJOR GERCINO;2.895.466,44;0,00;0,00;0,00;0,00;2.895.466,44;;;;
SC;4210308;MAJOR VIEIRA;8.102.193,83;0,00;0,00;0,00;0,00;8.102.193,83;;;;
SC;4210407;MARACAJA;13.219.845,01;0,00;611.408,17;0,00;611.408,17;13.831.253,18;;;;
SC;4210506;MARAVILHA;28.789.099,36;0,00;0,00;1.784.053,41;1.784.053,41;30.573.152,77;;;;
SC;4210555;MAREMA;2.197.037,29;0,00;0,00;63.644,06;63.644,06;2.260.681,35;;;;
SC;4210605;MASSARANDUBA;20.968.015,50;0,00;0,00;0,00;0,00;20.968.015,50;;;;
SC;4210704;MATOS COSTA;2.945.251,11;0,00;0,00;92.598,01;92.598,01;3.037.849,12;;;;
SC;4210803;MELEIRO;9.431.531,41;0,00;0,00;0,00;0,00;9.431.531,41;;;;
SC;4210852;MIRIM DOCE;4.072.741,45;0,00;0,00;0,00;0,00;4.072.741,45;;;;
SC;4210902;MODELO;4.356.501,92;0,00;0,00;137.940,99;137.940,99;4.494.442,91;;;;
SC;4211009;MONDAI;11.358.517,40;0,00;0,00;356.241,32;356.241,32;11.714.758,72;;;;
SC;4211058;MONTE CARLO;14.558.163,44;0,00;0,00;0,00;0,00;14.558.163,44;;;;
SC;4211108;MONTE CASTELO;8.704.453,21;0,00;0,00;0,00;0,00;8.704.453,21;;;;
SC;4211207;MORRO DA FUMACA;24.664.259,36;0,00;0,00;0,00;0,00;24.664.259,36;;;;
SC;4211256;MORRO GRANDE;3.161.241,18;0,00;0,00;156.449,95;156.449,95;3.317.691,13;;;;
SC;4211306;NAVEGANTES;169.685.023,27;0,00;0,00;0,00;0,00;169.685.023,27;;;;
SC;4211405;NOVA ERECHIM;5.301.083,90;0,00;0,00;336.556,25;336.556,25;5.637.640,15;;;;
SC;4211454;NOVA ITABERABA;4.467.826,96;0,00;0,00;268.355,68;268.355,68;4.736.182,64;;;;
SC;4211504;NOVA TRENTO;15.388.202,70;0,00;0,00;434.362,45;434.362,45;15.822.565,15;;;;
SC;4211603;NOVA VENEZA;15.613.340,64;0,00;0,00;910.721,80;910.721,80;16.524.062,44;;;;
SC;4211652;NOVO HORIZONTE;2.045.287,70;0,00;0,00;66.921,87;66.921,87;2.112.209,57;;;;
SC;4211702;ORLEANS;17.221.174,80;0,00;0,00;944.419,74;944.419,74;18.165.594,54;;;;
SC;4211751;OTACILIO COSTA;23.037.211,07;0,00;0,00;0,00;0,00;23.037.211,07;;;;
SC;4211801;OURO;7.028.762,79;0,00;0,00;0,00;0,00;7.028.762,79;;;;
SC;4211850;OURO VERDE;2.476.152,17;0,00;0,00;83.857,19;83.857,19;2.560.009,36;;;;
SC;4211876;PAIAL;2.558.775,66;0,00;0,00;0,00;0,00;2.558.775,66;;;;
SC;4211892;PAINEL;1.701.895,39;0,00;0,00;97.782,16;97.782,16;1.799.677,55;;;;
SC;4211900;PALHOCA;177.007.893,87;0,00;0,00;0,00;0,00;177.007.893,87;;;;
SC;4212007;PALMA SOLA;8.925.030,01;0,00;0,00;0,00;0,00;8.925.030,01;;;;
SC;4212056;PALMEIRA;2.862.962,19;0,00;0,00;0,00;0,00;2.862.962,19;;;;
SC;4212106;PALMITOS;13.388.710,28;0,00;0,00;0,00;0,00;13.388.710,28;;;;
SC;4212205;PAPANDUVA;15.967.136,99;0,00;0,00;492.763,44;492.763,44;16.459.900,43;;;;
SC;4212239;PARAISO;4.210.890,28;0,00;0,00;255.396,94;255.396,94;4.466.287,22;;;;
SC;4212254;PASSO DE TORRES;22.232.995,31;0,00;890.028,79;1.265.014,48;2.155.043,27;24.388.038,58;;;;
SC;4212270;PASSOS MAIA;4.830.203,18;0,00;0,00;273.934,39;273.934,39;5.104.137,57;;;;
SC;4212304;PAULO LOPES;11.472.945,43;0,00;0,00;353.951,52;353.951,52;11.826.896,95;;;;
SC;4212403;PEDRAS GRANDES;3.858.534,58;0,00;0,00;246.656,88;246.656,88;4.105.191,46;;;;
SC;4212502;PENHA;47.964.241,31;0,00;0,00;0,00;0,00;47.964.241,31;;;;
SC;4212601;PERITIBA;3.589.618,71;0,00;0,00;106.120,18;106.120,18;3.695.738,89;;;;
SC;4212650;PESCARIA BRAVA;12.726.689,86;0,00;0,00;349.340,37;349.340,37;13.076.030,23;;;;
SC;4212700;PETROLANDIA;8.091.168,31;0,00;642.748,23;463.578,10;1.106.326,33;9.197.494,64;;;;
SC;4212908;PINHALZINHO;23.435.841,11;0,00;0,00;0,00;0,00;23.435.841,11;;;;
SC;4213005;PINHEIRO PRETO;4.053.742,49;0,00;0,00;244.771,93;244.771,93;4.298.514,42;;;;
SC;4213104;PIRATUBA;8.599.130,45;0,00;0,00;0,00;0,00;8.599.130,45;;;;
SC;4213153;PLANALTO ALEGRE;3.453.767,32;0,00;0,00;0,00;0,00;3.453.767,32;;;;
SC;4213203;POMERODE;45.051.650,56;0,00;0,00;0,00;0,00;45.051.650,56;;;;
SC;4213302;PONTE ALTA;4.741.251,53;0,00;0,00;0,00;0,00;4.741.251,53;;;;
SC;4213351;PONTE ALTA DO NORTE;3.848.726,07;0,00;0,00;0,00;0,00;3.848.726,07;;;;
SC;4213401;PONTE SERRADA;12.263.336,43;0,00;0,00;0,00;0,00;12.263.336,43;;;;
SC;4213500;PORTO BELO;40.923.148,46;0,00;0,00;0,00;0,00;40.923.148,46;;;;
SC;4213609;PORTO UNIAO;21.464.854,78;0,00;0,00;1.142.452,54;1.142.452,54;22.607.307,32;;;;
SC;4213708;POUSO REDONDO;16.944.235,40;0,00;0,00;920.916,98;920.916,98;17.865.152,38;;;;
SC;4213807;PRAIA GRANDE;9.419.834,17;0,00;0,00;0,00;0,00;9.419.834,17;;;;
SC;4213906;PRESIDENTE CASTELLO BRANCO;2.144.199,21;0,00;0,00;131.611,90;131.611,90;2.275.811,11;;;;
SC;4214003;PRESIDENTE GETULIO;22.951.853,54;0,00;0,00;0,00;0,00;22.951.853,54;;;;
SC;4214102;PRESIDENTE NEREU;2.857.556,87;0,00;0,00;0,00;0,00;2.857.556,87;;;;
SC;4214151;PRINCESA;3.096.149,54;0,00;0,00;102.704,58;102.704,58;3.198.854,12;;;;
SC;4214201;QUILOMBO;9.835.827,72;0,00;0,00;629.242,67;629.242,67;10.465.070,39;;;;
SC;4214300;RANCHO QUEIMADO;3.455.357,34;0,00;0,00;0,00;0,00;3.455.357,34;;;;
SC;4214409;RIO DAS ANTAS;11.162.300,25;0,00;0,00;0,00;0,00;11.162.300,25;;;;
SC;4214508;RIO DO CAMPO;6.194.904,96;0,00;0,00;335.110,72;335.110,72;6.530.015,68;;;;
SC;4214607;RIO DO OESTE;7.463.061,65;0,00;0,00;448.267,24;448.267,24;7.911.328,89;;;;
SC;4214805;RIO DO SUL;66.167.606,98;0,00;0,00;0,00;0,00;66.167.606,98;;;;
SC;4214706;RIO DOS CEDROS;15.572.042,84;0,00;0,00;0,00;0,00;15.572.042,84;;;;
SC;4214904;RIO FORTUNA;5.567.893,31;0,00;0,00;0,00;0,00;5.567.893,31;;;;
SC;4215000;RIO NEGRINHO;53.601.554,88;0,00;0,00;0,00;0,00;53.601.554,88;;;;
SC;4215059;RIO RUFINO;2.836.355,69;0,00;0,00;170.146,44;170.146,44;3.006.502,13;;;;
SC;4215075;RIQUEZA;4.571.273,98;0,00;0,00;0,00;0,00;4.571.273,98;;;;
SC;4215109;RODEIO;13.097.292,02;0,00;0,00;431.577,74;431.577,74;13.528.869,76;;;;
SC;4215208;ROMELANDIA;2.955.999,14;0,00;0,00;0,00;0,00;2.955.999,14;;;;
SC;4215307;SALETE;8.779.591,87;0,00;0,00;0,00;0,00;8.779.591,87;;;;
SC;4215356;SALTINHO;3.859.183,32;0,00;0,00;0,00;0,00;3.859.183,32;;;;
SC;4215406;SALTO VELOSO;7.508.408,42;0,00;0,00;231.940,63;231.940,63;7.740.349,05;;;;
SC;4215455;SANGAO;9.472.903,38;0,00;0,00;245.265,17;245.265,17;9.718.168,55;;;;
SC;4215505;SANTA CECILIA;17.442.851,66;0,00;0,00;487.058,48;487.058,48;17.929.910,14;;;;
SC;4215554;SANTA HELENA;2.386.336,93;0,00;0,00;148.747,99;148.747,99;2.535.084,92;;;;
SC;4215604;SANTA ROSA DE LIMA;3.156.914,27;0,00;0,00;0,00;0,00;3.156.914,27;;;;
SC;4215653;SANTA ROSA DO SUL;13.244.581,05;0,00;31.792,06;824.489,06;856.281,12;14.100.862,17;;;;
SC;4215679;SANTA TEREZINHA;8.318.203,00;0,00;0,00;0,00;0,00;8.318.203,00;;;;
SC;4215687;SANTA TEREZINHA DO PROGRESSO;2.462.750,59;0,00;0,00;0,00;0,00;2.462.750,59;;;;
SC;4215695;SANTIAGO DO SUL;1.768.222,69;0,00;0,00;57.088,45;57.088,45;1.825.311,14;;;;
SC;4215703;SANTO AMARO DA IMPERATRIZ;33.381.888,53;0,00;0,00;0,00;0,00;33.381.888,53;;;;
SC;4215802;SAO BENTO DO SUL;97.689.735,94;0,00;0,00;0,00;0,00;97.689.735,94;;;;
SC;4215752;SAO BERNARDINO;3.163.514,67;0,00;0,00;202.792,55;202.792,55;3.366.307,22;;;;
SC;4215901;SAO BONIFACIO;1.746.767,44;0,00;0,00;0,00;0,00;1.746.767,44;;;;
SC;4216008;SAO CARLOS;9.093.569,43;0,00;0,00;0,00;0,00;9.093.569,43;;;;
SC;4216057;SAO CRISTOVAO DO SUL;5.916.593,14;0,00;0,00;169.687,28;169.687,28;6.086.280,42;;;;
SC;4216107;SAO DOMINGOS;7.753.431,25;0,00;0,00;0,00;0,00;7.753.431,25;;;;
SC;4216206;SAO FRANCISCO DO SUL;62.616.735,59;0,00;0,00;0,00;0,00;62.616.735,59;;;;
SC;4216305;SAO JOAO BATISTA;38.146.113,93;0,00;0,00;0,00;0,00;38.146.113,93;;;;
SC;4216354;SAO JOAO DO ITAPERIU;6.492.334,32;0,00;0,00;364.331,50;364.331,50;6.856.665,82;;;;
SC;4216255;SAO JOAO DO OESTE;6.061.494,03;0,00;0,00;186.834,92;186.834,92;6.248.328,95;;;;
SC;4216404;SAO JOAO DO SUL;14.268.654,73;0,00;2.560.086,66;747.285,76;3.307.372,42;17.576.027,15;;;;
SC;4216503;SAO JOAQUIM;24.818.944,52;0,00;0,00;1.268.601,06;1.268.601,06;26.087.545,58;;;;
SC;4216602;SAO JOSE;209.537.014,75;0,00;0,00;0,00;0,00;209.537.014,75;;;;
SC;4216701;SAO JOSE DO CEDRO;16.185.048,32;0,00;0,00;0,00;0,00;16.185.048,32;;;;
SC;4216800;SAO JOSE DO CERRITO;5.936.501,00;0,00;0,00;353.033,36;353.033,36;6.289.534,36;;;;
SC;4216909;SAO LOURENCO DO OESTE;36.373.242,20;0,00;0,00;0,00;0,00;36.373.242,20;;;;
SC;4217006;SAO LUDGERO;16.404.746,88;0,00;0,00;0,00;0,00;16.404.746,88;;;;
SC;4217105;SAO MARTINHO;3.256.153,00;0,00;0,00;219.370,32;219.370,32;3.475.523,32;;;;
SC;4217154;SAO MIGUEL DA BOA VISTA;2.053.610,19;0,00;0,00;116.156,79;116.156,79;2.169.766,98;;;;
SC;4217204;SAO MIGUEL DO OESTE;42.379.085,72;0,00;0,00;0,00;0,00;42.379.085,72;;;;
SC;4217253;SAO PEDRO DE ALCANTARA;5.471.690,71;0,00;0,00;0,00;0,00;5.471.690,71;;;;
SC;4217303;SAUDADES;11.116.976,77;0,00;0,00;329.930,43;329.930,43;11.446.907,20;;;;
SC;4217402;SCHROEDER;24.855.760,31;0,00;0,00;0,00;0,00;24.855.760,31;;;;
SC;4217501;SEARA;18.354.785,61;0,00;0,00;0,00;0,00;18.354.785,61;;;;
SC;4217550;SERRA ALTA;3.551.924,66;0,00;0,00;0,00;0,00;3.551.924,66;;;;
SC;4217600;SIDEROPOLIS;13.210.230,23;0,00;0,00;0,00;0,00;13.210.230,23;;;;
SC;4217709;SOMBRIO;38.515.940,62;0,00;0,00;0,00;0,00;38.515.940,62;;;;
SC;4217758;SUL BRASIL;2.978.307,11;0,00;0,00;0,00;0,00;2.978.307,11;;;;
SC;4217808;TAIO;23.715.665,90;0,00;0,00;0,00;0,00;23.715.665,90;;;;
SC;4217907;TANGARA;9.811.039,57;0,00;0,00;511.127,96;511.127,96;10.322.167,53;;;;
SC;4217956;TIGRINHOS;3.082.326,71;0,00;0,00;91.232,25;91.232,25;3.173.558,96;;;;
SC;4218004;TIJUCAS;58.137.296,50;0,00;0,00;0,00;0,00;58.137.296,50;;;;
SC;4218103;TIMBE DO SUL;5.103.983,90;0,00;0,00;309.573,72;309.573,72;5.413.557,62;;;;
SC;4218202;TIMBO;41.332.027,12;0,00;0,00;0,00;0,00;41.332.027,12;;;;
SC;4218251;TIMBO GRANDE;11.937.182,64;0,00;309.807,82;664.807,54;974.615,36;12.911.798,00;;;;
SC;4218301;TRES BARRAS;29.037.610,30;0,00;0,00;1.649.423,98;1.649.423,98;30.687.034,28;;;;
SC;4218350;TREVISO;3.259.912,43;0,00;0,00;101.611,97;101.611,97;3.361.524,40;;;;
SC;4218400;TREZE DE MAIO;8.402.888,69;0,00;0,00;480.249,11;480.249,11;8.883.137,80;;;;
SC;4218509;TREZE TILIAS;14.122.257,67;0,00;0,00;0,00;0,00;14.122.257,67;;;;
SC;4218608;TROMBUDO CENTRAL;8.488.337,49;0,00;0,00;0,00;0,00;8.488.337,49;;;;
SC;4218707;TUBARAO;66.087.070,62;0,00;0,00;3.311.980,93;3.311.980,93;69.399.051,55;;;;
SC;4218756;TUNAPOLIS;4.084.916,17;0,00;0,00;274.179,31;274.179,31;4.359.095,48;;;;
SC;4218806;TURVO;12.040.643,21;0,00;0,00;0,00;0,00;12.040.643,21;;;;
SC;4218855;UNIAO DO OESTE;2.929.411,65;0,00;0,00;88.773,90;88.773,90;3.018.185,55;;;;
SC;4218905;URUBICI;13.086.311,66;0,00;0,00;724.405,12;724.405,12;13.810.716,78;;;;
SC;4218954;URUPEMA;2.271.992,05;0,00;0,00;63.370,92;63.370,92;2.335.362,97;;;;
SC;4219002;URUSSANGA;16.111.031,01;0,00;0,00;0,00;0,00;16.111.031,01;;;;
SC;4219101;VARGEAO;4.940.414,96;0,00;0,00;0,00;0,00;4.940.414,96;;;;
SC;4219150;VARGEM;2.763.441,89;0,00;0,00;83.037,74;83.037,74;2.846.479,63;;;;
SC;4219176;VARGEM BONITA;3.877.390,54;0,00;0,00;0,00;0,00;3.877.390,54;;;;
SC;4219200;VIDAL RAMOS;6.386.815,91;0,00;0,00;0,00;0,00;6.386.815,91;;;;
SC;4219309;VIDEIRA;65.730.571,51;0,00;0,00;3.324.674,75;3.324.674,75;69.055.246,26;;;;
SC;4219358;VITOR MEIRELES;5.685.995,00;0,00;0,00;344.216,98;344.216,98;6.030.211,98;;;;
SC;4219408;WITMARSUM;4.953.469,39;0,00;52.584,23;140.672,49;193.256,72;5.146.726,11;;;;
SC;4219507;XANXERE;35.791.673,78;0,00;0,00;2.280.849,68;2.280.849,68;38.072.523,46;;;;
SC;4219606;XAVANTINA;2.476.733,60;0,00;0,00;0,00;0,00;2.476.733,60;;;;
SC;4219705;XAXIM;44.020.858,68;0,00;0,00;0,00;0,00;44.020.858,68;;;;
SC;4219853;ZORTEA;7.489.768,77;0,00;0,00;0,00;0,00;7.489.768,77;;;;
SE;2800100;AMPARO DE SAO FRANCISCO;6.093.044,49;0,00;932.098,60;0,00;932.098,60;7.025.143,09;;;;
SE;2800209;AQUIDABA;33.453.722,03;0,00;4.484.457,49;0,00;4.484.457,49;37.938.179,52;;;;
SE;2800308;ARACAJU;266.710.613,93;0,00;0,00;15.906.201,68;15.906.201,68;282.616.815,61;;;;
SE;2800407;ARAUA;19.820.745,89;0,00;4.494.418,84;936.454,32;5.430.873,16;25.251.619,05;;;;
SE;2800506;AREIA BRANCA;30.972.482,22;0,00;1.550.340,70;0,00;1.550.340,70;32.522.822,92;;;;
SE;2800605;BARRA DOS COQUEIROS;36.796.404,15;0,00;0,00;1.982.566,32;1.982.566,32;38.778.970,47;;;;
SE;2800670;BOQUIM;28.874.390,50;0,00;1.524.672,59;710.074,44;2.234.747,03;31.109.137,53;;;;
SE;2800704;BREJO GRANDE;17.395.795,75;0,00;3.048.929,14;612.300,93;3.661.230,07;21.057.025,82;;;;
SE;2801009;CAMPO DO BRITO;18.563.666,81;0,00;2.598.594,04;872.328,00;3.470.922,04;22.034.588,85;;;;
SE;2801108;CANHOBA;9.846.852,59;0,00;3.152.183,15;423.010,83;3.575.193,98;13.422.046,57;;;;
SE;2801207;CANINDE DE SAO FRANCISCO;56.932.438,99;0,00;4.411.579,19;2.799.837,29;7.211.416,48;64.143.855,47;;;;
SE;2801306;CAPELA;63.218.646,91;0,00;18.857.270,98;2.717.301,77;21.574.572,75;84.793.219,66;;;;
SE;2801405;CARIRA;36.328.538,29;0,00;8.612.285,40;1.496.613,31;10.108.898,71;46.437.437,00;;;;
SE;2801504;CARMOPOLIS;18.522.288,81;0,00;0,00;975.020,27;975.020,27;19.497.309,08;;;;
SE;2801603;CEDRO DE SAO JOAO;8.376.630,94;0,00;192.598,76;364.105,47;556.704,23;8.933.335,17;;;;
SE;2801702;CRISTINAPOLIS;32.993.326,58;0,00;3.759.094,43;716.463,58;4.475.558,01;37.468.884,59;;;;
SE;2801900;CUMBE;3.518.476,95;0,00;0,00;160.659,13;160.659,13;3.679.136,08;;;;
SE;2802007;DIVINA PASTORA;10.276.383,14;0,00;0,00;205.498,76;205.498,76;10.481.881,90;;;;
SE;2802106;ESTANCIA;72.982.136,34;0,00;0,00;0,00;0,00;72.982.136,34;;;;
SE;2802205;FEIRA NOVA;6.528.412,47;0,00;0,00;309.168,13;309.168,13;6.837.580,60;;;;
SE;2802304;FREI PAULO;20.981.071,23;0,00;4.416.597,31;798.244,35;5.214.841,66;26.195.912,89;;;;
SE;2802403;GARARU;18.722.483,28;0,00;6.904.676,50;0,00;6.904.676,50;25.627.159,78;;;;
SE;2802502;GENERAL MAYNARD;4.296.610,77;0,00;0,00;102.906,26;102.906,26;4.399.517,03;;;;
SE;2802601;GRACHO CARDOSO;6.403.763,38;0,00;0,00;0,00;0,00;6.403.763,38;;;;
SE;2802700;ILHA DAS FLORES;26.365.785,25;0,00;9.777.396,74;1.126.511,85;10.903.908,59;37.269.693,84;;;;
SE;2802809;INDIAROBA;29.663.057,73;0,00;705.748,51;1.440.726,04;2.146.474,55;31.809.532,28;;;;
SE;2802908;ITABAIANA;88.738.756,76;0,00;4.129.031,16;0,00;4.129.031,16;92.867.787,92;;;;
SE;2803005;ITABAIANINHA;65.176.335,67;0,00;8.537.673,31;0,00;8.537.673,31;73.714.008,98;;;;
SE;2803104;ITABI;5.618.146,24;0,00;0,00;111.949,40;111.949,40;5.730.095,64;;;;
SE;2803203;ITAPORANGA DAJUDA;57.639.841,24;0,00;11.248.388,86;2.433.026,65;13.681.415,51;71.321.256,75;;;;
SE;2803302;JAPARATUBA;32.463.147,91;0,00;7.171.165,54;0,00;7.171.165,54;39.634.313,45;;;;
SE;2803401;JAPOATA;23.696.022,06;0,00;73.714,10;1.259.159,40;1.332.873,50;25.028.895,56;;;;
SE;2803500;LAGARTO;113.837.348,03;0,00;9.048.861,51;0,00;9.048.861,51;122.886.209,54;;;;
SE;2803609;LARANJEIRAS;69.572.209,20;0,00;37.172.962,82;2.800.467,82;39.973.430,64;109.545.639,84;;;;
SE;2803708;MACAMBIRA;10.425.541,57;0,00;1.828.287,17;0,00;1.828.287,17;12.253.828,74;;;;
SE;2803807;MALHADA DOS BOIS;8.182.805,60;0,00;364.468,14;400.269,66;764.737,80;8.947.543,40;;;;
SE;2803906;MALHADOR;18.161.628,26;0,00;3.628.899,73;457.899,25;4.086.798,98;22.248.427,24;;;;
SE;2804003;MARUIM;21.578.212,07;0,00;0,00;0,00;0,00;21.578.212,07;;;;
SE;2804102;MOITA BONITA;16.938.736,08;0,00;4.162.229,58;0,00;4.162.229,58;21.100.965,66;;;;
SE;2804201;MONTE ALEGRE DE SERGIPE;22.557.187,22;0,00;6.431.500,51;855.524,58;7.287.025,09;29.844.212,31;;;;
SE;2804300;MURIBECA;10.454.013,04;0,00;0,00;261.804,45;261.804,45;10.715.817,49;;;;
SE;2804409;NEOPOLIS;20.144.166,46;0,00;1.477.401,67;981.245,73;2.458.647,40;22.602.813,86;;;;
SE;2804458;NOSSA SENHORA APARECIDA;9.348.965,40;0,00;636.913,28;266.112,48;903.025,76;10.251.991,16;;;;
SE;2804508;NOSSA SENHORA DA GLORIA;62.603.141,88;0,00;14.875.709,04;2.651.592,13;17.527.301,17;80.130.443,05;;;;
SE;2804607;NOSSA SENHORA DAS DORES;38.477.223,55;0,00;6.956.516,76;799.478,47;7.755.995,23;46.233.218,78;;;;
SE;2804706;NOSSA SENHORA DE LOURDES;7.578.668,89;0,00;1.011.669,62;173.888,03;1.185.557,65;8.764.226,54;;;;
SE;2804805;NOSSA SENHORA DO SOCORRO;142.165.563,16;0,00;3.571.944,13;0,00;3.571.944,13;145.737.507,29;;;;
SE;2804904;PACATUBA;23.967.710,62;0,00;0,00;1.154.864,01;1.154.864,01;25.122.574,63;;;;
SE;2805000;PEDRA MOLE;6.071.518,93;0,00;1.021.822,32;134.807,12;1.156.629,44;7.228.148,37;;;;
SE;2805109;PEDRINHAS;17.002.430,57;0,00;3.238.951,14;0,00;3.238.951,14;20.241.381,71;;;;
SE;2805208;PINHAO;8.050.699,32;0,00;14.483,77;399.853,24;414.337,01;8.465.036,33;;;;
SE;2805307;PIRAMBU;14.708.211,99;0,00;0,00;0,00;0,00;14.708.211,99;;;;
SE;2805406;POCO REDONDO;48.076.690,33;0,00;5.867.828,93;0,00;5.867.828,93;53.944.519,26;;;;
SE;2805505;POCO VERDE;22.214.760,94;0,00;2.227.754,05;469.902,26;2.697.656,31;24.912.417,25;;;;
SE;2805604;PORTO DA FOLHA;34.180.753,96;0,00;355.528,90;0,00;355.528,90;34.536.282,86;;;;
SE;2805703;PROPRIA;17.079.786,19;0,00;0,00;0,00;0,00;17.079.786,19;;;;
SE;2805802;RIACHAO DO DANTAS;32.613.795,02;0,00;6.621.613,57;714.632,35;7.336.245,92;39.950.040,94;;;;
SE;2805901;RIACHUELO;16.116.043,27;0,00;0,00;0,00;0,00;16.116.043,27;;;;
SE;2806008;RIBEIROPOLIS;14.810.869,49;0,00;642.062,30;0,00;642.062,30;15.452.931,79;;;;
SE;2806107;ROSARIO DO CATETE;17.472.698,42;0,00;0,00;416.633,75;416.633,75;17.889.332,17;;;;
SE;2806206;SALGADO;23.022.986,64;0,00;5.042.577,37;1.072.503,25;6.115.080,62;29.138.067,26;;;;
SE;2806305;SANTA LUZIA DO ITANHY;35.704.463,23;0,00;5.963.075,19;1.576.903,05;7.539.978,24;43.244.441,47;;;;
SE;2806503;SANTA ROSA DE LIMA;7.020.546,99;0,00;0,00;189.751,86;189.751,86;7.210.298,85;;;;
SE;2806404;SANTANA DO SAO FRANCISCO;11.178.511,60;0,00;0,00;640.912,36;640.912,36;11.819.423,96;;;;
SE;2806602;SANTO AMARO DAS BROTAS;15.045.766,11;0,00;0,00;846.217,14;846.217,14;15.891.983,25;;;;
SE;2806701;SAO CRISTOVAO;73.106.553,35;0,00;8.493.550,79;2.420.653,80;10.914.204,59;84.020.757,94;;;;
SE;2806800;SAO DOMINGOS;15.811.398,37;0,00;3.798.477,87;0,00;3.798.477,87;19.609.876,24;;;;
SE;2806909;SAO FRANCISCO;5.819.534,31;0,00;0,00;275.660,51;275.660,51;6.095.194,82;;;;
SE;2807006;SAO MIGUEL DO ALEIXO;5.103.360,44;0,00;0,00;121.118,51;121.118,51;5.224.478,95;;;;
SE;2807105;SIMAO DIAS;40.594.577,01;0,00;159.372,95;2.062.306,21;2.221.679,16;42.816.256,17;;;;
SE;2807204;SIRIRI;12.858.771,31;0,00;0,00;324.975,88;324.975,88;13.183.747,19;;;;
SE;2807303;TELHA;5.240.414,55;0,00;408.456,92;0,00;408.456,92;5.648.871,47;;;;
SE;2807402;TOBIAS BARRETO;59.454.123,13;0,00;5.330.419,86;2.808.919,92;8.139.339,78;67.593.462,91;;;;
SE;2807501;TOMAR DO GERU;18.085.890,39;0,00;1.311.511,15;0,00;1.311.511,15;19.397.401,54;;;;
SE;2807600;UMBAUBA;35.561.439,89;0,00;5.754.037,16;1.837.605,18;7.591.642,34;43.153.082,23;;;;
SP;3500105;ADAMANTINA;21.133.186,57;0,00;0,00;0,00;0,00;21.133.186,57;;;;
SP;3500204;ADOLFO;5.666.676,70;0,00;0,00;0,00;0,00;5.666.676,70;;;;
SP;3500303;AGUAI;29.702.048,18;0,00;0,00;0,00;0,00;29.702.048,18;;;;
SP;3500402;AGUAS DA PRATA;4.676.142,80;0,00;0,00;0,00;0,00;4.676.142,80;;;;
SP;3500501;AGUAS DE LINDOIA;19.149.475,54;0,00;0,00;1.213.074,68;1.213.074,68;20.362.550,22;;;;
SP;3500550;AGUAS DE SANTA BARBARA;6.511.553,55;0,00;0,00;0,00;0,00;6.511.553,55;;;;
SP;3500600;AGUAS DE SAO PEDRO;6.800.454,40;0,00;0,00;0,00;0,00;6.800.454,40;;;;
SP;3500709;AGUDOS;31.840.012,51;0,00;0,00;0,00;0,00;31.840.012,51;;;;
SP;3500758;ALAMBARI;5.380.201,26;0,00;0,00;0,00;0,00;5.380.201,26;;;;
SP;3500808;ALFREDO MARCONDES;1.946.932,92;0,00;0,00;0,00;0,00;1.946.932,92;;;;
SP;3500907;ALTAIR;3.053.211,17;0,00;0,00;205.392,08;205.392,08;3.258.603,25;;;;
SP;3501004;ALTINOPOLIS;18.886.599,38;0,00;0,00;512.983,20;512.983,20;19.399.582,58;;;;
SP;3501103;ALTO ALEGRE;2.388.085,22;0,00;0,00;0,00;0,00;2.388.085,22;;;;
SP;3501152;ALUMINIO;21.603.369,33;0,00;0,00;0,00;0,00;21.603.369,33;;;;
SP;3501202;ALVARES FLORENCE;3.335.069,99;0,00;0,00;0,00;0,00;3.335.069,99;;;;
SP;3501301;ALVARES MACHADO;27.359.059,01;0,00;405.817,67;988.475,92;1.394.293,59;28.753.352,60;;;;
SP;3501400;ALVARO DE CARVALHO;2.937.061,38;0,00;0,00;0,00;0,00;2.937.061,38;;;;
SP;3501509;ALVINLANDIA;3.220.404,13;0,00;0,00;210.463,87;210.463,87;3.430.868,00;;;;
SP;3501608;AMERICANA;112.501.436,11;0,00;0,00;0,00;0,00;112.501.436,11;;;;
SP;3501707;AMERICO BRASILIENSE;38.281.306,72;0,00;0,00;0,00;0,00;38.281.306,72;;;;
SP;3501806;AMERICO DE CAMPOS;6.732.411,71;0,00;0,00;418.240,98;418.240,98;7.150.652,69;;;;
SP;3501905;AMPARO;39.372.892,84;0,00;0,00;0,00;0,00;39.372.892,84;;;;
SP;3502002;ANALANDIA;6.074.921,24;0,00;0,00;0,00;0,00;6.074.921,24;;;;
SP;3502101;ANDRADINA;39.977.137,98;0,00;0,00;0,00;0,00;39.977.137,98;;;;
SP;3502200;ANGATUBA;29.568.575,45;0,00;0,00;0,00;0,00;29.568.575,45;;;;
SP;3502309;ANHEMBI;8.407.338,44;0,00;0,00;0,00;0,00;8.407.338,44;;;;
SP;3502408;ANHUMAS;3.572.653,90;0,00;0,00;120.186,20;120.186,20;3.692.840,10;;;;
SP;3502507;APARECIDA;36.989.184,95;0,00;0,00;0,00;0,00;36.989.184,95;;;;
SP;3502606;APARECIDA DOESTE;2.977.188,24;0,00;0,00;0,00;0,00;2.977.188,24;;;;
SP;3502705;APIAI;19.430.203,13;0,00;182.742,72;1.215.830,79;1.398.573,51;20.828.776,64;;;;
SP;3502754;ARACARIGUAMA;33.960.044,45;0,00;0,00;0,00;0,00;33.960.044,45;;;;
SP;3502804;ARACATUBA;142.762.736,90;0,00;0,00;0,00;0,00;142.762.736,90;;;;
SP;3502903;ARACOIABA DA SERRA;41.078.556,33;0,00;0,00;0,00;0,00;41.078.556,33;;;;
SP;3503000;ARAMINA;4.128.038,91;0,00;0,00;0,00;0,00;4.128.038,91;;;;
SP;3503109;ARANDU;6.215.094,99;0,00;0,00;226.988,04;226.988,04;6.442.083,03;;;;
SP;3503158;ARAPEI;2.743.490,92;0,00;0,00;92.472,37;92.472,37;2.835.963,29;;;;
SP;3503208;ARARAQUARA;152.565.108,21;0,00;0,00;0,00;0,00;152.565.108,21;;;;
SP;3503307;ARARAS;119.233.547,93;0,00;0,00;0,00;0,00;119.233.547,93;;;;
SP;3503356;ARCO-IRIS;1.660.244,50;0,00;0,00;0,00;0,00;1.660.244,50;;;;
SP;3503406;AREALVA;6.256.333,41;0,00;0,00;436.106,23;436.106,23;6.692.439,64;;;;
SP;3503505;AREIAS;4.207.635,56;0,00;0,00;0,00;0,00;4.207.635,56;;;;
SP;3503604;AREIOPOLIS;13.401.931,38;0,00;0,00;438.311,96;438.311,96;13.840.243,34;;;;
SP;3503703;ARIRANHA;5.654.198,71;0,00;0,00;187.927,52;187.927,52;5.842.126,23;;;;
SP;3503802;ARTUR NOGUEIRA;42.213.836,03;0,00;0,00;0,00;0,00;42.213.836,03;;;;
SP;3503901;ARUJA;80.603.809,06;0,00;0,00;0,00;0,00;80.603.809,06;;;;
SP;3503950;ASPASIA;1.008.399,04;0,00;0,00;0,00;0,00;1.008.399,04;;;;
SP;3504008;ASSIS;83.252.037,09;0,00;0,00;0,00;0,00;83.252.037,09;;;;
SP;3504107;ATIBAIA;136.032.418,85;0,00;0,00;0,00;0,00;136.032.418,85;;;;
SP;3504206;AURIFLAMA;8.604.802,00;0,00;0,00;0,00;0,00;8.604.802,00;;;;
SP;3504305;AVAI;3.495.635,15;0,00;0,00;0,00;0,00;3.495.635,15;;;;
SP;3504404;AVANHANDAVA;9.660.230,95;0,00;0,00;0,00;0,00;9.660.230,95;;;;
SP;3504503;AVARE;66.071.352,17;0,00;0,00;0,00;0,00;66.071.352,17;;;;
SP;3504602;BADY BASSITT;27.159.418,13;0,00;0,00;0,00;0,00;27.159.418,13;;;;
SP;3504701;BALBINOS;1.213.571,16;0,00;0,00;0,00;0,00;1.213.571,16;;;;
SP;3504800;BALSAMO;6.608.510,89;0,00;0,00;0,00;0,00;6.608.510,89;;;;
SP;3504909;BANANAL;9.841.161,27;0,00;0,00;0,00;0,00;9.841.161,27;;;;
SP;3505005;BARAO DE ANTONINA;2.786.367,11;0,00;0,00;0,00;0,00;2.786.367,11;;;;
SP;3505104;BARBOSA;7.114.623,46;0,00;284.130,08;0,00;284.130,08;7.398.753,54;;;;
SP;3505203;BARIRI;28.840.814,32;0,00;0,00;0,00;0,00;28.840.814,32;;;;
SP;3505302;BARRA BONITA;18.843.373,94;0,00;0,00;1.406.883,78;1.406.883,78;20.250.257,72;;;;
SP;3505351;BARRA DO CHAPEU;6.803.598,77;0,00;1.096.607,98;0,00;1.096.607,98;7.900.206,75;;;;
SP;3505401;BARRA DO TURVO;5.613.005,72;0,00;0,00;0,00;0,00;5.613.005,72;;;;
SP;3505500;BARRETOS;118.319.733,62;0,00;0,00;3.713.421,46;3.713.421,46;122.033.155,08;;;;
SP;3505609;BARRINHA;42.063.785,25;0,00;0,00;0,00;0,00;42.063.785,25;;;;
SP;3505708;BARUERI;503.119.607,22;0,00;0,00;0,00;0,00;503.119.607,22;;;;
SP;3505807;BASTOS;17.153.368,52;0,00;4.270.780,54;0,00;4.270.780,54;21.424.149,06;;;;
SP;3505906;BATATAIS;38.736.756,72;0,00;0,00;2.678.087,91;2.678.087,91;41.414.844,63;;;;
SP;3506003;BAURU;188.985.486,83;0,00;0,00;0,00;0,00;188.985.486,83;;;;
SP;3506102;BEBEDOURO;54.008.270,79;0,00;0,00;0,00;0,00;54.008.270,79;;;;
SP;3506201;BENTO DE ABREU;2.292.116,08;0,00;0,00;0,00;0,00;2.292.116,08;;;;
SP;3506300;BERNARDINO DE CAMPOS;8.526.165,89;0,00;0,00;567.239,11;567.239,11;9.093.405,00;;;;
SP;3506359;BERTIOGA;79.627.145,24;0,00;0,00;0,00;0,00;79.627.145,24;;;;
SP;3506409;BILAC;6.092.177,56;0,00;0,00;0,00;0,00;6.092.177,56;;;;
SP;3506508;BIRIGUI;88.565.935,10;0,00;0,00;0,00;0,00;88.565.935,10;;;;
SP;3506607;BIRITIBA MIRIM;22.831.088,27;0,00;0,00;0,00;0,00;22.831.088,27;;;;
SP;3506706;BOA ESPERANCA DO SUL;17.471.103,99;0,00;0,00;0,00;0,00;17.471.103,99;;;;
SP;3506805;BOCAINA;7.656.914,84;0,00;0,00;0,00;0,00;7.656.914,84;;;;
SP;3506904;BOFETE;11.581.644,74;0,00;0,00;0,00;0,00;11.581.644,74;;;;
SP;3507001;BOITUVA;74.728.705,11;0,00;0,00;0,00;0,00;74.728.705,11;;;;
SP;3507100;BOM JESUS DOS PERDOES;20.324.429,82;0,00;0,00;0,00;0,00;20.324.429,82;;;;
SP;3507159;BOM SUCESSO DE ITARARE;4.013.816,34;0,00;0,00;0,00;0,00;4.013.816,34;;;;
SP;3507209;BORA;882.735,92;0,00;0,00;0,00;0,00;882.735,92;;;;
SP;3507308;BORACEIA;5.153.776,95;0,00;0,00;0,00;0,00;5.153.776,95;;;;
SP;3507407;BORBOREMA;8.014.942,21;0,00;0,00;0,00;0,00;8.014.942,21;;;;
SP;3507456;BOREBI;5.542.605,98;0,00;0,00;0,00;0,00;5.542.605,98;;;;
SP;3507506;BOTUCATU;132.339.336,13;0,00;0,00;0,00;0,00;132.339.336,13;;;;
SP;3507605;BRAGANCA PAULISTA;130.972.800,80;0,00;0,00;0,00;0,00;130.972.800,80;;;;
SP;3507704;BRAUNA;5.509.479,34;0,00;0,00;357.756,54;357.756,54;5.867.235,88;;;;
SP;3507753;BREJO ALEGRE;2.931.385,64;0,00;0,00;0,00;0,00;2.931.385,64;;;;
SP;3507803;BRODOWSKY;27.084.491,45;0,00;0,00;1.666.396,77;1.666.396,77;28.750.888,22;;;;
SP;3507902;BROTAS;20.819.582,50;0,00;0,00;0,00;0,00;20.819.582,50;;;;
SP;3508009;BURI;32.161.619,19;0,00;0,00;2.200.332,92;2.200.332,92;34.361.952,11;;;;
SP;3508108;BURITAMA;11.953.329,38;0,00;0,00;0,00;0,00;11.953.329,38;;;;
SP;3508207;BURITIZAL;5.272.209,90;0,00;0,00;0,00;0,00;5.272.209,90;;;;
SP;3508306;CABRALIA PAULISTA;3.466.718,04;0,00;0,00;0,00;0,00;3.466.718,04;;;;
SP;3508405;CABREUVA;48.066.074,79;0,00;0,00;0,00;0,00;48.066.074,79;;;;
SP;3508504;CACAPAVA;70.656.597,30;0,00;0,00;0,00;0,00;70.656.597,30;;;;
SP;3508603;CACHOEIRA PAULISTA;19.005.929,56;0,00;0,00;0,00;0,00;19.005.929,56;;;;
SP;3508702;CACONDE;11.656.110,79;0,00;0,00;0,00;0,00;11.656.110,79;;;;
SP;3508801;CAFELANDIA;12.441.783,46;0,00;0,00;0,00;0,00;12.441.783,46;;;;
SP;3508900;CAIABU;2.813.893,12;0,00;0,00;0,00;0,00;2.813.893,12;;;;
SP;3509007;CAIEIRAS;71.559.891,08;0,00;0,00;0,00;0,00;71.559.891,08;;;;
SP;3509106;CAIUA;2.760.125,20;0,00;0,00;0,00;0,00;2.760.125,20;;;;
SP;3509205;CAJAMAR;130.023.227,56;0,00;0,00;4.260.520,41;4.260.520,41;134.283.747,97;;;;
SP;3509254;CAJATI;27.238.445,72;0,00;0,00;0,00;0,00;27.238.445,72;;;;
SP;3509304;CAJOBI;10.487.895,00;0,00;0,00;0,00;0,00;10.487.895,00;;;;
SP;3509403;CAJURU;20.559.454,94;0,00;0,00;0,00;0,00;20.559.454,94;;;;
SP;3509452;CAMPINA DO MONTE ALEGRE;7.419.331,25;0,00;0,00;0,00;0,00;7.419.331,25;;;;
SP;3509502;CAMPINAS;523.473.152,01;0,00;0,00;0,00;0,00;523.473.152,01;;;;
SP;3509601;CAMPO LIMPO PAULISTA;76.331.168,49;0,00;0,00;0,00;0,00;76.331.168,49;;;;
SP;3509700;CAMPOS DO JORDAO;61.050.487,75;0,00;0,00;0,00;0,00;61.050.487,75;;;;
SP;3509809;CAMPOS NOVOS PAULISTA;4.515.838,94;0,00;0,00;0,00;0,00;4.515.838,94;;;;
SP;3509908;CANANEIA;9.213.260,79;0,00;0,00;0,00;0,00;9.213.260,79;;;;
SP;3509957;CANAS;6.542.862,63;0,00;0,00;0,00;0,00;6.542.862,63;;;;
SP;3510005;CANDIDO MOTA;20.293.007,46;0,00;0,00;0,00;0,00;20.293.007,46;;;;
SP;3510104;CANDIDO RODRIGUES;3.952.618,00;0,00;0,00;0,00;0,00;3.952.618,00;;;;
SP;3510153;CANITAR;8.452.435,35;0,00;0,00;0,00;0,00;8.452.435,35;;;;
SP;3510203;CAPAO BONITO;55.196.894,15;0,00;0,00;0,00;0,00;55.196.894,15;;;;
SP;3510302;CAPELA DO ALTO;28.643.420,47;0,00;0,00;889.035,89;889.035,89;29.532.456,36;;;;
SP;3510401;CAPIVARI;52.140.391,52;0,00;0,00;1.657.521,84;1.657.521,84;53.797.913,36;;;;
SP;3510500;CARAGUATATUBA;169.458.220,70;0,00;0,00;0,00;0,00;169.458.220,70;;;;
SP;3510609;CARAPICUIBA;160.350.429,91;0,00;19.023.619,07;0,00;19.023.619,07;179.374.048,98;;;;
SP;3510708;CARDOSO;9.705.350,72;0,00;0,00;690.909,46;690.909,46;10.396.260,18;;;;
SP;3510807;CASA BRANCA;21.025.619,39;0,00;0,00;0,00;0,00;21.025.619,39;;;;
SP;3510906;CASSIA DOS COQUEIROS;3.549.230,10;0,00;0,00;0,00;0,00;3.549.230,10;;;;
SP;3511003;CASTILHO;17.660.608,08;0,00;0,00;1.238.458,34;1.238.458,34;18.899.066,42;;;;
SP;3511102;CATANDUVA;85.399.757,05;0,00;0,00;2.709.292,03;2.709.292,03;88.109.049,08;;;;
SP;3511201;CATIGUA;4.597.800,81;0,00;0,00;0,00;0,00;4.597.800,81;;;;
SP;3511300;CEDRAL;15.639.558,06;0,00;0,00;0,00;0,00;15.639.558,06;;;;
SP;3511409;CERQUEIRA CESAR;16.659.788,95;0,00;0,00;0,00;0,00;16.659.788,95;;;;
SP;3511508;CERQUILHO;47.410.570,79;0,00;0,00;0,00;0,00;47.410.570,79;;;;
SP;3511607;CESARIO LANGE;26.653.484,00;0,00;0,00;0,00;0,00;26.653.484,00;;;;
SP;3511706;CHARQUEADA;18.726.826,89;0,00;701.016,14;1.260.240,11;1.961.256,25;20.688.083,14;;;;
SP;3557204;CHAVANTES;10.559.112,30;0,00;0,00;0,00;0,00;10.559.112,30;;;;
SP;3511904;CLEMENTINA;7.817.191,42;0,00;0,00;0,00;0,00;7.817.191,42;;;;
SP;3512001;COLINA;21.913.484,31;0,00;0,00;0,00;0,00;21.913.484,31;;;;
SP;3512100;COLOMBIA;12.260.259,61;0,00;0,00;757.424,81;757.424,81;13.017.684,42;;;;
SP;3512209;CONCHAL;28.919.288,22;0,00;0,00;0,00;0,00;28.919.288,22;;;;
SP;3512308;CONCHAS;18.679.397,46;0,00;0,00;0,00;0,00;18.679.397,46;;;;
SP;3512407;CORDEIROPOLIS;27.387.839,97;0,00;0,00;0,00;0,00;27.387.839,97;;;;
SP;3512506;COROADOS;4.280.519,46;0,00;0,00;0,00;0,00;4.280.519,46;;;;
SP;3512605;CORONEL MACEDO;4.266.856,03;0,00;0,00;120.186,20;120.186,20;4.387.042,23;;;;
SP;3512704;CORUMBATAI;5.742.203,77;0,00;0,00;0,00;0,00;5.742.203,77;;;;
SP;3512803;COSMOPOLIS;63.042.625,03;0,00;0,00;0,00;0,00;63.042.625,03;;;;
SP;3512902;COSMORAMA;9.170.424,24;0,00;0,00;0,00;0,00;9.170.424,24;;;;
SP;3513009;COTIA;233.085.470,06;0,00;0,00;0,00;0,00;233.085.470,06;;;;
SP;3513108;CRAVINHOS;28.718.438,91;0,00;0,00;0,00;0,00;28.718.438,91;;;;
SP;3513207;CRISTAIS PAULISTA;12.485.871,95;0,00;411.469,02;0,00;411.469,02;12.897.340,97;;;;
SP;3513306;CRUZALIA;2.266.322,26;0,00;0,00;59.546,80;59.546,80;2.325.869,06;;;;
SP;3513405;CRUZEIRO;51.552.881,15;0,00;0,00;0,00;0,00;51.552.881,15;;;;
SP;3513504;CUBATAO;108.838.338,04;0,00;0,00;0,00;0,00;108.838.338,04;;;;
SP;3513603;CUNHA;12.915.940,82;0,00;0,00;0,00;0,00;12.915.940,82;;;;
SP;3513702;DESCALVADO;30.468.607,02;0,00;0,00;0,00;0,00;30.468.607,02;;;;
SP;3513801;DIADEMA;260.453.276,17;0,00;0,00;0,00;0,00;260.453.276,17;;;;
SP;3513850;DIRCE REIS;1.079.808,24;0,00;0,00;0,00;0,00;1.079.808,24;;;;
SP;3513900;DIVINOLANDIA;10.931.908,69;0,00;0,00;0,00;0,00;10.931.908,69;;;;
SP;3514007;DOBRADA;5.419.541,47;0,00;0,00;160.339,33;160.339,33;5.579.880,80;;;;
SP;3514106;DOIS CORREGOS;23.836.268,19;0,00;0,00;0,00;0,00;23.836.268,19;;;;
SP;3514205;DOLCINOPOLIS;2.288.384,58;0,00;0,00;0,00;0,00;2.288.384,58;;;;
SP;3514304;DOURADO;8.423.994,61;0,00;0,00;0,00;0,00;8.423.994,61;;;;
SP;3514403;DRACENA;31.649.831,80;0,00;0,00;1.054.661,96;1.054.661,96;32.704.493,76;;;;
SP;3514502;DUARTINA;9.187.691,51;0,00;0,00;0,00;0,00;9.187.691,51;;;;
SP;3514601;DUMONT;12.034.044,84;0,00;0,00;0,00;0,00;12.034.044,84;;;;
SP;3514700;ECHAPORA;5.313.807,90;0,00;0,00;193.936,83;193.936,83;5.507.744,73;;;;
SP;3514809;ELDORADO;12.872.988,84;0,00;0,00;831.184,16;831.184,16;13.704.173,00;;;;
SP;3514908;ELIAS FAUSTO;23.266.464,64;0,00;0,00;1.606.089,25;1.606.089,25;24.872.553,89;;;;
SP;3514924;ELISIARIO;3.374.867,95;0,00;0,00;0,00;0,00;3.374.867,95;;;;
SP;3514957;EMBAUBA;2.208.324,48;0,00;0,00;0,00;0,00;2.208.324,48;;;;
SP;3515004;EMBU;198.044.394,56;0,00;0,00;0,00;0,00;198.044.394,56;;;;
SP;3515103;EMBU-GUACU;39.830.793,32;0,00;0,00;0,00;0,00;39.830.793,32;;;;
SP;3515129;EMILIANOPOLIS;4.072.032,21;0,00;0,00;128.380,72;128.380,72;4.200.412,93;;;;
SP;3515152;ENGENHEIRO COELHO;17.915.444,43;0,00;0,00;0,00;0,00;17.915.444,43;;;;
SP;3515186;ESPIRITO SANTO DO PINHAL;18.946.018,02;0,00;0,00;647.230,03;647.230,03;19.593.248,05;;;;
SP;3515194;ESPIRITO SANTO DO TURVO;5.121.998,88;0,00;0,00;338.686,73;338.686,73;5.460.685,61;;;;
SP;3557303;ESTIVA GERBI;15.326.205,70;0,00;0,00;0,00;0,00;15.326.205,70;;;;
SP;3515301;ESTRELA DO NORTE;2.448.285,16;0,00;0,00;90.499,16;90.499,16;2.538.784,32;;;;
SP;3515202;ESTRELA DOESTE;7.151.421,73;0,00;0,00;0,00;0,00;7.151.421,73;;;;
SP;3515350;EUCLIDES DA CUNHA PAULISTA;6.363.905,37;0,00;0,00;217.974,07;217.974,07;6.581.879,44;;;;
SP;3515400;FARTURA;16.277.855,46;0,00;0,00;0,00;0,00;16.277.855,46;;;;
SP;3515608;FERNANDO PRESTES;8.311.405,08;0,00;385.675,67;0,00;385.675,67;8.697.080,75;;;;
SP;3515509;FERNANDOPOLIS;52.300.032,22;0,00;0,00;0,00;0,00;52.300.032,22;;;;
SP;3515657;FERNAO;1.674.215,01;0,00;0,00;105.624,41;105.624,41;1.779.839,42;;;;
SP;3515707;FERRAZ DE VASCONCELOS;153.369.467,71;0,00;2.916.722,68;0,00;2.916.722,68;156.286.190,39;;;;
SP;3515806;FLORA RICA;1.373.910,25;0,00;0,00;0,00;0,00;1.373.910,25;;;;
SP;3515905;FLOREAL;2.323.287,10;0,00;0,00;66.102,41;66.102,41;2.389.389,51;;;;
SP;3516002;FLORIDA PAULISTA;7.463.740,84;0,00;0,00;0,00;0,00;7.463.740,84;;;;
SP;3516101;FLORINIA;1.422.829,51;0,00;0,00;46.708,73;46.708,73;1.469.538,24;;;;
SP;3516200;FRANCA;226.933.405,54;0,00;0,00;0,00;0,00;226.933.405,54;;;;
SP;3516309;FRANCISCO MORATO;175.581.678,14;0,00;19.223.390,31;0,00;19.223.390,31;194.805.068,45;;;;
SP;3516408;FRANCO DA ROCHA;135.074.969,25;0,00;0,00;0,00;0,00;135.074.969,25;;;;
SP;3516507;GABRIEL MONTEIRO;2.991.076,70;0,00;0,00;0,00;0,00;2.991.076,70;;;;
SP;3516606;GALIA;4.587.796,72;0,00;0,00;0,00;0,00;4.587.796,72;;;;
SP;3516705;GARCA;30.989.047,71;0,00;0,00;1.937.595,29;1.937.595,29;32.926.643,00;;;;
SP;3516804;GASTAO VIDIGAL;1.775.413,96;0,00;0,00;62.278,31;62.278,31;1.837.692,27;;;;
SP;3516853;GAVIAO PEIXOTO;9.110.013,41;0,00;0,00;0,00;0,00;9.110.013,41;;;;
SP;3516903;GENERAL SALGADO;9.845.416,78;0,00;0,00;0,00;0,00;9.845.416,78;;;;
SP;3517000;GETULINA;5.494.154,85;0,00;0,00;0,00;0,00;5.494.154,85;;;;
SP;3517109;GLICERIO;4.208.521,47;0,00;0,00;0,00;0,00;4.208.521,47;;;;
SP;3517208;GUAICARA;9.771.121,49;0,00;0,00;0,00;0,00;9.771.121,49;;;;
SP;3517307;GUAIMBE;5.327.831,70;0,00;0,00;335.570,96;335.570,96;5.663.402,66;;;;
SP;3517406;GUAIRA;25.511.315,70;0,00;0,00;0,00;0,00;25.511.315,70;;;;
SP;3517505;GUAPIACU;24.175.920,98;0,00;0,00;0,00;0,00;24.175.920,98;;;;
SP;3517604;GUAPIARA;16.268.627,69;0,00;0,00;0,00;0,00;16.268.627,69;;;;
SP;3517703;GUARA;22.071.387,42;0,00;0,00;0,00;0,00;22.071.387,42;;;;
SP;3517802;GUARACAI;4.165.625,55;0,00;0,00;304.807,58;304.807,58;4.470.433,13;;;;
SP;3517901;GUARACI;13.059.376,77;0,00;0,00;429.511,63;429.511,63;13.488.888,40;;;;
SP;3518008;GUARANI DOESTE;1.945.410,95;0,00;0,00;0,00;0,00;1.945.410,95;;;;
SP;3518107;GUARANTA;4.590.207,37;0,00;0,00;328.610,92;328.610,92;4.918.818,29;;;;
SP;3518206;GUARARAPES;23.443.205,04;0,00;0,00;845.947,00;845.947,00;24.289.152,04;;;;
SP;3518305;GUARAREMA;32.727.981,00;0,00;0,00;1.101.888,98;1.101.888,98;33.829.869,98;;;;
SP;3518404;GUARATINGUETA;93.946.331,20;0,00;0,00;0,00;0,00;93.946.331,20;;;;
SP;3518503;GUAREI;11.508.178,51;0,00;0,00;0,00;0,00;11.508.178,51;;;;
SP;3518602;GUARIBA;46.036.337,35;0,00;0,00;0,00;0,00;46.036.337,35;;;;
SP;3518701;GUARUJA;263.517.679,02;0,00;0,00;0,00;0,00;263.517.679,02;;;;
SP;3518800;GUARULHOS;852.897.286,07;0,00;0,00;0,00;0,00;852.897.286,07;;;;
SP;3518859;GUATAPARA;9.011.648,49;0,00;0,00;0,00;0,00;9.011.648,49;;;;
SP;3518909;GUZOLANDIA;3.153.069,35;0,00;0,00;0,00;0,00;3.153.069,35;;;;
SP;3519006;HERCULANDIA;7.047.341,79;0,00;0,00;0,00;0,00;7.047.341,79;;;;
SP;3519055;HOLAMBRA;21.570.774,13;0,00;0,00;0,00;0,00;21.570.774,13;;;;
SP;3519071;HORTOLANDIA;198.621.939,25;0,00;0,00;0,00;0,00;198.621.939,25;;;;
SP;3519105;IACANGA;12.197.070,99;0,00;0,00;822.072,05;822.072,05;13.019.143,04;;;;
SP;3519204;IACRI;2.521.519,97;0,00;0,00;86.315,55;86.315,55;2.607.835,52;;;;
SP;3519253;IARAS;8.980.486,88;0,00;0,00;0,00;0,00;8.980.486,88;;;;
SP;3519303;IBATE;31.065.989,99;0,00;0,00;0,00;0,00;31.065.989,99;;;;
SP;3519402;IBIRA;13.285.816,57;0,00;0,00;0,00;0,00;13.285.816,57;;;;
SP;3519501;IBIRAREMA;5.597.067,23;0,00;0,00;0,00;0,00;5.597.067,23;;;;
SP;3519600;IBITINGA;41.057.321,66;0,00;0,00;0,00;0,00;41.057.321,66;;;;
SP;3519709;IBIUNA;67.537.141,46;0,00;0,00;0,00;0,00;67.537.141,46;;;;
SP;3519808;ICEM;7.667.227,80;0,00;0,00;515.564,44;515.564,44;8.182.792,24;;;;
SP;3519907;IEPE;5.543.084,99;0,00;0,00;0,00;0,00;5.543.084,99;;;;
SP;3520004;IGARACU DO TIETE;16.707.837,47;0,00;0,00;602.023,63;602.023,63;17.309.861,10;;;;
SP;3520103;IGARAPAVA;24.364.358,19;0,00;0,00;0,00;0,00;24.364.358,19;;;;
SP;3520202;IGARATA;14.749.276,22;0,00;0,00;0,00;0,00;14.749.276,22;;;;
SP;3520301;IGUAPE;22.216.494,03;0,00;0,00;0,00;0,00;22.216.494,03;;;;
SP;3520426;ILHA COMPRIDA;18.739.915,98;0,00;0,00;1.280.420,30;1.280.420,30;20.020.336,28;;;;
SP;3520442;ILHA SOLTEIRA;20.073.240,33;0,00;0,00;0,00;0,00;20.073.240,33;;;;
SP;3520400;ILHABELA;57.293.503,33;0,00;0,00;0,00;0,00;57.293.503,33;;;;
SP;3520509;INDAIATUBA;217.600.051,71;0,00;0,00;0,00;0,00;217.600.051,71;;;;
SP;3520608;INDIANA;3.772.040,12;0,00;0,00;0,00;0,00;3.772.040,12;;;;
SP;3520707;INDIAPORA;3.413.791,36;0,00;0,00;0,00;0,00;3.413.791,36;;;;
SP;3520806;INUBIA PAULISTA;2.676.723,79;0,00;0,00;0,00;0,00;2.676.723,79;;;;
SP;3520905;IPAUSSU;16.833.576,45;0,00;0,00;0,00;0,00;16.833.576,45;;;;
SP;3521002;IPERO;46.124.816,81;0,00;0,00;0,00;0,00;46.124.816,81;;;;
SP;3521101;IPEUNA;7.546.396,18;0,00;0,00;0,00;0,00;7.546.396,18;;;;
SP;3521150;IPIGUA;5.308.327,62;0,00;0,00;0,00;0,00;5.308.327,62;;;;
SP;3521200;IPORANGA;3.845.831,57;0,00;0,00;234.642,88;234.642,88;4.080.474,45;;;;
SP;3521309;IPUA;16.279.671,91;0,00;0,00;1.018.298,53;1.018.298,53;17.297.970,44;;;;
SP;3521408;IRACEMAPOLIS;17.131.748,27;0,00;0,00;0,00;0,00;17.131.748,27;;;;
SP;3521507;IRAPUA;6.704.178,78;0,00;87.099,31;229.719,54;316.818,85;7.020.997,63;;;;
SP;3521606;IRAPURU;3.824.613,44;0,00;0,00;140.672,49;140.672,49;3.965.285,93;;;;
SP;3521705;ITABERA;10.789.017,39;0,00;0,00;304.562,77;304.562,77;11.093.580,16;;;;
SP;3521804;ITAI;21.068.346,71;0,00;0,00;768.918,56;768.918,56;21.837.265,27;;;;
SP;3521903;ITAJOBI;19.086.225,45;0,00;0,00;0,00;0,00;19.086.225,45;;;;
SP;3522000;ITAJU;3.690.055,14;0,00;0,00;0,00;0,00;3.690.055,14;;;;
SP;3522109;ITANHAEM;144.098.290,15;0,00;0,00;0,00;0,00;144.098.290,15;;;;
SP;3522158;ITAOCA;3.660.476,77;0,00;20.648,89;96.695,27;117.344,16;3.777.820,93;;;;
SP;3522208;ITAPECERICA DA SERRA;124.939.546,95;0,00;0,00;0,00;0,00;124.939.546,95;;;;
SP;3522307;ITAPETININGA;123.350.200,93;0,00;0,00;0,00;0,00;123.350.200,93;;;;
SP;3522406;ITAPEVA;116.394.993,76;0,00;0,00;0,00;0,00;116.394.993,76;;;;
SP;3522505;ITAPEVI;216.322.539,03;0,00;0,00;0,00;0,00;216.322.539,03;;;;
SP;3522604;ITAPIRA;44.584.125,38;0,00;0,00;0,00;0,00;44.584.125,38;;;;
SP;3522653;ITAPIRAPUA PAULISTA;3.936.936,20;0,00;0,00;285.251,27;285.251,27;4.222.187,47;;;;
SP;3522703;ITAPOLIS;26.047.798,88;0,00;0,00;0,00;0,00;26.047.798,88;;;;
SP;3522802;ITAPORANGA;11.301.656,65;0,00;0,00;0,00;0,00;11.301.656,65;;;;
SP;3522901;ITAPUI;16.338.959,75;0,00;1.317.970,41;0,00;1.317.970,41;17.656.930,16;;;;
SP;3523008;ITAPURA;3.342.851,21;0,00;0,00;242.898,63;242.898,63;3.585.749,84;;;;
SP;3523107;ITAQUAQUECETUBA;326.670.569,78;0,00;27.614.045,74;23.385.991,97;51.000.037,71;377.670.607,49;;;;
SP;3523206;ITARARE;39.790.731,55;0,00;0,00;0,00;0,00;39.790.731,55;;;;
SP;3523305;ITARIRI;11.521.788,09;0,00;0,00;0,00;0,00;11.521.788,09;;;;
SP;3523404;ITATIBA;121.185.487,72;0,00;0,00;0,00;0,00;121.185.487,72;;;;
SP;3523503;ITATINGA;19.537.873,63;0,00;0,00;1.222.567,95;1.222.567,95;20.760.441,58;;;;
SP;3523602;ITIRAPINA;16.417.435,19;0,00;0,00;0,00;0,00;16.417.435,19;;;;
SP;3523701;ITIRAPUA;5.249.058,09;0,00;0,00;0,00;0,00;5.249.058,09;;;;
SP;3523800;ITOBI;3.011.932,92;0,00;0,00;0,00;0,00;3.011.932,92;;;;
SP;3523909;ITU;136.412.969,47;0,00;0,00;8.959.653,32;8.959.653,32;145.372.622,79;;;;
SP;3524006;ITUPEVA;54.702.938,04;0,00;0,00;0,00;0,00;54.702.938,04;;;;
SP;3524105;ITUVERAVA;35.420.276,13;0,00;0,00;1.087.568,95;1.087.568,95;36.507.845,08;;;;
SP;3524204;JABORANDI;9.988.077,20;0,00;0,00;527.644,35;527.644,35;10.515.721,55;;;;
SP;3524303;JABOTICABAL;49.420.178,72;0,00;0,00;0,00;0,00;49.420.178,72;;;;
SP;3524402;JACAREI;165.656.289,53;0,00;0,00;0,00;0,00;165.656.289,53;;;;
SP;3524501;JACI;7.548.581,67;0,00;656.161,96;243.512,83;899.674,79;8.448.256,46;;;;
SP;3524600;JACUPIRANGA;13.477.958,73;0,00;0,00;0,00;0,00;13.477.958,73;;;;
SP;3524709;JAGUARIUNA;68.743.850,57;0,00;0,00;0,00;0,00;68.743.850,57;;;;
SP;3524808;JALES;30.659.782,20;0,00;0,00;0,00;0,00;30.659.782,20;;;;
SP;3524907;JAMBEIRO;8.372.957,28;0,00;0,00;0,00;0,00;8.372.957,28;;;;
SP;3525003;JANDIRA;83.830.023,60;0,00;0,00;0,00;0,00;83.830.023,60;;;;
SP;3525102;JARDINOPOLIS;48.873.033,46;0,00;0,00;0,00;0,00;48.873.033,46;;;;
SP;3525201;JARINU;37.579.688,91;0,00;0,00;0,00;0,00;37.579.688,91;;;;
SP;3525300;JAU;82.306.617,01;0,00;0,00;0,00;0,00;82.306.617,01;;;;
SP;3525409;JERIQUARA;5.553.805,10;0,00;0,00;199.399,84;199.399,84;5.753.204,94;;;;
SP;3525508;JOANOPOLIS;14.598.633,09;0,00;0,00;0,00;0,00;14.598.633,09;;;;
SP;3525607;JOAO RAMALHO;4.071.405,13;0,00;0,00;0,00;0,00;4.071.405,13;;;;
SP;3525706;JOSE BONIFACIO;25.564.879,30;0,00;0,00;0,00;0,00;25.564.879,30;;;;
SP;3525805;JULIO MESQUITA;4.095.568,67;0,00;0,00;0,00;0,00;4.095.568,67;;;;
SP;3525854;JUMIRIM;4.980.544,18;0,00;0,00;0,00;0,00;4.980.544,18;;;;
SP;3525904;JUNDIAI;256.707.708,58;0,00;0,00;0,00;0,00;256.707.708,58;;;;
SP;3526001;JUNQUEIROPOLIS;19.820.716,90;0,00;0,00;1.124.955,69;1.124.955,69;20.945.672,59;;;;
SP;3526100;JUQUIA;15.451.145,06;0,00;0,00;1.077.693,77;1.077.693,77;16.528.838,83;;;;
SP;3526209;JUQUITIBA;19.636.329,33;0,00;0,00;0,00;0,00;19.636.329,33;;;;
SP;3526308;LAGOINHA;3.459.604,23;0,00;0,00;0,00;0,00;3.459.604,23;;;;
SP;3526407;LARANJAL PAULISTA;30.747.893,90;0,00;0,00;0,00;0,00;30.747.893,90;;;;
SP;3526506;LAVINIA;4.639.083,67;0,00;0,00;0,00;0,00;4.639.083,67;;;;
SP;3526605;LAVRINHAS;7.087.376,02;0,00;0,00;0,00;0,00;7.087.376,02;;;;
SP;3526704;LEME;82.333.376,89;0,00;0,00;0,00;0,00;82.333.376,89;;;;
SP;3526803;LENCOIS PAULISTA;68.533.633,29;0,00;0,00;0,00;0,00;68.533.633,29;;;;
SP;3526902;LIMEIRA;194.162.000,07;0,00;0,00;0,00;0,00;194.162.000,07;;;;
SP;3527009;LINDOIA;9.014.529,49;0,00;0,00;0,00;0,00;9.014.529,49;;;;
SP;3527108;LINS;38.478.775,50;0,00;0,00;0,00;0,00;38.478.775,50;;;;
SP;3527207;LORENA;61.909.847,08;0,00;0,00;0,00;0,00;61.909.847,08;;;;
SP;3527256;LOURDES;2.278.955,82;0,00;0,00;0,00;0,00;2.278.955,82;;;;
SP;3527306;LOUVEIRA;58.920.968,85;0,00;0,00;0,00;0,00;58.920.968,85;;;;
SP;3527405;LUCELIA;15.585.846,75;0,00;0,00;554.632,02;554.632,02;16.140.478,77;;;;
SP;3527504;LUCIANOPOLIS;1.720.268,95;0,00;0,00;0,00;0,00;1.720.268,95;;;;
SP;3527603;LUIS ANTONIO;17.379.610,64;0,00;0,00;0,00;0,00;17.379.610,64;;;;
SP;3527702;LUIZIANIA;5.459.202,35;0,00;0,00;0,00;0,00;5.459.202,35;;;;
SP;3527801;LUPERCIO;3.790.568,92;0,00;0,00;251.137,16;251.137,16;4.041.706,08;;;;
SP;3527900;LUTECIA;2.391.479,27;0,00;0,00;88.773,90;88.773,90;2.480.253,17;;;;
SP;3528007;MACATUBA;15.897.033,34;0,00;0,00;0,00;0,00;15.897.033,34;;;;
SP;3528106;MACAUBAL;4.402.787,49;0,00;0,00;0,00;0,00;4.402.787,49;;;;
SP;3528205;MACEDONIA;3.557.256,19;0,00;0,00;0,00;0,00;3.557.256,19;;;;
SP;3528304;MAGDA;2.831.228,98;0,00;0,00;0,00;0,00;2.831.228,98;;;;
SP;3528403;MAIRINQUE;61.556.562,52;0,00;0,00;0,00;0,00;61.556.562,52;;;;
SP;3528502;MAIRIPORA;67.197.276,06;0,00;0,00;0,00;0,00;67.197.276,06;;;;
SP;3528601;MANDURI;7.324.251,95;0,00;0,00;0,00;0,00;7.324.251,95;;;;
SP;3528700;MARABA PAULISTA;2.614.516,48;0,00;0,00;0,00;0,00;2.614.516,48;;;;
SP;3528809;MARACAI;9.845.005,75;0,00;0,00;0,00;0,00;9.845.005,75;;;;
SP;3528858;MARAPOAMA;3.355.293,48;0,00;0,00;0,00;0,00;3.355.293,48;;;;
SP;3528908;MARIAPOLIS;2.762.176,52;0,00;0,00;176.646,02;176.646,02;2.938.822,54;;;;
SP;3529005;MARILIA;158.084.781,07;0,00;0,00;0,00;0,00;158.084.781,07;;;;
SP;3529104;MARINOPOLIS;1.853.444,69;0,00;0,00;0,00;0,00;1.853.444,69;;;;
SP;3529203;MARTINOPOLIS;17.338.247,57;0,00;0,00;0,00;0,00;17.338.247,57;;;;
SP;3529302;MATAO;45.353.601,28;0,00;0,00;0,00;0,00;45.353.601,28;;;;
SP;3529401;MAUA;150.617.035,27;0,00;0,00;0,00;0,00;150.617.035,27;;;;
SP;3529500;MENDONCA;5.803.248,88;0,00;0,00;0,00;0,00;5.803.248,88;;;;
SP;3529609;MERIDIANO;4.739.785,72;0,00;0,00;0,00;0,00;4.739.785,72;;;;
SP;3529658;MESOPOLIS;1.772.058,57;0,00;0,00;0,00;0,00;1.772.058,57;;;;
SP;3529708;MIGUELOPOLIS;20.906.010,95;0,00;0,00;0,00;0,00;20.906.010,95;;;;
SP;3529807;MINEIROS DO TIETE;8.907.820,20;0,00;0,00;0,00;0,00;8.907.820,20;;;;
SP;3530003;MIRA ESTRELA;2.505.197,27;0,00;0,00;0,00;0,00;2.505.197,27;;;;
SP;3529906;MIRACATU;19.390.703,17;0,00;0,00;0,00;0,00;19.390.703,17;;;;
SP;3530102;MIRANDOPOLIS;12.937.589,90;0,00;0,00;0,00;0,00;12.937.589,90;;;;
SP;3530201;MIRANTE DO PARANAPANEMA;10.938.826,36;0,00;0,00;0,00;0,00;10.938.826,36;;;;
SP;3530300;MIRASSOL;41.758.141,45;0,00;0,00;2.811.051,60;2.811.051,60;44.569.193,05;;;;
SP;3530409;MIRASSOLANDIA;4.602.648,85;0,00;0,00;318.919,36;318.919,36;4.921.568,21;;;;
SP;3530508;MOCOCA;35.191.455,80;0,00;0,00;0,00;0,00;35.191.455,80;;;;
SP;3530607;MOGI DAS CRUZES;394.553.067,48;0,00;0,00;0,00;0,00;394.553.067,48;;;;
SP;3530805;MOGI MIRIM;66.919.537,58;0,00;0,00;0,00;0,00;66.919.537,58;;;;
SP;3530706;MOGI-GUACU;129.402.225,20;0,00;0,00;0,00;0,00;129.402.225,20;;;;
SP;3530904;MOMBUCA;6.114.431,66;0,00;0,00;0,00;0,00;6.114.431,66;;;;
SP;3531001;MONCOES;2.030.382,59;0,00;0,00;0,00;0,00;2.030.382,59;;;;
SP;3531100;MONGAGUA;74.983.531,68;0,00;0,00;0,00;0,00;74.983.531,68;;;;
SP;3531209;MONTE ALEGRE DO SUL;7.855.975,42;0,00;0,00;0,00;0,00;7.855.975,42;;;;
SP;3531308;MONTE ALTO;36.490.202,42;0,00;0,00;1.126.110,74;1.126.110,74;37.616.313,16;;;;
SP;3531407;MONTE APRAZIVEL;21.243.509,96;0,00;0,00;652.701,35;652.701,35;21.896.211,31;;;;
SP;3531506;MONTE AZUL PAULISTA;17.463.138,80;0,00;0,00;0,00;0,00;17.463.138,80;;;;
SP;3531605;MONTE CASTELO;3.408.531,49;0,00;0,00;126.195,52;126.195,52;3.534.727,01;;;;
SP;3531803;MONTE MOR;83.616.376,56;0,00;0,00;0,00;0,00;83.616.376,56;;;;
SP;3531704;MONTEIRO LOBATO;3.952.005,92;0,00;0,00;0,00;0,00;3.952.005,92;;;;
SP;3531902;MORRO AGUDO;30.243.360,84;0,00;0,00;0,00;0,00;30.243.360,84;;;;
SP;3532009;MORUNGABA;14.843.681,78;0,00;0,00;0,00;0,00;14.843.681,78;;;;
SP;3532058;MOTUCA;4.843.662,57;0,00;0,00;0,00;0,00;4.843.662,57;;;;
SP;3532108;MURUTINGA DO SUL;3.438.413,75;0,00;0,00;0,00;0,00;3.438.413,75;;;;
SP;3532157;NANTES;2.323.608,08;0,00;0,00;0,00;0,00;2.323.608,08;;;;
SP;3532207;NARANDIBA;9.370.741,19;0,00;0,00;0,00;0,00;9.370.741,19;;;;
SP;3532306;NATIVIDADE DA SERRA;4.630.990,14;0,00;0,00;0,00;0,00;4.630.990,14;;;;
SP;3532405;NAZARE PAULISTA;14.067.964,63;0,00;0,00;0,00;0,00;14.067.964,63;;;;
SP;3532504;NEVES PAULISTA;6.378.464,06;0,00;0,00;0,00;0,00;6.378.464,06;;;;
SP;3532603;NHANDEARA;5.153.817,70;0,00;0,00;179.733,01;179.733,01;5.333.550,71;;;;
SP;3532702;NIPOA;4.667.772,25;0,00;0,00;169.353,29;169.353,29;4.837.125,54;;;;
SP;3532801;NOVA ALIANCA;7.333.660,98;0,00;0,00;0,00;0,00;7.333.660,98;;;;
SP;3532827;NOVA CAMPINA;12.348.808,10;0,00;0,00;826.108,93;826.108,93;13.174.917,03;;;;
SP;3532843;NOVA CANAA PAULISTA;1.477.231,51;0,00;0,00;0,00;0,00;1.477.231,51;;;;
SP;3532868;NOVA CASTILHO;1.359.575,48;0,00;0,00;0,00;0,00;1.359.575,48;;;;
SP;3532900;NOVA EUROPA;11.322.881,12;0,00;0,00;0,00;0,00;11.322.881,12;;;;
SP;3533007;NOVA GRANADA;14.116.908,23;0,00;0,00;0,00;0,00;14.116.908,23;;;;
SP;3533106;NOVA GUATAPORANGA;1.858.978,38;0,00;0,00;0,00;0,00;1.858.978,38;;;;
SP;3533205;NOVA INDEPENDENCIA;7.240.795,77;0,00;0,00;0,00;0,00;7.240.795,77;;;;
SP;3533304;NOVA LUZITANIA;3.000.834,55;0,00;0,00;84.130,34;84.130,34;3.084.964,89;;;;
SP;3533403;NOVA ODESSA;41.887.666,45;0,00;0,00;0,00;0,00;41.887.666,45;;;;
SP;3533254;NOVAIS;6.988.643,35;0,00;0,00;0,00;0,00;6.988.643,35;;;;
SP;3533502;NOVO HORIZONTE;38.374.783,34;0,00;0,00;0,00;0,00;38.374.783,34;;;;
SP;3533601;NUPORANGA;9.247.066,75;0,00;0,00;0,00;0,00;9.247.066,75;;;;
SP;3533700;OCAUCU;4.331.578,30;0,00;0,00;0,00;0,00;4.331.578,30;;;;
SP;3533809;OLEO;2.311.532,76;0,00;0,00;69.380,22;69.380,22;2.380.912,98;;;;
SP;3533908;OLIMPIA;49.537.520,83;0,00;0,00;0,00;0,00;49.537.520,83;;;;
SP;3534005;ONDA VERDE;4.358.117,15;0,00;0,00;156.515,21;156.515,21;4.514.632,36;;;;
SP;3534104;ORIENTE;5.015.821,77;0,00;0,00;0,00;0,00;5.015.821,77;;;;
SP;3534203;ORINDIUVA;10.310.119,38;0,00;69.614,40;564.146,42;633.760,82;10.943.880,20;;;;
SP;3534302;ORLANDIA;42.796.970,11;0,00;0,00;0,00;0,00;42.796.970,11;;;;
SP;3534401;OSASCO;540.098.413,93;0,00;0,00;0,00;0,00;540.098.413,93;;;;
SP;3534500;OSCAR BRESSANE;2.786.097,03;0,00;0,00;0,00;0,00;2.786.097,03;;;;
SP;3534609;OSVALDO CRUZ;19.315.667,33;0,00;0,00;0,00;0,00;19.315.667,33;;;;
SP;3534708;OURINHOS;75.777.363,47;0,00;0,00;0,00;0,00;75.777.363,47;;;;
SP;3534807;OURO VERDE;10.370.036,63;0,00;0,00;345.922,40;345.922,40;10.715.959,03;;;;
SP;3534757;OUROESTE;11.826.242,08;0,00;0,00;0,00;0,00;11.826.242,08;;;;
SP;3534906;PACAEMBU;6.299.143,40;0,00;0,00;0,00;0,00;6.299.143,40;;;;
SP;3535002;PALESTINA;13.077.237,55;0,00;0,00;886.082,37;886.082,37;13.963.319,92;;;;
SP;3535101;PALMARES PAULISTA;8.148.824,31;0,00;0,00;589.082,47;589.082,47;8.737.906,78;;;;
SP;3535200;PALMEIRA DOESTE;4.807.608,66;0,00;0,00;173.892,83;173.892,83;4.981.501,49;;;;
SP;3535309;PALMITAL;16.338.774,68;0,00;0,00;526.497,52;526.497,52;16.865.272,20;;;;
SP;3535408;PANORAMA;11.926.324,80;0,00;0,00;0,00;0,00;11.926.324,80;;;;
SP;3535507;PARAGUACU PAULISTA;43.098.078,24;0,00;0,00;0,00;0,00;43.098.078,24;;;;
SP;3535606;PARAIBUNA;11.884.131,69;0,00;0,00;0,00;0,00;11.884.131,69;;;;
SP;3535705;PARAISO;6.794.288,52;0,00;0,00;0,00;0,00;6.794.288,52;;;;
SP;3535804;PARANAPANEMA;25.641.873,34;0,00;0,00;0,00;0,00;25.641.873,34;;;;
SP;3535903;PARANAPUA;3.995.864,47;0,00;0,00;0,00;0,00;3.995.864,47;;;;
SP;3536000;PARAPUA;7.611.017,64;0,00;0,00;0,00;0,00;7.611.017,64;;;;
SP;3536109;PARDINHO;9.317.544,37;0,00;0,00;0,00;0,00;9.317.544,37;;;;
SP;3536208;PARIQUERA-ACU;13.706.519,98;0,00;0,00;475.281,81;475.281,81;14.181.801,79;;;;
SP;3536257;PARISI;3.158.644,05;0,00;0,00;189.743,93;189.743,93;3.348.387,98;;;;
SP;3536307;PATROCINIO PAULISTA;12.381.984,03;0,00;0,00;0,00;0,00;12.381.984,03;;;;
SP;3536406;PAULICEIA;7.517.629,72;0,00;0,00;0,00;0,00;7.517.629,72;;;;
SP;3536505;PAULINIA;104.364.608,81;0,00;0,00;0,00;0,00;104.364.608,81;;;;
SP;3536570;PAULISTANIA;2.187.522,59;0,00;0,00;0,00;0,00;2.187.522,59;;;;
SP;3536604;PAULO DE FARIA;7.983.114,35;0,00;0,00;0,00;0,00;7.983.114,35;;;;
SP;3536703;PEDERNEIRAS;36.798.857,95;0,00;0,00;0,00;0,00;36.798.857,95;;;;
SP;3536802;PEDRA BELA;7.537.848,04;0,00;0,00;0,00;0,00;7.537.848,04;;;;
SP;3536901;PEDRANOPOLIS;2.025.266,49;0,00;0,00;0,00;0,00;2.025.266,49;;;;
SP;3537008;PEDREGULHO;12.624.826,88;0,00;0,00;903.194,89;903.194,89;13.528.021,77;;;;
SP;3537107;PEDREIRA;35.206.794,25;0,00;0,00;0,00;0,00;35.206.794,25;;;;
SP;3537156;PEDRINHAS PAULISTA;3.005.665,13;0,00;0,00;170.771,94;170.771,94;3.176.437,07;;;;
SP;3537206;PEDRO DE TOLEDO;8.731.516,94;0,00;0,00;0,00;0,00;8.731.516,94;;;;
SP;3537305;PENAPOLIS;49.636.178,45;0,00;0,00;2.993.555,08;2.993.555,08;52.629.733,53;;;;
SP;3537404;PEREIRA BARRETO;19.470.489,31;0,00;0,00;633.572,51;633.572,51;20.104.061,82;;;;
SP;3537503;PEREIRAS;7.489.058,66;0,00;0,00;0,00;0,00;7.489.058,66;;;;
SP;3537602;PERUIBE;63.747.837,70;0,00;0,00;0,00;0,00;63.747.837,70;;;;
SP;3537701;PIACATU;4.825.228,19;0,00;0,00;0,00;0,00;4.825.228,19;;;;
SP;3537800;PIEDADE;42.735.615,89;0,00;0,00;0,00;0,00;42.735.615,89;;;;
SP;3537909;PILAR DO SUL;27.474.641,65;0,00;0,00;0,00;0,00;27.474.641,65;;;;
SP;3538006;PINDAMONHANGABA;110.215.728,33;0,00;0,00;0,00;0,00;110.215.728,33;;;;
SP;3538105;PINDORAMA;13.574.032,18;0,00;0,00;0,00;0,00;13.574.032,18;;;;
SP;3538204;PINHALZINHO;18.135.382,25;0,00;0,00;0,00;0,00;18.135.382,25;;;;
SP;3538303;PIQUEROBI;2.778.423,69;0,00;0,00;0,00;0,00;2.778.423,69;;;;
SP;3538501;PIQUETE;6.521.301,51;0,00;0,00;485.967,82;485.967,82;7.007.269,33;;;;
SP;3538600;PIRACAIA;27.318.160,32;0,00;0,00;0,00;0,00;27.318.160,32;;;;
SP;3538709;PIRACICABA;284.484.734,58;0,00;0,00;0,00;0,00;284.484.734,58;;;;
SP;3538808;PIRAJU;24.551.335,03;0,00;0,00;0,00;0,00;24.551.335,03;;;;
SP;3538907;PIRAJUI;14.064.197,97;0,00;0,00;498.499,60;498.499,60;14.562.697,57;;;;
SP;3539004;PIRANGI;6.949.796,59;0,00;0,00;257.854,04;257.854,04;7.207.650,63;;;;
SP;3539103;PIRAPORA DO BOM JESUS;28.481.812,96;0,00;0,00;1.878.499,16;1.878.499,16;30.360.312,12;;;;
SP;3539202;PIRAPOZINHO;19.049.102,70;0,00;0,00;682.466,44;682.466,44;19.731.569,14;;;;
SP;3539301;PIRASSUNUNGA;43.654.630,19;0,00;0,00;0,00;0,00;43.654.630,19;;;;
SP;3539400;PIRATININGA;9.658.423,83;0,00;0,00;0,00;0,00;9.658.423,83;;;;
SP;3539509;PITANGUEIRAS;30.939.124,22;0,00;0,00;0,00;0,00;30.939.124,22;;;;
SP;3539608;PLANALTO;3.499.305,19;0,00;0,00;0,00;0,00;3.499.305,19;;;;
SP;3539707;PLATINA;3.074.838,43;0,00;0,00;206.953,91;206.953,91;3.281.792,34;;;;
SP;3539806;POA;103.405.303,41;0,00;0,00;0,00;0,00;103.405.303,41;;;;
SP;3539905;POLONI;3.041.704,91;0,00;0,00;0,00;0,00;3.041.704,91;;;;
SP;3540002;POMPEIA;15.933.304,42;0,00;0,00;1.051.190,70;1.051.190,70;16.984.495,12;;;;
SP;3540101;PONGAI;2.469.974,69;0,00;0,00;0,00;0,00;2.469.974,69;;;;
SP;3540200;PONTAL;35.512.261,63;0,00;0,00;0,00;0,00;35.512.261,63;;;;
SP;3540259;PONTALINDA;4.109.556,83;0,00;0,00;0,00;0,00;4.109.556,83;;;;
SP;3540309;PONTES GESTAL;2.924.724,16;0,00;0,00;168.420,92;168.420,92;3.093.145,08;;;;
SP;3540408;POPULINA;3.797.227,88;0,00;0,00;0,00;0,00;3.797.227,88;;;;
SP;3540507;PORANGABA;8.387.193,69;0,00;0,00;0,00;0,00;8.387.193,69;;;;
SP;3540606;PORTO FELIZ;60.805.927,66;0,00;0,00;0,00;0,00;60.805.927,66;;;;
SP;3540705;PORTO FERREIRA;41.503.767,69;0,00;0,00;0,00;0,00;41.503.767,69;;;;
SP;3540754;POTIM;22.774.811,17;0,00;0,00;0,00;0,00;22.774.811,17;;;;
SP;3540804;POTIRENDABA;21.426.717,37;0,00;0,00;0,00;0,00;21.426.717,37;;;;
SP;3540853;PRACINHA;1.232.541,84;0,00;0,00;0,00;0,00;1.232.541,84;;;;
SP;3540903;PRADOPOLIS;21.430.655,64;0,00;0,00;747.066,52;747.066,52;22.177.722,16;;;;
SP;3541000;PRAIA GRANDE;427.523.633,41;0,00;0,00;0,00;0,00;427.523.633,41;;;;
SP;3541059;PRATANIA;5.656.412,55;0,00;0,00;0,00;0,00;5.656.412,55;;;;
SP;3541109;PRESIDENTE ALVES;1.271.933,63;0,00;0,00;0,00;0,00;1.271.933,63;;;;
SP;3541208;PRESIDENTE BERNARDES;10.620.484,71;0,00;0,00;0,00;0,00;10.620.484,71;;;;
SP;3541307;PRESIDENTE EPITACIO;24.477.458,76;0,00;0,00;833.544,99;833.544,99;25.311.003,75;;;;
SP;3541406;PRESIDENTE PRUDENTE;152.361.209,42;0,00;0,00;0,00;0,00;152.361.209,42;;;;
SP;3541505;PRESIDENTE VENCESLAU;20.882.499,75;0,00;0,00;0,00;0,00;20.882.499,75;;;;
SP;3541604;PROMISSAO;19.606.072,69;0,00;0,00;0,00;0,00;19.606.072,69;;;;
SP;3541653;QUADRA;6.217.625,99;0,00;0,00;0,00;0,00;6.217.625,99;;;;
SP;3541703;QUATA;10.468.505,37;0,00;0,00;0,00;0,00;10.468.505,37;;;;
SP;3541802;QUEIROZ;3.587.045,15;0,00;0,00;0,00;0,00;3.587.045,15;;;;
SP;3541901;QUELUZ;10.581.914,24;0,00;0,00;0,00;0,00;10.581.914,24;;;;
SP;3542008;QUINTANA;8.718.991,81;0,00;842.271,20;0,00;842.271,20;9.561.263,01;;;;
SP;3542107;RAFARD;9.063.571,37;0,00;0,00;0,00;0,00;9.063.571,37;;;;
SP;3542206;RANCHARIA;23.877.579,39;0,00;0,00;0,00;0,00;23.877.579,39;;;;
SP;3542305;REDENCAO DA SERRA;2.851.222,39;0,00;0,00;0,00;0,00;2.851.222,39;;;;
SP;3542404;REGENTE FEIJO;14.697.304,72;0,00;0,00;0,00;0,00;14.697.304,72;;;;
SP;3542503;REGINOPOLIS;4.759.256,92;0,00;0,00;0,00;0,00;4.759.256,92;;;;
SP;3542602;REGISTRO;45.903.358,31;0,00;0,00;0,00;0,00;45.903.358,31;;;;
SP;3542701;RESTINGA;10.279.999,24;0,00;0,00;0,00;0,00;10.279.999,24;;;;
SP;3542800;RIBEIRA;2.885.159,53;0,00;0,00;105.709,23;105.709,23;2.990.868,76;;;;
SP;3542909;RIBEIRAO BONITO;13.289.648,81;0,00;0,00;0,00;0,00;13.289.648,81;;;;
SP;3543006;RIBEIRAO BRANCO;18.223.638,04;0,00;1.438.956,85;0,00;1.438.956,85;19.662.594,89;;;;
SP;3543105;RIBEIRAO CORRENTE;7.535.509,12;0,00;0,00;505.264,99;505.264,99;8.040.774,11;;;;
SP;3543204;RIBEIRAO DO SUL;3.517.652,54;0,00;0,00;0,00;0,00;3.517.652,54;;;;
SP;3543238;RIBEIRAO DOS INDIOS;1.427.089,13;0,00;0,00;45.616,13;45.616,13;1.472.705,26;;;;
SP;3543253;RIBEIRAO GRANDE;6.787.210,79;0,00;0,00;0,00;0,00;6.787.210,79;;;;
SP;3543303;RIBEIRAO PIRES;62.550.486,66;0,00;0,00;0,00;0,00;62.550.486,66;;;;
SP;3543402;RIBEIRAO PRETO;371.824.704,93;0,00;0,00;0,00;0,00;371.824.704,93;;;;
SP;3543600;RIFAINA;3.967.666,94;0,00;0,00;133.297,43;133.297,43;4.100.964,37;;;;
SP;3543709;RINCAO;8.187.895,18;0,00;0,00;253.208,44;253.208,44;8.441.103,62;;;;
SP;3543808;RINOPOLIS;3.951.076,18;0,00;0,00;0,00;0,00;3.951.076,18;;;;
SP;3543907;RIO CLARO;141.964.628,78;0,00;0,00;0,00;0,00;141.964.628,78;;;;
SP;3544004;RIO DAS PEDRAS;34.064.726,51;0,00;0,00;0,00;0,00;34.064.726,51;;;;
SP;3544103;RIO GRANDE DA SERRA;16.719.028,91;0,00;0,00;0,00;0,00;16.719.028,91;;;;
SP;3544202;RIOLANDIA;12.484.474,20;0,00;0,00;0,00;0,00;12.484.474,20;;;;
SP;3543501;RIVERSUL;6.097.277,25;0,00;694.699,79;0,00;694.699,79;6.791.977,04;;;;
SP;3544251;ROSANA;11.981.596,18;0,00;0,00;376.128,19;376.128,19;12.357.724,37;;;;
SP;3544301;ROSEIRA;15.866.913,15;0,00;0,00;0,00;0,00;15.866.913,15;;;;
SP;3544400;RUBIACEA;3.123.281,20;0,00;0,00;105.985,96;105.985,96;3.229.267,16;;;;
SP;3544509;RUBINEIA;3.992.751,25;0,00;0,00;0,00;0,00;3.992.751,25;;;;
SP;3544608;SABINO;4.205.873,44;0,00;0,00;0,00;0,00;4.205.873,44;;;;
SP;3544707;SAGRES;2.571.284,34;0,00;0,00;0,00;0,00;2.571.284,34;;;;
SP;3544806;SALES;4.685.625,28;0,00;0,00;0,00;0,00;4.685.625,28;;;;
SP;3544905;SALES OLIVEIRA;8.250.060,26;0,00;0,00;284.076,49;284.076,49;8.534.136,75;;;;
SP;3545001;SALESOPOLIS;13.030.533,42;0,00;0,00;951.269,24;951.269,24;13.981.802,66;;;;
SP;3545100;SALMOURAO;4.150.759,78;0,00;89.165,67;0,00;89.165,67;4.239.925,45;;;;
SP;3545159;SALTINHO;7.016.780,76;0,00;0,00;528.218,87;528.218,87;7.544.999,63;;;;
SP;3545209;SALTO;82.484.109,70;0,00;0,00;0,00;0,00;82.484.109,70;;;;
SP;3545308;SALTO DE PIRAPORA;35.808.533,28;0,00;0,00;0,00;0,00;35.808.533,28;;;;
SP;3545407;SALTO GRANDE;8.694.218,09;0,00;0,00;0,00;0,00;8.694.218,09;;;;
SP;3545506;SANDOVALINA;5.699.982,08;0,00;0,00;0,00;0,00;5.699.982,08;;;;
SP;3545605;SANTA ADELIA;12.760.229,17;0,00;0,00;0,00;0,00;12.760.229,17;;;;
SP;3545704;SANTA ALBERTINA;5.229.915,06;0,00;0,00;0,00;0,00;5.229.915,06;;;;
SP;3545803;SANTA BARBARA DOESTE;133.993.760,74;0,00;0,00;0,00;0,00;133.993.760,74;;;;
SP;3546009;SANTA BRANCA;16.059.597,51;0,00;0,00;0,00;0,00;16.059.597,51;;;;
SP;3546108;SANTA CLARA DOESTE;3.052.037,53;0,00;0,00;0,00;0,00;3.052.037,53;;;;
SP;3546207;SANTA CRUZ DA CONCEICAO;2.807.622,62;0,00;0,00;0,00;0,00;2.807.622,62;;;;
SP;3546256;SANTA CRUZ DA ESPERANCA;3.022.264,81;0,00;0,00;110.625,94;110.625,94;3.132.890,75;;;;
SP;3546306;SANTA CRUZ DAS PALMEIRAS;20.327.829,71;0,00;0,00;0,00;0,00;20.327.829,71;;;;
SP;3546405;SANTA CRUZ DO RIO PARDO;38.767.968,00;0,00;0,00;0,00;0,00;38.767.968,00;;;;
SP;3546504;SANTA ERNESTINA;5.612.946,22;0,00;69.207,93;0,00;69.207,93;5.682.154,15;;;;
SP;3546603;SANTA FE DO SUL;41.407.674,64;0,00;0,00;0,00;0,00;41.407.674,64;;;;
SP;3546702;SANTA GERTRUDES;31.790.964,97;0,00;0,00;0,00;0,00;31.790.964,97;;;;
SP;3546801;SANTA ISABEL;37.998.515,27;0,00;0,00;0,00;0,00;37.998.515,27;;;;
SP;3546900;SANTA LUCIA;5.655.505,98;0,00;0,00;217.427,77;217.427,77;5.872.933,75;;;;
SP;3547007;SANTA MARIA DA SERRA;6.815.401,67;0,00;0,00;0,00;0,00;6.815.401,67;;;;
SP;3547106;SANTA MERCEDES;3.031.453,30;0,00;0,00;212.997,12;212.997,12;3.244.450,42;;;;
SP;3547502;SANTA RITA DO PASSA QUATRO;17.180.452,83;0,00;0,00;0,00;0,00;17.180.452,83;;;;
SP;3547403;SANTA RITA DOESTE;1.843.069,90;0,00;0,00;0,00;0,00;1.843.069,90;;;;
SP;3547601;SANTA ROSA DE VITERBO;16.499.948,91;0,00;0,00;0,00;0,00;16.499.948,91;;;;
SP;3547650;SANTA SALETE;871.761,21;0,00;0,00;28.953,95;28.953,95;900.715,16;;;;
SP;3547205;SANTANA DA PONTE PENSA;695.524,64;0,00;0,00;0,00;0,00;695.524,64;;;;
SP;3547304;SANTANA DE PARNAIBA;208.299.622,29;0,00;0,00;13.754.830,38;13.754.830,38;222.054.452,67;;;;
SP;3547700;SANTO ANASTACIO;9.272.529,21;0,00;0,00;0,00;0,00;9.272.529,21;;;;
SP;3547809;SANTO ANDRE;347.813.822,82;0,00;0,00;0,00;0,00;347.813.822,82;;;;
SP;3547908;SANTO ANTONIO DA ALEGRIA;9.010.101,02;0,00;0,00;0,00;0,00;9.010.101,02;;;;
SP;3548005;SANTO ANTONIO DE POSSE;33.548.299,94;0,00;0,00;0,00;0,00;33.548.299,94;;;;
SP;3548054;SANTO ANTONIO DO ARACANGUA;10.832.642,37;0,00;0,00;0,00;0,00;10.832.642,37;;;;
SP;3548104;SANTO ANTONIO DO JARDIM;4.555.553,79;0,00;0,00;0,00;0,00;4.555.553,79;;;;
SP;3548203;SANTO ANTONIO DO PINHAL;9.967.485,78;0,00;0,00;0,00;0,00;9.967.485,78;;;;
SP;3548302;SANTO EXPEDITO;2.418.225,33;0,00;0,00;0,00;0,00;2.418.225,33;;;;
SP;3548401;SANTOPOLIS DO AGUAPEI;4.720.737,59;0,00;0,00;0,00;0,00;4.720.737,59;;;;
SP;3548500;SANTOS;284.364.995,46;0,00;0,00;7.059.394,24;7.059.394,24;291.424.389,70;;;;
SP;3548609;SAO BENTO DO SAPUCAI;6.618.411,84;0,00;0,00;483.598,63;483.598,63;7.102.010,47;;;;
SP;3548708;SAO BERNARDO DO CAMPO;581.362.206,37;0,00;0,00;0,00;0,00;581.362.206,37;;;;
SP;3548807;SAO CAETANO DO SUL;151.155.855,21;0,00;0,00;0,00;0,00;151.155.855,21;;;;
SP;3548906;SAO CARLOS;136.200.481,62;0,00;0,00;0,00;0,00;136.200.481,62;;;;
SP;3549003;SAO FRANCISCO;1.028.660,39;0,00;0,00;0,00;0,00;1.028.660,39;;;;
SP;3549102;SAO JOAO DA BOA VISTA;61.086.864,92;0,00;0,00;0,00;0,00;61.086.864,92;;;;
SP;3549201;SAO JOAO DAS DUAS PONTES;1.774.403,39;0,00;0,00;0,00;0,00;1.774.403,39;;;;
SP;3549250;SAO JOAO DE IRACEMA;2.174.216,35;0,00;0,00;118.323,44;118.323,44;2.292.539,79;;;;
SP;3549300;SAO JOAO DO PAU DALHO;1.701.816,25;0,00;0,00;0,00;0,00;1.701.816,25;;;;
SP;3549409;SAO JOAQUIM DA BARRA;23.664.301,32;0,00;0,00;0,00;0,00;23.664.301,32;;;;
SP;3549508;SAO JOSE DA BELA VISTA;6.834.928,13;0,00;0,00;237.367,75;237.367,75;7.072.295,88;;;;
SP;3549607;SAO JOSE DO BARREIRO;5.423.475,26;0,00;0,00;190.659,03;190.659,03;5.614.134,29;;;;
SP;3549706;SAO JOSE DO RIO PARDO;27.200.858,03;0,00;0,00;1.670.330,59;1.670.330,59;28.871.188,62;;;;
SP;3549805;SAO JOSE DO RIO PRETO;307.764.105,99;0,00;0,00;0,00;0,00;307.764.105,99;;;;
SP;3549904;SAO JOSE DOS CAMPOS;628.206.267,22;0,00;0,00;0,00;0,00;628.206.267,22;;;;
SP;3549953;SAO LOURENCO DA SERRA;11.927.568,45;0,00;0,00;0,00;0,00;11.927.568,45;;;;
SP;3550001;SAO LUIS DO PARAITINGA;11.693.144,60;0,00;0,00;416.554,46;416.554,46;12.109.699,06;;;;
SP;3550100;SAO MANUEL;27.925.475,89;0,00;0,00;0,00;0,00;27.925.475,89;;;;
SP;3550209;SAO MIGUEL ARCANJO;25.604.481,05;0,00;0,00;0,00;0,00;25.604.481,05;;;;
SP;3550308;SAO PAULO;8.000.315.619,87;0,00;0,00;0,00;0,00;8.000.315.619,87;;;;
SP;3550407;SAO PEDRO;40.919.097,94;0,00;0,00;0,00;0,00;40.919.097,94;;;;
SP;3550506;SAO PEDRO DO TURVO;7.129.051,47;0,00;0,00;0,00;0,00;7.129.051,47;;;;
SP;3550605;SAO ROQUE;101.769.625,92;0,00;0,00;0,00;0,00;101.769.625,92;;;;
SP;3550704;SAO SEBASTIAO;118.483.881,59;0,00;0,00;0,00;0,00;118.483.881,59;;;;
SP;3550803;SAO SEBASTIAO DA GRAMA;7.421.400,33;0,00;0,00;583.411,96;583.411,96;8.004.812,29;;;;
SP;3550902;SAO SIMAO;7.515.362,22;0,00;0,00;427.903,34;427.903,34;7.943.265,56;;;;
SP;3551009;SAO VICENTE;300.601.566,47;0,00;0,00;0,00;0,00;300.601.566,47;;;;
SP;3551108;SARAPUI;9.355.277,79;0,00;0,00;0,00;0,00;9.355.277,79;;;;
SP;3551207;SARUTAIA;3.823.539,86;0,00;0,00;0,00;0,00;3.823.539,86;;;;
SP;3551306;SEBASTIANOPOLIS DO SUL;3.130.045,15;0,00;0,00;110.625,94;110.625,94;3.240.671,09;;;;
SP;3551405;SERRA AZUL;7.455.566,67;0,00;0,00;0,00;0,00;7.455.566,67;;;;
SP;3551603;SERRA NEGRA;14.673.583,73;0,00;0,00;431.577,74;431.577,74;15.105.161,47;;;;
SP;3551504;SERRANA;50.105.032,06;0,00;0,00;0,00;0,00;50.105.032,06;;;;
SP;3551702;SERTAOZINHO;116.903.218,01;0,00;0,00;0,00;0,00;116.903.218,01;;;;
SP;3551801;SETE BARRAS;12.838.719,42;0,00;0,00;0,00;0,00;12.838.719,42;;;;
SP;3551900;SEVERINIA;18.380.954,45;0,00;0,00;578.604,18;578.604,18;18.959.558,63;;;;
SP;3552007;SILVEIRAS;5.171.177,22;0,00;0,00;0,00;0,00;5.171.177,22;;;;
SP;3552106;SOCORRO;24.456.199,37;0,00;0,00;0,00;0,00;24.456.199,37;;;;
SP;3552205;SOROCABA;478.236.812,99;0,00;0,00;0,00;0,00;478.236.812,99;;;;
SP;3552304;SUD MENNUCCI;10.407.491,12;0,00;0,00;0,00;0,00;10.407.491,12;;;;
SP;3552403;SUMARE;201.477.578,38;0,00;0,00;0,00;0,00;201.477.578,38;;;;
SP;3552551;SUZANAPOLIS;2.943.622,18;0,00;0,00;210.338,27;210.338,27;3.153.960,45;;;;
SP;3552502;SUZANO;211.518.464,01;0,00;0,00;0,00;0,00;211.518.464,01;;;;
SP;3552601;TABAPUA;11.971.939,32;0,00;0,00;0,00;0,00;11.971.939,32;;;;
SP;3552700;TABATINGA;14.146.627,11;0,00;0,00;0,00;0,00;14.146.627,11;;;;
SP;3552809;TABOAO DA SERRA;192.907.406,36;0,00;0,00;0,00;0,00;192.907.406,36;;;;
SP;3552908;TACIBA;6.192.363,98;0,00;0,00;438.011,49;438.011,49;6.630.375,47;;;;
SP;3553005;TAGUAI;14.313.122,67;0,00;0,00;0,00;0,00;14.313.122,67;;;;
SP;3553104;TAIACU;5.249.529,29;0,00;0,00;0,00;0,00;5.249.529,29;;;;
SP;3553203;TAIUVA;5.257.367,12;0,00;0,00;0,00;0,00;5.257.367,12;;;;
SP;3553302;TAMBAU;16.348.143,88;0,00;0,00;493.541,39;493.541,39;16.841.685,27;;;;
SP;3553401;TANABI;20.788.224,13;0,00;0,00;0,00;0,00;20.788.224,13;;;;
SP;3553500;TAPIRAI;9.207.511,90;0,00;732.784,34;0,00;732.784,34;9.940.296,24;;;;
SP;3553609;TAPIRATIBA;14.533.851,14;0,00;1.333.909,53;0,00;1.333.909,53;15.867.760,67;;;;
SP;3553658;TAQUARAL;2.129.571,52;0,00;0,00;64.736,66;64.736,66;2.194.308,18;;;;
SP;3553708;TAQUARITINGA;36.484.055,78;0,00;0,00;2.221.271,51;2.221.271,51;38.705.327,29;;;;
SP;3553807;TAQUARITUBA;20.838.758,91;0,00;0,00;0,00;0,00;20.838.758,91;;;;
SP;3553856;TAQUARIVAI;9.424.218,92;0,00;0,00;336.248,22;336.248,22;9.760.467,14;;;;
SP;3553906;TARABAI;8.648.039,18;0,00;0,00;0,00;0,00;8.648.039,18;;;;
SP;3553955;TARUMA;16.941.732,96;0,00;0,00;1.115.722,39;1.115.722,39;18.057.455,35;;;;
SP;3554003;TATUI;104.802.055,74;0,00;0,00;0,00;0,00;104.802.055,74;;;;
SP;3554102;TAUBATE;330.083.804,68;0,00;0,00;0,00;0,00;330.083.804,68;;;;
SP;3554201;TEJUPA;4.658.757,58;0,00;0,00;295.108,58;295.108,58;4.953.866,16;;;;
SP;3554300;TEODORO SAMPAIO;20.084.195,30;0,00;0,00;0,00;0,00;20.084.195,30;;;;
SP;3554409;TERRA ROXA;8.726.246,01;0,00;0,00;307.840,57;307.840,57;9.034.086,58;;;;
SP;3554508;TIETE;43.333.189,78;0,00;0,00;0,00;0,00;43.333.189,78;;;;
SP;3554607;TIMBURI;2.109.366,10;0,00;0,00;0,00;0,00;2.109.366,10;;;;
SP;3554656;TORRE DE PEDRA;2.289.308,48;0,00;0,00;0,00;0,00;2.289.308,48;;;;
SP;3554706;TORRINHA;5.575.830,72;0,00;0,00;0,00;0,00;5.575.830,72;;;;
SP;3554755;TRABIJU;2.299.519,34;0,00;0,00;0,00;0,00;2.299.519,34;;;;
SP;3554805;TREMEMBE;39.596.887,20;0,00;0,00;0,00;0,00;39.596.887,20;;;;
SP;3554904;TRES FRONTEIRAS;4.704.582,07;0,00;0,00;0,00;0,00;4.704.582,07;;;;
SP;3554953;TUIUTI;9.199.072,19;0,00;1.100.773,40;0,00;1.100.773,40;10.299.845,59;;;;
SP;3555000;TUPA;39.093.424,57;0,00;0,00;0,00;0,00;39.093.424,57;;;;
SP;3555109;TUPI PAULISTA;12.623.987,18;0,00;0,00;940.891,10;940.891,10;13.564.878,28;;;;
SP;3555208;TURIUBA;1.727.170,58;0,00;0,00;48.893,94;48.893,94;1.776.064,52;;;;
SP;3555307;TURMALINA;1.489.509,54;0,00;0,00;0,00;0,00;1.489.509,54;;;;
SP;3555356;UBARANA;7.808.102,56;0,00;0,00;0,00;0,00;7.808.102,56;;;;
SP;3555406;UBATUBA;101.170.568,11;0,00;0,00;0,00;0,00;101.170.568,11;;;;
SP;3555505;UBIRAJARA;4.963.261,79;0,00;0,00;0,00;0,00;4.963.261,79;;;;
SP;3555604;UCHOA;11.709.150,63;0,00;0,00;0,00;0,00;11.709.150,63;;;;
SP;3555703;UNIAO PAULISTA;1.075.540,44;0,00;0,00;0,00;0,00;1.075.540,44;;;;
SP;3555802;URANIA;3.569.779,24;0,00;0,00;0,00;0,00;3.569.779,24;;;;
SP;3555901;URU;1.840.778,18;0,00;0,00;0,00;0,00;1.840.778,18;;;;
SP;3556008;URUPES;14.692.521,04;0,00;0,00;539.851,20;539.851,20;15.232.372,24;;;;
SP;3556107;VALENTIM GENTIL;10.918.536,80;0,00;0,00;0,00;0,00;10.918.536,80;;;;
SP;3556206;VALINHOS;75.258.866,65;0,00;0,00;0,00;0,00;75.258.866,65;;;;
SP;3556305;VALPARAISO;19.402.680,82;0,00;0,00;0,00;0,00;19.402.680,82;;;;
SP;3556354;VARGEM;11.864.735,35;0,00;0,00;0,00;0,00;11.864.735,35;;;;
SP;3556404;VARGEM GRANDE DO SUL;29.567.008,48;0,00;0,00;0,00;0,00;29.567.008,48;;;;
SP;3556453;VARGEM GRANDE PAULISTA;36.449.694,77;0,00;0,00;0,00;0,00;36.449.694,77;;;;
SP;3556503;VARZEA PAULISTA;79.702.762,49;0,00;0,00;0,00;0,00;79.702.762,49;;;;
SP;3556602;VERA CRUZ;6.874.741,88;0,00;0,00;483.390,16;483.390,16;7.358.132,04;;;;
SP;3556701;VINHEDO;94.240.736,91;0,00;0,00;0,00;0,00;94.240.736,91;;;;
SP;3556800;VIRADOURO;18.296.385,97;0,00;0,00;547.424,42;547.424,42;18.843.810,39;;;;
SP;3556909;VISTA ALEGRE DO ALTO;7.498.355,15;0,00;0,00;261.678,15;261.678,15;7.760.033,30;;;;
SP;3556958;VITORIA BRASIL;1.489.850,49;0,00;0,00;0,00;0,00;1.489.850,49;;;;
SP;3557006;VOTORANTIM;95.291.076,69;0,00;0,00;0,00;0,00;95.291.076,69;;;;
SP;3557105;VOTUPORANGA;76.983.953,03;0,00;0,00;2.394.163,84;2.394.163,84;79.378.116,87;;;;
SP;3557154;ZACARIAS;2.045.081,23;0,00;0,00;0,00;0,00;2.045.081,23;;;;
TO;1700251;ABREULANDIA;4.971.971,68;0,00;0,00;231.712,19;231.712,19;5.203.683,87;;;;
TO;1700301;AGUIARNOPOLIS;7.057.129,26;0,00;0,00;200.115,59;200.115,59;7.257.244,85;;;;
TO;1700350;ALIANCA DO TOCANTINS;8.121.445,19;0,00;579.539,15;179.469,36;759.008,51;8.880.453,70;;;;
TO;1700400;ALMAS;10.055.710,77;0,00;0,00;0,00;0,00;10.055.710,77;;;;
TO;1700707;ALVORADA;12.985.409,41;0,00;0,00;0,00;0,00;12.985.409,41;;;;
TO;1701002;ANANAS;14.025.003,32;0,00;1.241.919,75;658.789,67;1.900.709,42;15.925.712,74;;;;
TO;1701051;ANGICO;4.389.158,68;0,00;0,00;113.357,44;113.357,44;4.502.516,12;;;;
TO;1701101;APARECIDA DO RIO NEGRO;9.332.343,96;0,00;0,00;0,00;0,00;9.332.343,96;;;;
TO;1701309;ARAGOMINAS;6.313.106,21;0,00;0,00;146.534,69;146.534,69;6.459.640,90;;;;
TO;1701903;ARAGUACEMA;7.863.045,02;0,00;0,00;0,00;0,00;7.863.045,02;;;;
TO;1702000;ARAGUACU;10.262.909,63;0,00;0,00;0,00;0,00;10.262.909,63;;;;
TO;1702109;ARAGUAINA;196.537.364,83;0,00;0,00;0,00;0,00;196.537.364,83;;;;
TO;1702158;ARAGUANA;6.142.620,31;0,00;0,00;173.177,40;173.177,40;6.315.797,71;;;;
TO;1702208;ARAGUATINS;36.051.417,68;0,00;0,00;1.671.410,30;1.671.410,30;37.722.827,98;;;;
TO;1702307;ARAPOEMA;7.109.159,82;0,00;0,00;0,00;0,00;7.109.159,82;;;;
TO;1702406;ARRAIAS;12.076.029,98;0,00;0,00;0,00;0,00;12.076.029,98;;;;
TO;1702554;AUGUSTINOPOLIS;24.014.522,95;0,00;5.757.539,03;0,00;5.757.539,03;29.772.061,98;;;;
TO;1702703;AURORA DO TOCANTINS;3.858.230,01;0,00;0,00;72.776,69;72.776,69;3.931.006,70;;;;
TO;1702901;AXIXA DO TOCANTINS;25.267.309,45;0,00;795.743,75;999.937,94;1.795.681,69;27.062.991,14;;;;
TO;1703008;BABACULANDIA;10.015.516,54;0,00;0,00;278.613,47;278.613,47;10.294.130,01;;;;
TO;1703057;BANDEIRANTES DO TOCANTINS;6.026.629,16;0,00;0,00;0,00;0,00;6.026.629,16;;;;
TO;1703073;BARRA DO OURO;7.033.842,24;0,00;165.964,82;283.025,41;448.990,23;7.482.832,47;;;;
TO;1703107;BARROLANDIA;5.891.918,73;0,00;0,00;0,00;0,00;5.891.918,73;;;;
TO;1703206;BERNARDO SAYAO;8.562.541,45;0,00;0,00;0,00;0,00;8.562.541,45;;;;
TO;1703305;BOM JESUS DO TOCANTINS;5.938.199,45;0,00;0,00;0,00;0,00;5.938.199,45;;;;
TO;1703602;BRASILANDIA DO TOCANTINS;3.020.400,12;0,00;0,00;0,00;0,00;3.020.400,12;;;;
TO;1703701;BREJINHO DE NAZARE;7.913.285,74;0,00;0,00;0,00;0,00;7.913.285,74;;;;
TO;1703800;BURITI DO TOCANTINS;14.861.485,52;0,00;1.950.010,38;331.030,49;2.281.040,87;17.142.526,39;;;;
TO;1703826;CACHOEIRINHA;2.921.902,76;0,00;0,00;86.315,55;86.315,55;3.008.218,31;;;;
TO;1703842;CAMPOS LINDOS;20.100.834,55;0,00;424.048,04;417.936,97;841.985,01;20.942.819,56;;;;
TO;1703867;CARIRI DO TOCANTINS;7.195.000,38;0,00;0,00;0,00;0,00;7.195.000,38;;;;
TO;1703883;CARMOLANDIA;4.655.212,23;0,00;0,00;142.857,69;142.857,69;4.798.069,92;;;;
TO;1703891;CARRASCO BONITO;7.333.958,69;0,00;783.217,46;293.432,23;1.076.649,69;8.410.608,38;;;;
TO;1703909;CASEARA;8.075.233,07;0,00;0,00;426.977,69;426.977,69;8.502.210,76;;;;
TO;1704105;CENTENARIO;3.510.344,24;0,00;0,00;173.370,85;173.370,85;3.683.715,09;;;;
TO;1705102;CHAPADA DA NATIVIDADE;6.751.881,76;0,00;1.654.145,44;221.437,86;1.875.583,30;8.627.465,06;;;;
TO;1704600;CHAPADA DE AREIA;2.948.591,11;0,00;0,00;151.212,04;151.212,04;3.099.803,15;;;;
TO;1705508;COLINAS DO TOCANTINS;57.818.698,76;0,00;5.522.207,76;2.678.995,99;8.201.203,75;66.019.902,51;;;;
TO;1716703;COLMEIA;7.820.550,42;0,00;0,00;0,00;0,00;7.820.550,42;;;;
TO;1705557;COMBINADO;4.462.404,38;0,00;0,00;101.822,68;101.822,68;4.564.227,06;;;;
TO;1705607;CONCEICAO DO TOCANTINS;7.095.226,32;0,00;0,00;0,00;0,00;7.095.226,32;;;;
TO;1706001;COUTO DE MAGALHAES;11.938.497,99;0,00;2.753.437,56;0,00;2.753.437,56;14.691.935,55;;;;
TO;1706100;CRISTALANDIA;6.206.521,89;0,00;0,00;341.750,63;341.750,63;6.548.272,52;;;;
TO;1706258;CRIXAS DO TOCANTINS;2.739.454,43;0,00;0,00;74.296,93;74.296,93;2.813.751,36;;;;
TO;1706506;DARCINOPOLIS;6.819.846,97;0,00;0,00;0,00;0,00;6.819.846,97;;;;
TO;1707009;DIANOPOLIS;25.472.766,05;0,00;780.078,20;1.288.781,65;2.068.859,85;27.541.625,90;;;;
TO;1707108;DIVINOPOLIS DO TOCANTINS;9.381.981,34;0,00;0,00;0,00;0,00;9.381.981,34;;;;
TO;1707207;DOIS IRMAOS DO TOCANTINS;7.980.736,15;0,00;0,00;0,00;0,00;7.980.736,15;;;;
TO;1707306;DUERE;4.812.837,77;0,00;0,00;261.657,31;261.657,31;5.074.495,08;;;;
TO;1707405;ESPERANTINA;14.750.937,36;0,00;0,00;343.717,67;343.717,67;15.094.655,03;;;;
TO;1707553;FATIMA;4.408.307,00;0,00;0,00;0,00;0,00;4.408.307,00;;;;
TO;1707652;FIGUEIROPOLIS;4.956.341,57;0,00;0,00;0,00;0,00;4.956.341,57;;;;
TO;1707702;FILADELFIA;10.123.349,83;0,00;0,00;226.049,73;226.049,73;10.349.399,56;;;;
TO;1708205;FORMOSO DO ARAGUAIA;21.564.337,11;0,00;0,00;0,00;0,00;21.564.337,11;;;;
TO;1708254;FORTALEZA DO TABOCAO;7.259.072,46;0,00;0,00;167.987,54;167.987,54;7.427.060,00;;;;
TO;1708304;GOIANORTE;6.515.898,26;0,00;0,00;295.269,93;295.269,93;6.811.168,19;;;;
TO;1709005;GOIATINS;23.303.171,18;0,00;0,00;1.008.472,42;1.008.472,42;24.311.643,60;;;;
TO;1709302;GUARAI;20.893.152,78;0,00;0,00;0,00;0,00;20.893.152,78;;;;
TO;1709500;GURUPI;90.661.881,08;0,00;0,00;0,00;0,00;90.661.881,08;;;;
TO;1709807;IPUEIRAS;2.811.025,67;0,00;0,00;153.571,26;153.571,26;2.964.596,93;;;;
TO;1710508;ITACAJA;8.005.798,80;0,00;0,00;0,00;0,00;8.005.798,80;;;;
TO;1710706;ITAGUATINS;10.969.806,82;0,00;0,00;239.552,96;239.552,96;11.209.359,78;;;;
TO;1710904;ITAPIRATINS;5.300.741,23;0,00;0,00;128.380,72;128.380,72;5.429.121,95;;;;
TO;1711100;ITAPORA DO TOCANTINS;3.471.849,51;0,00;0,00;180.628,21;180.628,21;3.652.477,72;;;;
TO;1711506;JAU DO TOCANTINS;5.881.206,38;0,00;0,00;0,00;0,00;5.881.206,38;;;;
TO;1711803;JUARINA;5.387.282,61;0,00;494.308,81;240.356,73;734.665,54;6.121.948,15;;;;
TO;1711902;LAGOA DA CONFUSAO;21.840.407,71;0,00;0,00;0,00;0,00;21.840.407,71;;;;
TO;1711951;LAGOA DO TOCANTINS;7.742.740,85;0,00;271.611,10;188.473,82;460.084,92;8.202.825,77;;;;
TO;1712009;LAJEADO;8.732.540,52;0,00;26.623,99;0,00;26.623,99;8.759.164,51;;;;
TO;1712157;LAVANDEIRA;2.497.816,45;0,00;0,00;0,00;0,00;2.497.816,45;;;;
TO;1712405;LIZARDA;3.590.477,89;0,00;0,00;155.588,90;155.588,90;3.746.066,79;;;;
TO;1712454;LUZINOPOLIS;4.430.818,04;0,00;0,00;234.095,59;234.095,59;4.664.913,63;;;;
TO;1712504;MARIANOPOLIS DO TOCANTINS;10.081.611,84;0,00;0,00;0,00;0,00;10.081.611,84;;;;
TO;1712702;MATEIROS;3.171.013,48;0,00;0,00;0,00;0,00;3.171.013,48;;;;
TO;1712801;MAURILANDIA DO TOCANTINS;7.035.139,52;0,00;0,00;319.568,12;319.568,12;7.354.707,64;;;;
TO;1713205;MIRACEMA DO TOCANTINS;17.211.166,77;0,00;0,00;833.703,87;833.703,87;18.044.870,64;;;;
TO;1713304;MIRANORTE;16.056.342,57;0,00;0,00;362.470,67;362.470,67;16.418.813,24;;;;
TO;1713601;MONTE DO CARMO;9.467.550,77;0,00;0,00;230.265,84;230.265,84;9.697.816,61;;;;
TO;1713700;MONTE SANTO DO TOCANTINS;3.789.751,30;0,00;0,00;219.580,34;219.580,34;4.009.331,64;;;;
TO;1713957;MURICILANDIA;4.686.633,23;0,00;0,00;101.611,97;101.611,97;4.788.245,20;;;;
TO;1714203;NATIVIDADE;11.580.151,28;0,00;561.288,87;0,00;561.288,87;12.141.440,15;;;;
TO;1714302;NAZARE;5.967.797,60;0,00;86.785,79;292.374,78;379.160,57;6.346.958,17;;;;
TO;1714880;NOVA OLINDA;17.364.053,54;0,00;1.456.282,46;0,00;1.456.282,46;18.820.336,00;;;;
TO;1715002;NOVA ROSALANDIA;3.115.541,01;0,00;0,00;99.153,62;99.153,62;3.214.694,63;;;;
TO;1715101;NOVO ACORDO;6.126.308,84;0,00;0,00;161.158,78;161.158,78;6.287.467,62;;;;
TO;1715150;NOVO ALEGRE;1.130.197,51;0,00;0,00;36.602,17;36.602,17;1.166.799,68;;;;
TO;1715259;NOVO JARDIM;2.577.604,60;0,00;0,00;0,00;0,00;2.577.604,60;;;;
TO;1715507;OLIVEIRA DE FATIMA;3.087.787,03;0,00;0,00;75.662,68;75.662,68;3.163.449,71;;;;
TO;1721000;PALMAS;440.785.205,78;0,00;0,00;0,00;0,00;440.785.205,78;;;;
TO;1715705;PALMEIRANTE;6.849.199,42;0,00;0,00;135.970,21;135.970,21;6.985.169,63;;;;
TO;1713809;PALMEIRAS DO TOCANTINS;7.251.896,60;0,00;0,00;168.260,69;168.260,69;7.420.157,29;;;;
TO;1715754;PALMEIROPOLIS;10.601.065,68;0,00;21.698,61;503.306,09;525.004,70;11.126.070,38;;;;
TO;1716109;PARAISO DO TOCANTINS;54.974.895,53;0,00;287.678,41;0,00;287.678,41;55.262.573,94;;;;
TO;1716208;PARANA;18.217.630,06;0,00;753.447,51;709.868,67;1.463.316,18;19.680.946,24;;;;
TO;1716307;PAU DARCO;6.272.615,53;0,00;0,00;0,00;0,00;6.272.615,53;;;;
TO;1716505;PEDRO AFONSO;19.470.224,04;0,00;0,00;1.007.294,47;1.007.294,47;20.477.518,51;;;;
TO;1716604;PEIXE;10.533.277,24;0,00;0,00;0,00;0,00;10.533.277,24;;;;
TO;1716653;PEQUIZEIRO;10.049.286,03;0,00;81.150,58;199.419,99;280.570,57;10.329.856,60;;;;
TO;1717008;PINDORAMA DO TOCANTINS;4.941.673,17;0,00;0,00;154.603,16;154.603,16;5.096.276,33;;;;
TO;1717206;PIRAQUE;4.179.045,87;0,00;0,00;0,00;0,00;4.179.045,87;;;;
TO;1717503;PIUM;10.771.842,54;0,00;0,00;0,00;0,00;10.771.842,54;;;;
TO;1717800;PONTE ALTA DO BOM JESUS;4.294.275,75;0,00;0,00;187.601,39;187.601,39;4.481.877,14;;;;
TO;1717909;PONTE ALTA DO TOCANTINS;8.390.093,79;0,00;0,00;0,00;0,00;8.390.093,79;;;;
TO;1718006;PORTO ALEGRE DO TOCANTINS;3.693.337,73;0,00;0,00;206.756,20;206.756,20;3.900.093,93;;;;
TO;1718204;PORTO NACIONAL;77.614.235,67;0,00;0,00;0,00;0,00;77.614.235,67;;;;
TO;1718303;PRAIA NORTE;20.136.015,73;0,00;2.804.828,91;0,00;2.804.828,91;22.940.844,64;;;;
TO;1718402;PRESIDENTE KENNEDY;3.492.044,38;0,00;0,00;167.354,01;167.354,01;3.659.398,39;;;;
TO;1718451;PUGMIL;3.944.648,21;0,00;0,00;0,00;0,00;3.944.648,21;;;;
TO;1718501;RECURSOLANDIA;6.623.880,54;0,00;0,00;0,00;0,00;6.623.880,54;;;;
TO;1718550;RIACHINHO;7.728.436,42;0,00;0,00;166.729,85;166.729,85;7.895.166,27;;;;
TO;1718659;RIO DA CONCEICAO;2.993.300,90;0,00;0,00;173.768,17;173.768,17;3.167.069,07;;;;
TO;1718709;RIO DOS BOIS;3.332.584,12;0,00;0,00;193.764,81;193.764,81;3.526.348,93;;;;
TO;1718758;RIO SONO;7.290.918,06;0,00;0,00;176.946,34;176.946,34;7.467.864,40;;;;
TO;1718808;SAMPAIO;7.870.639,90;0,00;489.922,39;197.760,94;687.683,33;8.558.323,23;;;;
TO;1718840;SANDOLANDIA;3.410.448,72;0,00;0,00;0,00;0,00;3.410.448,72;;;;
TO;1718865;SANTA FE DO ARAGUAIA;9.728.605,82;0,00;900.790,80;245.015,97;1.145.806,77;10.874.412,59;;;;
TO;1718881;SANTA MARIA DO TOCANTINS;3.959.555,76;0,00;0,00;109.806,49;109.806,49;4.069.362,25;;;;
TO;1718899;SANTA RITA DO TOCANTINS;3.439.551,33;0,00;0,00;0,00;0,00;3.439.551,33;;;;
TO;1718907;SANTA ROSA DO TOCANTINS;10.845.245,00;0,00;1.503.123,81;0,00;1.503.123,81;12.348.368,81;;;;
TO;1719004;SANTA TEREZA DO TOCANTINS;4.424.529,03;0,00;0,00;0,00;0,00;4.424.529,03;;;;
TO;1720002;SANTA TEREZINHA DO TOCANTINS;4.880.621,59;0,00;0,00;111.445,39;111.445,39;4.992.066,98;;;;
TO;1720101;SAO BENTO DO TOCANTINS;13.235.973,53;0,00;3.996.517,93;320.678,65;4.317.196,58;17.553.170,11;;;;
TO;1720150;SAO FELIX DO TOCANTINS;2.793.051,72;0,00;57.161,81;57.634,75;114.796,56;2.907.848,28;;;;
TO;1720200;SAO MIGUEL DO TOCANTINS;27.293.516,80;0,00;4.279.147,79;568.353,66;4.847.501,45;32.141.018,25;;;;
TO;1720259;SAO SALVADOR DO TOCANTINS;4.253.172,03;0,00;0,00;80.880,58;80.880,58;4.334.052,61;;;;
TO;1720309;SAO SEBASTIAO DO TOCANTINS;9.453.482,80;0,00;1.791.150,88;381.762,58;2.172.913,46;11.626.396,26;;;;
TO;1720499;SAO VALERIO;7.898.109,96;0,00;844.793,66;182.464,51;1.027.258,17;8.925.368,13;;;;
TO;1720655;SILVANOPOLIS;6.978.294,35;0,00;0,00;0,00;0,00;6.978.294,35;;;;
TO;1720804;SITIO NOVO DO TOCANTINS;26.514.529,43;0,00;5.375.002,06;973.190,78;6.348.192,84;32.862.722,27;;;;
TO;1720853;SUCUPIRA;1.572.764,31;0,00;0,00;98.939,54;98.939,54;1.671.703,85;;;;
TO;1720903;TAGUATINGA;18.178.375,68;0,00;0,00;0,00;0,00;18.178.375,68;;;;
TO;1720937;TAIPAS DO TOCANTINS;2.392.825,14;0,00;0,00;152.632,62;152.632,62;2.545.457,76;;;;
TO;1720978;TALISMA;4.442.627,35;0,00;0,00;118.001,00;118.001,00;4.560.628,35;;;;
TO;1721109;TOCANTINIA;15.183.282,37;0,00;3.243.792,92;0,00;3.243.792,92;18.427.075,29;;;;
TO;1721208;TOCANTINOPOLIS;26.928.302,85;0,00;947.223,18;1.421.762,82;2.368.986,00;29.297.288,85;;;;
TO;1721257;TUPIRAMA;2.289.526,29;0,00;0,00;0,00;0,00;2.289.526,29;;;;
TO;1721307;TUPIRATINS;2.408.167,09;0,00;0,00;0,00;0,00;2.408.167,09;;;;
TO;1722081;WANDERLANDIA;14.247.543,74;0,00;1.411.210,92;668.173,43;2.079.384,35;16.326.928,09;;;;
TO;1722107;XAMBIOA;14.998.460,34;0,00;0,00;397.473,13;397.473,13;15.395.933,47;;;;
