AC;1200013;ACRELANDIA;17.121.417,52;0,00;1.780.378,74;0,00;1.780.378,74;18.901.796,26;;;;
AC;1200054;ASSIS BRASIL;11.167.755,31;0,00;1.480.455,48;0,00;1.480.455,48;12.648.210,79;;;;
AC;1200104;BRASILEIA;26.638.263,91;0,00;2.848.958,96;411.499,55;3.260.458,51;29.898.722,42;;;;
AC;1200138;BUJARI;13.110.483,16;0,00;761.243,11;219.589,61;980.832,72;14.091.315,88;;;;
AC;1200179;CAPIXABA;16.658.816,69;0,00;37.333,57;610.655,48;647.989,05;17.306.805,74;;;;
AC;1200203;CRUZEIRO DO SUL;99.984.860,51;0,00;13.822.691,52;0,00;13.822.691,52;113.807.552,03;;;;
AC;1200252;EPITACIOLANDIA;20.644.810,35;0,00;2.771.795,60;706.954,64;3.478.750,24;24.123.560,59;;;;
AC;1200302;FEIJO;33.579.566,76;0,00;0,00;810.934,54;810.934,54;34.390.501,30;;;;
AC;1200328;JORDAO;27.038.263,46;0,00;7.762.924,30;0,00;7.762.924,30;34.801.187,76;;;;
AC;1200336;MANCIO LIMA;26.393.245,33;0,00;4.571.912,53;792.638,42;5.364.550,95;31.757.796,28;;;;
AC;1200344;MANOEL URBANO;19.165.217,08;0,00;2.519.763,37;0,00;2.519.763,37;21.684.980,45;;;;
AC;1200351;MARECHAL THAUMATURGO;43.671.883,02;0,00;5.081.342,66;633.516,57;5.714.859,23;49.386.742,25;;;;
AC;1200385;PLACIDO DE CASTRO;17.726.281,30;0,00;1.543.938,46;554.644,01;2.098.582,47;19.824.863,77;;;;
AC;1200807;PORTO ACRE;19.873.547,43;0,00;657.792,18;0,00;657.792,18;20.531.339,61;;;;
AC;1200393;PORTO WALTER;28.598.897,07;0,00;2.550.597,24;432.223,07;2.982.820,31;31.581.717,38;;;;
AC;1200401;RIO BRANCO;192.803.981,42;0,00;0,00;5.686.613,67;5.686.613,67;198.490.595,09;;;;
AC;1200427;RODRIGUES ALVES;37.759.631,50;0,00;10.829.026,81;655.725,51;11.484.752,32;49.244.383,82;;;;
AC;1200435;SANTA ROSA DO PURUS;18.995.783,40;0,00;757.209,79;569.280,90;1.326.490,69;20.322.274,09;;;;
AC;1200500;SENA MADUREIRA;45.918.923,32;0,00;6.990.244,79;1.384.128,27;8.374.373,06;54.293.296,38;;;;
AC;1200450;SENADOR GUIOMARD;17.938.283,50;0,00;479.011,45;621.922,99;1.100.934,44;19.039.217,94;;;;
AC;1200609;TARAUACA;59.891.896,46;0,00;9.700.041,46;1.037.226,68;10.737.268,14;70.629.164,60;;;;
AC;1200708;XAPURI;12.330.197,48;0,00;1.899.948,12;394.833,78;2.294.781,90;14.624.979,38;;;;
AL;2700102;AGUA BRANCA;30.835.753,38;5.923.925,25;15.264.578,73;628.480,61;21.816.984,59;52.652.737,97;;;;
AL;2700201;ANADIA;17.143.415,44;3.293.459,71;6.005.026,48;376.646,36;9.675.132,55;26.818.547,99;;;;
AL;2700300;ARAPIRACA;166.158.669,17;31.921.111,94;36.653.338,19;7.459.670,24;76.034.120,37;242.192.789,54;;;;
AL;2700409;ATALAIA;50.807.096,26;9.760.664,40;14.162.010,74;1.235.223,25;25.157.898,39;75.964.994,65;;;;
AL;2700508;BARRA DE SANTO ANTONIO;19.741.786,73;3.792.638,61;6.268.824,50;0,00;10.061.463,11;29.803.249,84;;;;
AL;2700607;BARRA DE SAO MIGUEL;11.016.707,42;2.116.444,19;0,00;588.627,68;2.705.071,87;13.721.779,29;;;;
AL;2700706;BATALHA;25.427.020,17;4.884.841,47;9.780.957,11;0,00;14.665.798,58;40.092.818,75;;;;
AL;2700805;BELEM;10.525.179,96;2.022.015,76;4.619.927,83;247.885,18;6.889.828,77;17.415.008,73;;;;
AL;2700904;BELO MONTE;11.172.719,93;2.146.416,10;6.711.705,72;257.631,04;9.115.752,86;20.288.472,79;;;;
AL;2701001;BOCA DA MATA;28.789.561,58;5.530.826,78;4.201.200,47;857.236,39;10.589.263,64;39.378.825,22;;;;
AL;2701100;BRANQUINHA;20.492.380,36;3.936.836,83;13.345.316,74;378.385,39;17.660.538,96;38.152.919,32;;;;
AL;2701209;CACIMBINHAS;18.867.734,74;3.624.722,54;8.135.374,92;0,00;11.760.097,46;30.627.832,20;;;;
AL;2701308;CAJUEIRO;24.353.789,26;4.678.660,69;7.877.531,59;0,00;12.556.192,28;36.909.981,54;;;;
AL;2701357;CAMPESTRE;9.839.505,64;1.890.289,34;6.176.791,14;209.409,00;8.276.489,48;18.115.995,12;;;;
AL;2701407;CAMPO ALEGRE;58.602.112,36;11.258.182,30;23.451.185,09;1.357.100,74;36.066.468,13;94.668.580,49;;;;
AL;2701506;CAMPO GRANDE;15.882.205,92;3.051.165,94;12.316.182,71;0,00;15.367.348,65;31.249.554,57;;;;
AL;2701605;CANAPI;35.713.000,02;6.860.903,96;13.125.994,15;0,00;19.986.898,11;55.699.898,13;;;;
AL;2701704;CAPELA;22.859.428,94;4.391.575,80;9.238.499,38;0,00;13.630.075,18;36.489.504,12;;;;
AL;2701803;CARNEIROS;14.490.967,67;2.783.892,07;6.317.177,21;0,00;9.101.069,28;23.592.036,95;;;;
AL;2701902;CHA PRETA;7.932.568,74;1.523.943,44;2.513.947,67;0,00;4.037.891,11;11.970.459,85;;;;
AL;2702009;COITE DO NOIA;14.396.498,29;2.765.743,35;6.767.255,05;306.577,67;9.839.576,07;24.236.074,36;;;;
AL;2702108;COLONIA LEOPOLDINA;21.700.817,15;4.168.992,31;8.224.836,33;0,00;12.393.828,64;34.094.645,79;;;;
AL;2702207;COQUEIRO SECO;6.841.679,39;1.314.370,26;0,00;343.351,05;1.657.721,31;8.499.400,70;;;;
AL;2702306;CORURIPE;71.637.198,97;13.762.381,82;19.426.442,85;0,00;33.188.824,67;104.826.023,64;;;;
AL;2702355;CRAIBAS;37.918.815,99;7.284.668,18;19.108.617,06;1.823.923,39;28.217.208,63;66.136.024,62;;;;
AL;2702405;DELMIRO GOUVEIA;51.638.136,75;9.920.317,44;16.499.902,65;0,00;26.420.220,09;78.058.356,84;;;;
AL;2702504;DOIS RIACHOS;19.808.539,76;3.805.462,68;9.697.121,02;0,00;13.502.583,70;33.311.123,46;;;;
AL;2702553;ESTRELA DE ALAGOAS;18.273.939,74;3.510.647,25;5.581.999,10;0,00;9.092.646,35;27.366.586,09;;;;
AL;2702603;FEIRA GRANDE;27.509.716,31;5.284.952,86;7.409.339,96;0,00;12.694.292,82;40.204.009,13;;;;
AL;2702702;FELIZ DESERTO;6.029.593,55;1.158.358,64;1.637.212,41;129.195,93;2.924.766,98;8.954.360,53;;;;
AL;2702801;FLEXEIRAS;14.689.960,32;2.822.120,99;4.358.005,36;0,00;7.180.126,35;21.870.086,67;;;;
AL;2702900;GIRAU DO PONCIANO;78.824.346,62;15.143.120,75;32.516.049,31;0,00;47.659.170,06;126.483.516,68;;;;
AL;2703007;IBATEGUARA;16.476.039,83;3.165.248,70;6.820.054,96;0,00;9.985.303,66;26.461.343,49;;;;
AL;2703106;IGACI;24.398.888,75;4.687.324,85;9.090.934,42;1.164.538,66;14.942.797,93;39.341.686,68;;;;
AL;2703205;IGREJA NOVA;29.889.059,60;5.742.053,80;10.760.359,54;703.549,02;17.205.962,36;47.095.021,96;;;;
AL;2703304;INHAPI;28.673.102,54;5.508.453,58;15.943.720,95;0,00;21.452.174,53;50.125.277,07;;;;
AL;2703403;JACARE DOS HOMENS;12.217.971,22;2.347.221,66;5.646.120,08;557.506,17;8.550.847,91;20.768.819,13;;;;
AL;2703502;JACUIPE;10.293.688,84;1.977.543,48;314.893,70;284.622,33;2.577.059,51;12.870.748,35;;;;
AL;2703601;JAPARATINGA;12.007.068,34;2.306.704,64;3.806.055,67;542.289,60;6.655.049,91;18.662.118,25;;;;
AL;2703700;JARAMATAIA;8.206.475,62;1.576.564,30;4.310.109,17;0,00;5.886.673,47;14.093.149,09;;;;
AL;2703759;JEQUIA DA PRAIA;13.994.368,14;2.688.489,22;2.950.447,26;0,00;5.638.936,48;19.633.304,62;;;;
AL;2703809;JOAQUIM GOMES;18.831.883,55;3.617.835,08;4.459.701,38;0,00;8.077.536,46;26.909.420,01;;;;
AL;2703908;JUNDIA;9.744.614,89;1.872.059,66;5.741.609,08;218.321,56;7.831.990,30;17.576.605,19;;;;
AL;2704005;JUNQUEIRO;29.078.943,12;5.586.420,51;8.840.269,71;697.462,39;15.124.152,61;44.203.095,73;;;;
AL;2704104;LAGOA DA CANOA;36.012.545,69;6.918.450,34;28.598.775,88;2.030.651,38;37.547.877,60;73.560.423,29;;;;
AL;2704203;LIMOEIRO DE ANADIA;39.943.139,67;7.673.565,51;18.775.531,64;1.815.010,83;28.264.107,98;68.207.247,65;;;;
AL;2704302;MACEIO;284.157.939,91;54.590.214,60;0,00;0,00;54.590.214,60;338.748.154,51;;;;
AL;2704401;MAJOR ISIDORO;27.869.431,36;5.354.058,52;8.441.174,47;1.335.906,23;15.131.139,22;43.000.570,58;;;;
AL;2704906;MAR VERMELHO;4.007.537,04;769.896,86;643.252,23;0,00;1.413.149,09;5.420.686,13;;;;
AL;2704500;MARAGOGI;39.358.731,71;7.561.293,59;11.268.332,71;1.862.906,80;20.692.533,10;60.051.264,81;;;;
AL;2704609;MARAVILHA;19.222.105,55;3.692.801,50;11.179.134,50;0,00;14.871.936,00;34.094.041,55;;;;
AL;2704708;MARECHAL DEODORO;65.399.353,72;12.564.015,47;16.979.281,91;0,00;29.543.297,38;94.942.651,10;;;;
AL;2704807;MARIBONDO;11.624.806,63;2.233.267,49;4.759.830,79;247.414,20;7.240.512,48;18.865.319,11;;;;
AL;2705002;MATA GRANDE;33.068.256,66;6.352.816,42;20.328.536,00;0,00;26.681.352,42;59.749.609,08;;;;
AL;2705101;MATRIZ DE CAMARAGIBE;29.452.016,18;5.658.092,41;8.933.447,05;638.516,30;15.230.055,76;44.682.071,94;;;;
AL;2705200;MESSIAS;19.056.708,10;3.661.026,63;5.214.262,60;435.882,29;9.311.171,52;28.367.879,62;;;;
AL;2705309;MINADOR DO NEGRAO;9.428.424,33;1.811.315,59;4.889.309,88;177.961,42;6.878.586,89;16.307.011,22;;;;
AL;2705408;MONTEIROPOLIS;11.916.584,50;2.289.321,58;7.193.256,24;0,00;9.482.577,82;21.399.162,32;;;;
AL;2705507;MURICI;38.707.604,42;7.436.204,08;21.738.360,15;2.031.557,13;31.206.121,36;69.913.725,78;;;;
AL;2705606;NOVO LINO;22.836.036,36;4.387.081,80;16.590.635,27;498.596,30;21.476.313,37;44.312.349,73;;;;
AL;2705705;OLHO DAGUA DAS FLORES;24.579.300,46;4.721.984,15;13.091.656,48;1.236.346,38;19.049.987,01;43.629.287,47;;;;
AL;2705804;OLHO DAGUA DO CASADO;11.025.514,15;2.118.136,08;4.158.626,69;0,00;6.276.762,77;17.302.276,92;;;;
AL;2705903;OLHO DAGUA GRANDE;9.810.930,19;1.884.799,64;4.562.360,78;302.664,84;6.749.825,26;16.560.755,45;;;;
AL;2706000;OLIVENCA;17.360.223,58;3.335.111,21;8.238.659,54;0,00;11.573.770,75;28.933.994,33;;;;
AL;2706109;OURO BRANCO;18.228.468,75;3.501.911,72;10.098.938,69;0,00;13.600.850,41;31.829.319,16;;;;
AL;2706208;PALESTINA;6.667.710,15;1.280.948,64;2.355.126,82;142.130,02;3.778.205,48;10.445.915,63;;;;
AL;2706307;PALMEIRA DOS INDIOS;61.284.143,06;11.773.433,19;16.440.123,72;0,00;28.213.556,91;89.497.699,97;;;;
AL;2706406;PAO DE ACUCAR;28.761.999,86;5.525.531,84;11.128.090,54;1.716.103,12;18.369.725,50;47.131.725,36;;;;
AL;2706422;PARICONHA;12.662.450,47;2.432.611,56;5.937.113,24;0,00;8.369.724,80;21.032.175,27;;;;
AL;2706448;PARIPUEIRA;16.643.288,55;3.197.379,22;4.876.383,98;895.241,58;8.969.004,78;25.612.293,33;;;;
AL;2706505;PASSO DE CAMARAGIBE;17.454.499,98;3.353.222,86;5.639.956,56;385.957,45;9.379.136,87;26.833.636,85;;;;
AL;2706604;PAULO JACINTO;6.435.909,00;1.236.416,81;649.058,82;0,00;1.885.475,63;8.321.384,63;;;;
AL;2706703;PENEDO;50.194.086,21;9.642.897,67;21.686.060,59;2.285.130,41;33.614.088,67;83.808.174,88;;;;
AL;2706802;PIACABUCU;19.396.234,96;3.726.253,89;8.489.340,76;0,00;12.215.594,65;31.611.829,61;;;;
AL;2706901;PILAR;49.988.556,98;9.603.413,00;25.117.939,82;2.508.814,00;37.230.166,82;87.218.723,80;;;;
AL;2707008;PINDOBA;3.299.332,76;633.842,16;657.585,31;0,00;1.291.427,47;4.590.760,23;;;;
AL;2707107;PIRANHAS;25.658.661,96;4.929.342,69;8.107.118,94;0,00;13.036.461,63;38.695.123,59;;;;
AL;2707206;POCO DAS TRINCHEIRAS;25.636.389,28;4.925.063,83;16.617.672,80;0,00;21.542.736,63;47.179.125,91;;;;
AL;2707305;PORTO CALVO;34.047.983,58;6.541.033,94;17.436.821,59;0,00;23.977.855,53;58.025.839,11;;;;
AL;2707404;PORTO DE PEDRAS;14.714.342,13;2.826.805,03;3.803.766,24;351.683,94;6.982.255,21;21.696.597,34;;;;
AL;2707503;PORTO REAL DO COLEGIO;18.854.519,57;3.622.183,74;8.583.708,37;812.999,64;13.018.891,75;31.873.411,32;;;;
AL;2707602;QUEBRANGULO;19.616.506,88;3.768.570,82;7.622.478,78;0,00;11.391.049,60;31.007.556,48;;;;
AL;2707701;RIO LARGO;91.047.029,45;17.491.247,57;44.312.233,56;4.979.079,36;66.782.560,49;157.829.589,94;;;;
AL;2707800;ROTEIRO;10.293.456,53;1.977.498,85;141.837,55;254.044,27;2.373.380,67;12.666.837,20;;;;
AL;2707909;SANTA LUZIA DO NORTE;8.575.547,96;1.647.467,61;2.253.195,56;383.530,05;4.284.193,22;12.859.741,18;;;;
AL;2708006;SANTANA DO IPANEMA;38.007.618,78;7.301.728,28;17.381.333,84;0,00;24.683.062,12;62.690.680,90;;;;
AL;2708105;SANTANA DO MUNDAU;22.697.909,32;4.360.545,90;17.497.727,03;876.510,71;22.734.783,64;45.432.692,96;;;;
AL;2708204;SAO BRAS;7.063.755,33;1.357.033,77;1.158.674,03;368.204,78;2.883.912,58;9.947.667,91;;;;
AL;2708303;SAO JOSE DA LAJE;23.757.481,67;4.564.102,71;10.349.571,00;508.595,77;15.422.269,48;39.179.751,15;;;;
AL;2708402;SAO JOSE DA TAPERA;41.794.081,42;8.029.154,05;13.338.174,94;929.406,41;22.296.735,40;64.090.816,82;;;;
AL;2708501;SAO LUIS DO QUITUNDE;33.299.882,02;6.397.314,49;6.293.247,97;2.006.848,31;14.697.410,77;47.997.292,79;;;;
AL;2708600;SAO MIGUEL DOS CAMPOS;55.365.280,60;10.636.347,35;25.773.634,40;2.495.590,08;38.905.571,83;94.270.852,43;;;;
AL;2708709;SAO MIGUEL DOS MILAGRES;13.986.605,69;2.686.997,96;5.579.071,17;0,00;8.266.069,13;22.252.674,82;;;;
AL;2708808;SAO SEBASTIAO;39.928.336,97;7.670.721,73;14.811.059,18;2.516.313,60;24.998.094,51;64.926.431,48;;;;
AL;2708907;SATUBA;18.701.231,10;3.592.735,15;11.986.134,08;427.585,64;16.006.454,87;34.707.685,97;;;;
AL;2708956;SENADOR RUI PALMEIRA;18.931.956,48;3.637.060,32;7.434.363,90;0,00;11.071.424,22;30.003.380,70;;;;
AL;2709004;TANQUE DARCA;10.597.973,72;2.036.000,33;4.693.133,26;245.566,47;6.974.700,06;17.572.673,78;;;;
AL;2709103;TAQUARANA;34.280.875,86;6.585.775,40;18.765.282,76;0,00;25.351.058,16;59.631.934,02;;;;
AL;2709152;TEOTONIO VILELA;69.411.937,19;13.334.881,82;9.566.421,51;4.478.091,88;27.379.395,21;96.791.332,40;;;;
AL;2709202;TRAIPU;41.936.643,85;8.056.542,04;30.878.965,42;756.263,57;39.691.771,03;81.628.414,88;;;;
AL;2709301;UNIAO DOS PALMARES;72.088.467,87;13.849.076,09;34.280.254,97;1.528.866,84;49.658.197,90;121.746.665,77;;;;
AL;2709400;VICOSA;25.201.016,04;4.841.423,31;7.567.370,23;0,00;12.408.793,54;37.609.809,58;;;;
AM;1300029;ALVARAES;24.095.441,78;6.960.028,26;15.242.865,48;0,00;22.202.893,74;46.298.335,52;;;;
AM;1300060;AMATURA;15.864.430,31;4.582.480,14;6.865.270,73;847.092,01;12.294.842,88;28.159.273,19;;;;
AM;1300086;ANAMA;9.564.356,64;2.762.688,19;1.016.760,32;316.106,14;4.095.554,65;13.659.911,29;;;;
AM;1300102;ANORI;11.932.426,07;3.446.710,93;1.958.614,89;0,00;5.405.325,82;17.337.751,89;;;;
AM;1300144;APUI;11.328.146,35;3.272.163,24;4.232.226,39;324.040,50;7.828.430,13;19.156.576,48;;;;
AM;1300201;ATALAIA DO NORTE;22.456.970,29;6.486.751,70;21.396.959,27;0,00;27.883.710,97;50.340.681,26;;;;
AM;1300300;AUTAZES;39.731.807,83;11.476.631,48;18.932.320,02;887.524,61;31.296.476,11;71.028.283,94;;;;
AM;1300409;BARCELOS;15.777.488,59;4.557.366,81;7.193.282,26;0,00;11.750.649,07;27.528.137,66;;;;
AM;1300508;BARREIRINHA;48.181.409,23;13.917.319,84;26.610.852,29;0,00;40.528.172,13;88.709.581,36;;;;
AM;1300607;BENJAMIN CONSTANT;60.562.983,41;17.493.768,33;41.624.506,14;2.874.337,77;61.992.612,24;122.555.595,65;;;;
AM;1300631;BERURI;27.983.630,90;8.083.141,36;11.810.900,09;810.463,55;20.704.505,00;48.688.135,90;;;;
AM;1300680;BOA VISTA DO RAMOS;20.703.336,60;5.980.210,25;12.100.857,62;955.491,96;19.036.559,83;39.739.896,43;;;;
AM;1300706;BOCA DO ACRE;26.310.120,19;7.599.743,63;12.733.368,10;1.552.452,52;21.885.564,25;48.195.684,44;;;;
AM;1300805;BORBA;34.452.596,91;9.951.718,28;15.206.408,60;0,00;25.158.126,88;59.610.723,79;;;;
AM;1300839;CAAPIRANGA;12.721.566,32;3.674.656,06;408.235,19;403.492,74;4.486.383,99;17.207.950,31;;;;
AM;1300904;CANUTAMA;12.954.649,74;3.741.982,79;6.460.930,57;0,00;10.202.913,36;23.157.563,10;;;;
AM;1301001;CARAUARI;25.389.166,74;7.333.723,94;13.336.162,49;0,00;20.669.886,43;46.059.053,17;;;;
AM;1301100;CAREIRO;36.896.272,68;10.657.580,10;14.154.496,89;2.371.140,27;27.183.217,26;64.079.489,94;;;;
AM;1301159;CAREIRO DA VARZEA;17.748.124,06;5.126.589,76;5.861.011,42;526.457,12;11.514.058,30;29.262.182,36;;;;
AM;1301209;COARI;55.045.190,97;15.899.940,26;7.050.624,69;2.769.343,43;25.719.908,38;80.765.099,35;;;;
AM;1301308;CODAJAS;17.188.264,18;4.964.872,84;8.282.006,77;882.053,89;14.128.933,50;31.317.197,68;;;;
AM;1301407;EIRUNEPE;31.351.221,33;9.055.878,23;11.306.839,81;1.700.053,26;22.062.771,30;53.413.992,63;;;;
AM;1301506;ENVIRA;18.166.887,85;5.247.550,72;11.282.623,58;482.111,69;17.012.285,99;35.179.173,84;;;;
AM;1301605;FONTE BOA;32.472.933,36;9.379.887,53;17.891.470,80;863.033,18;28.134.391,51;60.607.324,87;;;;
AM;1301654;GUAJARA;11.646.639,19;3.364.160,68;4.404.529,43;0,00;7.768.690,11;19.415.329,30;;;;
AM;1301704;HUMAITA;47.940.316,03;13.847.679,48;24.519.574,67;1.133.308,46;39.500.562,61;87.440.878,64;;;;
AM;1301803;IPIXUNA;17.509.236,73;5.057.586,56;13.872.111,44;0,00;18.929.698,00;36.438.934,73;;;;
AM;1301852;IRANDUBA;54.029.059,29;15.606.428,11;13.452.077,93;2.854.193,93;31.912.699,97;85.941.759,26;;;;
AM;1301902;ITACOATIARA;83.039.625,80;23.986.202,37;23.409.033,22;2.468.272,71;49.863.508,30;132.903.134,10;;;;
AM;1301951;ITAMARATI;15.169.538,24;4.381.758,83;8.700.111,16;0,00;13.081.869,99;28.251.408,23;;;;
AM;1302009;ITAPIRANGA;8.511.196,72;2.458.480,34;2.867.651,27;0,00;5.326.131,61;13.837.328,33;;;;
AM;1302108;JAPURA;15.746.550,27;4.548.430,19;8.436.331,40;0,00;12.984.761,59;28.731.311,86;;;;
AM;1302207;JURUA;14.037.511,19;4.054.770,01;0,00;270.347,74;4.325.117,75;18.362.628,94;;;;
AM;1302306;JUTAI;41.920.040,16;12.108.707,82;27.309.317,97;1.352.427,08;40.770.452,87;82.690.493,03;;;;
AM;1302405;LABREA;41.691.422,04;12.042.670,91;28.343.451,90;2.047.896,83;42.434.019,64;84.125.441,68;;;;
AM;1302504;MANACAPURU;89.224.059,65;25.772.591,46;39.624.148,86;0,00;65.396.740,32;154.620.799,97;;;;
AM;1302553;MANAQUIRI;22.874.157,99;6.607.257,41;10.822.863,11;632.864,43;18.062.984,95;40.937.142,94;;;;
AM;1302603;MANAUS;1.111.923.615,37;321.181.900,79;0,00;63.462.121,65;384.644.022,44;1.496.567.637,81;;;;
AM;1302702;MANICORE;60.834.533,00;17.572.206,11;37.012.245,66;3.110.412,00;57.694.863,77;118.529.396,77;;;;
AM;1302801;MARAA;25.103.387,75;7.251.175,96;11.420.801,15;538.485,46;19.210.462,57;44.313.850,32;;;;
AM;1302900;MAUES;59.327.696,58;17.136.952,66;24.903.230,86;2.834.303,70;44.874.487,22;104.202.183,80;;;;
AM;1303007;NHAMUNDA;18.039.256,93;5.210.684,21;6.466.966,46;480.408,88;12.158.059,55;30.197.316,48;;;;
AM;1303106;NOVA OLINDA DO NORTE;32.335.156,83;9.340.090,44;14.985.326,12;1.611.108,78;25.936.525,34;58.271.682,17;;;;
AM;1303205;NOVO AIRAO;13.587.586,42;3.924.808,12;1.880.615,96;0,00;5.805.424,08;19.393.010,50;;;;
AM;1303304;NOVO ARIPUANA;14.380.748,76;4.153.915,03;6.058.891,49;377.914,41;10.590.720,93;24.971.469,69;;;;
AM;1303403;PARINTINS;83.861.502,05;24.223.603,36;37.486.595,93;2.261.508,50;63.971.707,79;147.833.209,84;;;;
AM;1303502;PAUINI;17.826.363,69;5.149.189,47;7.924.561,52;0,00;13.073.750,99;30.900.114,68;;;;
AM;1303536;PRESIDENTE FIGUEIREDO;40.552.335,05;11.713.642,80;6.266.169,31;1.001.503,97;18.981.316,08;59.533.651,13;;;;
AM;1303569;RIO PRETO DA EVA;30.358.458,63;8.769.116,25;12.681.268,74;995.236,19;22.445.621,18;52.804.079,81;;;;
AM;1303601;SANTA ISABEL DO RIO NEGRO;16.007.004,41;4.623.663,02;9.401.835,06;714.852,76;14.740.350,84;30.747.355,25;;;;
AM;1303700;SANTO ANTONIO DO ICA;41.373.357,21;11.950.797,09;30.087.893,18;1.013.677,23;43.052.367,50;84.425.724,71;;;;
AM;1303809;SAO GABRIEL DA CACHOEIRA;64.334.351,41;18.583.137,35;45.211.928,76;1.104.360,74;64.899.426,85;129.233.778,26;;;;
AM;1303908;SAO PAULO DE OLIVENCA;49.140.218,35;14.194.274,24;31.880.206,35;2.166.368,70;48.240.849,29;97.381.067,64;;;;
AM;1303957;SAO SEBASTIAO DO UATUMA;8.617.234,45;2.489.109,60;4.398.084,80;0,00;6.887.194,40;15.504.428,85;;;;
AM;1304005;SILVES;12.806.915,51;3.699.309,39;5.761.509,49;300.454,81;9.761.273,69;22.568.189,20;;;;
AM;1304062;TABATINGA;86.103.524,19;24.871.217,04;60.575.844,64;2.787.567,09;88.234.628,77;174.338.152,96;;;;
AM;1304104;TAPAUA;25.352.266,61;7.323.065,24;14.135.642,62;0,00;21.458.707,86;46.810.974,47;;;;
AM;1304203;TEFE;82.717.184,97;23.893.064,53;56.177.188,40;2.569.390,45;82.639.643,38;165.356.828,35;;;;
AM;1304237;TONANTINS;26.174.810,66;7.560.659,14;15.284.749,17;791.768,90;23.637.177,21;49.811.987,87;;;;
AM;1304260;UARINI;19.628.269,38;5.669.674,41;10.316.488,62;0,00;15.986.163,03;35.614.432,41;;;;
AM;1304302;URUCARA;14.553.498,43;4.203.814,21;7.210.638,55;0,00;11.414.452,76;25.967.951,19;;;;
AM;1304401;URUCURITUBA;16.582.365,76;4.789.857,58;6.491.196,24;0,00;11.281.053,82;27.863.419,58;;;;
AP;1600105;AMAPA;11.595.553,48;0,00;0,00;0,00;0,00;11.595.553,48;;;;
AP;1600204;CALCOENE;15.475.349,55;0,00;0,00;0,00;0,00;15.475.349,55;;;;
AP;1600212;CUTIAS;7.857.299,22;0,00;0,00;88.111,19;88.111,19;7.945.410,41;;;;
AP;1600238;FERREIRA GOMES;16.783.183,42;0,00;0,00;0,00;0,00;16.783.183,42;;;;
AP;1600253;ITAUBAL;10.059.473,63;0,00;0,00;0,00;0,00;10.059.473,63;;;;
AP;1600279;LARANJAL DO JARI;62.015.913,56;0,00;0,00;0,00;0,00;62.015.913,56;;;;
AP;1600303;MACAPA;324.459.826,46;0,00;0,00;0,00;0,00;324.459.826,46;;;;
AP;1600402;MAZAGAO;49.968.603,54;0,00;13.524.683,60;0,00;13.524.683,60;63.493.287,14;;;;
AP;1600501;OIAPOQUE;44.313.138,53;0,00;0,00;0,00;0,00;44.313.138,53;;;;
AP;1600154;PEDRA BRANCA DO AMAPARI;15.650.980,85;0,00;0,00;0,00;0,00;15.650.980,85;;;;
AP;1600535;PORTO GRANDE;28.697.759,41;0,00;0,00;0,00;0,00;28.697.759,41;;;;
AP;1600550;PRACUUBA;6.626.739,01;0,00;0,00;0,00;0,00;6.626.739,01;;;;
AP;1600600;SANTANA;103.510.084,21;0,00;0,00;1.325.906,77;1.325.906,77;104.835.990,98;;;;
AP;1600055;SERRA DO NAVIO;5.145.311,40;0,00;0,00;143.651,67;143.651,67;5.288.963,07;;;;
AP;1600709;TARTARUGALZINHO;19.962.026,16;0,00;0,00;0,00;0,00;19.962.026,16;;;;
AP;1600808;VITORIA DO JARI;24.423.654,87;0,00;0,00;312.374,46;312.374,46;24.736.029,33;;;;
BA;2900108;ABAIRA;4.547.238,43;1.441.577,77;24.813,06;0,00;1.466.390,83;6.013.629,26;;;;
BA;2900207;ABARE;18.666.997,79;5.917.861,90;8.516.937,07;0,00;14.434.798,97;33.101.796,76;;;;
BA;2900306;ACAJUTIBA;19.435.787,13;6.161.585,57;16.392.629,51;612.140,91;23.166.355,99;42.602.143,12;;;;
BA;2900355;ADUSTINA;14.385.022,53;4.560.378,58;9.427.261,91;0,00;13.987.640,49;28.372.663,02;;;;
BA;2900405;AGUA FRIA;14.681.361,14;4.654.324,64;3.038.736,57;0,00;7.693.061,21;22.374.422,35;;;;
BA;2900603;AIQUARA;5.683.086,53;1.801.667,40;1.600.939,52;0,00;3.402.606,92;9.085.693,45;;;;
BA;2900702;ALAGOINHAS;59.399.360,49;18.830.945,19;0,00;3.462.530,69;22.293.475,88;81.692.836,37;;;;
BA;2900801;ALCOBACA;24.979.767,67;7.919.153,20;5.445.032,81;0,00;13.364.186,01;38.343.953,68;;;;
BA;2900900;ALMADINA;4.660.769,27;1.477.569,62;1.142.004,93;114.377,89;2.733.952,44;7.394.721,71;;;;
BA;2901007;AMARGOSA;27.362.121,74;8.674.413,51;7.695.756,70;0,00;16.370.170,21;43.732.291,95;;;;
BA;2901106;AMELIA RODRIGUES;18.799.345,98;5.959.819,28;2.754.650,22;0,00;8.714.469,50;27.513.815,48;;;;
BA;2901155;AMERICA DOURADA;18.220.845,43;5.776.421,48;7.422.646,85;0,00;13.199.068,33;31.419.913,76;;;;
BA;2901205;ANAGE;17.318.190,09;5.490.259,25;5.184.214,93;0,00;10.674.474,18;27.992.664,27;;;;
BA;2901304;ANDARAI;13.294.951,77;4.214.801,41;5.106.605,64;721.990,06;10.043.397,11;23.338.348,88;;;;
BA;2901353;ANDORINHA;20.671.361,20;6.553.290,58;11.343.744,00;904.552,68;18.801.587,26;39.472.948,46;;;;
BA;2901403;ANGICAL;12.778.993,20;4.051.230,83;3.113.439,88;0,00;7.164.670,71;19.943.663,91;;;;
BA;2901502;ANGUERA;14.146.395,26;4.484.728,32;14.213.860,65;0,00;18.698.588,97;32.844.984,23;;;;
BA;2901601;ANTAS;20.593.093,99;6.528.478,11;14.657.234,33;1.076.608,62;22.262.321,06;42.855.415,05;;;;
BA;2901700;ANTONIO CARDOSO;11.601.722,85;3.678.009,42;2.722.407,63;0,00;6.400.417,05;18.002.139,90;;;;
BA;2901809;ANTONIO GONCALVES;11.136.100,46;3.530.396,55;7.279.545,89;270.311,51;11.080.253,95;22.216.354,41;;;;
BA;2901908;APORA;15.040.721,77;4.768.250,11;3.136.849,07;0,00;7.905.099,18;22.945.820,95;;;;
BA;2901957;APUAREMA;6.916.998,88;2.192.845,61;0,00;180.896,04;2.373.741,65;9.290.740,53;;;;
BA;2902054;ARACAS;12.907.623,12;4.092.009,44;845.613,80;0,00;4.937.623,24;17.845.246,36;;;;
BA;2902005;ARACATU;12.248.045,68;3.882.908,42;4.569.927,86;283.028,22;8.735.864,50;20.983.910,18;;;;
BA;2902104;ARACI;71.808.696,42;22.764.986,28;64.185.143,79;0,00;86.950.130,07;158.758.826,49;;;;
BA;2902203;ARAMARI;13.574.683,64;4.303.482,76;13.037.125,27;424.687,25;17.765.295,28;31.339.978,92;;;;
BA;2902252;ARATACA;8.614.607,22;2.731.025,97;2.514.623,29;203.938,28;5.449.587,54;14.064.194,76;;;;
BA;2902302;ARATUIPE;8.121.515,04;2.574.704,56;1.738.711,60;0,00;4.313.416,16;12.434.931,20;;;;
BA;2902401;AURELINO LEAL;14.906.499,79;4.725.698,70;5.208.784,24;0,00;9.934.482,94;24.840.982,73;;;;
BA;2902500;BAIANOPOLIS;11.800.161,02;3.740.918,82;783.288,53;726.591,26;5.250.798,61;17.050.959,63;;;;
BA;2902609;BAIXA GRANDE;16.484.908,29;5.226.090,01;4.263.109,24;812.927,18;10.302.126,43;26.787.034,72;;;;
BA;2902658;BANZAE;16.022.451,29;5.079.480,65;11.192.622,97;672.210,13;16.944.313,75;32.966.765,04;;;;
BA;2902708;BARRA;54.296.833,14;17.213.328,23;18.699.811,28;1.291.343,42;37.204.482,93;91.501.316,07;;;;
BA;2902807;BARRA DA ESTIVA;19.576.109,99;6.206.071,10;6.849.261,11;508.450,85;13.563.783,06;33.139.893,05;;;;
BA;2902906;BARRA DO CHOCA;36.365.682,90;11.528.746,71;12.731.876,53;1.008.460,12;25.269.083,36;61.634.766,26;;;;
BA;2903003;BARRA DO MENDES;12.015.870,89;3.809.303,74;3.916.626,63;297.085,43;8.023.015,80;20.038.886,69;;;;
BA;2903102;BARRA DO ROCHA;10.072.251,96;3.193.132,44;5.924.363,92;322.011,62;9.439.507,98;19.511.759,94;;;;
BA;2903201;BARREIRAS;118.280.923,01;37.497.736,68;20.205.209,11;6.846.514,90;64.549.460,69;182.830.383,70;;;;
BA;2903235;BARRO ALTO;13.212.831,39;4.188.767,38;6.872.893,88;0,00;11.061.661,26;24.274.492,65;;;;
BA;2903300;BARRO PRETO;10.593.258,77;3.358.303,42;4.305.438,93;267.992,80;7.931.735,15;18.524.993,92;;;;
BA;2903276;BARROCAS;18.051.969,09;5.722.883,84;9.422.789,90;364.002,11;15.509.675,85;33.561.644,94;;;;
BA;2903409;BELMONTE;18.460.511,05;5.852.400,92;0,00;503.958,33;6.356.359,25;24.816.870,30;;;;
BA;2903508;BELO CAMPO;16.338.598,09;5.179.706,36;5.613.230,23;538.014,47;11.330.951,06;27.669.549,15;;;;
BA;2903607;BIRITINGA;26.381.204,29;8.363.440,41;21.477.499,09;0,00;29.840.939,50;56.222.143,79;;;;
BA;2903706;BOA NOVA;13.274.053,05;4.208.176,04;3.598.616,21;719.671,34;8.526.463,59;21.800.516,64;;;;
BA;2903805;BOA VISTA DO TUPIM;17.834.190,15;5.653.842,98;6.449.786,67;422.114,92;12.525.744,57;30.359.934,72;;;;
BA;2903904;BOM JESUS DA LAPA;66.345.767,11;21.033.113,73;14.046.607,35;1.755.629,98;36.835.351,06;103.181.118,17;;;;
BA;2903953;BOM JESUS DA SERRA;8.636.042,52;2.737.821,45;1.773.996,97;0,00;4.511.818,42;13.147.860,94;;;;
BA;2904001;BONINAL;11.451.446,89;3.630.368,53;3.585.150,99;733.873,47;7.949.392,99;19.400.839,88;;;;
BA;2904050;BONITO;19.123.948,26;6.062.725,57;10.995.735,23;788.290,83;17.846.751,63;36.970.699,89;;;;
BA;2904100;BOQUIRA;13.894.401,56;4.404.840,60;2.300.864,26;827.201,77;7.532.906,63;21.427.308,19;;;;
BA;2904209;BOTUPORA;11.938.482,43;3.784.769,85;6.922.025,37;0,00;10.706.795,22;22.645.277,65;;;;
BA;2904308;BREJOES;13.179.825,35;4.178.303,72;3.852.060,05;0,00;8.030.363,77;21.210.189,12;;;;
BA;2904407;BREJOLANDIA;6.675.628,26;2.116.325,64;887.988,13;174.265,97;3.178.579,74;9.854.208,00;;;;
BA;2904506;BROTAS DE MACAUBAS;10.573.545,58;3.352.053,89;3.563.177,97;259.188,92;7.174.420,78;17.747.966,36;;;;
BA;2904605;BRUMADO;52.807.608,99;16.741.210,39;14.918.536,18;2.731.157,09;34.390.903,66;87.198.512,65;;;;
BA;2904704;BUERAREMA;12.179.541,17;3.861.190,94;3.559.489,43;292.592,92;7.713.273,29;19.892.814,46;;;;
BA;2904753;BURITIRAMA;19.430.995,67;6.160.066,56;5.386.704,04;1.051.428,82;12.598.199,42;32.029.195,09;;;;
BA;2904803;CAATIBA;6.786.958,01;2.151.619,70;3.306.936,67;0,00;5.458.556,37;12.245.514,38;;;;
BA;2904852;CABACEIRAS DO PARAGUACU;21.328.075,50;6.761.483,92;11.872.697,44;453.924,80;19.088.106,16;40.416.181,66;;;;
BA;2904902;CACHOEIRA;21.757.729,08;6.897.693,85;1.791.339,89;556.962,72;9.245.996,46;31.003.725,54;;;;
BA;2905008;CACULE;19.342.843,32;6.132.120,27;9.454.866,66;1.098.781,33;16.685.768,26;36.028.611,58;;;;
BA;2905107;CAEM;12.852.847,11;4.074.644,19;7.959.212,04;258.826,62;12.292.682,85;25.145.529,96;;;;
BA;2905156;CAETANOS;9.553.855,15;3.028.788,88;1.449.442,81;0,00;4.478.231,69;14.032.086,84;;;;
BA;2905206;CAETITE;34.090.322,21;10.807.405,74;0,00;921.001,07;11.728.406,81;45.818.729,02;;;;
BA;2905305;CAFARNAUM;18.314.718,47;5.806.181,36;9.530.655,68;0,00;15.336.837,04;33.651.555,51;;;;
BA;2905404;CAIRU;25.751.806,37;8.163.906,99;10.477.851,45;1.218.050,27;19.859.808,71;45.611.615,08;;;;
BA;2905503;CALDEIRAO GRANDE;19.192.172,92;6.084.354,33;8.219.617,99;0,00;14.303.972,32;33.496.145,24;;;;
BA;2905602;CAMACAN;18.859.519,04;5.978.895,51;471.481,22;0,00;6.450.376,73;25.309.895,77;;;;
BA;2905701;CAMACARI;168.809.487,58;53.516.438,27;0,00;9.231.929,76;62.748.368,03;231.557.855,61;;;;
BA;2905800;CAMAMU;33.441.491,53;10.601.711,68;8.272.071,45;842.490,81;19.716.273,94;53.157.765,47;;;;
BA;2905909;CAMPO ALEGRE DE LOURDES;27.736.318,10;8.793.042,25;13.324.132,33;0,00;22.117.174,58;49.853.492,68;;;;
BA;2906006;CAMPO FORMOSO;72.015.333,34;22.830.494,87;34.938.608,70;1.546.728,20;59.315.831,77;131.331.165,11;;;;
BA;2906105;CANAPOLIS;8.507.552,78;2.697.087,29;1.336.359,81;232.016,48;4.265.463,58;12.773.016,36;;;;
BA;2906204;CANARANA;29.042.891,07;9.207.255,52;15.592.465,46;1.305.618,01;26.105.338,99;55.148.230,06;;;;
BA;2906303;CANAVIEIRAS;26.167.064,72;8.295.553,31;5.105.308,32;0,00;13.400.861,63;39.567.926,35;;;;
BA;2906402;CANDEAL;6.494.915,93;2.059.035,74;2.363.727,23;142.709,70;4.565.472,67;11.060.388,60;;;;
BA;2906501;CANDEIAS;48.036.267,81;15.228.586,96;0,00;0,00;15.228.586,96;63.264.854,77;;;;
BA;2906600;CANDIBA;9.874.308,35;3.130.379,82;2.639.129,72;562.216,06;6.331.725,60;16.206.033,95;;;;
BA;2906709;CANDIDO SALES;25.972.249,52;8.233.792,47;7.568.495,28;548.955,91;16.351.243,66;42.323.493,18;;;;
BA;2906808;CANSANCAO;72.514.305,44;22.988.680,36;46.255.069,07;0,00;69.243.749,43;141.758.054,87;;;;
BA;2906824;CANUDOS;18.501.722,13;5.865.465,76;10.384.034,40;879.264,19;17.128.764,35;35.630.486,48;;;;
BA;2906857;CAPELA DO ALTO ALEGRE;7.299.683,89;2.314.165,44;1.307.313,35;0,00;3.621.478,79;10.921.162,68;;;;
BA;2906873;CAPIM GROSSO;29.953.193,75;9.495.842,13;21.355.988,41;1.467.275,96;32.319.106,50;62.272.300,25;;;;
BA;2906899;CARAIBAS;8.779.399,44;2.783.268,85;1.732.723,35;0,00;4.515.992,20;13.295.391,64;;;;
BA;2906907;CARAVELAS;19.914.977,53;6.313.499,80;2.561.128,48;518.414,08;9.393.042,36;29.308.019,89;;;;
BA;2907004;CARDEAL DA SILVA;9.261.258,37;2.936.029,07;186.501,75;520.769,02;3.643.299,84;12.904.558,21;;;;
BA;2907103;CARINHANHA;27.570.392,63;8.740.440,10;9.151.559,13;0,00;17.891.999,23;45.462.391,86;;;;
BA;2907202;CASA NOVA;59.056.341,40;18.722.200,36;17.143.889,45;0,00;35.866.089,81;94.922.431,21;;;;
BA;2907301;CASTRO ALVES;26.296.562,75;8.336.607,13;18.108.603,85;1.443.001,90;27.888.212,88;54.184.775,63;;;;
BA;2907400;CATOLANDIA;3.243.257,72;1.028.186,29;0,00;94.451,43;1.122.637,72;4.365.895,44;;;;
BA;2907509;CATU;30.483.201,43;9.663.866,59;0,00;776.334,95;10.440.201,54;40.923.402,97;;;;
BA;2907558;CATURAMA;8.679.867,96;2.751.715,11;2.307.899,15;515.986,67;5.575.600,93;14.255.468,89;;;;
BA;2907608;CENTRAL;12.783.996,39;4.052.816,95;3.210.251,00;0,00;7.263.067,95;20.047.064,34;;;;
BA;2907707;CHORROCHO;11.659.051,46;3.696.183,89;4.336.489,34;671.920,29;8.704.593,52;20.363.644,98;;;;
BA;2907806;CICERO DANTAS;36.743.579,57;11.648.548,52;20.366.443,06;2.454.324,19;34.469.315,77;71.212.895,34;;;;
BA;2907905;CIPO;31.348.509,50;9.938.188,89;34.902.259,07;1.222.506,55;46.062.954,51;77.411.464,01;;;;
BA;2908002;COARACI;14.442.747,11;4.578.678,57;4.049.067,76;0,00;8.627.746,33;23.070.493,44;;;;
BA;2908101;COCOS;17.413.978,87;5.520.626,47;5.634.168,95;840.932,92;11.995.728,34;29.409.707,21;;;;
BA;2908200;CONCEICAO DA FEIRA;19.588.842,57;6.210.107,61;9.323.485,45;995.091,27;16.528.684,33;36.117.526,90;;;;
BA;2908309;CONCEICAO DO ALMEIDA;10.164.267,20;3.222.303,35;4.198.762,43;524.826,77;7.945.892,55;18.110.159,75;;;;
BA;2908408;CONCEICAO DO COITE;45.987.399,22;14.579.049,12;18.869.248,52;2.316.215,69;35.764.513,33;81.751.912,55;;;;
BA;2908507;CONCEICAO DO JACUIPE;34.056.691,70;10.796.744,10;23.178.263,86;665.362,67;34.640.370,63;68.697.062,33;;;;
BA;2908606;CONDE;25.798.609,19;8.178.744,55;8.215.561,81;0,00;16.394.306,36;42.192.915,55;;;;
BA;2908705;CONDEUBA;13.227.084,93;4.193.286,08;2.671.227,43;748.872,66;7.613.386,17;20.840.471,10;;;;
BA;2908804;CONTENDAS DO SINCORA;4.280.183,58;1.356.915,33;711.970,75;111.841,80;2.180.727,88;6.460.911,46;;;;
BA;2908903;CORACAO DE MARIA;28.483.181,11;9.029.814,76;21.388.358,85;531.746,69;30.949.920,30;59.433.101,41;;;;
BA;2909000;CORDEIROS;5.770.118,29;1.829.258,44;1.350.881,27;154.122,12;3.334.261,83;9.104.380,12;;;;
BA;2909109;CORIBE;12.341.357,95;3.912.490,53;5.092.036,38;314.113,50;9.318.640,41;21.659.998,36;;;;
BA;2909208;CORONEL JOAO SA;34.098.227,98;10.809.912,04;22.771.903,23;0,00;33.581.815,27;67.680.043,25;;;;
BA;2909307;CORRENTINA;27.333.481,24;8.665.333,82;0,00;1.395.250,86;10.060.584,68;37.394.065,92;;;;
BA;2909406;COTEGIPE;11.940.203,00;3.785.315,31;1.187.558,82;310.128,21;5.283.002,34;17.223.205,34;;;;
BA;2909505;CRAVOLANDIA;4.854.306,87;1.538.925,44;1.614.478,96;0,00;3.153.404,40;8.007.711,27;;;;
BA;2909604;CRISOPOLIS;32.042.431,50;10.158.177,91;34.264.122,52;0,00;44.422.300,43;76.464.731,93;;;;
BA;2909703;CRISTOPOLIS;11.750.605,65;3.725.208,64;3.548.636,72;636.378,73;7.910.224,09;19.660.829,74;;;;
BA;2909802;CRUZ DAS ALMAS;35.677.583,47;11.310.603,57;3.269.509,66;1.999.674,79;16.579.788,02;52.257.371,49;;;;
BA;2909901;CURACA;36.283.609,31;11.502.727,51;14.424.625,64;1.785.990,66;27.713.343,81;63.996.953,12;;;;
BA;2910008;DARIO MEIRA;17.376.654,75;5.508.793,87;8.077.431,34;893.538,78;14.479.763,99;31.856.418,74;;;;
BA;2910057;DIAS DAVILA;57.650.853,33;18.276.628,74;9.912.011,04;0,00;28.188.639,78;85.839.493,11;;;;
BA;2910107;DOM BASILIO;10.347.126,90;3.280.274,03;3.272.412,08;577.541,32;7.130.227,43;17.477.354,33;;;;
BA;2910206;DOM MACEDO COSTA;3.784.703,40;1.199.836,86;124.349,74;0,00;1.324.186,60;5.108.890,00;;;;
BA;2910305;ELISIO MEDRADO;8.971.328,50;2.844.114,71;4.073.215,17;210.749,51;7.128.079,39;16.099.407,89;;;;
BA;2910404;ENCRUZILHADA;18.280.691,87;5.795.394,16;3.126.528,82;500.480,26;9.422.403,24;27.703.095,11;;;;
BA;2910503;ENTRE RIOS;32.553.280,59;10.320.128,66;3.667.416,76;811.876,51;14.799.421,93;47.352.702,52;;;;
BA;2900504;ERICO CARDOSO;10.609.635,29;3.363.495,14;4.963.581,48;474.612,09;8.801.688,71;19.411.324,00;;;;
BA;2910602;ESPLANADA;29.357.369,48;9.306.952,32;6.330.742,81;0,00;15.637.695,13;44.995.064,61;;;;
BA;2910701;EUCLIDES DA CUNHA;68.425.743,36;21.692.513,40;52.799.939,91;0,00;74.492.453,31;142.918.196,67;;;;
BA;2910727;EUNAPOLIS;81.589.455,92;25.865.708,99;0,00;0,00;25.865.708,99;107.455.164,91;;;;
BA;2910750;FATIMA;22.651.789,26;7.181.131,22;17.872.368,18;0,00;25.053.499,40;47.705.288,66;;;;
BA;2910776;FEIRA DA MATA;4.878.829,66;1.546.699,71;1.797.261,91;123.978,82;3.467.940,44;8.346.770,10;;;;
BA;2910800;FEIRA DE SANTANA;263.537.737,17;83.547.443,01;43.146.117,47;13.638.141,45;140.331.701,93;403.869.439,10;;;;
BA;2910859;FILADELFIA;21.549.770,82;6.831.766,36;10.863.262,37;0,00;17.695.028,73;39.244.799,55;;;;
BA;2910909;FIRMINO ALVES;4.702.584,14;1.490.825,89;1.252.433,49;0,00;2.743.259,38;7.445.843,52;;;;
BA;2911006;FLORESTA AZUL;7.085.768,45;2.246.349,39;57.985,32;189.120,24;2.493.454,95;9.579.223,40;;;;
BA;2911105;FORMOSA DO RIO PRETO;21.867.032,81;6.932.345,62;0,00;1.204.826,34;8.137.171,96;30.004.204,77;;;;
BA;2911204;GANDU;34.167.015,40;10.831.719,21;29.772.369,04;0,00;40.604.088,25;74.771.103,65;;;;
BA;2911253;GAVIAO;6.217.431,76;1.971.066,96;4.078.387,54;122.855,69;6.172.310,19;12.389.741,95;;;;
BA;2911303;GENTIO DO OURO;10.548.967,66;3.344.262,13;1.214.784,89;0,00;4.559.047,02;15.108.014,68;;;;
BA;2911402;GLORIA;14.215.481,84;4.506.630,33;5.034.369,34;712.751,42;10.253.751,09;24.469.232,93;;;;
BA;2911501;GONGOGI;7.689.906,84;2.437.874,97;1.853.245,28;429.542,06;4.720.662,31;12.410.569,15;;;;
BA;2911600;GOVERNADOR MANGABEIRA;20.074.310,72;6.364.012,04;6.937.323,79;0,00;13.301.335,83;33.375.646,55;;;;
BA;2911659;GUAJERU;6.646.943,13;2.107.231,81;3.272.927,07;0,00;5.380.158,88;12.027.102,01;;;;
BA;2911709;GUANAMBI;62.080.750,24;19.681.006,59;17.002.006,75;1.534.228,87;38.217.242,21;100.297.992,45;;;;
BA;2911808;GUARATINGA;14.753.361,10;4.677.150,26;655.183,89;403.239,13;5.735.573,28;20.488.934,38;;;;
BA;2911857;HELIOPOLIS;13.754.959,00;4.360.634,13;8.364.427,18;0,00;12.725.061,31;26.480.020,31;;;;
BA;2911907;IACU;31.024.402,83;9.835.439,72;17.577.740,52;0,00;27.413.180,24;58.437.583,07;;;;
BA;2912004;IBIASSUCE;7.514.295,68;2.382.202,25;2.855.076,75;189.663,69;5.426.942,69;12.941.238,37;;;;
BA;2912103;IBICARAI;15.212.693,77;4.822.769,14;6.945.982,80;0,00;11.768.751,94;26.981.445,71;;;;
BA;2912202;IBICOARA;22.016.056,69;6.979.589,57;11.203.106,75;519.066,22;18.701.762,54;40.717.819,23;;;;
BA;2912301;IBICUI;13.145.939,86;4.167.561,25;7.870.423,73;583.555,49;12.621.540,47;25.767.480,33;;;;
BA;2912400;IBIPEBA;12.235.533,29;3.878.941,71;1.376.885,91;0,00;5.255.827,62;17.491.360,91;;;;
BA;2912509;IBIPITANGA;21.919.826,55;6.949.082,43;25.971.975,28;279.767,52;33.200.825,23;55.120.651,78;;;;
BA;2912608;IBIQUERA;3.721.898,15;1.179.926,17;171.944,90;0,00;1.351.871,07;5.073.769,22;;;;
BA;2912707;IBIRAPITANGA;24.906.890,50;7.896.049,49;3.549.606,87;612.430,75;12.058.087,11;36.964.977,61;;;;
BA;2912806;IBIRAPUA;8.912.097,97;2.825.337,29;1.727.241,38;459.721,59;5.012.300,26;13.924.398,23;;;;
BA;2912905;IBIRATAIA;17.737.304,04;5.623.127,88;5.874.321,41;413.057,44;11.910.506,73;29.647.810,77;;;;
BA;2913002;IBITIARA;11.598.921,84;3.677.121,43;3.934.416,55;0,00;7.611.537,98;19.210.459,82;;;;
BA;2913101;IBITITA;15.380.221,53;4.875.879,24;7.997.703,86;0,00;12.873.583,10;28.253.804,63;;;;
BA;2913200;IBOTIRAMA;25.658.364,43;8.134.283,78;9.173.092,87;1.265.946,23;18.573.322,88;44.231.687,31;;;;
BA;2913309;ICHU;6.474.876,64;2.052.682,83;2.498.025,39;142.528,55;4.693.236,77;11.168.113,41;;;;
BA;2913408;IGAPORA;11.484.626,95;3.640.887,36;1.464.133,98;0,00;5.105.021,34;16.589.648,29;;;;
BA;2913457;IGRAPIUNA;13.665.267,92;4.332.200,03;1.261.863,73;330.344,51;5.924.408,27;19.589.676,19;;;;
BA;2913507;IGUAI;20.847.965,91;6.609.278,29;8.976.473,15;486.024,52;16.071.775,96;36.919.741,87;;;;
BA;2913606;ILHEUS;96.582.317,84;30.618.786,44;16.183.877,79;0,00;46.802.664,23;143.384.982,07;;;;
BA;2913705;INHAMBUPE;32.803.306,03;10.399.392,40;9.788.869,98;0,00;20.188.262,38;52.991.568,41;;;;
BA;2913804;IPECAETA;20.619.531,46;6.536.859,38;9.485.385,54;473.452,73;16.495.697,65;37.115.229,11;;;;
BA;2913903;IPIAU;31.636.590,63;10.029.517,14;4.860.888,28;776.842,17;15.667.247,59;47.303.838,22;;;;
BA;2914000;IPIRA;48.003.308,84;15.218.138,22;22.119.887,02;1.195.913,78;38.533.939,02;86.537.247,86;;;;
BA;2914109;IPUPIARA;8.711.706,80;2.761.808,74;4.007.210,99;0,00;6.769.019,73;15.480.726,53;;;;
BA;2914208;IRAJUBA;8.939.043,83;2.833.879,74;4.276.008,74;211.510,33;7.321.398,81;16.260.442,64;;;;
BA;2914307;IRAMAIA;10.688.780,04;3.388.585,83;1.703.781,95;699.165,20;5.791.532,98;16.480.313,02;;;;
BA;2914406;IRAQUARA;25.008.885,85;7.928.384,33;13.736.501,49;1.286.416,14;22.951.301,96;47.960.187,81;;;;
BA;2914505;IRARA;27.323.719,63;8.662.239,16;5.679.166,42;650.653,32;14.992.058,90;42.315.778,53;;;;
BA;2914604;IRECE;53.485.093,09;16.955.988,22;23.744.238,80;2.592.541,37;43.292.768,39;96.777.861,48;;;;
BA;2914653;ITABELA;26.408.635,04;8.372.136,59;4.749.925,58;637.936,62;13.759.998,79;40.168.633,83;;;;
BA;2914703;ITABERABA;55.294.928,88;17.529.747,23;22.103.980,54;3.064.399,99;42.698.127,76;97.993.056,64;;;;
BA;2914802;ITABUNA;98.048.882,84;31.083.720,83;5.474.880,35;2.285.637,63;38.844.238,81;136.893.121,65;;;;
BA;2914901;ITACARE;28.710.606,35;9.101.913,73;10.118.579,87;1.476.659,51;20.697.153,11;49.407.759,46;;;;
BA;2915007;ITAETE;15.397.828,26;4.881.460,97;8.128.542,37;0,00;13.010.003,34;28.407.831,60;;;;
BA;2915106;ITAGI;17.804.497,73;5.644.429,81;11.088.579,96;0,00;16.733.009,77;34.537.507,50;;;;
BA;2915205;ITAGIBA;15.722.036,48;4.984.242,33;0,00;898.719,66;5.882.961,99;21.604.998,47;;;;
BA;2915304;ITAGIMIRIM;8.610.172,69;2.729.620,13;3.667.331,57;417.115,19;6.814.066,89;15.424.239,58;;;;
BA;2915353;ITAGUACU DA BAHIA;14.924.898,65;4.731.531,55;8.531.718,26;301.433,02;13.564.682,83;28.489.581,48;;;;
BA;2915403;ITAJU DO COLONIA;6.984.464,67;2.214.233,79;2.055.628,35;172.019,71;4.441.881,85;11.426.346,52;;;;
BA;2915502;ITAJUIPE;17.396.862,14;5.515.200,08;4.878.469,12;462.438,83;10.856.108,03;28.252.970,17;;;;
BA;2915601;ITAMARAJU;49.748.128,45;15.771.285,63;16.216.020,77;1.303.407,98;33.290.714,38;83.038.842,83;;;;
BA;2915700;ITAMARI;6.725.972,36;2.132.285,86;0,00;0,00;2.132.285,86;8.858.258,22;;;;
BA;2915809;ITAMBE;22.307.682,40;7.072.041,54;2.745.092,13;0,00;9.817.133,67;32.124.816,07;;;;
BA;2915908;ITANAGRA;7.638.269,92;2.421.504,90;805.903,06;0,00;3.227.407,96;10.865.677,88;;;;
BA;2916005;ITANHEM;13.065.452,39;4.142.044,89;0,00;418.202,09;4.560.246,98;17.625.699,37;;;;
BA;2916104;ITAPARICA;20.057.526,20;6.358.690,96;3.278.847,39;0,00;9.637.538,35;29.695.064,55;;;;
BA;2916203;ITAPE;10.286.768,17;3.261.138,95;4.466.723,24;0,00;7.727.862,19;18.014.630,36;;;;
BA;2916302;ITAPEBI;8.275.198,43;2.623.425,69;0,00;211.039,35;2.834.465,04;11.109.663,47;;;;
BA;2916401;ITAPETINGA;53.329.626,01;16.906.701,62;24.372.266,07;0,00;41.278.967,69;94.608.593,70;;;;
BA;2916500;ITAPICURU;46.889.128,03;14.864.917,61;27.053.648,52;0,00;41.918.566,13;88.807.694,16;;;;
BA;2916609;ITAPITANGA;9.922.949,68;3.145.800,23;4.270.791,95;396.609,05;7.813.201,23;17.736.150,91;;;;
BA;2916708;ITAQUARA;6.424.127,74;2.036.594,27;2.205.529,72;0,00;4.242.123,99;10.666.251,73;;;;
BA;2916807;ITARANTIM;14.645.616,34;4.642.992,73;5.543.642,42;0,00;10.186.635,15;24.832.251,49;;;;
BA;2916856;ITATIM;21.442.764,63;6.797.842,98;12.548.793,43;0,00;19.346.636,41;40.789.401,04;;;;
BA;2916906;ITIRUCU;8.157.558,45;2.586.131,14;2.553.236,18;177.744,04;5.317.111,36;13.474.669,81;;;;
BA;2917003;ITIUBA;45.240.283,04;14.342.196,34;24.989.946,98;925.855,88;40.257.999,20;85.498.282,24;;;;
BA;2917102;ITORORO;13.168.042,49;4.174.568,29;2.388.268,61;337.228,19;6.900.065,09;20.068.107,58;;;;
BA;2917201;ITUACU;16.704.654,94;5.295.754,69;4.533.841,77;942.956,40;10.772.552,86;27.477.207,80;;;;
BA;2917300;ITUBERA;21.889.811,20;6.939.566,89;9.681.231,17;484.647,78;17.105.445,84;38.995.257,04;;;;
BA;2917334;IUIU;10.310.966,07;3.268.810,22;2.713.862,03;0,00;5.982.672,25;16.293.638,32;;;;
BA;2917359;JABORANDI;7.890.813,93;2.501.567,08;0,00;198.503,79;2.700.070,87;10.590.884,80;;;;
BA;2917409;JACARACI;14.522.052,20;4.603.820,09;12.490.108,08;243.610,05;17.337.538,22;31.859.590,42;;;;
BA;2917508;JACOBINA;55.709.128,97;17.661.058,06;11.847.917,55;0,00;29.508.975,61;85.218.104,58;;;;
BA;2917607;JAGUAQUARA;40.083.217,56;12.707.289,55;11.656.141,51;2.036.013,41;26.399.444,47;66.482.662,03;;;;
BA;2917706;JAGUARARI;25.161.032,90;7.976.618,39;3.568.064,61;579.533,97;12.124.216,97;37.285.249,87;;;;
BA;2917805;JAGUARIPE;19.722.101,86;6.252.353,84;2.729.021,35;470.300,73;9.451.675,92;29.173.777,78;;;;
BA;2917904;JANDAIRA;13.735.152,58;4.354.355,05;6.753.773,96;0,00;11.108.129,01;24.843.281,59;;;;
BA;2918001;JEQUIE;96.752.627,54;30.672.778,49;7.175.552,07;2.866.475,88;40.714.806,44;137.467.433,98;;;;
BA;2918100;JEREMOABO;38.240.599,23;12.123.137,73;17.336.847,43;907.559,76;30.367.544,92;68.608.144,15;;;;
BA;2918209;JIQUIRICA;19.614.038,97;6.218.095,44;10.907.714,24;1.183.994,13;18.309.803,81;37.923.842,78;;;;
BA;2918308;JITAUNA;23.745.451,29;7.527.846,90;12.074.538,69;656.776,18;20.259.161,77;44.004.613,06;;;;
BA;2918357;JOAO DOURADO;25.585.451,38;8.111.168,69;13.436.592,08;1.203.340,91;22.751.101,68;48.336.553,06;;;;
BA;2918407;JUAZEIRO;182.141.036,31;57.742.841,74;77.663.372,10;10.418.025,23;145.824.239,07;327.965.275,38;;;;
BA;2918456;JUCURUCU;8.052.570,19;2.552.847,49;1.762.565,51;223.973,43;4.539.386,43;12.591.956,62;;;;
BA;2918506;JUSSARA;15.132.316,54;4.797.287,73;7.350.135,63;734.344,46;12.881.767,82;28.014.084,36;;;;
BA;2918555;JUSSARI;10.028.786,03;3.179.352,75;6.375.108,54;0,00;9.554.461,29;19.583.247,32;;;;
BA;2918605;JUSSIAPE;4.749.300,71;1.505.636,10;352.295,68;0,00;1.857.931,78;6.607.232,49;;;;
BA;2918704;LAFAIETE COUTINHO;5.637.108,79;1.787.091,41;722.104,20;138.796,86;2.647.992,47;8.285.101,26;;;;
BA;2918753;LAGOA REAL;8.705.205,71;2.759.747,75;763.402,26;479.684,28;4.002.834,29;12.708.040,00;;;;
BA;2918803;LAJE;22.566.955,68;7.154.237,05;7.159.807,76;551.202,16;14.865.246,97;37.432.202,65;;;;
BA;2918902;LAJEDAO;3.258.130,03;1.032.901,15;0,00;205.387,48;1.238.288,63;4.496.418,66;;;;
BA;2919009;LAJEDINHO;3.307.711,81;1.048.619,70;0,00;0,00;1.048.619,70;4.356.331,51;;;;
BA;2919058;LAJEDO DO TABOCAL;9.391.614,96;2.977.355,06;4.427.690,78;0,00;7.405.045,84;16.796.660,80;;;;
BA;2919108;LAMARAO;8.428.275,59;2.671.954,62;2.006.194,25;241.726,10;4.919.874,97;13.348.150,56;;;;
BA;2919157;LAPAO;27.112.920,71;8.595.411,13;11.029.064,10;1.410.032,67;21.034.507,90;48.147.428,61;;;;
BA;2919207;LAURO DE FREITAS;117.895.864,28;37.375.664,33;0,00;0,00;37.375.664,33;155.271.528,61;;;;
BA;2919306;LENCOIS;10.992.815,96;3.484.972,11;4.173.599,88;351.611,48;8.010.183,47;19.002.999,43;;;;
BA;2919405;LICINIO DE ALMEIDA;9.586.789,13;3.039.229,70;3.198.453,26;0,00;6.237.682,96;15.824.472,09;;;;
BA;2919504;LIVRAMENTO DE NOSSA SENHORA;43.514.514,91;13.795.088,68;40.073.211,05;1.514.664,71;55.382.964,44;98.897.479,35;;;;
BA;2919553;LUIS EDUARDO MAGALHAES;96.628.984,26;30.633.580,76;4.338.801,48;3.231.492,43;38.203.874,67;134.832.858,93;;;;
BA;2919603;MACAJUBA;13.808.399,68;4.377.576,05;4.783.682,87;290.853,88;9.452.112,80;23.260.512,48;;;;
BA;2919702;MACARANI;12.899.424,21;4.089.410,20;520.716,91;377.914,41;4.988.041,52;17.887.465,73;;;;
BA;2919801;MACAUBAS;32.890.988,88;10.427.189,85;10.498.158,32;1.691.285,62;22.616.633,79;55.507.622,67;;;;
BA;2919900;MACURURE;8.221.095,83;2.606.273,93;1.784.515,09;435.520,00;4.826.309,02;13.047.404,85;;;;
BA;2919926;MADRE DE DEUS;11.976.655,31;3.796.871,51;0,00;0,00;3.796.871,51;15.773.526,82;;;;
BA;2919959;MAETINGA;5.619.757,98;1.781.590,81;954.916,64;135.463,71;2.871.971,16;8.491.729,14;;;;
BA;2920007;MAIQUINIQUE;8.799.412,43;2.789.613,42;0,00;224.915,41;3.014.528,83;11.813.941,26;;;;
BA;2920106;MAIRI;14.142.389,45;4.483.458,38;6.147.833,96;343.785,81;10.975.078,15;25.117.467,60;;;;
BA;2920205;MALHADA;15.399.460,07;4.881.978,29;4.297.848,64;867.417,00;10.047.243,93;25.446.704,00;;;;
BA;2920304;MALHADA DE PEDRAS;13.128.279,43;4.161.962,49;11.081.593,31;0,00;15.243.555,80;28.371.835,23;;;;
BA;2920403;MANOEL VITORINO;11.621.368,63;3.684.237,58;2.505.436,68;327.772,18;6.517.446,44;18.138.815,07;;;;
BA;2920452;MANSIDAO;9.620.293,64;3.049.851,40;1.098.155,83;0,00;4.148.007,23;13.768.300,87;;;;
BA;2920502;MARACAS;23.781.727,98;7.539.347,44;7.690.459,68;1.227.687,43;16.457.494,55;40.239.222,53;;;;
BA;2920601;MARAGOGIPE;32.903.720,17;10.431.225,96;9.955.836,60;0,00;20.387.062,56;53.290.782,73;;;;
BA;2920700;MARAU;26.640.607,78;8.445.677,21;6.073.117,79;0,00;14.518.795,00;41.159.402,78;;;;
BA;2920809;MARCIONILIO SOUZA;12.041.090,95;3.817.299,07;6.557.131,95;276.180,76;10.650.611,78;22.691.702,73;;;;
BA;2920908;MASCOTE;12.458.757,68;3.949.708,90;3.747.507,33;298.099,87;7.995.316,10;20.454.073,78;;;;
BA;2921005;MATA DE SAO JOAO;58.475.421,17;18.538.035,46;0,00;2.862.526,81;21.400.562,27;79.875.983,44;;;;
BA;2921054;MATINA;10.443.894,49;3.310.951,55;3.284.358,31;260.783,04;6.856.092,90;17.299.987,39;;;;
BA;2921104;MEDEIROS NETO;18.813.342,22;5.964.256,41;6.528.830,20;491.132,94;12.984.219,55;31.797.561,77;;;;
BA;2921203;MIGUEL CALMON;20.428.132,49;6.476.181,57;6.024.982,40;497.292,03;12.998.456,00;33.426.588,49;;;;
BA;2921302;MILAGRES;8.805.996,93;2.791.700,86;902.046,66;0,00;3.693.747,52;12.499.744,45;;;;
BA;2921401;MIRANGABA;21.388.766,60;6.780.724,38;15.665.341,10;373.276,97;22.819.342,45;44.208.109,05;;;;
BA;2921450;MIRANTE;7.368.178,02;2.335.879,63;1.601.421,97;196.185,07;4.133.486,67;11.501.664,69;;;;
BA;2921500;MONTE SANTO;71.226.950,01;22.580.559,47;55.588.116,80;1.436.516,75;79.605.193,02;150.832.143,03;;;;
BA;2921609;MORPARA;8.336.509,60;2.642.862,72;4.005.742,17;0,00;6.648.604,89;14.985.114,49;;;;
BA;2921708;MORRO DO CHAPEU;33.459.040,36;10.607.275,07;10.780.383,66;730.612,78;22.118.271,51;55.577.311,87;;;;
BA;2921807;MORTUGABA;9.586.932,08;3.039.275,02;3.901.262,72;489.466,36;7.430.004,10;17.016.936,18;;;;
BA;2921906;MUCUGE;9.999.122,24;3.169.948,66;280.583,02;259.514,99;3.710.046,67;13.709.168,91;;;;
BA;2922003;MUCURI;35.004.876,49;11.097.340,20;0,00;0,00;11.097.340,20;46.102.216,69;;;;
BA;2922052;MULUNGU DO MORRO;16.108.708,99;5.106.826,29;9.101.450,69;0,00;14.208.276,98;30.316.985,97;;;;
BA;2922102;MUNDO NOVO;19.849.641,31;6.292.786,73;13.857.912,22;0,00;20.150.698,95;40.000.340,26;;;;
BA;2922201;MUNIZ FERREIRA;5.551.317,93;1.759.893,75;0,00;0,00;1.759.893,75;7.311.211,68;;;;
BA;2922250;MUQUEM DE SAO FRANCISCO;14.673.743,50;4.651.909,67;4.665.545,25;343.423,51;9.660.878,43;24.334.621,93;;;;
BA;2922300;MURITIBA;25.423.512,18;8.059.830,28;2.943.305,56;0,00;11.003.135,84;36.426.648,02;;;;
BA;2922409;MUTUIPE;18.360.306,27;5.820.633,73;6.986.790,24;963.498,77;13.770.922,74;32.131.229,01;;;;
BA;2922508;NAZARE;47.740.211,06;15.134.730,25;20.398.171,43;3.009.330,49;38.542.232,17;86.282.443,23;;;;
BA;2922607;NILO PECANHA;16.178.173,63;5.128.848,16;2.993.446,31;484.068,10;8.606.362,57;24.784.536,20;;;;
BA;2922656;NORDESTINA;21.947.143,98;6.957.742,68;21.910.765,67;369.943,82;29.238.452,17;51.185.596,15;;;;
BA;2922706;NOVA CANAA;18.589.035,63;5.893.146,13;9.345.290,87;410.919,87;15.649.356,87;34.238.392,50;;;;
BA;2922730;NOVA FATIMA;7.387.620,42;2.342.043,32;1.502.596,93;165.172,25;4.009.812,50;11.397.432,92;;;;
BA;2922755;NOVA IBIA;7.613.683,52;2.413.710,45;2.096.665,77;0,00;4.510.376,22;12.124.059,74;;;;
BA;2922805;NOVA ITARANA;10.183.789,02;3.228.492,22;5.626.020,35;0,00;8.854.512,57;19.038.301,59;;;;
BA;2922854;NOVA REDENCAO;6.381.031,72;2.022.931,85;941.290,34;173.070,38;3.137.292,57;9.518.324,29;;;;
BA;2922904;NOVA SOURE;22.357.763,02;7.087.918,23;6.510.443,29;596.743,19;14.195.104,71;36.552.867,73;;;;
BA;2923001;NOVA VICOSA;37.455.122,44;11.874.123,76;11.167.052,45;967.701,45;24.008.877,66;61.464.000,10;;;;
BA;2923035;NOVO HORIZONTE;13.398.793,32;4.247.721,54;11.699.285,66;559.679,97;16.506.687,17;29.905.480,49;;;;
BA;2923050;NOVO TRIUNFO;17.426.679,53;5.524.652,86;14.037.092,85;0,00;19.561.745,71;36.988.425,24;;;;
BA;2923100;OLINDINA;22.130.576,62;7.015.894,99;6.785.752,08;0,00;13.801.647,07;35.932.223,69;;;;
BA;2923209;OLIVEIRA DOS BREJINHOS;20.496.837,69;6.497.962,67;13.478.636,40;857.671,15;20.834.270,22;41.331.107,91;;;;
BA;2923308;OURICANGAS;8.156.022,92;2.585.644,35;350.115,03;190.315,83;3.126.075,21;11.282.098,13;;;;
BA;2923357;OUROLANDIA;19.002.568,64;6.024.245,48;3.848.860,37;934.985,82;10.808.091,67;29.810.660,31;;;;
BA;2923407;PALMAS DE MONTE ALTO;18.118.772,29;5.744.061,97;1.810.068,68;0,00;7.554.130,65;25.672.902,94;;;;
BA;2923506;PALMEIRAS;8.647.568,45;2.741.475,43;2.406.016,85;217.850,57;5.365.342,85;14.012.911,30;;;;
BA;2923605;PARAMIRIM;15.140.125,26;4.799.763,27;8.897.073,57;674.673,77;14.371.510,61;29.511.635,87;;;;
BA;2923704;PARATINGA;29.499.807,98;9.352.108,56;8.789.436,52;866.330,10;19.007.875,18;48.507.683,16;;;;
BA;2923803;PARIPIRANGA;22.640.123,83;7.177.433,01;10.187.963,94;0,00;17.365.396,95;40.005.520,78;;;;
BA;2923902;PAU BRASIL;7.512.494,39;2.381.631,20;2.471.140,94;0,00;4.852.772,14;12.365.266,53;;;;
BA;2924009;PAULO AFONSO;77.570.418,59;24.591.582,96;13.896.021,99;0,00;38.487.604,95;116.058.023,54;;;;
BA;2924058;PE DE SERRA;14.879.495,94;4.717.137,86;9.900.069,22;0,00;14.617.207,08;29.496.703,02;;;;
BA;2924108;PEDRAO;5.891.428,36;1.867.716,48;1.257.162,94;202.742,69;3.327.622,11;9.219.050,47;;;;
BA;2924207;PEDRO ALEXANDRE;16.612.681,61;5.266.597,05;8.987.559,85;380.450,50;14.634.607,40;31.247.289,01;;;;
BA;2924306;PIATA;20.018.217,63;6.346.229,25;9.556.632,84;1.032.879,09;16.935.741,18;36.953.958,81;;;;
BA;2924405;PILAO ARCADO;35.345.993,87;11.205.482,15;13.655.353,13;0,00;24.860.835,28;60.206.829,15;;;;
BA;2924504;PINDAI;16.291.188,32;5.164.676,38;12.031.249,37;601.887,84;17.797.813,59;34.089.001,91;;;;
BA;2924603;PINDOBACU;28.107.479,93;8.910.708,96;13.759.570,08;569.933,04;23.240.212,08;51.347.692,01;;;;
BA;2924652;PINTADAS;8.314.824,39;2.635.988,02;3.217.151,98;0,00;5.853.140,00;14.167.964,39;;;;
BA;2924678;PIRAI DO NORTE;7.843.719,74;2.486.637,15;1.407.784,28;0,00;3.894.421,43;11.738.141,17;;;;
BA;2924702;PIRIPA;8.942.169,61;2.834.870,68;4.950.831,17;213.829,05;7.999.530,90;16.941.700,51;;;;
BA;2924801;PIRITIBA;14.970.220,82;4.745.899,71;3.983.080,07;785.718,50;9.514.698,28;24.484.919,10;;;;
BA;2924900;PLANALTINO;8.525.075,17;2.702.642,29;2.737.861,26;194.663,42;5.635.166,97;14.160.242,14;;;;
BA;2925006;PLANALTO;18.756.932,82;5.946.373,35;2.423.756,11;1.015.887,25;9.386.016,71;28.142.949,53;;;;
BA;2925105;POCOES;41.120.207,37;13.036.038,86;14.135.689,24;0,00;27.171.728,10;68.291.935,47;;;;
BA;2925204;POJUCA;23.665.288,96;7.502.433,62;0,00;0,00;7.502.433,62;31.167.722,58;;;;
BA;2925253;PONTO NOVO;26.010.571,88;8.245.941,53;15.419.821,25;1.410.105,13;25.075.867,91;51.086.439,79;;;;
BA;2925303;PORTO SEGURO;150.845.979,08;47.821.598,44;5.223.335,57;8.405.488,81;61.450.422,82;212.296.401,90;;;;
BA;2925402;POTIRAGUA;8.839.093,89;2.802.193,35;2.934.070,72;256.326,76;5.992.590,83;14.831.684,72;;;;
BA;2925501;PRADO;29.470.294,66;9.342.752,16;9.382.065,61;845.968,88;19.570.786,65;49.041.081,31;;;;
BA;2925600;PRESIDENTE DUTRA;11.388.621,03;3.610.451,30;3.235.261,28;628.263,23;7.473.975,81;18.862.596,84;;;;
BA;2925709;PRESIDENTE JANIO QUADROS;11.326.479,56;3.590.751,05;3.133.444,45;0,00;6.724.195,50;18.050.675,06;;;;
BA;2925758;PRESIDENTE TANCREDO NEVES;27.076.484,34;8.583.859,97;10.132.482,34;654.566,16;19.370.908,47;46.447.392,81;;;;
BA;2925808;QUEIMADAS;25.261.648,72;8.008.515,89;14.021.599,81;581.852,68;22.611.968,38;47.873.617,10;;;;
BA;2925907;QUIJINGUE;27.131.425,84;8.601.277,67;12.523.765,82;0,00;21.125.043,49;48.256.469,33;;;;
BA;2925931;QUIXABEIRA;21.597.492,18;6.846.895,12;20.148.692,27;0,00;26.995.587,39;48.593.079,57;;;;
BA;2925956;RAFAEL JAMBEIRO;17.930.648,28;5.684.422,39;686.689,85;0,00;6.371.112,24;24.301.760,52;;;;
BA;2926004;REMANSO;40.571.641,97;12.862.131,18;24.715.227,67;878.865,66;38.456.224,51;79.027.866,48;;;;
BA;2926103;RETIROLANDIA;11.343.977,38;3.596.298,25;3.728.747,15;268.318,87;7.593.364,27;18.937.341,65;;;;
BA;2926202;RIACHAO DAS NEVES;20.344.093,07;6.449.539,16;2.630.615,14;0,00;9.080.154,30;29.424.247,37;;;;
BA;2926301;RIACHAO DO JACUIPE;20.060.841,44;6.359.741,97;5.783.490,08;475.046,85;12.618.278,90;32.679.120,34;;;;
BA;2926400;RIACHO DE SANTANA;22.830.968,08;7.237.934,97;4.553.339,60;0,00;11.791.274,57;34.622.242,65;;;;
BA;2926509;RIBEIRA DO AMPARO;18.359.358,35;5.820.333,21;13.083.134,67;786.044,57;19.689.512,45;38.048.870,80;;;;
BA;2926608;RIBEIRA DO POMBAL;54.737.066,21;17.352.892,11;29.030.702,68;2.761.083,01;49.144.677,80;103.881.744,01;;;;
BA;2926657;RIBEIRAO DO LARGO;10.078.765,94;3.195.197,51;2.433.474,30;0,00;5.628.671,81;15.707.437,75;;;;
BA;2926707;RIO DE CONTAS;8.967.394,62;2.842.867,59;2.733.784,71;508.450,85;6.085.103,15;15.052.497,77;;;;
BA;2926806;RIO DO ANTONIO;17.526.848,33;5.556.408,65;18.606.910,89;0,00;24.163.319,54;41.690.167,87;;;;
BA;2926905;RIO DO PIRES;11.755.326,52;3.726.705,26;11.749.665,75;0,00;15.476.371,01;27.231.697,53;;;;
BA;2927002;RIO REAL;31.508.697,10;9.988.971,99;10.715.166,96;752.495,66;21.456.634,61;52.965.331,71;;;;
BA;2927101;RODELAS;9.612.320,64;3.047.323,77;3.072.455,39;0,00;6.119.779,16;15.732.099,80;;;;
BA;2927200;RUY BARBOSA;22.197.251,34;7.037.032,39;5.341.561,04;567.831,70;12.946.425,13;35.143.676,47;;;;
BA;2927309;SALINAS DA MARGARIDA;17.160.465,00;5.440.256,82;3.834.945,21;0,00;9.275.202,03;26.435.667,03;;;;
BA;2927408;SALVADOR;747.193.205,06;236.877.201,67;0,00;38.980.869,20;275.858.070,87;1.023.051.275,93;;;;
BA;2927507;SANTA BARBARA;20.059.271,22;6.359.244,17;10.707.589,95;0,00;17.066.834,12;37.126.105,34;;;;
BA;2927606;SANTA BRIGIDA;13.961.938,87;4.426.251,46;4.564.391,58;355.922,84;9.346.565,88;23.308.504,75;;;;
BA;2927705;SANTA CRUZ CABRALIA;40.970.812,92;12.988.677,42;18.840.686,85;1.934.895,67;33.764.259,94;74.735.072,86;;;;
BA;2927804;SANTA CRUZ DA VITORIA;6.300.493,99;1.997.399,57;3.528.210,15;0,00;5.525.609,72;11.826.103,71;;;;
BA;2927903;SANTA INES;12.934.469,78;4.100.520,44;11.035.916,64;629.132,74;15.765.569,82;28.700.039,60;;;;
BA;2928059;SANTA LUZIA;12.303.258,91;3.900.412,26;5.574.881,46;0,00;9.475.293,72;21.778.552,63;;;;
BA;2928109;SANTA MARIA DA VITORIA;33.376.432,62;10.581.086,54;12.840.700,49;0,00;23.421.787,03;56.798.219,65;;;;
BA;2928406;SANTA RITA DE CASSIA;23.599.144,97;7.481.464,48;6.091.393,14;0,00;13.572.857,62;37.172.002,59;;;;
BA;2928505;SANTA TERESINHA;9.901.257,34;3.138.923,26;3.391.818,56;233.972,89;6.764.714,71;16.665.972,05;;;;
BA;2928000;SANTALUZ;43.932.527,88;13.927.608,28;23.557.357,82;800.101,79;38.285.067,89;82.217.595,77;;;;
BA;2928208;SANTANA;18.103.648,41;5.739.267,36;3.563.209,33;491.241,63;9.793.718,32;27.897.366,73;;;;
BA;2928307;SANTANOPOLIS;8.481.057,85;2.688.687,79;3.001.624,22;0,00;5.690.312,01;14.171.369,86;;;;
BA;2928604;SANTO AMARO;47.375.956,12;15.019.253,17;10.718.500,87;2.466.968,43;28.204.722,47;75.580.678,59;;;;
BA;2928703;SANTO ANTONIO DE JESUS;54.481.833,21;17.271.977,46;10.141.500,80;3.087.261,07;30.500.739,33;84.982.572,54;;;;
BA;2928802;SANTO ESTEVAO;43.594.884,99;13.820.567,82;15.670.193,90;0,00;29.490.761,72;73.085.646,71;;;;
BA;2928901;SAO DESIDERIO;31.442.437,86;9.967.966,31;0,00;0,00;9.967.966,31;41.410.404,17;;;;
BA;2928950;SAO DOMINGOS;7.785.484,68;2.468.175,31;4.832.610,09;379.399,83;7.680.185,23;15.465.669,91;;;;
BA;2929107;SAO FELIPE;28.447.010,64;9.018.347,91;22.887.300,88;0,00;31.905.648,79;60.352.659,43;;;;
BA;2929008;SAO FELIX;12.550.865,39;3.978.909,14;9.788.153,32;0,00;13.767.062,46;26.317.927,85;;;;
BA;2929057;SAO FELIX DO CORIBE;15.528.502,38;4.922.887,63;8.026.270,52;0,00;12.949.158,15;28.477.660,53;;;;
BA;2929206;SAO FRANCISCO DO CONDE;34.805.932,58;11.034.270,46;0,00;927.558,68;11.961.829,14;46.767.761,72;;;;
BA;2929255;SAO GABRIEL;16.970.591,53;5.380.062,62;7.060.859,11;397.877,10;12.838.798,83;29.809.390,36;;;;
BA;2929305;SAO GONCALO DOS CAMPOS;21.188.271,34;6.717.162,83;2.073.947,35;1.350.434,43;10.141.544,61;31.329.815,95;;;;
BA;2929354;SAO JOSE DA VITORIA;4.550.118,37;1.442.490,78;493.255,31;313.243,98;2.248.990,07;6.799.108,44;;;;
BA;2929370;SAO JOSE DO JACUIPE;14.251.588,49;4.518.076,95;12.785.113,34;571.418,46;17.874.608,75;32.126.197,24;;;;
BA;2929404;SAO MIGUEL DAS MATAS;7.317.760,90;2.319.896,26;387.046,75;0,00;2.706.943,01;10.024.703,91;;;;
BA;2929503;SAO SEBASTIAO DO PASSE;26.459.365,53;8.388.219,30;0,00;1.519.265,91;9.907.485,21;36.366.850,74;;;;
BA;2929602;SAPEACU;29.550.831,27;9.368.284,09;21.777.479,97;1.905.440,74;33.051.204,80;62.602.036,07;;;;
BA;2929701;SATIRO DIAS;24.587.689,17;7.794.855,42;20.503.158,74;0,00;28.298.014,16;52.885.703,33;;;;
BA;2929750;SAUBARA;8.803.998,60;2.791.067,34;0,00;0,00;2.791.067,34;11.595.065,94;;;;
BA;2929800;SAUDE;9.502.870,27;3.012.625,52;1.301.734,03;0,00;4.314.359,55;13.817.229,82;;;;
BA;2929909;SEABRA;37.410.035,21;11.859.830,09;13.026.574,29;894.299,61;25.780.703,99;63.190.739,20;;;;
BA;2930006;SEBASTIAO LARANJEIRAS;7.303.204,44;2.315.281,53;1.432.337,43;0,00;3.747.618,96;11.050.823,40;;;;
BA;2930105;SENHOR DO BONFIM;51.107.264,93;16.202.162,74;19.785.228,89;1.120.664,21;37.108.055,84;88.215.320,77;;;;
BA;2930204;SENTO SE;41.617.440,74;13.193.673,12;15.764.048,20;0,00;28.957.721,32;70.575.162,06;;;;
BA;2930154;SERRA DO RAMALHO;39.274.457,54;12.450.894,27;13.642.007,92;0,00;26.092.902,19;65.367.359,73;;;;
BA;2930303;SERRA DOURADA;11.847.401,51;3.755.895,12;2.224.100,28;327.735,95;6.307.731,35;18.155.132,86;;;;
BA;2930402;SERRA PRETA;15.083.137,19;4.781.696,76;6.406.751,37;764.850,06;11.953.298,19;27.036.435,38;;;;
BA;2930501;SERRINHA;90.746.682,13;28.768.757,50;54.622.749,81;0,00;83.391.507,31;174.138.189,44;;;;
BA;2930600;SERROLANDIA;13.312.951,13;4.220.507,62;7.180.648,39;633.371,65;12.034.527,66;25.347.478,79;;;;
BA;2930709;SIMOES FILHO;87.077.833,33;27.605.649,18;0,00;0,00;27.605.649,18;114.683.482,51;;;;
BA;2930758;SITIO DO MATO;14.029.971,39;4.447.819,31;7.486.699,79;338.858,54;12.273.377,64;26.303.349,03;;;;
BA;2930766;SITIO DO QUINTO;13.386.396,39;4.243.791,42;6.806.388,45;306.505,21;11.356.685,08;24.743.081,47;;;;
BA;2930774;SOBRADINHO;22.886.195,91;7.255.443,45;10.994.631,64;573.483,57;18.823.558,66;41.709.754,57;;;;
BA;2930808;SOUTO SOARES;18.065.951,90;5.727.316,71;11.121.158,25;0,00;16.848.474,96;34.914.426,86;;;;
BA;2930907;TABOCAS DO BREJO VELHO;9.590.034,02;3.040.258,41;1.829.836,93;512.110,07;5.382.205,41;14.972.239,43;;;;
BA;2931004;TANHACU;15.572.299,90;4.936.772,44;3.338.357,46;412.513,99;8.687.643,89;24.259.943,79;;;;
BA;2931053;TANQUE NOVO;15.902.183,11;5.041.352,91;6.605.889,34;0,00;11.647.242,25;27.549.425,36;;;;
BA;2931103;TANQUINHO;7.589.779,42;2.406.132,30;5.649.068,41;133.362,37;8.188.563,08;15.778.342,50;;;;
BA;2931202;TAPEROA;23.958.054,09;7.595.246,82;9.808.065,03;1.344.275,34;18.747.587,19;42.705.641,28;;;;
BA;2931301;TAPIRAMUTA;15.294.413,65;4.848.676,19;8.243.751,67;0,00;13.092.427,86;28.386.841,51;;;;
BA;2931350;TEIXEIRA DE FREITAS;95.140.399,74;30.161.665,69;396.913,00;0,00;30.558.578,69;125.698.978,43;;;;
BA;2931400;TEODORO SAMPAIO;5.360.644,79;1.699.446,04;0,00;0,00;1.699.446,04;7.060.090,83;;;;
BA;2931509;TEOFILANDIA;23.881.647,25;7.571.024,11;9.764.787,82;553.846,95;17.889.658,88;41.771.306,13;;;;
BA;2931608;TEOLANDIA;21.870.963,16;6.933.591,63;16.659.693,85;0,00;23.593.285,48;45.464.248,64;;;;
BA;2931707;TERRA NOVA;10.499.618,12;3.328.617,20;3.970.670,34;220.821,43;7.520.108,97;18.019.727,09;;;;
BA;2931806;TREMEDAL;17.045.490,21;5.403.807,20;12.740.140,86;387.261,73;18.531.209,79;35.576.700,00;;;;
BA;2931905;TUCANO;52.773.428,13;16.730.374,27;27.390.453,31;0,00;44.120.827,58;96.894.255,71;;;;
BA;2932002;UAUA;30.338.452,76;9.617.977,98;25.353.540,24;724.634,84;35.696.153,06;66.034.605,82;;;;
BA;2932101;UBAIRA;20.802.014,21;6.594.710,56;12.706.897,90;0,00;19.301.608,46;40.103.622,67;;;;
BA;2932200;UBAITABA;17.570.533,52;5.570.257,85;6.217.103,73;0,00;11.787.361,58;29.357.895,10;;;;
BA;2932309;UBATA;16.157.040,58;5.122.148,51;5.377.114,26;788.182,14;11.287.444,91;27.444.485,49;;;;
BA;2932408;UIBAI;8.887.928,69;2.817.675,09;347.861,55;237.994,41;3.403.531,05;12.291.459,74;;;;
BA;2932457;UMBURANAS;13.750.939,18;4.359.359,76;3.577.064,63;305.309,62;8.241.734,01;21.992.673,19;;;;
BA;2932507;UNA;23.542.054,60;7.463.365,54;7.991.080,25;0,00;15.454.445,79;38.996.500,39;;;;
BA;2932606;URANDI;19.247.395,07;6.101.861,01;16.529.197,35;361.357,33;22.992.415,69;42.239.810,76;;;;
BA;2932705;URUCUCA;20.893.373,56;6.623.673,54;7.313.918,96;0,00;13.937.592,50;34.830.966,06;;;;
BA;2932804;UTINGA;10.986.407,67;3.482.940,54;149.805,12;0,00;3.632.745,66;14.619.153,33;;;;
BA;2932903;VALENCA;67.672.992,64;21.453.874,33;23.832.037,22;4.031.992,74;49.317.904,29;116.990.896,93;;;;
BA;2933000;VALENTE;25.744.205,36;8.161.497,30;13.210.030,04;617.792,78;21.989.320,12;47.733.525,48;;;;
BA;2933059;VARZEA DA ROCA;13.879.043,92;4.399.971,87;9.121.185,19;310.418,05;13.831.575,11;27.710.619,03;;;;
BA;2933109;VARZEA DO POCO;7.105.718,91;2.252.674,14;1.537.759,39;0,00;3.790.433,53;10.896.152,44;;;;
BA;2933158;VARZEA NOVA;12.191.993,88;3.865.138,72;67.384,47;0,00;3.932.523,19;16.124.517,07;;;;
BA;2933174;VARZEDO;7.794.558,73;2.471.051,99;2.845.027,80;173.179,07;5.489.258,86;13.283.817,59;;;;
BA;2933208;VERA CRUZ;37.044.537,92;11.743.959,15;2.620.742,18;0,00;14.364.701,33;51.409.239,25;;;;
BA;2933257;VEREDA;5.879.035,09;1.863.787,54;374.774,30;325.960,69;2.564.522,53;8.443.557,62;;;;
BA;2933307;VITORIA DA CONQUISTA;216.596.475,32;68.665.997,78;22.979.875,37;11.948.558,64;103.594.431,79;320.190.907,11;;;;
BA;2933406;WAGNER;6.829.222,32;2.165.018,45;1.158.782,33;183.649,52;3.507.450,30;10.336.672,62;;;;
BA;2933455;WANDERLEY;14.653.579,06;4.645.517,09;7.504.830,53;355.089,55;12.505.437,17;27.159.016,23;;;;
BA;2933505;WENCESLAU GUIMARAES;23.536.724,63;7.461.675,81;6.099.584,29;592.540,51;14.153.800,61;37.690.525,24;;;;
BA;2933604;XIQUE-XIQUE;53.910.161,35;17.090.744,50;25.072.744,65;1.530.098,66;43.693.587,81;97.603.749,16;;;;
CE;2300101;ABAIARA;7.746.343,63;3.366.629,27;2.244.748,69;0,00;5.611.377,96;13.357.721,59;;;;
CE;2300150;ACARAPE;13.842.282,70;6.015.978,17;8.387.059,10;356.756,13;14.759.793,40;28.602.076,10;;;;
CE;2300200;ACARAU;53.684.467,18;23.331.742,99;23.562.928,19;3.255.114,34;50.149.785,52;103.834.252,70;;;;
CE;2300309;ACOPIARA;32.934.238,98;14.313.510,78;6.471.797,45;0,00;20.785.308,23;53.719.547,21;;;;
CE;2300408;AIUABA;10.751.701,40;4.672.784,27;1.916.350,14;311.613,63;6.900.748,04;17.652.449,44;;;;
CE;2300507;ALCANTARAS;9.152.859,16;3.977.913,33;3.290.194,54;527.906,32;7.796.014,19;16.948.873,35;;;;
CE;2300606;ALTANEIRA;8.247.856,31;3.584.591,10;3.596.560,49;0,00;7.181.151,59;15.429.007,90;;;;
CE;2300705;ALTO SANTO;14.333.278,21;6.229.369,14;6.645.889,51;0,00;12.875.258,65;27.208.536,86;;;;
CE;2300754;AMONTADA;44.008.455,41;19.126.462,93;23.803.866,63;0,00;42.930.329,56;86.938.784,97;;;;
CE;2300804;ANTONINA DO NORTE;7.274.870,34;3.161.722,82;3.577.272,70;0,00;6.738.995,52;14.013.865,86;;;;
CE;2300903;APUIARES;9.986.441,36;4.340.195,50;3.273.472,37;0,00;7.613.667,87;17.600.109,23;;;;
CE;2301000;AQUIRAZ;72.581.421,87;31.544.526,20;8.465.469,05;4.056.520,41;44.066.515,66;116.647.937,53;;;;
CE;2301109;ARACATI;58.024.071,11;25.217.773,14;23.987.155,73;3.476.080,69;52.681.009,56;110.705.080,67;;;;
CE;2301208;ARACOIABA;27.688.073,94;12.033.481,18;18.683.378,06;0,00;30.716.859,24;58.404.933,18;;;;
CE;2301257;ARARENDA;14.439.104,92;6.275.362,37;9.383.576,20;800.609,01;16.459.547,58;30.898.652,50;;;;
CE;2301307;ARARIPE;20.420.377,09;8.874.876,01;9.820.519,53;0,00;18.695.395,54;39.115.772,63;;;;
CE;2301406;ARATUBA;13.378.598,92;5.814.457,11;9.688.242,40;664.348,24;16.167.047,75;29.545.646,67;;;;
CE;2301505;ARNEIROZ;5.724.384,37;2.487.867,94;1.211.731,17;331.322,72;4.030.921,83;9.755.306,20;;;;
CE;2301604;ASSARE;18.206.463,41;7.912.689,60;12.682.571,99;915.892,64;21.511.154,23;39.717.617,64;;;;
CE;2301703;AURORA;13.296.369,92;5.778.719,66;1.434.722,16;474.648,32;7.688.090,14;20.984.460,06;;;;
CE;2301802;BAIXIO;4.188.144,13;1.820.204,38;706.642,13;121.044,20;2.647.890,71;6.836.034,84;;;;
CE;2301851;BANABUIU;17.239.530,38;7.492.451,98;6.402.395,07;949.477,79;14.844.324,84;32.083.855,22;;;;
CE;2301901;BARBALHA;46.134.875,76;20.050.623,97;11.161.729,18;1.365.433,62;32.577.786,77;78.712.662,53;;;;
CE;2301950;BARREIRA;21.627.448,61;9.399.479,94;12.515.971,00;0,00;21.915.450,94;43.542.899,55;;;;
CE;2302008;BARRO;13.168.659,68;5.723.215,66;4.577.100,10;0,00;10.300.315,76;23.468.975,44;;;;
CE;2302057;BARROQUINHA;14.405.955,38;6.260.955,29;6.478.339,38;886.691,32;13.625.985,99;28.031.941,37;;;;
CE;2302107;BATURITE;31.011.048,94;13.477.675,42;21.214.447,60;714.780,30;35.406.903,32;66.417.952,26;;;;
CE;2302206;BEBERIBE;44.480.076,24;19.331.433,50;15.729.163,86;2.498.162,40;37.558.759,76;82.038.836,00;;;;
CE;2302305;BELA CRUZ;22.554.755,13;9.802.495,54;12.158.765,02;0,00;21.961.260,56;44.516.015,69;;;;
CE;2302404;BOA VIAGEM;44.684.519,43;19.420.286,31;24.550.660,80;1.353.984,97;45.324.932,08;90.009.451,51;;;;
CE;2302503;BREJO SANTO;53.877.023,53;23.415.429,68;21.216.609,66;1.883.123,10;46.515.162,44;100.392.185,97;;;;
CE;2302602;CAMOCIM;47.400.376,25;20.600.621,64;21.099.452,54;2.567.035,50;44.267.109,68;91.667.485,93;;;;
CE;2302701;CAMPOS SALES;17.494.213,32;7.603.139,43;5.594.038,20;0,00;13.197.177,63;30.691.390,95;;;;
CE;2302800;CANINDE;67.900.013,92;29.509.945,01;34.811.304,47;3.776.970,26;68.098.219,74;135.998.233,66;;;;
CE;2302909;CAPISTRANO;13.073.684,90;5.681.938,78;2.097.319,08;364.835,40;8.144.093,26;21.217.778,16;;;;
CE;2303006;CARIDADE;21.722.894,32;9.440.961,49;10.913.193,07;0,00;20.354.154,56;42.077.048,88;;;;
CE;2303105;CARIRE;17.485.770,08;7.599.469,92;11.506.221,90;689.346,89;19.795.038,71;37.280.808,79;;;;
CE;2303204;CARIRIACU;22.185.222,93;9.641.893,59;7.828.068,67;1.347.065,05;18.817.027,31;41.002.250,24;;;;
CE;2303303;CARIUS;13.471.758,92;5.854.945,26;5.402.470,31;0,00;11.257.415,57;24.729.174,49;;;;
CE;2303402;CARNAUBAL;16.814.329,83;7.307.656,07;9.780.261,21;988.895,95;18.076.813,23;34.891.143,06;;;;
CE;2303501;CASCAVEL;62.370.771,60;27.106.887,51;31.622.080,44;3.609.515,52;62.338.483,47;124.709.255,07;;;;
CE;2303600;CATARINA;8.702.034,43;3.781.980,93;2.254.872,40;231.183,19;6.268.036,52;14.970.070,95;;;;
CE;2303659;CATUNDA;14.785.666,72;6.425.981,18;7.584.134,68;397.913,33;14.408.029,19;29.193.695,91;;;;
CE;2303709;CAUCAIA;256.160.723,16;111.329.709,91;97.267.037,33;14.228.254,56;222.825.001,80;478.985.724,96;;;;
CE;2303808;CEDRO;14.500.730,47;6.302.145,38;3.674.000,90;0,00;9.976.146,28;24.476.876,75;;;;
CE;2303907;CHAVAL;12.518.807,76;5.440.784,28;8.123.138,06;319.910,29;13.883.832,63;26.402.640,39;;;;
CE;2303931;CHORO;10.993.883,70;4.778.038,83;3.230.684,27;0,00;8.008.723,10;19.002.606,80;;;;
CE;2303956;CHOROZINHO;18.678.224,71;8.117.721,22;6.367.209,17;1.063.638,30;15.548.568,69;34.226.793,40;;;;
CE;2304004;COREAU;27.560.021,85;11.977.828,61;26.598.421,45;0,00;38.576.250,06;66.136.271,91;;;;
CE;2304103;CRATEUS;56.735.887,19;24.657.917,05;22.909.649,35;0,00;47.567.566,40;104.303.453,59;;;;
CE;2304202;CRATO;81.849.627,93;35.572.570,31;25.700.362,90;0,00;61.272.933,21;143.122.561,14;;;;
CE;2304236;CROATA;22.957.416,33;9.977.495,65;17.090.900,20;0,00;27.068.395,85;50.025.812,18;;;;
CE;2304251;CRUZ;27.759.093,94;12.064.347,10;15.994.148,96;1.730.812,47;29.789.308,53;57.548.402,47;;;;
CE;2304269;DEPUTADO IRAPUAN PINHEIRO;8.415.154,98;3.657.300,58;7.054.930,61;0,00;10.712.231,19;19.127.386,17;;;;
CE;2304277;ERERE;5.493.570,59;2.387.554,23;1.163.446,50;0,00;3.551.000,73;9.044.571,32;;;;
CE;2304285;EUSEBIO;65.070.837,40;28.280.359,94;0,00;2.244.444,20;30.524.804,14;95.595.641,54;;;;
CE;2304301;FARIAS BRITO;16.160.782,51;7.023.618,64;7.592.370,79;0,00;14.615.989,43;30.776.771,94;;;;
CE;2304350;FORQUILHA;20.867.668,29;9.069.272,71;14.626.522,38;489.466,36;24.185.261,45;45.052.929,74;;;;
CE;2304400;FORTALEZA;1.227.381.197,92;533.430.695,50;0,00;69.986.045,26;603.416.740,76;1.830.797.938,68;;;;
CE;2304459;FORTIM;12.317.969,87;5.353.498,37;2.748.565,67;0,00;8.102.064,04;20.420.033,91;;;;
CE;2304509;FRECHEIRINHA;15.325.787,83;6.660.722,59;8.892.601,53;0,00;15.553.324,12;30.879.111,95;;;;
CE;2304608;GENERAL SAMPAIO;9.905.715,93;4.305.111,52;6.047.365,09;240.313,13;10.592.789,74;20.498.505,67;;;;
CE;2304657;GRACA;19.053.020,31;8.280.610,70;8.131.518,72;1.119.070,10;17.531.199,52;36.584.219,83;;;;
CE;2304707;GRANJA;51.788.430,01;22.507.708,52;35.138.202,20;0,00;57.645.910,72;109.434.340,73;;;;
CE;2304806;GRANJEIRO;5.007.831,00;2.176.447,53;1.342.405,93;0,00;3.518.853,46;8.526.684,46;;;;
CE;2304905;GROAIRAS;9.809.492,56;4.263.291,99;3.871.802,56;0,00;8.135.094,55;17.944.587,11;;;;
CE;2304954;GUAIUBA;20.322.305,34;8.832.253,17;8.283.392,19;535.659,52;17.651.304,88;37.973.610,22;;;;
CE;2305001;GUARACIABA DO NORTE;41.071.930,50;17.850.223,30;23.111.721,71;0,00;40.961.945,01;82.033.875,51;;;;
CE;2305100;GUARAMIRANGA;5.689.348,14;2.472.640,88;1.085.434,50;0,00;3.558.075,38;9.247.423,52;;;;
CE;2305209;HIDROLANDIA;13.349.327,49;5.801.735,48;4.161.613,58;742.713,58;10.706.062,64;24.055.390,13;;;;
CE;2305233;HORIZONTE;59.463.120,59;25.843.196,74;21.336.953,86;3.701.394,63;50.881.545,23;110.344.665,82;;;;
CE;2305266;IBARETAMA;11.501.434,35;4.998.624,82;5.703.743,62;327.989,56;11.030.358,00;22.531.792,35;;;;
CE;2305308;IBIAPINA;22.922.519,58;9.962.329,21;13.545.211,84;0,00;23.507.541,05;46.430.060,63;;;;
CE;2305332;IBICUITINGA;14.217.722,60;6.179.147,66;6.267.814,52;783.689,63;13.230.651,81;27.448.374,41;;;;
CE;2305357;ICAPUI;17.786.894,45;7.730.341,23;783.921,66;0,00;8.514.262,89;26.301.157,34;;;;
CE;2305407;ICO;50.945.741,82;22.141.468,80;19.049.081,89;0,00;41.190.550,69;92.136.292,51;;;;
CE;2305506;IGUATU;59.664.889,03;25.930.887,08;20.819.840,05;1.677.047,26;48.427.774,39;108.092.663,42;;;;
CE;2305605;INDEPENDENCIA;15.344.521,38;6.668.864,34;2.833.338,72;0,00;9.502.203,06;24.846.724,44;;;;
CE;2305654;IPAPORANGA;11.832.571,60;5.142.540,00;8.627.492,33;275.854,69;14.045.887,02;25.878.458,62;;;;
CE;2305704;IPAUMIRIM;9.613.936,04;4.178.301,41;4.338.385,32;247.812,73;8.764.499,46;18.378.435,50;;;;
CE;2305803;IPU;37.787.131,42;16.422.620,64;26.802.248,40;1.211.891,18;44.436.760,22;82.223.891,64;;;;
CE;2305902;IPUEIRAS;33.271.048,06;14.459.890,97;12.807.609,13;0,00;27.267.500,10;60.538.548,16;;;;
CE;2306009;IRACEMA;11.108.479,80;4.827.843,31;3.791.282,47;0,00;8.619.125,78;19.727.605,58;;;;
CE;2306108;IRAUCUBA;27.254.036,05;11.844.844,48;15.345.822,81;0,00;27.190.667,29;54.444.703,34;;;;
CE;2306207;ITAICABA;5.441.669,03;2.364.997,36;0,00;0,00;2.364.997,36;7.806.666,39;;;;
CE;2306256;ITAITINGA;48.641.915,86;21.140.205,71;25.113.084,84;2.523.885,65;48.777.176,20;97.419.092,06;;;;
CE;2306306;ITAPAJE;37.416.591,92;16.261.580,91;16.514.522,78;1.105.012,88;33.881.116,57;71.297.708,49;;;;
CE;2306405;ITAPIPOCA;133.107.672,40;57.849.768,58;99.850.494,42;0,00;157.700.263,00;290.807.935,40;;;;
CE;2306504;ITAPIUNA;14.152.014,21;6.150.590,21;4.672.695,48;0,00;10.823.285,69;24.975.299,90;;;;
CE;2306553;ITAREMA;33.335.018,96;14.487.693,29;11.960.295,69;1.972.031,35;28.420.020,33;61.755.039,29;;;;
CE;2306603;ITATIRA;35.810.196,04;15.563.427,08;22.583.310,25;1.963.481,09;40.110.218,42;75.920.414,46;;;;
CE;2306702;JAGUARETAMA;14.005.335,69;6.086.842,44;6.494.403,37;709.708,11;13.290.953,92;27.296.289,61;;;;
CE;2306801;JAGUARIBARA;12.462.862,08;5.416.469,79;5.732.116,99;778.037,76;11.926.624,54;24.389.486,62;;;;
CE;2306900;JAGUARIBE;33.482.690,79;14.551.872,77;13.266.039,81;1.132.040,41;28.949.952,99;62.432.643,78;;;;
CE;2307007;JAGUARUANA;25.838.509,65;11.229.644,21;12.407.498,99;560.187,19;24.197.330,39;50.035.840,04;;;;
CE;2307106;JARDIM;22.832.682,71;9.923.285,31;5.483.501,50;0,00;15.406.786,81;38.239.469,52;;;;
CE;2307205;JATI;7.532.128,70;3.273.529,57;2.398.447,91;0,00;5.671.977,48;13.204.106,18;;;;
CE;2307254;JIJOCA DE JERICOACOARA;25.621.315,03;11.135.249,52;10.602.915,70;1.636.143,66;23.374.308,88;48.995.623,91;;;;
CE;2307304;JUAZEIRO DO NORTE;150.612.916,19;65.457.701,95;33.899.806,10;9.286.310,88;108.643.818,93;259.256.735,12;;;;
CE;2307403;JUCAS;20.234.004,24;8.793.876,73;5.488.858,79;1.300.618,28;15.583.353,80;35.817.358,04;;;;
CE;2307502;LAVRAS DA MANGABEIRA;18.400.052,43;7.996.825,09;4.827.295,21;1.100.520,37;13.924.640,67;32.324.693,10;;;;
CE;2307601;LIMOEIRO DO NORTE;36.537.068,38;15.879.332,22;12.513.587,13;2.396.392,53;30.789.311,88;67.326.380,26;;;;
CE;2307635;MADALENA;19.967.515,06;8.678.058,18;11.653.799,39;0,00;20.331.857,57;40.299.372,63;;;;
CE;2307650;MARACANAU;185.139.044,79;80.463.062,00;59.009.596,76;10.360.419,64;149.833.078,40;334.972.123,19;;;;
CE;2307700;MARANGUAPE;71.370.927,06;31.018.434,48;35.025.940,95;4.272.849,32;70.317.224,75;141.688.151,81;;;;
CE;2307809;MARCO;27.880.800,21;12.117.241,71;12.605.810,11;1.671.033,09;26.394.084,91;54.274.885,12;;;;
CE;2307908;MARTINOPOLE;11.416.108,34;4.961.541,39;7.946.808,07;0,00;12.908.349,46;24.324.457,80;;;;
CE;2308005;MASSAPE;37.942.065,92;16.489.956,54;28.234.992,81;901.436,90;45.626.386,25;83.568.452,17;;;;
CE;2308104;MAURITI;38.255.081,48;16.625.995,86;22.281.572,40;0,00;38.907.568,26;77.162.649,74;;;;
CE;2308203;MERUOCA;13.820.037,28;6.006.310,11;6.490.600,64;511.131,86;13.008.042,61;26.828.079,89;;;;
CE;2308302;MILAGRES;19.530.281,34;8.488.032,55;7.693.356,60;549.354,44;16.730.743,59;36.261.024,93;;;;
CE;2308351;MILHA;10.878.625,47;4.727.946,59;6.304.357,27;0,00;11.032.303,86;21.910.929,33;;;;
CE;2308377;MIRAIMA;11.922.834,74;5.181.769,15;6.003.287,42;0,00;11.185.056,57;23.107.891,31;;;;
CE;2308401;MISSAO VELHA;30.580.142,28;13.290.399,58;17.383.916,47;0,00;30.674.316,05;61.254.458,33;;;;
CE;2308500;MOMBACA;33.324.338,98;14.483.051,68;14.218.962,41;0,00;28.702.014,09;62.026.353,07;;;;
CE;2308609;MONSENHOR TABOSA;21.164.714,99;9.198.371,83;16.065.681,16;759.886,56;26.023.939,55;47.188.654,54;;;;
CE;2308708;MORADA NOVA;45.641.004,70;19.835.983,25;16.951.477,95;0,00;36.787.461,20;82.428.465,90;;;;
CE;2308807;MORAUJO;7.904.182,56;3.435.227,46;3.105.610,96;0,00;6.540.838,42;14.445.020,98;;;;
CE;2308906;MORRINHOS;18.192.441,48;7.906.595,54;7.072.926,29;0,00;14.979.521,83;33.171.963,31;;;;
CE;2309003;MUCAMBO;12.676.434,94;5.509.290,44;4.587.952,17;387.660,26;10.484.902,87;23.161.337,81;;;;
CE;2309102;MULUNGU;10.320.722,20;4.485.476,91;7.240.645,82;0,00;11.726.122,73;22.046.844,93;;;;
CE;2309201;NOVA OLINDA;12.381.393,55;5.381.062,85;4.686.919,66;0,00;10.067.982,51;22.449.376,06;;;;
CE;2309300;NOVA RUSSAS;27.796.966,42;12.080.806,81;12.590.335,88;1.893.629,78;26.564.772,47;54.361.738,89;;;;
CE;2309409;NOVO ORIENTE;30.265.600,17;13.153.696,81;18.101.968,63;812.021,43;32.067.686,87;62.333.287,04;;;;
CE;2309458;OCARA;19.829.264,71;8.617.973,36;8.536.705,88;0,00;17.154.679,24;36.983.943,95;;;;
CE;2309508;OROS;17.083.955,47;7.424.837,75;6.150.430,72;963.462,54;14.538.731,01;31.622.686,48;;;;
CE;2309607;PACAJUS;50.908.474,82;22.125.272,22;22.759.682,98;0,00;44.884.955,20;95.793.430,02;;;;
CE;2309706;PACATUBA;50.208.744,10;21.821.163,08;23.818.768,84;3.294.170,21;48.934.102,13;99.142.846,23;;;;
CE;2309805;PACOTI;10.049.439,44;4.367.575,02;2.457.802,52;561.165,39;7.386.542,93;17.435.982,37;;;;
CE;2309904;PACUJA;7.707.321,11;3.349.669,74;2.783.241,42;531.239,47;6.664.150,63;14.371.471,74;;;;
CE;2310001;PALHANO;7.033.776,09;3.056.941,14;675.047,07;0,00;3.731.988,21;10.765.764,30;;;;
CE;2310100;PALMACIA;8.443.630,68;3.669.676,38;2.843.174,89;477.329,34;6.990.180,61;15.433.811,29;;;;
CE;2310209;PARACURU;33.964.312,50;14.761.189,82;12.438.407,87;914.950,67;28.114.548,36;62.078.860,86;;;;
CE;2310258;PARAIPABA;30.120.032,34;13.090.431,74;15.629.380,38;0,00;28.719.812,12;58.839.844,46;;;;
CE;2310308;PARAMBU;23.947.985,91;10.408.005,93;9.815.667,87;1.358.912,24;21.582.586,04;45.530.571,95;;;;
CE;2310407;PARAMOTI;10.026.308,35;4.357.522,05;4.475.022,28;0,00;8.832.544,33;18.858.852,68;;;;
CE;2310506;PEDRA BRANCA;34.780.632,44;15.115.969,67;18.167.053,31;911.037,83;34.194.060,81;68.974.693,25;;;;
CE;2310605;PENAFORTE;7.495.791,55;3.257.737,13;2.270.891,83;212.995,76;5.741.624,72;13.237.416,27;;;;
CE;2310704;PENTECOSTE;31.250.597,35;13.581.785,27;13.596.452,20;810.970,77;27.989.208,24;59.239.805,59;;;;
CE;2310803;PEREIRO;19.313.310,21;8.393.734,98;9.966.990,32;1.194.464,58;19.555.189,88;38.868.500,09;;;;
CE;2310852;PINDORETAMA;22.515.444,70;9.785.410,88;10.831.310,26;0,00;20.616.721,14;43.132.165,84;;;;
CE;2310902;PIQUET CARNEIRO;12.862.245,89;5.590.045,52;5.802.205,33;707.172,01;12.099.422,86;24.961.668,75;;;;
CE;2310951;PIRES FERREIRA;8.004.429,18;3.478.795,53;3.250.564,51;492.944,44;7.222.304,48;15.226.733,66;;;;
CE;2311009;PORANGA;12.089.942,40;5.254.395,62;7.503.676,35;298.027,41;13.056.099,38;25.146.041,78;;;;
CE;2311108;PORTEIRAS;18.423.468,34;8.007.001,86;9.727.097,66;0,00;17.734.099,52;36.157.567,86;;;;
CE;2311207;POTENGI;6.994.296,20;3.039.782,82;1.418.606,77;0,00;4.458.389,59;11.452.685,79;;;;
CE;2311231;POTIRETAMA;7.975.675,01;3.466.298,71;5.132.969,27;0,00;8.599.267,98;16.574.942,99;;;;
CE;2311264;QUITERIANOPOLIS;24.370.091,26;10.591.456,64;13.710.605,76;562.360,98;24.864.423,38;49.234.514,64;;;;
CE;2311306;QUIXADA;57.589.284,19;25.028.810,91;27.553.498,91;0,00;52.582.309,82;110.171.594,01;;;;
CE;2311355;QUIXELO;15.220.459,71;6.614.946,05;6.245.365,77;0,00;12.860.311,82;28.080.771,53;;;;
CE;2311405;QUIXERAMOBIM;66.796.116,61;29.030.181,49;28.583.971,70;3.529.990,83;61.144.144,02;127.940.260,63;;;;
CE;2311504;QUIXERE;14.875.881,37;6.465.189,27;4.214.036,41;0,00;10.679.225,68;25.555.107,05;;;;
CE;2311603;REDENCAO;22.605.875,39;9.824.712,85;7.691.919,86;1.464.522,48;18.981.155,19;41.587.030,58;;;;
CE;2311702;RERIUTABA;17.457.900,14;7.587.357,40;12.884.676,26;0,00;20.472.033,66;37.929.933,80;;;;
CE;2311801;RUSSAS;59.354.071,21;25.795.802,91;26.186.683,14;3.579.662,06;55.562.148,11;114.916.219,32;;;;
CE;2311900;SABOEIRO;12.232.123,72;5.316.188,87;2.880.917,69;0,00;8.197.106,56;20.429.230,28;;;;
CE;2311959;SALITRE;19.145.927,65;8.320.989,05;9.243.001,30;1.096.209,01;18.660.199,36;37.806.127,01;;;;
CE;2312205;SANTA QUITERIA;34.661.888,89;15.064.362,67;13.916.777,19;2.102.930,09;31.084.069,95;65.745.958,84;;;;
CE;2312007;SANTANA DO ACARAU;21.757.195,85;9.455.869,24;5.335.705,60;0,00;14.791.574,84;36.548.770,69;;;;
CE;2312106;SANTANA DO CARIRI;14.302.270,02;6.215.892,71;5.767.121,63;0,00;11.983.014,34;26.285.284,36;;;;
CE;2312304;SAO BENEDITO;43.546.156,54;18.925.543,76;14.541.845,65;1.223.665,91;34.691.055,32;78.237.211,86;;;;
CE;2312403;SAO GONCALO DO AMARANTE;63.657.781,62;27.666.233,42;0,00;3.673.026,59;31.339.260,01;94.997.041,63;;;;
CE;2312502;SAO JOAO DO JAGUARIBE;4.495.798,50;1.953.913,69;1.028.565,42;321.576,86;3.304.055,97;7.799.854,47;;;;
CE;2312601;SAO LUIS DO CURU;7.826.796,32;3.401.594,72;1.071.660,97;238.972,62;4.712.228,31;12.539.024,63;;;;
CE;2312700;SENADOR POMPEU;14.174.631,12;6.160.419,72;4.657.671,01;0,00;10.818.090,73;24.992.721,85;;;;
CE;2312809;SENADOR SA;8.738.004,11;3.797.613,67;6.381.129,09;429.071,07;10.607.813,83;19.345.817,94;;;;
CE;2312908;SOBRAL;159.126.536,39;69.157.796,39;70.635.563,00;4.975.130,30;144.768.489,69;303.895.026,08;;;;
CE;2313005;SOLONOPOLE;18.272.113,07;7.941.221,52;11.718.734,50;722.098,75;20.382.054,77;38.654.167,84;;;;
CE;2313104;TABULEIRO DO NORTE;18.410.434,57;8.001.337,26;8.442.569,26;992.192,88;17.436.099,40;35.846.533,97;;;;
CE;2313203;TAMBORIL;22.796.442,50;9.907.535,00;15.386.992,30;0,00;25.294.527,30;48.090.969,80;;;;
CE;2313252;TARRAFAS;5.770.567,09;2.507.939,36;820.549,33;0,00;3.328.488,69;9.099.055,78;;;;
CE;2313302;TAUA;49.659.079,33;21.582.273,92;27.060.884,75;1.200.587,44;49.843.746,11;99.502.825,44;;;;
CE;2313351;TEJUCUOCA;22.125.358,30;9.615.875,89;13.262.804,23;0,00;22.878.680,12;45.004.038,42;;;;
CE;2313401;TIANGUA;71.678.565,80;31.152.136,98;32.998.657,69;4.126.226,79;68.277.021,46;139.955.587,26;;;;
CE;2313500;TRAIRI;51.896.164,48;22.554.530,87;21.719.665,42;3.016.793,86;47.290.990,15;99.187.154,63;;;;
CE;2313559;TURURU;16.570.844,33;7.201.835,12;10.392.988,67;428.817,46;18.023.641,25;34.594.485,58;;;;
CE;2313609;UBAJARA;32.080.821,77;13.942.608,13;11.139.278,50;0,00;25.081.886,63;57.162.708,40;;;;
CE;2313708;UMARI;5.140.312,54;2.234.025,17;1.661.482,71;292.158,16;4.187.666,04;9.327.978,58;;;;
CE;2313757;UMIRIM;15.844.144,69;6.886.005,05;6.619.478,61;0,00;13.505.483,66;29.349.628,35;;;;
CE;2313807;URUBURETAMA;21.454.441,59;9.324.289,57;12.910.779,20;1.114.939,88;23.350.008,65;44.804.450,24;;;;
CE;2313906;URUOCA;13.821.050,58;6.006.750,50;7.713.816,91;829.629,18;14.550.196,59;28.371.247,17;;;;
CE;2313955;VARJOTA;21.686.726,14;9.425.242,48;13.919.350,61;0,00;23.344.593,09;45.031.319,23;;;;
CE;2314003;VARZEA ALEGRE;28.119.289,47;12.220.891,25;13.385.351,84;0,00;25.606.243,09;53.725.532,56;;;;
CE;2314102;VICOSA DO CEARA;60.453.238,68;26.273.510,79;32.854.876,03;0,00;59.128.386,82;119.581.625,50;;;;
ES;3200102;AFONSO CLAUDIO;24.909.070,21;0,00;3.224.818,13;457.765,17;3.682.583,30;28.591.653,51;;;;
ES;3200169;AGUA DOCE DO NORTE;10.317.158,45;0,00;963.208,41;201.764,48;1.164.972,89;11.482.131,34;;;;
ES;3200136;AGUIA BRANCA;10.169.022,24;0,00;1.075.641,33;359.690,75;1.435.332,08;11.604.354,32;;;;
ES;3200201;ALEGRE;16.737.664,20;0,00;0,00;0,00;0,00;16.737.664,20;;;;
ES;3200300;ALFREDO CHAVES;13.421.279,34;0,00;0,00;230.893,35;230.893,35;13.652.172,69;;;;
ES;3200359;ALTO RIO NOVO;6.557.743,93;0,00;966.815,40;0,00;966.815,40;7.524.559,33;;;;
ES;3200409;ANCHIETA;39.437.716,70;0,00;0,00;1.416.155,53;1.416.155,53;40.853.872,23;;;;
ES;3200508;APIACA;6.344.666,03;0,00;259.068,08;0,00;259.068,08;6.603.734,11;;;;
ES;3200607;ARACRUZ;104.090.572,44;0,00;0,00;4.294.732,20;4.294.732,20;108.385.304,64;;;;
ES;3200706;ATILIO VIVACQUA;14.855.833,45;0,00;3.320.757,89;283.499,21;3.604.257,10;18.460.090,55;;;;
ES;3200805;BAIXO GUANDU;27.090.786,14;0,00;0,00;0,00;0,00;27.090.786,14;;;;
ES;3200904;BARRA DE SAO FRANCISCO;34.467.642,13;0,00;418.894,19;0,00;418.894,19;34.886.536,32;;;;
ES;3201001;BOA ESPERANCA;14.015.413,42;0,00;2.667.113,74;0,00;2.667.113,74;16.682.527,16;;;;
ES;3201100;BOM JESUS DO NORTE;8.910.568,82;0,00;649.583,39;0,00;649.583,39;9.560.152,21;;;;
ES;3201159;BREJETUBA;11.400.702,81;0,00;1.425.344,97;201.402,18;1.626.747,15;13.027.449,96;;;;
ES;3201209;CACHOEIRO DE ITAPEMIRIM;147.208.783,90;0,00;7.035.086,37;5.757.877,95;12.792.964,32;160.001.748,22;;;;
ES;3201308;CARIACICA;312.641.807,24;0,00;41.412.166,67;12.871.697,27;54.283.863,94;366.925.671,18;;;;
ES;3201407;CASTELO;33.357.916,40;0,00;1.271.073,58;0,00;1.271.073,58;34.628.989,98;;;;
ES;3201506;COLATINA;104.859.718,96;0,00;13.669.281,06;0,00;13.669.281,06;118.529.000,02;;;;
ES;3201605;CONCEICAO DA BARRA;35.625.073,29;0,00;6.070.173,46;649.638,89;6.719.812,35;42.344.885,64;;;;
ES;3201704;CONCEICAO DO CASTELO;10.009.770,60;0,00;350.209,26;379.653,44;729.862,70;10.739.633,30;;;;
ES;3201803;DIVINO DE SAO LOURENCO;3.356.294,13;0,00;183.063,22;66.626,84;249.690,06;3.605.984,19;;;;
ES;3201902;DOMINGOS MARTINS;34.965.541,36;0,00;0,00;1.438.763,00;1.438.763,00;36.404.304,36;;;;
ES;3202009;DORES DO RIO PRETO;5.642.024,23;0,00;0,00;0,00;0,00;5.642.024,23;;;;
ES;3202108;ECOPORANGA;15.243.678,27;0,00;1.267.492,76;0,00;1.267.492,76;16.511.171,03;;;;
ES;3202207;FUNDAO;17.835.593,12;0,00;0,00;773.980,01;773.980,01;18.609.573,13;;;;
ES;3202256;GOVERNADOR LINDENBERG;6.533.249,30;0,00;740.133,86;0,00;740.133,86;7.273.383,16;;;;
ES;3202306;GUACUI;30.786.286,36;0,00;5.561.514,10;1.124.613,27;6.686.127,37;37.472.413,73;;;;
ES;3202405;GUARAPARI;139.710.298,61;0,00;9.155.523,38;0,00;9.155.523,38;148.865.821,99;;;;
ES;3202454;IBATIBA;27.983.722,07;0,00;8.414.788,67;0,00;8.414.788,67;36.398.510,74;;;;
ES;3202504;IBIRACU;9.042.921,88;0,00;119.776,94;0,00;119.776,94;9.162.698,82;;;;
ES;3202553;IBITIRAMA;10.465.391,88;0,00;3.075.260,80;0,00;3.075.260,80;13.540.652,68;;;;
ES;3202603;ICONHA;10.625.410,94;0,00;0,00;0,00;0,00;10.625.410,94;;;;
ES;3202652;IRUPI;12.305.556,55;0,00;3.289.792,35;0,00;3.289.792,35;15.595.348,90;;;;
ES;3202702;ITAGUACU;9.762.322,75;0,00;341.964,76;0,00;341.964,76;10.104.287,51;;;;
ES;3202801;ITAPEMIRIM;51.708.575,12;0,00;0,00;1.123.816,22;1.123.816,22;52.832.391,34;;;;
ES;3202900;ITARANA;6.318.309,84;0,00;0,00;231.871,56;231.871,56;6.550.181,40;;;;
ES;3203007;IUNA;23.593.160,20;0,00;3.260.050,01;0,00;3.260.050,01;26.853.210,21;;;;
ES;3203056;JAGUARE;36.614.093,46;0,00;5.464.100,32;1.392.787,22;6.856.887,54;43.470.981,00;;;;
ES;3203106;JERONIMO MONTEIRO;10.334.569,47;0,00;2.423.808,95;0,00;2.423.808,95;12.758.378,42;;;;
ES;3203130;JOAO NEIVA;13.865.774,61;0,00;0,00;0,00;0,00;13.865.774,61;;;;
ES;3203163;LARANJA DA TERRA;9.174.478,29;0,00;1.575.246,31;0,00;1.575.246,31;10.749.724,60;;;;
ES;3203205;LINHARES;174.417.767,30;0,00;0,00;6.918.684,92;6.918.684,92;181.336.452,22;;;;
ES;3203304;MANTENOPOLIS;10.001.608,16;0,00;0,00;0,00;0,00;10.001.608,16;;;;
ES;3203320;MARATAIZES;53.334.411,17;0,00;7.103.610,11;0,00;7.103.610,11;60.438.021,28;;;;
ES;3203346;MARECHAL FLORIANO;16.117.235,84;0,00;0,00;638.516,30;638.516,30;16.755.752,14;;;;
ES;3203353;MARILANDIA;10.312.475,86;0,00;1.552.309,55;0,00;1.552.309,55;11.864.785,41;;;;
ES;3203403;MIMOSO DO SUL;17.412.913,67;0,00;8.081,64;0,00;8.081,64;17.420.995,31;;;;
ES;3203502;MONTANHA;19.502.925,20;0,00;1.647.361,00;0,00;1.647.361,00;21.150.286,20;;;;
ES;3203601;MUCURICI;4.995.850,58;0,00;0,00;0,00;0,00;4.995.850,58;;;;
ES;3203700;MUNIZ FREIRE;16.792.911,73;0,00;1.392.155,15;0,00;1.392.155,15;18.185.066,88;;;;
ES;3203809;MUQUI;10.442.323,64;0,00;883.471,85;394.688,86;1.278.160,71;11.720.484,35;;;;
ES;3203908;NOVA VENECIA;49.930.179,43;0,00;9.239.876,44;0,00;9.239.876,44;59.170.055,87;;;;
ES;3204005;PANCAS;13.591.634,21;0,00;82.115,21;0,00;82.115,21;13.673.749,42;;;;
ES;3204054;PEDRO CANARIO;19.950.921,34;0,00;4.744.657,44;448.200,47;5.192.857,91;25.143.779,25;;;;
ES;3204104;PINHEIROS;25.849.506,12;0,00;2.788.647,83;0,00;2.788.647,83;28.638.153,95;;;;
ES;3204203;PIUMA;26.812.591,48;0,00;7.672.840,63;0,00;7.672.840,63;34.485.432,11;;;;
ES;3204252;PONTO BELO;5.925.125,64;0,00;512.262,58;0,00;512.262,58;6.437.388,22;;;;
ES;3204302;PRESIDENTE KENNEDY;20.619.779,85;0,00;0,00;0,00;0,00;20.619.779,85;;;;
ES;3204351;RIO BANANAL;24.323.194,20;0,00;3.256.396,64;0,00;3.256.396,64;27.579.590,84;;;;
ES;3204401;RIO NOVO DO SUL;8.323.342,20;0,00;52.909,33;0,00;52.909,33;8.376.251,53;;;;
ES;3204500;SANTA LEOPOLDINA;9.793.320,35;0,00;1.559.563,21;0,00;1.559.563,21;11.352.883,56;;;;
ES;3204559;SANTA MARIA DE JETIBA;28.444.805,37;0,00;0,00;0,00;0,00;28.444.805,37;;;;
ES;3204609;SANTA TERESA;19.448.224,13;0,00;0,00;0,00;0,00;19.448.224,13;;;;
ES;3204658;SAO DOMINGOS DO NORTE;9.651.888,54;0,00;1.036.397,04;388.239,94;1.424.636,98;11.076.525,52;;;;
ES;3204708;SAO GABRIEL DA PALHA;27.234.520,27;0,00;2.717.949,61;1.077.731,74;3.795.681,35;31.030.201,62;;;;
ES;3204807;SAO JOSE DO CALCADO;11.666.619,86;0,00;4.661.713,55;414.289,26;5.076.002,81;16.742.622,67;;;;
ES;3204906;SAO MATEUS;113.265.150,47;0,00;6.489.052,99;4.479.323,70;10.968.376,69;124.233.527,16;;;;
ES;3204955;SAO ROQUE DO CANAA;7.209.668,68;0,00;2.383.994,85;0,00;2.383.994,85;9.593.663,53;;;;
ES;3205002;SERRA;419.111.856,17;0,00;0,00;17.430.183,37;17.430.183,37;436.542.039,54;;;;
ES;3205010;SOORETAMA;36.394.586,74;0,00;13.141.677,37;0,00;13.141.677,37;49.536.264,11;;;;
ES;3205036;VARGEM ALTA;19.444.493,02;0,00;2.671.771,22;0,00;2.671.771,22;22.116.264,24;;;;
ES;3205069;VENDA NOVA DO IMIGRANTE;15.810.891,99;0,00;0,00;0,00;0,00;15.810.891,99;;;;
ES;3205101;VIANA;91.805.162,93;0,00;7.520.706,90;3.711.539,01;11.232.245,91;103.037.408,84;;;;
ES;3205150;VILA PAVAO;9.016.682,22;0,00;921.608,78;184.845,11;1.106.453,89;10.123.136,11;;;;
ES;3205176;VILA VALERIO;15.744.269,57;0,00;2.187.386,80;0,00;2.187.386,80;17.931.656,37;;;;
ES;3205200;VILA VELHA;349.834.031,38;0,00;0,00;0,00;0,00;349.834.031,38;;;;
ES;3205309;VITORIA;269.104.026,06;0,00;0,00;0,00;0,00;269.104.026,06;;;;
GO;5200050;ABADIA DE GOIAS;21.839.971,41;0,00;3.386.238,57;447.620,79;3.833.859,36;25.673.830,77;;;;
GO;5200100;ABADIANIA;8.446.785,67;0,00;0,00;0,00;0,00;8.446.785,67;;;;
GO;5200134;ACREUNA;15.370.757,41;0,00;0,00;387.696,49;387.696,49;15.758.453,90;;;;
GO;5200159;ADELANDIA;1.471.161,30;0,00;0,00;0,00;0,00;1.471.161,30;;;;
GO;5200175;AGUA FRIA DE GOIAS;3.644.507,53;0,00;0,00;0,00;0,00;3.644.507,53;;;;
GO;5200209;AGUA LIMPA;1.676.226,96;0,00;0,00;31.012,82;31.012,82;1.707.239,78;;;;
GO;5200258;AGUAS LINDAS DE GOIAS;151.828.587,82;0,00;16.435.324,69;0,00;16.435.324,69;168.263.912,51;;;;
GO;5200308;ALEXANIA;23.381.974,33;0,00;0,00;887.923,14;887.923,14;24.269.897,47;;;;
GO;5200506;ALOANDIA;372.752,85;0,00;0,00;0,00;0,00;372.752,85;;;;
GO;5200555;ALTO HORIZONTE;9.687.308,13;0,00;0,00;0,00;0,00;9.687.308,13;;;;
GO;5200605;ALTO PARAISO DE GOIAS;7.732.848,76;0,00;391.221,43;189.337,62;580.559,05;8.313.407,81;;;;
GO;5200803;ALVORADA DO NORTE;8.883.979,33;0,00;0,00;311.541,17;311.541,17;9.195.520,50;;;;
GO;5200829;AMARALINA;2.150.115,41;0,00;0,00;0,00;0,00;2.150.115,41;;;;
GO;5200852;AMERICANO DO BRASIL;3.485.747,79;0,00;0,00;0,00;0,00;3.485.747,79;;;;
GO;5200902;AMORINOPOLIS;2.023.830,66;0,00;0,00;0,00;0,00;2.023.830,66;;;;
GO;5201108;ANAPOLIS;233.056.889,78;0,00;0,00;5.099.471,42;5.099.471,42;238.156.361,20;;;;
GO;5201207;ANHANGUERA;985.924,10;0,00;0,00;18.875,79;18.875,79;1.004.799,89;;;;
GO;5201306;ANICUNS;10.222.301,35;0,00;0,00;0,00;0,00;10.222.301,35;;;;
GO;5201405;APARECIDA DE GOIANIA;338.711.561,66;0,00;0,00;7.978.555,31;7.978.555,31;346.690.116,97;;;;
GO;5201454;APARECIDA DO RIO DOCE;3.564.331,28;0,00;0,00;106.117,47;106.117,47;3.670.448,75;;;;
GO;5201504;APORE;4.728.933,38;0,00;0,00;0,00;0,00;4.728.933,38;;;;
GO;5201603;ARACU;2.141.710,99;0,00;0,00;38.910,95;38.910,95;2.180.621,94;;;;
GO;5201702;ARAGARCAS;15.091.700,21;0,00;1.207.492,56;0,00;1.207.492,56;16.299.192,77;;;;
GO;5201801;ARAGOIANIA;9.001.360,24;0,00;0,00;0,00;0,00;9.001.360,24;;;;
GO;5202155;ARAGUAPAZ;5.734.320,47;0,00;0,00;110.754,90;110.754,90;5.845.075,37;;;;
GO;5202353;ARENOPOLIS;2.816.418,57;0,00;0,00;48.185,81;48.185,81;2.864.604,38;;;;
GO;5202502;ARUANA;7.978.653,70;0,00;0,00;0,00;0,00;7.978.653,70;;;;
GO;5202601;AURILANDIA;1.592.463,44;0,00;0,00;0,00;0,00;1.592.463,44;;;;
GO;5202809;AVELINOPOLIS;2.654.896,41;0,00;0,00;0,00;0,00;2.654.896,41;;;;
GO;5203104;BALIZA;2.245.355,56;0,00;0,00;0,00;0,00;2.245.355,56;;;;
GO;5203203;BARRO ALTO;13.754.027,58;0,00;0,00;532.869,82;532.869,82;14.286.897,40;;;;
GO;5203302;BELA VISTA DE GOIAS;16.706.229,64;0,00;0,00;0,00;0,00;16.706.229,64;;;;
GO;5203401;BOM JARDIM DE GOIAS;3.838.057,06;0,00;0,00;0,00;0,00;3.838.057,06;;;;
GO;5203500;BOM JESUS DE GOIAS;20.516.414,93;0,00;0,00;537.289,87;537.289,87;21.053.704,80;;;;
GO;5203559;BONFINOPOLIS;8.049.171,27;0,00;482.345,17;0,00;482.345,17;8.531.516,44;;;;
GO;5203575;BONOPOLIS;2.164.950,23;0,00;0,00;0,00;0,00;2.164.950,23;;;;
GO;5203609;BRAZABRANTES;2.666.496,21;0,00;0,00;0,00;0,00;2.666.496,21;;;;
GO;5203807;BRITANIA;5.322.402,61;0,00;0,00;254.841,33;254.841,33;5.577.243,94;;;;
GO;5203906;BURITI ALEGRE;7.044.357,21;0,00;0,00;0,00;0,00;7.044.357,21;;;;
GO;5203939;BURITI DE GOIAS;2.366.287,74;0,00;0,00;52.605,86;52.605,86;2.418.893,60;;;;
GO;5203962;BURITINOPOLIS;3.536.623,33;0,00;0,00;72.822,16;72.822,16;3.609.445,49;;;;
GO;5204003;CABECEIRAS;5.744.849,89;0,00;0,00;202.561,54;202.561,54;5.947.411,43;;;;
GO;5204102;CACHOEIRA ALTA;8.591.656,62;0,00;0,00;0,00;0,00;8.591.656,62;;;;
GO;5204201;CACHOEIRA DE GOIAS;815.066,01;0,00;0,00;0,00;0,00;815.066,01;;;;
GO;5204250;CACHOEIRA DOURADA;7.851.041,02;0,00;0,00;0,00;0,00;7.851.041,02;;;;
GO;5204300;CACU;10.656.542,05;0,00;0,00;265.529,16;265.529,16;10.922.071,21;;;;
GO;5204409;CAIAPONIA;9.354.713,82;0,00;0,00;0,00;0,00;9.354.713,82;;;;
GO;5204508;CALDAS NOVAS;75.836.156,76;0,00;0,00;0,00;0,00;75.836.156,76;;;;
GO;5204557;CALDAZINHA;3.311.051,67;0,00;0,00;0,00;0,00;3.311.051,67;;;;
GO;5204607;CAMPESTRE DE GOIAS;3.665.129,15;0,00;0,00;134.485,50;134.485,50;3.799.614,65;;;;
GO;5204656;CAMPINACU;4.022.301,41;0,00;0,00;0,00;0,00;4.022.301,41;;;;
GO;5204706;CAMPINORTE;9.343.182,19;0,00;1.651.914,75;0,00;1.651.914,75;10.995.096,94;;;;
GO;5204805;CAMPO ALEGRE DE GOIAS;5.688.639,15;0,00;0,00;0,00;0,00;5.688.639,15;;;;
GO;5204854;CAMPO LIMPO DE GOIAS;6.419.895,34;0,00;0,00;231.364,34;231.364,34;6.651.259,68;;;;
GO;5204904;CAMPOS BELOS;18.176.560,15;0,00;0,00;332.916,83;332.916,83;18.509.476,98;;;;
GO;5204953;CAMPOS VERDES;2.269.314,45;0,00;0,00;50.069,76;50.069,76;2.319.384,21;;;;
GO;5205000;CARMO DO RIO VERDE;5.916.071,14;0,00;0,00;124.920,80;124.920,80;6.040.991,94;;;;
GO;5205059;CASTELANDIA;2.563.079,49;0,00;0,00;0,00;0,00;2.563.079,49;;;;
GO;5205109;CATALAO;59.262.592,31;0,00;0,00;1.109.106,86;1.109.106,86;60.371.699,17;;;;
GO;5205208;CATURAI;3.234.678,32;0,00;0,00;55.395,56;55.395,56;3.290.073,88;;;;
GO;5205307;CAVALCANTE;9.060.163,51;0,00;162.128,13;144.847,26;306.975,39;9.367.138,90;;;;
GO;5205406;CERES;13.397.418,38;0,00;0,00;0,00;0,00;13.397.418,38;;;;
GO;5205455;CEZARINA;5.241.038,97;0,00;0,00;0,00;0,00;5.241.038,97;;;;
GO;5205471;CHAPADAO DO CEU;19.531.803,84;0,00;0,00;0,00;0,00;19.531.803,84;;;;
GO;5205497;CIDADE OCIDENTAL;94.541.442,98;0,00;15.199.023,25;0,00;15.199.023,25;109.740.466,23;;;;
GO;5205513;COCALZINHO DE GOIAS;18.315.661,68;0,00;0,00;794.486,15;794.486,15;19.110.147,83;;;;
GO;5205521;COLINAS DO SUL;3.175.582,14;0,00;0,00;71.735,26;71.735,26;3.247.317,40;;;;
GO;5205703;CORREGO DO OURO;1.518.913,95;0,00;0,00;0,00;0,00;1.518.913,95;;;;
GO;5205802;CORUMBA DE GOIAS;4.859.996,88;0,00;0,00;88.364,80;88.364,80;4.948.361,68;;;;
GO;5205901;CORUMBAIBA;8.078.588,18;0,00;0,00;0,00;0,00;8.078.588,18;;;;
GO;5206206;CRISTALINA;65.665.839,45;0,00;0,00;1.600.674,56;1.600.674,56;67.266.514,01;;;;
GO;5206305;CRISTIANOPOLIS;4.636.897,94;0,00;0,00;0,00;0,00;4.636.897,94;;;;
GO;5206404;CRIXAS;10.263.319,80;0,00;0,00;0,00;0,00;10.263.319,80;;;;
GO;5206503;CROMINIA;2.509.434,89;0,00;0,00;0,00;0,00;2.509.434,89;;;;
GO;5206602;CUMARI;1.483.450,13;0,00;0,00;0,00;0,00;1.483.450,13;;;;
GO;5206701;DAMIANOPOLIS;2.276.767,11;0,00;0,00;111.841,80;111.841,80;2.388.608,91;;;;
GO;5206800;DAMOLANDIA;1.915.625,54;0,00;0,00;0,00;0,00;1.915.625,54;;;;
GO;5206909;DAVINOPOLIS;1.564.260,36;0,00;0,00;0,00;0,00;1.564.260,36;;;;
GO;5207105;DIORAMA;1.493.952,04;0,00;0,00;26.520,31;26.520,31;1.520.472,35;;;;
GO;5208301;DIVINOPOLIS DE GOIAS;3.979.340,34;0,00;0,00;76.046,62;76.046,62;4.055.386,96;;;;
GO;5207253;DOVERLANDIA;5.669.766,64;0,00;0,00;0,00;0,00;5.669.766,64;;;;
GO;5207352;EDEALINA;4.117.384,79;0,00;0,00;0,00;0,00;4.117.384,79;;;;
GO;5207402;EDEIA;8.184.334,57;0,00;0,00;0,00;0,00;8.184.334,57;;;;
GO;5207501;ESTRELA DO NORTE;3.206.058,55;0,00;0,00;131.043,66;131.043,66;3.337.102,21;;;;
GO;5207535;FAINA;5.116.981,68;0,00;0,00;0,00;0,00;5.116.981,68;;;;
GO;5207600;FAZENDA NOVA;3.128.970,74;0,00;0,00;0,00;0,00;3.128.970,74;;;;
GO;5207808;FIRMINOPOLIS;4.516.074,63;0,00;0,00;0,00;0,00;4.516.074,63;;;;
GO;5207907;FLORES DE GOIAS;9.179.593,68;0,00;0,00;0,00;0,00;9.179.593,68;;;;
GO;5208004;FORMOSA;92.136.356,45;0,00;0,00;3.754.652,62;3.754.652,62;95.891.009,07;;;;
GO;5208103;FORMOSO;2.798.964,89;0,00;0,00;0,00;0,00;2.798.964,89;;;;
GO;5208152;GAMELEIRA DE GOIAS;4.556.220,55;0,00;0,00;0,00;0,00;4.556.220,55;;;;
GO;5208400;GOIANAPOLIS;9.836.770,19;0,00;0,00;187.852,19;187.852,19;10.024.622,38;;;;
GO;5208509;GOIANDIRA;4.118.518,51;0,00;0,00;0,00;0,00;4.118.518,51;;;;
GO;5208608;GOIANESIA;54.007.347,41;0,00;1.513.236,11;1.040.813,45;2.554.049,56;56.561.396,97;;;;
GO;5208707;GOIANIA;773.017.849,65;0,00;0,00;28.678.453,68;28.678.453,68;801.696.303,33;;;;
GO;5208806;GOIANIRA;54.892.885,22;0,00;5.395.007,86;1.442.748,30;6.837.756,16;61.730.641,38;;;;
GO;5208905;GOIAS;13.109.225,77;0,00;0,00;197.199,51;197.199,51;13.306.425,28;;;;
GO;5209101;GOIATUBA;21.602.292,31;0,00;0,00;868.358,98;868.358,98;22.470.651,29;;;;
GO;5209150;GOUVELANDIA;4.034.868,05;0,00;0,00;0,00;0,00;4.034.868,05;;;;
GO;5209200;GUAPO;14.188.258,13;0,00;1.520.691,68;0,00;1.520.691,68;15.708.949,81;;;;
GO;5209291;GUARAITA;1.142.011,54;0,00;0,00;0,00;0,00;1.142.011,54;;;;
GO;5209408;GUARANI DE GOIAS;3.178.410,42;0,00;0,00;0,00;0,00;3.178.410,42;;;;
GO;5209457;GUARINOS;1.193.633,03;0,00;0,00;0,00;0,00;1.193.633,03;;;;
GO;5209606;HEITORAI;2.459.150,21;0,00;0,00;0,00;0,00;2.459.150,21;;;;
GO;5209705;HIDROLANDIA;26.035.246,32;0,00;269.870,65;913.537,70;1.183.408,35;27.218.654,67;;;;
GO;5209804;HIDROLINA;2.035.971,21;0,00;0,00;87.314,13;87.314,13;2.123.285,34;;;;
GO;5209903;IACIARA;8.435.478,75;0,00;0,00;328.243,17;328.243,17;8.763.721,92;;;;
GO;5209937;INACIOLANDIA;6.085.143,04;0,00;0,00;0,00;0,00;6.085.143,04;;;;
GO;5209952;INDIARA;15.347.379,88;0,00;0,00;0,00;0,00;15.347.379,88;;;;
GO;5210000;INHUMAS;34.970.043,13;0,00;0,00;577.541,32;577.541,32;35.547.584,45;;;;
GO;5210109;IPAMERI;22.232.975,31;0,00;0,00;406.789,66;406.789,66;22.639.764,97;;;;
GO;5210158;IPIRANGA DE GOIAS;1.983.917,48;0,00;0,00;0,00;0,00;1.983.917,48;;;;
GO;5210208;IPORA;21.802.159,64;0,00;768.197,21;803.905,93;1.572.103,14;23.374.262,78;;;;
GO;5210307;ISRAELANDIA;1.125.389,66;0,00;0,00;0,00;0,00;1.125.389,66;;;;
GO;5210406;ITABERAI;41.234.090,25;0,00;4.335.839,97;0,00;4.335.839,97;45.569.930,22;;;;
GO;5210562;ITAGUARI;3.515.022,03;0,00;0,00;0,00;0,00;3.515.022,03;;;;
GO;5210604;ITAGUARU;2.555.547,87;0,00;0,00;0,00;0,00;2.555.547,87;;;;
GO;5210802;ITAJA;3.347.132,53;0,00;0,00;150.970,12;150.970,12;3.498.102,65;;;;
GO;5210901;ITAPACI;16.955.383,40;0,00;352.598,09;356.067,76;708.665,85;17.664.049,25;;;;
GO;5211008;ITAPIRAPUA;4.650.712,12;0,00;0,00;0,00;0,00;4.650.712,12;;;;
GO;5211206;ITAPURANGA;14.002.406,31;0,00;0,00;518.051,78;518.051,78;14.520.458,09;;;;
GO;5211305;ITARUMA;4.836.812,11;0,00;0,00;0,00;0,00;4.836.812,11;;;;
GO;5211404;ITAUCU;6.007.530,98;0,00;228.749,63;109.486,85;338.236,48;6.345.767,46;;;;
GO;5211503;ITUMBIARA;97.856.482,83;0,00;0,00;1.616.869,34;1.616.869,34;99.473.352,17;;;;
GO;5211602;IVOLANDIA;1.106.535,34;0,00;0,00;0,00;0,00;1.106.535,34;;;;
GO;5211701;JANDAIA;3.796.093,97;0,00;0,00;0,00;0,00;3.796.093,97;;;;
GO;5211800;JARAGUA;30.560.920,29;0,00;504.656,37;523.450,04;1.028.106,41;31.589.026,70;;;;
GO;5211909;JATAI;74.824.305,64;0,00;0,00;2.992.266,20;2.992.266,20;77.816.571,84;;;;
GO;5212006;JAUPACI;1.813.434,35;0,00;0,00;0,00;0,00;1.813.434,35;;;;
GO;5212055;JESUPOLIS;1.622.909,80;0,00;0,00;0,00;0,00;1.622.909,80;;;;
GO;5212105;JOVIANIA;6.917.821,64;0,00;0,00;268.463,79;268.463,79;7.186.285,43;;;;
GO;5212204;JUSSARA;11.584.507,29;0,00;0,00;0,00;0,00;11.584.507,29;;;;
GO;5212253;LAGOA SANTA;1.968.276,06;0,00;0,00;0,00;0,00;1.968.276,06;;;;
GO;5212303;LEOPOLDO DE BULHOES;6.484.172,85;0,00;0,00;0,00;0,00;6.484.172,85;;;;
GO;5212501;LUZIANIA;148.841.818,00;0,00;8.237.391,60;6.318.753,50;14.556.145,10;163.397.963,10;;;;
GO;5212600;MAIRIPOTABA;1.683.661,25;0,00;0,00;69.525,24;69.525,24;1.753.186,49;;;;
GO;5212709;MAMBAI;6.145.253,26;0,00;0,00;127.420,67;127.420,67;6.272.673,93;;;;
GO;5212808;MARA ROSA;7.807.822,17;0,00;0,00;0,00;0,00;7.807.822,17;;;;
GO;5212907;MARZAGAO;1.979.056,92;0,00;0,00;0,00;0,00;1.979.056,92;;;;
GO;5212956;MATRINCHA;3.215.513,45;0,00;0,00;0,00;0,00;3.215.513,45;;;;
GO;5213004;MAURILANDIA;8.409.289,31;0,00;0,00;0,00;0,00;8.409.289,31;;;;
GO;5213053;MIMOSO DE GOIAS;1.451.595,68;0,00;0,00;0,00;0,00;1.451.595,68;;;;
GO;5213087;MINACU;23.028.093,18;0,00;0,00;816.767,55;816.767,55;23.844.860,73;;;;
GO;5213103;MINEIROS;54.593.838,69;0,00;9.594.417,33;2.164.810,81;11.759.228,14;66.353.066,83;;;;
GO;5213400;MOIPORA;850.350,58;0,00;0,00;0,00;0,00;850.350,58;;;;
GO;5213509;MONTE ALEGRE DE GOIAS;4.862.266,47;0,00;0,00;0,00;0,00;4.862.266,47;;;;
GO;5213707;MONTES CLAROS DE GOIAS;5.641.426,60;0,00;0,00;0,00;0,00;5.641.426,60;;;;
GO;5213756;MONTIVIDIU;12.866.506,07;0,00;0,00;0,00;0,00;12.866.506,07;;;;
GO;5213772;MONTIVIDIU DO NORTE;3.199.469,23;0,00;0,00;134.159,43;134.159,43;3.333.628,66;;;;
GO;5213806;MORRINHOS;35.858.246,20;0,00;0,00;0,00;0,00;35.858.246,20;;;;
GO;5213855;MORRO AGUDO DE GOIAS;2.512.722,32;0,00;0,00;0,00;0,00;2.512.722,32;;;;
GO;5213905;MOSSAMEDES;3.894.762,85;0,00;0,00;0,00;0,00;3.894.762,85;;;;
GO;5214002;MOZARLANDIA;13.138.049,78;0,00;0,00;0,00;0,00;13.138.049,78;;;;
GO;5214051;MUNDO NOVO;4.343.770,58;0,00;0,00;0,00;0,00;4.343.770,58;;;;
GO;5214101;MUTUNOPOLIS;2.507.848,65;0,00;0,00;52.642,09;52.642,09;2.560.490,74;;;;
GO;5214408;NAZARIO;7.171.706,22;0,00;0,00;0,00;0,00;7.171.706,22;;;;
GO;5214507;NEROPOLIS;21.342.678,52;0,00;0,00;397.877,10;397.877,10;21.740.555,62;;;;
GO;5214606;NIQUELANDIA;20.901.700,10;0,00;0,00;902.922,33;902.922,33;21.804.622,43;;;;
GO;5214705;NOVA AMERICA;2.130.995,55;0,00;0,00;0,00;0,00;2.130.995,55;;;;
GO;5214804;NOVA AURORA;1.320.029,19;0,00;0,00;0,00;0,00;1.320.029,19;;;;
GO;5214838;NOVA CRIXAS;9.486.886,86;0,00;0,00;0,00;0,00;9.486.886,86;;;;
GO;5214861;NOVA GLORIA;4.569.574,86;0,00;0,00;99.994,61;99.994,61;4.669.569,47;;;;
GO;5214879;NOVA IGUACU DE GOIAS;2.201.224,68;0,00;0,00;0,00;0,00;2.201.224,68;;;;
GO;5214903;NOVA ROMA;2.211.918,38;0,00;0,00;0,00;0,00;2.211.918,38;;;;
GO;5215009;NOVA VENEZA;6.727.029,27;0,00;297.881,97;0,00;297.881,97;7.024.911,24;;;;
GO;5215207;NOVO BRASIL;2.031.278,59;0,00;0,00;0,00;0,00;2.031.278,59;;;;
GO;5215231;NOVO GAMA;70.245.803,30;0,00;13.424.014,42;1.537.779,40;14.961.793,82;85.207.597,12;;;;
GO;5215256;NOVO PLANALTO;3.047.382,49;0,00;0,00;118.254,49;118.254,49;3.165.636,98;;;;
GO;5215306;ORIZONA;12.235.610,18;0,00;0,00;0,00;0,00;12.235.610,18;;;;
GO;5215405;OURO VERDE DE GOIAS;3.380.644,84;0,00;0,00;132.094,33;132.094,33;3.512.739,17;;;;
GO;5215504;OUVIDOR;5.506.798,22;0,00;0,00;0,00;0,00;5.506.798,22;;;;
GO;5215603;PADRE BERNARDO;31.273.702,31;0,00;0,00;695.940,74;695.940,74;31.969.643,05;;;;
GO;5215652;PALESTINA DE GOIAS;2.039.209,83;0,00;0,00;0,00;0,00;2.039.209,83;;;;
GO;5215702;PALMEIRAS DE GOIAS;21.638.069,28;0,00;0,00;0,00;0,00;21.638.069,28;;;;
GO;5215801;PALMELO;1.567.294,34;0,00;0,00;32.896,78;32.896,78;1.600.191,12;;;;
GO;5215900;PALMINOPOLIS;3.249.853,96;0,00;0,00;0,00;0,00;3.249.853,96;;;;
GO;5216007;PANAMA;1.939.189,89;0,00;0,00;0,00;0,00;1.939.189,89;;;;
GO;5216304;PARANAIGUARA;5.820.536,16;0,00;0,00;0,00;0,00;5.820.536,16;;;;
GO;5216403;PARAUNA;9.241.008,70;0,00;0,00;376.356,52;376.356,52;9.617.365,22;;;;
GO;5216452;PEROLANDIA;3.116.077,71;0,00;0,00;0,00;0,00;3.116.077,71;;;;
GO;5216809;PETROLINA DE GOIAS;4.044.711,26;0,00;0,00;0,00;0,00;4.044.711,26;;;;
GO;5216908;PILAR DE GOIAS;1.975.814,91;0,00;0,00;68.112,27;68.112,27;2.043.927,18;;;;
GO;5217104;PIRACANJUBA;17.283.371,35;0,00;0,00;0,00;0,00;17.283.371,35;;;;
GO;5217203;PIRANHAS;5.706.777,92;0,00;0,00;0,00;0,00;5.706.777,92;;;;
GO;5217302;PIRENOPOLIS;17.811.340,25;0,00;0,00;0,00;0,00;17.811.340,25;;;;
GO;5217401;PIRES DO RIO;15.501.373,05;0,00;0,00;312.302,00;312.302,00;15.813.675,05;;;;
GO;5217609;PLANALTINA;123.833.002,46;0,00;22.678.467,33;2.339.294,16;25.017.761,49;148.850.763,95;;;;
GO;5217708;PONTALINA;13.187.104,36;0,00;0,00;504.827,85;504.827,85;13.691.932,21;;;;
GO;5218003;PORANGATU;34.686.067,44;0,00;0,00;0,00;0,00;34.686.067,44;;;;
GO;5218052;PORTEIRAO;3.493.659,94;0,00;0,00;0,00;0,00;3.493.659,94;;;;
GO;5218102;PORTELANDIA;2.559.034,06;0,00;0,00;0,00;0,00;2.559.034,06;;;;
GO;5218300;POSSE;28.131.842,10;0,00;0,00;0,00;0,00;28.131.842,10;;;;
GO;5218391;PROFESSOR JAMIL;1.917.225,28;0,00;0,00;0,00;0,00;1.917.225,28;;;;
GO;5218508;QUIRINOPOLIS;42.079.551,68;0,00;3.154.123,47;1.642.737,51;4.796.860,98;46.876.412,66;;;;
GO;5218607;RIALMA;8.782.009,02;0,00;11.215,22;319.910,29;331.125,51;9.113.134,53;;;;
GO;5218706;RIANAPOLIS;2.792.966,98;0,00;0,00;0,00;0,00;2.792.966,98;;;;
GO;5218789;RIO QUENTE;4.394.881,70;0,00;0,00;159.411,69;159.411,69;4.554.293,39;;;;
GO;5218805;RIO VERDE;184.210.264,73;0,00;0,00;0,00;0,00;184.210.264,73;;;;
GO;5218904;RUBIATABA;14.044.885,86;0,00;0,00;0,00;0,00;14.044.885,86;;;;
GO;5219001;SANCLERLANDIA;6.257.436,67;0,00;0,00;0,00;0,00;6.257.436,67;;;;
GO;5219100;SANTA BARBARA DE GOIAS;4.788.163,56;0,00;0,00;0,00;0,00;4.788.163,56;;;;
GO;5219209;SANTA CRUZ DE GOIAS;1.377.579,11;0,00;0,00;0,00;0,00;1.377.579,11;;;;
GO;5219258;SANTA FE DE GOIAS;3.815.126,73;0,00;0,00;79.705,85;79.705,85;3.894.832,58;;;;
GO;5219308;SANTA HELENA DE GOIAS;22.165.636,50;0,00;0,00;0,00;0,00;22.165.636,50;;;;
GO;5219357;SANTA ISABEL;1.784.266,07;0,00;0,00;89.270,55;89.270,55;1.873.536,62;;;;
GO;5219407;SANTA RITA DO ARAGUAIA;4.049.137,46;0,00;0,00;0,00;0,00;4.049.137,46;;;;
GO;5219456;SANTA RITA DO NOVO DESTINO;1.621.491,58;0,00;0,00;27.933,28;27.933,28;1.649.424,86;;;;
GO;5219506;SANTA ROSA DE GOIAS;1.730.699,29;0,00;0,00;78.836,33;78.836,33;1.809.535,62;;;;
GO;5219605;SANTA TEREZA DE GOIAS;2.394.284,21;0,00;0,00;0,00;0,00;2.394.284,21;;;;
GO;5219704;SANTA TEREZINHA DE GOIAS;9.368.847,74;0,00;426.202,72;0,00;426.202,72;9.795.050,46;;;;
GO;5219712;SANTO ANTONIO DA BARRA;3.368.464,47;0,00;0,00;0,00;0,00;3.368.464,47;;;;
GO;5219738;SANTO ANTONIO DE GOIAS;5.947.225,74;0,00;0,00;234.117,81;234.117,81;6.181.343,55;;;;
GO;5219753;SANTO ANTONIO DO DESCOBERTO;64.109.294,55;0,00;5.595.341,40;1.143.525,30;6.738.866,70;70.848.161,25;;;;
GO;5219803;SAO DOMINGOS;8.058.942,55;0,00;0,00;0,00;0,00;8.058.942,55;;;;
GO;5219902;SAO FRANCISCO DE GOIAS;4.491.495,01;0,00;0,00;0,00;0,00;4.491.495,01;;;;
GO;5220058;SAO JOAO DA PARAUNA;1.229.962,91;0,00;0,00;0,00;0,00;1.229.962,91;;;;
GO;5220009;SAO JOAO DALIANCA;13.618.519,58;0,00;3.214.799,53;498.161,55;3.712.961,08;17.331.480,66;;;;
GO;5220108;SAO LUIS DE MONTES BELOS;24.908.505,76;0,00;0,00;919.551,87;919.551,87;25.828.057,63;;;;
GO;5220157;SAO LUIZ DO NORTE;3.946.329,65;0,00;0,00;0,00;0,00;3.946.329,65;;;;
GO;5220207;SAO MIGUEL DO ARAGUAIA;16.098.765,06;0,00;0,00;0,00;0,00;16.098.765,06;;;;
GO;5220264;SAO MIGUEL DO PASSA QUATRO;4.170.751,67;0,00;0,00;161.476,80;161.476,80;4.332.228,47;;;;
GO;5220280;SAO PATRICIO;1.095.361,02;0,00;0,00;0,00;0,00;1.095.361,02;;;;
GO;5220405;SAO SIMAO;17.139.242,96;0,00;0,00;0,00;0,00;17.139.242,96;;;;
GO;5220454;SENADOR CANEDO;167.112.993,42;0,00;0,00;3.432.278,70;3.432.278,70;170.545.272,12;;;;
GO;5220504;SERRANOPOLIS;6.403.801,71;0,00;0,00;240.639,20;240.639,20;6.644.440,91;;;;
GO;5220603;SILVANIA;13.866.118,55;0,00;0,00;0,00;0,00;13.866.118,55;;;;
GO;5220686;SIMOLANDIA;4.659.018,11;0,00;0,00;119.558,77;119.558,77;4.778.576,88;;;;
GO;5220702;SITIO DABADIA;1.997.205,42;0,00;0,00;0,00;0,00;1.997.205,42;;;;
GO;5221007;TAQUARAL DE GOIAS;1.766.421,18;0,00;0,00;0,00;0,00;1.766.421,18;;;;
GO;5221080;TERESINA DE GOIAS;2.655.555,24;0,00;0,00;0,00;0,00;2.655.555,24;;;;
GO;5221197;TEREZOPOLIS DE GOIAS;5.292.547,93;0,00;0,00;0,00;0,00;5.292.547,93;;;;
GO;5221304;TRES RANCHOS;1.916.617,67;0,00;0,00;0,00;0,00;1.916.617,67;;;;
GO;5221403;TRINDADE;99.397.564,03;0,00;4.323.478,12;4.043.839,93;8.367.318,05;107.764.882,08;;;;
GO;5221452;TROMBAS;2.251.572,23;0,00;0,00;84.415,74;84.415,74;2.335.987,97;;;;
GO;5221502;TURVANIA;3.071.042,81;0,00;0,00;69.706,39;69.706,39;3.140.749,20;;;;
GO;5221551;TURVELANDIA;5.530.207,22;0,00;0,00;0,00;0,00;5.530.207,22;;;;
GO;5221577;UIRAPURU;2.425.359,91;0,00;0,00;66.337,00;66.337,00;2.491.696,91;;;;
GO;5221601;URUACU;25.186.851,55;0,00;0,00;438.599,54;438.599,54;25.625.451,09;;;;
GO;5221700;URUANA;8.984.637,58;0,00;0,00;341.756,94;341.756,94;9.326.394,52;;;;
GO;5221809;URUTAI;2.101.555,15;0,00;0,00;0,00;0,00;2.101.555,15;;;;
GO;5221858;VALPARAISO DE GOIAS;171.221.892,85;0,00;9.254.737,20;6.159.776,57;15.414.513,77;186.636.406,62;;;;
GO;5221908;VARJAO;2.637.437,27;0,00;0,00;0,00;0,00;2.637.437,27;;;;
GO;5222005;VIANOPOLIS;10.872.373,67;0,00;0,00;0,00;0,00;10.872.373,67;;;;
GO;5222054;VICENTINOPOLIS;8.337.911,36;0,00;0,00;218.828,78;218.828,78;8.556.740,14;;;;
GO;5222203;VILA BOA;6.002.889,62;0,00;0,00;0,00;0,00;6.002.889,62;;;;
GO;5222302;VILA PROPICIO;4.678.511,82;0,00;0,00;0,00;0,00;4.678.511,82;;;;
MA;2100055;ACAILANDIA;73.023.773,81;52.449.929,47;37.012.858,20;2.297.013,83;91.759.801,50;164.783.575,31;;;;
MA;2100105;AFONSO CUNHA;11.308.931,77;8.122.733,77;10.466.397,75;0,00;18.589.131,52;29.898.063,29;;;;
MA;2100154;AGUA DOCE DO MARANHAO;14.259.693,97;10.242.143,13;9.528.354,70;471.749,93;20.242.247,76;34.501.941,73;;;;
MA;2100204;ALCANTARA;15.789.744,31;11.341.114,43;6.724.087,46;471.641,24;18.536.843,13;34.326.587,44;;;;
MA;2100303;ALDEIAS ALTAS;34.139.557,18;24.521.019,29;26.534.334,98;0,00;51.055.354,27;85.194.911,45;;;;
MA;2100402;ALTAMIRA DO MARANHAO;8.763.726,36;6.294.618,94;6.939.880,43;0,00;13.234.499,37;21.998.225,73;;;;
MA;2100436;ALTO ALEGRE DO MARANHAO;21.219.366,90;15.240.985,77;8.168.297,75;623.770,71;24.033.054,23;45.252.421,13;;;;
MA;2100477;ALTO ALEGRE DO PINDARE;29.516.075,98;21.200.165,68;18.546.166,94;992.084,19;40.738.416,81;70.254.492,79;;;;
MA;2100501;ALTO PARNAIBA;7.391.230,93;5.308.812,75;0,00;552.941,20;5.861.753,95;13.252.984,88;;;;
MA;2100550;AMAPA DO MARANHAO;11.191.787,37;8.038.593,84;15.329.094,02;0,00;23.367.687,86;34.559.475,23;;;;
MA;2100600;AMARANTE DO MARANHAO;29.345.045,13;21.077.321,36;16.320.622,81;900.277,54;38.298.221,71;67.643.266,84;;;;
MA;2100709;ANAJATUBA;19.808.694,44;14.227.758,61;12.182.843,61;0,00;26.410.602,22;46.219.296,66;;;;
MA;2100808;ANAPURUS;16.077.536,98;11.547.823,91;6.021.754,30;500.770,10;18.070.348,31;34.147.885,29;;;;
MA;2100832;APICUM-ACU;16.434.410,86;11.804.151,51;9.218.924,96;0,00;21.023.076,47;37.457.487,33;;;;
MA;2100873;ARAGUANA;16.311.011,81;11.715.519,13;14.226.947,57;500.661,41;26.443.128,11;42.754.139,92;;;;
MA;2100907;ARAIOSES;33.196.879,62;23.843.933,34;16.495.542,40;0,00;40.339.475,74;73.536.355,36;;;;
MA;2100956;ARAME;20.341.416,83;14.610.390,86;9.595.295,30;1.384.563,03;25.590.249,19;45.931.666,02;;;;
MA;2101004;ARARI;22.757.288,15;16.345.610,42;14.595.240,98;0,00;30.940.851,40;53.698.139,55;;;;
MA;2101103;AXIXA;9.688.588,95;6.958.909,14;4.542.144,20;616.633,42;12.117.686,76;21.806.275,71;;;;
MA;2101202;BACABAL;75.187.808,77;54.004.265,48;65.179.298,94;4.896.076,59;124.079.641,01;199.267.449,78;;;;
MA;2101251;BACABEIRA;14.200.826,66;10.199.861,20;2.027.204,06;0,00;12.227.065,26;26.427.891,92;;;;
MA;2101301;BACURI;21.414.330,43;15.381.019,94;18.865.124,26;1.285.764,01;35.531.908,21;56.946.238,64;;;;
MA;2101350;BACURITUBA;5.328.277,67;3.827.079,51;2.658.677,44;143.941,51;6.629.698,46;11.957.976,13;;;;
MA;2101400;BALSAS;60.098.549,60;43.166.280,27;4.236.081,89;4.193.179,70;51.595.541,86;111.694.091,46;;;;
MA;2101509;BARAO DE GRAJAU;11.167.875,47;8.021.418,92;6.892.819,05;340.814,96;15.255.052,93;26.422.928,40;;;;
MA;2101608;BARRA DO CORDA;64.926.166,24;46.633.755,86;38.878.138,17;2.098.981,03;87.610.875,06;152.537.041,30;;;;
MA;2101707;BARREIRINHAS;55.815.296,61;40.089.798,40;29.834.555,05;1.813.163,11;71.737.516,56;127.552.813,17;;;;
MA;2101772;BELA VISTA DO MARANHAO;18.080.376,00;12.986.379,60;12.660.510,00;0,00;25.646.889,60;43.727.265,60;;;;
MA;2101731;BELAGUA;16.463.184,10;11.824.818,13;10.704.217,29;0,00;22.529.035,42;38.992.219,52;;;;
MA;2101806;BENEDITO LEITE;3.637.967,08;2.612.999,94;1.060.502,10;0,00;3.673.502,04;7.311.469,12;;;;
MA;2101905;BEQUIMAO;12.206.137,98;8.767.159,55;5.148.575,57;0,00;13.915.735,12;26.121.873,10;;;;
MA;2101939;BERNARDO DO MEARIM;3.854.882,78;2.768.801,44;0,00;0,00;2.768.801,44;6.623.684,22;;;;
MA;2101970;BOA VISTA DO GURUPI;10.056.957,56;7.223.492,94;6.578.141,32;622.067,91;14.423.702,17;24.480.659,73;;;;
MA;2102002;BOM JARDIM;39.442.273,77;28.329.739,33;26.130.770,41;0,00;54.460.509,74;93.902.783,51;;;;
MA;2102036;BOM JESUS DAS SELVAS;27.520.596,79;19.766.896,24;13.381.272,05;1.789.867,26;34.938.035,55;62.458.632,34;;;;
MA;2102077;BOM LUGAR;10.366.226,41;7.445.627,85;4.875.282,85;0,00;12.320.910,70;22.687.137,11;;;;
MA;2102101;BREJO;35.803.707,10;25.716.308,72;25.144.898,80;0,00;50.861.207,52;86.664.914,62;;;;
MA;2102150;BREJO DE AREIA;7.710.097,32;5.537.841,17;946.209,77;627.140,10;7.111.191,04;14.821.288,36;;;;
MA;2102200;BURITI;34.683.196,39;24.911.492,65;16.856.068,17;0,00;41.767.560,82;76.450.757,21;;;;
MA;2102309;BURITI BRAVO;18.010.344,52;12.936.078,90;9.321.395,94;650.544,63;22.908.019,47;40.918.363,99;;;;
MA;2102325;BURITICUPU;51.487.595,87;36.981.391,55;24.758.600,46;3.646.759,89;65.386.751,90;116.874.347,77;;;;
MA;2102358;BURITIRANA;11.933.997,35;8.571.692,30;7.809.946,13;0,00;16.381.638,43;28.315.635,78;;;;
MA;2102374;CACHOEIRA GRANDE;11.313.549,51;8.126.050,50;6.491.523,28;363.386,20;14.980.959,98;26.294.509,49;;;;
MA;2102408;CAJAPIO;7.765.669,35;5.577.756,23;3.414.199,89;0,00;8.991.956,12;16.757.625,47;;;;
MA;2102507;CAJARI;17.393.766,70;12.493.216,78;9.055.843,94;0,00;21.549.060,72;38.942.827,42;;;;
MA;2102556;CAMPESTRE DO MARANHAO;9.459.137,97;6.794.104,07;3.548.101,22;317.953,87;10.660.159,16;20.119.297,13;;;;
MA;2102606;CANDIDO MENDES;26.152.357,68;18.784.147,19;26.611.278,94;826.984,40;46.222.410,53;72.374.768,21;;;;
MA;2102705;CANTANHEDE;22.104.143,04;15.876.483,55;18.740.826,06;0,00;34.617.309,61;56.721.452,65;;;;
MA;2102754;CAPINZAL DO NORTE;9.902.435,80;7.112.506,41;3.516.994,01;329.004,00;10.958.504,42;20.860.940,22;;;;
MA;2102804;CAROLINA;23.787.888,16;17.085.847,40;10.330.476,34;1.733.674,64;29.149.998,38;52.937.886,54;;;;
MA;2102903;CARUTAPERA;23.744.723,73;17.054.844,19;16.402.404,35;0,00;33.457.248,54;57.201.972,27;;;;
MA;2103000;CAXIAS;111.292.531,21;79.936.780,95;61.633.063,46;4.317.375,91;145.887.220,32;257.179.751,53;;;;
MA;2103109;CEDRAL;8.420.998,66;6.048.451,94;5.046.936,57;0,00;11.095.388,51;19.516.387,17;;;;
MA;2103125;CENTRAL DO MARANHAO;8.762.869,67;6.294.003,62;2.527.966,33;246.363,53;9.068.333,48;17.831.203,15;;;;
MA;2103158;CENTRO DO GUILHERME;25.183.016,75;18.087.910,06;24.678.256,37;0,00;42.766.166,43;67.949.183,18;;;;
MA;2103174;CENTRO NOVO DO MARANHAO;26.147.566,27;18.780.705,73;30.739.806,08;1.631.506,23;51.152.018,04;77.299.584,31;;;;
MA;2103208;CHAPADINHA;71.237.268,43;51.166.757,20;41.712.273,59;0,00;92.879.030,79;164.116.299,22;;;;
MA;2103257;CIDELANDIA;11.664.530,31;8.378.145,36;6.788.294,72;345.597,31;15.512.037,39;27.176.567,70;;;;
MA;2103307;CODO;94.476.162,51;67.858.285,06;61.752.099,71;0,00;129.610.384,77;224.086.547,28;;;;
MA;2103406;COELHO NETO;40.984.356,13;29.437.352,74;17.726.855,94;1.445.211,93;48.609.420,61;89.593.776,74;;;;
MA;2103505;COLINAS;32.282.162,88;23.186.930,46;18.596.532,63;2.543.196,21;44.326.659,30;76.608.822,18;;;;
MA;2103554;CONCEICAO DO LAGO-ACU;21.293.141,27;15.293.974,82;14.226.414,81;544.209,79;30.064.599,42;51.357.740,69;;;;
MA;2103604;COROATA;51.319.323,77;36.860.528,72;28.700.257,88;1.516.150,13;67.076.936,73;118.396.260,50;;;;
MA;2103703;CURURUPU;23.804.291,52;17.097.629,25;15.102.958,09;0,00;32.200.587,34;56.004.878,86;;;;
MA;2103752;DAVINOPOLIS;10.525.396,29;7.559.952,93;3.426.122,55;0,00;10.986.075,48;21.511.471,77;;;;
MA;2103802;DOM PEDRO;14.180.974,75;10.185.602,39;7.306.563,76;472.039,77;17.964.205,92;32.145.180,67;;;;
MA;2103901;DUQUE BACELAR;13.473.956,36;9.677.780,59;8.732.174,84;0,00;18.409.955,43;31.883.911,79;;;;
MA;2104008;ESPERANTINOPOLIS;15.311.388,77;10.997.531,61;8.483.891,82;0,00;19.481.423,43;34.792.812,20;;;;
MA;2104057;ESTREITO;23.374.678,75;16.789.056,32;7.911.104,37;816.658,87;25.516.819,56;48.891.498,31;;;;
MA;2104073;FEIRA NOVA DO MARANHAO;6.064.231,75;4.355.684,61;2.172.051,46;452.874,13;6.980.610,20;13.044.841,95;;;;
MA;2104081;FERNANDO FALCAO;8.268.945,97;5.939.238,83;5.056.703,05;599.822,73;11.595.764,61;19.864.710,58;;;;
MA;2104099;FORMOSA DA SERRA NEGRA;15.836.050,62;11.374.374,33;11.735.621,06;1.107.512,75;24.217.508,14;40.053.558,76;;;;
MA;2104107;FORTALEZA DOS NOGUEIRAS;11.240.249,13;8.073.401,90;6.390.539,09;347.336,34;14.811.277,33;26.051.526,46;;;;
MA;2104206;FORTUNA;16.448.895,00;11.814.554,87;11.056.788,46;964.078,45;23.835.421,78;40.284.316,78;;;;
MA;2104305;GODOFREDO VIANA;9.291.315,02;6.673.563,86;2.082.355,80;276.216,99;9.032.136,65;18.323.451,67;;;;
MA;2104404;GONCALVES DIAS;10.991.116,23;7.894.460,14;2.682.224,96;379.182,45;10.955.867,55;21.946.983,78;;;;
MA;2104503;GOVERNADOR ARCHER;8.708.856,42;6.255.208,14;5.195.980,22;0,00;11.451.188,36;20.160.044,78;;;;
MA;2104552;GOVERNADOR EDISON LOBAO;15.517.716,80;11.145.728,42;8.329.065,61;0,00;19.474.794,03;34.992.510,83;;;;
MA;2104602;GOVERNADOR EUGENIO BARROS;11.657.332,19;8.372.975,25;2.776.509,80;367.842,49;11.517.327,54;23.174.659,73;;;;
MA;2104628;GOVERNADOR LUIZ ROCHA;6.357.859,33;4.566.585,05;3.916.171,36;199.264,62;8.682.021,03;15.039.880,36;;;;
MA;2104651;GOVERNADOR NEWTON BELLO;11.483.935,15;8.248.431,39;5.318.568,40;806.478,25;14.373.478,04;25.857.413,19;;;;
MA;2104677;GOVERNADOR NUNES FREIRE;27.722.272,75;19.911.751,67;25.329.984,69;0,00;45.241.736,36;72.964.009,11;;;;
MA;2104701;GRACA ARANHA;4.866.964,12;3.495.737,22;2.313.183,35;0,00;5.808.920,57;10.675.884,69;;;;
MA;2104800;GRAJAU;75.666.338,41;54.347.973,34;56.617.883,65;0,00;110.965.856,99;186.632.195,40;;;;
MA;2104909;GUIMARAES;8.186.303,22;5.879.879,99;2.587.082,68;253.428,36;8.720.391,03;16.906.694,25;;;;
MA;2105005;HUMBERTO DE CAMPOS;30.224.990,91;21.709.349,68;22.453.677,44;0,00;44.163.027,12;74.388.018,03;;;;
MA;2105104;ICATU;21.598.312,16;15.513.166,34;8.401.926,00;1.451.479,71;25.366.572,05;46.964.884,21;;;;
MA;2105153;IGARAPE DO MEIO;23.998.519,05;17.237.134,79;12.355.357,02;0,00;29.592.491,81;53.591.010,86;;;;
MA;2105203;IGARAPE GRANDE;9.967.156,12;7.158.992,31;7.022.497,49;610.764,17;14.792.253,97;24.759.410,09;;;;
MA;2105302;IMPERATRIZ;147.226.268,46;105.746.484,92;38.198.068,24;0,00;143.944.553,16;291.170.821,62;;;;
MA;2105351;ITAIPAVA DO GRAJAU;12.642.203,74;9.080.367,38;7.545.037,89;823.868,62;17.449.273,89;30.091.477,63;;;;
MA;2105401;ITAPECURU MIRIM;55.249.683,35;39.683.542,00;31.416.731,68;1.711.212,08;72.811.485,76;128.061.169,11;;;;
MA;2105427;ITINGA DO MARANHAO;20.578.105,24;14.780.394,27;14.123.388,41;623.770,71;29.527.553,39;50.105.658,63;;;;
MA;2105450;JATOBA;6.580.661,30;4.726.614,40;2.069.862,99;232.016,48;7.028.493,87;13.609.155,17;;;;
MA;2105476;JENIPAPO DOS VIEIRAS;13.938.276,13;10.011.282,11;7.139.619,15;0,00;17.150.901,26;31.089.177,39;;;;
MA;2105500;JOAO LISBOA;23.421.281,98;16.822.529,49;11.982.478,45;1.409.416,76;30.214.424,70;53.635.706,68;;;;
MA;2105609;JOSELANDIA;11.192.341,57;8.038.991,89;6.210.998,22;746.481,49;14.996.471,60;26.188.813,17;;;;
MA;2105658;JUNCO DO MARANHAO;6.483.802,68;4.657.044,89;5.337.260,61;449.577,21;10.443.882,71;16.927.685,39;;;;
MA;2105708;LAGO DA PEDRA;33.373.043,89;23.970.464,77;22.368.081,28;2.045.940,41;48.384.486,46;81.757.530,35;;;;
MA;2105807;LAGO DO JUNCO;11.907.694,96;8.552.800,38;8.868.492,23;0,00;17.421.292,61;29.328.987,57;;;;
MA;2105948;LAGO DOS RODRIGUES;7.600.384,85;5.459.039,27;5.106.371,48;0,00;10.565.410,75;18.165.795,60;;;;
MA;2105906;LAGO VERDE;14.154.797,67;10.166.800,49;7.013.937,81;0,00;17.180.738,30;31.335.535,97;;;;
MA;2105922;LAGOA DO MATO;7.906.490,06;5.678.901,88;3.317.216,71;0,00;8.996.118,59;16.902.608,65;;;;
MA;2105963;LAGOA GRANDE DO MARANHAO;10.447.907,84;7.504.296,21;7.619.099,73;663.696,10;15.787.092,04;26.234.999,88;;;;
MA;2105989;LAJEADO NOVO;7.394.479,89;5.311.146,34;4.680.926,70;257.341,20;10.249.414,24;17.643.894,13;;;;
MA;2106003;LIMA CAMPOS;10.061.245,79;7.226.573,00;441.390,14;751.444,99;8.419.408,13;18.480.653,92;;;;
MA;2106102;LORETO;9.321.006,12;6.694.889,73;5.222.574,52;279.984,90;12.197.449,15;21.518.455,27;;;;
MA;2106201;LUIS DOMINGUES;7.482.490,07;5.374.360,37;5.522.504,37;463.525,73;11.360.390,47;18.842.880,54;;;;
MA;2106300;MAGALHAES DE ALMEIDA;20.592.873,80;14.791.001,92;15.539.849,34;789.015,43;31.119.866,69;51.712.740,49;;;;
MA;2106326;MARACACUME;22.019.507,66;15.815.693,48;15.085.593,27;0,00;30.901.286,75;52.920.794,41;;;;
MA;2106359;MARAJA DO SENA;8.685.544,72;6.238.464,33;6.022.409,74;548.122,62;12.808.996,69;21.494.541,41;;;;
MA;2106375;MARANHAOZINHO;23.733.710,99;17.046.934,20;18.368.688,99;1.460.102,43;36.875.725,62;60.609.436,61;;;;
MA;2106409;MATA ROMA;18.294.217,78;13.139.973,22;15.776.498,84;0,00;28.916.472,06;47.210.689,84;;;;
MA;2106508;MATINHA;19.791.679,58;14.215.537,54;10.546.168,30;0,00;24.761.705,84;44.553.385,42;;;;
MA;2106607;MATOES;31.997.004,73;22.982.113,26;11.577.401,89;0,00;34.559.515,15;66.556.519,88;;;;
MA;2106631;MATOES DO NORTE;13.851.417,02;9.948.894,83;12.336.786,80;0,00;22.285.681,63;36.137.098,65;;;;
MA;2106672;MILAGRES DO MARANHAO;11.337.880,74;8.143.526,60;9.220.871,50;327.554,80;17.691.952,90;29.029.833,64;;;;
MA;2106706;MIRADOR;15.272.079,44;10.969.297,36;8.132.148,56;0,00;19.101.445,92;34.373.525,36;;;;
MA;2106755;MIRANDA DO NORTE;16.850.114,29;12.102.733,95;6.385.059,42;1.289.169,62;19.776.962,99;36.627.077,28;;;;
MA;2106805;MIRINZAL;12.893.705,28;9.261.010,45;11.093.080,59;0,00;20.354.091,04;33.247.796,32;;;;
MA;2106904;MONCAO;30.189.093,77;21.683.566,28;16.525.042,80;893.647,47;39.102.256,55;69.291.350,32;;;;
MA;2107001;MONTES ALTOS;6.338.375,00;4.552.590,26;4.483.414,55;484.031,87;9.520.036,68;15.858.411,68;;;;
MA;2107100;MORROS;19.550.904,05;14.042.598,52;14.775.403,75;0,00;28.818.002,27;48.368.906,32;;;;
MA;2107209;NINA RODRIGUES;14.782.840,18;10.617.897,21;10.762.650,08;0,00;21.380.547,29;36.163.387,47;;;;
MA;2107258;NOVA COLINAS;4.326.367,83;3.107.449,47;1.365.354,31;142.492,32;4.615.296,10;8.941.663,93;;;;
MA;2107308;NOVA IORQUE;4.179.675,52;3.002.086,51;3.512.220,60;139.956,22;6.654.263,33;10.833.938,85;;;;
MA;2107357;NOVA OLINDA DO MARANHAO;19.247.815,68;13.824.902,80;7.218.642,81;625.763,36;21.669.308,97;40.917.124,65;;;;
MA;2107407;OLHO DAGUA DAS CUNHAS;21.244.577,87;15.259.093,75;7.215.475,83;675.833,12;23.150.402,70;44.394.980,57;;;;
MA;2107456;OLINDA NOVA DO MARANHAO;10.980.913,34;7.887.131,82;4.758.761,86;373.675,50;13.019.569,18;24.000.482,52;;;;
MA;2107506;PACO DO LUMIAR;84.117.691,45;60.418.227,55;30.690.116,77;0,00;91.108.344,32;175.226.035,77;;;;
MA;2107605;PALMEIRANDIA;14.478.139,74;10.399.043,60;2.552.292,19;484.937,62;13.436.273,41;27.914.413,15;;;;
MA;2107704;PARAIBANO;14.127.112,57;10.146.915,44;7.093.216,55;0,00;17.240.131,99;31.367.244,56;;;;
MA;2107803;PARNARAMA;34.303.542,73;24.638.803,27;20.741.852,80;2.448.925,93;47.829.582,00;82.133.124,73;;;;
MA;2107902;PASSAGEM FRANCA;13.762.316,58;9.884.897,70;5.989.243,88;0,00;15.874.141,58;29.636.458,16;;;;
MA;2108009;PASTOS BONS;25.347.307,31;18.205.913,11;19.443.935,39;822.202,04;38.472.050,54;63.819.357,85;;;;
MA;2108058;PAULINO NEVES;18.687.133,11;13.422.187,90;10.463.370,77;624.169,24;24.509.727,91;43.196.861,02;;;;
MA;2108108;PAULO RAMOS;23.870.607,43;17.145.261,20;17.742.271,24;739.706,49;35.627.238,93;59.497.846,36;;;;
MA;2108207;PEDREIRAS;21.372.581,12;15.351.033,14;5.487.819,61;753.546,33;21.592.399,08;42.964.980,20;;;;
MA;2108256;PEDRO DO ROSARIO;33.721.351,33;24.220.639,48;18.730.623,80;1.017.698,75;43.968.962,03;77.690.313,36;;;;
MA;2108306;PENALVA;31.190.980,58;22.403.179,75;15.853.147,34;2.142.746,78;40.399.073,87;71.590.054,45;;;;
MA;2108405;PERI MIRIM;10.054.886,45;7.222.005,34;6.413.050,37;0,00;13.635.055,71;23.689.942,16;;;;
MA;2108454;PERITORO;24.839.581,44;17.841.234,80;17.782.161,71;0,00;35.623.396,51;60.462.977,95;;;;
MA;2108504;PINDARE MIRIM;37.840.914,55;27.179.549,83;26.812.652,70;0,00;53.992.202,53;91.833.117,08;;;;
MA;2108603;PINHEIRO;58.280.935,13;41.860.763,66;27.149.035,32;1.829.865,10;70.839.664,08;129.120.599,21;;;;
MA;2108702;PIO XII;28.930.443,68;20.779.530,43;14.042.076,77;2.393.059,37;37.214.666,57;66.145.110,25;;;;
MA;2108801;PIRAPEMAS;16.550.844,54;11.887.780,97;4.722.788,51;550.223,96;17.160.793,44;33.711.637,98;;;;
MA;2108900;POCAO DE PEDRAS;15.975.614,95;11.474.617,56;11.448.987,82;491.096,71;23.414.702,09;39.390.317,04;;;;
MA;2109007;PORTO FRANCO;26.115.526,16;18.757.692,65;22.069.802,15;775.320,51;41.602.815,31;67.718.341,47;;;;
MA;2109056;PORTO RICO DO MARANHAO;5.947.314,25;4.271.707,64;3.967.250,56;172.635,62;8.411.593,82;14.358.908,07;;;;
MA;2109106;PRESIDENTE DUTRA;29.952.333,02;21.513.510,90;22.506.011,20;2.045.759,26;46.065.281,36;76.017.614,38;;;;
MA;2109205;PRESIDENTE JUSCELINO;11.432.750,29;8.211.667,45;6.289.197,40;783.653,40;15.284.518,25;26.717.268,54;;;;
MA;2109239;PRESIDENTE MEDICI;6.359.302,18;4.567.621,39;3.272.775,44;0,00;7.840.396,83;14.199.699,01;;;;
MA;2109270;PRESIDENTE SARNEY;25.514.188,52;18.325.776,91;20.419.997,30;1.550.314,96;40.296.089,17;65.810.277,69;;;;
MA;2109304;PRESIDENTE VARGAS;14.356.454,45;10.311.642,14;8.979.325,33;0,00;19.290.967,47;33.647.421,92;;;;
MA;2109403;PRIMEIRA CRUZ;16.754.898,20;12.034.344,21;12.865.905,80;0,00;24.900.250,01;41.655.148,21;;;;
MA;2109452;RAPOSA;25.109.648,88;18.035.212,97;26.380.172,30;1.430.647,50;45.846.032,77;70.955.681,65;;;;
MA;2109502;RIACHAO;15.208.596,01;10.923.699,86;3.376.176,08;1.088.347,11;15.388.223,05;30.596.819,06;;;;
MA;2109551;RIBAMAR FIQUENE;5.741.569,35;4.123.929,67;1.272.042,43;0,00;5.395.972,10;11.137.541,45;;;;
MA;2109601;ROSARIO;38.400.690,41;27.581.613,47;24.372.069,86;1.121.678,65;53.075.361,98;91.476.052,39;;;;
MA;2109700;SAMBAIBA;4.374.803,21;3.142.238,58;61.261,20;317.808,95;3.521.308,73;7.896.111,94;;;;
MA;2109759;SANTA FILOMENA DO MARANHAO;5.669.947,69;4.072.486,81;3.361.628,87;0,00;7.434.115,68;13.104.063,37;;;;
MA;2109809;SANTA HELENA;46.892.380,06;33.680.839,78;40.631.194,04;1.413.691,89;75.725.725,71;122.618.105,77;;;;
MA;2109908;SANTA INES;62.253.070,48;44.713.782,72;35.066.917,86;3.910.803,63;83.691.504,21;145.944.574,69;;;;
MA;2110005;SANTA LUZIA;56.669.618,90;40.703.422,44;31.105.364,45;3.760.304,49;75.569.091,38;132.238.710,28;;;;
MA;2110039;SANTA LUZIA DO PARUA;19.883.178,00;14.281.257,04;12.892.616,37;594.714,31;27.768.587,72;47.651.765,72;;;;
MA;2110104;SANTA QUITERIA DO MARANHAO;39.294.665,34;28.223.718,36;22.526.866,71;0,00;50.750.585,07;90.045.250,41;;;;
MA;2110203;SANTA RITA;31.913.436,09;22.922.089,41;20.699.551,87;0,00;43.621.641,28;75.535.077,37;;;;
MA;2110237;SANTANA DO MARANHAO;10.917.589,31;7.841.648,81;6.729.202,48;0,00;14.570.851,29;25.488.440,60;;;;
MA;2110278;SANTO AMARO DO MARANHAO;11.520.312,41;8.274.559,67;5.798.324,72;0,00;14.072.884,39;25.593.196,80;;;;
MA;2110302;SANTO ANTONIO DOS LOPES;11.571.128,03;8.311.058,41;0,00;0,00;8.311.058,41;19.882.186,44;;;;
MA;2110401;SAO BENEDITO DO RIO PRETO;22.190.535,68;15.938.535,78;19.096.028,90;0,00;35.034.564,68;57.225.100,36;;;;
MA;2110500;SAO BENTO;37.194.239,23;26.715.069,93;23.365.165,97;3.251.600,04;53.331.835,94;90.526.075,17;;;;
MA;2110609;SAO BERNARDO;45.390.558,25;32.602.143,86;48.777.918,93;4.078.729,35;85.458.792,14;130.849.350,39;;;;
MA;2110658;SAO DOMINGOS DO AZEITAO;6.196.555,03;4.450.726,89;2.348.857,28;424.868,40;7.224.452,57;13.421.007,60;;;;
MA;2110708;SAO DOMINGOS DO MARANHAO;27.190.169,32;19.529.563,98;12.026.918,88;1.855.044,91;33.411.527,77;60.601.697,09;;;;
MA;2110807;SAO FELIX DE BALSAS;2.766.404,30;1.986.992,77;0,00;0,00;1.986.992,77;4.753.397,07;;;;
MA;2110856;SAO FRANCISCO DO BREJAO;7.349.472,08;5.278.819,11;2.708.760,88;259.877,29;8.247.457,28;15.596.929,36;;;;
MA;2110906;SAO FRANCISCO DO MARANHAO;11.378.388,48;8.172.621,62;6.490.244,74;0,00;14.662.866,36;26.041.254,84;;;;
MA;2111003;SAO JOAO BATISTA;15.436.630,90;11.087.487,82;6.238.717,02;0,00;17.326.204,84;32.762.835,74;;;;
MA;2111029;SAO JOAO DO CARU;13.335.552,48;9.578.370,86;6.554.581,33;0,00;16.132.952,19;29.468.504,67;;;;
MA;2111052;SAO JOAO DO PARAISO;9.496.335,03;6.820.821,17;1.625.497,51;358.422,70;8.804.741,38;18.301.076,41;;;;
MA;2111078;SAO JOAO DO SOTER;17.300.237,66;12.426.038,77;7.542.582,97;559.281,44;20.527.903,18;37.828.140,84;;;;
MA;2111102;SAO JOAO DOS PATOS;19.991.864,16;14.359.321,77;11.011.410,04;1.233.520,45;26.604.252,26;46.596.116,42;;;;
MA;2111201;SAO JOSE DE RIBAMAR;151.927.361,59;109.123.083,93;145.024.363,05;3.404.780,19;257.552.227,17;409.479.588,76;;;;
MA;2111250;SAO JOSE DOS BASILIOS;6.178.697,75;4.437.900,75;4.489.556,95;201.873,17;9.129.330,87;15.308.028,62;;;;
MA;2111300;SAO LUIS;373.045.691,34;267.943.152,98;0,00;22.397.125,70;290.340.278,68;663.385.970,02;;;;
MA;2111409;SAO LUIS GONZAGA DO MARANHAO;21.011.516,35;15.091.695,39;11.068.065,24;0,00;26.159.760,63;47.171.276,98;;;;
MA;2111508;SAO MATEUS DO MARANHAO;34.002.534,13;24.422.601,35;23.891.202,84;0,00;48.313.804,19;82.316.338,32;;;;
MA;2111532;SAO PEDRO DA AGUA BRANCA;10.014.518,29;7.193.010,58;7.064.734,47;0,00;14.257.745,05;24.272.263,34;;;;
MA;2111573;SAO PEDRO DOS CRENTES;4.445.059,66;3.192.700,86;3.154.217,60;296.034,76;6.642.953,22;11.088.012,88;;;;
MA;2111607;SAO RAIMUNDO DAS MANGABEIRAS;13.535.272,98;9.721.821,76;4.632.789,84;933.210,55;15.287.822,15;28.823.095,13;;;;
MA;2111631;SAO RAIMUNDO DO DOCA BEZERRA;5.083.011,63;3.650.915,14;1.245.183,22;172.671,85;5.068.770,21;10.151.781,84;;;;
MA;2111672;SAO ROBERTO;5.945.377,22;4.270.316,36;4.994.191,37;156.585,76;9.421.093,49;15.366.470,71;;;;
MA;2111706;SAO VICENTE FERRER;15.561.224,84;11.176.978,44;10.431.724,02;483.126,12;22.091.828,58;37.653.053,42;;;;
MA;2111722;SATUBINHA;14.580.532,01;10.472.587,69;6.834.340,29;477.003,27;17.783.931,25;32.364.463,26;;;;
MA;2111748;SENADOR ALEXANDRE COSTA;10.451.369,37;7.506.782,49;6.039.234,43;0,00;13.546.016,92;23.997.386,29;;;;
MA;2111763;SENADOR LA ROCQUE;13.806.930,04;9.916.941,69;8.602.872,15;0,00;18.519.813,84;32.326.743,88;;;;
MA;2111789;SERRANO DO MARANHAO;20.169.423,46;14.486.855,20;19.267.365,71;543.195,35;34.297.416,26;54.466.839,72;;;;
MA;2111805;SITIO NOVO;16.588.187,92;11.914.603,16;10.307.141,74;1.065.522,26;23.287.267,16;39.875.455,08;;;;
MA;2111904;SUCUPIRA DO NORTE;9.254.211,69;6.646.914,09;6.051.935,44;0,00;12.698.849,53;21.953.061,22;;;;
MA;2111953;SUCUPIRA DO RIACHAO;4.134.087,22;2.969.342,33;1.496.601,25;135.717,32;4.601.660,90;8.735.748,12;;;;
MA;2112001;TASSO FRAGOSO;7.538.872,52;5.414.857,53;75.756,92;269.804,29;5.760.418,74;13.299.291,26;;;;
MA;2112100;TIMBIRAS;22.379.782,75;16.074.464,04;10.298.112,01;1.603.246,89;27.975.822,94;50.355.605,69;;;;
MA;2112209;TIMON;112.744.292,01;80.979.520,16;59.577.199,73;7.949.136,61;148.505.856,50;261.250.148,51;;;;
MA;2112233;TRIZIDELA DO VALE;18.796.472,00;13.500.721,47;5.138.137,76;0,00;18.638.859,23;37.435.331,23;;;;
MA;2112274;TUFILANDIA;6.097.905,58;4.379.871,12;908.174,89;210.858,20;5.498.904,21;11.596.809,79;;;;
MA;2112308;TUNTUM;27.191.941,73;19.530.837,03;14.321.156,76;1.748.782,52;35.600.776,31;62.792.718,04;;;;
MA;2112407;TURIACU;39.489.117,40;28.363.385,15;29.389.315,92;0,00;57.752.701,07;97.241.818,47;;;;
MA;2112456;TURILANDIA;33.258.151,78;23.887.942,57;31.098.488,10;1.852.798,65;56.839.229,32;90.097.381,10;;;;
MA;2112506;TUTOIA;49.473.539,21;35.534.778,69;26.231.661,74;1.665.018,92;63.431.459,35;112.904.998,56;;;;
MA;2112605;URBANO SANTOS;36.676.851,68;26.343.452,05;26.461.666,52;0,00;52.805.118,57;89.481.970,25;;;;
MA;2112704;VARGEM GRANDE;61.064.694,10;43.860.221,55;51.104.408,00;4.307.195,30;99.271.824,85;160.336.518,95;;;;
MA;2112803;VIANA;44.684.769,52;32.095.205,26;29.773.698,62;2.949.152,58;64.818.056,46;109.502.825,98;;;;
MA;2112852;VILA NOVA DOS MARTIRIOS;12.680.908,21;9.108.167,19;13.997.222,93;671.050,77;23.776.440,89;36.457.349,10;;;;
MA;2112902;VITORIA DO MEARIM;24.419.413,91;17.539.445,99;15.901.657,20;731.264,92;34.172.368,11;58.591.782,02;;;;
MA;2113009;VITORINO FREIRE;24.161.948,74;17.354.519,51;5.146.551,64;1.808.235,83;24.309.306,98;48.471.255,72;;;;
MA;2114007;ZE DOCA;63.864.779,44;45.871.406,00;48.963.124,40;2.102.314,18;96.936.844,58;160.801.624,02;;;;
MG;3100104;ABADIA DOS DOURADOS;3.088.326,13;0,00;0,00;0,00;0,00;3.088.326,13;;;;
MG;3100203;ABAETE;12.498.056,08;0,00;0,00;0,00;0,00;12.498.056,08;;;;
MG;3100302;ABRE CAMPO;4.528.889,88;0,00;0,00;0,00;0,00;4.528.889,88;;;;
MG;3100401;ACAIACA;2.764.172,09;0,00;0,00;0,00;0,00;2.764.172,09;;;;
MG;3100500;ACUCENA;3.672.823,59;0,00;0,00;141.840,18;141.840,18;3.814.663,77;;;;
MG;3100609;AGUA BOA;5.673.047,22;0,00;177.186,65;0,00;177.186,65;5.850.233,87;;;;
MG;3100708;AGUA COMPRIDA;1.382.578,98;0,00;0,00;0,00;0,00;1.382.578,98;;;;
MG;3100807;AGUANIL;3.410.353,14;0,00;0,00;0,00;0,00;3.410.353,14;;;;
MG;3100906;AGUAS FORMOSAS;7.921.180,14;0,00;0,00;0,00;0,00;7.921.180,14;;;;
MG;3101003;AGUAS VERMELHAS;10.177.107,22;0,00;3.205.289,85;181.113,42;3.386.403,27;13.563.510,49;;;;
MG;3101102;AIMORES;15.634.991,89;0,00;802.062,10;616.126,20;1.418.188,30;17.053.180,19;;;;
MG;3101201;AIURUOCA;2.687.314,59;0,00;0,00;0,00;0,00;2.687.314,59;;;;
MG;3101300;ALAGOA;2.715.250,25;0,00;0,00;0,00;0,00;2.715.250,25;;;;
MG;3101409;ALBERTINA;3.653.920,99;0,00;0,00;177.019,44;177.019,44;3.830.940,43;;;;
MG;3101508;ALEM PARAIBA;21.570.694,13;0,00;0,00;0,00;0,00;21.570.694,13;;;;
MG;3101607;ALFENAS;44.248.547,07;0,00;0,00;0,00;0,00;44.248.547,07;;;;
MG;3101631;ALFREDO VASCONCELOS;3.590.719,79;0,00;0,00;0,00;0,00;3.590.719,79;;;;
MG;3101706;ALMENARA;29.276.155,17;0,00;0,00;1.187.689,58;1.187.689,58;30.463.844,75;;;;
MG;3101805;ALPERCATA;5.697.344,96;0,00;0,00;0,00;0,00;5.697.344,96;;;;
MG;3101904;ALPINOPOLIS;9.099.652,26;0,00;0,00;334.655,87;334.655,87;9.434.308,13;;;;
MG;3102001;ALTEROSA;10.167.215,30;0,00;0,00;0,00;0,00;10.167.215,30;;;;
MG;3102050;ALTO CAPARAO;4.757.175,06;0,00;0,00;0,00;0,00;4.757.175,06;;;;
MG;3153509;ALTO JEQUITIBA;4.542.601,61;0,00;157.097,15;0,00;157.097,15;4.699.698,76;;;;
MG;3102100;ALTO RIO DOCE;5.027.714,90;0,00;0,00;0,00;0,00;5.027.714,90;;;;
MG;3102209;ALVARENGA;2.795.930,87;0,00;0,00;0,00;0,00;2.795.930,87;;;;
MG;3102308;ALVINOPOLIS;7.177.866,67;0,00;1.333.282,98;0,00;1.333.282,98;8.511.149,65;;;;
MG;3102407;ALVORADA DE MINAS;1.962.509,09;0,00;0,00;0,00;0,00;1.962.509,09;;;;
MG;3102506;AMPARO DO SERRA;3.156.460,16;0,00;0,00;0,00;0,00;3.156.460,16;;;;
MG;3102605;ANDRADAS;21.807.677,65;0,00;0,00;0,00;0,00;21.807.677,65;;;;
MG;3102803;ANDRELANDIA;8.502.727,13;0,00;0,00;0,00;0,00;8.502.727,13;;;;
MG;3102852;ANGELANDIA;6.508.045,21;0,00;1.659.403,06;102.422,01;1.761.825,07;8.269.870,28;;;;
MG;3102902;ANTONIO CARLOS;4.861.691,59;0,00;0,00;0,00;0,00;4.861.691,59;;;;
MG;3103009;ANTONIO DIAS;3.154.921,48;0,00;0,00;0,00;0,00;3.154.921,48;;;;
MG;3103108;ANTONIO PRADO DE MINAS;901.330,07;0,00;0,00;0,00;0,00;901.330,07;;;;
MG;3103207;ARACAI;2.343.915,85;0,00;0,00;0,00;0,00;2.343.915,85;;;;
MG;3103306;ARACITABA;912.026,24;0,00;0,00;0,00;0,00;912.026,24;;;;
MG;3103405;ARACUAI;13.594.888,16;0,00;0,00;0,00;0,00;13.594.888,16;;;;
MG;3103504;ARAGUARI;60.603.962,05;0,00;0,00;0,00;0,00;60.603.962,05;;;;
MG;3103603;ARANTINA;3.481.440,58;0,00;0,00;0,00;0,00;3.481.440,58;;;;
MG;3103702;ARAPONGA;2.850.161,02;0,00;0,00;0,00;0,00;2.850.161,02;;;;
MG;3103751;ARAPORA;11.397.836,46;0,00;0,00;418.202,09;418.202,09;11.816.038,55;;;;
MG;3103801;ARAPUA;1.676.413,61;0,00;0,00;0,00;0,00;1.676.413,61;;;;
MG;3103900;ARAUJOS;7.102.980,91;0,00;0,00;0,00;0,00;7.102.980,91;;;;
MG;3104007;ARAXA;89.627.910,34;0,00;0,00;1.475.862,45;1.475.862,45;91.103.772,79;;;;
MG;3104106;ARCEBURGO;8.167.388,47;0,00;0,00;0,00;0,00;8.167.388,47;;;;
MG;3104205;ARCOS;22.459.794,02;0,00;0,00;0,00;0,00;22.459.794,02;;;;
MG;3104304;AREADO;7.999.839,80;0,00;0,00;158.614,64;158.614,64;8.158.454,44;;;;
MG;3104403;ARGIRITA;2.946.901,62;0,00;0,00;112.783,77;112.783,77;3.059.685,39;;;;
MG;3104452;ARICANDUVA;3.643.372,95;0,00;6.448,20;0,00;6.448,20;3.649.821,15;;;;
MG;3104502;ARINOS;11.554.910,01;0,00;0,00;0,00;0,00;11.554.910,01;;;;
MG;3104601;ASTOLFO DUTRA;7.160.579,02;0,00;0,00;140.282,29;140.282,29;7.300.861,31;;;;
MG;3104700;ATALEIA;6.338.599,90;0,00;0,00;0,00;0,00;6.338.599,90;;;;
MG;3104809;AUGUSTO DE LIMA;4.116.571,26;0,00;0,00;79.742,08;79.742,08;4.196.313,34;;;;
MG;3104908;BAEPENDI;10.278.949,18;0,00;0,00;378.168,02;378.168,02;10.657.117,20;;;;
MG;3105004;BALDIM;4.374.388,12;0,00;0,00;0,00;0,00;4.374.388,12;;;;
MG;3105103;BAMBUI;11.409.818,27;0,00;0,00;305.889,30;305.889,30;11.715.707,57;;;;
MG;3105202;BANDEIRA;2.540.207,66;0,00;0,00;0,00;0,00;2.540.207,66;;;;
MG;3105301;BANDEIRA DO SUL;5.550.612,26;0,00;391.884,02;95.139,80;487.023,82;6.037.636,08;;;;
MG;3105400;BARAO DE COCAIS;23.988.345,12;0,00;0,00;0,00;0,00;23.988.345,12;;;;
MG;3105509;BARAO DE MONTE ALTO;5.047.608,82;0,00;890.289,85;122.167,33;1.012.457,18;6.060.066,00;;;;
MG;3105608;BARBACENA;52.167.265,74;0,00;0,00;0,00;0,00;52.167.265,74;;;;
MG;3105707;BARRA LONGA;1.967.189,52;0,00;0,00;0,00;0,00;1.967.189,52;;;;
MG;3105905;BARROSO;12.858.151,22;0,00;0,00;0,00;0,00;12.858.151,22;;;;
MG;3106002;BELA VISTA DE MINAS;4.541.376,01;0,00;0,00;0,00;0,00;4.541.376,01;;;;
MG;3106101;BELMIRO BRAGA;2.342.475,46;0,00;0,00;0,00;0,00;2.342.475,46;;;;
MG;3106200;BELO HORIZONTE;1.359.181.018,85;0,00;0,00;27.160.999,27;27.160.999,27;1.386.342.018,12;;;;
MG;3106309;BELO ORIENTE;25.769.673,32;0,00;0,00;481.495,78;481.495,78;26.251.169,10;;;;
MG;3106408;BELO VALE;5.071.813,28;0,00;0,00;0,00;0,00;5.071.813,28;;;;
MG;3106507;BERILO;3.600.539,10;0,00;0,00;0,00;0,00;3.600.539,10;;;;
MG;3106655;BERIZAL;3.310.120,66;0,00;0,00;56.953,45;56.953,45;3.367.074,11;;;;
MG;3106606;BERTOPOLIS;2.893.327,19;0,00;0,00;0,00;0,00;2.893.327,19;;;;
MG;3106705;BETIM;385.039.910,83;0,00;0,00;0,00;0,00;385.039.910,83;;;;
MG;3106804;BIAS FORTES;1.603.875,54;0,00;0,00;0,00;0,00;1.603.875,54;;;;
MG;3106903;BICAS;10.721.561,70;0,00;0,00;185.714,62;185.714,62;10.907.276,32;;;;
MG;3107000;BIQUINHAS;2.188.871,65;0,00;0,00;0,00;0,00;2.188.871,65;;;;
MG;3107109;BOA ESPERANCA;24.963.675,06;0,00;0,00;440.519,73;440.519,73;25.404.194,79;;;;
MG;3107208;BOCAINA DE MINAS;3.190.399,32;0,00;0,00;56.627,38;56.627,38;3.247.026,70;;;;
MG;3107307;BOCAIUVA;23.921.379,30;0,00;0,00;0,00;0,00;23.921.379,30;;;;
MG;3107406;BOM DESPACHO;30.427.582,63;0,00;0,00;606.054,28;606.054,28;31.033.636,91;;;;
MG;3107505;BOM JARDIM DE MINAS;4.223.020,01;0,00;0,00;125.138,18;125.138,18;4.348.158,19;;;;
MG;3107604;BOM JESUS DA PENHA;3.677.856,17;0,00;0,00;72.423,63;72.423,63;3.750.279,80;;;;
MG;3107703;BOM JESUS DO AMPARO;3.973.204,19;0,00;0,00;0,00;0,00;3.973.204,19;;;;
MG;3107802;BOM JESUS DO GALHO;5.583.406,45;0,00;0,00;0,00;0,00;5.583.406,45;;;;
MG;3107901;BOM REPOUSO;9.395.897,25;0,00;1.005.377,36;0,00;1.005.377,36;10.401.274,61;;;;
MG;3108008;BOM SUCESSO;8.842.894,84;0,00;0,00;0,00;0,00;8.842.894,84;;;;
MG;3108107;BONFIM;3.383.655,18;0,00;0,00;0,00;0,00;3.383.655,18;;;;
MG;3108206;BONFINOPOLIS DE MINAS;4.953.349,58;0,00;0,00;0,00;0,00;4.953.349,58;;;;
MG;3108255;BONITO DE MINAS;6.927.847,61;0,00;143.899,61;159.303,00;303.202,61;7.231.050,22;;;;
MG;3108305;BORDA DA MATA;11.757.099,41;0,00;0,00;212.379,85;212.379,85;11.969.479,26;;;;
MG;3108404;BOTELHOS;9.199.437,92;0,00;0,00;0,00;0,00;9.199.437,92;;;;
MG;3108503;BOTUMIRIM;2.851.398,69;0,00;0,00;0,00;0,00;2.851.398,69;;;;
MG;3108701;BRAS PIRES;2.956.144,24;0,00;0,00;0,00;0,00;2.956.144,24;;;;
MG;3108552;BRASILANDIA DE MINAS;13.337.976,38;0,00;746.411,05;0,00;746.411,05;14.084.387,43;;;;
MG;3108602;BRASILIA DE MINAS;13.277.876,81;0,00;0,00;0,00;0,00;13.277.876,81;;;;
MG;3108800;BRAUNAS;1.955.592,82;0,00;0,00;0,00;0,00;1.955.592,82;;;;
MG;3108909;BRAZOPOLIS;8.703.037,90;0,00;0,00;0,00;0,00;8.703.037,90;;;;
MG;3109006;BRUMADINHO;37.757.445,46;0,00;0,00;714.055,70;714.055,70;38.471.501,16;;;;
MG;3109105;BUENO BRANDAO;4.323.817,33;0,00;0,00;87.096,75;87.096,75;4.410.914,08;;;;
MG;3109204;BUENOPOLIS;6.111.487,83;0,00;0,00;0,00;0,00;6.111.487,83;;;;
MG;3109253;BUGRE;1.806.215,47;0,00;0,00;0,00;0,00;1.806.215,47;;;;
MG;3109303;BURITIS;24.291.686,49;0,00;0,00;482.292,84;482.292,84;24.773.979,33;;;;
MG;3109402;BURITIZEIRO;17.616.562,19;0,00;229.283,32;0,00;229.283,32;17.845.845,51;;;;
MG;3109451;CABECEIRA GRANDE;7.549.953,48;0,00;0,00;0,00;0,00;7.549.953,48;;;;
MG;3109501;CABO VERDE;7.578.490,42;0,00;0,00;0,00;0,00;7.578.490,42;;;;
MG;3109600;CACHOEIRA DA PRATA;3.685.495,61;0,00;0,00;0,00;0,00;3.685.495,61;;;;
MG;3109709;CACHOEIRA DE MINAS;8.642.660,28;0,00;0,00;155.245,25;155.245,25;8.797.905,53;;;;
MG;3102704;CACHOEIRA DE PAJEU;4.622.269,22;0,00;0,00;0,00;0,00;4.622.269,22;;;;
MG;3109808;CACHOEIRA DOURADA;2.702.636,31;0,00;0,00;0,00;0,00;2.702.636,31;;;;
MG;3109907;CAETANOPOLIS;8.679.244,79;0,00;0,00;0,00;0,00;8.679.244,79;;;;
MG;3110004;CAETE;21.618.264,44;0,00;0,00;0,00;0,00;21.618.264,44;;;;
MG;3110103;CAIANA;3.160.801,23;0,00;0,00;0,00;0,00;3.160.801,23;;;;
MG;3110202;CAJURI;4.490.809,17;0,00;0,00;0,00;0,00;4.490.809,17;;;;
MG;3110301;CALDAS;8.049.319,50;0,00;0,00;149.702,07;149.702,07;8.199.021,57;;;;
MG;3110400;CAMACHO;1.532.008,40;0,00;0,00;0,00;0,00;1.532.008,40;;;;
MG;3110509;CAMANDUCAIA;22.829.043,90;0,00;0,00;0,00;0,00;22.829.043,90;;;;
MG;3110608;CAMBUI;19.759.549,36;0,00;0,00;0,00;0,00;19.759.549,36;;;;
MG;3110707;CAMBUQUIRA;8.638.719,87;0,00;710.041,90;0,00;710.041,90;9.348.761,77;;;;
MG;3110806;CAMPANARIO;2.506.717,64;0,00;0,00;47.932,20;47.932,20;2.554.649,84;;;;
MG;3110905;CAMPANHA;10.749.225,75;0,00;0,00;179.519,31;179.519,31;10.928.745,06;;;;
MG;3111002;CAMPESTRE;18.037.527,79;0,00;1.407.963,70;0,00;1.407.963,70;19.445.491,49;;;;
MG;3111101;CAMPINA VERDE;8.069.718,91;0,00;0,00;0,00;0,00;8.069.718,91;;;;
MG;3111150;CAMPO AZUL;3.132.187,48;0,00;0,00;0,00;0,00;3.132.187,48;;;;
MG;3111200;CAMPO BELO;29.401.339,68;0,00;0,00;472.329,60;472.329,60;29.873.669,28;;;;
MG;3111309;CAMPO DO MEIO;7.467.794,93;0,00;1.180.540,10;0,00;1.180.540,10;8.648.335,03;;;;
MG;3111408;CAMPO FLORIDO;8.769.961,29;0,00;0,00;0,00;0,00;8.769.961,29;;;;
MG;3111507;CAMPOS ALTOS;12.488.459,26;0,00;490.777,06;231.038,27;721.815,33;13.210.274,59;;;;
MG;3111606;CAMPOS GERAIS;18.623.378,59;0,00;5.614.657,18;343.024,98;5.957.682,16;24.581.060,75;;;;
MG;3111903;CANA VERDE;2.886.540,56;0,00;0,00;0,00;0,00;2.886.540,56;;;;
MG;3111705;CANAA;2.165.826,72;0,00;0,00;0,00;0,00;2.165.826,72;;;;
MG;3111804;CANAPOLIS;6.369.615,78;0,00;0,00;0,00;0,00;6.369.615,78;;;;
MG;3112000;CANDEIAS;6.920.481,46;0,00;0,00;0,00;0,00;6.920.481,46;;;;
MG;3112059;CANTAGALO;2.543.583,37;0,00;0,00;0,00;0,00;2.543.583,37;;;;
MG;3112109;CAPARAO;4.105.475,53;0,00;64.079,00;0,00;64.079,00;4.169.554,53;;;;
MG;3112208;CAPELA NOVA;1.911.676,35;0,00;0,00;0,00;0,00;1.911.676,35;;;;
MG;3112307;CAPELINHA;22.527.634,22;0,00;4.065.784,51;0,00;4.065.784,51;26.593.418,73;;;;
MG;3112406;CAPETINGA;4.071.499,22;0,00;0,00;159.085,63;159.085,63;4.230.584,85;;;;
MG;3112505;CAPIM BRANCO;5.475.066,78;0,00;0,00;0,00;0,00;5.475.066,78;;;;
MG;3112604;CAPINOPOLIS;11.401.225,15;0,00;0,00;433.491,12;433.491,12;11.834.716,27;;;;
MG;3112653;CAPITAO ANDRADE;3.673.508,48;0,00;0,00;0,00;0,00;3.673.508,48;;;;
MG;3112703;CAPITAO ENEAS;11.301.128,69;0,00;3.564.208,57;160.317,44;3.724.526,01;15.025.654,70;;;;
MG;3112802;CAPITOLIO;6.562.810,50;0,00;0,00;0,00;0,00;6.562.810,50;;;;
MG;3112901;CAPUTIRA;7.494.211,82;0,00;1.152.109,38;309.222,46;1.461.331,84;8.955.543,66;;;;
MG;3113008;CARAI;13.270.313,80;0,00;0,00;0,00;0,00;13.270.313,80;;;;
MG;3113107;CARANAIBA;1.326.632,05;0,00;0,00;0,00;0,00;1.326.632,05;;;;
MG;3113206;CARANDAI;19.499.486,91;0,00;0,00;0,00;0,00;19.499.486,91;;;;
MG;3113305;CARANGOLA;14.257.832,64;0,00;0,00;229.915,14;229.915,14;14.487.747,78;;;;
MG;3113404;CARATINGA;56.246.230,98;0,00;9.693.485,90;1.158.125,96;10.851.611,86;67.097.842,84;;;;
MG;3113503;CARBONITA;6.702.564,35;0,00;0,00;0,00;0,00;6.702.564,35;;;;
MG;3113602;CAREACU;4.822.222,36;0,00;0,00;0,00;0,00;4.822.222,36;;;;
MG;3113701;CARLOS CHAGAS;13.284.376,96;0,00;0,00;0,00;0,00;13.284.376,96;;;;
MG;3113800;CARMESIA;2.766.648,37;0,00;0,00;44.780,19;44.780,19;2.811.428,56;;;;
MG;3113909;CARMO DA CACHOEIRA;7.111.463,54;0,00;0,00;0,00;0,00;7.111.463,54;;;;
MG;3114006;CARMO DA MATA;5.490.970,36;0,00;0,00;108.255,03;108.255,03;5.599.225,39;;;;
MG;3114105;CARMO DE MINAS;6.131.969,57;0,00;0,00;0,00;0,00;6.131.969,57;;;;
MG;3114204;CARMO DO CAJURU;17.680.536,57;0,00;1.948.629,38;0,00;1.948.629,38;19.629.165,95;;;;
MG;3114303;CARMO DO PARANAIBA;16.659.777,74;0,00;0,00;0,00;0,00;16.659.777,74;;;;
MG;3114402;CARMO DO RIO CLARO;12.546.819,82;0,00;0,00;0,00;0,00;12.546.819,82;;;;
MG;3114501;CARMOPOLIS DE MINAS;12.937.333,47;0,00;0,00;549.716,74;549.716,74;13.487.050,21;;;;
MG;3114550;CARNEIRINHO;6.068.476,21;0,00;0,00;0,00;0,00;6.068.476,21;;;;
MG;3114600;CARRANCAS;2.708.250,68;0,00;0,00;0,00;0,00;2.708.250,68;;;;
MG;3114709;CARVALHOPOLIS;3.777.941,37;0,00;0,00;0,00;0,00;3.777.941,37;;;;
MG;3114808;CARVALHOS;2.409.534,15;0,00;0,00;0,00;0,00;2.409.534,15;;;;
MG;3114907;CASA GRANDE;1.748.220,13;0,00;0,00;33.077,93;33.077,93;1.781.298,06;;;;
MG;3115003;CASCALHO RICO;3.030.880,68;0,00;0,00;0,00;0,00;3.030.880,68;;;;
MG;3115102;CASSIA;7.978.277,24;0,00;0,00;0,00;0,00;7.978.277,24;;;;
MG;3115300;CATAGUASES;30.762.325,16;0,00;0,00;546.637,19;546.637,19;31.308.962,35;;;;
MG;3115359;CATAS ALTAS;4.432.381,10;0,00;0,00;82.024,56;82.024,56;4.514.405,66;;;;
MG;3115409;CATAS ALTAS DA NORUEGA;1.193.440,00;0,00;0,00;0,00;0,00;1.193.440,00;;;;
MG;3115458;CATUJI;6.144.940,48;0,00;0,00;0,00;0,00;6.144.940,48;;;;
MG;3115474;CATUTI;4.153.013,40;0,00;0,00;0,00;0,00;4.153.013,40;;;;
MG;3115508;CAXAMBU;10.584.988,15;0,00;0,00;0,00;0,00;10.584.988,15;;;;
MG;3115607;CEDRO DO ABAETE;1.102.240,97;0,00;0,00;0,00;0,00;1.102.240,97;;;;
MG;3115706;CENTRAL DE MINAS;3.228.463,13;0,00;0,00;0,00;0,00;3.228.463,13;;;;
MG;3115805;CENTRALINA;7.688.943,18;0,00;64.007,97;269.804,29;333.812,26;8.022.755,44;;;;
MG;3115904;CHACARA;4.001.809,64;0,00;0,00;0,00;0,00;4.001.809,64;;;;
MG;3116001;CHALE;3.216.043,90;0,00;0,00;0,00;0,00;3.216.043,90;;;;
MG;3116100;CHAPADA DO NORTE;7.692.798,18;0,00;2.130.672,35;0,00;2.130.672,35;9.823.470,53;;;;
MG;3116159;CHAPADA GAUCHA;12.776.478,40;0,00;268.136,71;420.557,03;688.693,74;13.465.172,14;;;;
MG;3116209;CHIADOR;3.466.925,78;0,00;0,00;63.800,91;63.800,91;3.530.726,69;;;;
MG;3116308;CIPOTANEA;1.667.465,43;0,00;0,00;0,00;0,00;1.667.465,43;;;;
MG;3116407;CLARAVAL;3.235.393,03;0,00;0,00;69.706,39;69.706,39;3.305.099,42;;;;
MG;3116506;CLARO DOS POCOES;4.271.943,49;0,00;0,00;0,00;0,00;4.271.943,49;;;;
MG;3116605;CLAUDIO;24.890.236,66;0,00;370.518,45;0,00;370.518,45;25.260.755,11;;;;
MG;3116704;COIMBRA;4.653.697,61;0,00;0,00;0,00;0,00;4.653.697,61;;;;
MG;3116803;COLUNA;3.762.963,38;0,00;0,00;0,00;0,00;3.762.963,38;;;;
MG;3116902;COMENDADOR GOMES;3.319.408,61;0,00;0,00;68.510,80;68.510,80;3.387.919,41;;;;
MG;3117009;COMERCINHO;4.880.513,83;0,00;0,00;0,00;0,00;4.880.513,83;;;;
MG;3117108;CONCEICAO DA APARECIDA;6.506.502,53;0,00;0,00;0,00;0,00;6.506.502,53;;;;
MG;3115201;CONCEICAO DA BARRA DE MINAS;1.767.216,33;0,00;0,00;66.626,84;66.626,84;1.833.843,17;;;;
MG;3117306;CONCEICAO DAS ALAGOAS;25.311.773,87;0,00;0,00;453.598,73;453.598,73;25.765.372,60;;;;
MG;3117207;CONCEICAO DAS PEDRAS;1.552.286,51;0,00;0,00;0,00;0,00;1.552.286,51;;;;
MG;3117405;CONCEICAO DE IPANEMA;3.583.097,53;0,00;107.947,54;131.224,81;239.172,35;3.822.269,88;;;;
MG;3117504;CONCEICAO DO MATO DENTRO;17.233.899,45;0,00;0,00;0,00;0,00;17.233.899,45;;;;
MG;3117603;CONCEICAO DO PARA;2.151.617,15;0,00;0,00;83.220,15;83.220,15;2.234.837,30;;;;
MG;3117702;CONCEICAO DO RIO VERDE;9.048.061,13;0,00;0,00;368.820,69;368.820,69;9.416.881,82;;;;
MG;3117801;CONCEICAO DOS OUROS;8.537.880,75;0,00;0,00;151.042,58;151.042,58;8.688.923,33;;;;
MG;3117836;CONEGO MARINHO;3.742.164,43;0,00;0,00;77.640,74;77.640,74;3.819.805,17;;;;
MG;3117876;CONFINS;6.875.322,56;0,00;0,00;261.000,42;261.000,42;7.136.322,98;;;;
MG;3117900;CONGONHAL;6.834.896,46;0,00;0,00;0,00;0,00;6.834.896,46;;;;
MG;3118007;CONGONHAS;50.673.110,03;0,00;0,00;0,00;0,00;50.673.110,03;;;;
MG;3118106;CONGONHAS DO NORTE;2.634.014,26;0,00;36.602,95;0,00;36.602,95;2.670.617,21;;;;
MG;3118205;CONQUISTA;4.792.613,94;0,00;0,00;0,00;0,00;4.792.613,94;;;;
MG;3118304;CONSELHEIRO LAFAIETE;79.094.160,17;0,00;0,00;3.370.108,14;3.370.108,14;82.464.268,31;;;;
MG;3118403;CONSELHEIRO PENA;12.870.513,98;0,00;0,00;0,00;0,00;12.870.513,98;;;;
MG;3118502;CONSOLACAO;1.220.172,17;0,00;0,00;0,00;0,00;1.220.172,17;;;;
MG;3118601;CONTAGEM;388.883.870,89;0,00;0,00;0,00;0,00;388.883.870,89;;;;
MG;3118700;COQUEIRAL;4.924.036,60;0,00;1.187.251,56;0,00;1.187.251,56;6.111.288,16;;;;
MG;3118809;CORACAO DE JESUS;11.587.913,80;0,00;0,00;367.697,57;367.697,57;11.955.611,37;;;;
MG;3118908;CORDISBURGO;2.814.751,97;0,00;0,00;0,00;0,00;2.814.751,97;;;;
MG;3119005;CORDISLANDIA;1.951.425,16;0,00;0,00;0,00;0,00;1.951.425,16;;;;
MG;3119104;CORINTO;16.628.040,82;0,00;0,00;0,00;0,00;16.628.040,82;;;;
MG;3119203;COROACI;6.285.709,65;0,00;0,00;0,00;0,00;6.285.709,65;;;;
MG;3119302;COROMANDEL;14.975.133,25;0,00;1.936.587,64;0,00;1.936.587,64;16.911.720,89;;;;
MG;3119401;CORONEL FABRICIANO;83.413.200,71;0,00;14.399.434,04;2.129.269,25;16.528.703,29;99.941.904,00;;;;
MG;3119500;CORONEL MURTA;8.020.771,25;0,00;455.439,95;0,00;455.439,95;8.476.211,20;;;;
MG;3119609;CORONEL PACHECO;2.555.828,50;0,00;0,00;0,00;0,00;2.555.828,50;;;;
MG;3119708;CORONEL XAVIER CHAVES;1.820.796,71;0,00;0,00;0,00;0,00;1.820.796,71;;;;
MG;3119807;CORREGO DANTA;1.559.025,37;0,00;0,00;0,00;0,00;1.559.025,37;;;;
MG;3119906;CORREGO DO BOM JESUS;2.628.751,55;0,00;0,00;68.909,33;68.909,33;2.697.660,88;;;;
MG;3119955;CORREGO FUNDO;4.379.937,18;0,00;0,00;0,00;0,00;4.379.937,18;;;;
MG;3120003;CORREGO NOVO;2.458.152,27;0,00;0,00;0,00;0,00;2.458.152,27;;;;
MG;3120102;COUTO DE MAGALHAES DE MINAS;3.423.859,21;0,00;0,00;0,00;0,00;3.423.859,21;;;;
MG;3120151;CRISOLITA;5.034.229,85;0,00;0,00;0,00;0,00;5.034.229,85;;;;
MG;3120201;CRISTAIS;9.782.620,06;0,00;0,00;0,00;0,00;9.782.620,06;;;;
MG;3120300;CRISTALIA;3.796.060,48;0,00;0,00;0,00;0,00;3.796.060,48;;;;
MG;3120409;CRISTIANO OTONI;3.995.563,94;0,00;0,00;76.082,85;76.082,85;4.071.646,79;;;;
MG;3120508;CRISTINA;7.058.628,78;0,00;0,00;0,00;0,00;7.058.628,78;;;;
MG;3120607;CRUCILANDIA;2.884.790,94;0,00;0,00;0,00;0,00;2.884.790,94;;;;
MG;3120706;CRUZEIRO DA FORTALEZA;6.229.812,96;0,00;0,00;0,00;0,00;6.229.812,96;;;;
MG;3120805;CRUZILIA;8.264.295,79;0,00;0,00;0,00;0,00;8.264.295,79;;;;
MG;3120839;CUPARAQUE;3.160.321,78;0,00;0,00;0,00;0,00;3.160.321,78;;;;
MG;3120870;CURRAL DE DENTRO;6.245.633,65;0,00;403.202,08;0,00;403.202,08;6.648.835,73;;;;
MG;3120904;CURVELO;43.071.398,55;0,00;0,00;0,00;0,00;43.071.398,55;;;;
MG;3121001;DATAS;5.500.370,17;0,00;0,00;0,00;0,00;5.500.370,17;;;;
MG;3121100;DELFIM MOREIRA;5.591.856,81;0,00;0,00;0,00;0,00;5.591.856,81;;;;
MG;3121209;DELFINOPOLIS;5.187.913,73;0,00;0,00;0,00;0,00;5.187.913,73;;;;
MG;3121258;DELTA;13.635.689,40;0,00;0,00;591.924,61;591.924,61;14.227.614,01;;;;
MG;3121308;DESCOBERTO;3.354.383,72;0,00;0,00;0,00;0,00;3.354.383,72;;;;
MG;3121407;DESTERRO DE ENTRE RIOS;3.886.800,26;0,00;416.331,98;76.119,08;492.451,06;4.379.251,32;;;;
MG;3121506;DESTERRO DO MELO;2.955.628,73;0,00;0,00;0,00;0,00;2.955.628,73;;;;
MG;3121605;DIAMANTINA;23.611.417,70;0,00;0,00;392.587,53;392.587,53;24.004.005,23;;;;
MG;3121704;DIOGO DE VASCONCELOS;2.601.897,68;0,00;0,00;52.714,55;52.714,55;2.654.612,23;;;;
MG;3121803;DIONISIO;2.698.674,82;0,00;0,00;0,00;0,00;2.698.674,82;;;;
MG;3121902;DIVINESIA;3.901.909,99;0,00;0,00;0,00;0,00;3.901.909,99;;;;
MG;3122009;DIVINO;10.667.863,63;0,00;0,00;0,00;0,00;10.667.863,63;;;;
MG;3122108;DIVINO DAS LARANJEIRAS;1.885.554,14;0,00;0,00;0,00;0,00;1.885.554,14;;;;
MG;3122207;DIVINOLANDIA DE MINAS;5.216.349,50;0,00;0,00;94.451,43;94.451,43;5.310.800,93;;;;
MG;3122306;DIVINOPOLIS;96.722.073,23;0,00;0,00;0,00;0,00;96.722.073,23;;;;
MG;3122355;DIVISA ALEGRE;6.987.406,08;0,00;0,00;168.541,64;168.541,64;7.155.947,72;;;;
MG;3122405;DIVISA NOVA;4.673.194,90;0,00;0,00;81.879,64;81.879,64;4.755.074,54;;;;
MG;3122454;DIVISOPOLIS;5.261.345,86;0,00;0,00;0,00;0,00;5.261.345,86;;;;
MG;3122470;DOM BOSCO;2.501.923,54;0,00;0,00;36.664,69;36.664,69;2.538.588,23;;;;
MG;3122504;DOM CAVATI;2.436.883,86;0,00;0,00;0,00;0,00;2.436.883,86;;;;
MG;3122603;DOM JOAQUIM;2.473.595,97;0,00;0,00;0,00;0,00;2.473.595,97;;;;
MG;3122702;DOM SILVERIO;2.883.282,77;0,00;0,00;0,00;0,00;2.883.282,77;;;;
MG;3122801;DOM VICOSO;1.393.267,95;0,00;0,00;0,00;0,00;1.393.267,95;;;;
MG;3122900;DONA EUZEBIA;3.771.687,27;0,00;0,00;0,00;0,00;3.771.687,27;;;;
MG;3123007;DORES DE CAMPOS;5.264.234,67;0,00;0,00;114.269,20;114.269,20;5.378.503,87;;;;
MG;3123106;DORES DE GUANHAES;3.498.866,74;0,00;0,00;65.286,33;65.286,33;3.564.153,07;;;;
MG;3123205;DORES DO INDAIA;9.144.647,37;0,00;0,00;0,00;0,00;9.144.647,37;;;;
MG;3123304;DORES DO TURVO;3.137.769,29;0,00;0,00;0,00;0,00;3.137.769,29;;;;
MG;3123403;DORESOPOLIS;1.357.442,99;0,00;0,00;0,00;0,00;1.357.442,99;;;;
MG;3123502;DOURADOQUARA;295.617,45;0,00;0,00;0,00;0,00;295.617,45;;;;
MG;3123528;DURANDE;4.383.579,32;0,00;0,00;0,00;0,00;4.383.579,32;;;;
MG;3123601;ELOI MENDES;17.625.991,44;0,00;0,00;675.507,06;675.507,06;18.301.498,50;;;;
MG;3123700;ENGENHEIRO CALDAS;8.569.082,78;0,00;0,00;0,00;0,00;8.569.082,78;;;;
MG;3123809;ENGENHEIRO NAVARRO;3.717.262,96;0,00;0,00;0,00;0,00;3.717.262,96;;;;
MG;3123858;ENTRE FOLHAS;3.993.599,06;0,00;0,00;71.662,80;71.662,80;4.065.261,86;;;;
MG;3123908;ENTRE RIOS DE MINAS;6.924.989,04;0,00;0,00;0,00;0,00;6.924.989,04;;;;
MG;3124005;ERVALIA;12.733.698,55;0,00;0,00;537.398,56;537.398,56;13.271.097,11;;;;
MG;3124104;ESMERALDAS;55.363.028,30;0,00;0,00;2.138.362,96;2.138.362,96;57.501.391,26;;;;
MG;3124203;ESPERA FELIZ;15.193.172,14;0,00;2.957.140,08;242.124,63;3.199.264,71;18.392.436,85;;;;
MG;3124302;ESPINOSA;17.477.505,98;0,00;2.009.431,17;0,00;2.009.431,17;19.486.937,15;;;;
MG;3124401;ESPIRITO SANTO DO DOURADO;5.812.966,45;0,00;190.305,64;0,00;190.305,64;6.003.272,09;;;;
MG;3124500;ESTIVA;5.322.753,97;0,00;0,00;0,00;0,00;5.322.753,97;;;;
MG;3124609;ESTRELA DALVA;1.492.516,26;0,00;0,00;32.063,49;32.063,49;1.524.579,75;;;;
MG;3124708;ESTRELA DO INDAIA;1.438.623,32;0,00;0,00;0,00;0,00;1.438.623,32;;;;
MG;3124807;ESTRELA DO SUL;4.139.819,62;0,00;0,00;0,00;0,00;4.139.819,62;;;;
MG;3124906;EUGENOPOLIS;5.889.133,14;0,00;0,00;109.124,55;109.124,55;5.998.257,69;;;;
MG;3125002;EWBANK DA CAMARA;3.722.706,19;0,00;0,00;0,00;0,00;3.722.706,19;;;;
MG;3125101;EXTREMA;70.966.987,92;0,00;0,00;1.592.232,99;1.592.232,99;72.559.220,91;;;;
MG;3125200;FAMA;1.575.502,59;0,00;0,00;46.845,30;46.845,30;1.622.347,89;;;;
MG;3125309;FARIA LEMOS;2.692.656,95;0,00;0,00;99.125,09;99.125,09;2.791.782,04;;;;
MG;3125408;FELICIO DOS SANTOS;4.185.820,66;0,00;0,00;72.423,63;72.423,63;4.258.244,29;;;;
MG;3125606;FELISBURGO;5.885.347,09;0,00;171.677,99;0,00;171.677,99;6.057.025,08;;;;
MG;3125705;FELIXLANDIA;9.604.811,59;0,00;0,00;190.569,43;190.569,43;9.795.381,02;;;;
MG;3125804;FERNANDES TOURINHO;1.671.773,75;0,00;0,00;0,00;0,00;1.671.773,75;;;;
MG;3125903;FERROS;3.886.283,82;0,00;0,00;0,00;0,00;3.886.283,82;;;;
MG;3125952;FERVEDOURO;7.324.970,33;0,00;2.089.242,07;0,00;2.089.242,07;9.414.212,40;;;;
MG;3126000;FLORESTAL;5.767.555,32;0,00;0,00;0,00;0,00;5.767.555,32;;;;
MG;3126109;FORMIGA;37.565.937,89;0,00;0,00;0,00;0,00;37.565.937,89;;;;
MG;3126208;FORMOSO;6.020.513,43;0,00;0,00;0,00;0,00;6.020.513,43;;;;
MG;3126307;FORTALEZA DE MINAS;1.876.804,29;0,00;0,00;0,00;0,00;1.876.804,29;;;;
MG;3126406;FORTUNA DE MINAS;3.435.910,46;0,00;0,00;0,00;0,00;3.435.910,46;;;;
MG;3126505;FRANCISCO BADARO;2.526.034,33;0,00;0,00;0,00;0,00;2.526.034,33;;;;
MG;3126604;FRANCISCO DUMONT;3.563.904,69;0,00;0,00;0,00;0,00;3.563.904,69;;;;
MG;3126703;FRANCISCO SA;13.151.079,94;0,00;0,00;0,00;0,00;13.151.079,94;;;;
MG;3126752;FRANCISCOPOLIS;2.558.296,70;0,00;0,00;75.720,55;75.720,55;2.634.017,25;;;;
MG;3126802;FREI GASPAR;5.209.334,38;0,00;0,00;0,00;0,00;5.209.334,38;;;;
MG;3126901;FREI INOCENCIO;6.023.300,12;0,00;1.252.026,34;111.370,81;1.363.397,15;7.386.697,27;;;;
MG;3126950;FREI LAGONEGRO;2.508.710,80;0,00;0,00;39.381,93;39.381,93;2.548.092,73;;;;
MG;3127008;FRONTEIRA;10.103.455,25;0,00;0,00;0,00;0,00;10.103.455,25;;;;
MG;3127057;FRONTEIRA DOS VALES;2.354.996,49;0,00;0,00;0,00;0,00;2.354.996,49;;;;
MG;3127073;FRUTA DE LEITE;3.123.017,69;0,00;0,00;0,00;0,00;3.123.017,69;;;;
MG;3127107;FRUTAL;41.202.703,63;0,00;0,00;1.311.740,87;1.311.740,87;42.514.444,50;;;;
MG;3127206;FUNILANDIA;3.074.478,97;0,00;0,00;0,00;0,00;3.074.478,97;;;;
MG;3127305;GALILEIA;4.764.410,67;0,00;0,00;0,00;0,00;4.764.410,67;;;;
MG;3127339;GAMELEIRAS;4.040.717,39;0,00;0,00;0,00;0,00;4.040.717,39;;;;
MG;3127354;GLAUCILANDIA;1.846.260,82;0,00;0,00;0,00;0,00;1.846.260,82;;;;
MG;3127370;GOIABEIRA;3.108.944,53;0,00;0,00;0,00;0,00;3.108.944,53;;;;
MG;3127388;GOIANA;2.259.229,85;0,00;0,00;43.946,91;43.946,91;2.303.176,76;;;;
MG;3127404;GONCALVES;2.603.483,64;0,00;0,00;46.917,76;46.917,76;2.650.401,40;;;;
MG;3127503;GONZAGA;3.640.619,30;0,00;0,00;0,00;0,00;3.640.619,30;;;;
MG;3127602;GOUVEIA;7.998.890,15;0,00;0,00;151.767,18;151.767,18;8.150.657,33;;;;
MG;3127701;GOVERNADOR VALADARES;152.248.058,47;0,00;0,00;0,00;0,00;152.248.058,47;;;;
MG;3127800;GRAO MOGOL;12.301.249,19;0,00;319.658,46;198.069,03;517.727,49;12.818.976,68;;;;
MG;3127909;GRUPIARA;377.679,82;0,00;0,00;0,00;0,00;377.679,82;;;;
MG;3128006;GUANHAES;16.872.931,89;0,00;0,00;289.332,23;289.332,23;17.162.264,12;;;;
MG;3128105;GUAPE;10.536.773,25;0,00;702.831,69;343.858,27;1.046.689,96;11.583.463,21;;;;
MG;3128204;GUARACIABA;2.899.022,95;0,00;0,00;53.113,08;53.113,08;2.952.136,03;;;;
MG;3128253;GUARACIAMA;3.381.562,58;0,00;0,00;66.989,14;66.989,14;3.448.551,72;;;;
MG;3128303;GUARANESIA;11.387.974,07;0,00;0,00;0,00;0,00;11.387.974,07;;;;
MG;3128402;GUARANI;5.741.564,81;0,00;0,00;0,00;0,00;5.741.564,81;;;;
MG;3128501;GUARARA;3.903.104,16;0,00;0,00;0,00;0,00;3.903.104,16;;;;
MG;3128600;GUARDA-MOR;5.293.585,53;0,00;0,00;0,00;0,00;5.293.585,53;;;;
MG;3128709;GUAXUPE;29.481.478,57;0,00;0,00;0,00;0,00;29.481.478,57;;;;
MG;3128808;GUIDOVAL;4.473.849,25;0,00;174.136,24;0,00;174.136,24;4.647.985,49;;;;
MG;3128907;GUIMARANIA;6.308.606,18;0,00;0,00;275.347,47;275.347,47;6.583.953,65;;;;
MG;3129004;GUIRICEMA;3.047.934,13;0,00;0,00;56.156,39;56.156,39;3.104.090,52;;;;
MG;3129103;GURINHATA;2.861.906,74;0,00;0,00;0,00;0,00;2.861.906,74;;;;
MG;3129202;HELIODORA;4.049.233,11;0,00;0,00;0,00;0,00;4.049.233,11;;;;
MG;3129301;IAPU;6.097.933,27;0,00;0,00;0,00;0,00;6.097.933,27;;;;
MG;3129400;IBERTIOGA;3.396.812,83;0,00;0,00;141.332,96;141.332,96;3.538.145,79;;;;
MG;3129509;IBIA;14.613.592,79;0,00;0,00;0,00;0,00;14.613.592,79;;;;
MG;3129608;IBIAI;4.909.335,95;0,00;0,00;0,00;0,00;4.909.335,95;;;;
MG;3129657;IBIRACATU;4.393.839,91;0,00;0,00;0,00;0,00;4.393.839,91;;;;
MG;3129707;IBIRACI;7.106.257,79;0,00;0,00;0,00;0,00;7.106.257,79;;;;
MG;3129806;IBIRITE;105.412.740,56;0,00;0,00;0,00;0,00;105.412.740,56;;;;
MG;3129905;IBITIURA DE MINAS;2.012.334,67;0,00;0,00;0,00;0,00;2.012.334,67;;;;
MG;3130002;IBITURUNA;1.866.573,48;0,00;0,00;0,00;0,00;1.866.573,48;;;;
MG;3130051;ICARAI DE MINAS;5.583.579,50;0,00;0,00;0,00;0,00;5.583.579,50;;;;
MG;3130101;IGARAPE;34.939.501,23;0,00;0,00;0,00;0,00;34.939.501,23;;;;
MG;3130200;IGARATINGA;7.316.392,35;0,00;0,00;0,00;0,00;7.316.392,35;;;;
MG;3130309;IGUATAMA;3.346.178,61;0,00;0,00;0,00;0,00;3.346.178,61;;;;
MG;3130408;IJACI;4.248.362,83;0,00;0,00;94.197,82;94.197,82;4.342.560,65;;;;
MG;3130507;ILICINEA;9.812.865,99;0,00;16.657,01;180.968,50;197.625,51;10.010.491,50;;;;
MG;3130556;IMBE DE MINAS;4.549.435,62;0,00;0,00;0,00;0,00;4.549.435,62;;;;
MG;3130606;INCONFIDENTES;3.661.605,90;0,00;0,00;0,00;0,00;3.661.605,90;;;;
MG;3130655;INDAIABIRA;5.333.658,26;0,00;284.958,97;0,00;284.958,97;5.618.617,23;;;;
MG;3130705;INDIANOPOLIS;8.254.579,78;0,00;0,00;148.071,73;148.071,73;8.402.651,51;;;;
MG;3130804;INGAI;1.765.714,85;0,00;0,00;63.329,92;63.329,92;1.829.044,77;;;;
MG;3130903;INHAPIM;12.477.204,72;0,00;335.838,37;0,00;335.838,37;12.813.043,09;;;;
MG;3131000;INHAUMA;4.152.616,55;0,00;0,00;0,00;0,00;4.152.616,55;;;;
MG;3131109;INIMUTABA;4.406.170,08;0,00;0,00;0,00;0,00;4.406.170,08;;;;
MG;3131158;IPABA;10.412.914,00;0,00;2.050.384,78;0,00;2.050.384,78;12.463.298,78;;;;
MG;3131208;IPANEMA;15.154.817,46;0,00;1.789.726,40;345.416,16;2.135.142,56;17.289.960,02;;;;
MG;3131307;IPATINGA;162.809.287,26;0,00;0,00;0,00;0,00;162.809.287,26;;;;
MG;3131406;IPIACU;4.287.250,89;0,00;0,00;70.612,13;70.612,13;4.357.863,02;;;;
MG;3131505;IPUIUNA;5.456.445,37;0,00;0,00;0,00;0,00;5.456.445,37;;;;
MG;3131604;IRAI DE MINAS;5.566.553,73;0,00;0,00;201.728,25;201.728,25;5.768.281,98;;;;
MG;3131703;ITABIRA;64.419.256,13;0,00;0,00;2.354.075,97;2.354.075,97;66.773.332,10;;;;
MG;3131802;ITABIRINHA;5.850.820,64;0,00;0,00;0,00;0,00;5.850.820,64;;;;
MG;3131901;ITABIRITO;51.710.682,58;0,00;0,00;1.072.369,71;1.072.369,71;52.783.052,29;;;;
MG;3132008;ITACAMBIRA;2.082.197,76;0,00;0,00;41.628,19;41.628,19;2.123.825,95;;;;
MG;3132107;ITACARAMBI;19.796.992,08;0,00;0,00;0,00;0,00;19.796.992,08;;;;
MG;3132206;ITAGUARA;8.303.776,15;0,00;781.778,67;0,00;781.778,67;9.085.554,82;;;;
MG;3132305;ITAIPE;9.424.751,29;0,00;0,00;0,00;0,00;9.424.751,29;;;;
MG;3132404;ITAJUBA;50.518.369,52;0,00;0,00;0,00;0,00;50.518.369,52;;;;
MG;3132503;ITAMARANDIBA;25.162.712,02;0,00;815.211,38;896.147,33;1.711.358,71;26.874.070,73;;;;
MG;3132602;ITAMARATI DE MINAS;4.227.784,31;0,00;0,00;0,00;0,00;4.227.784,31;;;;
MG;3132701;ITAMBACURI;14.331.011,68;0,00;616.512,15;0,00;616.512,15;14.947.523,83;;;;
MG;3132800;ITAMBE DO MATO DENTRO;828.344,33;0,00;0,00;0,00;0,00;828.344,33;;;;
MG;3132909;ITAMOGI;7.403.155,18;0,00;0,00;0,00;0,00;7.403.155,18;;;;
MG;3133006;ITAMONTE;7.025.778,27;0,00;0,00;0,00;0,00;7.025.778,27;;;;
MG;3133105;ITANHANDU;7.531.619,87;0,00;0,00;0,00;0,00;7.531.619,87;;;;
MG;3133204;ITANHOMI;7.219.456,99;0,00;0,00;0,00;0,00;7.219.456,99;;;;
MG;3133303;ITAOBIM;12.497.411,93;0,00;0,00;0,00;0,00;12.497.411,93;;;;
MG;3133402;ITAPAGIPE;7.752.878,99;0,00;0,00;0,00;0,00;7.752.878,99;;;;
MG;3133501;ITAPECERICA;5.535.772,88;0,00;0,00;211.546,56;211.546,56;5.747.319,44;;;;
MG;3133600;ITAPEVA;14.331.074,82;0,00;0,00;0,00;0,00;14.331.074,82;;;;
MG;3133709;ITATIAIUCU;13.972.839,87;0,00;0,00;0,00;0,00;13.972.839,87;;;;
MG;3133758;ITAU DE MINAS;11.032.908,56;0,00;0,00;0,00;0,00;11.032.908,56;;;;
MG;3133808;ITAUNA;44.285.394,68;0,00;0,00;1.667.989,77;1.667.989,77;45.953.384,45;;;;
MG;3133907;ITAVERAVA;1.815.995,63;0,00;0,00;34.599,58;34.599,58;1.850.595,21;;;;
MG;3134004;ITINGA;8.134.046,34;0,00;0,00;140.572,13;140.572,13;8.274.618,47;;;;
MG;3134103;ITUETA;4.557.618,43;0,00;0,00;0,00;0,00;4.557.618,43;;;;
MG;3134202;ITUIUTABA;62.407.320,61;0,00;0,00;1.063.022,39;1.063.022,39;63.470.343,00;;;;
MG;3134301;ITUMIRIM;2.194.978,28;0,00;0,00;45.251,18;45.251,18;2.240.229,46;;;;
MG;3134400;ITURAMA;26.191.593,11;0,00;0,00;0,00;0,00;26.191.593,11;;;;
MG;3134509;ITUTINGA;2.723.915,61;0,00;0,00;53.692,76;53.692,76;2.777.608,37;;;;
MG;3134608;JABOTICATUBAS;10.372.145,34;0,00;0,00;0,00;0,00;10.372.145,34;;;;
MG;3134707;JACINTO;7.115.773,52;0,00;0,00;0,00;0,00;7.115.773,52;;;;
MG;3134806;JACUI;4.595.527,10;0,00;0,00;0,00;0,00;4.595.527,10;;;;
MG;3134905;JACUTINGA;26.571.697,65;0,00;0,00;575.150,15;575.150,15;27.146.847,80;;;;
MG;3135001;JAGUARACU;2.872.659,06;0,00;0,00;54.236,21;54.236,21;2.926.895,27;;;;
MG;3135050;JAIBA;20.824.600,56;0,00;0,00;0,00;0,00;20.824.600,56;;;;
MG;3135076;JAMPRUCA;2.506.998,37;0,00;0,00;0,00;0,00;2.506.998,37;;;;
MG;3135100;JANAUBA;42.239.493,57;0,00;1.555.498,72;1.393.258,21;2.948.756,93;45.188.250,50;;;;
MG;3135209;JANUARIA;36.198.155,99;0,00;3.517.689,77;1.258.808,94;4.776.498,71;40.974.654,70;;;;
MG;3135308;JAPARAIBA;4.323.136,42;0,00;0,00;191.366,49;191.366,49;4.514.502,91;;;;
MG;3135357;JAPONVAR;6.665.467,85;0,00;382.987,75;0,00;382.987,75;7.048.455,60;;;;
MG;3135407;JECEABA;6.279.002,26;0,00;0,00;260.783,04;260.783,04;6.539.785,30;;;;
MG;3135456;JENIPAPO DE MINAS;2.733.474,92;0,00;0,00;0,00;0,00;2.733.474,92;;;;
MG;3135506;JEQUERI;7.459.897,32;0,00;453.294,77;260.130,90;713.425,67;8.173.322,99;;;;
MG;3135605;JEQUITAI;4.618.036,32;0,00;0,00;0,00;0,00;4.618.036,32;;;;
MG;3135704;JEQUITIBA;4.041.056,45;0,00;0,00;0,00;0,00;4.041.056,45;;;;
MG;3135803;JEQUITINHONHA;13.287.943,17;0,00;0,00;0,00;0,00;13.287.943,17;;;;
MG;3135902;JESUANIA;3.054.412,10;0,00;0,00;0,00;0,00;3.054.412,10;;;;
MG;3136009;JOAIMA;11.897.397,39;0,00;0,00;0,00;0,00;11.897.397,39;;;;
MG;3136108;JOANESIA;1.424.387,39;0,00;0,00;0,00;0,00;1.424.387,39;;;;
MG;3136207;JOAO MONLEVADE;43.997.925,07;0,00;0,00;808.941,89;808.941,89;44.806.866,96;;;;
MG;3136306;JOAO PINHEIRO;19.862.226,01;0,00;0,00;0,00;0,00;19.862.226,01;;;;
MG;3136405;JOAQUIM FELICIO;4.536.102,43;0,00;0,00;0,00;0,00;4.536.102,43;;;;
MG;3136504;JORDANIA;3.957.089,02;0,00;228.557,84;51.482,73;280.040,57;4.237.129,59;;;;
MG;3136520;JOSE GONCALVES DE MINAS;3.273.705,29;0,00;0,00;0,00;0,00;3.273.705,29;;;;
MG;3136553;JOSE RAYDAN;3.050.189,93;0,00;0,00;0,00;0,00;3.050.189,93;;;;
MG;3136579;JOSENOPOLIS;2.541.530,69;0,00;0,00;100.030,84;100.030,84;2.641.561,53;;;;
MG;3136652;JUATUBA;35.420.517,98;0,00;0,00;0,00;0,00;35.420.517,98;;;;
MG;3136702;JUIZ DE FORA;265.367.110,80;0,00;0,00;0,00;0,00;265.367.110,80;;;;
MG;3136801;JURAMENTO;2.672.536,51;0,00;0,00;0,00;0,00;2.672.536,51;;;;
MG;3136900;JURUAIA;8.486.657,07;0,00;81.787,59;0,00;81.787,59;8.568.444,66;;;;
MG;3136959;JUVENILIA;4.040.717,10;0,00;0,00;0,00;0,00;4.040.717,10;;;;
MG;3137007;LADAINHA;9.979.461,44;0,00;1.166.234,92;0,00;1.166.234,92;11.145.696,36;;;;
MG;3137106;LAGAMAR;3.010.363,96;0,00;0,00;0,00;0,00;3.010.363,96;;;;
MG;3137205;LAGOA DA PRATA;20.816.739,47;0,00;0,00;362.770,29;362.770,29;21.179.509,76;;;;
MG;3137304;LAGOA DOS PATOS;2.684.769,84;0,00;0,00;0,00;0,00;2.684.769,84;;;;
MG;3137403;LAGOA DOURADA;13.264.131,26;0,00;0,00;554.028,10;554.028,10;13.818.159,36;;;;
MG;3137502;LAGOA FORMOSA;11.909.327,81;0,00;0,00;0,00;0,00;11.909.327,81;;;;
MG;3137536;LAGOA GRANDE;6.966.719,51;0,00;0,00;269.188,38;269.188,38;7.235.907,89;;;;
MG;3137601;LAGOA SANTA;59.929.500,86;0,00;0,00;1.315.436,32;1.315.436,32;61.244.937,18;;;;
MG;3137700;LAJINHA;18.304.773,31;0,00;5.885.487,27;509.465,28;6.394.952,55;24.699.725,86;;;;
MG;3137809;LAMBARI;10.505.915,78;0,00;0,00;0,00;0,00;10.505.915,78;;;;
MG;3137908;LAMIM;1.122.545,93;0,00;0,00;20.614,83;20.614,83;1.143.160,76;;;;
MG;3138005;LARANJAL;4.960.554,75;0,00;0,00;0,00;0,00;4.960.554,75;;;;
MG;3138104;LASSANCE;4.577.423,57;0,00;0,00;0,00;0,00;4.577.423,57;;;;
MG;3138203;LAVRAS;70.638.217,56;0,00;0,00;0,00;0,00;70.638.217,56;;;;
MG;3138302;LEANDRO FERREIRA;1.556.559,00;0,00;0,00;0,00;0,00;1.556.559,00;;;;
MG;3138351;LEME DO PRADO;3.393.781,42;0,00;0,00;0,00;0,00;3.393.781,42;;;;
MG;3138401;LEOPOLDINA;32.214.877,62;0,00;0,00;0,00;0,00;32.214.877,62;;;;
MG;3138500;LIBERDADE;2.448.552,25;0,00;0,00;0,00;0,00;2.448.552,25;;;;
MG;3138609;LIMA DUARTE;10.243.700,77;0,00;0,00;0,00;0,00;10.243.700,77;;;;
MG;3138625;LIMEIRA DO OESTE;6.306.264,09;0,00;0,00;0,00;0,00;6.306.264,09;;;;
MG;3138658;LONTRA;9.094.587,69;0,00;929.963,50;0,00;929.963,50;10.024.551,19;;;;
MG;3138674;LUISBURGO;5.595.672,73;0,00;0,00;102.748,08;102.748,08;5.698.420,81;;;;
MG;3138682;LUISLANDIA;3.616.581,19;0,00;0,00;56.554,92;56.554,92;3.673.136,11;;;;
MG;3138708;LUMINARIAS;3.781.026,80;0,00;0,00;70.032,46;70.032,46;3.851.059,26;;;;
MG;3138807;LUZ;10.183.468,06;0,00;0,00;0,00;0,00;10.183.468,06;;;;
MG;3138906;MACHACALIS;4.626.833,85;0,00;0,00;0,00;0,00;4.626.833,85;;;;
MG;3139003;MACHADO;21.232.157,93;0,00;0,00;321.975,39;321.975,39;21.554.133,32;;;;
MG;3139102;MADRE DE DEUS DE MINAS;2.831.431,30;0,00;0,00;0,00;0,00;2.831.431,30;;;;
MG;3139201;MALACACHETA;8.040.210,14;0,00;0,00;288.861,24;288.861,24;8.329.071,38;;;;
MG;3139250;MAMONAS;3.952.072,04;0,00;0,00;166.476,53;166.476,53;4.118.548,57;;;;
MG;3139300;MANGA;13.827.512,81;0,00;0,00;0,00;0,00;13.827.512,81;;;;
MG;3139409;MANHUACU;49.054.241,43;0,00;0,00;0,00;0,00;49.054.241,43;;;;
MG;3139508;MANHUMIRIM;15.740.908,03;0,00;0,00;0,00;0,00;15.740.908,03;;;;
MG;3139607;MANTENA;17.207.997,97;0,00;0,00;0,00;0,00;17.207.997,97;;;;
MG;3139805;MAR DE ESPANHA;6.119.950,45;0,00;701.075,45;100.501,83;801.577,28;6.921.527,73;;;;
MG;3139706;MARAVILHAS;6.060.053,14;0,00;0,00;109.052,09;109.052,09;6.169.105,23;;;;
MG;3139904;MARIA DA FE;14.159.155,98;0,00;1.429.720,02;0,00;1.429.720,02;15.588.876,00;;;;
MG;3140001;MARIANA;49.903.652,84;0,00;0,00;994.982,58;994.982,58;50.898.635,42;;;;
MG;3140100;MARILAC;4.807.274,24;0,00;14.883,66;0,00;14.883,66;4.822.157,90;;;;
MG;3140159;MARIO CAMPOS;10.021.629,82;0,00;0,00;408.456,24;408.456,24;10.430.086,06;;;;
MG;3140209;MARIPA DE MINAS;3.816.488,96;0,00;0,00;0,00;0,00;3.816.488,96;;;;
MG;3140308;MARLIERIA;2.884.106,27;0,00;0,00;116.950,22;116.950,22;3.001.056,49;;;;
MG;3140407;MARMELOPOLIS;1.944.947,16;0,00;0,00;0,00;0,00;1.944.947,16;;;;
MG;3140506;MARTINHO CAMPOS;9.638.701,90;0,00;0,00;0,00;0,00;9.638.701,90;;;;
MG;3140530;MARTINS SOARES;9.131.076,33;0,00;0,00;0,00;0,00;9.131.076,33;;;;
MG;3140555;MATA VERDE;6.082.032,28;0,00;156.290,99;0,00;156.290,99;6.238.323,27;;;;
MG;3140605;MATERLANDIA;3.254.868,20;0,00;0,00;0,00;0,00;3.254.868,20;;;;
MG;3140704;MATEUS LEME;39.088.808,47;0,00;16.417.163,45;486.495,51;16.903.658,96;55.992.467,43;;;;
MG;3171501;MATHIAS LOBATO;4.726.509,21;0,00;1.739.116,05;53.765,22;1.792.881,27;6.519.390,48;;;;
MG;3140803;MATIAS BARBOSA;7.695.636,02;0,00;0,00;0,00;0,00;7.695.636,02;;;;
MG;3140852;MATIAS CARDOSO;10.725.315,38;0,00;2.042.805,86;190.207,14;2.233.013,00;12.958.328,38;;;;
MG;3140902;MATIPO;9.651.617,95;0,00;0,00;140.970,66;140.970,66;9.792.588,61;;;;
MG;3141009;MATO VERDE;6.049.101,97;0,00;0,00;138.434,56;138.434,56;6.187.536,53;;;;
MG;3141108;MATOZINHOS;21.444.281,71;0,00;0,00;817.709,53;817.709,53;22.261.991,24;;;;
MG;3141207;MATUTINA;2.873.958,94;0,00;0,00;0,00;0,00;2.873.958,94;;;;
MG;3141306;MEDEIROS;4.429.423,31;0,00;0,00;0,00;0,00;4.429.423,31;;;;
MG;3141405;MEDINA;11.212.437,74;0,00;1.658.205,12;0,00;1.658.205,12;12.870.642,86;;;;
MG;3141504;MENDES PIMENTEL;3.139.423,49;0,00;0,00;0,00;0,00;3.139.423,49;;;;
MG;3141603;MERCES;5.641.922,89;0,00;0,00;209.590,15;209.590,15;5.851.513,04;;;;
MG;3141702;MESQUITA;3.192.754,36;0,00;0,00;62.279,25;62.279,25;3.255.033,61;;;;
MG;3141801;MINAS NOVAS;19.572.372,05;0,00;8.420.953,44;0,00;8.420.953,44;27.993.325,49;;;;
MG;3141900;MINDURI;2.454.827,41;0,00;0,00;0,00;0,00;2.454.827,41;;;;
MG;3142007;MIRABELA;8.572.732,61;0,00;144.977,93;342.119,23;487.097,16;9.059.829,77;;;;
MG;3142106;MIRADOURO;6.039.110,26;0,00;0,00;0,00;0,00;6.039.110,26;;;;
MG;3142205;MIRAI;6.760.050,98;0,00;0,00;0,00;0,00;6.760.050,98;;;;
MG;3142254;MIRAVANIA;3.798.720,46;0,00;0,00;0,00;0,00;3.798.720,46;;;;
MG;3142304;MOEDA;3.178.642,22;0,00;0,00;70.177,38;70.177,38;3.248.819,60;;;;
MG;3142403;MOEMA;5.466.629,51;0,00;1.160.226,28;231.364,34;1.391.590,62;6.858.220,13;;;;
MG;3142502;MONJOLOS;1.255.479,76;0,00;0,00;0,00;0,00;1.255.479,76;;;;
MG;3142601;MONSENHOR PAULO;7.332.003,23;0,00;1.244.296,13;0,00;1.244.296,13;8.576.299,36;;;;
MG;3142700;MONTALVANIA;7.556.477,43;0,00;45.680,15;243.356,44;289.036,59;7.845.514,02;;;;
MG;3142809;MONTE ALEGRE DE MINAS;15.454.107,78;0,00;0,00;0,00;0,00;15.454.107,78;;;;
MG;3142908;MONTE AZUL;7.554.687,55;0,00;0,00;0,00;0,00;7.554.687,55;;;;
MG;3143005;MONTE BELO;7.998.262,46;0,00;0,00;300.599,73;300.599,73;8.298.862,19;;;;
MG;3143104;MONTE CARMELO;22.755.174,21;0,00;0,00;381.175,10;381.175,10;23.136.349,31;;;;
MG;3143153;MONTE FORMOSO;2.808.370,32;0,00;0,00;0,00;0,00;2.808.370,32;;;;
MG;3143203;MONTE SANTO DE MINAS;14.015.289,53;0,00;0,00;279.296,53;279.296,53;14.294.586,06;;;;
MG;3143401;MONTE SIAO;22.748.078,58;0,00;0,00;424.940,86;424.940,86;23.173.019,44;;;;
MG;3143302;MONTES CLAROS;220.980.750,41;0,00;0,00;0,00;0,00;220.980.750,41;;;;
MG;3143450;MONTEZUMA;4.760.462,29;0,00;0,00;186.402,99;186.402,99;4.946.865,28;;;;
MG;3143500;MORADA NOVA DE MINAS;9.939.747,54;0,00;285.477,28;187.018,90;472.496,18;10.412.243,72;;;;
MG;3143609;MORRO DA GARCA;2.764.402,80;0,00;0,00;0,00;0,00;2.764.402,80;;;;
MG;3143708;MORRO DO PILAR;869.291,75;0,00;0,00;0,00;0,00;869.291,75;;;;
MG;3143807;MUNHOZ;5.286.931,23;0,00;0,00;0,00;0,00;5.286.931,23;;;;
MG;3143906;MURIAE;73.500.168,87;0,00;0,00;0,00;0,00;73.500.168,87;;;;
MG;3144003;MUTUM;11.280.579,95;0,00;0,00;470.590,57;470.590,57;11.751.170,52;;;;
MG;3144102;MUZAMBINHO;11.821.243,73;0,00;0,00;208.829,32;208.829,32;12.030.073,05;;;;
MG;3144201;NACIP RAYDAN;1.476.683,24;0,00;0,00;0,00;0,00;1.476.683,24;;;;
MG;3144300;NANUQUE;13.547.225,58;0,00;0,00;0,00;0,00;13.547.225,58;;;;
MG;3144359;NAQUE;5.932.396,87;0,00;569.463,57;103.110,38;672.573,95;6.604.970,82;;;;
MG;3144375;NATALANDIA;3.040.789,43;0,00;0,00;53.402,92;53.402,92;3.094.192,35;;;;
MG;3144409;NATERCIA;3.170.008,11;0,00;0,00;0,00;0,00;3.170.008,11;;;;
MG;3144508;NAZARENO;5.312.261,50;0,00;0,00;0,00;0,00;5.312.261,50;;;;
MG;3144607;NEPOMUCENO;15.184.219,18;0,00;0,00;216.473,84;216.473,84;15.400.693,02;;;;
MG;3144656;NINHEIRA;6.345.390,29;0,00;0,00;116.334,31;116.334,31;6.461.724,60;;;;
MG;3144672;NOVA BELEM;3.979.466,35;0,00;961.026,87;0,00;961.026,87;4.940.493,22;;;;
MG;3144706;NOVA ERA;9.916.616,07;0,00;0,00;0,00;0,00;9.916.616,07;;;;
MG;3144805;NOVA LIMA;61.530.772,20;0,00;0,00;2.395.559,24;2.395.559,24;63.926.331,44;;;;
MG;3144904;NOVA MODICA;1.983.588,51;0,00;0,00;0,00;0,00;1.983.588,51;;;;
MG;3145000;NOVA PONTE;15.453.877,11;0,00;0,00;0,00;0,00;15.453.877,11;;;;
MG;3145059;NOVA PORTEIRINHA;5.982.690,98;0,00;605.454,18;0,00;605.454,18;6.588.145,16;;;;
MG;3145109;NOVA RESENDE;11.849.023,61;0,00;0,00;0,00;0,00;11.849.023,61;;;;
MG;3145208;NOVA SERRANA;119.992.428,21;0,00;25.454.697,92;2.448.889,70;27.903.587,62;147.896.015,83;;;;
MG;3136603;NOVA UNIAO;4.127.754,53;0,00;0,00;0,00;0,00;4.127.754,53;;;;
MG;3145307;NOVO CRUZEIRO;16.429.720,65;0,00;189.459,23;280.818,19;470.277,42;16.899.998,07;;;;
MG;3145356;NOVO ORIENTE DE MINAS;6.799.567,95;0,00;0,00;0,00;0,00;6.799.567,95;;;;
MG;3145372;NOVORIZONTE;4.115.521,49;0,00;0,00;91.045,82;91.045,82;4.206.567,31;;;;
MG;3145406;OLARIA;2.021.369,60;0,00;0,00;0,00;0,00;2.021.369,60;;;;
MG;3145455;OLHOS-DAGUA;4.380.070,62;0,00;0,00;0,00;0,00;4.380.070,62;;;;
MG;3145505;OLIMPIO NORONHA;2.398.662,10;0,00;0,00;0,00;0,00;2.398.662,10;;;;
MG;3145604;OLIVEIRA;22.072.299,12;0,00;0,00;0,00;0,00;22.072.299,12;;;;
MG;3145703;OLIVEIRA FORTES;1.564.324,64;0,00;0,00;0,00;0,00;1.564.324,64;;;;
MG;3145802;ONCA DE PITANGUI;1.244.221,92;0,00;0,00;0,00;0,00;1.244.221,92;;;;
MG;3145851;ORATORIOS;5.539.610,07;0,00;0,00;0,00;0,00;5.539.610,07;;;;
MG;3145877;ORIZANIA;9.457.323,54;0,00;901.052,74;0,00;901.052,74;10.358.376,28;;;;
MG;3145901;OURO BRANCO;35.651.354,24;0,00;0,00;1.390.975,72;1.390.975,72;37.042.329,96;;;;
MG;3146008;OURO FINO;12.930.596,96;0,00;0,00;0,00;0,00;12.930.596,96;;;;
MG;3146107;OURO PRETO;46.355.644,19;0,00;0,00;0,00;0,00;46.355.644,19;;;;
MG;3146206;OURO VERDE DE MINAS;5.402.309,53;0,00;1.871.661,18;0,00;1.871.661,18;7.273.970,71;;;;
MG;3146255;PADRE CARVALHO;2.690.258,31;0,00;0,00;0,00;0,00;2.690.258,31;;;;
MG;3146305;PADRE PARAISO;15.649.329,81;0,00;2.394.202,35;0,00;2.394.202,35;18.043.532,16;;;;
MG;3146552;PAI PEDRO;5.614.236,61;0,00;0,00;101.914,79;101.914,79;5.716.151,40;;;;
MG;3146404;PAINEIRAS;2.306.976,40;0,00;0,00;0,00;0,00;2.306.976,40;;;;
MG;3146503;PAINS;4.746.713,76;0,00;0,00;94.523,89;94.523,89;4.841.237,65;;;;
MG;3146602;PAIVA;1.191.893,47;0,00;0,00;23.042,24;23.042,24;1.214.935,71;;;;
MG;3146701;PALMA;3.156.390,67;0,00;0,00;64.344,36;64.344,36;3.220.735,03;;;;
MG;3146750;PALMOPOLIS;3.225.147,62;0,00;0,00;0,00;0,00;3.225.147,62;;;;
MG;3146909;PAPAGAIOS;8.704.100,85;0,00;0,00;354.546,10;354.546,10;9.058.646,95;;;;
MG;3147105;PARA DE MINAS;59.805.639,11;0,00;0,00;1.265.511,47;1.265.511,47;61.071.150,58;;;;
MG;3147006;PARACATU;61.607.535,30;0,00;0,00;1.156.278,23;1.156.278,23;62.763.813,53;;;;
MG;3147204;PARAGUACU;13.248.431,40;0,00;0,00;235.639,47;235.639,47;13.484.070,87;;;;
MG;3147303;PARAISOPOLIS;12.233.058,35;0,00;0,00;0,00;0,00;12.233.058,35;;;;
MG;3147402;PARAOPEBA;16.301.835,40;0,00;0,00;0,00;0,00;16.301.835,40;;;;
MG;3147600;PASSA QUATRO;5.094.156,10;0,00;0,00;0,00;0,00;5.094.156,10;;;;
MG;3147709;PASSA TEMPO;4.967.019,59;0,00;0,00;92.567,47;92.567,47;5.059.587,06;;;;
MG;3147808;PASSA VINTE;2.256.095,20;0,00;0,00;81.010,12;81.010,12;2.337.105,32;;;;
MG;3147501;PASSABEM;1.570.426,97;0,00;0,00;0,00;0,00;1.570.426,97;;;;
MG;3147907;PASSOS;60.414.917,69;0,00;0,00;0,00;0,00;60.414.917,69;;;;
MG;3147956;PATIS;4.384.876,81;0,00;0,00;0,00;0,00;4.384.876,81;;;;
MG;3148004;PATOS DE MINAS;61.010.963,49;0,00;0,00;1.263.446,37;1.263.446,37;62.274.409,86;;;;
MG;3148103;PATROCINIO;62.690.534,27;0,00;347.513,60;0,00;347.513,60;63.038.047,87;;;;
MG;3148202;PATROCINIO DO MURIAE;3.015.696,92;0,00;0,00;59.417,09;59.417,09;3.075.114,01;;;;
MG;3148301;PAULA CANDIDO;4.046.064,73;0,00;0,00;0,00;0,00;4.046.064,73;;;;
MG;3148400;PAULISTAS;3.881.444,20;0,00;0,00;64.815,35;64.815,35;3.946.259,55;;;;
MG;3148509;PAVAO;3.846.346,07;0,00;388.340,42;133.471,06;521.811,48;4.368.157,55;;;;
MG;3148608;PECANHA;6.713.220,61;0,00;0,00;0,00;0,00;6.713.220,61;;;;
MG;3148707;PEDRA AZUL;15.147.417,87;0,00;0,00;0,00;0,00;15.147.417,87;;;;
MG;3148756;PEDRA BONITA;6.204.712,05;0,00;0,00;0,00;0,00;6.204.712,05;;;;
MG;3148806;PEDRA DO ANTA;1.875.830,26;0,00;0,00;0,00;0,00;1.875.830,26;;;;
MG;3148905;PEDRA DO INDAIA;3.273.980,77;0,00;0,00;66.445,69;66.445,69;3.340.426,46;;;;
MG;3149002;PEDRA DOURADA;2.984.947,87;0,00;0,00;0,00;0,00;2.984.947,87;;;;
MG;3149101;PEDRALVA;4.824.386,57;0,00;0,00;0,00;0,00;4.824.386,57;;;;
MG;3149150;PEDRAS DE MARIA DA CRUZ;7.632.439,32;0,00;1.383.009,65;268.934,77;1.651.944,42;9.284.383,74;;;;
MG;3149200;PEDRINOPOLIS;2.596.502,88;0,00;0,00;43.693,30;43.693,30;2.640.196,18;;;;
MG;3149309;PEDRO LEOPOLDO;42.178.084,50;0,00;0,00;876.474,48;876.474,48;43.054.558,98;;;;
MG;3149408;PEDRO TEIXEIRA;1.446.069,21;0,00;0,00;0,00;0,00;1.446.069,21;;;;
MG;3149507;PEQUERI;4.186.702,04;0,00;0,00;0,00;0,00;4.186.702,04;;;;
MG;3149606;PEQUI;3.043.036,66;0,00;0,00;0,00;0,00;3.043.036,66;;;;
MG;3149705;PERDIGAO;10.951.672,71;0,00;810.711,62;0,00;810.711,62;11.762.384,33;;;;
MG;3149804;PERDIZES;14.950.254,92;0,00;0,00;0,00;0,00;14.950.254,92;;;;
MG;3149903;PERDOES;11.794.147,16;0,00;0,00;0,00;0,00;11.794.147,16;;;;
MG;3149952;PERIQUITO;10.512.763,64;0,00;0,00;0,00;0,00;10.512.763,64;;;;
MG;3150000;PESCADOR;2.009.909,80;0,00;0,00;0,00;0,00;2.009.909,80;;;;
MG;3150109;PIAU;1.452.311,86;0,00;0,00;0,00;0,00;1.452.311,86;;;;
MG;3150158;PIEDADE DE CARATINGA;6.532.464,61;0,00;4.522,20;132.818,93;137.341,13;6.669.805,74;;;;
MG;3150208;PIEDADE DE PONTE NOVA;3.841.750,73;0,00;418.039,43;0,00;418.039,43;4.259.790,16;;;;
MG;3150307;PIEDADE DO RIO GRANDE;2.592.784,39;0,00;0,00;64.597,97;64.597,97;2.657.382,36;;;;
MG;3150406;PIEDADE DOS GERAIS;2.536.186,01;0,00;0,00;43.801,99;43.801,99;2.579.988,00;;;;
MG;3150505;PIMENTA;4.104.577,00;0,00;0,00;0,00;0,00;4.104.577,00;;;;
MG;3150539;PINGO DAGUA;3.892.006,28;0,00;0,00;0,00;0,00;3.892.006,28;;;;
MG;3150570;PINTOPOLIS;5.626.571,03;0,00;687.406,20;213.321,83;900.728,03;6.527.299,06;;;;
MG;3150604;PIRACEMA;3.975.297,13;0,00;0,00;0,00;0,00;3.975.297,13;;;;
MG;3150703;PIRAJUBA;5.898.412,23;0,00;0,00;97.929,50;97.929,50;5.996.341,73;;;;
MG;3150802;PIRANGA;7.055.726,24;0,00;0,00;0,00;0,00;7.055.726,24;;;;
MG;3150901;PIRANGUCU;3.519.731,56;0,00;0,00;0,00;0,00;3.519.731,56;;;;
MG;3151008;PIRANGUINHO;5.948.275,25;0,00;0,00;0,00;0,00;5.948.275,25;;;;
MG;3151107;PIRAPETINGA;9.331.677,19;0,00;0,00;163.686,83;163.686,83;9.495.364,02;;;;
MG;3151206;PIRAPORA;32.327.940,12;0,00;0,00;0,00;0,00;32.327.940,12;;;;
MG;3151305;PIRAUBA;6.773.615,45;0,00;0,00;0,00;0,00;6.773.615,45;;;;
MG;3151404;PITANGUI;14.340.743,62;0,00;445.470,00;523.232,66;968.702,66;15.309.446,28;;;;
MG;3151503;PIUMHI;22.399.803,31;0,00;0,00;428.998,61;428.998,61;22.828.801,92;;;;
MG;3151602;PLANURA;8.605.016,65;0,00;0,00;0,00;0,00;8.605.016,65;;;;
MG;3151701;POCO FUNDO;8.002.262,08;0,00;971.910,50;0,00;971.910,50;8.974.172,58;;;;
MG;3151800;POCOS DE CALDAS;131.417.957,06;0,00;0,00;0,00;0,00;131.417.957,06;;;;
MG;3151909;POCRANE;2.584.541,88;0,00;0,00;44.417,89;44.417,89;2.628.959,77;;;;
MG;3152006;POMPEU;21.310.094,51;0,00;0,00;482.981,20;482.981,20;21.793.075,71;;;;
MG;3152105;PONTE NOVA;38.359.155,00;0,00;0,00;0,00;0,00;38.359.155,00;;;;
MG;3152131;PONTO CHIQUE;3.628.195,95;0,00;0,00;71.191,81;71.191,81;3.699.387,76;;;;
MG;3152170;PONTO DOS VOLANTES;12.035.558,05;0,00;0,00;268.898,54;268.898,54;12.304.456,59;;;;
MG;3152204;PORTEIRINHA;20.403.538,00;0,00;0,00;711.266,00;711.266,00;21.114.804,00;;;;
MG;3152303;PORTO FIRME;2.732.559,51;0,00;0,00;0,00;0,00;2.732.559,51;;;;
MG;3152402;POTE;8.842.129,96;0,00;0,00;0,00;0,00;8.842.129,96;;;;
MG;3152501;POUSO ALEGRE;109.284.446,34;0,00;0,00;0,00;0,00;109.284.446,34;;;;
MG;3152600;POUSO ALTO;4.117.166,29;0,00;0,00;0,00;0,00;4.117.166,29;;;;
MG;3152709;PRADOS;4.891.922,73;0,00;0,00;97.965,73;97.965,73;4.989.888,46;;;;
MG;3152808;PRATA;19.386.271,66;0,00;0,00;0,00;0,00;19.386.271,66;;;;
MG;3152907;PRATAPOLIS;3.754.980,07;0,00;0,00;0,00;0,00;3.754.980,07;;;;
MG;3153004;PRATINHA;2.741.746,98;0,00;0,00;0,00;0,00;2.741.746,98;;;;
MG;3153103;PRESIDENTE BERNARDES;1.791.046,00;0,00;0,00;0,00;0,00;1.791.046,00;;;;
MG;3153202;PRESIDENTE JUSCELINO;2.316.212,50;0,00;0,00;43.041,16;43.041,16;2.359.253,66;;;;
MG;3153301;PRESIDENTE KUBITSCHEK;3.284.458,49;0,00;0,00;0,00;0,00;3.284.458,49;;;;
MG;3153400;PRESIDENTE OLEGARIO;14.963.350,51;0,00;0,00;589.678,35;589.678,35;15.553.028,86;;;;
MG;3153608;PRUDENTE DE MORAIS;7.919.922,59;0,00;280.453,63;140.282,29;420.735,92;8.340.658,51;;;;
MG;3153707;QUARTEL GERAL;3.439.417,41;0,00;0,00;0,00;0,00;3.439.417,41;;;;
MG;3153806;QUELUZITO;862.778,04;0,00;0,00;16.738,23;16.738,23;879.516,27;;;;
MG;3153905;RAPOSOS;9.351.400,16;0,00;0,00;181.294,57;181.294,57;9.532.694,73;;;;
MG;3154002;RAUL SOARES;12.144.134,32;0,00;0,00;0,00;0,00;12.144.134,32;;;;
MG;3154101;RECREIO;6.269.081,83;0,00;0,00;271.978,09;271.978,09;6.541.059,92;;;;
MG;3154150;REDUTO;5.749.069,10;0,00;703.597,48;0,00;703.597,48;6.452.666,58;;;;
MG;3154200;RESENDE COSTA;7.258.848,05;0,00;0,00;0,00;0,00;7.258.848,05;;;;
MG;3154309;RESPLENDOR;13.249.728,00;0,00;0,00;0,00;0,00;13.249.728,00;;;;
MG;3154408;RESSAQUINHA;5.560.788,31;0,00;0,00;83.908,52;83.908,52;5.644.696,83;;;;
MG;3154457;RIACHINHO;4.579.038,30;0,00;0,00;0,00;0,00;4.579.038,30;;;;
MG;3154507;RIACHO DOS MACHADOS;8.949.948,41;0,00;0,00;0,00;0,00;8.949.948,41;;;;
MG;3154606;RIBEIRAO DAS NEVES;208.748.810,90;0,00;66.993.017,21;4.582.470,31;71.575.487,52;280.324.298,42;;;;
MG;3154705;RIBEIRAO VERMELHO;2.970.064,13;0,00;0,00;0,00;0,00;2.970.064,13;;;;
MG;3154804;RIO ACIMA;9.195.321,50;0,00;0,00;0,00;0,00;9.195.321,50;;;;
MG;3154903;RIO CASCA;13.289.194,15;0,00;0,00;0,00;0,00;13.289.194,15;;;;
MG;3155108;RIO DO PRADO;2.913.197,59;0,00;0,00;0,00;0,00;2.913.197,59;;;;
MG;3155009;RIO DOCE;2.041.140,62;0,00;0,00;0,00;0,00;2.041.140,62;;;;
MG;3155207;RIO ESPERA;1.049.454,51;0,00;0,00;24.165,36;24.165,36;1.073.619,87;;;;
MG;3155306;RIO MANSO;2.463.443,70;0,00;0,00;0,00;0,00;2.463.443,70;;;;
MG;3155405;RIO NOVO;5.281.149,75;0,00;0,00;0,00;0,00;5.281.149,75;;;;
MG;3155504;RIO PARANAIBA;13.702.400,97;0,00;698.454,74;0,00;698.454,74;14.400.855,71;;;;
MG;3155603;RIO PARDO DE MINAS;19.721.250,03;0,00;0,00;0,00;0,00;19.721.250,03;;;;
MG;3155702;RIO PIRACICABA;10.905.362,05;0,00;0,00;0,00;0,00;10.905.362,05;;;;
MG;3155801;RIO POMBA;9.375.436,36;0,00;0,00;175.244,17;175.244,17;9.550.680,53;;;;
MG;3155900;RIO PRETO;3.525.965,20;0,00;0,00;0,00;0,00;3.525.965,20;;;;
MG;3156007;RIO VERMELHO;6.830.304,50;0,00;0,00;0,00;0,00;6.830.304,50;;;;
MG;3156106;RITAPOLIS;2.514.322,91;0,00;0,00;59.344,63;59.344,63;2.573.667,54;;;;
MG;3156205;ROCHEDO DE MINAS;2.865.813,62;0,00;0,00;50.685,67;50.685,67;2.916.499,29;;;;
MG;3156304;RODEIRO;6.109.054,68;0,00;0,00;274.188,11;274.188,11;6.383.242,79;;;;
MG;3156403;ROMARIA;2.392.016,08;0,00;0,00;0,00;0,00;2.392.016,08;;;;
MG;3156452;ROSARIO DA LIMEIRA;5.029.936,02;0,00;0,00;0,00;0,00;5.029.936,02;;;;
MG;3156502;RUBELITA;3.915.826,49;0,00;0,00;0,00;0,00;3.915.826,49;;;;
MG;3156601;RUBIM;9.434.461,32;0,00;0,00;0,00;0,00;9.434.461,32;;;;
MG;3156700;SABARA;88.658.399,79;0,00;0,00;0,00;0,00;88.658.399,79;;;;
MG;3156809;SABINOPOLIS;6.431.522,50;0,00;0,00;0,00;0,00;6.431.522,50;;;;
MG;3156908;SACRAMENTO;20.881.596,43;0,00;0,00;0,00;0,00;20.881.596,43;;;;
MG;3157005;SALINAS;23.863.997,82;0,00;10.732.563,27;432.150,61;11.164.713,88;35.028.711,70;;;;
MG;3157104;SALTO DA DIVISA;5.501.006,19;0,00;0,00;84.053,44;84.053,44;5.585.059,63;;;;
MG;3157203;SANTA BARBARA;23.358.476,32;0,00;0,00;0,00;0,00;23.358.476,32;;;;
MG;3157252;SANTA BARBARA DO LESTE;6.391.516,60;0,00;927.865,36;160.027,60;1.087.892,96;7.479.409,56;;;;
MG;3157278;SANTA BARBARA DO MONTE VERDE;3.848.279,07;0,00;237.279,12;0,00;237.279,12;4.085.558,19;;;;
MG;3157302;SANTA BARBARA DO TUGURIO;4.715.168,62;0,00;0,00;79.126,17;79.126,17;4.794.294,79;;;;
MG;3157336;SANTA CRUZ DE MINAS;4.474.145,64;0,00;0,00;0,00;0,00;4.474.145,64;;;;
MG;3157377;SANTA CRUZ DE SALINAS;2.462.710,11;0,00;0,00;0,00;0,00;2.462.710,11;;;;
MG;3157401;SANTA CRUZ DO ESCALVADO;2.720.177,95;0,00;0,00;80.973,89;80.973,89;2.801.151,84;;;;
MG;3157500;SANTA EFIGENIA DE MINAS;2.741.244,49;0,00;0,00;0,00;0,00;2.741.244,49;;;;
MG;3157609;SANTA FE DE MINAS;2.502.337,90;0,00;0,00;43.004,93;43.004,93;2.545.342,83;;;;
MG;3157658;SANTA HELENA DE MINAS;2.597.500,79;0,00;0,00;0,00;0,00;2.597.500,79;;;;
MG;3157708;SANTA JULIANA;10.829.757,90;0,00;0,00;433.382,43;433.382,43;11.263.140,33;;;;
MG;3157807;SANTA LUZIA;147.386.621,09;0,00;0,00;0,00;0,00;147.386.621,09;;;;
MG;3157906;SANTA MARGARIDA;14.771.225,48;0,00;6.228.838,65;0,00;6.228.838,65;21.000.064,13;;;;
MG;3158003;SANTA MARIA DE ITABIRA;6.466.398,47;0,00;0,00;127.384,44;127.384,44;6.593.782,91;;;;
MG;3158102;SANTA MARIA DO SALTO;2.808.470,80;0,00;0,00;124.304,89;124.304,89;2.932.775,69;;;;
MG;3158201;SANTA MARIA DO SUACUI;6.653.411,01;0,00;0,00;0,00;0,00;6.653.411,01;;;;
MG;3159209;SANTA RITA DE CALDAS;3.426.674,43;0,00;0,00;90.176,30;90.176,30;3.516.850,73;;;;
MG;3159407;SANTA RITA DE IBITIPOCA;2.158.384,65;0,00;0,00;40.722,44;40.722,44;2.199.107,09;;;;
MG;3159308;SANTA RITA DE JACUTINGA;4.874.533,60;0,00;0,00;82.169,48;82.169,48;4.956.703,08;;;;
MG;3159357;SANTA RITA DE MINAS;4.626.730,54;0,00;0,00;100.610,52;100.610,52;4.727.341,06;;;;
MG;3159506;SANTA RITA DO ITUETO;5.572.348,21;0,00;781.859,04;0,00;781.859,04;6.354.207,25;;;;
MG;3159605;SANTA RITA DO SAPUCAI;26.586.232,73;0,00;0,00;0,00;0,00;26.586.232,73;;;;
MG;3159704;SANTA ROSA DA SERRA;3.011.720,01;0,00;0,00;0,00;0,00;3.011.720,01;;;;
MG;3159803;SANTA VITORIA;14.641.313,73;0,00;0,00;590.547,87;590.547,87;15.231.861,60;;;;
MG;3158300;SANTANA DA VARGEM;3.184.446,52;0,00;0,00;0,00;0,00;3.184.446,52;;;;
MG;3158409;SANTANA DE CATAGUASES;3.348.031,70;0,00;0,00;0,00;0,00;3.348.031,70;;;;
MG;3158508;SANTANA DE PIRAPAMA;3.868.955,04;0,00;0,00;0,00;0,00;3.868.955,04;;;;
MG;3158607;SANTANA DO DESERTO;4.340.338,73;0,00;0,00;0,00;0,00;4.340.338,73;;;;
MG;3158706;SANTANA DO GARAMBEU;1.959.821,71;0,00;0,00;0,00;0,00;1.959.821,71;;;;
MG;3158805;SANTANA DO JACARE;2.931.451,63;0,00;0,00;123.471,60;123.471,60;3.054.923,23;;;;
MG;3158904;SANTANA DO MANHUACU;6.615.536,54;0,00;1.436.451,98;113.689,52;1.550.141,50;8.165.678,04;;;;
MG;3158953;SANTANA DO PARAISO;20.369.539,43;0,00;66.696,33;532.290,14;598.986,47;20.968.525,90;;;;
MG;3159001;SANTANA DO RIACHO;4.442.739,43;0,00;0,00;66.554,38;66.554,38;4.509.293,81;;;;
MG;3159100;SANTANA DOS MONTES;2.965.621,67;0,00;0,00;0,00;0,00;2.965.621,67;;;;
MG;3159902;SANTO ANTONIO DO AMPARO;11.223.682,63;0,00;0,00;185.968,23;185.968,23;11.409.650,86;;;;
MG;3160009;SANTO ANTONIO DO AVENTUREIRO;2.725.553,57;0,00;0,00;0,00;0,00;2.725.553,57;;;;
MG;3160108;SANTO ANTONIO DO GRAMA;3.411.218,87;0,00;0,00;0,00;0,00;3.411.218,87;;;;
MG;3160207;SANTO ANTONIO DO ITAMBE;2.396.191,60;0,00;0,00;45.251,18;45.251,18;2.441.442,78;;;;
MG;3160306;SANTO ANTONIO DO JACINTO;7.699.353,17;0,00;0,00;0,00;0,00;7.699.353,17;;;;
MG;3160405;SANTO ANTONIO DO MONTE;16.944.580,68;0,00;0,00;0,00;0,00;16.944.580,68;;;;
MG;3160454;SANTO ANTONIO DO RETIRO;6.976.808,02;0,00;0,00;0,00;0,00;6.976.808,02;;;;
MG;3160504;SANTO ANTONIO DO RIO ABAIXO;1.025.283,45;0,00;0,00;0,00;0,00;1.025.283,45;;;;
MG;3160603;SANTO HIPOLITO;1.659.825,16;0,00;0,00;0,00;0,00;1.659.825,16;;;;
MG;3160702;SANTOS DUMONT;23.785.031,38;0,00;0,00;0,00;0,00;23.785.031,38;;;;
MG;3160801;SAO BENTO ABADE;4.503.596,79;0,00;758.937,87;0,00;758.937,87;5.262.534,66;;;;
MG;3160900;SAO BRAS DO SUACUI;4.305.728,77;0,00;0,00;95.103,57;95.103,57;4.400.832,34;;;;
MG;3160959;SAO DOMINGOS DAS DORES;5.883.180,25;0,00;0,00;0,00;0,00;5.883.180,25;;;;
MG;3161007;SAO DOMINGOS DO PRATA;10.437.106,61;0,00;0,00;0,00;0,00;10.437.106,61;;;;
MG;3161056;SAO FELIX DE MINAS;2.822.034,17;0,00;0,00;0,00;0,00;2.822.034,17;;;;
MG;3161106;SAO FRANCISCO;35.762.026,21;0,00;1.775.924,75;0,00;1.775.924,75;37.537.950,96;;;;
MG;3161205;SAO FRANCISCO DE PAULA;4.260.167,65;0,00;0,00;76.698,76;76.698,76;4.336.866,41;;;;
MG;3161304;SAO FRANCISCO DE SALES;6.768.506,88;0,00;0,00;176.657,14;176.657,14;6.945.164,02;;;;
MG;3161403;SAO FRANCISCO DO GLORIA;3.276.387,25;0,00;0,00;0,00;0,00;3.276.387,25;;;;
MG;3161502;SAO GERALDO;5.535.393,96;0,00;0,00;192.634,54;192.634,54;5.728.028,50;;;;
MG;3161601;SAO GERALDO DA PIEDADE;2.440.450,92;0,00;0,00;41.628,19;41.628,19;2.482.079,11;;;;
MG;3161650;SAO GERALDO DO BAIXIO;2.178.189,50;0,00;0,00;0,00;0,00;2.178.189,50;;;;
MG;3161700;SAO GONCALO DO ABAETE;4.924.402,97;0,00;0,00;112.095,41;112.095,41;5.036.498,38;;;;
MG;3161809;SAO GONCALO DO PARA;8.136.386,09;0,00;0,00;0,00;0,00;8.136.386,09;;;;
MG;3161908;SAO GONCALO DO RIO ABAIXO;15.705.072,65;0,00;0,00;0,00;0,00;15.705.072,65;;;;
MG;3125507;SAO GONCALO DO RIO PRETO;2.092.434,26;0,00;0,00;49.236,48;49.236,48;2.141.670,74;;;;
MG;3162005;SAO GONCALO DO SAPUCAI;17.445.534,93;0,00;0,00;643.298,65;643.298,65;18.088.833,58;;;;
MG;3162104;SAO GOTARDO;28.393.562,03;0,00;1.577.047,62;0,00;1.577.047,62;29.970.609,65;;;;
MG;3162203;SAO JOAO BATISTA DO GLORIA;4.815.165,01;0,00;0,00;0,00;0,00;4.815.165,01;;;;
MG;3162252;SAO JOAO DA LAGOA;3.983.838,84;0,00;0,00;133.036,31;133.036,31;4.116.875,15;;;;
MG;3162302;SAO JOAO DA MATA;2.033.932,45;0,00;0,00;0,00;0,00;2.033.932,45;;;;
MG;3162401;SAO JOAO DA PONTE;24.901.096,96;0,00;8.146.917,67;0,00;8.146.917,67;33.048.014,63;;;;
MG;3162450;SAO JOAO DAS MISSOES;7.858.511,74;0,00;0,00;0,00;0,00;7.858.511,74;;;;
MG;3162500;SAO JOAO DEL REI;30.362.446,69;0,00;0,00;0,00;0,00;30.362.446,69;;;;
MG;3162559;SAO JOAO DO MANHUACU;13.120.198,66;0,00;3.447.428,11;242.088,40;3.689.516,51;16.809.715,17;;;;
MG;3162575;SAO JOAO DO MANTENINHA;3.545.598,24;0,00;0,00;97.494,74;97.494,74;3.643.092,98;;;;
MG;3162609;SAO JOAO DO ORIENTE;4.961.450,20;0,00;1.546.559,35;0,00;1.546.559,35;6.508.009,55;;;;
MG;3162658;SAO JOAO DO PACUI;2.631.076,01;0,00;0,00;0,00;0,00;2.631.076,01;;;;
MG;3162708;SAO JOAO DO PARAISO;13.556.394,19;0,00;4.661.745,28;170.063,29;4.831.808,57;18.388.202,76;;;;
MG;3162807;SAO JOAO EVANGELISTA;11.630.796,55;0,00;1.068.188,32;0,00;1.068.188,32;12.698.984,87;;;;
MG;3162906;SAO JOAO NEPOMUCENO;23.209.128,44;0,00;1.565.088,12;1.003.786,46;2.568.874,58;25.778.003,02;;;;
MG;3162922;SAO JOAQUIM DE BICAS;36.693.100,97;0,00;11.322.731,26;568.809,91;11.891.541,17;48.584.642,14;;;;
MG;3162948;SAO JOSE DA BARRA;4.906.207,68;0,00;0,00;0,00;0,00;4.906.207,68;;;;
MG;3162955;SAO JOSE DA LAPA;27.535.289,69;0,00;0,00;1.179.936,38;1.179.936,38;28.715.226,07;;;;
MG;3163003;SAO JOSE DA SAFIRA;2.744.084,16;0,00;0,00;0,00;0,00;2.744.084,16;;;;
MG;3163102;SAO JOSE DA VARGINHA;2.954.856,89;0,00;0,00;0,00;0,00;2.954.856,89;;;;
MG;3163201;SAO JOSE DO ALEGRE;3.069.457,70;0,00;0,00;0,00;0,00;3.069.457,70;;;;
MG;3163300;SAO JOSE DO DIVINO;2.426.577,02;0,00;0,00;42.062,95;42.062,95;2.468.639,97;;;;
MG;3163409;SAO JOSE DO GOIABAL;3.163.301,18;0,00;0,00;0,00;0,00;3.163.301,18;;;;
MG;3163508;SAO JOSE DO JACURI;4.509.993,95;0,00;643.283,12;175.787,62;819.070,74;5.329.064,69;;;;
MG;3163607;SAO JOSE DO MANTIMENTO;2.356.932,38;0,00;0,00;41.845,57;41.845,57;2.398.777,95;;;;
MG;3163706;SAO LOURENCO;28.580.941,49;0,00;0,00;0,00;0,00;28.580.941,49;;;;
MG;3163805;SAO MIGUEL DO ANTA;4.137.816,71;0,00;0,00;0,00;0,00;4.137.816,71;;;;
MG;3163904;SAO PEDRO DA UNIAO;3.742.065,46;0,00;0,00;0,00;0,00;3.742.065,46;;;;
MG;3164100;SAO PEDRO DO SUACUI;2.844.088,61;0,00;0,00;0,00;0,00;2.844.088,61;;;;
MG;3164001;SAO PEDRO DOS FERROS;3.909.296,81;0,00;0,00;68.836,87;68.836,87;3.978.133,68;;;;
MG;3164209;SAO ROMAO;5.676.468,76;0,00;0,00;116.732,84;116.732,84;5.793.201,60;;;;
MG;3164308;SAO ROQUE DE MINAS;4.086.491,76;0,00;0,00;84.307,05;84.307,05;4.170.798,81;;;;
MG;3164407;SAO SEBASTIAO DA BELA VISTA;5.788.141,82;0,00;0,00;0,00;0,00;5.788.141,82;;;;
MG;3164431;SAO SEBASTIAO DA VARGEM ALEGRE;4.097.589,23;0,00;0,00;0,00;0,00;4.097.589,23;;;;
MG;3164472;SAO SEBASTIAO DO ANTA;7.018.118,12;0,00;280.285,21;0,00;280.285,21;7.298.403,33;;;;
MG;3164506;SAO SEBASTIAO DO MARANHAO;3.165.743,59;0,00;0,00;0,00;0,00;3.165.743,59;;;;
MG;3164605;SAO SEBASTIAO DO OESTE;10.394.806,83;0,00;0,00;0,00;0,00;10.394.806,83;;;;
MG;3164704;SAO SEBASTIAO DO PARAISO;46.775.337,51;0,00;0,00;0,00;0,00;46.775.337,51;;;;
MG;3164803;SAO SEBASTIAO DO RIO PRETO;854.123,39;0,00;0,00;0,00;0,00;854.123,39;;;;
MG;3164902;SAO SEBASTIAO DO RIO VERDE;2.372.489,04;0,00;0,00;0,00;0,00;2.372.489,04;;;;
MG;3165206;SAO THOME DAS LETRAS;4.527.181,58;0,00;0,00;0,00;0,00;4.527.181,58;;;;
MG;3165008;SAO TIAGO;5.651.700,60;0,00;0,00;101.081,51;101.081,51;5.752.782,11;;;;
MG;3165107;SAO TOMAS DE AQUINO;4.975.960,49;0,00;0,00;0,00;0,00;4.975.960,49;;;;
MG;3165305;SAO VICENTE DE MINAS;4.456.112,38;0,00;0,00;0,00;0,00;4.456.112,38;;;;
MG;3165404;SAPUCAI-MIRIM;5.564.597,30;0,00;0,00;81.662,26;81.662,26;5.646.259,56;;;;
MG;3165503;SARDOA;5.565.395,76;0,00;946.252,08;103.436,45;1.049.688,53;6.615.084,29;;;;
MG;3165537;SARZEDO;27.113.154,62;0,00;0,00;576.490,66;576.490,66;27.689.645,28;;;;
MG;3165560;SEM-PEIXE;1.281.566,28;0,00;0,00;0,00;0,00;1.281.566,28;;;;
MG;3165578;SENADOR AMARAL;5.444.747,70;0,00;884.191,38;0,00;884.191,38;6.328.939,08;;;;
MG;3165602;SENADOR CORTES;3.085.563,74;0,00;0,00;0,00;0,00;3.085.563,74;;;;
MG;3165701;SENADOR FIRMINO;4.995.516,08;0,00;0,00;238.030,64;238.030,64;5.233.546,72;;;;
MG;3165800;SENADOR JOSE BENTO;1.395.302,90;0,00;0,00;0,00;0,00;1.395.302,90;;;;
MG;3165909;SENADOR MODESTINO GONCALVES;2.446.787,28;0,00;0,00;0,00;0,00;2.446.787,28;;;;
MG;3166006;SENHORA DE OLIVEIRA;3.169.427,52;0,00;0,00;0,00;0,00;3.169.427,52;;;;
MG;3166105;SENHORA DO PORTO;1.937.643,33;0,00;0,00;0,00;0,00;1.937.643,33;;;;
MG;3166204;SENHORA DOS REMEDIOS;2.832.123,47;0,00;0,00;0,00;0,00;2.832.123,47;;;;
MG;3166303;SERICITA;5.398.154,01;0,00;0,00;216.473,84;216.473,84;5.614.627,85;;;;
MG;3166402;SERITINGA;1.806.593,30;0,00;0,00;32.317,10;32.317,10;1.838.910,40;;;;
MG;3166501;SERRA AZUL DE MINAS;2.252.307,12;0,00;0,00;59.054,79;59.054,79;2.311.361,91;;;;
MG;3166600;SERRA DA SAUDADE;648.609,15;0,00;0,00;0,00;0,00;648.609,15;;;;
MG;3166808;SERRA DO SALITRE;11.912.920,12;0,00;0,00;0,00;0,00;11.912.920,12;;;;
MG;3166709;SERRA DOS AIMORES;4.175.447,74;0,00;0,00;94.632,58;94.632,58;4.270.080,32;;;;
MG;3166907;SERRANIA;5.068.323,16;0,00;0,00;0,00;0,00;5.068.323,16;;;;
MG;3166956;SERRANOPOLIS DE MINAS;3.730.857,86;0,00;0,00;67.134,06;67.134,06;3.797.991,92;;;;
MG;3167004;SERRANOS;1.819.448,55;0,00;0,00;30.396,91;30.396,91;1.849.845,46;;;;
MG;3167103;SERRO;7.587.202,10;0,00;0,00;259.261,38;259.261,38;7.846.463,48;;;;
MG;3167202;SETE LAGOAS;96.890.249,66;0,00;0,00;0,00;0,00;96.890.249,66;;;;
MG;3165552;SETUBINHA;4.588.153,62;0,00;0,00;90.067,61;90.067,61;4.678.221,23;;;;
MG;3167301;SILVEIRANIA;1.252.609,05;0,00;0,00;0,00;0,00;1.252.609,05;;;;
MG;3167400;SILVIANOPOLIS;3.423.571,64;0,00;0,00;88.582,18;88.582,18;3.512.153,82;;;;
MG;3167509;SIMAO PEREIRA;2.717.584,30;0,00;0,00;93.219,61;93.219,61;2.810.803,91;;;;
MG;3167608;SIMONESIA;15.076.995,22;0,00;5.076.172,42;450.120,66;5.526.293,08;20.603.288,30;;;;
MG;3167707;SOBRALIA;3.871.958,82;0,00;0,00;0,00;0,00;3.871.958,82;;;;
MG;3167806;SOLEDADE DE MINAS;3.345.644,59;0,00;0,00;0,00;0,00;3.345.644,59;;;;
MG;3167905;TABULEIRO;2.304.013,24;0,00;0,00;0,00;0,00;2.304.013,24;;;;
MG;3168002;TAIOBEIRAS;26.427.337,79;0,00;11.789.736,16;0,00;11.789.736,16;38.217.073,95;;;;
MG;3168051;TAPARUBA;2.218.021,86;0,00;0,00;0,00;0,00;2.218.021,86;;;;
MG;3168101;TAPIRA;5.971.475,96;0,00;0,00;120.790,59;120.790,59;6.092.266,55;;;;
MG;3168200;TAPIRAI;1.563.732,91;0,00;0,00;0,00;0,00;1.563.732,91;;;;
MG;3168309;TAQUARACU DE MINAS;5.124.352,64;0,00;0,00;0,00;0,00;5.124.352,64;;;;
MG;3168408;TARUMIRIM;4.218.744,64;0,00;0,00;0,00;0,00;4.218.744,64;;;;
MG;3168507;TEIXEIRAS;6.757.510,85;0,00;0,00;125.210,64;125.210,64;6.882.721,49;;;;
MG;3168606;TEOFILO OTONI;75.390.117,68;0,00;0,00;1.249.135,55;1.249.135,55;76.639.253,23;;;;
MG;3168705;TIMOTEO;45.719.771,86;0,00;0,00;0,00;0,00;45.719.771,86;;;;
MG;3168804;TIRADENTES;4.900.878,29;0,00;0,00;92.784,85;92.784,85;4.993.663,14;;;;
MG;3168903;TIROS;5.318.118,26;0,00;0,00;107.566,66;107.566,66;5.425.684,92;;;;
MG;3169000;TOCANTINS;9.731.205,40;0,00;0,00;0,00;0,00;9.731.205,40;;;;
MG;3169059;TOCOS DO MOJI;3.023.087,03;0,00;0,00;139.014,24;139.014,24;3.162.101,27;;;;
MG;3169109;TOLEDO;6.868.948,78;0,00;1.139.856,87;0,00;1.139.856,87;8.008.805,65;;;;
MG;3169208;TOMBOS;5.206.344,28;0,00;0,00;0,00;0,00;5.206.344,28;;;;
MG;3169307;TRES CORACOES;42.733.960,97;0,00;0,00;810.246,17;810.246,17;43.544.207,14;;;;
MG;3169356;TRES MARIAS;26.411.921,21;0,00;0,00;0,00;0,00;26.411.921,21;;;;
MG;3169406;TRES PONTAS;35.382.957,10;0,00;829.476,32;621.270,85;1.450.747,17;36.833.704,27;;;;
MG;3169505;TUMIRITINGA;4.850.156,99;0,00;0,00;0,00;0,00;4.850.156,99;;;;
MG;3169604;TUPACIGUARA;19.986.777,28;0,00;937.295,49;0,00;937.295,49;20.924.072,77;;;;
MG;3169703;TURMALINA;11.166.592,90;0,00;0,00;197.018,36;197.018,36;11.363.611,26;;;;
MG;3169802;TURVOLANDIA;4.278.380,26;0,00;0,00;0,00;0,00;4.278.380,26;;;;
MG;3169901;UBA;62.962.468,62;0,00;0,00;0,00;0,00;62.962.468,62;;;;
MG;3170008;UBAI;7.664.063,77;0,00;604.369,72;143.941,51;748.311,23;8.412.375,00;;;;
MG;3170057;UBAPORANGA;6.944.123,89;0,00;0,00;0,00;0,00;6.944.123,89;;;;
MG;3170107;UBERABA;212.490.787,51;0,00;0,00;4.140.356,47;4.140.356,47;216.631.143,98;;;;
MG;3170206;UBERLANDIA;477.235.529,90;0,00;0,00;0,00;0,00;477.235.529,90;;;;
MG;3170305;UMBURATIBA;2.151.425,71;0,00;0,00;0,00;0,00;2.151.425,71;;;;
MG;3170404;UNAI;49.115.278,90;0,00;0,00;0,00;0,00;49.115.278,90;;;;
MG;3170438;UNIAO DE MINAS;2.274.350,92;0,00;0,00;45.396,10;45.396,10;2.319.747,02;;;;
MG;3170479;URUANA DE MINAS;5.120.684,54;0,00;0,00;0,00;0,00;5.120.684,54;;;;
MG;3170503;URUCANIA;6.136.616,64;0,00;0,00;116.913,99;116.913,99;6.253.530,63;;;;
MG;3170529;URUCUIA;13.261.190,64;0,00;0,00;0,00;0,00;13.261.190,64;;;;
MG;3170578;VARGEM ALEGRE;3.624.382,27;0,00;0,00;0,00;0,00;3.624.382,27;;;;
MG;3170602;VARGEM BONITA;1.814.581,13;0,00;0,00;0,00;0,00;1.814.581,13;;;;
MG;3170651;VARGEM GRANDE DO RIO PARDO;3.814.641,60;0,00;0,00;96.516,54;96.516,54;3.911.158,14;;;;
MG;3170701;VARGINHA;79.071.925,67;0,00;0,00;0,00;0,00;79.071.925,67;;;;
MG;3170750;VARJAO DE MINAS;7.394.936,95;0,00;1.606.982,44;147.926,81;1.754.909,25;9.149.846,20;;;;
MG;3170800;VARZEA DA PALMA;20.654.833,80;0,00;0,00;0,00;0,00;20.654.833,80;;;;
MG;3170909;VARZELANDIA;12.921.194,39;0,00;1.060.526,13;0,00;1.060.526,13;13.981.720,52;;;;
MG;3171006;VAZANTE;11.952.916,84;0,00;0,00;0,00;0,00;11.952.916,84;;;;
MG;3171030;VERDELANDIA;5.924.638,19;0,00;0,00;98.219,34;98.219,34;6.022.857,53;;;;
MG;3171071;VEREDINHA;4.481.034,19;0,00;0,00;0,00;0,00;4.481.034,19;;;;
MG;3171105;VERISSIMO;1.736.380,30;0,00;0,00;0,00;0,00;1.736.380,30;;;;
MG;3171154;VERMELHO NOVO;3.606.131,10;0,00;0,00;0,00;0,00;3.606.131,10;;;;
MG;3171204;VESPASIANO;104.658.831,79;0,00;0,00;0,00;0,00;104.658.831,79;;;;
MG;3171303;VICOSA;43.236.867,65;0,00;0,00;0,00;0,00;43.236.867,65;;;;
MG;3171402;VIEIRAS;4.054.703,67;0,00;0,00;0,00;0,00;4.054.703,67;;;;
MG;3171600;VIRGEM DA LAPA;9.282.854,73;0,00;4.746.452,41;0,00;4.746.452,41;14.029.307,14;;;;
MG;3171709;VIRGINIA;5.047.415,91;0,00;0,00;0,00;0,00;5.047.415,91;;;;
MG;3171808;VIRGINOPOLIS;8.869.594,42;0,00;0,00;0,00;0,00;8.869.594,42;;;;
MG;3171907;VIRGOLANDIA;2.342.398,87;0,00;0,00;0,00;0,00;2.342.398,87;;;;
MG;3172004;VISCONDE DO RIO BRANCO;25.210.039,28;0,00;0,00;0,00;0,00;25.210.039,28;;;;
MG;3172103;VOLTA GRANDE;4.863.650,41;0,00;0,00;0,00;0,00;4.863.650,41;;;;
MG;3172202;WENCESLAU BRAZ;1.578.612,45;0,00;0,00;0,00;0,00;1.578.612,45;;;;
MS;5000203;AGUA CLARA;26.498.998,30;0,00;0,00;507.219,03;507.219,03;27.006.217,33;;;;
MS;5000252;ALCINOPOLIS;6.332.556,14;0,00;0,00;0,00;0,00;6.332.556,14;;;;
MS;5000609;AMAMBAI;60.640.370,02;0,00;3.950.917,25;0,00;3.950.917,25;64.591.287,27;;;;
MS;5000708;ANASTACIO;22.976.194,95;0,00;0,00;0,00;0,00;22.976.194,95;;;;
MS;5000807;ANAURILANDIA;7.248.903,94;0,00;0,00;0,00;0,00;7.248.903,94;;;;
MS;5000856;ANGELICA;11.510.920,12;0,00;0,00;389.725,36;389.725,36;11.900.645,48;;;;
MS;5000906;ANTONIO JOAO;12.799.135,75;0,00;448.925,94;0,00;448.925,94;13.248.061,69;;;;
MS;5001003;APARECIDA DO TABOADO;25.321.812,87;0,00;0,00;528.486,00;528.486,00;25.850.298,87;;;;
MS;5001102;AQUIDAUANA;51.252.927,89;0,00;0,00;986.867,08;986.867,08;52.239.794,97;;;;
MS;5001243;ARAL MOREIRA;12.282.678,99;0,00;0,00;442.005,15;442.005,15;12.724.684,14;;;;
MS;5001508;BANDEIRANTES;9.153.646,01;0,00;0,00;212.126,24;212.126,24;9.365.772,25;;;;
MS;5001904;BATAGUASSU;20.474.162,78;0,00;0,00;0,00;0,00;20.474.162,78;;;;
MS;5002001;BATAYPORA;10.562.164,04;0,00;0,00;322.301,46;322.301,46;10.884.465,50;;;;
MS;5002100;BELA VISTA;23.368.101,02;0,00;0,00;0,00;0,00;23.368.101,02;;;;
MS;5002159;BODOQUENA;11.070.963,77;0,00;0,00;0,00;0,00;11.070.963,77;;;;
MS;5002209;BONITO;24.145.874,68;0,00;0,00;0,00;0,00;24.145.874,68;;;;
MS;5002308;BRASILANDIA;13.792.499,47;0,00;0,00;219.879,45;219.879,45;14.012.378,92;;;;
MS;5002407;CAARAPO;40.464.653,13;0,00;0,00;1.257.395,97;1.257.395,97;41.722.049,10;;;;
MS;5002605;CAMAPUA;11.291.088,85;0,00;0,00;263.174,22;263.174,22;11.554.263,07;;;;
MS;5002704;CAMPO GRANDE;853.200.867,45;0,00;0,00;16.542.513,84;16.542.513,84;869.743.381,29;;;;
MS;5002803;CARACOL;7.624.901,87;0,00;0,00;0,00;0,00;7.624.901,87;;;;
MS;5002902;CASSILANDIA;20.973.228,24;0,00;0,00;337.191,96;337.191,96;21.310.420,20;;;;
MS;5002951;CHAPADAO DO SUL;45.547.788,34;0,00;0,00;0,00;0,00;45.547.788,34;;;;
MS;5003108;CORGUINHO;4.563.354,09;0,00;0,00;79.343,55;79.343,55;4.642.697,64;;;;
MS;5003157;CORONEL SAPUCAIA;25.009.086,80;0,00;1.533.709,28;918.682,35;2.452.391,63;27.461.478,43;;;;
MS;5003207;CORUMBA;109.984.965,46;0,00;0,00;0,00;0,00;109.984.965,46;;;;
MS;5003256;COSTA RICA;40.793.963,35;0,00;0,00;782.965,03;782.965,03;41.576.928,38;;;;
MS;5003306;COXIM;29.832.214,89;0,00;0,00;434.541,79;434.541,79;30.266.756,68;;;;
MS;5003454;DEODAPOLIS;10.549.596,98;0,00;2.224.230,53;342.046,77;2.566.277,30;13.115.874,28;;;;
MS;5003488;DOIS IRMAOS DO BURITI;17.715.822,66;0,00;0,00;0,00;0,00;17.715.822,66;;;;
MS;5003504;DOURADINA;5.596.081,08;0,00;0,00;0,00;0,00;5.596.081,08;;;;
MS;5003702;DOURADOS;244.925.867,01;0,00;0,00;0,00;0,00;244.925.867,01;;;;
MS;5003751;ELDORADO;12.411.742,52;0,00;0,00;0,00;0,00;12.411.742,52;;;;
MS;5003801;FATIMA DO SUL;17.924.194,11;0,00;329.043,03;622.901,20;951.944,23;18.876.138,34;;;;
MS;5003900;FIGUEIRAO;3.357.656,13;0,00;0,00;82.894,08;82.894,08;3.440.550,21;;;;
MS;5004007;GLORIA DE DOURADOS;7.839.592,03;0,00;0,00;158.687,10;158.687,10;7.998.279,13;;;;
MS;5004106;GUIA LOPES DA LAGUNA;8.550.666,14;0,00;0,00;0,00;0,00;8.550.666,14;;;;
MS;5004304;IGUATEMI;14.727.367,92;0,00;0,00;0,00;0,00;14.727.367,92;;;;
MS;5004403;INOCENCIA;8.132.961,10;0,00;0,00;0,00;0,00;8.132.961,10;;;;
MS;5004502;ITAPORA;14.891.087,01;0,00;0,00;0,00;0,00;14.891.087,01;;;;
MS;5004601;ITAQUIRAI;21.732.885,54;0,00;0,00;311.722,32;311.722,32;22.044.607,86;;;;
MS;5004700;IVINHEMA;25.183.398,76;0,00;0,00;0,00;0,00;25.183.398,76;;;;
MS;5004809;JAPORA;18.282.149,17;0,00;0,00;0,00;0,00;18.282.149,17;;;;
MS;5004908;JARAGUARI;5.404.942,45;0,00;0,00;95.393,41;95.393,41;5.500.335,86;;;;
MS;5005004;JARDIM;22.357.704,31;0,00;0,00;0,00;0,00;22.357.704,31;;;;
MS;5005103;JATEI;2.849.519,54;0,00;0,00;0,00;0,00;2.849.519,54;;;;
MS;5005152;JUTI;8.117.904,51;0,00;0,00;304.766,18;304.766,18;8.422.670,69;;;;
MS;5005202;LADARIO;28.971.756,81;0,00;251.422,95;0,00;251.422,95;29.223.179,76;;;;
MS;5005251;LAGUNA CARAPA;11.209.124,28;0,00;0,00;0,00;0,00;11.209.124,28;;;;
MS;5005400;MARACAJU;48.757.031,58;0,00;0,00;0,00;0,00;48.757.031,58;;;;
MS;5005608;MIRANDA;38.169.699,93;0,00;0,00;0,00;0,00;38.169.699,93;;;;
MS;5005681;MUNDO NOVO;15.953.881,04;0,00;253.664,36;0,00;253.664,36;16.207.545,40;;;;
MS;5005707;NAVIRAI;60.554.121,51;0,00;0,00;0,00;0,00;60.554.121,51;;;;
MS;5005806;NIOAQUE;16.940.942,66;0,00;0,00;0,00;0,00;16.940.942,66;;;;
MS;5006002;NOVA ALVORADA DO SUL;32.831.839,78;0,00;0,00;0,00;0,00;32.831.839,78;;;;
MS;5006200;NOVA ANDRADINA;55.475.401,78;0,00;0,00;0,00;0,00;55.475.401,78;;;;
MS;5006259;NOVO HORIZONTE DO SUL;6.706.424,22;0,00;0,00;0,00;0,00;6.706.424,22;;;;
MS;5006275;PARAISO DAS AGUAS;10.800.606,99;0,00;0,00;0,00;0,00;10.800.606,99;;;;
MS;5006309;PARANAIBA;41.490.915,70;0,00;0,00;676.666,41;676.666,41;42.167.582,11;;;;
MS;5006358;PARANHOS;31.452.487,59;0,00;3.105.651,90;856.729,17;3.962.381,07;35.414.868,66;;;;
MS;5006408;PEDRO GOMES;6.858.557,14;0,00;0,00;0,00;0,00;6.858.557,14;;;;
MS;5006606;PONTA PORA;85.811.925,96;0,00;0,00;3.053.313,63;3.053.313,63;88.865.239,59;;;;
MS;5006903;PORTO MURTINHO;21.839.320,59;0,00;0,00;0,00;0,00;21.839.320,59;;;;
MS;5007109;RIBAS DO RIO PARDO;33.226.319,88;0,00;0,00;0,00;0,00;33.226.319,88;;;;
MS;5007208;RIO BRILHANTE;51.238.372,37;0,00;0,00;0,00;0,00;51.238.372,37;;;;
MS;5007307;RIO NEGRO;5.250.830,22;0,00;0,00;0,00;0,00;5.250.830,22;;;;
MS;5007406;RIO VERDE DE MATO GROSSO;19.977.090,11;0,00;0,00;0,00;0,00;19.977.090,11;;;;
MS;5007505;ROCHEDO;6.357.382,93;0,00;0,00;120.500,75;120.500,75;6.477.883,68;;;;
MS;5007554;SANTA RITA DO PARDO;9.000.005,25;0,00;0,00;290.165,51;290.165,51;9.290.170,76;;;;
MS;5007695;SAO GABRIEL DO OESTE;35.748.980,29;0,00;0,00;1.062.007,95;1.062.007,95;36.810.988,24;;;;
MS;5007802;SELVIRIA;8.621.605,13;0,00;0,00;0,00;0,00;8.621.605,13;;;;
MS;5007703;SETE QUEDAS;8.592.544,74;0,00;0,00;159.556,61;159.556,61;8.752.101,35;;;;
MS;5007901;SIDROLANDIA;70.426.673,92;0,00;0,00;0,00;0,00;70.426.673,92;;;;
MS;5007935;SONORA;22.418.060,05;0,00;0,00;676.883,79;676.883,79;23.094.943,84;;;;
MS;5007950;TACURU;16.613.890,53;0,00;1.269.215,52;496.784,81;1.766.000,33;18.379.890,86;;;;
MS;5007976;TAQUARUSSU;3.575.362,52;0,00;0,00;0,00;0,00;3.575.362,52;;;;
MS;5008008;TERENOS;19.986.266,09;0,00;0,00;0,00;0,00;19.986.266,09;;;;
MS;5008305;TRES LAGOAS;125.297.760,84;0,00;0,00;2.348.424,10;2.348.424,10;127.646.184,94;;;;
MS;5008404;VICENTINA;4.633.425,82;0,00;0,00;0,00;0,00;4.633.425,82;;;;
MT;5100102;ACORIZAL;3.327.113,83;0,00;0,00;0,00;0,00;3.327.113,83;;;;
MT;5100201;AGUA BOA;30.117.616,99;0,00;0,00;521.892,15;521.892,15;30.639.509,14;;;;
MT;5100250;ALTA FLORESTA;40.290.332,60;0,00;0,00;0,00;0,00;40.290.332,60;;;;
MT;5100300;ALTO ARAGUAIA;12.347.380,62;0,00;0,00;0,00;0,00;12.347.380,62;;;;
MT;5100359;ALTO BOA VISTA;7.339.232,10;0,00;0,00;0,00;0,00;7.339.232,10;;;;
MT;5100409;ALTO GARCAS;12.082.131,14;0,00;0,00;227.342,81;227.342,81;12.309.473,95;;;;
MT;5100508;ALTO PARAGUAI;5.801.512,29;0,00;0,00;0,00;0,00;5.801.512,29;;;;
MT;5100607;ALTO TAQUARI;11.835.165,79;0,00;0,00;0,00;0,00;11.835.165,79;;;;
MT;5100805;APIACAS;9.750.524,02;0,00;0,00;0,00;0,00;9.750.524,02;;;;
MT;5101001;ARAGUAIANA;3.207.265,03;0,00;0,00;0,00;0,00;3.207.265,03;;;;
MT;5101209;ARAGUAINHA;725.583,23;0,00;0,00;0,00;0,00;725.583,23;;;;
MT;5101258;ARAPUTANGA;13.142.872,66;0,00;152.410,77;211.075,58;363.486,35;13.506.359,01;;;;
MT;5101308;ARENAPOLIS;9.032.548,06;0,00;378.853,49;0,00;378.853,49;9.411.401,55;;;;
MT;5101407;ARIPUANA;29.094.297,83;0,00;0,00;596.308,43;596.308,43;29.690.606,26;;;;
MT;5101605;BARAO DE MELGACO;4.078.605,68;0,00;0,00;0,00;0,00;4.078.605,68;;;;
MT;5101704;BARRA DO BUGRES;28.453.830,41;0,00;0,00;922.087,96;922.087,96;29.375.918,37;;;;
MT;5101803;BARRA DO GARCAS;58.221.416,94;0,00;0,00;1.185.008,57;1.185.008,57;59.406.425,51;;;;
MT;5101852;BOM JESUS DO ARAGUAIA;8.284.685,95;0,00;0,00;141.803,95;141.803,95;8.426.489,90;;;;
MT;5101902;BRASNORTE;19.133.174,35;0,00;0,00;661.667,22;661.667,22;19.794.841,57;;;;
MT;5102504;CACERES;74.127.443,85;0,00;0,00;0,00;0,00;74.127.443,85;;;;
MT;5102603;CAMPINAPOLIS;34.854.890,37;0,00;2.629.574,25;968.208,66;3.597.782,91;38.452.673,28;;;;
MT;5102637;CAMPO NOVO DO PARECIS;57.468.024,72;0,00;0,00;0,00;0,00;57.468.024,72;;;;
MT;5102678;CAMPO VERDE;45.450.081,37;0,00;0,00;1.558.502,92;1.558.502,92;47.008.584,29;;;;
MT;5102686;CAMPOS DE JULIO;14.040.157,83;0,00;0,00;217.089,74;217.089,74;14.257.247,57;;;;
MT;5102694;CANABRAVA DO NORTE;6.075.840,00;0,00;0,00;0,00;0,00;6.075.840,00;;;;
MT;5102702;CANARANA;23.946.110,02;0,00;0,00;0,00;0,00;23.946.110,02;;;;
MT;5102793;CARLINDA;10.992.257,30;0,00;157,54;207.742,42;207.899,96;11.200.157,26;;;;
MT;5102850;CASTANHEIRA;5.520.510,33;0,00;0,00;78.691,41;78.691,41;5.599.201,74;;;;
MT;5103007;CHAPADA DOS GUIMARAES;17.535.065,34;0,00;0,00;316.106,14;316.106,14;17.851.171,48;;;;
MT;5103056;CLAUDIA;11.037.231,58;0,00;0,00;0,00;0,00;11.037.231,58;;;;
MT;5103106;COCALINHO;5.429.157,55;0,00;0,00;192.091,09;192.091,09;5.621.248,64;;;;
MT;5103205;COLIDER;27.170.365,58;0,00;0,00;487.618,64;487.618,64;27.657.984,22;;;;
MT;5103254;COLNIZA;30.049.552,44;0,00;0,00;478.923,45;478.923,45;30.528.475,89;;;;
MT;5103304;COMODORO;19.726.052,31;0,00;0,00;0,00;0,00;19.726.052,31;;;;
MT;5103353;CONFRESA;30.619.589,95;0,00;0,00;0,00;0,00;30.619.589,95;;;;
MT;5103361;CONQUISTA DOESTE;5.075.489,92;0,00;0,00;0,00;0,00;5.075.489,92;;;;
MT;5103379;COTRIGUACU;10.498.329,70;0,00;0,00;0,00;0,00;10.498.329,70;;;;
MT;5103403;CUIABA;480.493.919,27;0,00;0,00;15.303.341,52;15.303.341,52;495.797.260,79;;;;
MT;5103437;CURVELANDIA;4.377.608,14;0,00;0,00;0,00;0,00;4.377.608,14;;;;
MT;5103452;DENISE;6.921.658,29;0,00;0,00;100.646,75;100.646,75;7.022.305,04;;;;
MT;5103502;DIAMANTINO;20.757.695,12;0,00;0,00;690.035,26;690.035,26;21.447.730,38;;;;
MT;5103601;DOM AQUINO;5.159.264,37;0,00;0,00;0,00;0,00;5.159.264,37;;;;
MT;5103700;FELIZ NATAL;13.609.212,29;0,00;0,00;0,00;0,00;13.609.212,29;;;;
MT;5103809;FIGUEIROPOLIS DOESTE;2.850.882,06;0,00;0,00;20.977,13;20.977,13;2.871.859,19;;;;
MT;5103858;GAUCHA DO NORTE;10.657.479,64;0,00;0,00;184.990,03;184.990,03;10.842.469,67;;;;
MT;5103908;GENERAL CARNEIRO;4.111.190,06;0,00;0,00;0,00;0,00;4.111.190,06;;;;
MT;5103957;GLORIA DOESTE;3.027.191,14;0,00;0,00;0,00;0,00;3.027.191,14;;;;
MT;5104104;GUARANTA DO NORTE;41.970.992,05;0,00;4.019.887,96;0,00;4.019.887,96;45.990.880,01;;;;
MT;5104203;GUIRATINGA;7.334.654,26;0,00;0,00;0,00;0,00;7.334.654,26;;;;
MT;5104500;INDIAVAI;3.171.994,52;0,00;0,00;0,00;0,00;3.171.994,52;;;;
MT;5104526;IPIRANGA DO NORTE;9.368.379,32;0,00;0,00;0,00;0,00;9.368.379,32;;;;
MT;5104542;ITANHANGA;8.829.181,06;0,00;0,00;0,00;0,00;8.829.181,06;;;;
MT;5104559;ITAUBA;6.390.413,30;0,00;0,00;0,00;0,00;6.390.413,30;;;;
MT;5104609;ITIQUIRA;18.589.513,82;0,00;0,00;0,00;0,00;18.589.513,82;;;;
MT;5104807;JACIARA;22.868.156,50;0,00;0,00;462.402,60;462.402,60;23.330.559,10;;;;
MT;5104906;JANGADA;4.304.008,19;0,00;0,00;0,00;0,00;4.304.008,19;;;;
MT;5105002;JAURU;7.875.783,90;0,00;0,00;125.572,94;125.572,94;8.001.356,84;;;;
MT;5105101;JUARA;22.076.312,17;0,00;0,00;755.285,36;755.285,36;22.831.597,53;;;;
MT;5105150;JUINA;37.263.304,38;0,00;4.216.201,08;694.274,16;4.910.475,24;42.173.779,62;;;;
MT;5105176;JURUENA;10.288.736,66;0,00;1.297.693,58;197.742,96;1.495.436,54;11.784.173,20;;;;
MT;5105200;JUSCIMEIRA;9.493.231,86;0,00;0,00;147.963,04;147.963,04;9.641.194,90;;;;
MT;5105234;LAMBARI DOESTE;4.686.266,92;0,00;0,00;0,00;0,00;4.686.266,92;;;;
MT;5105259;LUCAS DO RIO VERDE;107.149.871,19;0,00;0,00;2.200.569,75;2.200.569,75;109.350.440,94;;;;
MT;5105309;LUCIARA;2.844.291,67;0,00;310.681,18;0,00;310.681,18;3.154.972,85;;;;
MT;5105580;MARCELANDIA;12.424.792,04;0,00;0,00;196.438,68;196.438,68;12.621.230,72;;;;
MT;5105606;MATUPA;22.108.539,41;0,00;2.166.660,33;0,00;2.166.660,33;24.275.199,74;;;;
MT;5105622;MIRASSOL DOESTE;22.069.322,90;0,00;1.559.072,00;362.661,61;1.921.733,61;23.991.056,51;;;;
MT;5105903;NOBRES;12.949.897,73;0,00;0,00;0,00;0,00;12.949.897,73;;;;
MT;5106000;NORTELANDIA;4.977.333,88;0,00;0,00;0,00;0,00;4.977.333,88;;;;
MT;5106109;NOSSA SENHORA DO LIVRAMENTO;13.511.089,73;0,00;0,00;218.430,25;218.430,25;13.729.519,98;;;;
MT;5106158;NOVA BANDEIRANTES;14.085.088,99;0,00;0,00;235.023,56;235.023,56;14.320.112,55;;;;
MT;5106208;NOVA BRASILANDIA;4.744.233,55;0,00;1.549.980,60;71.083,12;1.621.063,72;6.365.297,27;;;;
MT;5106216;NOVA CANAA DO NORTE;13.070.718,91;0,00;0,00;0,00;0,00;13.070.718,91;;;;
MT;5108808;NOVA GUARITA;5.167.121,91;0,00;0,00;77.423,36;77.423,36;5.244.545,27;;;;
MT;5106182;NOVA LACERDA;9.761.053,49;0,00;0,00;0,00;0,00;9.761.053,49;;;;
MT;5108857;NOVA MARILANDIA;4.548.687,22;0,00;0,00;0,00;0,00;4.548.687,22;;;;
MT;5108907;NOVA MARINGA;8.350.378,85;0,00;0,00;0,00;0,00;8.350.378,85;;;;
MT;5108956;NOVA MONTE VERDE;11.577.798,44;0,00;1.265.445,07;0,00;1.265.445,07;12.843.243,51;;;;
MT;5106224;NOVA MUTUM;69.038.064,02;0,00;0,00;0,00;0,00;69.038.064,02;;;;
MT;5106174;NOVA NAZARE;5.738.168,14;0,00;0,00;0,00;0,00;5.738.168,14;;;;
MT;5106232;NOVA OLIMPIA;16.465.702,16;0,00;0,00;0,00;0,00;16.465.702,16;;;;
MT;5106190;NOVA SANTA HELENA;6.027.012,29;0,00;0,00;0,00;0,00;6.027.012,29;;;;
MT;5106240;NOVA UBIRATA;18.153.848,07;0,00;0,00;609.894,65;609.894,65;18.763.742,72;;;;
MT;5106257;NOVA XAVANTINA;18.758.820,27;0,00;0,00;712.715,19;712.715,19;19.471.535,46;;;;
MT;5106273;NOVO HORIZONTE DO NORTE;3.394.969,49;0,00;0,00;109.341,93;109.341,93;3.504.311,42;;;;
MT;5106265;NOVO MUNDO;8.908.265,96;0,00;0,00;346.032,07;346.032,07;9.254.298,03;;;;
MT;5106315;NOVO SANTO ANTONIO;2.951.413,48;0,00;0,00;0,00;0,00;2.951.413,48;;;;
MT;5106281;NOVO SAO JOAQUIM;10.403.523,13;0,00;0,00;0,00;0,00;10.403.523,13;;;;
MT;5106299;PARANAITA;13.831.959,48;0,00;0,00;481.169,71;481.169,71;14.313.129,19;;;;
MT;5106307;PARANATINGA;26.321.810,26;0,00;0,00;413.202,36;413.202,36;26.735.012,62;;;;
MT;5106372;PEDRA PRETA;17.715.236,86;0,00;0,00;0,00;0,00;17.715.236,86;;;;
MT;5106422;PEIXOTO DE AZEVEDO;37.858.803,15;0,00;0,00;653.841,56;653.841,56;38.512.644,71;;;;
MT;5106455;PLANALTO DA SERRA;4.458.862,49;0,00;0,00;0,00;0,00;4.458.862,49;;;;
MT;5106505;POCONE;27.445.522,91;0,00;3.063.330,70;0,00;3.063.330,70;30.508.853,61;;;;
MT;5106653;PONTAL DO ARAGUAIA;5.236.782,57;0,00;0,00;0,00;0,00;5.236.782,57;;;;
MT;5106703;PONTE BRANCA;1.523.261,72;0,00;0,00;46.881,53;46.881,53;1.570.143,25;;;;
MT;5106752;PONTES E LACERDA;44.037.088,88;0,00;4.431.706,96;0,00;4.431.706,96;48.468.795,84;;;;
MT;5106778;PORTO ALEGRE DO NORTE;9.982.361,27;0,00;0,00;0,00;0,00;9.982.361,27;;;;
MT;5106802;PORTO DOS GAUCHOS;5.710.217,22;0,00;0,00;0,00;0,00;5.710.217,22;;;;
MT;5106828;PORTO ESPERIDIAO;12.162.653,12;0,00;0,00;363.676,04;363.676,04;12.526.329,16;;;;
MT;5106851;PORTO ESTRELA;3.184.462,39;0,00;0,00;108.544,87;108.544,87;3.293.007,26;;;;
MT;5107008;POXOREU;16.202.747,73;0,00;0,00;228.031,18;228.031,18;16.430.778,91;;;;
MT;5107040;PRIMAVERA DO LESTE;75.376.481,21;0,00;0,00;1.386.628,13;1.386.628,13;76.763.109,34;;;;
MT;5107065;QUERENCIA;26.019.789,00;0,00;0,00;959.368,56;959.368,56;26.979.157,56;;;;
MT;5107156;RESERVA DO CABACAL;2.295.605,04;0,00;0,00;0,00;0,00;2.295.605,04;;;;
MT;5107180;RIBEIRAO CASCALHEIRA;13.403.468,84;0,00;0,00;190.895,50;190.895,50;13.594.364,34;;;;
MT;5107198;RIBEIRAOZINHO;2.623.870,66;0,00;0,00;0,00;0,00;2.623.870,66;;;;
MT;5107206;RIO BRANCO;5.892.336,01;0,00;1.006.101,43;0,00;1.006.101,43;6.898.437,44;;;;
MT;5107578;RONDOLANDIA;3.011.695,09;0,00;0,00;99.451,16;99.451,16;3.111.146,25;;;;
MT;5107602;RONDONOPOLIS;225.661.135,20;0,00;0,00;6.530.662,37;6.530.662,37;232.191.797,57;;;;
MT;5107701;ROSARIO OESTE;11.590.482,74;0,00;0,00;0,00;0,00;11.590.482,74;;;;
MT;5107750;SALTO DO CEU;3.209.406,63;0,00;0,00;0,00;0,00;3.209.406,63;;;;
MT;5107248;SANTA CARMEM;9.252.828,12;0,00;0,00;0,00;0,00;9.252.828,12;;;;
MT;5107743;SANTA CRUZ DO XINGU;4.415.363,17;0,00;0,00;0,00;0,00;4.415.363,17;;;;
MT;5107768;SANTA RITA DO TRIVELATO;7.309.660,13;0,00;0,00;119.848,61;119.848,61;7.429.508,74;;;;
MT;5107776;SANTA TEREZINHA;5.607.682,26;0,00;0,00;0,00;0,00;5.607.682,26;;;;
MT;5107263;SANTO AFONSO;2.756.600,59;0,00;0,00;41.338,35;41.338,35;2.797.938,94;;;;
MT;5107792;SANTO ANTONIO DO LESTE;5.939.613,06;0,00;0,00;0,00;0,00;5.939.613,06;;;;
MT;5107800;SANTO ANTONIO DO LEVERGER;10.418.642,06;0,00;0,00;0,00;0,00;10.418.642,06;;;;
MT;5107859;SAO FELIX DO ARAGUAIA;12.791.851,85;0,00;0,00;0,00;0,00;12.791.851,85;;;;
MT;5107297;SAO JOSE DO POVO;2.044.852,80;0,00;0,00;0,00;0,00;2.044.852,80;;;;
MT;5107305;SAO JOSE DO RIO CLARO;17.156.361,08;0,00;705.270,43;535.804,44;1.241.074,87;18.397.435,95;;;;
MT;5107354;SAO JOSE DO XINGU;7.448.268,08;0,00;0,00;0,00;0,00;7.448.268,08;;;;
MT;5107107;SAO JOSE DOS QUATRO MARCOS;13.932.267,69;0,00;1.457.047,73;0,00;1.457.047,73;15.389.315,42;;;;
MT;5107404;SAO PEDRO DA CIPA;4.104.040,93;0,00;0,00;0,00;0,00;4.104.040,93;;;;
MT;5107875;SAPEZAL;38.018.092,85;0,00;0,00;1.307.248,35;1.307.248,35;39.325.341,20;;;;
MT;5107883;SERRA NOVA DOURADA;2.658.761,74;0,00;0,00;0,00;0,00;2.658.761,74;;;;
MT;5107909;SINOP;151.366.172,58;0,00;0,00;5.141.244,53;5.141.244,53;156.507.417,11;;;;
MT;5107925;SORRISO;135.655.433,48;0,00;0,00;3.086.174,18;3.086.174,18;138.741.607,66;;;;
MT;5107941;TABAPORA;14.123.457,22;0,00;0,00;0,00;0,00;14.123.457,22;;;;
MT;5107958;TANGARA DA SERRA;99.688.808,34;0,00;0,00;3.476.406,76;3.476.406,76;103.165.215,10;;;;
MT;5108006;TAPURAH;15.097.469,87;0,00;0,00;0,00;0,00;15.097.469,87;;;;
MT;5108055;TERRA NOVA DO NORTE;11.193.261,39;0,00;0,00;0,00;0,00;11.193.261,39;;;;
MT;5108105;TESOURO;1.415.623,23;0,00;0,00;0,00;0,00;1.415.623,23;;;;
MT;5108204;TORIXOREU;3.044.653,35;0,00;0,00;0,00;0,00;3.044.653,35;;;;
MT;5108303;UNIAO DO SUL;5.675.837,10;0,00;0,00;211.582,79;211.582,79;5.887.419,89;;;;
MT;5108352;VALE DE SAO DOMINGOS;3.813.492,73;0,00;0,00;102.095,94;102.095,94;3.915.588,67;;;;
MT;5108402;VARZEA GRANDE;244.854.379,22;0,00;0,00;8.490.737,84;8.490.737,84;253.345.117,06;;;;
MT;5108501;VERA;12.278.790,75;0,00;0,00;199.844,30;199.844,30;12.478.635,05;;;;
MT;5105507;VILA BELA DA SANTISSIMA TRINDADE;22.658.819,70;0,00;0,00;0,00;0,00;22.658.819,70;;;;
MT;5108600;VILA RICA;20.782.102,07;0,00;0,00;401.210,25;401.210,25;21.183.312,32;;;;
PA;1500107;ABAETETUBA;96.781.363,33;53.459.346,12;67.951.055,15;2.686.811,65;124.097.212,92;220.878.576,25;;;;
PA;1500131;ABEL FIGUEIREDO;5.890.100,24;3.253.528,33;2.043.587,05;0,00;5.297.115,38;11.187.215,62;;;;
PA;1500206;ACARA;77.790.030,49;42.969.059,55;35.739.899,09;2.143.906,14;80.852.864,78;158.642.895,27;;;;
PA;1500305;AFUA;51.968.475,81;28.705.947,51;17.451.854,04;1.517.599,33;47.675.400,88;99.643.876,69;;;;
PA;1500347;AGUA AZUL DO NORTE;12.973.431,36;7.166.164,37;2.705.124,58;848.939,73;10.720.228,68;23.693.660,04;;;;
PA;1500404;ALENQUER;49.266.162,45;27.213.264,41;24.659.979,33;0,00;51.873.243,74;101.139.406,19;;;;
PA;1500503;ALMEIRIM;40.451.183,35;22.344.113,96;29.267.941,40;1.029.111,18;52.641.166,54;93.092.349,89;;;;
PA;1500602;ALTAMIRA;101.704.745,68;56.178.886,25;35.336.536,04;7.047.917,08;98.563.339,37;200.268.085,05;;;;
PA;1500701;ANAJAS;41.614.185,04;22.986.523,90;21.299.299,63;1.190.805,36;45.476.628,89;87.090.813,93;;;;
PA;1500800;ANANINDEUA;159.632.285,70;88.176.455,88;63.276.217,42;10.886.188,39;162.338.861,69;321.971.147,39;;;;
PA;1500859;ANAPU;31.885.857,81;17.612.865,23;12.345.229,07;0,00;29.958.094,30;61.843.952,11;;;;
PA;1500909;AUGUSTO CORREA;48.777.774,65;26.943.492,51;21.250.391,11;2.783.726,72;50.977.610,34;99.755.384,99;;;;
PA;1500958;AURORA DO PARA;23.095.005,87;12.757.041,95;9.135.148,49;1.397.859,41;23.290.049,85;46.385.055,72;;;;
PA;1501006;AVEIRO;15.673.227,38;8.657.456,96;8.814.733,33;908.284,36;18.380.474,65;34.053.702,03;;;;
PA;1501105;BAGRE;25.653.673,34;14.170.379,04;10.149.737,94;758.908,36;25.079.025,34;50.732.698,68;;;;
PA;1501204;BAIAO;33.057.113,49;18.259.834,45;16.996.888,16;0,00;35.256.722,61;68.313.836,10;;;;
PA;1501253;BANNACH;3.256.075,02;1.798.565,71;0,00;260.058,44;2.058.624,15;5.314.699,17;;;;
PA;1501303;BARCARENA;99.497.243,81;54.959.523,32;0,00;0,00;54.959.523,32;154.456.767,13;;;;
PA;1501402;BELEM;268.030.016,30;148.052.361,72;0,00;16.227.675,74;164.280.037,46;432.310.053,76;;;;
PA;1501451;BELTERRA;17.082.170,44;9.435.718,11;7.079.012,65;1.134.105,52;17.648.836,28;34.731.006,72;;;;
PA;1501501;BENEVIDES;39.347.912,21;21.734.697,52;18.358.001,65;2.858.360,37;42.951.059,54;82.298.971,75;;;;
PA;1501576;BOM JESUS DO TOCANTINS;12.290.134,50;6.788.730,10;6.874.962,65;341.394,64;14.005.087,39;26.295.221,89;;;;
PA;1501600;BONITO;6.238.348,80;3.445.891,20;0,00;0,00;3.445.891,20;9.684.240,00;;;;
PA;1501709;BRAGANCA;73.579.313,32;40.643.175,94;34.634.715,28;0,00;75.277.891,22;148.857.204,54;;;;
PA;1501725;BRASIL NOVO;21.148.734,86;11.681.975,72;22.488.481,63;0,00;34.170.457,35;55.319.192,21;;;;
PA;1501758;BREJO GRANDE DO ARAGUAIA;8.415.335,51;4.648.398,40;3.222.579,27;228.864,47;8.099.842,14;16.515.177,65;;;;
PA;1501782;BREU BRANCO;39.673.181,21;21.914.367,11;14.848.573,52;1.156.930,37;37.919.871,00;77.593.052,21;;;;
PA;1501808;BREVES;146.578.087,47;80.965.678,12;91.916.593,70;4.217.236,38;177.099.508,20;323.677.595,67;;;;
PA;1501907;BUJARU;29.693.457,60;16.401.844,04;11.037.234,17;796.406,33;28.235.484,54;57.928.942,14;;;;
PA;1502004;CACHOEIRA DO ARARI;16.264.550,22;8.984.087,33;6.185.516,65;528.486,00;15.698.089,98;31.962.640,20;;;;
PA;1501956;CACHOEIRA DO PIRIA;20.995.938,21;11.597.575,09;8.159.251,74;1.220.187,83;20.977.014,66;41.972.952,87;;;;
PA;1502103;CAMETA;129.779.341,82;71.686.516,03;50.622.767,46;3.569.227,84;125.878.511,33;255.657.853,15;;;;
PA;1502152;CANAA DOS CARAJAS;64.373.981,69;35.558.405,56;0,00;4.321.469,89;39.879.875,45;104.253.857,14;;;;
PA;1502202;CAPANEMA;29.851.413,11;16.489.094,29;10.175.595,76;0,00;26.664.690,05;56.516.103,16;;;;
PA;1502301;CAPITAO POCO;35.707.819,42;19.724.011,03;15.267.517,81;2.380.813,66;37.372.342,50;73.080.161,92;;;;
PA;1502400;CASTANHAL;104.800.532,02;57.888.912,92;43.870.966,66;3.373.223,92;105.133.103,50;209.933.635,52;;;;
PA;1502509;CHAVES;30.294.172,52;16.733.662,33;15.275.505,25;1.008.423,89;33.017.591,47;63.311.763,99;;;;
PA;1502608;COLARES;7.979.201,31;4.407.489,94;5.138.954,46;281.832,63;9.828.277,03;17.807.478,34;;;;
PA;1502707;CONCEICAO DO ARAGUAIA;26.811.087,76;14.809.702,73;6.491.437,96;1.633.824,95;22.934.965,64;49.746.053,40;;;;
PA;1502756;CONCORDIA DO PARA;43.944.665,69;24.273.816,91;28.752.784,91;2.632.502,99;55.659.104,81;99.603.770,50;;;;
PA;1502764;CUMARU DO NORTE;14.242.097,67;7.866.940,52;8.796.457,39;0,00;16.663.397,91;30.905.495,58;;;;
PA;1502772;CURIONOPOLIS;26.078.756,18;14.405.183,04;17.876.367,77;0,00;32.281.550,81;58.360.306,99;;;;
PA;1502806;CURRALINHO;43.739.779,62;24.160.643,52;22.259.158,72;0,00;46.419.802,24;90.159.581,86;;;;
PA;1502855;CURUA;13.809.298,69;7.627.874,34;4.967.895,44;430.157,97;13.025.927,75;26.835.226,44;;;;
PA;1502905;CURUCA;30.567.450,18;16.884.613,35;14.946.784,55;1.983.117,71;33.814.515,61;64.381.965,79;;;;
PA;1502939;DOM ELISEU;38.303.279,37;21.157.671,26;21.733.698,33;1.049.762,24;43.941.131,83;82.244.411,20;;;;
PA;1502954;ELDORADO DO CARAJAS;28.783.933,02;15.899.447,84;17.154.200,04;771.371,45;33.825.019,33;62.608.952,35;;;;
PA;1503002;FARO;10.453.434,62;5.774.187,92;9.257.676,16;305.056,02;15.336.920,10;25.790.354,72;;;;
PA;1503044;FLORESTA DO ARAGUAIA;16.388.573,18;9.052.594,17;2.776.734,18;0,00;11.829.328,35;28.217.901,53;;;;
PA;1503077;GARRAFAO DO NORTE;25.947.701,60;14.332.792,12;9.650.732,00;0,00;23.983.524,12;49.931.225,72;;;;
PA;1503093;GOIANESIA DO PARA;25.917.397,62;14.316.053,04;7.968.012,81;780.537,62;23.064.603,47;48.982.001,09;;;;
PA;1503101;GURUPA;62.401.128,06;34.468.655,83;40.332.732,48;3.781.861,30;78.583.249,61;140.984.377,67;;;;
PA;1503200;IGARAPE-ACU;18.383.727,17;10.154.662,01;8.699.519,38;0,00;18.854.181,39;37.237.908,56;;;;
PA;1503309;IGARAPE-MIRI;65.229.142,03;36.030.772,47;25.253.624,21;4.050.143,94;65.334.540,62;130.563.682,65;;;;
PA;1503408;INHANGAPI;5.028.077,38;2.777.370,77;1.110.377,51;0,00;3.887.748,28;8.915.825,66;;;;
PA;1503457;IPIXUNA DO PARA;45.057.672,96;24.888.611,31;21.147.972,93;2.843.433,64;48.880.017,88;93.937.690,84;;;;
PA;1503507;IRITUIA;18.175.285,63;10.039.524,67;10.253.049,05;0,00;20.292.573,72;38.467.859,35;;;;
PA;1503606;ITAITUBA;107.246.678,25;59.240.096,40;40.640.341,69;7.505.972,10;107.386.410,19;214.633.088,44;;;;
PA;1503705;ITUPIRANGA;43.712.198,28;24.145.408,34;23.085.794,37;2.415.594,39;49.646.797,10;93.358.995,38;;;;
PA;1503754;JACAREACANGA;33.454.633,38;18.479.413,43;19.687.114,86;1.223.738,36;39.390.266,65;72.844.900,03;;;;
PA;1503804;JACUNDA;32.805.878,10;18.121.058,97;12.585.170,48;0,00;30.706.229,45;63.512.107,55;;;;
PA;1503903;JURUTI;55.601.033,71;30.712.471,94;9.975.136,32;3.444.343,27;44.131.951,53;99.732.985,24;;;;
PA;1504000;LIMOEIRO DO AJURU;27.766.470,01;15.337.429,44;12.310.880,32;821.260,07;28.469.569,83;56.236.039,84;;;;
PA;1504059;MAE DO RIO;31.099.517,83;17.178.512,79;16.349.970,09;1.803.417,25;35.331.900,13;66.431.417,96;;;;
PA;1504109;MAGALHAES BARATA;7.589.072,52;4.191.993,59;4.199.290,07;0,00;8.391.283,66;15.980.356,18;;;;
PA;1504208;MARABA;200.855.252,43;110.946.881,62;19.859.146,16;12.960.351,91;143.766.379,69;344.621.632,12;;;;
PA;1504307;MARACANA;28.581.055,21;15.787.383,76;16.922.537,66;0,00;32.709.921,42;61.290.976,63;;;;
PA;1504406;MARAPANIM;20.924.500,82;11.558.115,05;7.432.697,71;1.275.402,25;20.266.215,01;41.190.715,83;;;;
PA;1504422;MARITUBA;97.547.107,51;53.882.322,01;48.122.893,42;0,00;102.005.215,43;199.552.322,94;;;;
PA;1504455;MEDICILANDIA;23.979.870,13;13.245.816,47;8.142.276,74;1.620.745,94;23.008.839,15;46.988.709,28;;;;
PA;1504505;MELGACO;40.101.096,44;22.150.735,64;20.863.317,59;1.350.144,59;44.364.197,82;84.465.294,26;;;;
PA;1504604;MOCAJUBA;31.724.982,50;17.524.002,16;14.334.182,52;2.054.237,06;33.912.421,74;65.637.404,24;;;;
PA;1504703;MOJU;84.035.073,32;46.418.648,35;44.032.046,83;3.167.981,36;93.618.676,54;177.653.749,86;;;;
PA;1504752;MOJUI DOS CAMPOS;18.689.606,65;10.323.621,37;7.937.325,18;0,00;18.260.946,55;36.950.553,20;;;;
PA;1504802;MONTE ALEGRE;58.706.930,11;32.428.083,14;25.167.005,94;1.697.770,78;59.292.859,86;117.999.789,97;;;;
PA;1504901;MUANA;42.303.319,06;23.367.182,46;33.782.135,42;1.168.342,80;58.317.660,68;100.620.979,74;;;;
PA;1504950;NOVA ESPERANCA DO PIRIA;21.172.891,20;11.695.319,02;8.920.523,84;614.097,32;21.229.940,18;42.402.831,38;;;;
PA;1504976;NOVA IPIXUNA;11.298.450,25;6.240.951,17;3.074.170,01;732.315,59;10.047.436,77;21.345.887,02;;;;
PA;1505007;NOVA TIMBOTEUA;9.943.397,53;5.492.457,55;3.794.118,66;593.011,50;9.879.587,71;19.822.985,24;;;;
PA;1505031;NOVO PROGRESSO;31.022.112,54;17.135.756,25;15.856.133,52;2.083.257,24;35.075.147,01;66.097.259,55;;;;
PA;1505064;NOVO REPARTIMENTO;60.158.420,07;33.229.846,02;18.817.013,96;2.232.307,17;54.279.167,15;114.437.587,22;;;;
PA;1505106;OBIDOS;48.793.271,57;26.952.052,58;16.939.318,37;0,00;43.891.370,95;92.684.642,52;;;;
PA;1505205;OEIRAS DO PARA;41.922.856,63;23.157.025,54;16.530.354,36;2.456.280,60;42.143.660,50;84.066.517,13;;;;
PA;1505304;ORIXIMINA;69.570.740,74;38.428.951,42;14.430.474,20;4.451.788,95;57.311.214,57;126.881.955,31;;;;
PA;1505403;OUREM;11.094.879,49;6.128.504,31;5.713.385,44;667.717,62;12.509.607,37;23.604.486,86;;;;
PA;1505437;OURILANDIA DO NORTE;30.012.981,71;16.578.340,32;7.963.643,22;891.038,91;25.433.022,45;55.446.004,16;;;;
PA;1505486;PACAJA;49.700.455,63;27.453.155,94;33.686.388,78;3.167.075,61;64.306.620,33;114.007.075,96;;;;
PA;1505494;PALESTINA DO PARA;6.151.772,85;3.398.069,04;2.137.942,46;202.090,55;5.738.102,05;11.889.874,90;;;;
PA;1505502;PARAGOMINAS;85.494.139,15;47.224.595,93;16.831.208,00;2.582.759,29;66.638.563,22;152.132.702,37;;;;
PA;1505536;PARAUAPEBAS;194.723.276,17;107.559.747,66;0,00;7.395.470,81;114.955.218,47;309.678.494,64;;;;
PA;1505551;PAU DARCO;7.793.229,08;4.304.764,02;4.038.035,48;0,00;8.342.799,50;16.136.028,58;;;;
PA;1505601;PEIXE-BOI;11.098.642,37;6.130.582,82;8.136.723,13;0,00;14.267.305,95;25.365.948,32;;;;
PA;1505635;PICARRA;15.655.675,58;8.647.761,83;10.116.778,91;0,00;18.764.540,74;34.420.216,32;;;;
PA;1505650;PLACAS;29.339.283,69;16.206.208,17;17.520.807,06;2.130.392,38;35.857.407,61;65.196.691,30;;;;
PA;1505700;PONTA DE PEDRAS;23.354.714,55;12.900.497,84;15.127.484,88;1.298.734,32;29.326.717,04;52.681.431,59;;;;
PA;1505809;PORTEL;84.653.724,18;46.760.373,96;52.722.129,60;4.803.690,26;104.286.193,82;188.939.918,00;;;;
PA;1505908;PORTO DE MOZ;67.472.440,90;37.269.908,66;38.405.894,90;0,00;75.675.803,56;143.148.244,46;;;;
PA;1506005;PRAINHA;43.977.544,54;24.291.978,28;29.944.573,51;1.197.616,58;55.434.168,37;99.411.712,91;;;;
PA;1506104;PRIMAVERA;6.714.180,19;3.708.727,29;743.934,28;0,00;4.452.661,57;11.166.841,76;;;;
PA;1506112;QUATIPURU;6.148.045,70;3.396.010,27;1.585.618,44;375.378,31;5.357.007,02;11.505.052,72;;;;
PA;1506138;REDENCAO;60.750.773,97;33.557.045,91;26.355.744,25;0,00;59.912.790,16;120.663.564,13;;;;
PA;1506161;RIO MARIA;11.710.744,06;6.468.690,86;0,00;928.935,42;7.397.626,28;19.108.370,34;;;;
PA;1506187;RONDON DO PARA;29.849.562,06;16.488.071,82;9.603.504,17;864.373,68;26.955.949,67;56.805.511,73;;;;
PA;1506195;RUROPOLIS;25.003.108,64;13.811.025,11;8.942.649,04;0,00;22.753.674,15;47.756.782,79;;;;
PA;1506203;SALINOPOLIS;26.009.985,81;14.367.196,19;11.977.898,11;0,00;26.345.094,30;52.355.080,11;;;;
PA;1506302;SALVATERRA;22.636.749,83;12.503.914,00;12.271.921,42;1.289.568,15;26.065.403,57;48.702.153,40;;;;
PA;1506351;SANTA BARBARA DO PARA;11.572.473,33;6.392.313,93;4.204.240,56;450.301,81;11.046.856,30;22.619.329,63;;;;
PA;1506401;SANTA CRUZ DO ARARI;7.098.929,84;3.921.252,34;4.498.316,58;0,00;8.419.568,92;15.518.498,76;;;;
PA;1506500;SANTA IZABEL DO PARA;46.901.880,82;25.907.300,68;19.131.731,97;0,00;45.039.032,65;91.940.913,47;;;;
PA;1506559;SANTA LUZIA DO PARA;18.705.146,37;10.332.205,08;6.949.603,91;534.137,87;17.815.946,86;36.521.093,23;;;;
PA;1506583;SANTA MARIA DAS BARREIRAS;15.823.537,86;8.740.484,30;3.563.494,15;523.087,74;12.827.066,19;28.650.604,05;;;;
PA;1506609;SANTA MARIA DO PARA;13.706.642,38;7.571.169,84;6.611.665,50;0,00;14.182.835,34;27.889.477,72;;;;
PA;1506708;SANTANA DO ARAGUAIA;59.128.412,14;32.660.898,15;47.307.816,20;2.335.345,09;82.304.059,44;141.432.471,58;;;;
PA;1506807;SANTAREM;249.908.576,69;138.042.580,10;111.954.059,41;16.174.091,67;266.170.731,18;516.079.307,87;;;;
PA;1506906;SANTAREM NOVO;6.150.366,39;3.397.292,14;559.095,80;0,00;3.956.387,94;10.106.754,33;;;;
PA;1507003;SANTO ANTONIO DO TAUA;23.556.282,07;13.011.838,16;7.567.806,60;703.730,17;21.283.374,93;44.839.657,00;;;;
PA;1507102;SAO CAETANO DE ODIVELAS;14.147.598,16;7.814.741,61;4.011.463,67;0,00;11.826.205,28;25.973.803,44;;;;
PA;1507151;SAO DOMINGOS DO ARAGUAIA;18.704.481,52;10.331.837,84;5.749.357,19;1.245.367,63;17.326.562,66;36.031.044,18;;;;
PA;1507201;SAO DOMINGOS DO CAPIM;33.275.386,21;18.380.402,26;12.397.287,32;1.295.038,87;32.072.728,45;65.348.114,66;;;;
PA;1507300;SAO FELIX DO XINGU;63.368.427,05;35.002.965,02;20.057.244,43;3.845.589,75;58.905.799,20;122.274.226,25;;;;
PA;1507409;SAO FRANCISCO DO PARA;11.494.848,58;6.349.436,17;2.990.987,17;0,00;9.340.423,34;20.835.271,92;;;;
PA;1507458;SAO GERALDO DO ARAGUAIA;22.954.803,14;12.679.597,85;9.670.929,65;0,00;22.350.527,50;45.305.330,64;;;;
PA;1507466;SAO JOAO DA PONTA;5.429.797,83;2.999.270,02;0,00;160.136,29;3.159.406,31;8.589.204,14;;;;
PA;1507474;SAO JOAO DE PIRABAS;17.656.958,54;9.753.215,14;3.606.235,12;503.596,03;13.863.046,29;31.520.004,83;;;;
PA;1507508;SAO JOAO DO ARAGUAIA;13.180.745,87;7.280.679,17;2.250.365,08;894.263,38;10.425.307,63;23.606.053,50;;;;
PA;1507607;SAO MIGUEL DO GUAMA;56.495.110,33;31.206.335,11;31.358.862,48;1.876.275,64;64.441.473,23;120.936.583,56;;;;
PA;1507706;SAO SEBASTIAO DA BOA VISTA;27.782.269,52;15.346.156,65;13.613.575,08;817.021,16;29.776.752,89;57.559.022,41;;;;
PA;1507755;SAPUCAIA;7.231.689,60;3.994.585,15;2.111.652,53;0,00;6.106.237,68;13.337.927,28;;;;
PA;1507805;SENADOR JOSE PORFIRIO;27.987.059,58;15.459.277,01;19.187.363,34;1.147.981,58;35.794.621,93;63.781.681,51;;;;
PA;1507904;SOURE;18.512.123,89;10.225.584,81;8.492.293,26;0,00;18.717.878,07;37.230.001,96;;;;
PA;1507953;TAILANDIA;68.467.935,62;37.819.792,40;27.697.810,26;2.049.201,10;67.566.803,76;136.034.739,38;;;;
PA;1507961;TERRA ALTA;7.074.999,40;3.908.033,82;3.532.530,31;0,00;7.440.564,13;14.515.563,53;;;;
PA;1507979;TERRA SANTA;19.383.875,08;10.707.116,03;10.132.594,24;0,00;20.839.710,27;40.223.585,35;;;;
PA;1508001;TOME-ACU;78.695.659,14;43.469.303,75;43.896.352,37;2.532.399,69;89.898.055,81;168.593.714,95;;;;
PA;1508035;TRACUATEUA;26.322.670,47;14.539.914,54;10.284.525,58;0,00;24.824.440,12;51.147.110,59;;;;
PA;1508050;TRAIRAO;15.428.502,56;8.522.277,75;9.079.736,98;0,00;17.602.014,73;33.030.517,29;;;;
PA;1508084;TUCUMA;32.502.060,24;17.953.238,39;15.283.480,94;0,00;33.236.719,33;65.738.779,57;;;;
PA;1508100;TUCURUI;75.262.859,37;41.573.120,18;18.361.475,37;4.652.865,06;64.587.460,61;139.850.319,98;;;;
PA;1508126;ULIANOPOLIS;26.233.766,83;14.490.806,62;10.578.973,72;1.747.876,77;26.817.657,11;53.051.423,94;;;;
PA;1508159;URUARA;50.616.818,08;27.959.329,20;25.826.338,07;1.851.313,22;55.636.980,49;106.253.798,57;;;;
PA;1508209;VIGIA;27.874.787,72;15.397.261,15;17.496.896,41;756.263,57;33.650.421,13;61.525.208,85;;;;
PA;1508308;VISEU;68.996.926,43;38.111.992,27;31.547.194,72;4.029.674,03;73.688.861,02;142.685.787,45;;;;
PA;1508357;VITORIA DO XINGU;18.466.656,72;10.200.470,00;0,00;1.133.924,37;11.334.394,37;29.801.051,09;;;;
PA;1508407;XINGUARA;38.124.550,84;21.058.946,56;13.756.596,83;0,00;34.815.543,39;72.940.094,23;;;;
PB;2500106;AGUA BRANCA;12.592.347,42;1.016.214,74;4.522.994,49;293.426,21;5.832.635,44;18.424.982,86;;;;
PB;2500205;AGUIAR;7.502.068,12;605.424,23;6.319.088,61;0,00;6.924.512,84;14.426.580,96;;;;
PB;2500304;ALAGOA GRANDE;24.554.585,54;1.981.579,04;8.338.258,20;0,00;10.319.837,24;34.874.422,78;;;;
PB;2500403;ALAGOA NOVA;20.906.087,65;1.687.141,70;9.633.436,88;905.313,51;12.225.892,09;33.131.979,74;;;;
PB;2500502;ALAGOINHA;14.029.070,01;1.132.159,65;4.721.345,93;607.358,56;6.460.864,14;20.489.934,15;;;;
PB;2500536;ALCANTIL;6.646.931,53;536.413,87;1.496.405,47;0,00;2.032.819,34;8.679.750,87;;;;
PB;2500577;ALGODAO DE JANDAIRA;3.466.965,30;279.787,49;34.751,28;76.517,61;391.056,38;3.858.021,68;;;;
PB;2500601;ALHANDRA;22.563.635,99;1.820.907,47;3.510.802,09;441.026,94;5.772.736,50;28.336.372,49;;;;
PB;2500734;AMPARO;2.533.339,25;204.442,95;0,00;0,00;204.442,95;2.737.782,20;;;;
PB;2500775;APARECIDA;8.343.949,16;673.364,85;3.971.327,38;0,00;4.644.692,23;12.988.641,39;;;;
PB;2500809;ARACAGI;18.691.147,05;1.508.393,83;8.004.439,07;0,00;9.512.832,90;28.203.979,95;;;;
PB;2500908;ARARA;10.745.542,97;867.175,82;2.300.122,88;456.750,73;3.624.049,43;14.369.592,40;;;;
PB;2501005;ARARUNA;21.048.937,56;1.698.669,82;5.240.563,77;0,00;6.939.233,59;27.988.171,15;;;;
PB;2501104;AREIA;22.682.435,67;1.830.494,72;9.215.848,68;0,00;11.046.343,40;33.728.779,07;;;;
PB;2501153;AREIA DE BARAUNAS;2.200.154,67;177.554,63;0,00;0,00;177.554,63;2.377.709,30;;;;
PB;2501203;AREIAL;9.999.188,01;806.944,24;4.432.027,59;0,00;5.238.971,83;15.238.159,84;;;;
PB;2501302;AROEIRAS;21.465.807,36;1.732.311,62;9.509.788,95;882.090,12;12.124.190,69;33.589.998,05;;;;
PB;2501351;ASSUNCAO;6.033.118,87;486.878,59;1.753.219,90;124.848,34;2.364.946,83;8.398.065,70;;;;
PB;2501401;BAIA DA TRAICAO;16.492.973,01;1.330.999,03;9.108.842,22;0,00;10.439.841,25;26.932.814,26;;;;
PB;2501500;BANANEIRAS;22.327.002,78;1.801.810,94;8.119.717,15;580.729,56;10.502.257,65;32.829.260,43;;;;
PB;2501534;BARAUNA;5.787.787,33;467.080,09;616.250,16;125.391,79;1.208.722,04;6.996.509,37;;;;
PB;2501609;BARRA DE SANTA ROSA;13.749.241,73;1.109.577,24;3.701.476,66;290.998,80;5.102.052,70;18.851.294,43;;;;
PB;2501575;BARRA DE SANTANA;9.335.255,66;753.364,25;3.118.228,64;359.944,36;4.231.537,25;13.566.792,91;;;;
PB;2501708;BARRA DE SAO MIGUEL;11.572.088,01;933.878,81;5.573.967,02;459.467,98;6.967.313,81;18.539.401,82;;;;
PB;2501807;BAYEUX;53.256.850,19;4.297.879,84;6.355.753,42;0,00;10.653.633,26;63.910.483,45;;;;
PB;2501906;BELEM;12.497.061,83;1.008.525,10;2.179.342,23;246.544,68;3.434.412,01;15.931.473,84;;;;
PB;2502003;BELEM DO BREJO DO CRUZ;8.985.209,65;725.115,20;2.634.518,52;0,00;3.359.633,72;12.344.843,37;;;;
PB;2502052;BERNARDINO BATISTA;10.013.444,22;808.094,73;4.278.655,86;266.326,22;5.353.076,81;15.366.521,03;;;;
PB;2502102;BOA VENTURA;4.657.129,94;375.834,94;405.999,72;0,00;781.834,66;5.438.964,60;;;;
PB;2502151;BOA VISTA;8.216.317,61;663.064,86;1.436.060,70;0,00;2.099.125,56;10.315.443,17;;;;
PB;2502201;BOM JESUS;4.222.927,77;340.794,40;0,00;0,00;340.794,40;4.563.722,17;;;;
PB;2502300;BOM SUCESSO;5.306.700,49;428.255,91;340.306,58;272.376,62;1.040.939,11;6.347.639,60;;;;
PB;2502409;BONITO DE SANTA FE;10.568.964,07;852.925,72;3.355.252,85;207.996,03;4.416.174,60;14.985.138,67;;;;
PB;2502508;BOQUEIRAO;14.011.378,55;1.130.731,94;3.169.677,10;302.483,69;4.602.892,73;18.614.271,28;;;;
PB;2502706;BORBOREMA;4.458.619,61;359.814,96;595.315,44;0,00;955.130,40;5.413.750,01;;;;
PB;2502805;BREJO DO CRUZ;20.328.921,04;1.640.563,79;10.255.503,79;1.062.442,71;12.958.510,29;33.287.431,33;;;;
PB;2502904;BREJO DOS SANTOS;5.787.578,12;467.063,21;1.236.594,42;116.841,53;1.820.499,16;7.608.077,28;;;;
PB;2503001;CAAPORA;24.061.438,84;1.941.781,62;7.443.687,93;463.743,11;9.849.212,66;33.910.651,50;;;;
PB;2503100;CABACEIRAS;8.286.537,76;668.731,69;6.853.348,99;0,00;7.522.080,68;15.808.618,44;;;;
PB;2503209;CABEDELO;47.660.854,14;3.846.277,49;0,00;2.351.322,49;6.197.599,98;53.858.454,12;;;;
PB;2503308;CACHOEIRA DOS INDIOS;8.219.732,45;663.340,44;0,00;339.655,60;1.002.996,04;9.222.728,49;;;;
PB;2503407;CACIMBA DE AREIA;3.027.002,80;244.282,08;0,00;174.483,35;418.765,43;3.445.768,23;;;;
PB;2503506;CACIMBA DE DENTRO;14.245.923,08;1.149.659,91;922.410,78;0,00;2.072.070,69;16.317.993,77;;;;
PB;2503555;CACIMBAS;12.044.644,27;972.014,56;4.377.039,82;230.929,58;5.579.983,96;17.624.628,23;;;;
PB;2503605;CAICARA;7.839.669,77;632.669,01;2.584.631,16;0,00;3.217.300,17;11.056.969,94;;;;
PB;2503704;CAJAZEIRAS;52.268.247,44;4.218.098,63;23.013.801,67;2.191.331,12;29.423.231,42;81.691.478,86;;;;
PB;2503753;CAJAZEIRINHAS;3.503.410,92;282.728,68;0,00;73.836,60;356.565,28;3.859.976,20;;;;
PB;2503803;CALDAS BRANDAO;6.982.961,61;563.531,82;459.568,97;279.695,06;1.302.795,85;8.285.757,46;;;;
PB;2503902;CAMALAU;6.888.464,85;555.905,84;1.638.026,73;0,00;2.193.932,57;9.082.397,42;;;;
PB;2504009;CAMPINA GRANDE;212.748.101,83;17.168.979,65;30.512.277,93;9.707.954,82;57.389.212,40;270.137.314,23;;;;
PB;2504033;CAPIM;8.457.103,48;682.496,51;2.999.026,46;462.293,91;4.143.816,88;12.600.920,36;;;;
PB;2504074;CARAUBAS;4.973.237,22;401.345,10;2.088.690,63;80.068,15;2.570.103,88;7.543.341,10;;;;
PB;2504108;CARRAPATEIRA;4.564.380,44;368.349,96;1.637.069,63;186.511,68;2.191.931,27;6.756.311,71;;;;
PB;2504157;CASSERENGUE;7.872.289,86;635.301,48;1.835.530,38;212.053,78;2.682.885,64;10.555.175,50;;;;
PB;2504207;CATINGUEIRA;5.275.556,89;425.742,60;1.008.865,67;127.565,59;1.562.173,86;6.837.730,75;;;;
PB;2504306;CATOLE DO ROCHA;22.300.207,69;1.799.648,54;7.369.177,55;456.968,11;9.625.794,20;31.926.001,89;;;;
PB;2504355;CATURITE;6.688.329,72;539.754,74;1.401.271,29;323.931,81;2.264.957,84;8.953.287,56;;;;
PB;2504405;CONCEICAO;17.351.967,31;1.400.320,71;7.707.488,74;0,00;9.107.809,45;26.459.776,76;;;;
PB;2504504;CONDADO;5.744.608,75;463.595,54;969.221,87;270.818,73;1.703.636,14;7.448.244,89;;;;
PB;2504603;CONDE;39.768.240,82;3.209.335,88;6.531.171,94;1.917.867,60;11.658.375,42;51.426.616,24;;;;
PB;2504702;CONGO;6.461.093,25;521.416,54;2.893.680,68;117.167,60;3.532.264,82;9.993.358,07;;;;
PB;2504801;COREMAS;11.297.778,05;911.741,73;4.094.498,30;429.397,14;5.435.637,17;16.733.415,22;;;;
PB;2504850;COXIXOLA;1.835.222,99;148.104,29;0,00;0,00;148.104,29;1.983.327,28;;;;
PB;2504900;CRUZ DO ESPIRITO SANTO;19.757.700,99;1.594.465,77;8.394.202,29;550.658,71;10.539.326,77;30.297.027,76;;;;
PB;2505006;CUBATI;11.679.045,78;942.510,40;8.143.288,67;188.431,87;9.274.230,94;20.953.276,72;;;;
PB;2505105;CUITE;15.936.392,11;1.286.082,41;6.147.253,78;684.492,08;8.117.828,27;24.054.220,38;;;;
PB;2505238;CUITE DE MAMANGUAPE;10.635.362,65;858.284,16;3.985.901,99;0,00;4.844.186,15;15.479.548,80;;;;
PB;2505204;CUITEGI;8.077.236,41;651.840,87;1.352.571,29;0,00;2.004.412,16;10.081.648,57;;;;
PB;2505279;CURRAL DE CIMA;8.559.423,03;690.753,80;5.046.502,76;0,00;5.737.256,56;14.296.679,59;;;;
PB;2505303;CURRAL VELHO;2.998.055,01;241.945,97;547.545,08;0,00;789.491,05;3.787.546,06;;;;
PB;2505352;DAMIAO;6.218.453,36;501.835,26;1.588.909,02;0,00;2.090.744,28;8.309.197,64;;;;
PB;2505402;DESTERRO;7.173.973,10;578.946,64;2.238.751,11;0,00;2.817.697,75;9.991.670,85;;;;
PB;2505600;DIAMANTE;4.213.232,50;340.011,98;965.539,80;0,00;1.305.551,78;5.518.784,28;;;;
PB;2505709;DONA INES;12.434.855,83;1.003.505,01;3.340.963,46;483.415,96;4.827.884,43;17.262.740,26;;;;
PB;2505808;DUAS ESTRADAS;4.634.528,94;374.011,01;883.508,00;98.980,17;1.356.499,18;5.991.028,12;;;;
PB;2505907;EMAS;3.684.237,38;297.321,56;600.525,99;68.873,10;966.720,65;4.650.958,03;;;;
PB;2506004;ESPERANCA;38.775.374,02;3.129.210,56;16.330.209,16;1.664.330,55;21.123.750,27;59.899.124,29;;;;
PB;2506103;FAGUNDES;10.363.356,81;836.333,02;2.612.951,75;0,00;3.449.284,77;13.812.641,58;;;;
PB;2506202;FREI MARTINHO;2.227.759,70;179.782,38;0,00;105.175,49;284.957,87;2.512.717,57;;;;
PB;2506251;GADO BRAVO;13.434.088,31;1.084.144,05;6.195.743,09;0,00;7.279.887,14;20.713.975,45;;;;
PB;2506301;GUARABIRA;36.578.898,89;2.951.952,87;9.267.691,95;1.485.064,85;13.704.709,67;50.283.608,56;;;;
PB;2506400;GURINHEM;19.113.602,45;1.542.486,39;10.531.315,04;0,00;12.073.801,43;31.187.403,88;;;;
PB;2506509;GURJAO;3.999.700,33;322.779,72;677.255,65;0,00;1.000.035,37;4.999.735,70;;;;
PB;2506608;IBIARA;4.382.608,67;353.680,80;839.524,03;88.545,95;1.281.750,78;5.664.359,45;;;;
PB;2502607;IGARACY;5.215.549,24;420.899,92;1.811.238,09;235.023,56;2.467.161,57;7.682.710,81;;;;
PB;2506707;IMACULADA;10.477.132,62;845.514,84;3.194.207,13;410.738,72;4.450.460,69;14.927.593,31;;;;
PB;2506806;INGA;18.385.625,35;1.483.737,93;4.783.587,62;726.518,80;6.993.844,35;25.379.469,70;;;;
PB;2506905;ITABAIANA;13.052.371,05;1.053.339,09;3.920.433,28;0,00;4.973.772,37;18.026.143,42;;;;
PB;2507002;ITAPORANGA;13.684.720,76;1.104.370,33;4.800.961,78;540.188,26;6.445.520,37;20.130.241,13;;;;
PB;2507101;ITAPOROROCA;24.374.083,32;1.967.012,34;11.077.823,00;907.269,92;13.952.105,26;38.326.188,58;;;;
PB;2507200;ITATUBA;10.479.211,03;845.682,57;2.200.415,32;465.409,69;3.511.507,58;13.990.718,61;;;;
PB;2507309;JACARAU;20.171.707,55;1.627.876,50;4.574.671,99;874.590,52;7.077.139,01;27.248.846,56;;;;
PB;2507408;JERICO;8.994.267,95;725.846,21;3.437.084,34;0,00;4.162.930,55;13.157.198,50;;;;
PB;2507507;JOAO PESSOA;436.751.737,62;35.246.291,89;0,00;20.267.168,08;55.513.459,97;492.265.197,59;;;;
PB;2513653;JOCA CLAUDINO;5.963.929,70;481.294,95;1.768.745,68;129.340,85;2.379.381,48;8.343.311,18;;;;
PB;2507606;JUAREZ TAVORA;8.221.193,48;663.458,34;2.701.461,03;163.360,76;3.528.280,13;11.749.473,61;;;;
PB;2507705;JUAZEIRINHO;19.535.890,09;1.576.565,41;6.123.017,26;815.028,52;8.514.611,19;28.050.501,28;;;;
PB;2507804;JUNCO DO SERIDO;6.225.059,65;502.368,40;0,00;325.272,32;827.640,72;7.052.700,37;;;;
PB;2507903;JURIPIRANGA;13.801.466,46;1.113.791,83;6.497.483,62;628.951,59;8.240.227,04;22.041.693,50;;;;
PB;2508000;JURU;10.219.051,45;824.687,43;4.368.063,29;0,00;5.192.750,72;15.411.802,17;;;;
PB;2508109;LAGOA;6.075.258,93;490.279,33;674.290,81;0,00;1.164.570,14;7.239.829,07;;;;
PB;2508208;LAGOA DE DENTRO;11.322.066,12;913.701,80;3.648.878,86;317.048,12;4.879.628,78;16.201.694,90;;;;
PB;2508307;LAGOA SECA;25.153.272,37;2.029.893,65;5.444.936,03;0,00;7.474.829,68;32.628.102,05;;;;
PB;2508406;LASTRO;4.423.378,10;356.970,93;1.544.922,54;173.034,15;2.074.927,62;6.498.305,72;;;;
PB;2508505;LIVRAMENTO;7.854.768,39;633.887,48;1.369.685,61;0,00;2.003.573,09;9.858.341,48;;;;
PB;2508554;LOGRADOURO;5.805.584,08;468.516,31;2.231.688,93;0,00;2.700.205,24;8.505.789,32;;;;
PB;2508604;LUCENA;14.917.907,71;1.203.889,72;1.030.355,52;716.048,35;2.950.293,59;17.868.201,30;;;;
PB;2508703;MAE DAGUA;3.680.280,55;297.002,24;0,00;0,00;297.002,24;3.977.282,79;;;;
PB;2508802;MALTA;6.630.380,45;535.078,18;2.449.182,43;0,00;2.984.260,61;9.614.641,06;;;;
PB;2508901;MAMANGUAPE;32.274.980,19;2.604.622,43;7.571.097,66;1.464.015,26;11.639.735,35;43.914.715,54;;;;
PB;2509008;MANAIRA;10.235.270,64;825.996,34;2.264.526,22;437.911,17;3.528.433,73;13.763.704,37;;;;
PB;2509057;MARCACAO;12.949.737,36;1.045.056,45;4.940.021,22;0,00;5.985.077,67;18.934.815,03;;;;
PB;2509107;MARI;26.787.504,76;2.161.777,80;16.543.180,38;1.165.987,86;19.870.946,04;46.658.450,80;;;;
PB;2509156;MARIZOPOLIS;9.340.898,68;753.819,65;3.141.127,14;183.504,60;4.078.451,39;13.419.350,07;;;;
PB;2509206;MASSARANDUBA;12.184.752,47;983.321,43;2.373.394,42;534.717,55;3.891.433,40;16.076.185,87;;;;
PB;2509305;MATARACA;13.131.572,13;1.059.730,70;4.815.306,46;0,00;5.875.037,16;19.006.609,29;;;;
PB;2509339;MATINHAS;5.398.624,79;435.674,29;1.141.859,84;0,00;1.577.534,13;6.976.158,92;;;;
PB;2509370;MATO GROSSO;5.916.215,82;477.444,40;4.774.549,16;191.946,17;5.443.939,73;11.360.155,55;;;;
PB;2509396;MATUREIA;7.736.824,35;624.369,28;2.545.529,60;331.721,24;3.501.620,12;11.238.444,47;;;;
PB;2509404;MOGEIRO;16.510.165,49;1.332.386,48;7.552.721,11;669.601,58;9.554.709,17;26.064.874,66;;;;
PB;2509503;MONTADAS;6.654.071,45;536.990,07;1.771.986,89;0,00;2.308.976,96;8.963.048,41;;;;
PB;2509602;MONTE HOREBE;9.172.340,81;740.216,86;538.638,65;407.985,25;1.686.840,76;10.859.181,57;;;;
PB;2509701;MONTEIRO;29.426.724,76;2.374.765,43;9.413.621,28;1.299.821,22;13.088.207,93;42.514.932,69;;;;
PB;2509800;MULUNGU;9.015.319,99;727.545,13;2.763.324,26;0,00;3.490.869,39;12.506.189,38;;;;
PB;2509909;NATUBA;12.887.646,72;1.040.045,68;6.246.731,85;0,00;7.286.777,53;20.174.424,25;;;;
PB;2510006;NAZAREZINHO;7.382.962,48;595.812,28;2.534.983,03;148.071,73;3.278.867,04;10.661.829,52;;;;
PB;2510105;NOVA FLORESTA;8.357.140,45;674.429,40;2.139.950,48;183.323,45;2.997.703,33;11.354.843,78;;;;
PB;2510204;NOVA OLINDA;7.441.896,47;600.568,32;2.470.314,49;0,00;3.070.882,81;10.512.779,28;;;;
PB;2510303;NOVA PALMEIRA;4.141.783,15;334.245,95;63.453,25;95.212,26;492.911,46;4.634.694,61;;;;
PB;2510402;OLHO DAGUA;5.788.294,43;467.121,01;816.573,73;222.669,15;1.506.363,89;7.294.658,32;;;;
PB;2510501;OLIVEDOS;4.223.417,28;340.833,90;600.574,21;0,00;941.408,11;5.164.825,39;;;;
PB;2510600;OURO VELHO;2.965.300,35;239.302,63;0,00;65.503,71;304.806,34;3.270.106,69;;;;
PB;2510659;PARARI;1.579.978,86;127.505,84;0,00;27.679,67;155.185,51;1.735.164,37;;;;
PB;2510709;PASSAGEM;2.647.778,27;213.678,29;0,00;0,00;213.678,29;2.861.456,56;;;;
PB;2510808;PATOS;63.165.280,25;5.097.499,82;17.144.377,48;2.883.938,70;25.125.816,00;88.291.096,25;;;;
PB;2510907;PAULISTA;18.361.412,82;1.481.783,95;9.520.007,39;797.601,92;11.799.393,26;30.160.806,08;;;;
PB;2511004;PEDRA BRANCA;4.297.970,78;346.850,44;846.758,71;108.363,72;1.301.972,87;5.599.943,65;;;;
PB;2511103;PEDRA LAVRADA;9.233.618,55;745.162,04;2.792.787,55;0,00;3.537.949,59;12.771.568,14;;;;
PB;2511202;PEDRAS DE FOGO;38.393.694,19;3.098.408,63;12.225.749,03;1.601.435,39;16.925.593,05;55.319.287,24;;;;
PB;2512721;PEDRO REGIS;6.517.960,79;526.005,80;1.803.121,57;120.899,28;2.450.026,65;8.967.987,44;;;;
PB;2511301;PIANCO;7.595.436,05;612.959,11;0,00;187.997,11;800.956,22;8.396.392,27;;;;
PB;2511400;PICUI;19.365.331,57;1.562.801,18;4.597.681,66;819.484,80;6.979.967,64;26.345.299,21;;;;
PB;2511509;PILAR;12.584.652,98;1.015.593,79;5.255.011,22;0,00;6.270.605,01;18.855.257,99;;;;
PB;2511608;PILOES;8.707.231,59;702.682,10;3.571.466,17;171.113,96;4.445.262,23;13.152.493,82;;;;
PB;2511707;PILOEZINHOS;6.385.674,25;515.330,15;2.284.602,82;122.819,46;2.922.752,43;9.308.426,68;;;;
PB;2511806;PIRPIRITUBA;7.064.060,59;570.076,59;0,00;150.317,98;720.394,57;7.784.455,16;;;;
PB;2511905;PITIMBU;22.498.675,92;1.815.665,12;6.578.044,56;1.015.452,49;9.409.162,17;31.907.838,09;;;;
PB;2512002;POCINHOS;22.734.746,40;1.834.716,24;12.377.769,48;0,00;14.212.485,72;36.947.232,12;;;;
PB;2512036;POCO DANTAS;9.446.346,42;762.329,38;4.530.482,76;409.180,84;5.701.992,98;15.148.339,40;;;;
PB;2512077;POCO DE JOSE DE MOURA;10.044.841,32;810.628,51;4.100.433,77;210.206,06;5.121.268,34;15.166.109,66;;;;
PB;2512101;POMBAL;29.888.708,88;2.412.048,00;9.887.991,13;1.300.328,44;13.600.367,57;43.489.076,45;;;;
PB;2512200;PRATA;4.005.094,95;323.215,07;608.675,23;0,00;931.890,30;4.936.985,25;;;;
PB;2512309;PRINCESA ISABEL;15.349.524,95;1.238.721,66;2.868.795,31;750.611,70;4.858.128,67;20.207.653,62;;;;
PB;2512408;PUXINANA;19.932.781,38;1.608.594,93;11.798.394,36;875.278,89;14.282.268,18;34.215.049,56;;;;
PB;2512507;QUEIMADAS;53.561.661,97;4.322.478,45;24.921.380,77;2.369.835,99;31.613.695,21;85.175.357,18;;;;
PB;2512606;QUIXABA;2.190.575,90;176.781,62;0,00;0,00;176.781,62;2.367.357,52;;;;
PB;2512705;REMIGIO;16.828.517,93;1.358.077,84;2.801.195,76;721.881,37;4.881.154,97;21.709.672,90;;;;
PB;2512747;RIACHAO;4.147.146,39;334.678,77;482.871,27;0,00;817.550,04;4.964.696,43;;;;
PB;2512754;RIACHAO DO BACAMARTE;8.913.263,43;719.309,07;4.034.329,33;393.710,66;5.147.349,06;14.060.612,49;;;;
PB;2512762;RIACHAO DO POCO;6.370.718,37;514.123,20;1.488.678,27;287.448,27;2.290.249,74;8.660.968,11;;;;
PB;2512788;RIACHO DE SANTO ANTONIO;2.991.594,58;241.424,60;0,00;65.503,71;306.928,31;3.298.522,89;;;;
PB;2512804;RIACHO DOS CAVALOS;12.746.097,56;1.028.622,52;5.239.732,02;299.295,46;6.567.650,00;19.313.747,56;;;;
PB;2512903;RIO TINTO;19.945.855,60;1.609.650,03;5.345.608,12;0,00;6.955.258,15;26.901.113,75;;;;
PB;2513000;SALGADINHO;3.807.489,69;307.268,14;0,00;0,00;307.268,14;4.114.757,83;;;;
PB;2513109;SALGADO DE SAO FELIX;12.713.668,21;1.026.005,44;3.062.517,11;575.331,30;4.663.853,85;17.377.522,06;;;;
PB;2513158;SANTA CECILIA;8.224.263,44;663.706,09;2.231.805,57;0,00;2.895.511,66;11.119.775,10;;;;
PB;2513208;SANTA CRUZ;4.503.398,40;363.428,65;964.984,50;93.799,29;1.422.212,44;5.925.610,84;;;;
PB;2513307;SANTA HELENA;7.039.519,96;568.096,14;1.919.032,01;163.433,22;2.650.561,37;9.690.081,33;;;;
PB;2513356;SANTA INES;2.716.963,31;219.261,59;0,00;0,00;219.261,59;2.936.224,90;;;;
PB;2513406;SANTA LUZIA;9.521.461,18;768.391,22;1.017.153,46;410.847,41;2.196.392,09;11.717.853,27;;;;
PB;2513703;SANTA RITA;82.218.896,82;6.635.145,29;19.687.914,93;0,00;26.323.060,22;108.541.957,04;;;;
PB;2513802;SANTA TERESINHA;3.961.808,60;319.721,82;0,00;185.750,85;505.472,67;4.467.281,27;;;;
PB;2513505;SANTANA DE MANGUEIRA;4.622.370,50;373.029,82;1.059.253,72;0,00;1.432.283,54;6.054.654,04;;;;
PB;2513604;SANTANA DOS GARROTES;8.166.208,48;659.021,00;2.895.875,07;362.842,75;3.917.738,82;12.083.947,30;;;;
PB;2513851;SANTO ANDRE;2.821.298,04;227.681,51;0,00;58.040,35;285.721,86;3.107.019,90;;;;
PB;2513927;SAO BENTINHO;5.136.274,24;414.502,35;1.242.260,82;0,00;1.656.763,17;6.793.037,41;;;;
PB;2513901;SAO BENTO;53.927.958,18;4.352.038,91;22.648.904,61;2.329.077,32;29.330.020,84;83.257.979,02;;;;
PB;2513968;SAO DOMINGOS;3.146.797,69;253.949,65;59.738,17;62.931,39;376.619,21;3.523.416,90;;;;
PB;2513943;SAO DOMINGOS DO CARIRI;2.938.937,81;237.175,15;295.489,62;84.451,97;617.116,74;3.556.054,55;;;;
PB;2513984;SAO FRANCISCO;4.375.723,15;353.125,13;1.495.519,60;0,00;1.848.644,73;6.224.367,88;;;;
PB;2514008;SAO JOAO DO CARIRI;5.355.920,17;432.227,99;1.181.405,23;209.735,07;1.823.368,29;7.179.288,46;;;;
PB;2500700;SAO JOAO DO RIO DO PEIXE;32.067.475,26;2.587.876,58;22.469.993,62;0,00;25.057.870,20;57.125.345,46;;;;
PB;2514107;SAO JOAO DO TIGRE;5.045.999,23;407.217,07;204.149,96;110.283,91;721.650,94;5.767.650,17;;;;
PB;2514206;SAO JOSE DA LAGOA TAPADA;9.357.389,14;755.150,44;3.820.498,62;152.564,24;4.728.213,30;14.085.602,44;;;;
PB;2514305;SAO JOSE DE CAIANA;7.200.898,23;581.119,52;4.006.360,36;128.580,02;4.716.059,90;11.916.958,13;;;;
PB;2514404;SAO JOSE DE ESPINHARAS;3.325.185,08;268.345,68;0,00;176.222,38;444.568,06;3.769.753,14;;;;
PB;2514503;SAO JOSE DE PIRANHAS;23.222.579,82;1.874.084,88;6.788.175,23;762.205,28;9.424.465,39;32.647.045,21;;;;
PB;2514552;SAO JOSE DE PRINCESA;2.588.608,63;208.903,24;0,00;0,00;208.903,24;2.797.511,87;;;;
PB;2514602;SAO JOSE DO BONFIM;3.634.206,68;293.284,03;291.006,93;72.641,01;656.931,97;4.291.138,65;;;;
PB;2514651;SAO JOSE DO BREJO DO CRUZ;4.038.431,17;325.905,34;1.035.434,82;0,00;1.361.340,16;5.399.771,33;;;;
PB;2514701;SAO JOSE DO SABUGI;4.107.887,13;331.510,50;0,00;0,00;331.510,50;4.439.397,63;;;;
PB;2514800;SAO JOSE DOS CORDEIROS;2.912.099,01;235.009,23;645.374,28;123.544,06;1.003.927,57;3.916.026,58;;;;
PB;2514453;SAO JOSE DOS RAMOS;9.540.361,33;769.916,48;5.370.089,41;0,00;6.140.005,89;15.680.367,22;;;;
PB;2514909;SAO MAMEDE;6.789.245,48;547.898,74;1.412.358,64;0,00;1.960.257,38;8.749.502,86;;;;
PB;2515005;SAO MIGUEL DE TAIPU;8.235.180,58;664.587,12;1.070.128,43;0,00;1.734.715,55;9.969.896,13;;;;
PB;2515104;SAO SEBASTIAO DE LAGOA DE ROCA;9.359.702,50;755.337,14;2.714.019,07;0,00;3.469.356,21;12.829.058,71;;;;
PB;2515203;SAO SEBASTIAO DO UMBUZEIRO;4.036.103,94;325.717,53;850.717,16;163.396,99;1.339.831,68;5.375.935,62;;;;
PB;2515401;SAO VICENTE DO SERIDO;10.412.578,17;840.305,23;3.413.690,16;0,00;4.253.995,39;14.666.573,56;;;;
PB;2515302;SAPE;40.979.690,38;3.307.101,05;12.736.575,46;0,00;16.043.676,51;57.023.366,89;;;;
PB;2515500;SERRA BRANCA;8.096.964,38;653.432,94;1.630.230,93;0,00;2.283.663,87;10.380.628,25;;;;
PB;2515609;SERRA DA RAIZ;4.594.424,24;370.774,52;1.129.196,74;73.075,77;1.573.047,03;6.167.471,27;;;;
PB;2515708;SERRA GRANDE;3.811.114,83;307.560,69;493.243,75;0,00;800.804,44;4.611.919,27;;;;
PB;2515807;SERRA REDONDA;5.323.557,76;429.616,31;1.916.040,60;89.777,77;2.435.434,68;7.758.992,44;;;;
PB;2515906;SERRARIA;4.605.913,64;371.701,73;1.703.893,14;0,00;2.075.594,87;6.681.508,51;;;;
PB;2515930;SERTAOZINHO;7.449.146,67;601.153,41;3.269.977,17;0,00;3.871.130,58;11.320.277,25;;;;
PB;2515971;SOBRADO;10.636.216,49;858.353,06;3.527.538,74;498.487,61;4.884.379,41;15.520.595,90;;;;
PB;2516003;SOLANEA;21.354.472,48;1.723.326,79;7.477.009,59;359.002,38;9.559.338,76;30.913.811,24;;;;
PB;2516102;SOLEDADE;15.176.486,51;1.224.757,29;4.391.509,62;664.167,09;6.280.434,00;21.456.920,51;;;;
PB;2516151;SOSSEGO;4.729.003,23;381.635,18;754.667,14;0,00;1.136.302,32;5.865.305,55;;;;
PB;2516201;SOUSA;32.189.353,40;2.597.712,27;6.514.275,13;1.498.759,77;10.610.747,17;42.800.100,57;;;;
PB;2516300;SUME;13.932.949,99;1.124.402,67;3.136.026,05;627.103,87;4.887.532,59;18.820.482,58;;;;
PB;2516409;TACIMA;8.853.444,61;714.481,63;1.877.786,74;0,00;2.592.268,37;11.445.712,98;;;;
PB;2516508;TAPEROA;12.409.996,34;1.001.498,83;4.034.660,43;535.949,36;5.572.108,62;17.982.104,96;;;;
PB;2516607;TAVARES;13.193.180,06;1.064.702,52;2.227.019,05;0,00;3.291.721,57;16.484.901,63;;;;
PB;2516706;TEIXEIRA;16.038.282,22;1.294.305,04;5.719.945,43;592.939,04;7.607.189,51;23.645.471,73;;;;
PB;2516755;TENORIO;3.804.370,70;307.016,43;388.789,67;0,00;695.806,10;4.500.176,80;;;;
PB;2516805;TRIUNFO;14.315.718,20;1.155.292,44;8.972.413,98;313.280,21;10.440.986,63;24.756.704,83;;;;
PB;2516904;UIRAUNA;18.751.867,62;1.513.294,04;9.846.803,19;0,00;11.360.097,23;30.111.964,85;;;;
PB;2517001;UMBUZEIRO;16.978.975,67;1.370.219,92;13.101.062,87;307.773,26;14.779.056,05;31.758.031,72;;;;
PB;2517100;VARZEA;2.420.363,21;195.325,68;0,00;51.917,49;247.243,17;2.667.606,38;;;;
PB;2517209;VIEIROPOLIS;4.091.069,05;330.153,27;13.552,23;0,00;343.705,50;4.434.774,55;;;;
PB;2505501;VISTA SERRANA;4.623.798,63;373.145,07;1.344.628,40;0,00;1.717.773,47;6.341.572,10;;;;
PB;2517407;ZABELE;3.098.424,54;250.045,89;128.359,84;137.275,21;515.680,94;3.614.105,48;;;;
PE;2600054;ABREU E LIMA;35.623.245,82;4.282.171,66;2.642.950,02;1.725.377,98;8.650.499,66;44.273.745,48;;;;
PE;2600104;AFOGADOS DA INGAZEIRA;36.886.122,64;4.433.978,58;11.403.670,81;1.644.222,94;17.481.872,33;54.367.994,97;;;;
PE;2600203;AFRANIO;15.329.769,95;1.842.749,16;631.859,38;735.938,58;3.210.547,12;18.540.317,07;;;;
PE;2600302;AGRESTINA;20.880.971,52;2.510.043,72;5.139.355,63;479.503,13;8.128.902,48;29.009.874,00;;;;
PE;2600401;AGUA PRETA;21.786.399,20;2.618.882,67;4.247.786,15;1.013.822,15;7.880.490,97;29.666.890,17;;;;
PE;2600500;AGUAS BELAS;37.403.711,83;4.496.196,54;6.571.113,97;0,00;11.067.310,51;48.471.022,34;;;;
PE;2600609;ALAGOINHA;13.507.627,30;1.623.714,44;2.163.358,48;291.723,40;4.078.796,32;17.586.423,62;;;;
PE;2600708;ALIANCA;29.347.397,90;3.527.769,37;6.729.388,51;0,00;10.257.157,88;39.604.555,78;;;;
PE;2600807;ALTINHO;12.603.789,29;1.515.066,58;2.819.919,79;567.179,56;4.902.165,93;17.505.955,22;;;;
PE;2600906;AMARAJI;15.674.254,74;1.884.158,72;1.882.171,11;0,00;3.766.329,83;19.440.584,57;;;;
PE;2601003;ANGELIM;10.222.297,56;1.228.794,06;1.072.428,95;225.893,62;2.527.116,63;12.749.414,19;;;;
PE;2601052;ARACOIABA;20.452.610,50;2.458.551,63;5.259.179,91;1.070.304,61;8.788.036,15;29.240.646,65;;;;
PE;2601102;ARARIPINA;69.590.471,65;8.365.277,75;25.410.265,88;1.471.116,33;35.246.659,96;104.837.131,61;;;;
PE;2601201;ARCOVERDE;41.404.994,63;4.977.179,66;11.712.385,21;1.008.242,74;17.697.807,61;59.102.802,24;;;;
PE;2601300;BARRA DE GUABIRABA;10.852.533,52;1.304.552,98;2.455.320,72;528.304,85;4.288.178,55;15.140.712,07;;;;
PE;2601409;BARREIROS;37.665.329,95;4.527.644,93;9.016.758,00;796.007,80;14.340.410,73;52.005.740,68;;;;
PE;2601508;BELEM DE MARIA;11.864.893,99;1.426.246,03;3.500.644,46;504.139,48;5.431.029,97;17.295.923,96;;;;
PE;2601607;BELEM DO SAO FRANCISCO;14.203.267,03;1.707.335,37;4.295.414,58;306.215,37;6.308.965,32;20.512.232,35;;;;
PE;2601706;BELO JARDIM;57.397.499,82;6.899.594,39;19.384.780,55;1.221.600,80;27.505.975,74;84.903.475,56;;;;
PE;2601805;BETANIA;13.787.762,39;1.657.388,71;4.640.818,37;270.021,67;6.568.228,75;20.355.991,14;;;;
PE;2601904;BEZERROS;36.104.557,26;4.340.028,77;8.946.850,04;1.544.771,78;14.831.650,59;50.936.207,85;;;;
PE;2602001;BODOCO;31.384.491,86;3.772.642,79;10.266.088,74;0,00;14.038.731,53;45.423.223,39;;;;
PE;2602100;BOM CONSELHO;37.871.342,46;4.552.409,13;6.539.880,00;0,00;11.092.289,13;48.963.631,59;;;;
PE;2602209;BOM JARDIM;30.259.784,96;3.637.444,89;6.937.862,37;0,00;10.575.307,26;40.835.092,22;;;;
PE;2602308;BONITO;32.876.097,20;3.951.944,54;10.272.873,40;0,00;14.224.817,94;47.100.915,14;;;;
PE;2602407;BREJAO;12.047.819,72;1.448.235,02;2.922.647,70;265.311,78;4.636.194,50;16.684.014,22;;;;
PE;2602506;BREJINHO;8.744.922,00;1.051.202,84;2.719.826,36;0,00;3.771.029,20;12.515.951,20;;;;
PE;2602605;BREJO DA MADRE DE DEUS;45.101.148,66;5.421.484,09;15.909.933,55;0,00;21.331.417,64;66.432.566,30;;;;
PE;2602704;BUENOS AIRES;11.587.034,99;1.392.845,37;2.285.179,60;0,00;3.678.024,97;15.265.059,96;;;;
PE;2602803;BUIQUE;48.967.481,43;5.886.245,24;15.304.668,13;0,00;21.190.913,37;70.158.394,80;;;;
PE;2602902;CABO DE SANTO AGOSTINHO;168.162.466,40;20.214.344,07;0,00;0,00;20.214.344,07;188.376.810,47;;;;
PE;2603009;CABROBO;28.178.603,11;3.387.271,79;11.836.639,95;538.376,77;15.762.288,51;43.940.891,62;;;;
PE;2603108;CACHOEIRINHA;12.409.695,32;1.491.735,09;3.105.462,58;0,00;4.597.197,67;17.006.892,99;;;;
PE;2603207;CAETES;28.134.406,83;3.381.959,08;7.389.881,51;1.376.809,82;12.148.650,41;40.283.057,24;;;;
PE;2603306;CALCADO;10.285.854,09;1.236.434,02;2.250.781,08;474.213,56;3.961.428,66;14.247.282,75;;;;
PE;2603405;CALUMBI;6.993.746,26;840.698,86;1.850.375,58;0,00;2.691.074,44;9.684.820,70;;;;
PE;2603454;CAMARAGIBE;54.087.835,90;6.501.748,86;0,00;0,00;6.501.748,86;60.589.584,76;;;;
PE;2603504;CAMOCIM DE SAO FELIX;13.824.892,41;1.661.852,01;3.450.401,75;291.759,63;5.404.013,39;19.228.905,80;;;;
PE;2603603;CAMUTANGA;6.694.230,29;804.694,87;710.319,90;0,00;1.515.014,77;8.209.245,06;;;;
PE;2603702;CANHOTINHO;23.227.236,30;2.792.081,71;6.139.861,35;0,00;8.931.943,06;32.159.179,36;;;;
PE;2603801;CAPOEIRAS;19.016.594,25;2.285.932,09;7.842.063,45;393.674,43;10.521.669,97;29.538.264,22;;;;
PE;2603900;CARNAIBA;22.440.336,65;2.697.490,68;9.211.923,76;1.014.075,76;12.923.490,20;35.363.826,85;;;;
PE;2603926;CARNAUBEIRA DA PENHA;9.110.523,19;1.095.150,74;1.711.688,26;0,00;2.806.839,00;11.917.362,19;;;;
PE;2604007;CARPINA;44.825.180,96;5.388.310,78;6.617.893,67;2.319.476,39;14.325.680,84;59.150.861,80;;;;
PE;2604106;CARUARU;273.290.644,13;32.851.510,98;72.221.259,46;0,00;105.072.770,44;378.363.414,57;;;;
PE;2604155;CASINHAS;15.301.921,22;1.839.401,54;6.204.253,97;0,00;8.043.655,51;23.345.576,73;;;;
PE;2604205;CATENDE;24.663.733,29;2.964.759,03;6.570.316,38;514.718,62;10.049.794,03;34.713.527,32;;;;
PE;2604304;CEDRO;9.407.753,78;1.130.880,01;1.803.004,16;0,00;2.933.884,17;12.341.637,95;;;;
PE;2604403;CHA DE ALEGRIA;11.670.443,75;1.402.871,70;1.357.914,39;268.500,02;3.029.286,11;14.699.729,86;;;;
PE;2604502;CHA GRANDE;28.102.477,73;3.378.120,97;12.132.979,77;0,00;15.511.100,74;43.613.578,47;;;;
PE;2604601;CONDADO;20.868.840,95;2.508.585,54;6.436.904,77;627.103,87;9.572.594,18;30.441.435,13;;;;
PE;2604700;CORRENTES;15.173.309,21;1.823.941,45;2.679.288,47;350.307,20;4.853.537,12;20.026.846,33;;;;
PE;2604809;CORTES;12.036.815,34;1.446.912,22;426.568,07;281.615,25;2.155.095,54;14.191.910,88;;;;
PE;2604908;CUMARU;16.888.574,72;2.030.128,77;7.987.294,06;0,00;10.017.422,83;26.905.997,55;;;;
PE;2605004;CUPIRA;26.613.544,57;3.199.140,44;13.090.117,33;1.317.428,97;17.606.686,74;44.220.231,31;;;;
PE;2605103;CUSTODIA;42.451.712,50;5.103.002,72;0,00;2.085.720,87;7.188.723,59;49.640.436,09;;;;
PE;2605152;DORMENTES;16.636.630,05;1.999.843,19;3.343.706,24;365.849,84;5.709.399,27;22.346.029,32;;;;
PE;2605202;ESCADA;37.827.732,66;4.547.166,91;7.893.416,35;0,00;12.440.583,26;50.268.315,92;;;;
PE;2605301;EXU;29.040.341,30;3.490.858,95;9.689.304,03;597.721,39;13.777.884,37;42.818.225,67;;;;
PE;2605400;FEIRA NOVA;17.768.741,63;2.135.931,19;4.507.314,30;375.414,54;7.018.660,03;24.787.401,66;;;;
PE;2605509;FERREIROS;8.754.838,62;1.052.394,89;1.628.551,99;0,00;2.680.946,88;11.435.785,50;;;;
PE;2605608;FLORES;15.565.270,68;1.871.058,05;1.808.303,18;351.828,86;4.031.190,09;19.596.460,77;;;;
PE;2605707;FLORESTA;27.122.567,32;3.260.328,66;7.875.174,50;596.018,59;11.731.521,75;38.854.089,07;;;;
PE;2605806;FREI MIGUELINHO;11.783.119,66;1.416.416,16;2.469.010,58;0,00;3.885.426,74;15.668.546,40;;;;
PE;2605905;GAMELEIRA;18.449.822,07;2.217.801,98;4.549.912,00;417.513,72;7.185.227,70;25.635.049,77;;;;
PE;2606002;GARANHUNS;98.946.810,25;11.894.121,86;27.301.287,22;5.381.122,90;44.576.531,98;143.523.342,23;;;;
PE;2606101;GLORIA DO GOITA;23.262.823,01;2.796.359,49;6.404.706,73;0,00;9.201.066,22;32.463.889,23;;;;
PE;2606200;GOIANA;64.078.144,42;7.702.656,17;0,00;3.117.368,15;10.820.024,32;74.898.168,74;;;;
PE;2606309;GRANITO;7.775.379,78;934.656,86;800.628,22;0,00;1.735.285,08;9.510.664,86;;;;
PE;2606408;GRAVATA;48.303.965,90;5.806.485,88;0,00;2.036.484,40;7.842.970,28;56.146.936,18;;;;
PE;2606507;IATI;18.748.888,53;2.253.751,93;4.219.066,13;0,00;6.472.818,06;25.221.706,59;;;;
PE;2606606;IBIMIRIM;19.567.331,05;2.352.134,64;5.887.888,27;0,00;8.240.022,91;27.807.353,96;;;;
PE;2606705;IBIRAJUBA;7.272.873,07;874.251,92;771.936,60;0,00;1.646.188,52;8.919.061,59;;;;
PE;2606804;IGARASSU;80.809.967,90;9.713.942,30;21.155.559,00;3.912.144,13;34.781.645,43;115.591.613,33;;;;
PE;2606903;IGUARACY;10.914.354,55;1.311.984,31;1.921.079,20;503.414,89;3.736.478,40;14.650.832,95;;;;
PE;2607604;ILHA DE ITAMARACA;10.757.520,44;1.293.131,72;806.593,39;294.947,86;2.394.672,97;13.152.193,41;;;;
PE;2607000;INAJA;20.530.453,65;2.467.908,94;8.196.300,45;450.374,27;11.114.583,66;31.645.037,31;;;;
PE;2607109;INGAZEIRA;5.283.823,35;635.153,76;503.638,85;232.197,63;1.370.990,24;6.654.813,59;;;;
PE;2607208;IPOJUCA;112.457.865,31;13.518.248,34;0,00;6.087.751,46;19.605.999,80;132.063.865,11;;;;
PE;2607307;IPUBI;34.655.947,34;4.165.895,39;14.694.284,92;1.686.032,28;20.546.212,59;55.202.159,93;;;;
PE;2607406;ITACURUBA;4.994.172,27;600.335,61;0,00;0,00;600.335,61;5.594.507,88;;;;
PE;2607505;ITAIBA;25.082.668,31;3.015.118,05;2.832.418,86;553.049,89;6.400.586,80;31.483.255,11;;;;
PE;2607653;ITAMBE;24.697.112,54;2.968.771,46;4.306.371,77;1.310.762,66;8.585.905,89;33.283.018,43;;;;
PE;2607703;ITAPETIM;12.793.289,43;1.537.845,87;2.660.838,54;641.161,08;4.839.845,49;17.633.134,92;;;;
PE;2607752;ITAPISSUMA;21.148.096,34;2.542.154,05;0,00;1.156.531,84;3.698.685,89;24.846.782,23;;;;
PE;2607802;ITAQUITINGA;11.300.321,02;1.358.380,27;626.449,37;532.326,37;2.517.156,01;13.817.477,03;;;;
PE;2607901;JABOATAO DOS GUARARAPES;337.830.462,58;40.609.663,70;0,00;16.811.013,85;57.420.677,55;395.251.140,13;;;;
PE;2607950;JAQUEIRA;11.701.639,18;1.406.621,62;1.861.436,21;0,00;3.268.057,83;14.969.697,01;;;;
PE;2608008;JATAUBA;19.016.110,64;2.285.873,96;6.211.741,09;844.193,61;9.341.808,66;28.357.919,30;;;;
PE;2608057;JATOBA;8.818.298,26;1.060.023,20;0,00;0,00;1.060.023,20;9.878.321,46;;;;
PE;2608107;JOAO ALFREDO;23.829.175,77;2.864.439,18;5.798.902,10;1.079.978,00;9.743.319,28;33.572.495,05;;;;
PE;2608206;JOAQUIM NABUCO;11.394.785,15;1.369.735,54;0,00;292.520,46;1.662.256,00;13.057.041,15;;;;
PE;2608255;JUCATI;14.347.547,50;1.724.678,93;4.357.411,58;0,00;6.082.090,51;20.429.638,01;;;;
PE;2608305;JUPI;20.685.803,96;2.486.583,17;9.120.408,44;0,00;11.606.991,61;32.292.795,57;;;;
PE;2608404;JUREMA;16.009.873,69;1.924.502,55;6.896.926,62;0,00;8.821.429,17;24.831.302,86;;;;
PE;2608503;LAGOA DE ITAENGA;14.826.458,61;1.782.247,50;2.578.202,55;323.641,97;4.684.092,02;19.510.550,63;;;;
PE;2608453;LAGOA DO CARRO;14.969.524,66;1.799.445,07;5.016.062,23;0,00;6.815.507,30;21.785.031,96;;;;
PE;2608602;LAGOA DO OURO;13.439.897,80;1.615.572,87;1.627.480,98;0,00;3.243.053,85;16.682.951,65;;;;
PE;2608701;LAGOA DOS GATOS;14.114.024,93;1.696.607,82;2.830.249,53;0,00;4.526.857,35;18.640.882,28;;;;
PE;2608750;LAGOA GRANDE;28.591.551,62;3.436.911,19;14.890.405,11;0,00;18.327.316,30;46.918.867,92;;;;
PE;2608800;LAJEDO;43.374.131,39;5.213.884,13;9.049.782,78;1.088.564,49;15.352.231,40;58.726.362,79;;;;
PE;2608909;LIMOEIRO;33.316.511,04;4.004.885,46;6.728.787,98;704.527,23;11.438.200,67;44.754.711,71;;;;
PE;2609006;MACAPARANA;21.313.865,75;2.562.080,74;7.108.266,04;965.781,26;10.636.128,04;31.949.993,79;;;;
PE;2609105;MACHADOS;11.344.702,23;1.363.715,22;3.117.411,99;532.688,67;5.013.815,88;16.358.518,11;;;;
PE;2609154;MANARI;21.028.242,82;2.527.746,80;5.020.833,05;472.619,44;8.021.199,29;29.049.442,11;;;;
PE;2609204;MARAIAL;11.301.619,04;1.358.536,30;4.469.311,69;221.944,55;6.049.792,54;17.351.411,58;;;;
PE;2609303;MIRANDIBA;14.541.273,45;1.747.966,18;7.106.341,10;295.237,70;9.149.544,98;23.690.818,43;;;;
PE;2614303;MOREILANDIA;9.199.345,22;1.105.827,79;1.566.905,15;200.496,44;2.873.229,38;12.072.574,60;;;;
PE;2609402;MORENO;31.989.438,49;3.845.361,75;0,00;773.400,33;4.618.762,08;36.608.200,57;;;;
PE;2609501;NAZARE DA MATA;14.856.434,46;1.785.850,82;2.643.289,15;329.040,23;4.758.180,20;19.614.614,66;;;;
PE;2609600;OLINDA;137.019.982,72;16.470.792,41;0,00;7.452.677,87;23.923.470,28;160.943.453,00;;;;
PE;2609709;OROBO;23.404.050,32;2.813.336,03;6.205.319,74;0,00;9.018.655,77;32.422.706,09;;;;
PE;2609808;OROCO;16.586.823,49;1.993.856,08;7.178.265,81;710.722,55;9.882.844,44;26.469.667,93;;;;
PE;2609907;OURICURI;49.937.069,27;6.002.796,71;7.835.561,68;0,00;13.838.358,39;63.775.427,66;;;;
PE;2610004;PALMARES;39.406.439,23;4.736.938,86;9.983.310,29;1.806.279,42;16.526.528,57;55.932.967,80;;;;
PE;2610103;PALMEIRINA;6.799.451,71;817.343,25;375.503,25;150.644,05;1.343.490,55;8.142.942,26;;;;
PE;2610202;PANELAS;33.944.474,12;4.080.371,17;7.324.454,94;827.238,00;12.232.064,11;46.176.538,23;;;;
PE;2610301;PARANATAMA;14.315.533,55;1.720.830,62;1.549.919,18;0,00;3.270.749,80;17.586.283,35;;;;
PE;2610400;PARNAMIRIM;17.324.553,74;2.082.536,60;4.097.228,63;0,00;6.179.765,23;23.504.318,97;;;;
PE;2610509;PASSIRA;21.817.765,20;2.622.653,09;4.172.765,60;489.756,20;7.285.174,89;29.102.940,09;;;;
PE;2610608;PAUDALHO;46.323.596,33;5.568.431,14;14.628.431,72;0,00;20.196.862,86;66.520.459,19;;;;
PE;2610707;PAULISTA;111.324.183,07;13.381.971,54;0,00;5.873.994,87;19.255.966,41;130.580.149,48;;;;
PE;2610806;PEDRA;16.178.741,14;1.944.801,64;1.900.716,25;0,00;3.845.517,89;20.024.259,03;;;;
PE;2610905;PESQUEIRA;53.889.459,83;6.477.902,62;14.720.307,84;2.609.605,67;23.807.816,13;77.697.275,96;;;;
PE;2611002;PETROLANDIA;34.970.185,23;4.203.669,05;8.110.646,43;0,00;12.314.315,48;47.284.500,71;;;;
PE;2611101;PETROLINA;323.508.858,45;38.888.103,36;109.293.880,78;13.333.411,51;161.515.395,65;485.024.254,10;;;;
PE;2611200;POCAO;10.887.622,61;1.308.770,94;1.310.207,58;238.356,71;2.857.335,23;13.744.957,84;;;;
PE;2611309;POMBOS;20.475.626,71;2.461.318,35;2.968.391,88;0,00;5.429.710,23;25.905.336,94;;;;
PE;2611408;PRIMAVERA;9.809.963,45;1.179.228,52;1.246.699,12;204.735,34;2.630.662,98;12.440.626,43;;;;
PE;2611507;QUIPAPA;18.005.150,79;2.164.349,28;1.002.383,60;425.592,99;3.592.325,87;21.597.476,66;;;;
PE;2611533;QUIXABA;10.553.912,18;1.268.656,54;2.013.510,95;0,00;3.282.167,49;13.836.079,67;;;;
PE;2611606;RECIFE;524.328.509,05;63.028.077,03;0,00;26.291.263,56;89.319.340,59;613.647.849,64;;;;
PE;2611705;RIACHO DAS ALMAS;22.209.232,97;2.669.710,35;9.716.473,58;0,00;12.386.183,93;34.595.416,90;;;;
PE;2611804;RIBEIRAO;25.471.470,84;3.061.854,92;3.240.102,87;0,00;6.301.957,79;31.773.428,63;;;;
PE;2611903;RIO FORMOSO;25.328.551,12;3.044.674,94;5.433.703,83;1.187.182,36;9.665.561,13;34.994.112,25;;;;
PE;2612000;SAIRE;8.188.370,96;984.301,38;987.008,12;191.330,26;2.162.639,76;10.351.010,72;;;;
PE;2612109;SALGADINHO;5.804.700,31;697.766,94;785.284,38;0,00;1.483.051,32;7.287.751,63;;;;
PE;2612208;SALGUEIRO;45.899.024,39;5.517.394,52;14.961.448,21;987.881,52;21.466.724,25;67.365.748,64;;;;
PE;2612307;SALOA;15.260.310,32;1.834.399,61;2.849.621,79;384.073,49;5.068.094,89;20.328.405,21;;;;
PE;2612406;SANHARO;17.576.356,98;2.112.805,16;4.559.733,44;0,00;6.672.538,60;24.248.895,58;;;;
PE;2612455;SANTA CRUZ;17.811.421,17;2.141.061,58;9.474.425,30;434.867,86;12.050.354,74;29.861.775,91;;;;
PE;2612471;SANTA CRUZ DA BAIXA VERDE;11.047.837,44;1.328.029,92;3.568.176,26;232.596,15;5.128.802,33;16.176.639,77;;;;
PE;2612505;SANTA CRUZ DO CAPIBARIBE;77.492.283,80;9.315.132,69;32.514.977,21;1.822.184,36;43.652.294,26;121.144.578,06;;;;
PE;2612554;SANTA FILOMENA;13.072.867,99;1.571.453,23;2.114.097,50;573.918,33;4.259.469,06;17.332.337,05;;;;
PE;2612604;SANTA MARIA DA BOA VISTA;44.739.606,60;5.378.024,12;9.461.372,46;2.107.350,14;16.946.746,72;61.686.353,32;;;;
PE;2612703;SANTA MARIA DO CAMBUCA;11.961.160,63;1.437.817,97;1.518.041,40;0,00;2.955.859,37;14.917.020,00;;;;
PE;2612802;SANTA TEREZINHA;9.860.390,14;1.185.290,17;1.491.186,58;225.929,85;2.902.406,60;12.762.796,74;;;;
PE;2612901;SAO BENEDITO DO SUL;10.984.620,91;1.320.430,84;969.101,49;437.259,03;2.726.791,36;13.711.412,27;;;;
PE;2613008;SAO BENTO DO UNA;48.748.868,50;5.859.966,39;14.240.922,88;2.138.000,66;22.238.889,93;70.987.758,43;;;;
PE;2613107;SAO CAITANO;28.139.184,28;3.382.533,36;7.404.125,01;607.286,10;11.393.944,47;39.533.128,75;;;;
PE;2613206;SAO JOAO;23.658.226,66;2.843.889,87;6.173.189,52;1.136.388,00;10.153.467,39;33.811.694,05;;;;
PE;2613305;SAO JOAQUIM DO MONTE;18.588.448,17;2.234.465,84;4.086.726,58;411.282,17;6.732.474,59;25.320.922,76;;;;
PE;2613404;SAO JOSE DA COROA GRANDE;20.695.777,17;2.487.782,02;6.316.058,84;950.890,76;9.754.731,62;30.450.508,79;;;;
PE;2613503;SAO JOSE DO BELMONTE;28.558.394,59;3.432.925,47;8.641.785,23;600.728,48;12.675.439,18;41.233.833,77;;;;
PE;2613602;SAO JOSE DO EGITO;24.325.975,88;2.924.158,15;5.731.647,79;0,00;8.655.805,94;32.981.781,82;;;;
PE;2613701;SAO LOURENCO DA MATA;64.762.961,85;7.784.976,17;10.008.280,05;1.576.581,66;19.369.837,88;84.132.799,73;;;;
PE;2613800;SAO VICENTE FERRER;14.443.395,82;1.736.200,59;3.113.946,85;0,00;4.850.147,44;19.293.543,26;;;;
PE;2613909;SERRA TALHADA;68.714.527,05;8.259.982,87;19.347.051,00;3.321.632,49;30.928.666,36;99.643.193,41;;;;
PE;2614006;SERRITA;20.896.537,95;2.511.914,92;6.623.724,57;453.127,74;9.588.767,23;30.485.305,18;;;;
PE;2614105;SERTANIA;24.146.597,32;2.902.595,55;3.663.796,57;1.162.582,24;7.728.974,36;31.875.571,68;;;;
PE;2614204;SIRINHAEM;36.990.822,92;4.446.564,31;13.705.504,30;747.351,01;18.899.419,62;55.890.242,54;;;;
PE;2614402;SOLIDAO;7.167.899,16;861.633,29;1.984.652,57;0,00;2.846.285,86;10.014.185,02;;;;
PE;2614501;SURUBIM;34.126.004,12;4.102.192,38;2.695.818,26;781.479,60;7.579.490,24;41.705.494,36;;;;
PE;2614600;TABIRA;24.890.668,71;2.992.038,31;10.099.219,50;1.064.435,36;14.155.693,17;39.046.361,88;;;;
PE;2614709;TACAIMBO;10.031.125,40;1.205.813,79;2.797.372,01;228.393,48;4.231.579,28;14.262.704,68;;;;
PE;2614808;TACARATU;19.145.839,90;2.301.468,36;2.789.390,99;401.572,55;5.492.431,90;24.638.271,80;;;;
PE;2614857;TAMANDARE;22.990.265,09;2.763.596,06;0,00;501.929,46;3.265.525,52;26.255.790,61;;;;
PE;2615003;TAQUARITINGA DO NORTE;21.424.318,99;2.575.358,01;6.189.120,79;0,00;8.764.478,80;30.188.797,79;;;;
PE;2615102;TEREZINHA;8.261.953,41;993.146,52;3.206.819,42;0,00;4.199.965,94;12.461.919,35;;;;
PE;2615201;TERRA NOVA;8.798.055,83;1.057.589,91;1.059.182,68;227.451,50;2.344.224,09;11.142.279,92;;;;
PE;2615300;TIMBAUBA;32.600.182,30;3.918.777,57;4.412.315,70;1.503.687,04;9.834.780,31;42.434.962,61;;;;
PE;2615409;TORITAMA;41.518.957,51;4.990.878,82;14.948.865,52;0,00;19.939.744,34;61.458.701,85;;;;
PE;2615508;TRACUNHAEM;9.503.186,24;1.142.351,68;1.145.906,52;0,00;2.288.258,20;11.791.444,44;;;;
PE;2615607;TRINDADE;28.732.000,91;3.453.794,21;9.532.525,49;636.487,42;13.622.807,12;42.354.808,03;;;;
PE;2615706;TRIUNFO;14.641.584,58;1.760.024,31;5.088.177,31;309.005,08;7.157.206,70;21.798.791,28;;;;
PE;2615805;TUPANATINGA;26.138.560,89;3.142.043,97;8.699.033,34;0,00;11.841.077,31;37.979.638,20;;;;
PE;2615904;TUPARETAMA;7.500.244,74;901.583,64;596.253,90;0,00;1.497.837,54;8.998.082,28;;;;
PE;2616001;VENTUROSA;13.614.699,59;1.636.585,31;447.020,49;0,00;2.083.605,80;15.698.305,39;;;;
PE;2616100;VERDEJANTE;10.117.970,43;1.216.253,19;2.508.071,79;214.082,66;3.938.407,64;14.056.378,07;;;;
PE;2616183;VERTENTE DO LERIO;9.186.488,12;1.104.282,28;2.972.463,61;394.072,95;4.470.818,84;13.657.306,96;;;;
PE;2616209;VERTENTES;17.258.529,43;2.074.600,00;4.958.267,57;0,00;7.032.867,57;24.291.397,00;;;;
PE;2616308;VICENCIA;25.357.341,16;3.048.135,71;4.702.809,82;0,00;7.750.945,53;33.108.286,69;;;;
PE;2616407;VITORIA DE SANTO ANTAO;81.375.103,04;9.781.875,63;3.976.677,96;1.769.397,35;15.527.950,94;96.903.053,98;;;;
PE;2616506;XEXEU;17.714.750,54;2.129.441,07;4.518.223,51;0,00;6.647.664,58;24.362.415,12;;;;
PI;2200053;ACAUA;5.922.253,43;2.036.243,51;3.573.911,91;0,00;5.610.155,42;11.532.408,85;;;;
PI;2200103;AGRICOLANDIA;5.294.839,05;1.820.520,14;4.002.630,75;0,00;5.823.150,89;11.117.989,94;;;;
PI;2200202;AGUA BRANCA;16.621.158,35;5.714.839,15;11.449.241,46;733.148,88;17.897.229,49;34.518.387,84;;;;
PI;2200251;ALAGOINHA DO PIAUI;3.692.128,20;1.269.461,39;9.360,69;0,00;1.278.822,08;4.970.950,28;;;;
PI;2200277;ALEGRETE DO PIAUI;4.920.933,30;1.691.960,43;2.112.963,73;0,00;3.804.924,16;8.725.857,46;;;;
PI;2200301;ALTO LONGA;9.274.234,74;3.188.752,47;2.194.738,64;0,00;5.383.491,11;14.657.725,85;;;;
PI;2200400;ALTOS;44.409.090,91;15.269.141,04;26.103.117,93;2.170.209,07;43.542.468,04;87.951.558,95;;;;
PI;2200459;ALVORADA DO GURGUEIA;5.977.770,99;2.055.332,06;1.507.079,99;161.476,80;3.723.888,85;9.701.659,84;;;;
PI;2200509;AMARANTE;19.471.701,68;6.694.939,10;6.234.542,86;0,00;12.929.481,96;32.401.183,64;;;;
PI;2200608;ANGICAL DO PIAUI;5.188.251,15;1.783.872,11;1.352.740,83;139.449,00;3.276.061,94;8.464.313,09;;;;
PI;2200707;ANISIO DE ABREU;10.681.924,84;3.672.757,39;7.719.089,93;0,00;11.391.847,32;22.073.772,16;;;;
PI;2200806;ANTONIO ALMEIDA;3.641.043,45;1.251.896,96;1.567.129,85;193.757,67;3.012.784,48;6.653.827,93;;;;
PI;2200905;AROAZES;5.371.946,12;1.847.031,80;2.738.907,53;138.869,32;4.724.808,65;10.096.754,77;;;;
PI;2200954;AROEIRAS DO ITAIM;3.706.182,79;1.274.293,77;1.423.971,13;0,00;2.698.264,90;6.404.447,69;;;;
PI;2201002;ARRAIAL;5.902.609,67;2.029.489,41;4.201.209,50;0,00;6.230.698,91;12.133.308,58;;;;
PI;2201051;ASSUNCAO DO PIAUI;11.096.231,19;3.815.208,01;4.930.942,30;566.599,88;9.312.750,19;20.408.981,38;;;;
PI;2201101;AVELINO LOPES;10.864.177,04;3.735.421,02;7.480.064,92;0,00;11.215.485,94;22.079.662,98;;;;
PI;2201150;BAIXA GRANDE DO RIBEIRO;19.170.930,93;6.591.525,35;11.083.180,82;958.245,43;18.632.951,60;37.803.882,53;;;;
PI;2201176;BARRA DALCANTARA;3.504.679,63;1.205.011,10;539.000,16;0,00;1.744.011,26;5.248.690,89;;;;
PI;2201200;BARRAS;58.947.842,13;20.267.987,86;38.905.670,15;0,00;59.173.658,01;118.121.500,14;;;;
PI;2201309;BARREIRAS DO PIAUI;3.094.755,64;1.064.067,28;1.666.394,85;0,00;2.730.462,13;5.825.217,77;;;;
PI;2201408;BARRO DURO;5.539.869,64;1.904.768,80;2.216.971,57;0,00;4.121.740,37;9.661.610,01;;;;
PI;2201507;BATALHA;23.384.723,97;8.040.350,33;6.761.088,36;0,00;14.801.438,69;38.186.162,66;;;;
PI;2201556;BELA VISTA DO PIAUI;3.227.542,27;1.109.723,19;906.697,96;81.444,88;2.097.866,03;5.325.408,30;;;;
PI;2201572;BELEM DO PIAUI;5.610.962,77;1.929.212,70;2.810.385,73;0,00;4.739.598,43;10.350.561,20;;;;
PI;2201606;BENEDITINOS;12.660.653,76;4.353.102,12;7.643.551,28;689.201,97;12.685.855,37;25.346.509,13;;;;
PI;2201705;BERTOLINIA;6.528.971,81;2.244.850,99;4.969.496,58;124.848,34;7.339.195,91;13.868.167,72;;;;
PI;2201739;BETANIA DO PIAUI;8.121.638,09;2.792.456,11;4.343.022,00;0,00;7.135.478,11;15.257.116,20;;;;
PI;2201770;BOA HORA;7.622.618,88;2.620.878,75;3.658.012,24;211.148,04;6.490.039,03;14.112.657,91;;;;
PI;2201804;BOCAINA;2.776.774,25;954.736,00;765.580,14;0,00;1.720.316,14;4.497.090,39;;;;
PI;2201903;BOM JESUS;29.854.859,81;10.264.971,78;17.455.409,75;1.546.184,75;29.266.566,28;59.121.426,09;;;;
PI;2201919;BOM PRINCIPIO DO PIAUI;6.198.067,99;2.131.076,60;1.399.712,42;0,00;3.530.789,02;9.728.857,01;;;;
PI;2201929;BONFIM DO PIAUI;5.546.666,91;1.907.105,90;2.750.012,93;0,00;4.657.118,83;10.203.785,74;;;;
PI;2201945;BOQUEIRAO DO PIAUI;6.566.554,19;2.257.772,91;1.949.878,06;0,00;4.207.650,97;10.774.205,16;;;;
PI;2201960;BRASILEIRA;8.808.013,82;3.028.452,11;7.138.671,23;0,00;10.167.123,34;18.975.137,16;;;;
PI;2201988;BREJO DO PIAUI;4.295.903,67;1.477.057,01;2.177.844,92;217.995,49;3.872.897,42;8.168.801,09;;;;
PI;2202000;BURITI DOS LOPES;22.533.514,32;7.747.679,61;10.846.669,52;1.165.371,95;19.759.721,08;42.293.235,40;;;;
PI;2202026;BURITI DOS MONTES;12.723.356,46;4.374.661,14;9.128.514,17;730.649,01;14.233.824,32;26.957.180,78;;;;
PI;2202059;CABECEIRAS DO PIAUI;10.784.213,62;3.707.927,26;7.820.663,07;0,00;11.528.590,33;22.312.803,95;;;;
PI;2202075;CAJAZEIRAS DO PIAUI;3.699.024,29;1.271.832,47;2.996.240,51;0,00;4.268.072,98;7.967.097,27;;;;
PI;2202083;CAJUEIRO DA PRAIA;9.117.725,26;3.134.939,94;6.237.890,53;243.392,67;9.616.223,14;18.733.948,40;;;;
PI;2202091;CALDEIRAO GRANDE DO PIAUI;5.722.329,06;1.967.503,67;1.788.538,26;140.246,06;3.896.287,99;9.618.617,05;;;;
PI;2202109;CAMPINAS DO PIAUI;8.781.561,85;3.019.357,15;4.467.826,83;239.624,76;7.726.808,74;16.508.370,59;;;;
PI;2202117;CAMPO ALEGRE DO FIDALGO;6.204.514,82;2.133.293,20;2.801.524,55;0,00;4.934.817,75;11.139.332,57;;;;
PI;2202133;CAMPO GRANDE DO PIAUI;5.765.426,63;1.982.321,87;2.906.235,90;290.165,51;5.178.723,28;10.944.149,91;;;;
PI;2202174;CAMPO LARGO DO PIAUI;11.399.720,61;3.919.556,52;6.325.359,33;0,00;10.244.915,85;21.644.636,46;;;;
PI;2202208;CAMPO MAIOR;46.654.653,02;16.041.230,81;35.824.236,35;0,00;51.865.467,16;98.520.120,18;;;;
PI;2202251;CANAVIEIRA;3.395.824,02;1.167.583,36;898.532,13;0,00;2.066.115,49;5.461.939,51;;;;
PI;2202307;CANTO DO BURITI;13.480.455,51;4.634.973,88;3.988.418,32;744.633,76;9.368.025,96;22.848.481,47;;;;
PI;2202406;CAPITAO DE CAMPOS;14.064.569,42;4.835.809,29;5.923.007,50;0,00;10.758.816,79;24.823.386,21;;;;
PI;2202455;CAPITAO GERVASIO OLIVEIRA;4.326.927,78;1.487.724,01;1.660.353,39;105.936,32;3.254.013,72;7.580.941,50;;;;
PI;2202505;CARACOL;13.400.725,55;4.607.560,40;9.562.647,22;450.809,03;14.621.016,65;28.021.742,20;;;;
PI;2202539;CARAUBAS DO PIAUI;6.233.742,75;2.143.342,62;2.614.731,35;144.919,72;4.902.993,69;11.136.736,44;;;;
PI;2202554;CARIDADE DO PIAUI;8.099.695,44;2.784.911,59;5.867.214,02;0,00;8.652.125,61;16.751.821,05;;;;
PI;2202604;CASTELO DO PIAUI;17.638.036,88;6.064.471,65;5.936.640,51;493.741,49;12.494.853,65;30.132.890,53;;;;
PI;2202653;CAXINGO;6.330.367,02;2.176.564,87;2.575.272,17;0,00;4.751.837,04;11.082.204,06;;;;
PI;2202703;COCAL;25.207.482,18;8.667.067,77;13.631.054,69;0,00;22.298.122,46;47.505.604,64;;;;
PI;2202711;COCAL DE TELHA;6.561.948,10;2.256.189,20;2.866.359,94;357.118,43;5.479.667,57;12.041.615,67;;;;
PI;2202729;COCAL DOS ALVES;5.706.354,37;1.962.011,11;1.968.998,58;160.353,67;4.091.363,36;9.797.717,73;;;;
PI;2202737;COIVARAS;4.975.830,25;1.710.835,61;2.582.438,86;0,00;4.293.274,47;9.269.104,72;;;;
PI;2202752;COLONIA DO GURGUEIA;7.478.909,74;2.571.467,36;5.422.568,47;0,00;7.994.035,83;15.472.945,57;;;;
PI;2202778;COLONIA DO PIAUI;6.969.502,08;2.396.318,15;4.643.957,56;0,00;7.040.275,71;14.009.777,79;;;;
PI;2202802;CONCEICAO DO CANINDE;4.775.155,28;1.641.837,69;2.338.989,77;0,00;3.980.827,46;8.755.982,74;;;;
PI;2202851;CORONEL JOSE DIAS;3.842.565,55;1.321.186,14;1.085.673,31;0,00;2.406.859,45;6.249.425,00;;;;
PI;2202901;CORRENTE;23.473.311,82;8.070.809,41;9.494.689,92;0,00;17.565.499,33;41.038.811,15;;;;
PI;2203008;CRISTALANDIA DO PIAUI;7.758.126,41;2.667.470,19;4.640.481,49;175.860,08;7.483.811,76;15.241.938,17;;;;
PI;2203107;CRISTINO CASTRO;11.736.034,29;4.035.190,98;7.439.570,47;0,00;11.474.761,45;23.210.795,74;;;;
PI;2203206;CURIMATA;11.575.948,15;3.980.148,69;8.780.585,90;481.785,62;13.242.520,21;24.818.468,36;;;;
PI;2203230;CURRAIS;8.470.674,70;2.912.465,08;7.079.612,85;0,00;9.992.077,93;18.462.752,63;;;;
PI;2203271;CURRAL NOVO DO PIAUI;5.908.393,07;2.031.477,91;0,00;0,00;2.031.477,91;7.939.870,98;;;;
PI;2203255;CURRALINHOS;5.682.689,28;1.953.874,36;3.089.446,26;0,00;5.043.320,62;10.726.009,90;;;;
PI;2203305;DEMERVAL LOBAO;18.441.306,64;6.340.659,23;12.080.147,76;841.729,98;19.262.536,97;37.703.843,61;;;;
PI;2203354;DIRCEU ARCOVERDE;10.186.344,06;3.502.362,26;6.106.370,41;579.533,97;10.188.266,64;20.374.610,70;;;;
PI;2203404;DOM EXPEDITO LOPES;5.207.273,03;1.790.412,38;1.776.669,78;271.869,40;3.838.951,56;9.046.224,59;;;;
PI;2203453;DOM INOCENCIO;7.647.975,95;2.629.597,26;0,00;0,00;2.629.597,26;10.277.573,21;;;;
PI;2203420;DOMINGOS MOURAO;6.159.898,29;2.117.952,74;3.552.591,46;292.158,16;5.962.702,36;12.122.600,65;;;;
PI;2203503;ELESBAO VELOSO;9.292.705,23;3.195.103,17;4.670.139,91;0,00;7.865.243,08;17.157.948,31;;;;
PI;2203602;ELISEU MARTINS;3.039.856,39;1.045.191,31;0,00;0,00;1.045.191,31;4.085.047,70;;;;
PI;2203701;ESPERANTINA;39.255.213,93;13.497.087,77;21.260.771,01;792.131,20;35.549.989,98;74.805.203,91;;;;
PI;2203750;FARTURA DO PIAUI;7.795.779,86;2.680.416,55;4.554.105,99;0,00;7.234.522,54;15.030.302,40;;;;
PI;2203800;FLORES DO PIAUI;3.789.818,67;1.303.050,22;758.405,16;108.436,18;2.169.891,56;5.959.710,23;;;;
PI;2203859;FLORESTA DO PIAUI;2.860.384,05;983.483,49;1.876.458,05;0,00;2.859.941,54;5.720.325,59;;;;
PI;2203909;FLORIANO;37.682.785,87;12.956.441,13;16.846.260,57;0,00;29.802.701,70;67.485.487,57;;;;
PI;2204006;FRANCINOPOLIS;4.724.741,93;1.624.504,12;2.056.377,27;0,00;3.680.881,39;8.405.623,32;;;;
PI;2204105;FRANCISCO AYRES;3.815.954,62;1.312.036,52;1.005.077,07;0,00;2.317.113,59;6.133.068,21;;;;
PI;2204154;FRANCISCO MACEDO;3.483.170,66;1.197.615,69;1.454.967,47;83.872,29;2.736.455,45;6.219.626,11;;;;
PI;2204204;FRANCISCO SANTOS;5.535.970,46;1.903.428,15;1.076.044,64;324.547,72;3.304.020,51;8.839.990,97;;;;
PI;2204303;FRONTEIRAS;9.171.786,12;3.153.527,64;6.861.729,92;0,00;10.015.257,56;19.187.043,68;;;;
PI;2204352;GEMINIANO;4.180.266,28;1.437.297,50;613.012,22;0,00;2.050.309,72;6.230.576,00;;;;
PI;2204402;GILBUES;12.329.701,83;4.239.311,20;4.159.238,56;562.324,75;8.960.874,51;21.290.576,34;;;;
PI;2204501;GUADALUPE;10.621.225,72;3.651.887,26;3.666.275,44;532.942,28;7.851.104,98;18.472.330,70;;;;
PI;2204550;GUARIBAS;5.954.977,11;2.047.494,86;2.917.009,61;120.609,44;5.085.113,91;11.040.091,02;;;;
PI;2204600;HUGO NAPOLEAO;3.333.935,63;1.146.304,33;1.100.491,05;0,00;2.246.795,38;5.580.731,01;;;;
PI;2204659;ILHA GRANDE;9.100.399,44;3.128.982,82;3.988.728,33;0,00;7.117.711,15;16.218.110,59;;;;
PI;2204709;INHUMA;9.031.628,26;3.105.337,28;3.072.056,30;0,00;6.177.393,58;15.209.021,84;;;;
PI;2204808;IPIRANGA DO PIAUI;8.389.351,66;2.884.503,85;6.287.307,01;184.265,43;9.356.076,29;17.745.427,95;;;;
PI;2204907;ISAIAS COELHO;7.483.623,94;2.573.088,24;2.354.357,84;405.811,45;5.333.257,53;12.816.881,47;;;;
PI;2205003;ITAINOPOLIS;7.305.504,92;2.511.845,72;1.295.668,11;479.937,89;4.287.451,72;11.592.956,64;;;;
PI;2205102;ITAUEIRA;6.407.344,70;2.203.032,04;0,00;0,00;2.203.032,04;8.610.376,74;;;;
PI;2205151;JACOBINA DO PIAUI;11.403.335,56;3.920.799,45;9.267.238,68;647.428,86;13.835.466,99;25.238.802,55;;;;
PI;2205201;JAICOS;13.728.181,69;4.720.149,37;5.508.985,10;795.283,21;11.024.417,68;24.752.599,37;;;;
PI;2205250;JARDIM DO MULATO;4.014.344,82;1.380.248,86;1.586.971,37;0,00;2.967.220,23;6.981.565,05;;;;
PI;2205276;JATOBA DO PIAUI;4.775.798,69;1.642.058,92;0,00;146.296,46;1.788.355,38;6.564.154,07;;;;
PI;2205300;JERUMENHA;4.294.318,51;1.476.511,99;1.930.224,01;95.248,49;3.501.984,49;7.796.303,00;;;;
PI;2205359;JOAO COSTA;2.573.516,34;884.849,99;0,00;0,00;884.849,99;3.458.366,33;;;;
PI;2205409;JOAQUIM PIRES;13.827.924,96;4.754.444,01;7.889.845,09;726.047,81;13.370.336,91;27.198.261,87;;;;
PI;2205458;JOCA MARQUES;8.004.506,05;2.752.182,71;6.110.313,74;0,00;8.862.496,45;16.867.002,50;;;;
PI;2205508;JOSE DE FREITAS;32.477.974,76;11.166.875,23;12.884.493,17;1.752.731,58;25.804.099,98;58.282.074,74;;;;
PI;2205516;JUAZEIRO DO PIAUI;6.105.109,60;2.099.114,79;3.691.495,50;344.546,64;6.135.156,93;12.240.266,53;;;;
PI;2205524;JULIO BORGES;6.833.472,18;2.349.547,09;3.107.041,73;0,00;5.456.588,82;12.290.061,00;;;;
PI;2205532;JUREMA;5.975.922,57;2.054.696,52;3.027.391,94;0,00;5.082.088,46;11.058.011,03;;;;
PI;2205557;LAGOA ALEGRE;10.806.608,27;3.715.627,20;4.000.169,49;272.666,46;7.988.463,15;18.795.071,42;;;;
PI;2205573;LAGOA DE SAO FRANCISCO;8.365.696,79;2.876.370,62;3.638.203,13;0,00;6.514.573,75;14.880.270,54;;;;
PI;2205565;LAGOA DO BARRO DO PIAUI;5.054.962,93;1.738.043,73;0,00;0,00;1.738.043,73;6.793.006,66;;;;
PI;2205581;LAGOA DO PIAUI;4.718.089,06;1.622.216,67;1.614.467,95;0,00;3.236.684,62;7.954.773,68;;;;
PI;2205599;LAGOA DO SITIO;4.366.924,50;1.501.476,05;1.583.673,05;0,00;3.085.149,10;7.452.073,60;;;;
PI;2205540;LAGOINHA DO PIAUI;2.884.180,71;991.665,47;983.532,95;153.469,99;2.128.668,41;5.012.849,12;;;;
PI;2205607;LANDRI SALES;7.786.380,51;2.677.184,78;4.382.514,38;0,00;7.059.699,16;14.846.079,67;;;;
PI;2205706;LUIS CORREIA;25.923.388,23;8.913.217,16;7.392.375,53;0,00;16.305.592,69;42.228.980,92;;;;
PI;2205805;LUZILANDIA;31.024.354,96;10.667.078,34;20.070.567,46;0,00;30.737.645,80;61.762.000,76;;;;
PI;2205854;MADEIRO;13.483.329,97;4.635.962,21;7.365.212,12;734.561,84;12.735.736,17;26.219.066,14;;;;
PI;2205904;MANOEL EMIDIO;4.260.161,17;1.464.767,70;987.863,39;0,00;2.452.631,09;6.712.792,26;;;;
PI;2205953;MARCOLANDIA;10.617.164,38;3.650.490,86;4.650.703,41;358.712,54;8.659.906,81;19.277.071,19;;;;
PI;2206001;MARCOS PARENTE;4.379.699,85;1.505.868,58;1.122.281,25;0,00;2.628.149,83;7.007.849,68;;;;
PI;2206050;MASSAPE DO PIAUI;5.634.493,88;1.937.303,38;780.749,13;0,00;2.718.052,51;8.352.546,39;;;;
PI;2206100;MATIAS OLIMPIO;10.878.731,93;3.740.425,42;5.503.784,72;0,00;9.244.210,14;20.122.942,07;;;;
PI;2206209;MIGUEL ALVES;45.522.550,57;15.651.980,96;30.507.371,00;0,00;46.159.351,96;91.681.902,53;;;;
PI;2206308;MIGUEL LEAO;1.807.943,72;621.623,80;0,00;48.511,88;670.135,68;2.478.079,40;;;;
PI;2206357;MILTON BRANDAO;5.442.900,90;1.871.428,12;814.533,57;0,00;2.685.961,69;8.128.862,59;;;;
PI;2206407;MONSENHOR GIL;9.556.071,21;3.285.656,07;4.702.093,20;0,00;7.987.749,27;17.543.820,48;;;;
PI;2206506;MONSENHOR HIPOLITO;8.162.015,11;2.806.338,92;5.243.980,18;365.415,08;8.415.734,18;16.577.749,29;;;;
PI;2206605;MONTE ALEGRE DO PIAUI;11.009.073,72;3.785.240,73;1.578.339,13;705.360,52;6.068.940,38;17.078.014,10;;;;
PI;2206654;MORRO CABECA NO TEMPO;6.075.244,15;2.088.846,18;5.092.054,79;135.246,33;7.316.147,30;13.391.391,45;;;;
PI;2206670;MORRO DO CHAPEU DO PIAUI;8.952.823,76;3.078.242,00;4.441.529,96;0,00;7.519.771,96;16.472.595,72;;;;
PI;2206696;MURICI DOS PORTELAS;8.602.912,97;2.957.932,46;2.164.698,63;221.147,50;5.343.778,59;13.946.691,56;;;;
PI;2206704;NAZARE DO PIAUI;5.878.094,90;2.021.060,52;1.579.318,38;153.832,29;3.754.211,19;9.632.306,09;;;;
PI;2206720;NAZARIA;9.954.821,22;3.422.757,96;3.800.747,20;0,00;7.223.505,16;17.178.326,38;;;;
PI;2206753;NOSSA SENHORA DE NAZARE;10.801.161,67;3.713.754,50;4.100.258,92;275.130,09;8.089.143,51;18.890.305,18;;;;
PI;2206803;NOSSA SENHORA DOS REMEDIOS;20.358.211,60;6.999.747,08;15.817.039,77;467.764,63;23.284.551,48;43.642.763,08;;;;
PI;2207959;NOVA SANTA RITA;3.609.336,89;1.240.995,32;118.373,27;0,00;1.359.368,59;4.968.705,48;;;;
PI;2206902;NOVO ORIENTE DO PIAUI;4.085.577,03;1.404.740,58;2.051.608,44;193.576,52;3.649.925,54;7.735.502,57;;;;
PI;2206951;NOVO SANTO ANTONIO;3.476.432,01;1.195.298,75;1.599.611,22;177.707,81;2.972.617,78;6.449.049,79;;;;
PI;2207009;OEIRAS;28.447.452,33;9.781.064,03;10.653.732,67;0,00;20.434.796,70;48.882.249,03;;;;
PI;2207108;OLHO DAGUA DO PIAUI;3.237.548,17;1.113.163,52;955.828,89;82.386,86;2.151.379,27;5.388.927,44;;;;
PI;2207207;PADRE MARCOS;7.881.034,65;2.709.729,63;4.252.616,42;402.731,91;7.365.077,96;15.246.112,61;;;;
PI;2207306;PAES LANDIM;4.557.125,76;1.566.872,79;1.894.679,00;276.470,60;3.738.022,39;8.295.148,15;;;;
PI;2207355;PAJEU DO PIAUI;2.458.914,45;845.446,53;208.949,87;60.250,37;1.114.646,77;3.573.561,22;;;;
PI;2207405;PALMEIRA DO PIAUI;5.442.726,65;1.871.368,20;3.638.474,54;0,00;5.509.842,74;10.952.569,39;;;;
PI;2207504;PALMEIRAIS;16.315.677,87;5.609.806,05;7.667.459,15;0,00;13.277.265,20;29.592.943,07;;;;
PI;2207553;PAQUETA;8.250.264,11;2.836.681,49;3.476.962,41;302.048,93;6.615.692,83;14.865.956,94;;;;
PI;2207603;PARNAGUA;9.628.588,56;3.310.589,65;4.423.788,23;260.565,66;7.994.943,54;17.623.532,10;;;;
PI;2207702;PARNAIBA;86.252.567,36;29.656.148,99;23.878.645,83;0,00;53.534.794,82;139.787.362,18;;;;
PI;2207751;PASSAGEM FRANCA DO PIAUI;5.901.062,58;2.028.957,47;2.676.491,98;191.004,19;4.896.453,64;10.797.516,22;;;;
PI;2207777;PATOS DO PIAUI;6.085.011,80;2.092.204,58;4.229.067,93;0,00;6.321.272,51;12.406.284,31;;;;
PI;2207793;PAU DARCO DO PIAUI;3.533.551,62;1.214.938,14;349.451,53;0,00;1.564.389,67;5.097.941,29;;;;
PI;2207801;PAULISTANA;20.733.670,79;7.128.840,90;8.731.513,70;1.224.752,80;17.085.107,40;37.818.778,19;;;;
PI;2207850;PAVUSSU;3.725.440,37;1.280.915,08;3.160.943,09;0,00;4.441.858,17;8.167.298,54;;;;
PI;2207900;PEDRO II;30.563.274,41;10.508.545,39;12.906.346,11;0,00;23.414.891,50;53.978.165,91;;;;
PI;2207934;PEDRO LAURENTINO;2.039.861,52;701.363,90;0,00;0,00;701.363,90;2.741.225,42;;;;
PI;2208007;PICOS;39.048.870,10;13.426.140,75;12.262.331,47;2.218.249,96;27.906.722,18;66.955.592,28;;;;
PI;2208106;PIMENTEIRAS;8.015.664,00;2.756.019,13;2.738.691,55;191.004,19;5.685.714,87;13.701.378,87;;;;
PI;2208205;PIO IX;15.520.816,02;5.336.509,35;9.506.623,84;786.551,79;15.629.684,98;31.150.501,00;;;;
PI;2208304;PIRACURUCA;20.514.040,72;7.053.325,67;8.044.457,54;1.129.685,47;16.227.468,68;36.741.509,40;;;;
PI;2208403;PIRIPIRI;53.314.031,13;18.330.919,28;28.997.937,88;2.982.049,36;50.310.906,52;103.624.937,65;;;;
PI;2208502;PORTO;17.817.652,84;6.126.228,85;10.044.172,69;928.102,13;17.098.503,67;34.916.156,51;;;;
PI;2208551;PORTO ALEGRE DO PIAUI;2.637.822,22;906.960,23;1.084.528,93;52.714,55;2.044.203,71;4.682.025,93;;;;
PI;2208601;PRATA DO PIAUI;3.325.777,28;1.143.499,25;729.763,21;0,00;1.873.262,46;5.199.039,74;;;;
PI;2208650;QUEIMADA NOVA;8.532.310,34;2.933.657,21;3.746.078,51;0,00;6.679.735,72;15.212.046,06;;;;
PI;2208700;REDENCAO DO GURGUEIA;9.584.707,79;3.295.502,16;3.828.164,75;0,00;7.123.666,91;16.708.374,70;;;;
PI;2208809;REGENERACAO;15.255.510,13;5.245.289,45;9.101.839,23;0,00;14.347.128,68;29.602.638,81;;;;
PI;2208858;RIACHO FRIO;9.638.145,23;3.313.875,51;11.068.271,12;211.148,04;14.593.294,67;24.231.439,90;;;;
PI;2208874;RIBEIRA DO PIAUI;3.726.118,71;1.281.148,32;180.070,54;0,00;1.461.218,86;5.187.337,57;;;;
PI;2208908;RIBEIRO GONCALVES;7.546.003,63;2.594.536,19;2.982.601,10;400.340,73;5.977.478,02;13.523.481,65;;;;
PI;2209005;RIO GRANDE DO PIAUI;5.070.464,34;1.743.373,57;2.699.389,98;225.929,85;4.668.693,40;9.739.157,74;;;;
PI;2209104;SANTA CRUZ DO PIAUI;5.976.493,40;2.054.892,79;5.018.598,58;0,00;7.073.491,37;13.049.984,77;;;;
PI;2209153;SANTA CRUZ DOS MILAGRES;3.626.581,35;1.246.924,47;1.330.139,55;89.560,39;2.666.624,41;6.293.205,76;;;;
PI;2209203;SANTA FILOMENA;5.966.143,78;2.051.334,29;1.340.806,82;356.067,76;3.748.208,87;9.714.352,65;;;;
PI;2209302;SANTA LUZ;5.601.299,40;1.925.890,14;3.445.676,05;130.029,22;5.501.595,41;11.102.894,81;;;;
PI;2209377;SANTA ROSA DO PIAUI;3.817.912,73;1.312.709,78;720.926,84;0,00;2.033.636,62;5.851.549,35;;;;
PI;2209351;SANTANA DO PIAUI;4.093.531,62;1.407.475,59;936.147,22;0,00;2.343.622,81;6.437.154,43;;;;
PI;2209401;SANTO ANTONIO DE LISBOA;3.569.028,42;1.227.136,10;1.213.022,74;211.945,09;2.652.103,93;6.221.132,35;;;;
PI;2209450;SANTO ANTONIO DOS MILAGRES;3.521.325,52;1.210.734,45;1.822.134,96;0,00;3.032.869,41;6.554.194,93;;;;
PI;2209500;SANTO INACIO DO PIAUI;4.503.987,19;1.548.602,20;4.345.510,46;0,00;5.894.112,66;10.398.099,85;;;;
PI;2209559;SAO BRAZ DO PIAUI;4.768.578,77;1.639.576,50;2.688.687,92;238.211,79;4.566.476,21;9.335.054,98;;;;
PI;2209609;SAO FELIX DO PIAUI;3.303.659,41;1.135.894,49;1.762.930,11;75.466,95;2.974.291,55;6.277.950,96;;;;
PI;2209658;SAO FRANCISCO DE ASSIS DO PIAUI;6.268.425,78;2.155.267,66;4.195.036,72;0,00;6.350.304,38;12.618.730,16;;;;
PI;2209708;SAO FRANCISCO DO PIAUI;5.485.580,57;1.886.102,63;1.410.149,42;0,00;3.296.252,05;8.781.832,62;;;;
PI;2209757;SAO GONCALO DO GURGUEIA;2.682.495,19;922.320,11;0,00;66.807,99;989.128,10;3.671.623,29;;;;
PI;2209807;SAO GONCALO DO PIAUI;3.524.887,36;1.211.959,11;18.934,69;0,00;1.230.893,80;4.755.781,16;;;;
PI;2209856;SAO JOAO DA CANABRAVA;7.629.632,41;2.623.290,21;4.042.753,93;0,00;6.666.044,14;14.295.676,55;;;;
PI;2209872;SAO JOAO DA FRONTEIRA;5.369.561,08;1.846.211,75;1.570.514,70;281.180,49;3.697.906,94;9.067.468,02;;;;
PI;2209906;SAO JOAO DA SERRA;4.201.857,27;1.444.721,11;1.038.593,34;0,00;2.483.314,45;6.685.171,72;;;;
PI;2209955;SAO JOAO DA VARJOTA;4.833.385,59;1.661.858,98;2.484.734,87;0,00;4.146.593,85;8.979.979,44;;;;
PI;2209971;SAO JOAO DO ARRAIAL;12.970.575,00;4.459.662,09;6.327.070,72;0,00;10.786.732,81;23.757.307,81;;;;
PI;2210003;SAO JOAO DO PIAUI;19.734.777,41;6.785.392,21;12.504.981,25;1.083.383,61;20.373.757,07;40.108.534,48;;;;
PI;2210052;SAO JOSE DO DIVINO;4.804.206,77;1.651.826,45;1.850.885,43;113.073,61;3.615.785,49;8.419.992,26;;;;
PI;2210102;SAO JOSE DO PEIXE;3.381.681,85;1.162.720,88;1.304.953,93;0,00;2.467.674,81;5.849.356,66;;;;
PI;2210201;SAO JOSE DO PIAUI;4.090.889,11;1.406.567,02;1.004.510,36;0,00;2.411.077,38;6.501.966,49;;;;
PI;2210300;SAO JULIAO;3.814.350,55;1.311.485,00;740.734,64;0,00;2.052.219,64;5.866.570,19;;;;
PI;2210359;SAO LOURENCO DO PIAUI;5.516.765,94;1.896.825,07;2.098.526,82;360.922,57;4.356.274,46;9.873.040,40;;;;
PI;2210375;SAO LUIS DO PIAUI;2.015.752,14;693.074,39;0,00;112.421,47;805.495,86;2.821.248,00;;;;
PI;2210383;SAO MIGUEL DA BAIXA GRANDE;2.139.440,26;735.601,97;457.630,30;0,00;1.193.232,27;3.332.672,53;;;;
PI;2210391;SAO MIGUEL DO FIDALGO;3.220.273,45;1.107.223,96;1.276.784,12;0,00;2.384.008,08;5.604.281,53;;;;
PI;2210409;SAO MIGUEL DO TAPUIO;21.964.333,01;7.551.978,47;19.938.853,04;478.017,70;27.968.849,21;49.933.182,22;;;;
PI;2210508;SAO PEDRO DO PIAUI;15.683.031,27;5.392.283,68;10.207.617,58;0,00;15.599.901,26;31.282.932,53;;;;
PI;2210607;SAO RAIMUNDO NONATO;32.432.705,83;11.151.310,46;23.920.065,90;1.625.057,31;36.696.433,67;69.129.139,50;;;;
PI;2210623;SEBASTIAO BARROS;5.168.762,54;1.777.171,35;2.876.779,11;0,00;4.653.950,46;9.822.713,00;;;;
PI;2210631;SEBASTIAO LEAL;4.486.231,52;1.542.497,27;619.623,86;0,00;2.162.121,13;6.648.352,65;;;;
PI;2210656;SIGEFREDO PACHECO;7.758.845,65;2.667.717,49;3.543.564,05;423.238,05;6.634.519,59;14.393.365,24;;;;
PI;2210706;SIMOES;16.698.730,51;5.741.510,71;7.659.120,25;836.766,48;14.237.397,44;30.936.127,95;;;;
PI;2210805;SIMPLICIO MENDES;12.561.622,76;4.319.052,38;6.263.146,40;0,00;10.582.198,78;23.143.821,54;;;;
PI;2210904;SOCORRO DO PIAUI;4.691.187,24;1.612.967,03;3.454.077,47;0,00;5.067.044,50;9.758.231,74;;;;
PI;2210938;SUSSUAPARA;5.233.385,94;1.799.390,76;3.536.942,07;0,00;5.336.332,83;10.569.718,77;;;;
PI;2210953;TAMBORIL DO PIAUI;3.541.951,90;1.217.826,40;2.145.983,18;183.178,53;3.546.988,11;7.088.940,01;;;;
PI;2210979;TANQUE DO PIAUI;2.547.438,52;875.883,68;274.444,75;74.669,89;1.224.998,32;3.772.436,84;;;;
PI;2211001;TERESINA;429.799.613,13;147.777.645,94;0,00;24.092.287,92;171.869.933,86;601.669.546,99;;;;
PI;2211100;UNIAO;48.748.234,25;16.761.065,11;41.061.651,80;0,00;57.822.716,91;106.570.951,16;;;;
PI;2211209;URUCUI;18.186.821,71;6.253.159,89;0,00;1.150.662,59;7.403.822,48;25.590.644,19;;;;
PI;2211308;VALENCA DO PIAUI;13.792.945,96;4.742.417,22;4.344.107,25;821.115,15;9.907.639,62;23.700.585,58;;;;
PI;2211357;VARZEA BRANCA;5.640.460,06;1.939.354,72;3.400.812,72;0,00;5.340.167,44;10.980.627,50;;;;
PI;2211407;VARZEA GRANDE;4.839.739,49;1.664.043,63;4.165.263,18;0,00;5.829.306,81;10.669.046,30;;;;
PI;2211506;VERA MENDES;4.554.869,02;1.566.096,86;2.422.824,91;0,00;3.988.921,77;8.543.790,79;;;;
PI;2211605;VILA NOVA DO PIAUI;3.844.095,20;1.321.712,08;2.367.462,70;133.652,21;3.822.826,99;7.666.922,19;;;;
PI;2211704;WALL FERRAZ;7.563.605,51;2.600.588,24;7.684.685,14;0,00;10.285.273,38;17.848.878,89;;;;
PR;4100103;ABATIA;5.885.877,98;0,00;0,00;0,00;0,00;5.885.877,98;;;;
PR;4100202;ADRIANOPOLIS;4.562.680,90;0,00;0,00;0,00;0,00;4.562.680,90;;;;
PR;4100301;AGUDOS DO SUL;7.232.352,90;0,00;0,00;0,00;0,00;7.232.352,90;;;;
PR;4100400;ALMIRANTE TAMANDARE;59.700.001,78;0,00;0,00;0,00;0,00;59.700.001,78;;;;
PR;4100459;ALTAMIRA DO PARANA;2.480.668,34;0,00;0,00;0,00;0,00;2.480.668,34;;;;
PR;4128625;ALTO PARAISO;2.960.163,99;0,00;0,00;0,00;0,00;2.960.163,99;;;;
PR;4100608;ALTO PARANA;11.340.707,33;0,00;0,00;0,00;0,00;11.340.707,33;;;;
PR;4100707;ALTO PIQUIRI;7.879.083,13;0,00;0,00;0,00;0,00;7.879.083,13;;;;
PR;4100509;ALTONIA;12.930.346,91;0,00;0,00;258.826,62;258.826,62;13.189.173,53;;;;
PR;4100806;ALVORADA DO SUL;6.880.483,46;0,00;0,00;0,00;0,00;6.880.483,46;;;;
PR;4100905;AMAPORA;3.974.641,29;0,00;0,00;176.983,21;176.983,21;4.151.624,50;;;;
PR;4101002;AMPERE;14.264.526,98;0,00;0,00;532.072,76;532.072,76;14.796.599,74;;;;
PR;4101051;ANAHY;2.283.425,97;0,00;0,00;38.766,03;38.766,03;2.322.192,00;;;;
PR;4101101;ANDIRA;14.098.010,94;0,00;0,00;0,00;0,00;14.098.010,94;;;;
PR;4101150;ANGULO;2.917.075,70;0,00;0,00;0,00;0,00;2.917.075,70;;;;
PR;4101200;ANTONINA;11.447.547,23;0,00;0,00;0,00;0,00;11.447.547,23;;;;
PR;4101309;ANTONIO OLINTO;4.810.424,78;0,00;0,00;0,00;0,00;4.810.424,78;;;;
PR;4101408;APUCARANA;96.935.926,98;0,00;0,00;1.730.269,02;1.730.269,02;98.666.196,00;;;;
PR;4101507;ARAPONGAS;73.323.160,70;0,00;0,00;3.064.001,46;3.064.001,46;76.387.162,16;;;;
PR;4101606;ARAPOTI;17.576.190,02;0,00;0,00;0,00;0,00;17.576.190,02;;;;
PR;4101655;ARAPUA;2.729.160,65;0,00;0,00;0,00;0,00;2.729.160,65;;;;
PR;4101705;ARARUNA;9.543.170,68;0,00;0,00;0,00;0,00;9.543.170,68;;;;
PR;4101804;ARAUCARIA;123.885.180,66;0,00;0,00;4.824.015,26;4.824.015,26;128.709.195,92;;;;
PR;4101853;ARIRANHA DO IVAI;2.034.352,85;0,00;0,00;0,00;0,00;2.034.352,85;;;;
PR;4101903;ASSAI;9.921.877,33;0,00;0,00;191.982,40;191.982,40;10.113.859,73;;;;
PR;4102000;ASSIS CHATEAUBRIAND;26.000.072,60;0,00;0,00;536.021,82;536.021,82;26.536.094,42;;;;
PR;4102109;ASTORGA;17.956.696,77;0,00;0,00;0,00;0,00;17.956.696,77;;;;
PR;4102208;ATALAIA;3.224.546,74;0,00;0,00;0,00;0,00;3.224.546,74;;;;
PR;4102307;BALSA NOVA;12.304.604,18;0,00;0,00;0,00;0,00;12.304.604,18;;;;
PR;4102406;BANDEIRANTES;20.249.230,80;0,00;0,00;487.509,95;487.509,95;20.736.740,75;;;;
PR;4102505;BARBOSA FERRAZ;6.473.775,97;0,00;0,00;0,00;0,00;6.473.775,97;;;;
PR;4102703;BARRA DO JACARE;2.230.870,95;0,00;0,00;38.476,19;38.476,19;2.269.347,14;;;;
PR;4102604;BARRACAO;8.199.412,74;0,00;0,00;319.729,14;319.729,14;8.519.141,88;;;;
PR;4102752;BELA VISTA DA CAROBA;2.932.886,72;0,00;0,00;102.494,47;102.494,47;3.035.381,19;;;;
PR;4102802;BELA VISTA DO PARAISO;9.919.064,61;0,00;0,00;0,00;0,00;9.919.064,61;;;;
PR;4102901;BITURUNA;13.255.682,15;0,00;0,00;0,00;0,00;13.255.682,15;;;;
PR;4103008;BOA ESPERANCA;3.377.228,62;0,00;0,00;0,00;0,00;3.377.228,62;;;;
PR;4103024;BOA ESPERANCA DO IGUACU;2.343.387,16;0,00;0,00;0,00;0,00;2.343.387,16;;;;
PR;4103040;BOA VENTURA DE SAO ROQUE;5.239.690,88;0,00;0,00;0,00;0,00;5.239.690,88;;;;
PR;4103057;BOA VISTA DA APARECIDA;6.851.218,98;0,00;0,00;271.724,48;271.724,48;7.122.943,46;;;;
PR;4103107;BOCAIUVA DO SUL;10.976.091,89;0,00;0,00;448.490,31;448.490,31;11.424.582,20;;;;
PR;4103156;BOM JESUS DO SUL;4.347.175,66;0,00;0,00;74.597,43;74.597,43;4.421.773,09;;;;
PR;4103206;BOM SUCESSO;5.473.356,50;0,00;532.519,62;0,00;532.519,62;6.005.876,12;;;;
PR;4103222;BOM SUCESSO DO SUL;2.705.413,00;0,00;0,00;115.537,25;115.537,25;2.820.950,25;;;;
PR;4103305;BORRAZOPOLIS;4.601.808,58;0,00;0,00;0,00;0,00;4.601.808,58;;;;
PR;4103354;BRAGANEY;4.093.332,28;0,00;0,00;140.064,91;140.064,91;4.233.397,19;;;;
PR;4103370;BRASILANDIA DO SUL;3.019.506,29;0,00;0,00;0,00;0,00;3.019.506,29;;;;
PR;4103404;CAFEARA;1.859.359,88;0,00;0,00;79.524,70;79.524,70;1.938.884,58;;;;
PR;4103453;CAFELANDIA;16.263.717,81;0,00;0,00;0,00;0,00;16.263.717,81;;;;
PR;4103479;CAFEZAL DO SUL;3.117.344,70;0,00;0,00;71.083,12;71.083,12;3.188.427,82;;;;
PR;4103503;CALIFORNIA;7.314.780,44;0,00;400.201,27;307.555,88;707.757,15;8.022.537,59;;;;
PR;4103602;CAMBARA;15.444.751,39;0,00;0,00;0,00;0,00;15.444.751,39;;;;
PR;4103701;CAMBE;67.566.978,70;0,00;0,00;2.794.668,15;2.794.668,15;70.361.646,85;;;;
PR;4103800;CAMBIRA;7.353.856,76;0,00;0,00;0,00;0,00;7.353.856,76;;;;
PR;4103909;CAMPINA DA LAGOA;11.892.086,52;0,00;0,00;0,00;0,00;11.892.086,52;;;;
PR;4103958;CAMPINA DO SIMAO;3.402.970,94;0,00;0,00;0,00;0,00;3.402.970,94;;;;
PR;4104006;CAMPINA GRANDE DO SUL;37.564.433,94;0,00;0,00;1.499.339,45;1.499.339,45;39.063.773,39;;;;
PR;4104055;CAMPO BONITO;3.449.027,42;0,00;0,00;0,00;0,00;3.449.027,42;;;;
PR;4104105;CAMPO DO TENENTE;6.789.610,64;0,00;0,00;0,00;0,00;6.789.610,64;;;;
PR;4104204;CAMPO LARGO;92.048.698,61;0,00;0,00;0,00;0,00;92.048.698,61;;;;
PR;4104253;CAMPO MAGRO;18.571.088,05;0,00;0,00;0,00;0,00;18.571.088,05;;;;
PR;4104303;CAMPO MOURAO;65.765.665,33;0,00;0,00;0,00;0,00;65.765.665,33;;;;
PR;4104402;CANDIDO DE ABREU;10.079.264,96;0,00;0,00;0,00;0,00;10.079.264,96;;;;
PR;4104428;CANDOI;13.048.840,15;0,00;0,00;0,00;0,00;13.048.840,15;;;;
PR;4104451;CANTAGALO;10.180.622,32;0,00;568.270,48;423.781,50;992.051,98;11.172.674,30;;;;
PR;4104501;CAPANEMA;14.973.404,21;0,00;0,00;633.516,57;633.516,57;15.606.920,78;;;;
PR;4104600;CAPITAO LEONIDAS MARQUES;12.168.515,74;0,00;0,00;322.446,38;322.446,38;12.490.962,12;;;;
PR;4104659;CARAMBEI;18.115.430,71;0,00;0,00;685.687,67;685.687,67;18.801.118,38;;;;
PR;4104709;CARLOPOLIS;11.713.089,47;0,00;0,00;0,00;0,00;11.713.089,47;;;;
PR;4104808;CASCAVEL;213.649.962,15;0,00;0,00;8.085.397,38;8.085.397,38;221.735.359,53;;;;
PR;4104907;CASTRO;61.076.573,65;0,00;0,00;2.238.248,88;2.238.248,88;63.314.822,53;;;;
PR;4105003;CATANDUVAS;6.853.571,30;0,00;0,00;0,00;0,00;6.853.571,30;;;;
PR;4105102;CENTENARIO DO SUL;8.235.402,52;0,00;0,00;223.067,68;223.067,68;8.458.470,20;;;;
PR;4105201;CERRO AZUL;10.543.894,76;0,00;0,00;0,00;0,00;10.543.894,76;;;;
PR;4105300;CEU AZUL;8.216.577,79;0,00;0,00;0,00;0,00;8.216.577,79;;;;
PR;4105409;CHOPINZINHO;16.043.816,09;0,00;0,00;520.877,71;520.877,71;16.564.693,80;;;;
PR;4105508;CIANORTE;56.037.809,60;0,00;0,00;2.353.786,13;2.353.786,13;58.391.595,73;;;;
PR;4105607;CIDADE GAUCHA;9.658.667,69;0,00;0,00;393.457,05;393.457,05;10.052.124,74;;;;
PR;4105706;CLEVELANDIA;12.882.044,08;0,00;580.085,52;0,00;580.085,52;13.462.129,60;;;;
PR;4105805;COLOMBO;166.467.380,14;0,00;0,00;3.485.101,94;3.485.101,94;169.952.482,08;;;;
PR;4105904;COLORADO;12.896.930,71;0,00;0,00;0,00;0,00;12.896.930,71;;;;
PR;4106001;CONGONHINHAS;6.528.938,68;0,00;0,00;0,00;0,00;6.528.938,68;;;;
PR;4106100;CONSELHEIRO MAIRINCK;2.985.620,78;0,00;0,00;0,00;0,00;2.985.620,78;;;;
PR;4106209;CONTENDA;14.419.553,05;0,00;0,00;628.697,99;628.697,99;15.048.251,04;;;;
PR;4106308;CORBELIA;14.404.493,38;0,00;0,00;536.456,58;536.456,58;14.940.949,96;;;;
PR;4106407;CORNELIO PROCOPIO;23.888.291,58;0,00;0,00;0,00;0,00;23.888.291,58;;;;
PR;4106456;CORONEL DOMINGOS SOARES;5.856.302,03;0,00;0,00;0,00;0,00;5.856.302,03;;;;
PR;4106506;CORONEL VIVIDA;16.027.270,18;0,00;0,00;651.559,07;651.559,07;16.678.829,25;;;;
PR;4106555;CORUMBATAI DO SUL;2.871.617,89;0,00;0,00;0,00;0,00;2.871.617,89;;;;
PR;4106803;CRUZ MACHADO;11.385.845,55;0,00;0,00;0,00;0,00;11.385.845,55;;;;
PR;4106571;CRUZEIRO DO IGUACU;3.762.256,97;0,00;0,00;80.213,07;80.213,07;3.842.470,04;;;;
PR;4106605;CRUZEIRO DO OESTE;16.364.238,68;0,00;0,00;0,00;0,00;16.364.238,68;;;;
PR;4106704;CRUZEIRO DO SUL;3.375.813,90;0,00;0,00;171.186,42;171.186,42;3.547.000,32;;;;
PR;4106852;CRUZMALTINA;2.500.890,66;0,00;0,00;0,00;0,00;2.500.890,66;;;;
PR;4106902;CURITIBA;886.377.415,66;0,00;0,00;0,00;0,00;886.377.415,66;;;;
PR;4107009;CURIUVA;8.755.164,07;0,00;0,00;0,00;0,00;8.755.164,07;;;;
PR;4107108;DIAMANTE DO NORTE;3.365.339,22;0,00;0,00;124.413,58;124.413,58;3.489.752,80;;;;
PR;4107124;DIAMANTE DO SUL;2.369.127,81;0,00;0,00;0,00;0,00;2.369.127,81;;;;
PR;4107157;DIAMANTE DOESTE;3.115.617,75;0,00;0,00;0,00;0,00;3.115.617,75;;;;
PR;4107207;DOIS VIZINHOS;34.656.064,03;0,00;0,00;1.425.249,24;1.425.249,24;36.081.313,27;;;;
PR;4107256;DOURADINA;6.759.877,56;0,00;0,00;0,00;0,00;6.759.877,56;;;;
PR;4107306;DOUTOR CAMARGO;4.436.164,58;0,00;0,00;0,00;0,00;4.436.164,58;;;;
PR;4128633;DOUTOR ULYSSES;3.857.203,29;0,00;0,00;103.943,67;103.943,67;3.961.146,96;;;;
PR;4107405;ENEAS MARQUES;4.291.799,00;0,00;0,00;0,00;0,00;4.291.799,00;;;;
PR;4107504;ENGENHEIRO BELTRAO;8.731.435,33;0,00;0,00;156.513,30;156.513,30;8.887.948,63;;;;
PR;4107538;ENTRE RIOS DO OESTE;4.076.804,38;0,00;0,00;163.143,38;163.143,38;4.239.947,76;;;;
PR;4107520;ESPERANCA NOVA;1.439.851,67;0,00;0,00;0,00;0,00;1.439.851,67;;;;
PR;4107546;ESPIGAO ALTO DO IGUACU;3.378.230,62;0,00;0,00;154.484,42;154.484,42;3.532.715,04;;;;
PR;4107553;FAROL;1.880.442,39;0,00;0,00;45.178,72;45.178,72;1.925.621,11;;;;
PR;4107603;FAXINAL;12.382.808,19;0,00;0,00;502.400,45;502.400,45;12.885.208,64;;;;
PR;4107652;FAZENDA RIO GRANDE;103.833.180,24;0,00;0,00;0,00;0,00;103.833.180,24;;;;
PR;4107702;FENIX;3.691.106,25;0,00;0,00;0,00;0,00;3.691.106,25;;;;
PR;4107736;FERNANDES PINHEIRO;4.537.625,17;0,00;0,00;0,00;0,00;4.537.625,17;;;;
PR;4107751;FIGUEIRA;5.316.187,04;0,00;0,00;0,00;0,00;5.316.187,04;;;;
PR;4107850;FLOR DA SERRA DO SUL;3.532.663,10;0,00;0,00;0,00;0,00;3.532.663,10;;;;
PR;4107801;FLORAI;3.811.321,27;0,00;0,00;0,00;0,00;3.811.321,27;;;;
PR;4107900;FLORESTA;9.406.063,11;0,00;0,00;0,00;0,00;9.406.063,11;;;;
PR;4108007;FLORESTOPOLIS;7.353.211,32;0,00;0,00;127.239,52;127.239,52;7.480.450,84;;;;
PR;4108106;FLORIDA;2.403.819,73;0,00;0,00;0,00;0,00;2.403.819,73;;;;
PR;4108205;FORMOSA DO OESTE;5.062.902,49;0,00;0,00;112.095,41;112.095,41;5.174.997,90;;;;
PR;4108304;FOZ DO IGUACU;191.888.590,18;0,00;0,00;3.680.127,66;3.680.127,66;195.568.717,84;;;;
PR;4108452;FOZ DO JORDAO;4.025.507,45;0,00;0,00;0,00;0,00;4.025.507,45;;;;
PR;4108320;FRANCISCO ALVES;6.309.096,37;0,00;0,00;118.870,40;118.870,40;6.427.966,77;;;;
PR;4108403;FRANCISCO BELTRAO;70.715.122,58;0,00;0,00;0,00;0,00;70.715.122,58;;;;
PR;4108502;GENERAL CARNEIRO;8.406.948,91;0,00;0,00;183.142,30;183.142,30;8.590.091,21;;;;
PR;4108551;GODOY MOREIRA;2.285.206,00;0,00;0,00;0,00;0,00;2.285.206,00;;;;
PR;4108601;GOIOERE;19.110.524,88;0,00;0,00;0,00;0,00;19.110.524,88;;;;
PR;4108650;GOIOXIM;4.989.580,14;0,00;0,00;0,00;0,00;4.989.580,14;;;;
PR;4108700;GRANDES RIOS;5.211.404,99;0,00;457.253,73;0,00;457.253,73;5.668.658,72;;;;
PR;4108809;GUAIRA;24.964.028,25;0,00;0,00;0,00;0,00;24.964.028,25;;;;
PR;4108908;GUAIRACA;5.571.312,47;0,00;0,00;0,00;0,00;5.571.312,47;;;;
PR;4108957;GUAMIRANGA;4.984.307,99;0,00;0,00;229.987,60;229.987,60;5.214.295,59;;;;
PR;4109005;GUAPIRAMA;4.129.841,71;0,00;0,00;164.085,36;164.085,36;4.293.927,07;;;;
PR;4109104;GUAPOREMA;1.744.532,71;0,00;0,00;31.809,88;31.809,88;1.776.342,59;;;;
PR;4109203;GUARACI;3.717.530,21;0,00;0,00;0,00;0,00;3.717.530,21;;;;
PR;4109302;GUARANIACU;10.164.405,47;0,00;0,00;414.289,26;414.289,26;10.578.694,73;;;;
PR;4109401;GUARAPUAVA;118.876.592,28;0,00;0,00;3.542.164,08;3.542.164,08;122.418.756,36;;;;
PR;4109500;GUARAQUECABA;6.034.687,12;0,00;0,00;0,00;0,00;6.034.687,12;;;;
PR;4109609;GUARATUBA;37.487.800,42;0,00;0,00;827.527,84;827.527,84;38.315.328,26;;;;
PR;4109658;HONORIO SERPA;3.945.100,57;0,00;0,00;166.186,69;166.186,69;4.111.287,26;;;;
PR;4109708;IBAITI;20.705.818,49;0,00;328.658,63;0,00;328.658,63;21.034.477,12;;;;
PR;4109757;IBEMA;5.158.080,54;0,00;0,00;0,00;0,00;5.158.080,54;;;;
PR;4109807;IBIPORA;41.651.516,95;0,00;0,00;746.517,72;746.517,72;42.398.034,67;;;;
PR;4109906;ICARAIMA;6.369.031,90;0,00;0,00;0,00;0,00;6.369.031,90;;;;
PR;4110003;IGUARACU;4.907.514,68;0,00;0,00;0,00;0,00;4.907.514,68;;;;
PR;4110052;IGUATU;1.533.258,05;0,00;0,00;0,00;0,00;1.533.258,05;;;;
PR;4110078;IMBAU;9.840.655,42;0,00;0,00;222.524,23;222.524,23;10.063.179,65;;;;
PR;4110102;IMBITUVA;24.535.670,35;0,00;143.095,74;0,00;143.095,74;24.678.766,09;;;;
PR;4110201;INACIO MARTINS;8.314.969,21;0,00;0,00;206.148,30;206.148,30;8.521.117,51;;;;
PR;4110300;INAJA;2.089.758,26;0,00;0,00;0,00;0,00;2.089.758,26;;;;
PR;4110409;INDIANOPOLIS;4.086.978,28;0,00;0,00;73.184,46;73.184,46;4.160.162,74;;;;
PR;4110508;IPIRANGA;10.210.541,07;0,00;0,00;390.268,81;390.268,81;10.600.809,88;;;;
PR;4110607;IPORA;9.232.891,80;0,00;0,00;0,00;0,00;9.232.891,80;;;;
PR;4110656;IRACEMA DO OESTE;1.726.521,09;0,00;0,00;0,00;0,00;1.726.521,09;;;;
PR;4110706;IRATI;38.973.065,50;0,00;0,00;1.606.253,97;1.606.253,97;40.579.319,47;;;;
PR;4110805;IRETAMA;8.959.361,01;0,00;0,00;0,00;0,00;8.959.361,01;;;;
PR;4110904;ITAGUAJE;3.847.933,93;0,00;0,00;0,00;0,00;3.847.933,93;;;;
PR;4110953;ITAIPULANDIA;11.597.392,01;0,00;0,00;0,00;0,00;11.597.392,01;;;;
PR;4111001;ITAMBARACA;4.183.786,69;0,00;0,00;0,00;0,00;4.183.786,69;;;;
PR;4111100;ITAMBE;4.610.963,27;0,00;0,00;0,00;0,00;4.610.963,27;;;;
PR;4111209;ITAPEJARA DOESTE;10.575.752,99;0,00;214.559,33;0,00;214.559,33;10.790.312,32;;;;
PR;4111258;ITAPERUCU;22.536.577,74;0,00;3.169.932,85;0,00;3.169.932,85;25.706.510,59;;;;
PR;4111308;ITAUNA DO SUL;2.914.881,98;0,00;0,00;0,00;0,00;2.914.881,98;;;;
PR;4111407;IVAI;9.589.703,92;0,00;0,00;463.308,35;463.308,35;10.053.012,27;;;;
PR;4111506;IVAIPORA;19.306.322,73;0,00;0,00;702.534,58;702.534,58;20.008.857,31;;;;
PR;4111555;IVATE;5.166.771,24;0,00;0,00;220.748,97;220.748,97;5.387.520,21;;;;
PR;4111605;IVATUBA;1.852.113,05;0,00;0,00;0,00;0,00;1.852.113,05;;;;
PR;4111704;JABOTI;3.838.507,82;0,00;0,00;0,00;0,00;3.838.507,82;;;;
PR;4111803;JACAREZINHO;29.842.949,77;0,00;0,00;489.901,12;489.901,12;30.332.850,89;;;;
PR;4111902;JAGUAPITA;11.816.738,36;0,00;0,00;450.193,12;450.193,12;12.266.931,48;;;;
PR;4112009;JAGUARIAIVA;22.972.034,63;0,00;0,00;529.029,45;529.029,45;23.501.064,08;;;;
PR;4112108;JANDAIA DO SUL;13.108.743,72;0,00;0,00;0,00;0,00;13.108.743,72;;;;
PR;4112207;JANIOPOLIS;4.322.594,45;0,00;0,00;0,00;0,00;4.322.594,45;;;;
PR;4112306;JAPIRA;3.499.336,28;0,00;0,00;0,00;0,00;3.499.336,28;;;;
PR;4112405;JAPURA;6.045.819,59;0,00;0,00;145.535,63;145.535,63;6.191.355,22;;;;
PR;4112504;JARDIM ALEGRE;8.498.991,63;0,00;0,00;0,00;0,00;8.498.991,63;;;;
PR;4112603;JARDIM OLINDA;1.104.821,72;0,00;0,00;0,00;0,00;1.104.821,72;;;;
PR;4112702;JATAIZINHO;8.449.887,99;0,00;0,00;201.800,71;201.800,71;8.651.688,70;;;;
PR;4112751;JESUITAS;4.608.368,74;0,00;0,00;85.502,64;85.502,64;4.693.871,38;;;;
PR;4112801;JOAQUIM TAVORA;10.559.066,70;0,00;0,00;0,00;0,00;10.559.066,70;;;;
PR;4112900;JUNDIAI DO SUL;2.603.611,77;0,00;0,00;0,00;0,00;2.603.611,77;;;;
PR;4112959;JURANDA;4.846.028,52;0,00;0,00;96.915,06;96.915,06;4.942.943,58;;;;
PR;4113007;JUSSARA;5.470.282,03;0,00;0,00;0,00;0,00;5.470.282,03;;;;
PR;4113106;KALORE;3.554.356,34;0,00;0,00;133.217,45;133.217,45;3.687.573,79;;;;
PR;4113205;LAPA;31.863.939,90;0,00;0,00;1.303.226,83;1.303.226,83;33.167.166,73;;;;
PR;4113254;LARANJAL;4.728.740,89;0,00;0,00;123.036,84;123.036,84;4.851.777,73;;;;
PR;4113304;LARANJEIRAS DO SUL;26.929.752,03;0,00;0,00;1.051.392,59;1.051.392,59;27.981.144,62;;;;
PR;4113403;LEOPOLIS;3.249.115,24;0,00;0,00;123.688,98;123.688,98;3.372.804,22;;;;
PR;4113429;LIDIANOPOLIS;2.873.382,16;0,00;0,00;0,00;0,00;2.873.382,16;;;;
PR;4113452;LINDOESTE;4.947.717,00;0,00;0,00;0,00;0,00;4.947.717,00;;;;
PR;4113502;LOANDA;18.050.095,50;0,00;0,00;384.979,24;384.979,24;18.435.074,74;;;;
PR;4113601;LOBATO;3.548.216,49;0,00;0,00;0,00;0,00;3.548.216,49;;;;
PR;4113700;LONDRINA;293.714.514,47;0,00;0,00;0,00;0,00;293.714.514,47;;;;
PR;4113734;LUIZIANA;4.875.832,69;0,00;0,00;0,00;0,00;4.875.832,69;;;;
PR;4113759;LUNARDELLI;3.364.829,97;0,00;0,00;146.405,15;146.405,15;3.511.235,12;;;;
PR;4113809;LUPIONOPOLIS;3.145.260,45;0,00;0,00;0,00;0,00;3.145.260,45;;;;
PR;4113908;MALLET;7.772.624,77;0,00;0,00;0,00;0,00;7.772.624,77;;;;
PR;4114005;MAMBORE;8.719.226,14;0,00;0,00;367.842,49;367.842,49;9.087.068,63;;;;
PR;4114104;MANDAGUACU;23.731.662,85;0,00;44.289,59;0,00;44.289,59;23.775.952,44;;;;
PR;4114203;MANDAGUARI;27.764.423,39;0,00;0,00;0,00;0,00;27.764.423,39;;;;
PR;4114302;MANDIRITUBA;20.317.564,96;0,00;0,00;798.580,13;798.580,13;21.116.145,09;;;;
PR;4114351;MANFRINOPOLIS;1.551.854,41;0,00;0,00;67.822,43;67.822,43;1.619.676,84;;;;
PR;4114401;MANGUEIRINHA;13.292.713,12;0,00;0,00;540.333,18;540.333,18;13.833.046,30;;;;
PR;4114500;MANOEL RIBAS;8.624.907,46;0,00;0,00;0,00;0,00;8.624.907,46;;;;
PR;4114609;MARECHAL CANDIDO RONDON;37.620.141,31;0,00;0,00;980.997,83;980.997,83;38.601.139,14;;;;
PR;4114708;MARIA HELENA;4.034.404,35;0,00;0,00;0,00;0,00;4.034.404,35;;;;
PR;4114807;MARIALVA;28.578.067,53;0,00;0,00;778.472,52;778.472,52;29.356.540,05;;;;
PR;4114906;MARILANDIA DO SUL;6.074.478,94;0,00;0,00;0,00;0,00;6.074.478,94;;;;
PR;4115002;MARILENA;6.032.434,80;0,00;0,00;0,00;0,00;6.032.434,80;;;;
PR;4115101;MARILUZ;7.077.819,43;0,00;0,00;172.418,24;172.418,24;7.250.237,67;;;;
PR;4115200;MARINGA;227.850.456,36;0,00;0,00;8.523.018,71;8.523.018,71;236.373.475,07;;;;
PR;4115309;MARIOPOLIS;5.571.707,42;0,00;0,00;216.147,77;216.147,77;5.787.855,19;;;;
PR;4115358;MARIPA;4.687.923,28;0,00;0,00;111.588,19;111.588,19;4.799.511,47;;;;
PR;4115408;MARMELEIRO;10.279.665,88;0,00;0,00;242.160,86;242.160,86;10.521.826,74;;;;
PR;4115457;MARQUINHO;3.524.135,55;0,00;0,00;0,00;0,00;3.524.135,55;;;;
PR;4115507;MARUMBI;3.582.875,46;0,00;0,00;0,00;0,00;3.582.875,46;;;;
PR;4115606;MATELANDIA;15.495.940,27;0,00;0,00;0,00;0,00;15.495.940,27;;;;
PR;4115705;MATINHOS;31.280.007,57;0,00;0,00;0,00;0,00;31.280.007,57;;;;
PR;4115739;MATO RICO;2.806.115,56;0,00;0,00;59.489,55;59.489,55;2.865.605,11;;;;
PR;4115754;MAUA DA SERRA;8.664.894,66;0,00;0,00;324.801,33;324.801,33;8.989.695,99;;;;
PR;4115804;MEDIANEIRA;41.052.645,90;0,00;0,00;900.748,53;900.748,53;41.953.394,43;;;;
PR;4115853;MERCEDES;4.749.788,86;0,00;0,00;0,00;0,00;4.749.788,86;;;;
PR;4115903;MIRADOR;2.260.880,80;0,00;0,00;0,00;0,00;2.260.880,80;;;;
PR;4116000;MIRASELVA;1.535.412,09;0,00;0,00;31.556,27;31.556,27;1.566.968,36;;;;
PR;4116059;MISSAL;7.817.650,09;0,00;0,00;0,00;0,00;7.817.650,09;;;;
PR;4116109;MOREIRA SALES;8.248.337,25;0,00;0,00;0,00;0,00;8.248.337,25;;;;
PR;4116208;MORRETES;14.039.946,06;0,00;0,00;0,00;0,00;14.039.946,06;;;;
PR;4116307;MUNHOZ DE MELO;3.306.537,82;0,00;0,00;0,00;0,00;3.306.537,82;;;;
PR;4116406;NOSSA SENHORA DAS GRACAS;2.724.424,02;0,00;0,00;0,00;0,00;2.724.424,02;;;;
PR;4116505;NOVA ALIANCA DO IVAI;1.209.690,13;0,00;0,00;20.542,37;20.542,37;1.230.232,50;;;;
PR;4116604;NOVA AMERICA DA COLINA;2.685.008,25;0,00;0,00;0,00;0,00;2.685.008,25;;;;
PR;4116703;NOVA AURORA;9.158.200,22;0,00;0,00;354.292,49;354.292,49;9.512.492,71;;;;
PR;4116802;NOVA CANTU;5.536.498,59;0,00;0,00;0,00;0,00;5.536.498,59;;;;
PR;4116901;NOVA ESPERANCA;17.743.176,02;0,00;0,00;0,00;0,00;17.743.176,02;;;;
PR;4116950;NOVA ESPERANCA DO SUDOESTE;4.046.541,47;0,00;0,00;186.946,44;186.946,44;4.233.487,91;;;;
PR;4117008;NOVA FATIMA;5.479.738,40;0,00;0,00;216.546,30;216.546,30;5.696.284,70;;;;
PR;4117057;NOVA LARANJEIRAS;5.823.003,33;0,00;0,00;220.712,74;220.712,74;6.043.716,07;;;;
PR;4117107;NOVA LONDRINA;10.236.603,58;0,00;0,00;0,00;0,00;10.236.603,58;;;;
PR;4117206;NOVA OLIMPIA;4.537.110,79;0,00;0,00;93.110,92;93.110,92;4.630.221,71;;;;
PR;4117255;NOVA PRATA DO IGUACU;8.792.939,88;0,00;0,00;329.221,38;329.221,38;9.122.161,26;;;;
PR;4117214;NOVA SANTA BARBARA;4.087.537,56;0,00;78.038,00;0,00;78.038,00;4.165.575,56;;;;
PR;4117222;NOVA SANTA ROSA;7.215.151,18;0,00;0,00;309.874,60;309.874,60;7.525.025,78;;;;
PR;4117271;NOVA TEBAS;5.933.462,54;0,00;0,00;0,00;0,00;5.933.462,54;;;;
PR;4117297;NOVO ITACOLOMI;2.222.298,97;0,00;0,00;76.046,62;76.046,62;2.298.345,59;;;;
PR;4117305;ORTIGUEIRA;16.391.266,10;0,00;0,00;0,00;0,00;16.391.266,10;;;;
PR;4117404;OURIZONA;2.258.768,31;0,00;0,00;49.997,30;49.997,30;2.308.765,61;;;;
PR;4117453;OURO VERDE DO OESTE;5.125.452,71;0,00;0,00;109.233,24;109.233,24;5.234.685,95;;;;
PR;4117503;PAICANDU;35.904.635,81;0,00;6.395.395,92;1.633.752,49;8.029.148,41;43.933.784,22;;;;
PR;4117602;PALMAS;37.294.891,78;0,00;0,00;1.558.104,39;1.558.104,39;38.852.996,17;;;;
PR;4117701;PALMEIRA;23.792.174,54;0,00;0,00;910.892,91;910.892,91;24.703.067,45;;;;
PR;4117800;PALMITAL;9.561.930,18;0,00;0,00;0,00;0,00;9.561.930,18;;;;
PR;4117909;PALOTINA;25.766.707,91;0,00;0,00;573.229,96;573.229,96;26.339.937,87;;;;
PR;4118006;PARAISO DO NORTE;11.872.551,23;0,00;0,00;192.707,00;192.707,00;12.065.258,23;;;;
PR;4118105;PARANACITY;7.507.274,63;0,00;0,00;282.557,23;282.557,23;7.789.831,86;;;;
PR;4118204;PARANAGUA;96.254.034,79;0,00;0,00;0,00;0,00;96.254.034,79;;;;
PR;4118303;PARANAPOEMA;2.000.315,74;0,00;0,00;0,00;0,00;2.000.315,74;;;;
PR;4118402;PARANAVAI;66.961.426,92;0,00;0,00;0,00;0,00;66.961.426,92;;;;
PR;4118451;PATO BRAGADO;5.320.858,14;0,00;0,00;233.248,29;233.248,29;5.554.106,43;;;;
PR;4118501;PATO BRANCO;59.554.949,67;0,00;0,00;1.187.218,59;1.187.218,59;60.742.168,26;;;;
PR;4118600;PAULA FREITAS;4.255.277,08;0,00;0,00;0,00;0,00;4.255.277,08;;;;
PR;4118709;PAULO FRONTIN;4.492.255,25;0,00;0,00;172.454,47;172.454,47;4.664.709,72;;;;
PR;4118808;PEABIRU;10.871.770,70;0,00;0,00;0,00;0,00;10.871.770,70;;;;
PR;4118857;PEROBAL;5.865.974,02;0,00;0,00;0,00;0,00;5.865.974,02;;;;
PR;4118907;PEROLA;8.901.284,67;0,00;0,00;157.201,67;157.201,67;9.058.486,34;;;;
PR;4119004;PEROLA DOESTE;4.268.606,12;0,00;0,00;86.335,92;86.335,92;4.354.942,04;;;;
PR;4119103;PIEN;11.735.693,64;0,00;0,00;0,00;0,00;11.735.693,64;;;;
PR;4119152;PINHAIS;88.713.116,22;0,00;0,00;0,00;0,00;88.713.116,22;;;;
PR;4119251;PINHAL DE SAO BENTO;2.419.021,66;0,00;0,00;0,00;0,00;2.419.021,66;;;;
PR;4119202;PINHALAO;5.043.546,45;0,00;0,00;0,00;0,00;5.043.546,45;;;;
PR;4119301;PINHAO;23.647.269,18;0,00;0,00;0,00;0,00;23.647.269,18;;;;
PR;4119400;PIRAI DO SUL;16.857.553,25;0,00;0,00;0,00;0,00;16.857.553,25;;;;
PR;4119509;PIRAQUARA;77.745.890,64;0,00;0,00;0,00;0,00;77.745.890,64;;;;
PR;4119608;PITANGA;23.213.141,21;0,00;0,00;0,00;0,00;23.213.141,21;;;;
PR;4119657;PITANGUEIRAS;2.407.717,43;0,00;0,00;49.308,94;49.308,94;2.457.026,37;;;;
PR;4119707;PLANALTINA DO PARANA;3.699.924,32;0,00;0,00;0,00;0,00;3.699.924,32;;;;
PR;4119806;PLANALTO;9.249.252,08;0,00;0,00;344.039,42;344.039,42;9.593.291,50;;;;
PR;4119905;PONTA GROSSA;239.591.454,63;0,00;0,00;8.386.866,63;8.386.866,63;247.978.321,26;;;;
PR;4119954;PONTAL DO PARANA;25.181.675,20;0,00;0,00;465.590,84;465.590,84;25.647.266,04;;;;
PR;4120002;PORECATU;6.727.716,82;0,00;0,00;0,00;0,00;6.727.716,82;;;;
PR;4120101;PORTO AMAZONAS;3.173.068,81;0,00;0,00;108.182,57;108.182,57;3.281.251,38;;;;
PR;4120150;PORTO BARREIRO;2.362.376,29;0,00;0,00;0,00;0,00;2.362.376,29;;;;
PR;4120200;PORTO RICO;3.120.678,96;0,00;0,00;61.337,27;61.337,27;3.182.016,23;;;;
PR;4120309;PORTO VITORIA;2.962.767,92;0,00;0,00;0,00;0,00;2.962.767,92;;;;
PR;4120333;PRADO FERREIRA;3.204.521,15;0,00;0,00;0,00;0,00;3.204.521,15;;;;
PR;4120358;PRANCHITA;4.672.556,39;0,00;0,00;108.834,71;108.834,71;4.781.391,10;;;;
PR;4120408;PRESIDENTE CASTELO BRANCO;3.450.201,55;0,00;0,00;64.018,29;64.018,29;3.514.219,84;;;;
PR;4120507;PRIMEIRO DE MAIO;5.856.922,15;0,00;0,00;106.407,31;106.407,31;5.963.329,46;;;;
PR;4120606;PRUDENTOPOLIS;32.134.868,92;0,00;0,00;0,00;0,00;32.134.868,92;;;;
PR;4120655;QUARTO CENTENARIO;3.517.437,47;0,00;0,00;67.822,43;67.822,43;3.585.259,90;;;;
PR;4120705;QUATIGUA;5.864.143,44;0,00;0,00;0,00;0,00;5.864.143,44;;;;
PR;4120804;QUATRO BARRAS;16.740.815,75;0,00;0,00;0,00;0,00;16.740.815,75;;;;
PR;4120853;QUATRO PONTES;3.965.721,52;0,00;0,00;144.303,81;144.303,81;4.110.025,33;;;;
PR;4120903;QUEDAS DO IGUACU;23.532.083,75;0,00;1.149.761,58;428.418,93;1.578.180,51;25.110.264,26;;;;
PR;4121000;QUERENCIA DO NORTE;10.172.844,08;0,00;0,00;0,00;0,00;10.172.844,08;;;;
PR;4121109;QUINTA DO SOL;3.973.529,07;0,00;0,00;145.064,64;145.064,64;4.118.593,71;;;;
PR;4121208;QUITANDINHA;13.978.755,45;0,00;151.142,65;0,00;151.142,65;14.129.898,10;;;;
PR;4121257;RAMILANDIA;3.826.032,61;0,00;0,00;0,00;0,00;3.826.032,61;;;;
PR;4121307;RANCHO ALEGRE;2.211.043,61;0,00;0,00;0,00;0,00;2.211.043,61;;;;
PR;4121356;RANCHO ALEGRE DOESTE;1.723.571,41;0,00;0,00;33.874,99;33.874,99;1.757.446,40;;;;
PR;4121406;REALEZA;14.483.508,99;0,00;620.317,32;524.392,02;1.144.709,34;15.628.218,33;;;;
PR;4121505;REBOUCAS;11.367.815,02;0,00;0,00;491.169,17;491.169,17;11.858.984,19;;;;
PR;4121604;RENASCENCA;4.763.076,30;0,00;0,00;0,00;0,00;4.763.076,30;;;;
PR;4121703;RESERVA;18.870.901,13;0,00;0,00;0,00;0,00;18.870.901,13;;;;
PR;4121752;RESERVA DO IGUACU;6.533.133,43;0,00;0,00;0,00;0,00;6.533.133,43;;;;
PR;4121802;RIBEIRAO CLARO;8.305.289,62;0,00;0,00;201.800,71;201.800,71;8.507.090,33;;;;
PR;4121901;RIBEIRAO DO PINHAL;10.562.903,85;0,00;0,00;0,00;0,00;10.562.903,85;;;;
PR;4122008;RIO AZUL;9.568.495,42;0,00;0,00;0,00;0,00;9.568.495,42;;;;
PR;4122107;RIO BOM;2.098.376,25;0,00;0,00;38.584,88;38.584,88;2.136.961,13;;;;
PR;4122156;RIO BONITO DO IGUACU;10.614.417,30;0,00;0,00;0,00;0,00;10.614.417,30;;;;
PR;4122172;RIO BRANCO DO IVAI;3.272.404,52;0,00;0,00;64.416,82;64.416,82;3.336.821,34;;;;
PR;4122206;RIO BRANCO DO SUL;27.053.403,11;0,00;0,00;1.101.136,28;1.101.136,28;28.154.539,39;;;;
PR;4122305;RIO NEGRO;23.986.980,52;0,00;0,00;490.517,03;490.517,03;24.477.497,55;;;;
PR;4122404;ROLANDIA;47.036.027,87;0,00;0,00;0,00;0,00;47.036.027,87;;;;
PR;4122503;RONCADOR;7.193.100,87;0,00;0,00;155.209,02;155.209,02;7.348.309,89;;;;
PR;4122602;RONDON;6.602.446,19;0,00;0,00;136.695,53;136.695,53;6.739.141,72;;;;
PR;4122651;ROSARIO DO IVAI;4.479.112,67;0,00;0,00;79.017,48;79.017,48;4.558.130,15;;;;
PR;4122701;SABAUDIA;8.471.615,13;0,00;0,00;0,00;0,00;8.471.615,13;;;;
PR;4122800;SALGADO FILHO;3.587.562,77;0,00;0,00;151.730,95;151.730,95;3.739.293,72;;;;
PR;4122909;SALTO DO ITARARE;4.045.309,88;0,00;0,00;149.593,38;149.593,38;4.194.903,26;;;;
PR;4123006;SALTO DO LONTRA;9.846.214,60;0,00;0,00;208.793,09;208.793,09;10.055.007,69;;;;
PR;4123105;SANTA AMELIA;3.255.088,27;0,00;0,00;0,00;0,00;3.255.088,27;;;;
PR;4123204;SANTA CECILIA DO PAVAO;2.884.654,41;0,00;0,00;0,00;0,00;2.884.654,41;;;;
PR;4123303;SANTA CRUZ DE MONTE CASTELO;7.223.463,35;0,00;122.464,90;0,00;122.464,90;7.345.928,25;;;;
PR;4123402;SANTA FE;7.899.365,15;0,00;0,00;0,00;0,00;7.899.365,15;;;;
PR;4123501;SANTA HELENA;23.007.765,03;0,00;1.947.018,08;0,00;1.947.018,08;24.954.783,11;;;;
PR;4123600;SANTA INES;1.374.043,70;0,00;0,00;0,00;0,00;1.374.043,70;;;;
PR;4123709;SANTA ISABEL DO IVAI;6.465.119,70;0,00;0,00;251.073,42;251.073,42;6.716.193,12;;;;
PR;4123808;SANTA IZABEL DO OESTE;9.460.904,65;0,00;0,00;218.792,55;218.792,55;9.679.697,20;;;;
PR;4123824;SANTA LUCIA;2.438.862,27;0,00;0,00;0,00;0,00;2.438.862,27;;;;
PR;4123857;SANTA MARIA DO OESTE;7.347.655,15;0,00;0,00;0,00;0,00;7.347.655,15;;;;
PR;4123907;SANTA MARIANA;6.556.972,39;0,00;0,00;239.117,54;239.117,54;6.796.089,93;;;;
PR;4123956;SANTA MONICA;3.390.400,02;0,00;0,00;0,00;0,00;3.390.400,02;;;;
PR;4124020;SANTA TEREZA DO OESTE;11.619.817,25;0,00;0,00;0,00;0,00;11.619.817,25;;;;
PR;4124053;SANTA TEREZINHA DE ITAIPU;16.749.733,21;0,00;0,00;0,00;0,00;16.749.733,21;;;;
PR;4124004;SANTANA DO ITARARE;4.255.939,34;0,00;0,00;179.664,23;179.664,23;4.435.603,57;;;;
PR;4124103;SANTO ANTONIO DA PLATINA;29.011.508,04;0,00;0,00;1.264.098,51;1.264.098,51;30.275.606,55;;;;
PR;4124202;SANTO ANTONIO DO CAIUA;2.299.619,36;0,00;0,00;39.635,54;39.635,54;2.339.254,90;;;;
PR;4124301;SANTO ANTONIO DO PARAISO;1.681.941,25;0,00;0,00;0,00;0,00;1.681.941,25;;;;
PR;4124400;SANTO ANTONIO DO SUDOESTE;16.154.942,53;0,00;1.386.252,69;665.362,67;2.051.615,36;18.206.557,89;;;;
PR;4124509;SANTO INACIO;5.787.678,93;0,00;0,00;0,00;0,00;5.787.678,93;;;;
PR;4124608;SAO CARLOS DO IVAI;5.994.593,13;0,00;1.540.965,53;0,00;1.540.965,53;7.535.558,66;;;;
PR;4124707;SAO JERONIMO DA SERRA;5.800.787,12;0,00;0,00;103.219,07;103.219,07;5.904.006,19;;;;
PR;4124806;SAO JOAO;9.327.203,94;0,00;0,00;0,00;0,00;9.327.203,94;;;;
PR;4124905;SAO JOAO DO CAIUA;5.407.136,77;0,00;152.834,96;0,00;152.834,96;5.559.971,73;;;;
PR;4125001;SAO JOAO DO IVAI;7.925.397,86;0,00;481.375,45;300.817,11;782.192,56;8.707.590,42;;;;
PR;4125100;SAO JOAO DO TRIUNFO;8.836.303,60;0,00;0,00;0,00;0,00;8.836.303,60;;;;
PR;4125308;SAO JORGE DO IVAI;3.746.807,90;0,00;0,00;0,00;0,00;3.746.807,90;;;;
PR;4125357;SAO JORGE DO PATROCINIO;5.200.609,51;0,00;0,00;198.684,94;198.684,94;5.399.294,45;;;;
PR;4125209;SAO JORGE DOESTE;7.483.267,66;0,00;0,00;336.467,37;336.467,37;7.819.735,03;;;;
PR;4125407;SAO JOSE DA BOA VISTA;3.912.205,94;0,00;0,00;0,00;0,00;3.912.205,94;;;;
PR;4125456;SAO JOSE DAS PALMEIRAS;3.085.680,54;0,00;0,00;0,00;0,00;3.085.680,54;;;;
PR;4125506;SAO JOSE DOS PINHAIS;196.168.280,47;0,00;0,00;0,00;0,00;196.168.280,47;;;;
PR;4125555;SAO MANOEL DO PARANA;1.689.123,93;0,00;0,00;0,00;0,00;1.689.123,93;;;;
PR;4125605;SAO MATEUS DO SUL;32.420.687,97;0,00;0,00;733.583,63;733.583,63;33.154.271,60;;;;
PR;4125704;SAO MIGUEL DO IGUACU;21.399.431,34;0,00;0,00;424.071,34;424.071,34;21.823.502,68;;;;
PR;4125753;SAO PEDRO DO IGUACU;5.001.749,64;0,00;0,00;199.192,16;199.192,16;5.200.941,80;;;;
PR;4125803;SAO PEDRO DO IVAI;6.282.672,81;0,00;0,00;0,00;0,00;6.282.672,81;;;;
PR;4125902;SAO PEDRO DO PARANA;2.269.446,05;0,00;0,00;39.237,01;39.237,01;2.308.683,06;;;;
PR;4126009;SAO SEBASTIAO DA AMOREIRA;5.072.270,41;0,00;0,00;230.458,59;230.458,59;5.302.729,00;;;;
PR;4126108;SAO TOME;4.521.389,59;0,00;0,00;106.045,01;106.045,01;4.627.434,60;;;;
PR;4126207;SAPOPEMA;5.751.935,70;0,00;0,00;215.133,33;215.133,33;5.967.069,03;;;;
PR;4126256;SARANDI;73.757.617,59;0,00;2.656.496,42;0,00;2.656.496,42;76.414.114,01;;;;
PR;4126272;SAUDADE DO IGUACU;5.608.968,78;0,00;0,00;0,00;0,00;5.608.968,78;;;;
PR;4126306;SENGES;14.045.996,53;0,00;0,00;605.257,22;605.257,22;14.651.253,75;;;;
PR;4126355;SERRANOPOLIS DO IGUACU;3.221.881,86;0,00;0,00;85.104,11;85.104,11;3.306.985,97;;;;
PR;4126405;SERTANEJA;4.712.815,68;0,00;0,00;0,00;0,00;4.712.815,68;;;;
PR;4126504;SERTANOPOLIS;10.222.452,50;0,00;0,00;0,00;0,00;10.222.452,50;;;;
PR;4126603;SIQUEIRA CAMPOS;17.830.353,51;0,00;178.449,63;0,00;178.449,63;18.008.803,14;;;;
PR;4126652;SULINA;2.189.819,54;0,00;0,00;79.959,46;79.959,46;2.269.779,00;;;;
PR;4126678;TAMARANA;7.258.526,72;0,00;0,00;0,00;0,00;7.258.526,72;;;;
PR;4126702;TAMBOARA;3.491.487,03;0,00;0,00;0,00;0,00;3.491.487,03;;;;
PR;4126801;TAPEJARA;11.901.882,69;0,00;0,00;486.604,20;486.604,20;12.388.486,89;;;;
PR;4126900;TAPIRA;3.843.013,92;0,00;0,00;0,00;0,00;3.843.013,92;;;;
PR;4127007;TEIXEIRA SOARES;7.203.426,75;0,00;0,00;132.782,70;132.782,70;7.336.209,45;;;;
PR;4127106;TELEMACO BORBA;54.118.271,70;0,00;0,00;0,00;0,00;54.118.271,70;;;;
PR;4127205;TERRA BOA;13.508.209,54;0,00;0,00;590.366,72;590.366,72;14.098.576,26;;;;
PR;4127304;TERRA RICA;12.089.805,18;0,00;0,00;436.824,27;436.824,27;12.526.629,45;;;;
PR;4127403;TERRA ROXA;13.929.284,22;0,00;0,00;606.778,88;606.778,88;14.536.063,10;;;;
PR;4127502;TIBAGI;15.466.924,41;0,00;0,00;586.019,13;586.019,13;16.052.943,54;;;;
PR;4127601;TIJUCAS DO SUL;14.624.585,93;0,00;0,00;536.927,57;536.927,57;15.161.513,50;;;;
PR;4127700;TOLEDO;96.523.210,85;0,00;0,00;3.785.810,37;3.785.810,37;100.309.021,22;;;;
PR;4127809;TOMAZINA;5.897.416,31;0,00;0,00;0,00;0,00;5.897.416,31;;;;
PR;4127858;TRES BARRAS DO PARANA;8.685.913,39;0,00;0,00;0,00;0,00;8.685.913,39;;;;
PR;4127882;TUNAS DO PARANA;6.134.112,00;0,00;0,00;0,00;0,00;6.134.112,00;;;;
PR;4127908;TUNEIRAS DO OESTE;6.519.186,46;0,00;0,00;0,00;0,00;6.519.186,46;;;;
PR;4127957;TUPASSI;5.383.392,98;0,00;0,00;132.746,47;132.746,47;5.516.139,45;;;;
PR;4127965;TURVO;11.782.074,06;0,00;0,00;0,00;0,00;11.782.074,06;;;;
PR;4128005;UBIRATA;19.175.155,72;0,00;0,00;742.170,13;742.170,13;19.917.325,85;;;;
PR;4128104;UMUARAMA;66.434.778,90;0,00;0,00;2.910.785,08;2.910.785,08;69.345.563,98;;;;
PR;4128203;UNIAO DA VITORIA;37.317.247,08;0,00;0,00;0,00;0,00;37.317.247,08;;;;
PR;4128302;UNIFLOR;1.542.998,59;0,00;0,00;0,00;0,00;1.542.998,59;;;;
PR;4128401;URAI;5.547.795,02;0,00;0,00;0,00;0,00;5.547.795,02;;;;
PR;4128534;VENTANIA;7.253.177,40;0,00;0,00;0,00;0,00;7.253.177,40;;;;
PR;4128559;VERA CRUZ DO OESTE;5.501.322,05;0,00;0,00;221.727,18;221.727,18;5.723.049,23;;;;
PR;4128609;VERE;5.900.196,56;0,00;0,00;0,00;0,00;5.900.196,56;;;;
PR;4128658;VIRMOND;2.956.731,51;0,00;0,00;124.739,65;124.739,65;3.081.471,16;;;;
PR;4128708;VITORINO;6.138.598,25;0,00;0,00;0,00;0,00;6.138.598,25;;;;
PR;4128500;WENCESLAU BRAZ;13.309.959,62;0,00;0,00;484.104,33;484.104,33;13.794.063,95;;;;
PR;4128807;XAMBRE;4.724.569,60;0,00;7.297,57;0,00;7.297,57;4.731.867,17;;;;
RJ;3300100;ANGRA DOS REIS;135.452.408,32;11.760.480,69;0,00;0,00;11.760.480,69;147.212.889,01;;;;
RJ;3300159;APERIBE;6.886.079,97;597.875,01;0,00;151.259,96;749.134,97;7.635.214,94;;;;
RJ;3300209;ARARUAMA;113.996.195,57;9.897.572,69;0,00;0,00;9.897.572,69;123.893.768,26;;;;
RJ;3300225;AREAL;10.832.611,43;940.527,52;0,00;0,00;940.527,52;11.773.138,95;;;;
RJ;3300233;ARMACAO DOS BUZIOS;50.003.585,47;4.341.496,83;0,00;1.086.680,54;5.428.177,37;55.431.762,84;;;;
RJ;3300258;ARRAIAL DO CABO;29.815.272,99;2.588.672,63;0,00;641.813,22;3.230.485,85;33.045.758,84;;;;
RJ;3300308;BARRA DO PIRAI;44.236.341,79;3.840.763,33;0,00;0,00;3.840.763,33;48.077.105,12;;;;
RJ;3300407;BARRA MANSA;91.402.607,20;7.935.913,51;0,00;5.116.861,78;13.052.775,29;104.455.382,49;;;;
RJ;3300456;BELFORD ROXO;249.740.722,70;21.683.416,22;83.633.679,01;0,00;105.317.095,23;355.057.817,93;;;;
RJ;3300506;BOM JARDIM;14.151.329,93;1.228.670,97;0,00;0,00;1.228.670,97;15.380.000,90;;;;
RJ;3300605;BOM JESUS DO ITABAPOANA;24.885.305,64;2.160.634,57;0,00;546.129,97;2.706.764,54;27.592.070,18;;;;
RJ;3300704;CABO FRIO;177.242.871,68;15.388.883,79;0,00;8.614.245,67;24.003.129,46;201.246.001,14;;;;
RJ;3300803;CACHOEIRAS DE MACACU;38.227.459,18;3.319.049,85;0,00;0,00;3.319.049,85;41.546.509,03;;;;
RJ;3300902;CAMBUCI;9.103.944,86;790.438,27;0,00;0,00;790.438,27;9.894.383,13;;;;
RJ;3301009;CAMPOS DOS GOYTACAZES;308.263.710,89;26.764.599,21;0,00;0,00;26.764.599,21;335.028.310,10;;;;
RJ;3301108;CANTAGALO;10.315.455,41;895.626,11;0,00;0,00;895.626,11;11.211.081,52;;;;
RJ;3300936;CARAPEBUS;11.748.867,34;1.020.080,26;0,00;568.375,15;1.588.455,41;13.337.322,75;;;;
RJ;3301157;CARDOSO MOREIRA;12.530.612,92;1.087.954,31;0,00;274.840,25;1.362.794,56;13.893.407,48;;;;
RJ;3301207;CARMO;10.130.187,72;879.540,49;0,00;0,00;879.540,49;11.009.728,21;;;;
RJ;3301306;CASIMIRO DE ABREU;41.654.913,45;3.616.634,15;0,00;0,00;3.616.634,15;45.271.547,60;;;;
RJ;3300951;COMENDADOR LEVY GASPARIAN;9.215.404,30;800.115,60;0,00;0,00;800.115,60;10.015.519,90;;;;
RJ;3301405;CONCEICAO DE MACABU;15.490.067,69;1.344.905,15;0,00;0,00;1.344.905,15;16.834.972,84;;;;
RJ;3301504;CORDEIRO;13.701.021,66;1.189.573,54;0,00;382.950,37;1.572.523,91;15.273.545,57;;;;
RJ;3301603;DUAS BARRAS;10.364.506,18;899.884,89;0,00;0,00;899.884,89;11.264.391,07;;;;
RJ;3301702;DUQUE DE CAXIAS;420.924.553,75;36.546.231,62;0,00;18.662.544,46;55.208.776,08;476.133.329,83;;;;
RJ;3301801;ENGENHEIRO PAULO DE FRONTIN;9.607.190,68;834.131,94;0,00;0,00;834.131,94;10.441.322,62;;;;
RJ;3301850;GUAPIMIRIM;46.881.124,08;4.070.393,15;0,00;0,00;4.070.393,15;50.951.517,23;;;;
RJ;3301876;IGUABA GRANDE;27.384.025,63;2.377.582,72;0,00;1.274.677,65;3.652.260,37;31.036.286,00;;;;
RJ;3301900;ITABORAI;161.671.212,52;14.036.894,56;0,00;7.868.706,16;21.905.600,72;183.576.813,24;;;;
RJ;3302007;ITAGUAI;109.536.888,77;9.510.399,13;0,00;0,00;9.510.399,13;119.047.287,90;;;;
RJ;3302056;ITALVA;8.807.547,17;764.703,93;0,00;0,00;764.703,93;9.572.251,10;;;;
RJ;3302106;ITAOCARA;11.677.843,74;1.013.913,72;0,00;0,00;1.013.913,72;12.691.757,46;;;;
RJ;3302205;ITAPERUNA;57.042.006,91;4.952.598,70;0,00;2.348.460,33;7.301.059,03;64.343.065,94;;;;
RJ;3302254;ITATIAIA;30.212.572,94;2.623.167,69;0,00;0,00;2.623.167,69;32.835.740,63;;;;
RJ;3302270;JAPERI;71.912.199,40;6.243.683,99;0,00;3.594.190,26;9.837.874,25;81.750.073,65;;;;
RJ;3302304;LAJE DO MURIAE;5.697.261,95;494.657,42;0,00;0,00;494.657,42;6.191.919,37;;;;
RJ;3302403;MACAE;224.359.317,29;19.479.708,42;0,00;0,00;19.479.708,42;243.839.025,71;;;;
RJ;3302452;MACUCO;5.097.155,38;442.553,94;0,00;0,00;442.553,94;5.539.709,32;;;;
RJ;3302502;MAGE;218.264.681,87;18.950.549,56;14.281.153,99;0,00;33.231.703,55;251.496.385,42;;;;
RJ;3302601;MANGARATIBA;42.830.051,05;3.718.663,95;0,00;0,00;3.718.663,95;46.548.715,00;;;;
RJ;3302700;MARICA;163.415.117,98;14.188.306,90;0,00;0,00;14.188.306,90;177.603.424,88;;;;
RJ;3302809;MENDES;13.229.784,43;1.148.658,97;0,00;0,00;1.148.658,97;14.378.443,40;;;;
RJ;3302858;MESQUITA;84.258.853,69;7.315.666,32;14.080.643,09;4.260.422,46;25.656.731,87;109.915.585,56;;;;
RJ;3302908;MIGUEL PEREIRA;20.943.593,17;1.818.400,47;0,00;0,00;1.818.400,47;22.761.993,64;;;;
RJ;3303005;MIRACEMA;19.219.532,02;1.668.711,09;0,00;884.807,36;2.553.518,45;21.773.050,47;;;;
RJ;3303104;NATIVIDADE;8.616.463,14;748.113,30;0,00;0,00;748.113,30;9.364.576,44;;;;
RJ;3303203;NILOPOLIS;64.679.712,66;5.615.732,65;0,00;3.586.038,53;9.201.771,18;73.881.483,84;;;;
RJ;3303302;NITEROI;168.273.899,14;14.610.164,31;0,00;0,00;14.610.164,31;182.884.063,45;;;;
RJ;3303401;NOVA FRIBURGO;105.121.097,60;9.127.003,75;0,00;4.585.984,61;13.712.988,36;118.834.085,96;;;;
RJ;3303500;NOVA IGUACU;336.461.582,08;29.212.843,02;0,00;9.614.517,83;38.827.360,85;375.288.942,93;;;;
RJ;3303609;PARACAMBI;26.452.950,21;2.296.743,29;0,00;1.297.828,57;3.594.571,86;30.047.522,07;;;;
RJ;3303708;PARAIBA DO SUL;33.263.186,72;2.888.033,30;0,00;0,00;2.888.033,30;36.151.220,02;;;;
RJ;3303807;PARATY;34.695.061,81;3.012.354,00;0,00;1.720.704,32;4.733.058,32;39.428.120,13;;;;
RJ;3303856;PATY DO ALFERES;25.987.012,99;2.256.288,89;0,00;0,00;2.256.288,89;28.243.301,88;;;;
RJ;3303906;PETROPOLIS;205.893.758,57;17.876.460,10;0,00;0,00;17.876.460,10;223.770.218,67;;;;
RJ;3303955;PINHEIRAL;21.260.548,93;1.845.919,75;0,00;0,00;1.845.919,75;23.106.468,68;;;;
RJ;3304003;PIRAI;23.555.031,93;2.045.135,27;0,00;0,00;2.045.135,27;25.600.167,20;;;;
RJ;3304102;PORCIUNCULA;11.742.565,78;1.019.533,13;0,00;0,00;1.019.533,13;12.762.098,91;;;;
RJ;3304110;PORTO REAL;18.425.047,56;1.599.731,00;0,00;994.439,13;2.594.170,13;21.019.217,69;;;;
RJ;3304128;QUATIS;12.720.415,02;1.104.433,63;0,00;581.997,60;1.686.431,23;14.406.846,25;;;;
RJ;3304144;QUEIMADOS;74.915.283,33;6.504.422,88;0,00;1.681.865,84;8.186.288,72;83.101.572,05;;;;
RJ;3304151;QUISSAMA;25.781.975,22;2.238.486,75;0,00;1.237.034,75;3.475.521,50;29.257.496,72;;;;
RJ;3304201;RESENDE;77.892.445,76;6.762.911,17;0,00;3.857.364,48;10.620.275,65;88.512.721,41;;;;
RJ;3304300;RIO BONITO;45.771.750,68;3.974.073,23;0,00;0,00;3.974.073,23;49.745.823,91;;;;
RJ;3304409;RIO CLARO;15.029.995,59;1.304.959,99;0,00;431.172,40;1.736.132,39;16.766.127,98;;;;
RJ;3304508;RIO DAS FLORES;9.634.590,80;836.510,92;0,00;220.531,59;1.057.042,51;10.691.633,31;;;;
RJ;3304524;RIO DAS OSTRAS;125.246.914,61;10.874.401,86;0,00;6.568.269,03;17.442.670,89;142.689.585,50;;;;
RJ;3304557;RIO DE JANEIRO;3.920.537.067,23;340.395.575,53;0,00;84.768.871,37;425.164.446,90;4.345.701.514,13;;;;
RJ;3304607;SANTA MARIA MADALENA;8.206.655,85;712.532,31;0,00;0,00;712.532,31;8.919.188,16;;;;
RJ;3304706;SANTO ANTONIO DE PADUA;30.488.136,21;2.647.093,11;0,00;654.566,16;3.301.659,27;33.789.795,48;;;;
RJ;3304805;SAO FIDELIS;27.218.995,69;2.363.254,20;0,00;0,00;2.363.254,20;29.582.249,89;;;;
RJ;3304755;SAO FRANCISCO DE ITABAPOANA;50.140.218,14;4.353.359,79;0,00;0,00;4.353.359,79;54.493.577,93;;;;
RJ;3304904;SAO GONCALO;255.392.363,58;22.174.112,65;0,00;0,00;22.174.112,65;277.566.476,23;;;;
RJ;3305000;SAO JOAO DA BARRA;46.703.421,42;4.054.964,34;0,00;0,00;4.054.964,34;50.758.385,76;;;;
RJ;3305109;SAO JOAO DE MERITI;159.701.310,06;13.865.860,32;33.160.853,54;3.693.424,04;50.720.137,90;210.421.447,96;;;;
RJ;3305133;SAO JOSE DE UBA;4.358.582,11;378.428,27;0,00;0,00;378.428,27;4.737.010,38;;;;
RJ;3305158;SAO JOSE DO VALE DO RIO PRETO;19.083.456,90;1.656.896,54;0,00;931.507,74;2.588.404,28;21.671.861,18;;;;
RJ;3305208;SAO PEDRO DA ALDEIA;73.906.192,75;6.416.809,89;0,00;1.847.690,23;8.264.500,12;82.170.692,87;;;;
RJ;3305307;SAO SEBASTIAO DO ALTO;5.802.196,58;503.768,24;0,00;0,00;503.768,24;6.305.964,82;;;;
RJ;3305406;SAPUCAIA;13.700.676,35;1.189.543,56;0,00;349.111,61;1.538.655,17;15.239.331,52;;;;
RJ;3305505;SAQUAREMA;101.057.295,21;8.774.169,35;0,00;0,00;8.774.169,35;109.831.464,56;;;;
RJ;3305554;SEROPEDICA;74.834.788,73;6.497.434,04;0,00;0,00;6.497.434,04;81.332.222,77;;;;
RJ;3305604;SILVA JARDIM;23.565.985,06;2.046.086,27;0,00;0,00;2.046.086,27;25.612.071,33;;;;
RJ;3305703;SUMIDOURO;12.618.710,65;1.095.603,28;0,00;0,00;1.095.603,28;13.714.313,93;;;;
RJ;3305752;TANGUA;29.668.540,66;2.575.932,79;0,00;1.457.059,12;4.032.991,91;33.701.532,57;;;;
RJ;3305802;TERESOPOLIS;121.384.242,83;10.539.030,36;0,00;2.994.621,14;13.533.651,50;134.917.894,33;;;;
RJ;3305901;TRAJANO DE MORAES;6.996.543,40;607.465,86;0,00;0,00;607.465,86;7.604.009,26;;;;
RJ;3306008;TRES RIOS;55.269.915,94;4.798.739,18;0,00;2.505.082,32;7.303.821,50;62.573.737,44;;;;
RJ;3306107;VALENCA;50.700.277,86;4.401.986,25;0,00;2.461.316,56;6.863.302,81;57.563.580,67;;;;
RJ;3306156;VARRE-SAI;8.145.517,42;707.224,05;0,00;163.759,29;870.983,34;9.016.500,76;;;;
RJ;3306206;VASSOURAS;21.315.259,80;1.850.669,95;0,00;0,00;1.850.669,95;23.165.929,75;;;;
RJ;3306305;VOLTA REDONDA;190.364.118,72;16.528.119,14;0,00;8.849.015,62;25.377.134,76;215.741.253,48;;;;
RN;2400109;ACARI;9.057.882,77;0,00;1.435.822,19;164.520,11;1.600.342,30;10.658.225,07;;;;
RN;2400208;ACU;39.403.109,88;0,00;0,00;0,00;0,00;39.403.109,88;;;;
RN;2400307;AFONSO BEZERRA;11.004.532,79;0,00;742.808,90;196.728,52;939.537,42;11.944.070,21;;;;
RN;2400406;AGUA NOVA;3.766.821,14;0,00;0,00;0,00;0,00;3.766.821,14;;;;
RN;2400505;ALEXANDRIA;11.632.242,18;0,00;2.518.528,07;0,00;2.518.528,07;14.150.770,25;;;;
RN;2400604;ALMINO AFONSO;2.576.520,51;0,00;0,00;49.997,30;49.997,30;2.626.517,81;;;;
RN;2400703;ALTO DO RODRIGUES;17.370.031,23;0,00;0,00;665.833,66;665.833,66;18.035.864,89;;;;
RN;2400802;ANGICOS;8.033.282,17;0,00;0,00;139.738,84;139.738,84;8.173.021,01;;;;
RN;2400901;ANTONIO MARTINS;5.378.667,70;0,00;884.816,24;0,00;884.816,24;6.263.483,94;;;;
RN;2401008;APODI;20.632.996,27;0,00;2.187.445,72;734.380,69;2.921.826,41;23.554.822,68;;;;
RN;2401107;AREIA BRANCA;20.840.314,97;0,00;0,00;486.024,52;486.024,52;21.326.339,49;;;;
RN;2401206;ARES;17.467.201,31;0,00;3.293.809,16;0,00;3.293.809,16;20.761.010,47;;;;
RN;2401305;AUGUSTO SEVERO;8.173.093,54;0,00;1.076.549,39;0,00;1.076.549,39;9.249.642,93;;;;
RN;2401404;BAIA FORMOSA;11.253.323,87;0,00;4.217.784,91;0,00;4.217.784,91;15.471.108,78;;;;
RN;2401453;BARAUNA;29.618.402,92;0,00;6.392.246,44;1.001.214,13;7.393.460,57;37.011.863,49;;;;
RN;2401503;BARCELONA;5.573.347,23;0,00;0,00;0,00;0,00;5.573.347,23;;;;
RN;2401602;BENTO FERNANDES;6.495.868,51;0,00;0,00;127.638,05;127.638,05;6.623.506,56;;;;
RN;2401651;BODO;4.566.647,33;0,00;0,00;87.785,12;87.785,12;4.654.432,45;;;;
RN;2401701;BOM JESUS;11.979.076,92;0,00;2.557.114,06;0,00;2.557.114,06;14.536.190,98;;;;
RN;2401800;BREJINHO;10.567.961,07;0,00;2.030.250,70;213.466,75;2.243.717,45;12.811.678,52;;;;
RN;2401859;CAICARA DO NORTE;5.272.302,88;0,00;745.702,61;97.530,97;843.233,58;6.115.536,46;;;;
RN;2401909;CAICARA DO RIO DO VENTO;4.122.523,22;0,00;0,00;56.120,16;56.120,16;4.178.643,38;;;;
RN;2402006;CAICO;34.398.866,80;0,00;3.232.756,65;1.352.101,01;4.584.857,66;38.983.724,46;;;;
RN;2402105;CAMPO REDONDO;16.635.205,55;0,00;3.394.340,83;677.028,71;4.071.369,54;20.706.575,09;;;;
RN;2402204;CANGUARETAMA;42.895.964,42;0,00;13.993.055,63;0,00;13.993.055,63;56.889.020,05;;;;
RN;2402303;CARAUBAS;18.153.129,01;0,00;1.912.679,18;316.069,91;2.228.749,09;20.381.878,10;;;;
RN;2402402;CARNAUBA DOS DANTAS;8.178.509,21;0,00;3.399.963,68;0,00;3.399.963,68;11.578.472,89;;;;
RN;2402501;CARNAUBAIS;10.663.313,37;0,00;0,00;200.097,91;200.097,91;10.863.411,28;;;;
RN;2402600;CEARA MIRIM;73.727.367,34;0,00;16.487.032,60;1.229.064,16;17.716.096,76;91.443.464,10;;;;
RN;2402709;CERRO CORA;12.068.024,73;0,00;1.582.191,69;0,00;1.582.191,69;13.650.216,42;;;;
RN;2402808;CORONEL EZEQUIEL;5.625.826,07;0,00;1.250.628,61;193.576,52;1.444.205,13;7.070.031,20;;;;
RN;2402907;CORONEL JOAO PESSOA;5.860.289,12;0,00;215.097,55;105.682,71;320.780,26;6.181.069,38;;;;
RN;2403004;CRUZETA;8.173.750,34;0,00;2.417.851,14;0,00;2.417.851,14;10.591.601,48;;;;
RN;2403103;CURRAIS NOVOS;30.310.397,56;0,00;2.316.605,74;554.607,78;2.871.213,52;33.181.611,08;;;;
RN;2403202;DOUTOR SEVERIANO;11.082.367,65;0,00;3.509.545,34;388.203,71;3.897.749,05;14.980.116,70;;;;
RN;2403301;ENCANTO;8.184.031,64;0,00;3.663.010,84;261.362,72;3.924.373,56;12.108.405,20;;;;
RN;2403400;EQUADOR;6.403.905,19;0,00;527.244,36;0,00;527.244,36;6.931.149,55;;;;
RN;2403509;ESPIRITO SANTO;9.551.714,63;0,00;1.772.078,54;0,00;1.772.078,54;11.323.793,17;;;;
RN;2403608;EXTREMOZ;52.559.788,83;0,00;27.715.667,11;0,00;27.715.667,11;80.275.455,94;;;;
RN;2403707;FELIPE GUERRA;5.547.050,45;0,00;0,00;0,00;0,00;5.547.050,45;;;;
RN;2403756;FERNANDO PEDROZA;2.719.772,39;0,00;0,00;0,00;0,00;2.719.772,39;;;;
RN;2403806;FLORANIA;6.648.673,54;0,00;1.851.945,14;237.704,57;2.089.649,71;8.738.323,25;;;;
RN;2403905;FRANCISCO DANTAS;2.430.227,04;0,00;0,00;0,00;0,00;2.430.227,04;;;;
RN;2404002;FRUTUOSO GOMES;3.414.959,54;0,00;0,00;137.673,74;137.673,74;3.552.633,28;;;;
RN;2404101;GALINHOS;3.468.151,76;0,00;0,00;161.331,88;161.331,88;3.629.483,64;;;;
RN;2404200;GOIANINHA;43.202.934,07;0,00;8.771.607,24;1.558.249,31;10.329.856,55;53.532.790,62;;;;
RN;2404309;GOVERNADOR DIX-SEPT ROSADO;10.202.327,44;0,00;0,00;200.423,98;200.423,98;10.402.751,42;;;;
RN;2404408;GROSSOS;8.464.121,56;0,00;0,00;0,00;0,00;8.464.121,56;;;;
RN;2404507;GUAMARE;24.786.295,45;0,00;0,00;0,00;0,00;24.786.295,45;;;;
RN;2404606;IELMO MARINHO;19.471.905,69;0,00;5.774.361,57;0,00;5.774.361,57;25.246.267,26;;;;
RN;2404705;IPANGUACU;14.070.178,39;0,00;707.850,09;0,00;707.850,09;14.778.028,48;;;;
RN;2404804;IPUEIRA;2.523.629,71;0,00;0,00;36.338,62;36.338,62;2.559.968,33;;;;
RN;2404853;ITAJA;10.096.831,88;0,00;3.317.984,86;0,00;3.317.984,86;13.414.816,74;;;;
RN;2404903;ITAU;5.680.733,71;0,00;1.151.592,42;0,00;1.151.592,42;6.832.326,13;;;;
RN;2405009;JACANA;7.691.918,30;0,00;1.597.276,96;0,00;1.597.276,96;9.289.195,26;;;;
RN;2405108;JANDAIRA;8.317.450,76;0,00;0,00;142.528,55;142.528,55;8.459.979,31;;;;
RN;2405207;JANDUIS;6.880.441,30;0,00;3.653.356,80;0,00;3.653.356,80;10.533.798,10;;;;
RN;2405306;JANUARIO CICCO;11.525.056,28;0,00;2.769.657,13;0,00;2.769.657,13;14.294.713,41;;;;
RN;2405405;JAPI;5.723.119,85;0,00;859.066,20;0,00;859.066,20;6.582.186,05;;;;
RN;2405504;JARDIM DE ANGICOS;4.479.454,21;0,00;967.328,39;102.784,31;1.070.112,70;5.549.566,91;;;;
RN;2405603;JARDIM DE PIRANHAS;14.615.371,28;0,00;3.643.388,40;252.124,09;3.895.512,49;18.510.883,77;;;;
RN;2405702;JARDIM DO SERIDO;7.821.772,03;0,00;1.387.486,52;262.703,23;1.650.189,75;9.471.961,78;;;;
RN;2405801;JOAO CAMARA;33.472.373,83;0,00;172.741,79;734.634,30;907.376,09;34.379.749,92;;;;
RN;2405900;JOAO DIAS;2.775.339,97;0,00;0,00;45.178,72;45.178,72;2.820.518,69;;;;
RN;2406007;JOSE DA PENHA;6.671.766,84;0,00;1.625.733,73;0,00;1.625.733,73;8.297.500,57;;;;
RN;2406106;JUCURUTU;14.827.981,13;0,00;1.875.043,65;270.094,13;2.145.137,78;16.973.118,91;;;;
RN;2406155;JUNDIA;4.770.595,30;0,00;762.175,76;79.162,40;841.338,16;5.611.933,46;;;;
RN;2406205;LAGOA DANTA;7.519.528,64;0,00;1.793.762,45;0,00;1.793.762,45;9.313.291,09;;;;
RN;2406304;LAGOA DE PEDRAS;7.771.129,19;0,00;0,00;140.572,13;140.572,13;7.911.701,32;;;;
RN;2406403;LAGOA DE VELHOS;4.902.041,11;0,00;1.493.101,86;0,00;1.493.101,86;6.395.142,97;;;;
RN;2406502;LAGOA NOVA;20.092.688,84;0,00;3.976.513,29;0,00;3.976.513,29;24.069.202,13;;;;
RN;2406601;LAGOA SALGADA;10.342.566,75;0,00;2.137.171,68;193.757,67;2.330.929,35;12.673.496,10;;;;
RN;2406700;LAJES;11.135.404,79;0,00;0,00;438.128,55;438.128,55;11.573.533,34;;;;
RN;2406809;LAJES PINTADAS;8.510.174,36;0,00;2.138.313,28;165.751,93;2.304.065,21;10.814.239,57;;;;
RN;2406908;LUCRECIA;3.552.826,78;0,00;4.147,15;52.316,02;56.463,17;3.609.289,95;;;;
RN;2407005;LUIS GOMES;11.153.759,84;0,00;3.008.137,51;0,00;3.008.137,51;14.161.897,35;;;;
RN;2407104;MACAIBA;57.477.136,24;0,00;4.977.129,07;0,00;4.977.129,07;62.454.265,31;;;;
RN;2407203;MACAU;18.429.367,33;0,00;0,00;325.199,86;325.199,86;18.754.567,19;;;;
RN;2407252;MAJOR SALES;6.883.895,07;0,00;1.866.077,44;0,00;1.866.077,44;8.749.972,51;;;;
RN;2407302;MARCELINO VIEIRA;6.085.684,99;0,00;661.734,07;0,00;661.734,07;6.747.419,06;;;;
RN;2407401;MARTINS;7.760.560,67;0,00;1.273.084,40;286.977,28;1.560.061,68;9.320.622,35;;;;
RN;2407500;MAXARANGUAPE;13.861.364,92;0,00;1.562.702,36;262.377,16;1.825.079,52;15.686.444,44;;;;
RN;2407609;MESSIAS TARGINO;3.744.649,00;0,00;365.287,92;0,00;365.287,92;4.109.936,92;;;;
RN;2407708;MONTANHAS;13.008.504,06;0,00;2.945.364,55;244.805,64;3.190.170,19;16.198.674,25;;;;
RN;2407807;MONTE ALEGRE;33.910.605,25;0,00;7.846.381,62;1.158.089,73;9.004.471,35;42.915.076,60;;;;
RN;2407906;MONTE DAS GAMELEIRAS;4.613.988,81;0,00;90.209,83;117.711,04;207.920,87;4.821.909,68;;;;
RN;2408003;MOSSORO;131.573.487,16;0,00;0,00;4.907.162,95;4.907.162,95;136.480.650,11;;;;
RN;2408102;NATAL;372.728.872,08;0,00;0,00;8.521.786,89;8.521.786,89;381.250.658,97;;;;
RN;2408201;NISIA FLORESTA;37.331.519,15;0,00;10.335.037,82;1.428.944,69;11.763.982,51;49.095.501,66;;;;
RN;2408300;NOVA CRUZ;30.020.954,99;0,00;3.900.855,49;0,00;3.900.855,49;33.921.810,48;;;;
RN;2408409;OLHO DAGUA DO BORGES;3.588.807,31;0,00;334.195,62;63.366,15;397.561,77;3.986.369,08;;;;
RN;2408508;OURO BRANCO;4.175.399,48;0,00;207.772,56;0,00;207.772,56;4.383.172,04;;;;
RN;2408607;PARANA;4.744.480,14;0,00;378.230,94;0,00;378.230,94;5.122.711,08;;;;
RN;2408706;PARAU;2.715.317,63;0,00;0,00;0,00;0,00;2.715.317,63;;;;
RN;2408805;PARAZINHO;6.604.823,98;0,00;93.371,57;112.638,85;206.010,42;6.810.834,40;;;;
RN;2408904;PARELHAS;14.100.174,20;0,00;2.433.946,69;0,00;2.433.946,69;16.534.120,89;;;;
RN;2403251;PARNAMIRIM;161.030.639,23;0,00;0,00;6.472.694,48;6.472.694,48;167.503.333,71;;;;
RN;2409100;PASSA E FICA;18.271.613,06;0,00;9.237.001,75;0,00;9.237.001,75;27.508.614,81;;;;
RN;2409209;PASSAGEM;5.387.851,46;0,00;799.281,83;0,00;799.281,83;6.187.133,29;;;;
RN;2409308;PATU;8.381.109,45;0,00;1.021.896,21;0,00;1.021.896,21;9.403.005,66;;;;
RN;2409407;PAU DOS FERROS;15.379.620,96;0,00;3.312.638,14;243.175,29;3.555.813,43;18.935.434,39;;;;
RN;2409506;PEDRA GRANDE;5.827.434,74;0,00;0,00;0,00;0,00;5.827.434,74;;;;
RN;2409605;PEDRA PRETA;3.124.772,01;0,00;0,00;79.669,62;79.669,62;3.204.441,63;;;;
RN;2409704;PEDRO AVELINO;7.492.926,75;0,00;0,00;0,00;0,00;7.492.926,75;;;;
RN;2409803;PEDRO VELHO;17.163.042,39;0,00;0,00;0,00;0,00;17.163.042,39;;;;
RN;2409902;PENDENCIAS;11.476.645,34;0,00;0,00;199.771,84;199.771,84;11.676.417,18;;;;
RN;2410009;PILOES;2.626.987,65;0,00;0,00;110.899,82;110.899,82;2.737.887,47;;;;
RN;2410108;POCO BRANCO;11.883.539,29;0,00;485.071,26;0,00;485.071,26;12.368.610,55;;;;
RN;2410207;PORTALEGRE;8.987.086,27;0,00;1.364.416,91;338.677,39;1.703.094,30;10.690.180,57;;;;
RN;2410256;PORTO DO MANGUE;7.599.989,75;0,00;0,00;284.984,63;284.984,63;7.884.974,38;;;;
RN;2410306;PRESIDENTE JUSCELINO;17.827.834,86;0,00;6.154.347,95;302.845,99;6.457.193,94;24.285.028,80;;;;
RN;2410405;PUREZA;11.238.687,87;0,00;1.292.420,30;245.675,16;1.538.095,46;12.776.783,33;;;;
RN;2410504;RAFAEL FERNANDES;3.275.194,21;0,00;0,00;0,00;0,00;3.275.194,21;;;;
RN;2410603;RAFAEL GODEIRO;5.488.673,21;0,00;716.333,58;0,00;716.333,58;6.205.006,79;;;;
RN;2410702;RIACHO DA CRUZ;3.720.171,13;0,00;186.351,97;59.344,63;245.696,60;3.965.867,73;;;;
RN;2410801;RIACHO DE SANTANA;4.779.812,96;0,00;967.422,19;0,00;967.422,19;5.747.235,15;;;;
RN;2410900;RIACHUELO;9.089.691,30;0,00;1.998.775,99;170.498,05;2.169.274,04;11.258.965,34;;;;
RN;2408953;RIO DO FOGO;16.296.250,13;0,00;3.901.410,48;251.834,25;4.153.244,73;20.449.494,86;;;;
RN;2411007;RODOLFO FERNANDES;5.105.337,77;0,00;803.791,48;0,00;803.791,48;5.909.129,25;;;;
RN;2411106;RUY BARBOSA;4.781.124,23;0,00;82.815,01;93.292,07;176.107,08;4.957.231,31;;;;
RN;2411205;SANTA CRUZ;27.141.648,20;0,00;6.484.326,94;0,00;6.484.326,94;33.625.975,14;;;;
RN;2409332;SANTA MARIA;6.850.199,24;0,00;3.249.151,11;106.298,62;3.355.449,73;10.205.648,97;;;;
RN;2411403;SANTANA DO MATOS;9.351.634,26;0,00;585.009,27;0,00;585.009,27;9.936.643,53;;;;
RN;2411429;SANTANA DO SERIDO;2.212.514,13;0,00;0,00;0,00;0,00;2.212.514,13;;;;
RN;2411502;SANTO ANTONIO;17.876.232,26;0,00;1.666.057,23;0,00;1.666.057,23;19.542.289,49;;;;
RN;2411601;SAO BENTO DO NORTE;6.046.209,43;0,00;0,00;0,00;0,00;6.046.209,43;;;;
RN;2411700;SAO BENTO DO TRAIRI;4.835.893,71;0,00;1.186.934,06;87.712,66;1.274.646,72;6.110.540,43;;;;
RN;2411809;SAO FERNANDO;4.109.965,30;0,00;1.130.138,90;0,00;1.130.138,90;5.240.104,20;;;;
RN;2411908;SAO FRANCISCO DO OESTE;6.551.645,63;0,00;805.588,04;0,00;805.588,04;7.357.233,67;;;;
RN;2412005;SAO GONCALO DO AMARANTE;93.643.879,66;0,00;16.533.128,65;3.671.468,70;20.204.597,35;113.848.477,01;;;;
RN;2412104;SAO JOAO DO SABUGI;5.076.220,41;0,00;997.061,27;0,00;997.061,27;6.073.281,68;;;;
RN;2412203;SAO JOSE DE MIPIBU;57.725.500,65;0,00;21.388.355,70;0,00;21.388.355,70;79.113.856,35;;;;
RN;2412302;SAO JOSE DO CAMPESTRE;19.560.297,72;0,00;10.382.778,82;420.955,56;10.803.734,38;30.364.032,10;;;;
RN;2412401;SAO JOSE DO SERIDO;5.070.456,24;0,00;639.440,73;0,00;639.440,73;5.709.896,97;;;;
RN;2412500;SAO MIGUEL;27.413.287,67;0,00;6.477.575,20;514.356,32;6.991.931,52;34.405.219,19;;;;
RN;2412559;SAO MIGUEL DO GOSTOSO;15.765.108,92;0,00;1.774.160,65;297.846,26;2.072.006,91;17.837.115,83;;;;
RN;2412609;SAO PAULO DO POTENGI;19.767.121,03;0,00;6.413.814,53;0,00;6.413.814,53;26.180.935,56;;;;
RN;2412708;SAO PEDRO;6.380.164,52;0,00;1.680.011,21;0,00;1.680.011,21;8.060.175,73;;;;
RN;2412807;SAO RAFAEL;4.586.797,27;0,00;0,00;0,00;0,00;4.586.797,27;;;;
RN;2412906;SAO TOME;17.652.795,26;0,00;3.236.162,71;0,00;3.236.162,71;20.888.957,97;;;;
RN;2413003;SAO VICENTE;5.326.400,40;0,00;231.971,40;0,00;231.971,40;5.558.371,80;;;;
RN;2413102;SENADOR ELOI DE SOUZA;6.981.803,06;0,00;960.966,94;0,00;960.966,94;7.942.770,00;;;;
RN;2413201;SENADOR GEORGINO AVELINO;6.063.154,83;0,00;588.162,69;0,00;588.162,69;6.651.317,52;;;;
RN;2413300;SERRA DE SAO BENTO;5.508.925,97;0,00;1.528.416,52;97.096,21;1.625.512,73;7.134.438,70;;;;
RN;2413359;SERRA DO MEL;19.833.755,69;0,00;2.817.315,88;318.243,71;3.135.559,59;22.969.315,28;;;;
RN;2413409;SERRA NEGRA DO NORTE;6.912.656,87;0,00;1.472.905,56;0,00;1.472.905,56;8.385.562,43;;;;
RN;2413508;SERRINHA;8.925.936,91;0,00;1.775.030,35;159.520,38;1.934.550,73;10.860.487,64;;;;
RN;2413557;SERRINHA DOS PINTOS;5.758.257,13;0,00;2.017.405,58;99.777,23;2.117.182,81;7.875.439,94;;;;
RN;2413607;SEVERIANO MELO;6.143.226,20;0,00;1.169.473,31;112.711,31;1.282.184,62;7.425.410,82;;;;
RN;2413706;SITIO NOVO;7.551.495,21;0,00;2.820.192,54;0,00;2.820.192,54;10.371.687,75;;;;
RN;2413805;TABOLEIRO GRANDE;3.275.603,09;0,00;0,00;48.910,41;48.910,41;3.324.513,50;;;;
RN;2413904;TAIPU;11.321.195,43;0,00;2.322.239,01;0,00;2.322.239,01;13.643.434,44;;;;
RN;2414001;TANGARA;14.675.208,98;0,00;3.320.943,95;253.537,05;3.574.481,00;18.249.689,98;;;;
RN;2414100;TENENTE ANANIAS;11.912.505,34;0,00;3.830.083,10;214.010,20;4.044.093,30;15.956.598,64;;;;
RN;2414159;TENENTE LAURENTINO CRUZ;9.109.558,87;0,00;2.486.433,21;0,00;2.486.433,21;11.595.992,08;;;;
RN;2411056;TIBAU;4.347.322,91;0,00;0,00;0,00;0,00;4.347.322,91;;;;
RN;2414209;TIBAU DO SUL;19.531.402,55;0,00;938.201,00;0,00;938.201,00;20.469.603,55;;;;
RN;2414308;TIMBAUBA DOS BATISTAS;2.498.550,71;0,00;0,00;0,00;0,00;2.498.550,71;;;;
RN;2414407;TOUROS;42.736.347,60;0,00;13.171.562,20;839.121,42;14.010.683,62;56.747.031,22;;;;
RN;2414456;TRIUNFO POTIGUAR;4.438.069,20;0,00;0,00;0,00;0,00;4.438.069,20;;;;
RN;2414506;UMARIZAL;6.178.962,71;0,00;1.483.780,31;0,00;1.483.780,31;7.662.743,02;;;;
RN;2414605;UPANEMA;12.823.776,33;0,00;530.104,12;439.722,67;969.826,79;13.793.603,12;;;;
RN;2414704;VARZEA;4.615.143,88;0,00;695.037,83;162.527,47;857.565,30;5.472.709,18;;;;
RN;2414753;VENHA-VER;6.388.910,05;0,00;1.291.909,62;109.160,78;1.401.070,40;7.789.980,45;;;;
RN;2414803;VERA CRUZ;18.998.271,46;0,00;8.075.906,21;674.927,38;8.750.833,59;27.749.105,05;;;;
RN;2414902;VICOSA;2.799.173,48;0,00;0,00;44.562,81;44.562,81;2.843.736,29;;;;
RN;2415008;VILA FLOR;4.515.609,32;0,00;725.628,75;0,00;725.628,75;5.241.238,07;;;;
RO;1100015;ALTA FLORESTA DOESTE;21.009.933,44;0,00;0,00;371.356,79;371.356,79;21.381.290,23;;;;
RO;1100379;ALTO ALEGRE DOS PARECIS;15.269.796,45;0,00;0,00;356.357,60;356.357,60;15.626.154,05;;;;
RO;1100403;ALTO PARAISO;12.871.087,50;0,00;0,00;275.021,40;275.021,40;13.146.108,90;;;;
RO;1100346;ALVORADA DOESTE;10.749.710,25;0,00;0,00;174.845,64;174.845,64;10.924.555,89;;;;
RO;1100023;ARIQUEMES;85.630.490,75;0,00;0,00;0,00;0,00;85.630.490,75;;;;
RO;1100452;BURITIS;23.016.587,34;0,00;0,00;501.313,55;501.313,55;23.517.900,89;;;;
RO;1100031;CABIXI;4.842.836,80;0,00;0,00;103.472,68;103.472,68;4.946.309,48;;;;
RO;1100601;CACAULANDIA;4.430.799,26;0,00;0,00;84.886,73;84.886,73;4.515.685,99;;;;
RO;1100049;CACOAL;53.410.771,46;0,00;0,00;929.442,64;929.442,64;54.340.214,10;;;;
RO;1100700;CAMPO NOVO DE RONDONIA;10.662.786,64;0,00;0,00;184.519,04;184.519,04;10.847.305,68;;;;
RO;1100809;CANDEIAS DO JAMARI;25.069.546,27;0,00;0,00;0,00;0,00;25.069.546,27;;;;
RO;1100908;CASTANHEIRAS;4.260.166,99;0,00;0,00;0,00;0,00;4.260.166,99;;;;
RO;1100056;CEREJEIRAS;13.228.397,34;0,00;0,00;427.766,79;427.766,79;13.656.164,13;;;;
RO;1100924;CHUPINGUAIA;10.921.390,96;0,00;0,00;0,00;0,00;10.921.390,96;;;;
RO;1100064;COLORADO DO OESTE;14.021.187,42;0,00;0,00;459.359,29;459.359,29;14.480.546,71;;;;
RO;1100072;CORUMBIARA;6.630.900,87;0,00;0,00;228.212,33;228.212,33;6.859.113,20;;;;
RO;1100080;COSTA MARQUES;17.428.352,63;0,00;1.025.873,51;250.348,82;1.276.222,33;18.704.574,96;;;;
RO;1100940;CUJUBIM;21.622.278,56;0,00;0,00;0,00;0,00;21.622.278,56;;;;
RO;1100098;ESPIGAO DOESTE;23.002.569,10;0,00;0,00;0,00;0,00;23.002.569,10;;;;
RO;1101005;GOVERNADOR JORGE TEIXEIRA;8.825.245,77;0,00;0,00;199.880,53;199.880,53;9.025.126,30;;;;
RO;1100106;GUAJARA-MIRIM;25.565.387,28;0,00;0,00;416.426,82;416.426,82;25.981.814,10;;;;
RO;1101104;ITAPUA DO OESTE;10.096.049,13;0,00;0,00;173.976,13;173.976,13;10.270.025,26;;;;
RO;1100114;JARU;42.281.833,75;0,00;0,00;0,00;0,00;42.281.833,75;;;;
RO;1100122;JI-PARANA;67.137.696,74;0,00;0,00;998.388,20;998.388,20;68.136.084,94;;;;
RO;1100130;MACHADINHO DOESTE;27.280.571,09;0,00;0,00;531.420,62;531.420,62;27.811.991,71;;;;
RO;1101203;MINISTRO ANDREAZZA;7.832.131,24;0,00;0,00;170.787,89;170.787,89;8.002.919,13;;;;
RO;1101302;MIRANTE DA SERRA;8.226.460,87;0,00;0,00;0,00;0,00;8.226.460,87;;;;
RO;1101401;MONTE NEGRO;14.276.494,13;0,00;0,00;0,00;0,00;14.276.494,13;;;;
RO;1100148;NOVA BRASILANDIA DOESTE;18.208.273,09;0,00;0,00;0,00;0,00;18.208.273,09;;;;
RO;1100338;NOVA MAMORE;26.978.747,01;0,00;0,00;0,00;0,00;26.978.747,01;;;;
RO;1101435;NOVA UNIAO;6.888.230,43;0,00;0,00;102.603,16;102.603,16;6.990.833,59;;;;
RO;1100502;NOVO HORIZONTE DO OESTE;6.258.444,60;0,00;0,00;95.936,86;95.936,86;6.354.381,46;;;;
RO;1100155;OURO PRETO DO OESTE;28.561.190,73;0,00;0,00;461.315,71;461.315,71;29.022.506,44;;;;
RO;1101450;PARECIS;4.750.332,95;0,00;0,00;0,00;0,00;4.750.332,95;;;;
RO;1100189;PIMENTA BUENO;34.747.766,95;0,00;0,00;0,00;0,00;34.747.766,95;;;;
RO;1101468;PIMENTEIRAS DO OESTE;2.582.979,85;0,00;0,00;49.019,10;49.019,10;2.631.998,95;;;;
RO;1100205;PORTO VELHO;332.947.002,18;0,00;0,00;6.368.207,36;6.368.207,36;339.315.209,54;;;;
RO;1100254;PRESIDENTE MEDICI;12.433.129,57;0,00;0,00;0,00;0,00;12.433.129,57;;;;
RO;1101476;PRIMAVERA DE RONDONIA;3.138.849,72;0,00;0,00;112.240,32;112.240,32;3.251.090,04;;;;
RO;1100262;RIO CRESPO;3.991.151,23;0,00;0,00;0,00;0,00;3.991.151,23;;;;
RO;1100288;ROLIM DE MOURA;42.690.449,60;0,00;0,00;0,00;0,00;42.690.449,60;;;;
RO;1100296;SANTA LUZIA DOESTE;6.988.103,88;0,00;0,00;0,00;0,00;6.988.103,88;;;;
RO;1101484;SAO FELIPE DOESTE;4.207.858,69;0,00;0,00;0,00;0,00;4.207.858,69;;;;
RO;1101492;SAO FRANCISCO DO GUAPORE;19.310.290,93;0,00;0,00;382.914,14;382.914,14;19.693.205,07;;;;
RO;1100320;SAO MIGUEL DO GUAPORE;23.382.475,76;0,00;0,00;763.255,95;763.255,95;24.145.731,71;;;;
RO;1101500;SERINGUEIRAS;8.817.703,57;0,00;0,00;177.888,96;177.888,96;8.995.592,53;;;;
RO;1101559;TEIXEIROPOLIS;5.064.541,62;0,00;0,00;0,00;0,00;5.064.541,62;;;;
RO;1101609;THEOBROMA;9.360.299,42;0,00;0,00;0,00;0,00;9.360.299,42;;;;
RO;1101708;URUPA;13.492.644,95;0,00;0,00;298.896,93;298.896,93;13.791.541,88;;;;
RO;1101757;VALE DO ANARI;7.389.586,59;0,00;0,00;0,00;0,00;7.389.586,59;;;;
RO;1101807;VALE DO PARAISO;7.141.582,83;0,00;0,00;129.340,85;129.340,85;7.270.923,68;;;;
RO;1100304;VILHENA;83.014.795,42;0,00;0,00;0,00;0,00;83.014.795,42;;;;
RR;1400050;ALTO ALEGRE;17.359.110,00;0,00;0,00;0,00;0,00;17.359.110,00;;;;
RR;1400027;AMAJARI;14.174.231,57;0,00;0,00;0,00;0,00;14.174.231,57;;;;
RR;1400100;BOA VISTA;468.129.672,50;0,00;0,00;0,00;0,00;468.129.672,50;;;;
RR;1400159;BONFIM;33.880.281,10;0,00;0,00;539.463,67;539.463,67;34.419.744,77;;;;
RR;1400175;CANTA;29.175.454,91;0,00;0,00;0,00;0,00;29.175.454,91;;;;
RR;1400209;CARACARAI;30.287.828,52;0,00;0,00;468.018,24;468.018,24;30.755.846,76;;;;
RR;1400233;CAROEBE;16.469.100,37;0,00;0,00;437.802,48;437.802,48;16.906.902,85;;;;
RR;1400282;IRACEMA;11.419.654,00;0,00;0,00;0,00;0,00;11.419.654,00;;;;
RR;1400308;MUCAJAI;34.074.137,36;0,00;2.147.821,34;0,00;2.147.821,34;36.221.958,70;;;;
RR;1400407;NORMANDIA;38.291.221,48;0,00;5.198.743,84;442.331,22;5.641.075,06;43.932.296,54;;;;
RR;1400456;PACARAIMA;45.394.530,00;0,00;2.976.720,36;0,00;2.976.720,36;48.371.250,36;;;;
RR;1400472;RORAINOPOLIS;43.714.491,97;0,00;0,00;1.240.259,21;1.240.259,21;44.954.751,18;;;;
RR;1400506;SAO JOAO DA BALIZA;14.681.987,04;0,00;298.909,50;0,00;298.909,50;14.980.896,54;;;;
RR;1400605;SAO LUIZ;13.769.953,36;0,00;407.706,78;0,00;407.706,78;14.177.660,14;;;;
RR;1400704;UIRAMUTA;22.871.743,40;0,00;0,00;296.288,37;296.288,37;23.168.031,77;;;;
RS;4300034;ACEGUA;5.628.814,45;0,00;0,00;0,00;0,00;5.628.814,45;;;;
RS;4300059;AGUA SANTA;3.965.630,35;0,00;0,00;0,00;0,00;3.965.630,35;;;;
RS;4300109;AGUDO;16.289.959,88;0,00;0,00;276.361,91;276.361,91;16.566.321,79;;;;
RS;4300208;AJURICABA;4.351.519,19;0,00;0,00;0,00;0,00;4.351.519,19;;;;
RS;4300307;ALECRIM;3.311.374,42;0,00;0,00;0,00;0,00;3.311.374,42;;;;
RS;4300406;ALEGRETE;37.857.672,29;0,00;0,00;1.363.078,68;1.363.078,68;39.220.750,97;;;;
RS;4300455;ALEGRIA;2.895.661,98;0,00;0,00;47.895,97;47.895,97;2.943.557,95;;;;
RS;4300471;ALMIRANTE TAMANDARE DO SUL;1.605.432,49;0,00;0,00;0,00;0,00;1.605.432,49;;;;
RS;4300505;ALPESTRE;5.519.943,97;0,00;0,00;0,00;0,00;5.519.943,97;;;;
RS;4300554;ALTO ALEGRE;1.083.711,45;0,00;0,00;0,00;0,00;1.083.711,45;;;;
RS;4300570;ALTO FELIZ;3.195.588,27;0,00;0,00;104.269,74;104.269,74;3.299.858,01;;;;
RS;4300604;ALVORADA;156.734.399,10;0,00;0,00;0,00;0,00;156.734.399,10;;;;
RS;4300638;AMARAL FERRADOR;4.487.375,13;0,00;0,00;0,00;0,00;4.487.375,13;;;;
RS;4300646;AMETISTA DO SUL;8.368.980,73;0,00;46.193,89;123.399,14;169.593,03;8.538.573,76;;;;
RS;4300661;ANDRE DA ROCHA;1.263.038,36;0,00;0,00;0,00;0,00;1.263.038,36;;;;
RS;4300703;ANTA GORDA;2.378.179,54;0,00;0,00;44.128,06;44.128,06;2.422.307,60;;;;
RS;4300802;ANTONIO PRADO;7.629.570,85;0,00;0,00;0,00;0,00;7.629.570,85;;;;
RS;4300851;ARAMBARE;3.838.857,55;0,00;0,00;131.116,12;131.116,12;3.969.973,67;;;;
RS;4300877;ARARICA;13.786.821,84;0,00;500.826,91;0,00;500.826,91;14.287.648,75;;;;
RS;4300901;ARATIBA;5.114.631,34;0,00;0,00;80.321,76;80.321,76;5.194.953,10;;;;
RS;4301008;ARROIO DO MEIO;24.879.192,10;0,00;3.454.418,74;690.035,26;4.144.454,00;29.023.646,10;;;;
RS;4301073;ARROIO DO PADRE;3.075.500,78;0,00;0,00;0,00;0,00;3.075.500,78;;;;
RS;4301057;ARROIO DO SAL;16.108.912,42;0,00;0,00;0,00;0,00;16.108.912,42;;;;
RS;4301206;ARROIO DO TIGRE;10.369.565,19;0,00;0,00;0,00;0,00;10.369.565,19;;;;
RS;4301107;ARROIO DOS RATOS;13.600.827,55;0,00;0,00;0,00;0,00;13.600.827,55;;;;
RS;4301305;ARROIO GRANDE;10.693.153,83;0,00;0,00;309.947,06;309.947,06;11.003.100,89;;;;
RS;4301404;ARVOREZINHA;5.336.921,95;0,00;0,00;110.754,90;110.754,90;5.447.676,85;;;;
RS;4301503;AUGUSTO PESTANA;4.228.682,59;0,00;0,00;0,00;0,00;4.228.682,59;;;;
RS;4301552;AUREA;2.350.733,22;0,00;0,00;41.265,89;41.265,89;2.391.999,11;;;;
RS;4301602;BAGE;86.437.991,48;0,00;0,00;0,00;0,00;86.437.991,48;;;;
RS;4301636;BALNEARIO PINHAL;19.042.181,14;0,00;0,00;336.105,07;336.105,07;19.378.286,21;;;;
RS;4301651;BARAO;5.561.357,07;0,00;0,00;0,00;0,00;5.561.357,07;;;;
RS;4301701;BARAO DE COTEGIPE;4.227.215,37;0,00;0,00;86.480,84;86.480,84;4.313.696,21;;;;
RS;4301750;BARAO DO TRIUNFO;4.767.507,95;0,00;0,00;0,00;0,00;4.767.507,95;;;;
RS;4301859;BARRA DO GUARITA;4.199.486,27;0,00;0,00;118.580,56;118.580,56;4.318.066,83;;;;
RS;4301875;BARRA DO QUARAI;5.197.791,39;0,00;0,00;0,00;0,00;5.197.791,39;;;;
RS;4301909;BARRA DO RIBEIRO;6.474.798,03;0,00;0,00;0,00;0,00;6.474.798,03;;;;
RS;4301925;BARRA DO RIO AZUL;736.576,53;0,00;0,00;0,00;0,00;736.576,53;;;;
RS;4301958;BARRA FUNDA;2.220.556,18;0,00;0,00;44.164,29;44.164,29;2.264.720,47;;;;
RS;4301800;BARRACAO;4.552.418,73;0,00;0,00;79.234,86;79.234,86;4.631.653,59;;;;
RS;4302006;BARROS CASSAL;7.362.192,81;0,00;0,00;0,00;0,00;7.362.192,81;;;;
RS;4302055;BENJAMIN CONSTANT DO SUL;2.035.087,17;0,00;0,00;62.605,32;62.605,32;2.097.692,49;;;;
RS;4302105;BENTO GONCALVES;80.910.046,51;0,00;0,00;0,00;0,00;80.910.046,51;;;;
RS;4302154;BOA VISTA DAS MISSOES;1.957.767,58;0,00;0,00;68.003,58;68.003,58;2.025.771,16;;;;
RS;4302204;BOA VISTA DO BURICA;6.610.906,29;0,00;0,00;0,00;0,00;6.610.906,29;;;;
RS;4302220;BOA VISTA DO CADEADO;2.368.337,96;0,00;0,00;0,00;0,00;2.368.337,96;;;;
RS;4302238;BOA VISTA DO INCRA;3.163.781,09;0,00;0,00;0,00;0,00;3.163.781,09;;;;
RS;4302253;BOA VISTA DO SUL;2.106.203,13;0,00;0,00;68.329,65;68.329,65;2.174.532,78;;;;
RS;4302303;BOM JESUS;8.961.443,13;0,00;0,00;0,00;0,00;8.961.443,13;;;;
RS;4302352;BOM PRINCIPIO;15.866.646,46;0,00;0,00;282.231,16;282.231,16;16.148.877,62;;;;
RS;4302378;BOM PROGRESSO;1.814.743,07;0,00;0,00;0,00;0,00;1.814.743,07;;;;
RS;4302402;BOM RETIRO DO SUL;14.603.215,03;0,00;0,00;0,00;0,00;14.603.215,03;;;;
RS;4302451;BOQUEIRAO DO LEAO;3.361.819,59;0,00;0,00;0,00;0,00;3.361.819,59;;;;
RS;4302501;BOSSOROCA;5.165.236,43;0,00;0,00;0,00;0,00;5.165.236,43;;;;
RS;4302584;BOZANO;1.283.741,89;0,00;0,00;0,00;0,00;1.283.741,89;;;;
RS;4302600;BRAGA;2.553.737,97;0,00;0,00;58.221,50;58.221,50;2.611.959,47;;;;
RS;4302659;BROCHIER;4.089.787,64;0,00;0,00;0,00;0,00;4.089.787,64;;;;
RS;4302709;BUTIA;20.541.018,91;0,00;0,00;425.592,99;425.592,99;20.966.611,90;;;;
RS;4302808;CACAPAVA DO SUL;27.726.831,11;0,00;0,00;1.029.147,41;1.029.147,41;28.755.978,52;;;;
RS;4302907;CACEQUI;8.801.781,49;0,00;0,00;0,00;0,00;8.801.781,49;;;;
RS;4303004;CACHOEIRA DO SUL;46.844.520,07;0,00;0,00;0,00;0,00;46.844.520,07;;;;
RS;4303103;CACHOEIRINHA;105.601.643,06;0,00;0,00;3.813.816,10;3.813.816,10;109.415.459,16;;;;
RS;4303202;CACIQUE DOBLE;4.328.546,98;0,00;0,00;132.420,40;132.420,40;4.460.967,38;;;;
RS;4303301;CAIBATE;3.297.171,41;0,00;0,00;70.249,84;70.249,84;3.367.421,25;;;;
RS;4303400;CAICARA;2.436.587,94;0,00;0,00;34.345,97;34.345,97;2.470.933,91;;;;
RS;4303509;CAMAQUA;46.157.151,98;0,00;0,00;1.725.812,74;1.725.812,74;47.882.964,72;;;;
RS;4303558;CAMARGO;2.758.445,47;0,00;0,00;42.207,87;42.207,87;2.800.653,34;;;;
RS;4303608;CAMBARA DO SUL;5.804.078,56;0,00;0,00;86.154,77;86.154,77;5.890.233,33;;;;
RS;4303673;CAMPESTRE DA SERRA;3.357.865,67;0,00;0,00;0,00;0,00;3.357.865,67;;;;
RS;4303707;CAMPINA DAS MISSOES;4.331.113,12;0,00;0,00;73.510,53;73.510,53;4.404.623,65;;;;
RS;4303806;CAMPINAS DO SUL;3.255.034,14;0,00;0,00;103.037,92;103.037,92;3.358.072,06;;;;
RS;4303905;CAMPO BOM;76.007.055,24;0,00;0,00;0,00;0,00;76.007.055,24;;;;
RS;4304002;CAMPO NOVO;3.784.039,00;0,00;0,00;0,00;0,00;3.784.039,00;;;;
RS;4304101;CAMPOS BORGES;3.246.556,20;0,00;0,00;0,00;0,00;3.246.556,20;;;;
RS;4304200;CANDELARIA;19.842.731,19;0,00;0,00;0,00;0,00;19.842.731,19;;;;
RS;4304309;CANDIDO GODOI;4.909.513,90;0,00;0,00;194.047,51;194.047,51;5.103.561,41;;;;
RS;4304358;CANDIOTA;6.530.925,04;0,00;0,00;0,00;0,00;6.530.925,04;;;;
RS;4304408;CANELA;47.018.725,44;0,00;0,00;1.204.427,81;1.204.427,81;48.223.153,25;;;;
RS;4304507;CANGUCU;42.742.674,30;0,00;0,00;1.358.151,41;1.358.151,41;44.100.825,71;;;;
RS;4304606;CANOAS;274.874.984,69;0,00;0,00;0,00;0,00;274.874.984,69;;;;
RS;4304614;CANUDOS DO VALE;1.602.824,09;0,00;0,00;0,00;0,00;1.602.824,09;;;;
RS;4304622;CAPAO BONITO DO SUL;2.607.617,28;0,00;0,00;44.925,11;44.925,11;2.652.542,39;;;;
RS;4304630;CAPAO DA CANOA;69.944.123,56;0,00;0,00;0,00;0,00;69.944.123,56;;;;
RS;4304655;CAPAO DO CIPO;4.050.736,48;0,00;0,00;109.124,55;109.124,55;4.159.861,03;;;;
RS;4304663;CAPAO DO LEAO;27.657.952,06;0,00;0,00;691.955,44;691.955,44;28.349.907,50;;;;
RS;4304689;CAPELA DE SANTANA;12.156.440,70;0,00;0,00;239.914,60;239.914,60;12.396.355,30;;;;
RS;4304697;CAPITAO;4.164.874,43;0,00;0,00;140.789,51;140.789,51;4.305.663,94;;;;
RS;4304671;CAPIVARI DO SUL;5.127.154,62;0,00;0,00;106.769,61;106.769,61;5.233.924,23;;;;
RS;4304713;CARAA;7.195.132,74;0,00;0,00;0,00;0,00;7.195.132,74;;;;
RS;4304705;CARAZINHO;44.162.484,67;0,00;0,00;0,00;0,00;44.162.484,67;;;;
RS;4304804;CARLOS BARBOSA;22.850.349,44;0,00;0,00;0,00;0,00;22.850.349,44;;;;
RS;4304853;CARLOS GOMES;955.008,41;0,00;0,00;30.469,37;30.469,37;985.477,78;;;;
RS;4304903;CASCA;5.920.872,52;0,00;0,00;100.972,82;100.972,82;6.021.845,34;;;;
RS;4304952;CASEIROS;3.673.726,35;0,00;0,00;66.047,16;66.047,16;3.739.773,51;;;;
RS;4305009;CATUIPE;8.172.995,38;0,00;0,00;0,00;0,00;8.172.995,38;;;;
RS;4305108;CAXIAS DO SUL;290.964.553,35;0,00;0,00;9.290.368,64;9.290.368,64;300.254.921,99;;;;
RS;4305116;CENTENARIO;1.361.084,56;0,00;0,00;23.078,47;23.078,47;1.384.163,03;;;;
RS;4305124;CERRITO;4.766.830,54;0,00;0,00;0,00;0,00;4.766.830,54;;;;
RS;4305132;CERRO BRANCO;2.881.184,63;0,00;0,00;91.371,88;91.371,88;2.972.556,51;;;;
RS;4305157;CERRO GRANDE;2.455.647,86;0,00;0,00;0,00;0,00;2.455.647,86;;;;
RS;4305173;CERRO GRANDE DO SUL;7.240.163,74;0,00;0,00;0,00;0,00;7.240.163,74;;;;
RS;4305207;CERRO LARGO;10.356.471,71;0,00;0,00;0,00;0,00;10.356.471,71;;;;
RS;4305306;CHAPADA;9.578.518,12;0,00;0,00;0,00;0,00;9.578.518,12;;;;
RS;4305355;CHARQUEADAS;29.750.187,00;0,00;0,00;992.591,41;992.591,41;30.742.778,41;;;;
RS;4305371;CHARRUA;2.402.880,37;0,00;0,00;0,00;0,00;2.402.880,37;;;;
RS;4305405;CHIAPETTA;3.367.362,39;0,00;0,00;104.269,74;104.269,74;3.471.632,13;;;;
RS;4305439;CHUI;2.540.430,70;0,00;0,00;0,00;0,00;2.540.430,70;;;;
RS;4305447;CHUVISCA;4.978.159,93;0,00;0,00;0,00;0,00;4.978.159,93;;;;
RS;4305454;CIDREIRA;18.615.005,01;0,00;0,00;612.937,97;612.937,97;19.227.942,98;;;;
RS;4305504;CIRIACO;2.239.032,94;0,00;0,00;0,00;0,00;2.239.032,94;;;;
RS;4305587;COLINAS;3.004.388,89;0,00;0,00;0,00;0,00;3.004.388,89;;;;
RS;4305603;COLORADO;2.552.645,28;0,00;0,00;0,00;0,00;2.552.645,28;;;;
RS;4305702;CONDOR;6.411.574,88;0,00;0,00;239.334,92;239.334,92;6.650.909,80;;;;
RS;4305801;CONSTANTINA;9.571.922,03;0,00;0,00;355.306,93;355.306,93;9.927.228,96;;;;
RS;4305835;COQUEIRO BAIXO;1.115.608,88;0,00;0,00;0,00;0,00;1.115.608,88;;;;
RS;4305850;COQUEIROS DO SUL;1.743.417,67;0,00;0,00;0,00;0,00;1.743.417,67;;;;
RS;4305871;CORONEL BARROS;2.843.528,62;0,00;0,00;0,00;0,00;2.843.528,62;;;;
RS;4305900;CORONEL BICACO;6.275.867,47;0,00;0,00;0,00;0,00;6.275.867,47;;;;
RS;4305934;CORONEL PILAR;1.212.597,17;0,00;0,00;0,00;0,00;1.212.597,17;;;;
RS;4305959;COTIPORA;3.280.999,62;0,00;0,00;0,00;0,00;3.280.999,62;;;;
RS;4305975;COXILHA;4.106.972,98;0,00;0,00;0,00;0,00;4.106.972,98;;;;
RS;4306007;CRISSIUMAL;12.106.720,89;0,00;0,00;0,00;0,00;12.106.720,89;;;;
RS;4306056;CRISTAL;6.003.913,64;0,00;0,00;0,00;0,00;6.003.913,64;;;;
RS;4306072;CRISTAL DO SUL;2.195.185,72;0,00;0,00;41.845,57;41.845,57;2.237.031,29;;;;
RS;4306106;CRUZ ALTA;40.055.498,48;0,00;0,00;1.383.983,35;1.383.983,35;41.439.481,83;;;;
RS;4306130;CRUZALTENSE;1.559.370,22;0,00;0,00;0,00;0,00;1.559.370,22;;;;
RS;4306205;CRUZEIRO DO SUL;10.132.213,33;0,00;0,00;158.216,11;158.216,11;10.290.429,44;;;;
RS;4306304;DAVID CANABARRO;1.661.555,02;0,00;0,00;0,00;0,00;1.661.555,02;;;;
RS;4306320;DERRUBADAS;3.293.064,95;0,00;0,00;53.765,22;53.765,22;3.346.830,17;;;;
RS;4306353;DEZESSEIS DE NOVEMBRO;1.391.054,87;0,00;0,00;19.455,47;19.455,47;1.410.510,34;;;;
RS;4306379;DILERMANDO DE AGUIAR;3.043.084,09;0,00;0,00;0,00;0,00;3.043.084,09;;;;
RS;4306403;DOIS IRMAOS;31.592.143,53;0,00;0,00;0,00;0,00;31.592.143,53;;;;
RS;4306429;DOIS IRMAOS DAS MISSOES;2.268.685,00;0,00;0,00;0,00;0,00;2.268.685,00;;;;
RS;4306452;DOIS LAJEADOS;2.392.582,92;0,00;0,00;0,00;0,00;2.392.582,92;;;;
RS;4306502;DOM FELICIANO;13.907.771,30;0,00;0,00;214.481,19;214.481,19;14.122.252,49;;;;
RS;4306601;DOM PEDRITO;23.073.459,56;0,00;0,00;775.211,82;775.211,82;23.848.671,38;;;;
RS;4306551;DOM PEDRO DE ALCANTARA;2.483.569,69;0,00;0,00;0,00;0,00;2.483.569,69;;;;
RS;4306700;DONA FRANCISCA;1.531.970,60;0,00;0,00;47.424,98;47.424,98;1.579.395,58;;;;
RS;4306734;DOUTOR MAURICIO CARDOSO;4.067.443,44;0,00;0,00;93.255,84;93.255,84;4.160.699,28;;;;
RS;4306759;DOUTOR RICARDO;1.142.510,17;0,00;0,00;18.042,51;18.042,51;1.160.552,68;;;;
RS;4306767;ELDORADO DO SUL;47.667.042,12;0,00;0,00;0,00;0,00;47.667.042,12;;;;
RS;4306809;ENCANTADO;17.339.069,07;0,00;0,00;0,00;0,00;17.339.069,07;;;;
RS;4306908;ENCRUZILHADA DO SUL;18.279.455,09;0,00;0,00;0,00;0,00;18.279.455,09;;;;
RS;4306924;ENGENHO VELHO;1.459.797,14;0,00;0,00;19.890,23;19.890,23;1.479.687,37;;;;
RS;4306957;ENTRE RIOS DO SUL;2.444.216,46;0,00;0,00;88.727,10;88.727,10;2.532.943,56;;;;
RS;4306932;ENTRE-IJUIS;6.303.580,36;0,00;0,00;0,00;0,00;6.303.580,36;;;;
RS;4306973;EREBANGO;2.160.709,41;0,00;0,00;70.612,13;70.612,13;2.231.321,54;;;;
RS;4307005;ERECHIM;54.957.947,26;0,00;0,00;1.740.703,24;1.740.703,24;56.698.650,50;;;;
RS;4307054;ERNESTINA;3.126.763,39;0,00;0,00;0,00;0,00;3.126.763,39;;;;
RS;4307203;ERVAL GRANDE;4.223.956,81;0,00;0,00;0,00;0,00;4.223.956,81;;;;
RS;4307302;ERVAL SECO;7.570.154,41;0,00;0,00;206.836,67;206.836,67;7.776.991,08;;;;
RS;4307401;ESMERALDA;3.050.216,70;0,00;0,00;0,00;0,00;3.050.216,70;;;;
RS;4307450;ESPERANCA DO SUL;4.402.775,93;0,00;0,00;0,00;0,00;4.402.775,93;;;;
RS;4307500;ESPUMOSO;10.222.953,16;0,00;0,00;158.216,11;158.216,11;10.381.169,27;;;;
RS;4307559;ESTACAO;4.412.175,89;0,00;0,00;0,00;0,00;4.412.175,89;;;;
RS;4307609;ESTANCIA VELHA;52.162.274,94;0,00;0,00;0,00;0,00;52.162.274,94;;;;
RS;4307708;ESTEIO;78.647.797,58;0,00;0,00;2.528.885,38;2.528.885,38;81.176.682,96;;;;
RS;4307807;ESTRELA;33.301.676,24;0,00;0,00;0,00;0,00;33.301.676,24;;;;
RS;4307815;ESTRELA VELHA;2.911.378,65;0,00;0,00;0,00;0,00;2.911.378,65;;;;
RS;4307831;EUGENIO DE CASTRO;2.107.088,49;0,00;0,00;47.316,29;47.316,29;2.154.404,78;;;;
RS;4307864;FAGUNDES VARELA;2.029.934,01;0,00;0,00;34.635,81;34.635,81;2.064.569,82;;;;
RS;4307906;FARROUPILHA;57.371.647,79;0,00;0,00;0,00;0,00;57.371.647,79;;;;
RS;4308003;FAXINAL DO SOTURNO;3.577.159,33;0,00;0,00;122.131,10;122.131,10;3.699.290,43;;;;
RS;4308052;FAXINALZINHO;1.805.044,58;0,00;0,00;26.955,07;26.955,07;1.831.999,65;;;;
RS;4308078;FAZENDA VILANOVA;6.938.515,56;0,00;0,00;0,00;0,00;6.938.515,56;;;;
RS;4308102;FELIZ;10.457.234,45;0,00;0,00;334.329,80;334.329,80;10.791.564,25;;;;
RS;4308201;FLORES DA CUNHA;21.009.750,88;0,00;0,00;0,00;0,00;21.009.750,88;;;;
RS;4308250;FLORIANO PEIXOTO;1.173.354,23;0,00;0,00;19.419,24;19.419,24;1.192.773,47;;;;
RS;4308300;FONTOURA XAVIER;7.648.320,45;0,00;0,00;247.015,67;247.015,67;7.895.336,12;;;;
RS;4308409;FORMIGUEIRO;4.216.190,32;0,00;0,00;66.952,91;66.952,91;4.283.143,23;;;;
RS;4308433;FORQUETINHA;2.868.173,53;0,00;0,00;84.669,35;84.669,35;2.952.842,88;;;;
RS;4308458;FORTALEZA DOS VALOS;4.276.873,39;0,00;0,00;67.568,82;67.568,82;4.344.442,21;;;;
RS;4308508;FREDERICO WESTPHALEN;19.588.464,10;0,00;0,00;0,00;0,00;19.588.464,10;;;;
RS;4308607;GARIBALDI;23.805.401,08;0,00;0,00;481.604,47;481.604,47;24.287.005,55;;;;
RS;4308656;GARRUCHOS;1.817.335,26;0,00;0,00;23.150,93;23.150,93;1.840.486,19;;;;
RS;4308706;GAURAMA;3.932.985,17;0,00;0,00;137.238,98;137.238,98;4.070.224,15;;;;
RS;4308805;GENERAL CAMARA;3.681.228,66;0,00;0,00;0,00;0,00;3.681.228,66;;;;
RS;4308854;GENTIL;1.670.752,87;0,00;0,00;25.107,34;25.107,34;1.695.860,21;;;;
RS;4308904;GETULIO VARGAS;10.472.248,54;0,00;0,00;162.165,17;162.165,17;10.634.413,71;;;;
RS;4309001;GIRUA;13.305.988,79;0,00;0,00;199.554,46;199.554,46;13.505.543,25;;;;
RS;4309050;GLORINHA;10.147.506,74;0,00;0,00;0,00;0,00;10.147.506,74;;;;
RS;4309100;GRAMADO;43.702.467,79;0,00;0,00;1.429.524,37;1.429.524,37;45.131.992,16;;;;
RS;4309126;GRAMADO DOS LOUREIROS;1.851.362,04;0,00;0,00;35.758,94;35.758,94;1.887.120,98;;;;
RS;4309159;GRAMADO XAVIER;2.792.011,45;0,00;0,00;0,00;0,00;2.792.011,45;;;;
RS;4309209;GRAVATAI;206.412.526,73;0,00;0,00;0,00;0,00;206.412.526,73;;;;
RS;4309258;GUABIJU;748.152,88;0,00;0,00;0,00;0,00;748.152,88;;;;
RS;4309308;GUAIBA;79.713.868,41;0,00;0,00;0,00;0,00;79.713.868,41;;;;
RS;4309407;GUAPORE;23.311.545,68;0,00;0,00;399.905,97;399.905,97;23.711.451,65;;;;
RS;4309506;GUARANI DAS MISSOES;5.946.278,26;0,00;0,00;97.893,27;97.893,27;6.044.171,53;;;;
RS;4309555;HARMONIA;5.178.866,20;0,00;0,00;0,00;0,00;5.178.866,20;;;;
RS;4307104;HERVAL;5.443.312,82;0,00;0,00;0,00;0,00;5.443.312,82;;;;
RS;4309571;HERVEIRAS;2.436.058,04;0,00;0,00;38.077,66;38.077,66;2.474.135,70;;;;
RS;4309605;HORIZONTINA;21.719.116,15;0,00;0,00;696.810,25;696.810,25;22.415.926,40;;;;
RS;4309654;HULHA NEGRA;5.516.590,97;0,00;0,00;0,00;0,00;5.516.590,97;;;;
RS;4309704;HUMAITA;4.844.042,61;0,00;0,00;0,00;0,00;4.844.042,61;;;;
RS;4309753;IBARAMA;3.267.698,65;0,00;0,00;50.468,29;50.468,29;3.318.166,94;;;;
RS;4309803;IBIACA;2.932.904,10;0,00;0,00;109.885,38;109.885,38;3.042.789,48;;;;
RS;4309902;IBIRAIARAS;4.958.432,54;0,00;0,00;0,00;0,00;4.958.432,54;;;;
RS;4309951;IBIRAPUITA;3.807.294,46;0,00;0,00;0,00;0,00;3.807.294,46;;;;
RS;4310009;IBIRUBA;15.424.970,80;0,00;0,00;0,00;0,00;15.424.970,80;;;;
RS;4310108;IGREJINHA;43.241.385,36;0,00;0,00;0,00;0,00;43.241.385,36;;;;
RS;4310207;IJUI;58.563.855,41;0,00;0,00;0,00;0,00;58.563.855,41;;;;
RS;4310306;ILOPOLIS;3.071.072,83;0,00;0,00;57.895,43;57.895,43;3.128.968,26;;;;
RS;4310330;IMBE;35.083.204,95;0,00;0,00;0,00;0,00;35.083.204,95;;;;
RS;4310363;IMIGRANTE;3.335.527,78;0,00;0,00;0,00;0,00;3.335.527,78;;;;
RS;4310405;INDEPENDENCIA;6.028.221,76;0,00;0,00;0,00;0,00;6.028.221,76;;;;
RS;4310413;INHACORA;2.728.793,55;0,00;0,00;0,00;0,00;2.728.793,55;;;;
RS;4310439;IPE;4.501.114,38;0,00;0,00;158.469,72;158.469,72;4.659.584,10;;;;
RS;4310462;IPIRANGA DO SUL;1.934.191,83;0,00;0,00;62.605,32;62.605,32;1.996.797,15;;;;
RS;4310504;IRAI;6.850.964,60;0,00;0,00;138.724,40;138.724,40;6.989.689,00;;;;
RS;4310538;ITAARA;5.568.116,30;0,00;0,00;0,00;0,00;5.568.116,30;;;;
RS;4310553;ITACURUBI;3.388.230,81;0,00;0,00;0,00;0,00;3.388.230,81;;;;
RS;4310579;ITAPUCA;2.742.595,13;0,00;0,00;0,00;0,00;2.742.595,13;;;;
RS;4310603;ITAQUI;28.243.595,33;0,00;0,00;0,00;0,00;28.243.595,33;;;;
RS;4310652;ITATI;2.861.279,12;0,00;0,00;51.555,19;51.555,19;2.912.834,31;;;;
RS;4310702;ITATIBA DO SUL;2.425.223,01;0,00;0,00;29.708,54;29.708,54;2.454.931,55;;;;
RS;4310751;IVORA;811.774,52;0,00;0,00;0,00;0,00;811.774,52;;;;
RS;4310801;IVOTI;24.195.559,79;0,00;0,00;835.317,28;835.317,28;25.030.877,07;;;;
RS;4310850;JABOTICABA;3.140.473,30;0,00;0,00;0,00;0,00;3.140.473,30;;;;
RS;4310876;JACUIZINHO;2.523.588,01;0,00;0,00;0,00;0,00;2.523.588,01;;;;
RS;4310900;JACUTINGA;2.456.972,00;0,00;0,00;31.085,28;31.085,28;2.488.057,28;;;;
RS;4311007;JAGUARAO;17.593.734,82;0,00;0,00;0,00;0,00;17.593.734,82;;;;
RS;4311106;JAGUARI;6.946.891,37;0,00;0,00;109.052,09;109.052,09;7.055.943,46;;;;
RS;4311122;JAQUIRANA;3.550.187,52;0,00;0,00;0,00;0,00;3.550.187,52;;;;
RS;4311130;JARI;3.040.284,04;0,00;0,00;0,00;0,00;3.040.284,04;;;;
RS;4311155;JOIA;4.508.297,47;0,00;0,00;0,00;0,00;4.508.297,47;;;;
RS;4311205;JULIO DE CASTILHOS;15.169.414,14;0,00;0,00;0,00;0,00;15.169.414,14;;;;
RS;4311239;LAGOA BONITA DO SUL;2.024.273,59;0,00;0,00;0,00;0,00;2.024.273,59;;;;
RS;4311270;LAGOA DOS TRES CANTOS;1.531.295,51;0,00;0,00;0,00;0,00;1.531.295,51;;;;
RS;4311304;LAGOA VERMELHA;17.744.935,71;0,00;0,00;0,00;0,00;17.744.935,71;;;;
RS;4311254;LAGOAO;5.651.153,64;0,00;0,00;0,00;0,00;5.651.153,64;;;;
RS;4311403;LAJEADO;77.754.870,48;0,00;0,00;0,00;0,00;77.754.870,48;;;;
RS;4311429;LAJEADO DO BUGRE;2.822.293,89;0,00;0,00;0,00;0,00;2.822.293,89;;;;
RS;4311502;LAVRAS DO SUL;5.952.613,81;0,00;0,00;0,00;0,00;5.952.613,81;;;;
RS;4311601;LIBERATO SALZANO;2.895.594,02;0,00;0,00;0,00;0,00;2.895.594,02;;;;
RS;4311627;LINDOLFO COLLOR;8.237.884,61;0,00;0,00;264.768,33;264.768,33;8.502.652,94;;;;
RS;4311643;LINHA NOVA;1.205.273,77;0,00;0,00;37.570,44;37.570,44;1.242.844,21;;;;
RS;4311718;MACAMBARA;4.711.003,38;0,00;0,00;0,00;0,00;4.711.003,38;;;;
RS;4311700;MACHADINHO;5.246.976,87;0,00;0,00;0,00;0,00;5.246.976,87;;;;
RS;4311734;MAMPITUBA;3.548.381,49;0,00;0,00;129.304,62;129.304,62;3.677.686,11;;;;
RS;4311759;MANOEL VIANA;3.749.545,12;0,00;0,00;115.356,10;115.356,10;3.864.901,22;;;;
RS;4311775;MAQUINE;4.864.191,61;0,00;0,00;0,00;0,00;4.864.191,61;;;;
RS;4311791;MARATA;2.289.439,54;0,00;0,00;50.613,21;50.613,21;2.340.052,75;;;;
RS;4311809;MARAU;40.688.090,28;0,00;0,00;0,00;0,00;40.688.090,28;;;;
RS;4311908;MARCELINO RAMOS;4.683.192,97;0,00;500.653,14;0,00;500.653,14;5.183.846,11;;;;
RS;4311981;MARIANA PIMENTEL;3.943.997,31;0,00;0,00;0,00;0,00;3.943.997,31;;;;
RS;4312005;MARIANO MORO;1.220.684,05;0,00;0,00;0,00;0,00;1.220.684,05;;;;
RS;4312054;MARQUES DE SOUZA;3.501.430,42;0,00;0,00;48.584,34;48.584,34;3.550.014,76;;;;
RS;4312104;MATA;3.483.296,01;0,00;0,00;61.373,50;61.373,50;3.544.669,51;;;;
RS;4312138;MATO CASTELHANO;2.879.241,10;0,00;0,00;0,00;0,00;2.879.241,10;;;;
RS;4312153;MATO LEITAO;5.083.740,08;0,00;0,00;0,00;0,00;5.083.740,08;;;;
RS;4312179;MATO QUEIMADO;1.839.875,33;0,00;0,00;32.679,40;32.679,40;1.872.554,73;;;;
RS;4312203;MAXIMILIANO DE ALMEIDA;2.867.184,72;0,00;0,00;0,00;0,00;2.867.184,72;;;;
RS;4312252;MINAS DO LEAO;7.594.038,97;0,00;0,00;0,00;0,00;7.594.038,97;;;;
RS;4312302;MIRAGUAI;4.618.504,05;0,00;0,00;0,00;0,00;4.618.504,05;;;;
RS;4312351;MONTAURI;1.154.890,50;0,00;0,00;37.497,98;37.497,98;1.192.388,48;;;;
RS;4312377;MONTE ALEGRE DOS CAMPOS;4.761.427,36;0,00;0,00;152.274,40;152.274,40;4.913.701,76;;;;
RS;4312385;MONTE BELO DO SUL;2.658.397,61;0,00;0,00;54.598,51;54.598,51;2.712.996,12;;;;
RS;4312401;MONTENEGRO;53.231.773,22;0,00;0,00;835.136,13;835.136,13;54.066.909,35;;;;
RS;4312427;MORMACO;2.805.827,70;0,00;0,00;86.335,92;86.335,92;2.892.163,62;;;;
RS;4312443;MORRINHOS DO SUL;2.597.762,06;0,00;0,00;0,00;0,00;2.597.762,06;;;;
RS;4312450;MORRO REDONDO;5.227.631,02;0,00;0,00;0,00;0,00;5.227.631,02;;;;
RS;4312476;MORRO REUTER;6.268.340,50;0,00;0,00;0,00;0,00;6.268.340,50;;;;
RS;4312500;MOSTARDAS;12.403.061,80;0,00;0,00;0,00;0,00;12.403.061,80;;;;
RS;4312609;MUCUM;3.995.860,09;0,00;0,00;50.866,82;50.866,82;4.046.726,91;;;;
RS;4312617;MUITOS CAPOES;2.216.190,54;0,00;0,00;0,00;0,00;2.216.190,54;;;;
RS;4312625;MULITERNO;547.820,83;0,00;0,00;10.470,45;10.470,45;558.291,28;;;;
RS;4312658;NAO-ME-TOQUE;17.497.159,52;0,00;0,00;561.419,00;561.419,00;18.058.578,52;;;;
RS;4312674;NICOLAU VERGUEIRO;1.648.481,33;0,00;0,00;0,00;0,00;1.648.481,33;;;;
RS;4312708;NONOAI;10.147.196,68;0,00;0,00;0,00;0,00;10.147.196,68;;;;
RS;4312757;NOVA ALVORADA;2.753.357,20;0,00;0,00;93.907,98;93.907,98;2.847.265,18;;;;
RS;4312807;NOVA ARACA;6.901.902,57;0,00;2.570.082,31;0,00;2.570.082,31;9.471.984,88;;;;
RS;4312906;NOVA BASSANO;7.635.550,75;0,00;0,00;0,00;0,00;7.635.550,75;;;;
RS;4312955;NOVA BOA VISTA;2.565.780,33;0,00;0,00;38.077,66;38.077,66;2.603.857,99;;;;
RS;4313003;NOVA BRESCIA;2.493.756,30;0,00;0,00;39.889,15;39.889,15;2.533.645,45;;;;
RS;4313011;NOVA CANDELARIA;3.113.970,62;0,00;0,00;0,00;0,00;3.113.970,62;;;;
RS;4313037;NOVA ESPERANCA DO SUL;4.751.923,06;0,00;0,00;0,00;0,00;4.751.923,06;;;;
RS;4313060;NOVA HARTZ;22.599.963,13;0,00;0,00;0,00;0,00;22.599.963,13;;;;
RS;4313086;NOVA PADUA;1.410.059,52;0,00;0,00;19.383,01;19.383,01;1.429.442,53;;;;
RS;4313102;NOVA PALMA;2.481.258,55;0,00;0,00;0,00;0,00;2.481.258,55;;;;
RS;4313201;NOVA PETROPOLIS;20.570.116,65;0,00;0,00;0,00;0,00;20.570.116,65;;;;
RS;4313300;NOVA PRATA;20.590.019,17;0,00;0,00;0,00;0,00;20.590.019,17;;;;
RS;4313334;NOVA RAMADA;2.304.755,60;0,00;0,00;0,00;0,00;2.304.755,60;;;;
RS;4313359;NOVA ROMA DO SUL;2.662.458,58;0,00;0,00;69.742,62;69.742,62;2.732.201,20;;;;
RS;4313375;NOVA SANTA RITA;38.461.928,32;0,00;0,00;1.292.937,53;1.292.937,53;39.754.865,85;;;;
RS;4313490;NOVO BARREIRO;3.816.243,89;0,00;0,00;0,00;0,00;3.816.243,89;;;;
RS;4313391;NOVO CABRAIS;4.271.963,80;0,00;0,00;132.130,56;132.130,56;4.404.094,36;;;;
RS;4313409;NOVO HAMBURGO;182.455.726,28;0,00;0,00;0,00;0,00;182.455.726,28;;;;
RS;4313425;NOVO MACHADO;989.250,02;0,00;0,00;0,00;0,00;989.250,02;;;;
RS;4313441;NOVO TIRADENTES;2.616.084,61;0,00;0,00;0,00;0,00;2.616.084,61;;;;
RS;4313466;NOVO XINGU;1.485.341,51;0,00;0,00;30.867,90;30.867,90;1.516.209,41;;;;
RS;4313508;OSORIO;35.749.034,97;0,00;0,00;694.636,46;694.636,46;36.443.671,43;;;;
RS;4313607;PAIM FILHO;3.376.811,92;0,00;0,00;0,00;0,00;3.376.811,92;;;;
RS;4313656;PALMARES DO SUL;13.344.275,44;0,00;0,00;0,00;0,00;13.344.275,44;;;;
RS;4313706;PALMEIRA DAS MISSOES;18.757.266,18;0,00;0,00;0,00;0,00;18.757.266,18;;;;
RS;4313805;PALMITINHO;6.335.345,76;0,00;0,00;0,00;0,00;6.335.345,76;;;;
RS;4313904;PANAMBI;37.310.134,97;0,00;0,00;0,00;0,00;37.310.134,97;;;;
RS;4313953;PANTANO GRANDE;10.282.962,23;0,00;0,00;0,00;0,00;10.282.962,23;;;;
RS;4314001;PARAI;5.943.400,29;0,00;0,00;0,00;0,00;5.943.400,29;;;;
RS;4314027;PARAISO DO SUL;4.564.542,88;0,00;0,00;82.495,55;82.495,55;4.647.038,43;;;;
RS;4314035;PARECI NOVO;5.603.029,45;0,00;0,00;0,00;0,00;5.603.029,45;;;;
RS;4314050;PAROBE;65.486.981,06;0,00;0,00;0,00;0,00;65.486.981,06;;;;
RS;4314068;PASSA SETE;3.900.201,14;0,00;0,00;0,00;0,00;3.900.201,14;;;;
RS;4314076;PASSO DO SOBRADO;4.676.815,12;0,00;0,00;73.836,60;73.836,60;4.750.651,72;;;;
RS;4314100;PASSO FUNDO;125.016.708,87;0,00;0,00;4.244.046,53;4.244.046,53;129.260.755,40;;;;
RS;4314134;PAULO BENTO;1.885.091,05;0,00;0,00;0,00;0,00;1.885.091,05;;;;
RS;4314159;PAVERAMA;7.151.255,46;0,00;0,00;0,00;0,00;7.151.255,46;;;;
RS;4314175;PEDRAS ALTAS;2.417.057,11;0,00;0,00;83.473,76;83.473,76;2.500.530,87;;;;
RS;4314209;PEDRO OSORIO;4.738.996,21;0,00;0,00;0,00;0,00;4.738.996,21;;;;
RS;4314308;PEJUCARA;3.786.069,91;0,00;0,00;0,00;0,00;3.786.069,91;;;;
RS;4314407;PELOTAS;216.583.592,69;0,00;0,00;0,00;0,00;216.583.592,69;;;;
RS;4314423;PICADA CAFE;6.516.282,63;0,00;0,00;0,00;0,00;6.516.282,63;;;;
RS;4314456;PINHAL;3.511.108,81;0,00;0,00;0,00;0,00;3.511.108,81;;;;
RS;4314464;PINHAL DA SERRA;2.546.875,65;0,00;0,00;79.452,24;79.452,24;2.626.327,89;;;;
RS;4314472;PINHAL GRANDE;2.995.538,60;0,00;0,00;0,00;0,00;2.995.538,60;;;;
RS;4314498;PINHEIRINHO DO VALE;4.511.996,96;0,00;0,00;0,00;0,00;4.511.996,96;;;;
RS;4314506;PINHEIRO MACHADO;9.695.818,60;0,00;0,00;0,00;0,00;9.695.818,60;;;;
RS;4314548;PINTO BANDEIRA;1.368.322,71;0,00;0,00;0,00;0,00;1.368.322,71;;;;
RS;4314555;PIRAPO;1.306.804,70;0,00;0,00;0,00;0,00;1.306.804,70;;;;
RS;4314605;PIRATINI;10.399.912,15;0,00;0,00;154.882,95;154.882,95;10.554.795,10;;;;
RS;4314704;PLANALTO;8.705.448,36;0,00;0,00;0,00;0,00;8.705.448,36;;;;
RS;4314753;POCO DAS ANTAS;1.996.375,64;0,00;0,00;0,00;0,00;1.996.375,64;;;;
RS;4314779;PONTAO;3.346.979,28;0,00;0,00;0,00;0,00;3.346.979,28;;;;
RS;4314787;PONTE PRETA;1.068.730,29;0,00;0,00;0,00;0,00;1.068.730,29;;;;
RS;4314803;PORTAO;35.813.492,91;0,00;0,00;0,00;0,00;35.813.492,91;;;;
RS;4314902;PORTO ALEGRE;485.751.623,45;0,00;0,00;0,00;0,00;485.751.623,45;;;;
RS;4315008;PORTO LUCENA;1.990.554,99;0,00;0,00;30.070,84;30.070,84;2.020.625,83;;;;
RS;4315057;PORTO MAUA;1.639.218,91;0,00;0,00;0,00;0,00;1.639.218,91;;;;
RS;4315073;PORTO VERA CRUZ;931.008,30;0,00;0,00;17.499,06;17.499,06;948.507,36;;;;
RS;4315107;PORTO XAVIER;8.166.451,26;0,00;0,00;0,00;0,00;8.166.451,26;;;;
RS;4315131;POUSO NOVO;1.547.856,21;0,00;0,00;51.156,66;51.156,66;1.599.012,87;;;;
RS;4315149;PRESIDENTE LUCENA;3.861.520,11;0,00;0,00;56.156,39;56.156,39;3.917.676,50;;;;
RS;4315156;PROGRESSO;3.781.135,29;0,00;0,00;126.442,46;126.442,46;3.907.577,75;;;;
RS;4315172;PROTASIO ALVES;1.597.128,08;0,00;0,00;0,00;0,00;1.597.128,08;;;;
RS;4315206;PUTINGA;2.207.403,95;0,00;0,00;34.092,36;34.092,36;2.241.496,31;;;;
RS;4315305;QUARAI;16.009.377,77;0,00;0,00;0,00;0,00;16.009.377,77;;;;
RS;4315313;QUATRO IRMAOS;1.619.202,23;0,00;0,00;0,00;0,00;1.619.202,23;;;;
RS;4315321;QUEVEDOS;1.397.173,97;0,00;0,00;0,00;0,00;1.397.173,97;;;;
RS;4315354;QUINZE DE NOVEMBRO;4.300.378,49;0,00;0,00;76.264,00;76.264,00;4.376.642,49;;;;
RS;4315404;REDENTORA;5.814.719,00;0,00;0,00;114.414,12;114.414,12;5.929.133,12;;;;
RS;4315453;RELVADO;1.280.286,72;0,00;0,00;0,00;0,00;1.280.286,72;;;;
RS;4315503;RESTINGA SECA;10.651.314,83;0,00;0,00;0,00;0,00;10.651.314,83;;;;
RS;4315552;RIO DOS INDIOS;2.740.027,18;0,00;0,00;50.395,83;50.395,83;2.790.423,01;;;;
RS;4315602;RIO GRANDE;167.594.227,95;0,00;0,00;0,00;0,00;167.594.227,95;;;;
RS;4315701;RIO PARDO;19.991.220,32;0,00;0,00;0,00;0,00;19.991.220,32;;;;
RS;4315750;RIOZINHO;4.801.958,22;0,00;0,00;0,00;0,00;4.801.958,22;;;;
RS;4315800;ROCA SALES;9.899.479,95;0,00;0,00;0,00;0,00;9.899.479,95;;;;
RS;4315909;RODEIO BONITO;5.604.240,83;0,00;0,00;92.893,54;92.893,54;5.697.134,37;;;;
RS;4315958;ROLADOR;1.523.980,42;0,00;0,00;0,00;0,00;1.523.980,42;;;;
RS;4316006;ROLANTE;25.617.981,15;0,00;0,00;0,00;0,00;25.617.981,15;;;;
RS;4316105;RONDA ALTA;5.548.701,32;0,00;0,00;0,00;0,00;5.548.701,32;;;;
RS;4316204;RONDINHA;3.676.860,16;0,00;0,00;0,00;0,00;3.676.860,16;;;;
RS;4316303;ROQUE GONZALES;5.168.486,08;0,00;0,00;170.969,04;170.969,04;5.339.455,12;;;;
RS;4316402;ROSARIO DO SUL;17.155.645,17;0,00;0,00;0,00;0,00;17.155.645,17;;;;
RS;4316428;SAGRADA FAMILIA;1.994.330,07;0,00;0,00;30.179,53;30.179,53;2.024.509,60;;;;
RS;4316436;SALDANHA MARINHO;2.188.524,92;0,00;0,00;0,00;0,00;2.188.524,92;;;;
RS;4316451;SALTO DO JACUI;7.566.743,65;0,00;0,00;113.218,53;113.218,53;7.679.962,18;;;;
RS;4316477;SALVADOR DAS MISSOES;2.332.727,59;0,00;0,00;0,00;0,00;2.332.727,59;;;;
RS;4316501;SALVADOR DO SUL;6.506.604,98;0,00;0,00;0,00;0,00;6.506.604,98;;;;
RS;4316600;SANANDUVA;11.825.167,28;0,00;0,00;0,00;0,00;11.825.167,28;;;;
RS;4316709;SANTA BARBARA DO SUL;7.362.500,24;0,00;0,00;0,00;0,00;7.362.500,24;;;;
RS;4316733;SANTA CECILIA DO SUL;1.778.278,33;0,00;0,00;0,00;0,00;1.778.278,33;;;;
RS;4316758;SANTA CLARA DO SUL;6.275.207,35;0,00;0,00;97.639,66;97.639,66;6.372.847,01;;;;
RS;4316808;SANTA CRUZ DO SUL;87.587.601,79;0,00;0,00;0,00;0,00;87.587.601,79;;;;
RS;4316972;SANTA MARGARIDA DO SUL;2.679.970,68;0,00;0,00;0,00;0,00;2.679.970,68;;;;
RS;4316907;SANTA MARIA;148.788.620,15;0,00;0,00;0,00;0,00;148.788.620,15;;;;
RS;4316956;SANTA MARIA DO HERVAL;5.191.034,45;0,00;0,00;0,00;0,00;5.191.034,45;;;;
RS;4317202;SANTA ROSA;56.755.403,15;0,00;0,00;842.961,79;842.961,79;57.598.364,94;;;;
RS;4317251;SANTA TEREZA;925.920,03;0,00;0,00;0,00;0,00;925.920,03;;;;
RS;4317301;SANTA VITORIA DO PALMAR;28.447.687,63;0,00;0,00;936.688,62;936.688,62;29.384.376,25;;;;
RS;4317004;SANTANA DA BOA VISTA;5.265.298,11;0,00;0,00;0,00;0,00;5.265.298,11;;;;
RS;4317103;SANTANA DO LIVRAMENTO;43.907.190,46;0,00;0,00;1.307.538,19;1.307.538,19;45.214.728,65;;;;
RS;4317400;SANTIAGO;32.374.866,22;0,00;0,00;1.152.003,10;1.152.003,10;33.526.869,32;;;;
RS;4317509;SANTO ANGELO;44.555.785,19;0,00;0,00;1.455.646,15;1.455.646,15;46.011.431,34;;;;
RS;4317608;SANTO ANTONIO DA PATRULHA;29.850.527,49;0,00;0,00;843.577,70;843.577,70;30.694.105,19;;;;
RS;4317707;SANTO ANTONIO DAS MISSOES;9.358.328,54;0,00;0,00;0,00;0,00;9.358.328,54;;;;
RS;4317558;SANTO ANTONIO DO PALMA;1.852.734,14;0,00;0,00;27.788,36;27.788,36;1.880.522,50;;;;
RS;4317756;SANTO ANTONIO DO PLANALTO;1.617.710,04;0,00;0,00;0,00;0,00;1.617.710,04;;;;
RS;4317806;SANTO AUGUSTO;11.711.492,74;0,00;0,00;182.490,16;182.490,16;11.893.982,90;;;;
RS;4317905;SANTO CRISTO;12.353.713,57;0,00;0,00;436.896,73;436.896,73;12.790.610,30;;;;
RS;4317954;SANTO EXPEDITO DO SUL;1.788.431,78;0,00;0,00;0,00;0,00;1.788.431,78;;;;
RS;4318002;SAO BORJA;41.091.590,82;0,00;0,00;0,00;0,00;41.091.590,82;;;;
RS;4318051;SAO DOMINGOS DO SUL;1.493.674,78;0,00;0,00;0,00;0,00;1.493.674,78;;;;
RS;4318101;SAO FRANCISCO DE ASSIS;12.450.530,61;0,00;0,00;0,00;0,00;12.450.530,61;;;;
RS;4318200;SAO FRANCISCO DE PAULA;13.236.446,77;0,00;0,00;0,00;0,00;13.236.446,77;;;;
RS;4318309;SAO GABRIEL;47.393.909,22;0,00;0,00;0,00;0,00;47.393.909,22;;;;
RS;4318408;SAO JERONIMO;11.106.450,39;0,00;0,00;383.203,98;383.203,98;11.489.654,37;;;;
RS;4318424;SAO JOAO DA URTIGA;3.331.671,70;0,00;0,00;0,00;0,00;3.331.671,70;;;;
RS;4318432;SAO JOAO DO POLESINE;1.425.774,35;0,00;0,00;0,00;0,00;1.425.774,35;;;;
RS;4318440;SAO JORGE;1.764.185,82;0,00;0,00;36.374,85;36.374,85;1.800.560,67;;;;
RS;4318457;SAO JOSE DAS MISSOES;2.701.802,68;0,00;0,00;91.082,05;91.082,05;2.792.884,73;;;;
RS;4318465;SAO JOSE DO HERVAL;2.042.786,24;0,00;0,00;0,00;0,00;2.042.786,24;;;;
RS;4318481;SAO JOSE DO HORTENCIO;4.629.280,04;0,00;0,00;158.324,80;158.324,80;4.787.604,84;;;;
RS;4318499;SAO JOSE DO INHACORA;2.737.103,09;0,00;0,00;0,00;0,00;2.737.103,09;;;;
RS;4318507;SAO JOSE DO NORTE;20.479.270,46;0,00;0,00;0,00;0,00;20.479.270,46;;;;
RS;4318606;SAO JOSE DO OURO;4.732.255,39;0,00;0,00;0,00;0,00;4.732.255,39;;;;
RS;4318614;SAO JOSE DO SUL;2.511.505,68;0,00;0,00;71.336,73;71.336,73;2.582.842,41;;;;
RS;4318622;SAO JOSE DOS AUSENTES;5.775.110,59;0,00;0,00;0,00;0,00;5.775.110,59;;;;
RS;4318705;SAO LEOPOLDO;183.134.783,12;0,00;0,00;0,00;0,00;183.134.783,12;;;;
RS;4318804;SAO LOURENCO DO SUL;33.145.572,89;0,00;0,00;1.040.958,37;1.040.958,37;34.186.531,26;;;;
RS;4318903;SAO LUIZ GONZAGA;20.473.799,48;0,00;0,00;395.522,15;395.522,15;20.869.321,63;;;;
RS;4319000;SAO MARCOS;13.553.205,50;0,00;0,00;0,00;0,00;13.553.205,50;;;;
RS;4319109;SAO MARTINHO;5.788.347,30;0,00;0,00;191.185,34;191.185,34;5.979.532,64;;;;
RS;4319125;SAO MARTINHO DA SERRA;1.689.831,49;0,00;0,00;0,00;0,00;1.689.831,49;;;;
RS;4319158;SAO MIGUEL DAS MISSOES;6.512.118,94;0,00;0,00;230.096,29;230.096,29;6.742.215,23;;;;
RS;4319208;SAO NICOLAU;3.298.517,36;0,00;0,00;0,00;0,00;3.298.517,36;;;;
RS;4319307;SAO PAULO DAS MISSOES;5.626.686,97;0,00;0,00;100.139,53;100.139,53;5.726.826,50;;;;
RS;4319356;SAO PEDRO DA SERRA;4.000.246,69;0,00;0,00;111.986,72;111.986,72;4.112.233,41;;;;
RS;4319364;SAO PEDRO DAS MISSOES;2.046.857,90;0,00;0,00;0,00;0,00;2.046.857,90;;;;
RS;4319372;SAO PEDRO DO BUTIA;1.985.496,36;0,00;0,00;60.757,59;60.757,59;2.046.253,95;;;;
RS;4319406;SAO PEDRO DO SUL;12.375.376,37;0,00;0,00;0,00;0,00;12.375.376,37;;;;
RS;4319505;SAO SEBASTIAO DO CAI;20.946.998,15;0,00;0,00;0,00;0,00;20.946.998,15;;;;
RS;4319604;SAO SEPE;16.904.467,95;0,00;0,00;574.896,54;574.896,54;17.479.364,49;;;;
RS;4319703;SAO VALENTIM;2.940.382,99;0,00;0,00;0,00;0,00;2.940.382,99;;;;
RS;4319711;SAO VALENTIM DO SUL;1.106.812,24;0,00;0,00;22.571,25;22.571,25;1.129.383,49;;;;
RS;4319737;SAO VALERIO DO SUL;1.881.469,93;0,00;0,00;0,00;0,00;1.881.469,93;;;;
RS;4319752;SAO VENDELINO;2.495.938,76;0,00;0,00;82.966,54;82.966,54;2.578.905,30;;;;
RS;4319802;SAO VICENTE DO SUL;6.058.938,09;0,00;0,00;207.235,20;207.235,20;6.266.173,29;;;;
RS;4319901;SAPIRANGA;93.404.263,20;0,00;0,00;0,00;0,00;93.404.263,20;;;;
RS;4320008;SAPUCAIA DO SUL;120.322.880,82;0,00;0,00;4.639.025,23;4.639.025,23;124.961.906,05;;;;
RS;4320107;SARANDI;20.287.783,15;0,00;0,00;741.300,61;741.300,61;21.029.083,76;;;;
RS;4320206;SEBERI;8.748.636,71;0,00;0,00;0,00;0,00;8.748.636,71;;;;
RS;4320230;SEDE NOVA;3.123.225,97;0,00;0,00;56.663,61;56.663,61;3.179.889,58;;;;
RS;4320263;SEGREDO;4.217.498,64;0,00;0,00;0,00;0,00;4.217.498,64;;;;
RS;4320305;SELBACH;3.205.436,89;0,00;0,00;50.830,59;50.830,59;3.256.267,48;;;;
RS;4320321;SENADOR SALGADO FILHO;1.895.780,22;0,00;0,00;0,00;0,00;1.895.780,22;;;;
RS;4320354;SENTINELA DO SUL;4.380.064,11;0,00;0,00;93.328,30;93.328,30;4.473.392,41;;;;
RS;4320404;SERAFINA CORREA;15.774.485,38;0,00;0,00;503.161,28;503.161,28;16.277.646,66;;;;
RS;4320453;SERIO;1.419.768,03;0,00;0,00;40.794,90;40.794,90;1.460.562,93;;;;
RS;4320503;SERTAO;4.483.573,43;0,00;0,00;61.228,58;61.228,58;4.544.802,01;;;;
RS;4320552;SERTAO SANTANA;5.797.940,44;0,00;0,00;0,00;0,00;5.797.940,44;;;;
RS;4320578;SETE DE SETEMBRO;1.215.855,66;0,00;0,00;25.360,95;25.360,95;1.241.216,61;;;;
RS;4320602;SEVERIANO DE ALMEIDA;2.161.468,75;0,00;0,00;31.701,19;31.701,19;2.193.169,94;;;;
RS;4320651;SILVEIRA MARTINS;2.238.501,78;0,00;0,00;0,00;0,00;2.238.501,78;;;;
RS;4320677;SINIMBU;8.684.410,87;0,00;0,00;0,00;0,00;8.684.410,87;;;;
RS;4320701;SOBRADINHO;13.066.764,85;0,00;0,00;0,00;0,00;13.066.764,85;;;;
RS;4320800;SOLEDADE;21.128.983,50;0,00;0,00;599.424,20;599.424,20;21.728.407,70;;;;
RS;4320859;TABAI;4.957.902,03;0,00;0,00;207.017,82;207.017,82;5.164.919,85;;;;
RS;4320909;TAPEJARA;24.784.562,68;0,00;0,00;593.772,33;593.772,33;25.378.335,01;;;;
RS;4321006;TAPERA;6.969.861,23;0,00;0,00;0,00;0,00;6.969.861,23;;;;
RS;4321105;TAPES;11.237.188,59;0,00;0,00;0,00;0,00;11.237.188,59;;;;
RS;4321204;TAQUARA;48.437.000,58;0,00;0,00;1.947.938,45;1.947.938,45;50.384.939,03;;;;
RS;4321303;TAQUARI;17.223.459,56;0,00;0,00;0,00;0,00;17.223.459,56;;;;
RS;4321329;TAQUARUCU DO SUL;2.899.056,92;0,00;0,00;0,00;0,00;2.899.056,92;;;;
RS;4321352;TAVARES;4.087.030,12;0,00;0,00;59.091,02;59.091,02;4.146.121,14;;;;
RS;4321402;TENENTE PORTELA;12.405.877,07;0,00;0,00;0,00;0,00;12.405.877,07;;;;
RS;4321436;TERRA DE AREIA;11.610.544,93;0,00;0,00;378.204,25;378.204,25;11.988.749,18;;;;
RS;4321451;TEUTONIA;34.426.740,27;0,00;0,00;0,00;0,00;34.426.740,27;;;;
RS;4321469;TIO HUGO;4.436.435,04;0,00;0,00;0,00;0,00;4.436.435,04;;;;
RS;4321477;TIRADENTES DO SUL;3.437.355,70;0,00;0,00;0,00;0,00;3.437.355,70;;;;
RS;4321493;TOROPI;1.505.981,68;0,00;0,00;54.562,28;54.562,28;1.560.543,96;;;;
RS;4321501;TORRES;33.496.256,74;0,00;0,00;0,00;0,00;33.496.256,74;;;;
RS;4321600;TRAMANDAI;59.492.738,55;0,00;0,00;863.359,25;863.359,25;60.356.097,80;;;;
RS;4321626;TRAVESSEIRO;2.050.198,16;0,00;0,00;35.396,64;35.396,64;2.085.594,80;;;;
RS;4321634;TRES ARROIOS;1.158.333,96;0,00;0,00;21.375,66;21.375,66;1.179.709,62;;;;
RS;4321667;TRES CACHOEIRAS;8.800.526,84;0,00;0,00;163.469,45;163.469,45;8.963.996,29;;;;
RS;4321709;TRES COROAS;30.875.131,74;0,00;0,00;1.207.978,35;1.207.978,35;32.083.110,09;;;;
RS;4321808;TRES DE MAIO;19.361.036,92;0,00;0,00;327.808,41;327.808,41;19.688.845,33;;;;
RS;4321832;TRES FORQUILHAS;2.702.541,67;0,00;0,00;46.301,85;46.301,85;2.748.843,52;;;;
RS;4321857;TRES PALMEIRAS;6.759.069,36;0,00;0,00;0,00;0,00;6.759.069,36;;;;
RS;4321907;TRES PASSOS;25.875.754,56;0,00;0,00;0,00;0,00;25.875.754,56;;;;
RS;4321956;TRINDADE DO SUL;7.870.528,36;0,00;0,00;250.167,67;250.167,67;8.120.696,03;;;;
RS;4322004;TRIUNFO;33.119.722,65;0,00;0,00;0,00;0,00;33.119.722,65;;;;
RS;4322103;TUCUNDUVA;2.534.529,76;0,00;0,00;0,00;0,00;2.534.529,76;;;;
RS;4322152;TUNAS;3.558.088,89;0,00;0,00;0,00;0,00;3.558.088,89;;;;
RS;4322186;TUPANCI DO SUL;1.398.502,05;0,00;0,00;0,00;0,00;1.398.502,05;;;;
RS;4322202;TUPANCIRETA;16.860.611,25;0,00;0,00;0,00;0,00;16.860.611,25;;;;
RS;4322251;TUPANDI;7.863.135,90;0,00;0,00;0,00;0,00;7.863.135,90;;;;
RS;4322301;TUPARENDI;5.376.467,26;0,00;0,00;105.574,02;105.574,02;5.482.041,28;;;;
RS;4322327;TURUCU;3.720.123,76;0,00;0,00;0,00;0,00;3.720.123,76;;;;
RS;4322343;UBIRETAMA;919.335,37;0,00;0,00;21.593,04;21.593,04;940.928,41;;;;
RS;4322350;UNIAO DA SERRA;390.936,92;0,00;0,00;0,00;0,00;390.936,92;;;;
RS;4322376;UNISTALDA;1.480.899,82;0,00;0,00;0,00;0,00;1.480.899,82;;;;
RS;4322400;URUGUAIANA;89.104.057,26;0,00;0,00;2.981.505,91;2.981.505,91;92.085.563,17;;;;
RS;4322509;VACARIA;54.792.146,02;0,00;0,00;0,00;0,00;54.792.146,02;;;;
RS;4322533;VALE DO SOL;6.520.467,41;0,00;0,00;0,00;0,00;6.520.467,41;;;;
RS;4322541;VALE REAL;5.813.139,95;0,00;0,00;205.677,32;205.677,32;6.018.817,27;;;;
RS;4322525;VALE VERDE;3.060.072,77;0,00;0,00;0,00;0,00;3.060.072,77;;;;
RS;4322558;VANINI;1.376.033,01;0,00;0,00;0,00;0,00;1.376.033,01;;;;
RS;4322608;VENANCIO AIRES;45.667.696,49;0,00;0,00;0,00;0,00;45.667.696,49;;;;
RS;4322707;VERA CRUZ;21.789.679,26;0,00;0,00;0,00;0,00;21.789.679,26;;;;
RS;4322806;VERANOPOLIS;21.491.200,04;0,00;0,00;349.473,91;349.473,91;21.840.673,95;;;;
RS;4322855;VESPASIANO CORREA;1.322.750,14;0,00;0,00;0,00;0,00;1.322.750,14;;;;
RS;4322905;VIADUTOS;3.089.305,46;0,00;0,00;66.518,15;66.518,15;3.155.823,61;;;;
RS;4323002;VIAMAO;203.034.208,76;0,00;0,00;3.357.029,14;3.357.029,14;206.391.237,90;;;;
RS;4323101;VICENTE DUTRA;4.395.414,69;0,00;84.825,42;85.720,02;170.545,44;4.565.960,13;;;;
RS;4323200;VICTOR GRAEFF;3.127.425,39;0,00;0,00;113.761,98;113.761,98;3.241.187,37;;;;
RS;4323309;VILA FLORES;3.382.051,90;0,00;0,00;0,00;0,00;3.382.051,90;;;;
RS;4323358;VILA LANGARO;2.266.737,22;0,00;0,00;74.995,96;74.995,96;2.341.733,18;;;;
RS;4323408;VILA MARIA;2.929.069,22;0,00;0,00;101.733,65;101.733,65;3.030.802,87;;;;
RS;4323457;VILA NOVA DO SUL;3.275.685,84;0,00;0,00;0,00;0,00;3.275.685,84;;;;
RS;4323507;VISTA ALEGRE;1.961.221,53;0,00;0,00;61.445,96;61.445,96;2.022.667,49;;;;
RS;4323606;VISTA ALEGRE DO PRATA;1.153.273,38;0,00;0,00;0,00;0,00;1.153.273,38;;;;
RS;4323705;VISTA GAUCHA;3.069.457,59;0,00;0,00;0,00;0,00;3.069.457,59;;;;
RS;4323754;VITORIA DAS MISSOES;2.340.952,09;0,00;0,00;0,00;0,00;2.340.952,09;;;;
RS;4323770;WESTFALIA;3.743.557,25;0,00;0,00;51.591,42;51.591,42;3.795.148,67;;;;
RS;4323804;XANGRI-LA;23.924.214,60;0,00;0,00;0,00;0,00;23.924.214,60;;;;
SC;4200051;ABDON BATISTA;2.440.062,58;0,00;0,00;42.715,09;42.715,09;2.482.777,67;;;;
SC;4200101;ABELARDO LUZ;20.027.367,83;0,00;0,00;770.501,93;770.501,93;20.797.869,76;;;;
SC;4200200;AGROLANDIA;12.374.667,62;0,00;3.320.489,40;0,00;3.320.489,40;15.695.157,02;;;;
SC;4200309;AGRONOMICA;5.013.903,69;0,00;228.086,63;160.824,66;388.911,29;5.402.814,98;;;;
SC;4200408;AGUA DOCE;5.710.267,59;0,00;0,00;0,00;0,00;5.710.267,59;;;;
SC;4200507;AGUAS DE CHAPECO;3.296.417,38;0,00;0,00;0,00;0,00;3.296.417,38;;;;
SC;4200556;AGUAS FRIAS;2.429.380,18;0,00;0,00;53.692,76;53.692,76;2.483.072,94;;;;
SC;4200606;AGUAS MORNAS;5.234.893,16;0,00;257.164,09;168.614,10;425.778,19;5.660.671,35;;;;
SC;4200705;ALFREDO WAGNER;7.517.229,88;0,00;0,00;0,00;0,00;7.517.229,88;;;;
SC;4200754;ALTO BELA VISTA;1.281.271,04;0,00;0,00;51.989,95;51.989,95;1.333.260,99;;;;
SC;4200804;ANCHIETA;5.188.723,36;0,00;0,00;0,00;0,00;5.188.723,36;;;;
SC;4200903;ANGELINA;2.871.553,84;0,00;0,00;0,00;0,00;2.871.553,84;;;;
SC;4201000;ANITA GARIBALDI;6.628.921,87;0,00;0,00;225.458,86;225.458,86;6.854.380,73;;;;
SC;4201109;ANITAPOLIS;2.401.154,44;0,00;0,00;43.620,84;43.620,84;2.444.775,28;;;;
SC;4201208;ANTONIO CARLOS;9.374.647,80;0,00;0,00;0,00;0,00;9.374.647,80;;;;
SC;4201257;APIUNA;13.272.700,54;0,00;0,00;476.169,98;476.169,98;13.748.870,52;;;;
SC;4201273;ARABUTA;4.205.545,53;0,00;0,00;143.072,00;143.072,00;4.348.617,53;;;;
SC;4201307;ARAQUARI;48.815.731,72;0,00;0,00;1.098.781,33;1.098.781,33;49.914.513,05;;;;
SC;4201406;ARARANGUA;42.095.141,46;0,00;0,00;0,00;0,00;42.095.141,46;;;;
SC;4201505;ARMAZEM;7.775.046,93;0,00;24.135,24;0,00;24.135,24;7.799.182,17;;;;
SC;4201604;ARROIO TRINTA;3.002.804,63;0,00;0,00;0,00;0,00;3.002.804,63;;;;
SC;4201653;ARVOREDO;2.169.679,65;0,00;0,00;0,00;0,00;2.169.679,65;;;;
SC;4201703;ASCURRA;4.345.792,65;0,00;0,00;0,00;0,00;4.345.792,65;;;;
SC;4201802;ATALANTA;2.964.188,29;0,00;0,00;0,00;0,00;2.964.188,29;;;;
SC;4201901;AURORA;5.537.707,72;0,00;0,00;0,00;0,00;5.537.707,72;;;;
SC;4201950;BALNEARIO ARROIO DO SILVA;15.434.200,32;0,00;0,00;0,00;0,00;15.434.200,32;;;;
SC;4202057;BALNEARIO BARRA DO SUL;11.893.167,95;0,00;0,00;0,00;0,00;11.893.167,95;;;;
SC;4202008;BALNEARIO CAMBORIU;116.348.704,05;0,00;0,00;0,00;0,00;116.348.704,05;;;;
SC;4202073;BALNEARIO GAIVOTA;16.077.031,35;0,00;0,00;0,00;0,00;16.077.031,35;;;;
SC;4212809;BALNEARIO PICARRAS;40.734.751,85;0,00;0,00;0,00;0,00;40.734.751,85;;;;
SC;4220000;BALNEARIO RINCAO;12.860.177,39;0,00;0,00;0,00;0,00;12.860.177,39;;;;
SC;4202081;BANDEIRANTE;4.254.504,70;0,00;0,00;0,00;0,00;4.254.504,70;;;;
SC;4202099;BARRA BONITA;1.120.357,80;0,00;0,00;0,00;0,00;1.120.357,80;;;;
SC;4202107;BARRA VELHA;56.660.892,71;0,00;0,00;0,00;0,00;56.660.892,71;;;;
SC;4202131;BELA VISTA DO TOLDO;8.519.114,59;0,00;0,00;0,00;0,00;8.519.114,59;;;;
SC;4202156;BELMONTE;2.312.954,21;0,00;0,00;48.185,81;48.185,81;2.361.140,02;;;;
SC;4202206;BENEDITO NOVO;5.508.749,68;0,00;0,00;0,00;0,00;5.508.749,68;;;;
SC;4202305;BIGUACU;41.407.770,92;0,00;0,00;1.531.258,02;1.531.258,02;42.939.028,94;;;;
SC;4202404;BLUMENAU;255.763.037,56;0,00;0,00;0,00;0,00;255.763.037,56;;;;
SC;4202438;BOCAINA DO SUL;4.494.872,61;0,00;0,00;96.262,93;96.262,93;4.591.135,54;;;;
SC;4202503;BOM JARDIM DA SERRA;3.841.092,78;0,00;0,00;0,00;0,00;3.841.092,78;;;;
SC;4202537;BOM JESUS;2.445.215,48;0,00;0,00;0,00;0,00;2.445.215,48;;;;
SC;4202578;BOM JESUS DO OESTE;1.845.836,32;0,00;0,00;0,00;0,00;1.845.836,32;;;;
SC;4202602;BOM RETIRO;6.424.054,63;0,00;0,00;0,00;0,00;6.424.054,63;;;;
SC;4202453;BOMBINHAS;32.331.149,74;0,00;0,00;577.650,01;577.650,01;32.908.799,75;;;;
SC;4202701;BOTUVERA;3.677.901,54;0,00;0,00;150.462,90;150.462,90;3.828.364,44;;;;
SC;4202800;BRACO DO NORTE;30.871.156,04;0,00;0,00;0,00;0,00;30.871.156,04;;;;
SC;4202859;BRACO DO TROMBUDO;4.576.862,83;0,00;0,00;0,00;0,00;4.576.862,83;;;;
SC;4202875;BRUNOPOLIS;1.907.752,57;0,00;0,00;0,00;0,00;1.907.752,57;;;;
SC;4202909;BRUSQUE;115.573.991,78;0,00;0,00;4.298.681,26;4.298.681,26;119.872.673,04;;;;
SC;4203006;CACADOR;67.921.165,48;0,00;0,00;2.532.653,30;2.532.653,30;70.453.818,78;;;;
SC;4203105;CAIBI;4.519.763,50;0,00;0,00;159.230,54;159.230,54;4.678.994,04;;;;
SC;4203154;CALMON;5.141.288,67;0,00;0,00;0,00;0,00;5.141.288,67;;;;
SC;4203204;CAMBORIU;112.182.666,84;0,00;12.604.113,35;2.197.055,45;14.801.168,80;126.983.835,64;;;;
SC;4203303;CAMPO ALEGRE;14.415.993,67;0,00;0,00;0,00;0,00;14.415.993,67;;;;
SC;4203402;CAMPO BELO DO SUL;5.699.889,98;0,00;0,00;0,00;0,00;5.699.889,98;;;;
SC;4203501;CAMPO ERE;10.230.926,45;0,00;0,00;0,00;0,00;10.230.926,45;;;;
SC;4203600;CAMPOS NOVOS;34.236.807,43;0,00;0,00;0,00;0,00;34.236.807,43;;;;
SC;4203709;CANELINHA;10.394.190,09;0,00;1.629.389,42;0,00;1.629.389,42;12.023.579,51;;;;
SC;4203808;CANOINHAS;46.688.896,15;0,00;0,00;0,00;0,00;46.688.896,15;;;;
SC;4203253;CAPAO ALTO;3.349.597,89;0,00;0,00;0,00;0,00;3.349.597,89;;;;
SC;4203907;CAPINZAL;24.601.589,39;0,00;0,00;0,00;0,00;24.601.589,39;;;;
SC;4203956;CAPIVARI DE BAIXO;21.451.723,05;0,00;0,00;0,00;0,00;21.451.723,05;;;;
SC;4204004;CATANDUVAS;9.590.434,29;0,00;0,00;364.436,87;364.436,87;9.954.871,16;;;;
SC;4204103;CAXAMBU DO SUL;3.044.993,01;0,00;0,00;128.398,87;128.398,87;3.173.391,88;;;;
SC;4204152;CELSO RAMOS;3.107.608,88;0,00;0,00;0,00;0,00;3.107.608,88;;;;
SC;4204178;CERRO NEGRO;2.828.028,06;0,00;0,00;43.186,08;43.186,08;2.871.214,14;;;;
SC;4204194;CHAPADAO DO LAGEADO;2.815.968,26;0,00;0,00;46.845,30;46.845,30;2.862.813,56;;;;
SC;4204202;CHAPECO;188.242.798,34;0,00;0,00;3.780.593,26;3.780.593,26;192.023.391,60;;;;
SC;4204251;COCAL DO SUL;14.881.926,22;0,00;0,00;0,00;0,00;14.881.926,22;;;;
SC;4204301;CONCORDIA;75.302.443,88;0,00;0,00;0,00;0,00;75.302.443,88;;;;
SC;4204350;CORDILHEIRA ALTA;5.931.159,54;0,00;0,00;0,00;0,00;5.931.159,54;;;;
SC;4204400;CORONEL FREITAS;7.700.664,82;0,00;0,00;147.238,44;147.238,44;7.847.903,26;;;;
SC;4204459;CORONEL MARTINS;1.956.220,03;0,00;0,00;0,00;0,00;1.956.220,03;;;;
SC;4204558;CORREIA PINTO;14.823.083,58;0,00;0,00;559.969,81;559.969,81;15.383.053,39;;;;
SC;4204509;CORUPA;18.366.306,34;0,00;0,00;686.557,18;686.557,18;19.052.863,52;;;;
SC;4204608;CRICIUMA;196.056.156,92;0,00;0,00;2.639.169,29;2.639.169,29;198.695.326,21;;;;
SC;4204707;CUNHA PORA;8.705.497,16;0,00;0,00;151.622,26;151.622,26;8.857.119,42;;;;
SC;4204756;CUNHATAI;1.217.010,60;0,00;0,00;0,00;0,00;1.217.010,60;;;;
SC;4204806;CURITIBANOS;31.053.429,76;0,00;0,00;516.566,35;516.566,35;31.569.996,11;;;;
SC;4204905;DESCANSO;5.387.564,80;0,00;0,00;111.769,34;111.769,34;5.499.334,14;;;;
SC;4205001;DIONISIO CERQUEIRA;11.149.712,90;0,00;0,00;203.322,37;203.322,37;11.353.035,27;;;;
SC;4205100;DONA EMMA;3.100.880,46;0,00;0,00;53.439,15;53.439,15;3.154.319,61;;;;
SC;4205159;DOUTOR PEDRINHO;2.593.348,91;0,00;0,00;0,00;0,00;2.593.348,91;;;;
SC;4205175;ENTRE RIOS;2.632.105,70;0,00;0,00;48.475,65;48.475,65;2.680.581,35;;;;
SC;4205191;ERMO;3.304.356,63;0,00;0,00;0,00;0,00;3.304.356,63;;;;
SC;4205209;ERVAL VELHO;3.717.192,17;0,00;0,00;0,00;0,00;3.717.192,17;;;;
SC;4205308;FAXINAL DOS GUEDES;11.507.252,72;0,00;0,00;0,00;0,00;11.507.252,72;;;;
SC;4205357;FLOR DO SERTAO;1.648.281,12;0,00;0,00;38.258,81;38.258,81;1.686.539,93;;;;
SC;4205407;FLORIANOPOLIS;295.608.847,33;0,00;0,00;5.582.126,55;5.582.126,55;301.190.973,88;;;;
SC;4205431;FORMOSA DO SUL;2.253.600,11;0,00;0,00;0,00;0,00;2.253.600,11;;;;
SC;4205456;FORQUILHINHA;28.684.556,37;0,00;448.302,27;1.037.009,30;1.485.311,57;30.169.867,94;;;;
SC;4205506;FRAIBURGO;44.625.513,35;0,00;0,00;0,00;0,00;44.625.513,35;;;;
SC;4205555;FREI ROGERIO;2.320.016,98;0,00;0,00;0,00;0,00;2.320.016,98;;;;
SC;4205605;GALVAO;3.331.075,89;0,00;0,00;120.718,13;120.718,13;3.451.794,02;;;;
SC;4205704;GAROPABA;24.835.467,18;0,00;0,00;1.071.137,90;1.071.137,90;25.906.605,08;;;;
SC;4205803;GARUVA;25.824.165,68;0,00;0,00;0,00;0,00;25.824.165,68;;;;
SC;4205902;GASPAR;65.827.419,31;0,00;0,00;0,00;0,00;65.827.419,31;;;;
SC;4206009;GOVERNADOR CELSO RAMOS;19.981.173,17;0,00;0,00;798.181,60;798.181,60;20.779.354,77;;;;
SC;4206108;GRAO PARA;5.333.534,31;0,00;0,00;0,00;0,00;5.333.534,31;;;;
SC;4206207;GRAVATAL;7.476.506,34;0,00;0,00;223.357,52;223.357,52;7.699.863,86;;;;
SC;4206306;GUABIRUBA;30.230.707,26;0,00;0,00;1.227.216,44;1.227.216,44;31.457.923,70;;;;
SC;4206405;GUARACIABA;9.533.463,06;0,00;0,00;0,00;0,00;9.533.463,06;;;;
SC;4206504;GUARAMIRIM;42.745.527,82;0,00;0,00;0,00;0,00;42.745.527,82;;;;
SC;4206603;GUARUJA DO SUL;5.704.553,45;0,00;0,00;112.747,54;112.747,54;5.817.300,99;;;;
SC;4206652;GUATAMBU;8.168.460,19;0,00;0,00;0,00;0,00;8.168.460,19;;;;
SC;4206702;HERVAL DOESTE;17.386.574,91;0,00;0,00;637.030,87;637.030,87;18.023.605,78;;;;
SC;4206751;IBIAM;1.996.668,53;0,00;0,00;0,00;0,00;1.996.668,53;;;;
SC;4206801;IBICARE;2.686.383,25;0,00;0,00;0,00;0,00;2.686.383,25;;;;
SC;4206900;IBIRAMA;19.128.733,12;0,00;0,00;632.139,83;632.139,83;19.760.872,95;;;;
SC;4207007;ICARA;54.044.255,45;0,00;0,00;0,00;0,00;54.044.255,45;;;;
SC;4207106;ILHOTA;21.223.361,58;0,00;1.207.863,26;0,00;1.207.863,26;22.431.224,84;;;;
SC;4207205;IMARUI;11.178.366,65;0,00;2.179.034,24;300.563,50;2.479.597,74;13.657.964,39;;;;
SC;4207304;IMBITUBA;31.346.414,18;0,00;0,00;638.298,92;638.298,92;31.984.713,10;;;;
SC;4207403;IMBUIA;5.787.304,07;0,00;0,00;199.047,24;199.047,24;5.986.351,31;;;;
SC;4207502;INDAIAL;71.586.612,58;0,00;0,00;2.657.465,41;2.657.465,41;74.244.077,99;;;;
SC;4207577;IOMERE;3.774.702,92;0,00;0,00;0,00;0,00;3.774.702,92;;;;
SC;4207601;IPIRA;4.882.931,31;0,00;0,00;0,00;0,00;4.882.931,31;;;;
SC;4207650;IPORA DO OESTE;6.994.457,43;0,00;0,00;288.933,70;288.933,70;7.283.391,13;;;;
SC;4207684;IPUACU;5.108.263,48;0,00;0,00;0,00;0,00;5.108.263,48;;;;
SC;4207700;IPUMIRIM;7.590.432,57;0,00;0,00;0,00;0,00;7.590.432,57;;;;
SC;4207759;IRACEMINHA;2.303.567,09;0,00;0,00;0,00;0,00;2.303.567,09;;;;
SC;4207809;IRANI;9.712.769,89;0,00;0,00;0,00;0,00;9.712.769,89;;;;
SC;4207858;IRATI;1.780.386,38;0,00;0,00;0,00;0,00;1.780.386,38;;;;
SC;4207908;IRINEOPOLIS;14.917.967,98;0,00;0,00;0,00;0,00;14.917.967,98;;;;
SC;4208005;ITA;7.830.944,62;0,00;0,00;141.514,11;141.514,11;7.972.458,73;;;;
SC;4208104;ITAIOPOLIS;17.687.807,47;0,00;0,00;297.447,73;297.447,73;17.985.255,20;;;;
SC;4208203;ITAJAI;265.972.970,44;0,00;0,00;0,00;0,00;265.972.970,44;;;;
SC;4208302;ITAPEMA;90.606.425,76;0,00;0,00;3.237.760,21;3.237.760,21;93.844.185,97;;;;
SC;4208401;ITAPIRANGA;15.931.497,71;0,00;0,00;0,00;0,00;15.931.497,71;;;;
SC;4208450;ITAPOA;35.379.666,10;0,00;0,00;680.434,33;680.434,33;36.060.100,43;;;;
SC;4208500;ITUPORANGA;17.720.295,85;0,00;0,00;0,00;0,00;17.720.295,85;;;;
SC;4208609;JABORA;4.636.140,58;0,00;0,00;0,00;0,00;4.636.140,58;;;;
SC;4208708;JACINTO MACHADO;11.170.465,61;0,00;0,00;392.189,00;392.189,00;11.562.654,61;;;;
SC;4208807;JAGUARUNA;19.047.454,80;0,00;0,00;0,00;0,00;19.047.454,80;;;;
SC;4208906;JARAGUA DO SUL;158.628.311,77;0,00;0,00;0,00;0,00;158.628.311,77;;;;
SC;4208955;JARDINOPOLIS;1.387.895,40;0,00;0,00;0,00;0,00;1.387.895,40;;;;
SC;4209003;JOACABA;24.303.402,08;0,00;0,00;0,00;0,00;24.303.402,08;;;;
SC;4209102;JOINVILLE;502.481.252,36;0,00;0,00;0,00;0,00;502.481.252,36;;;;
SC;4209151;JOSE BOITEUX;7.355.474,18;0,00;0,00;0,00;0,00;7.355.474,18;;;;
SC;4209177;JUPIA;1.494.463,12;0,00;0,00;27.570,98;27.570,98;1.522.034,10;;;;
SC;4209201;LACERDOPOLIS;1.833.080,86;0,00;0,00;70.793,28;70.793,28;1.903.874,14;;;;
SC;4209300;LAGES;117.800.567,12;0,00;0,00;0,00;0,00;117.800.567,12;;;;
SC;4209409;LAGUNA;17.736.523,40;0,00;0,00;551.093,47;551.093,47;18.287.616,87;;;;
SC;4209458;LAJEADO GRANDE;1.755.558,79;0,00;0,00;75.756,78;75.756,78;1.831.315,57;;;;
SC;4209508;LAURENTINO;6.933.107,09;0,00;0,00;125.283,10;125.283,10;7.058.390,19;;;;
SC;4209607;LAURO MULLER;12.957.699,22;0,00;0,00;0,00;0,00;12.957.699,22;;;;
SC;4209706;LEBON REGIS;12.354.029,30;0,00;1.815.350,20;203.431,06;2.018.781,26;14.372.810,56;;;;
SC;4209805;LEOBERTO LEAL;2.563.366,02;0,00;0,00;0,00;0,00;2.563.366,02;;;;
SC;4209854;LINDOIA DO SUL;3.686.045,23;0,00;0,00;132.963,85;132.963,85;3.819.009,08;;;;
SC;4209904;LONTRAS;13.591.499,45;0,00;1.755.188,05;0,00;1.755.188,05;15.346.687,50;;;;
SC;4210001;LUIZ ALVES;12.543.353,82;0,00;0,00;0,00;0,00;12.543.353,82;;;;
SC;4210035;LUZERNA;6.600.529,99;0,00;0,00;273.934,51;273.934,51;6.874.464,50;;;;
SC;4210050;MACIEIRA;1.927.411,74;0,00;0,00;33.838,76;33.838,76;1.961.250,50;;;;
SC;4210100;MAFRA;43.539.022,70;0,00;0,00;771.842,44;771.842,44;44.310.865,14;;;;
SC;4210209;MAJOR GERCINO;2.140.756,67;0,00;0,00;0,00;0,00;2.140.756,67;;;;
SC;4210308;MAJOR VIEIRA;6.751.364,60;0,00;0,00;0,00;0,00;6.751.364,60;;;;
SC;4210407;MARACAJA;10.014.655,35;0,00;1.402.864,82;0,00;1.402.864,82;11.417.520,17;;;;
SC;4210506;MARAVILHA;23.657.466,97;0,00;0,00;0,00;0,00;23.657.466,97;;;;
SC;4210555;MAREMA;1.574.068,97;0,00;0,00;0,00;0,00;1.574.068,97;;;;
SC;4210605;MASSARANDUBA;16.265.867,52;0,00;0,00;574.171,94;574.171,94;16.840.039,46;;;;
SC;4210704;MATOS COSTA;2.532.128,21;0,00;0,00;0,00;0,00;2.532.128,21;;;;
SC;4210803;MELEIRO;7.636.855,66;0,00;0,00;270.818,73;270.818,73;7.907.674,39;;;;
SC;4210852;MIRIM DOCE;3.145.780,59;0,00;0,00;0,00;0,00;3.145.780,59;;;;
SC;4210902;MODELO;3.363.468,09;0,00;0,00;113.327,22;113.327,22;3.476.795,31;;;;
SC;4211009;MONDAI;9.705.154,23;0,00;0,00;180.062,75;180.062,75;9.885.216,98;;;;
SC;4211058;MONTE CARLO;12.523.603,23;0,00;0,00;457.402,87;457.402,87;12.981.006,10;;;;
SC;4211108;MONTE CASTELO;6.624.841,79;0,00;0,00;0,00;0,00;6.624.841,79;;;;
SC;4211207;MORRO DA FUMACA;20.426.440,28;0,00;0,00;0,00;0,00;20.426.440,28;;;;
SC;4211256;MORRO GRANDE;2.605.955,77;0,00;0,00;44.852,65;44.852,65;2.650.808,42;;;;
SC;4211306;NAVEGANTES;138.485.046,95;0,00;0,00;2.711.520,46;2.711.520,46;141.196.567,41;;;;
SC;4211405;NOVA ERECHIM;4.309.058,70;0,00;0,00;0,00;0,00;4.309.058,70;;;;
SC;4211454;NOVA ITABERABA;3.339.261,61;0,00;0,00;0,00;0,00;3.339.261,61;;;;
SC;4211504;NOVA TRENTO;12.997.657,08;0,00;0,00;0,00;0,00;12.997.657,08;;;;
SC;4211603;NOVA VENEZA;12.818.678,40;0,00;0,00;0,00;0,00;12.818.678,40;;;;
SC;4211652;NOVO HORIZONTE;1.695.279,98;0,00;0,00;0,00;0,00;1.695.279,98;;;;
SC;4211702;ORLEANS;14.198.623,03;0,00;0,00;0,00;0,00;14.198.623,03;;;;
SC;4211751;OTACILIO COSTA;19.145.839,59;0,00;0,00;0,00;0,00;19.145.839,59;;;;
SC;4211801;OURO;5.556.945,91;0,00;0,00;0,00;0,00;5.556.945,91;;;;
SC;4211850;OURO VERDE;1.753.888,37;0,00;0,00;71.843,95;71.843,95;1.825.732,32;;;;
SC;4211876;PAIAL;1.893.887,21;0,00;0,00;67.315,21;67.315,21;1.961.202,42;;;;
SC;4211892;PAINEL;1.412.199,23;0,00;0,00;45.613,48;45.613,48;1.457.812,71;;;;
SC;4211900;PALHOCA;126.739.663,45;0,00;0,00;3.068.240,36;3.068.240,36;129.807.903,81;;;;
SC;4212007;PALMA SOLA;7.280.205,81;0,00;0,00;0,00;0,00;7.280.205,81;;;;
SC;4212056;PALMEIRA;2.431.679,60;0,00;0,00;0,00;0,00;2.431.679,60;;;;
SC;4212106;PALMITOS;10.851.839,23;0,00;0,00;0,00;0,00;10.851.839,23;;;;
SC;4212205;PAPANDUVA;12.964.281,35;0,00;0,00;270.818,73;270.818,73;13.235.100,08;;;;
SC;4212239;PARAISO;3.443.513,54;0,00;0,00;62.532,86;62.532,86;3.506.046,40;;;;
SC;4212254;PASSO DE TORRES;17.505.783,09;0,00;634.015,18;384.182,18;1.018.197,36;18.523.980,45;;;;
SC;4212270;PASSOS MAIA;3.808.841,70;0,00;0,00;0,00;0,00;3.808.841,70;;;;
SC;4212304;PAULO LOPES;9.239.988,08;0,00;0,00;0,00;0,00;9.239.988,08;;;;
SC;4212403;PEDRAS GRANDES;2.944.801,96;0,00;0,00;94.451,43;94.451,43;3.039.253,39;;;;
SC;4212502;PENHA;39.285.647,78;0,00;0,00;985.997,56;985.997,56;40.271.645,34;;;;
SC;4212601;PERITIBA;2.734.594,82;0,00;0,00;97.857,04;97.857,04;2.832.451,86;;;;
SC;4212650;PESCARIA BRAVA;10.148.173,09;0,00;168.440,61;183.540,83;351.981,44;10.500.154,53;;;;
SC;4212700;PETROLANDIA;6.120.318,72;0,00;0,00;99.596,08;99.596,08;6.219.914,80;;;;
SC;4212908;PINHALZINHO;19.060.165,68;0,00;0,00;0,00;0,00;19.060.165,68;;;;
SC;4213005;PINHEIRO PRETO;3.335.340,72;0,00;0,00;0,00;0,00;3.335.340,72;;;;
SC;4213104;PIRATUBA;6.892.456,09;0,00;0,00;129.956,76;129.956,76;7.022.412,85;;;;
SC;4213153;PLANALTO ALEGRE;2.646.535,97;0,00;0,00;0,00;0,00;2.646.535,97;;;;
SC;4213203;POMERODE;37.453.069,61;0,00;0,00;0,00;0,00;37.453.069,61;;;;
SC;4213302;PONTE ALTA;3.832.539,81;0,00;0,00;65.902,24;65.902,24;3.898.442,05;;;;
SC;4213351;PONTE ALTA DO NORTE;3.750.111,90;0,00;0,00;0,00;0,00;3.750.111,90;;;;
SC;4213401;PONTE SERRADA;10.134.372,61;0,00;0,00;0,00;0,00;10.134.372,61;;;;
SC;4213500;PORTO BELO;33.056.838,94;0,00;0,00;626.016,97;626.016,97;33.682.855,91;;;;
SC;4213609;PORTO UNIAO;17.137.979,07;0,00;0,00;0,00;0,00;17.137.979,07;;;;
SC;4213708;POUSO REDONDO;12.947.910,36;0,00;0,00;0,00;0,00;12.947.910,36;;;;
SC;4213807;PRAIA GRANDE;7.454.330,29;0,00;0,00;143.216,92;143.216,92;7.597.547,21;;;;
SC;4213906;PRESIDENTE CASTELLO BRANCO;1.649.210,23;0,00;0,00;64.815,35;64.815,35;1.714.025,58;;;;
SC;4214003;PRESIDENTE GETULIO;18.406.472,53;0,00;0,00;576.997,87;576.997,87;18.983.470,40;;;;
SC;4214102;PRESIDENTE NEREU;2.043.263,10;0,00;0,00;0,00;0,00;2.043.263,10;;;;
SC;4214151;PRINCESA;2.826.896,13;0,00;0,00;0,00;0,00;2.826.896,13;;;;
SC;4214201;QUILOMBO;7.969.205,93;0,00;0,00;0,00;0,00;7.969.205,93;;;;
SC;4214300;RANCHO QUEIMADO;2.815.983,82;0,00;0,00;56.083,93;56.083,93;2.872.067,75;;;;
SC;4214409;RIO DAS ANTAS;9.239.821,30;0,00;0,00;0,00;0,00;9.239.821,30;;;;
SC;4214508;RIO DO CAMPO;4.934.565,11;0,00;0,00;155.824,93;155.824,93;5.090.390,04;;;;
SC;4214607;RIO DO OESTE;6.137.130,15;0,00;0,00;0,00;0,00;6.137.130,15;;;;
SC;4214805;RIO DO SUL;54.980.249,46;0,00;0,00;1.592.885,13;1.592.885,13;56.573.134,59;;;;
SC;4214706;RIO DOS CEDROS;12.863.030,00;0,00;2.509.290,24;393.130,98;2.902.421,22;15.765.451,22;;;;
SC;4214904;RIO FORTUNA;4.452.662,00;0,00;0,00;179.881,61;179.881,61;4.632.543,61;;;;
SC;4215000;RIO NEGRINHO;44.931.227,77;0,00;0,00;0,00;0,00;44.931.227,77;;;;
SC;4215059;RIO RUFINO;2.207.248,59;0,00;0,00;0,00;0,00;2.207.248,59;;;;
SC;4215075;RIQUEZA;3.772.231,59;0,00;0,00;0,00;0,00;3.772.231,59;;;;
SC;4215109;RODEIO;11.199.677,94;0,00;0,00;0,00;0,00;11.199.677,94;;;;
SC;4215208;ROMELANDIA;2.349.050,71;0,00;0,00;0,00;0,00;2.349.050,71;;;;
SC;4215307;SALETE;7.010.916,58;0,00;0,00;0,00;0,00;7.010.916,58;;;;
SC;4215356;SALTINHO;2.927.025,12;0,00;0,00;0,00;0,00;2.927.025,12;;;;
SC;4215406;SALTO VELOSO;6.239.715,67;0,00;0,00;0,00;0,00;6.239.715,67;;;;
SC;4215455;SANGAO;7.419.994,76;0,00;161.020,28;135.753,55;296.773,83;7.716.768,59;;;;
SC;4215505;SANTA CECILIA;14.399.972,45;0,00;0,00;0,00;0,00;14.399.972,45;;;;
SC;4215554;SANTA HELENA;2.067.804,97;0,00;0,00;0,00;0,00;2.067.804,97;;;;
SC;4215604;SANTA ROSA DE LIMA;2.520.364,12;0,00;0,00;0,00;0,00;2.520.364,12;;;;
SC;4215653;SANTA ROSA DO SUL;10.580.661,74;0,00;0,00;397.840,87;397.840,87;10.978.502,61;;;;
SC;4215679;SANTA TEREZINHA;6.463.608,76;0,00;0,00;0,00;0,00;6.463.608,76;;;;
SC;4215687;SANTA TEREZINHA DO PROGRESSO;2.005.841,95;0,00;0,00;0,00;0,00;2.005.841,95;;;;
SC;4215695;SANTIAGO DO SUL;1.438.964,17;0,00;0,00;0,00;0,00;1.438.964,17;;;;
SC;4215703;SANTO AMARO DA IMPERATRIZ;25.509.767,70;0,00;0,00;569.751,89;569.751,89;26.079.519,59;;;;
SC;4215802;SAO BENTO DO SUL;81.114.591,59;0,00;0,00;0,00;0,00;81.114.591,59;;;;
SC;4215752;SAO BERNARDINO;2.534.537,34;0,00;0,00;0,00;0,00;2.534.537,34;;;;
SC;4215901;SAO BONIFACIO;1.228.272,67;0,00;0,00;0,00;0,00;1.228.272,67;;;;
SC;4216008;SAO CARLOS;7.346.433,96;0,00;0,00;276.543,06;276.543,06;7.622.977,02;;;;
SC;4216057;SAO CRISTOVAO DO SUL;4.910.035,21;0,00;0,00;202.887,61;202.887,61;5.112.922,82;;;;
SC;4216107;SAO DOMINGOS;6.193.074,52;0,00;0,00;0,00;0,00;6.193.074,52;;;;
SC;4216206;SAO FRANCISCO DO SUL;49.814.716,10;0,00;0,00;1.718.494,30;1.718.494,30;51.533.210,40;;;;
SC;4216305;SAO JOAO BATISTA;31.864.612,36;0,00;0,00;0,00;0,00;31.864.612,36;;;;
SC;4216354;SAO JOAO DO ITAPERIU;5.056.145,23;0,00;0,00;190.170,91;190.170,91;5.246.316,14;;;;
SC;4216255;SAO JOAO DO OESTE;4.528.263,20;0,00;0,00;66.880,45;66.880,45;4.595.143,65;;;;
SC;4216404;SAO JOAO DO SUL;10.980.540,29;0,00;1.427.478,89;396.826,43;1.824.305,32;12.804.845,61;;;;
SC;4216503;SAO JOAQUIM;19.915.912,69;0,00;0,00;0,00;0,00;19.915.912,69;;;;
SC;4216602;SAO JOSE;172.297.083,41;0,00;0,00;2.847.129,09;2.847.129,09;175.144.212,50;;;;
SC;4216701;SAO JOSE DO CEDRO;12.498.159,64;0,00;0,00;0,00;0,00;12.498.159,64;;;;
SC;4216800;SAO JOSE DO CERRITO;4.706.023,62;0,00;0,00;151.875,87;151.875,87;4.857.899,49;;;;
SC;4216909;SAO LOURENCO DO OESTE;30.298.695,28;0,00;0,00;1.132.330,25;1.132.330,25;31.431.025,53;;;;
SC;4217006;SAO LUDGERO;12.651.689,21;0,00;0,00;469.177,60;469.177,60;13.120.866,81;;;;
SC;4217105;SAO MARTINHO;2.667.103,23;0,00;0,00;41.990,49;41.990,49;2.709.093,72;;;;
SC;4217154;SAO MIGUEL DA BOA VISTA;1.531.057,01;0,00;0,00;55.286,87;55.286,87;1.586.343,88;;;;
SC;4217204;SAO MIGUEL DO OESTE;34.276.423,80;0,00;0,00;0,00;0,00;34.276.423,80;;;;
SC;4217253;SAO PEDRO DE ALCANTARA;4.557.217,55;0,00;0,00;0,00;0,00;4.557.217,55;;;;
SC;4217303;SAUDADES;8.642.407,44;0,00;0,00;0,00;0,00;8.642.407,44;;;;
SC;4217402;SCHROEDER;20.536.508,66;0,00;0,00;350.452,12;350.452,12;20.886.960,78;;;;
SC;4217501;SEARA;14.505.969,09;0,00;0,00;506.603,12;506.603,12;15.012.572,21;;;;
SC;4217550;SERRA ALTA;2.998.562,06;0,00;0,00;0,00;0,00;2.998.562,06;;;;
SC;4217600;SIDEROPOLIS;9.726.110,93;0,00;0,00;322.808,68;322.808,68;10.048.919,61;;;;
SC;4217709;SOMBRIO;32.207.579,64;0,00;0,00;993.352,24;993.352,24;33.200.931,88;;;;
SC;4217758;SUL BRASIL;2.376.418,69;0,00;0,00;0,00;0,00;2.376.418,69;;;;
SC;4217808;TAIO;18.534.215,69;0,00;0,00;581.019,40;581.019,40;19.115.235,09;;;;
SC;4217907;TANGARA;7.860.882,17;0,00;0,00;0,00;0,00;7.860.882,17;;;;
SC;4217956;TIGRINHOS;2.477.701,62;0,00;0,00;89.814,00;89.814,00;2.567.515,62;;;;
SC;4218004;TIJUCAS;46.753.471,59;0,00;1.041.808,79;0,00;1.041.808,79;47.795.280,38;;;;
SC;4218103;TIMBE DO SUL;4.460.604,58;0,00;0,00;81.734,72;81.734,72;4.542.339,30;;;;
SC;4218202;TIMBO;34.045.502,87;0,00;0,00;0,00;0,00;34.045.502,87;;;;
SC;4218251;TIMBO GRANDE;9.461.877,05;0,00;0,00;0,00;0,00;9.461.877,05;;;;
SC;4218301;TRES BARRAS;24.763.488,63;0,00;0,00;0,00;0,00;24.763.488,63;;;;
SC;4218350;TREVISO;2.911.272,08;0,00;0,00;0,00;0,00;2.911.272,08;;;;
SC;4218400;TREZE DE MAIO;6.948.327,08;0,00;188.996,04;154.774,26;343.770,30;7.292.097,38;;;;
SC;4218509;TREZE TILIAS;11.515.238,97;0,00;0,00;231.255,65;231.255,65;11.746.494,62;;;;
SC;4218608;TROMBUDO CENTRAL;7.103.046,06;0,00;0,00;0,00;0,00;7.103.046,06;;;;
SC;4218707;TUBARAO;50.051.088,95;0,00;0,00;0,00;0,00;50.051.088,95;;;;
SC;4218756;TUNAPOLIS;3.320.076,95;0,00;0,00;0,00;0,00;3.320.076,95;;;;
SC;4218806;TURVO;9.519.906,21;0,00;0,00;156.477,07;156.477,07;9.676.383,28;;;;
SC;4218855;UNIAO DO OESTE;2.484.546,38;0,00;0,00;82.640,47;82.640,47;2.567.186,85;;;;
SC;4218905;URUBICI;10.258.754,31;0,00;0,00;158.832,02;158.832,02;10.417.586,33;;;;
SC;4218954;URUPEMA;1.702.495,51;0,00;0,00;66.518,15;66.518,15;1.769.013,66;;;;
SC;4219002;URUSSANGA;12.796.827,85;0,00;0,00;454.758,09;454.758,09;13.251.585,94;;;;
SC;4219101;VARGEAO;4.265.151,56;0,00;0,00;139.557,69;139.557,69;4.404.709,25;;;;
SC;4219150;VARGEM;2.138.158,21;0,00;0,00;38.258,81;38.258,81;2.176.417,02;;;;
SC;4219176;VARGEM BONITA;3.472.649,70;0,00;0,00;0,00;0,00;3.472.649,70;;;;
SC;4219200;VIDAL RAMOS;5.140.290,87;0,00;0,00;83.799,83;83.799,83;5.224.090,70;;;;
SC;4219309;VIDEIRA;53.321.223,51;0,00;0,00;972.012,81;972.012,81;54.293.236,32;;;;
SC;4219358;VITOR MEIRELES;4.276.201,45;0,00;0,00;0,00;0,00;4.276.201,45;;;;
SC;4219408;WITMARSUM;3.571.519,93;0,00;0,00;64.634,20;64.634,20;3.636.154,13;;;;
SC;4219507;XANXERE;31.522.569,02;0,00;0,00;0,00;0,00;31.522.569,02;;;;
SC;4219606;XAVANTINA;2.144.121,16;0,00;0,00;75.829,24;75.829,24;2.219.950,40;;;;
SC;4219705;XAXIM;35.616.275,96;0,00;0,00;1.341.811,71;1.341.811,71;36.958.087,67;;;;
SC;4219853;ZORTEA;5.919.615,74;0,00;0,00;241.508,72;241.508,72;6.161.124,46;;;;
SE;2800100;AMPARO DE SAO FRANCISCO;4.676.535,16;0,00;0,00;0,00;0,00;4.676.535,16;;;;
SE;2800209;AQUIDABA;31.564.363,55;0,00;4.482.232,09;0,00;4.482.232,09;36.046.595,64;;;;
SE;2800308;ARACAJU;228.572.693,55;0,00;0,00;4.709.782,28;4.709.782,28;233.282.475,83;;;;
SE;2800407;ARAUA;17.098.180,66;0,00;1.548.580,15;232.922,22;1.781.502,37;18.879.683,03;;;;
SE;2800506;AREIA BRANCA;28.075.417,09;0,00;3.612.999,36;885.604,42;4.498.603,78;32.574.020,87;;;;
SE;2800605;BARRA DOS COQUEIROS;32.981.838,68;0,00;0,00;696.955,17;696.955,17;33.678.793,85;;;;
SE;2800670;BOQUIM;25.667.460,33;0,00;0,00;0,00;0,00;25.667.460,33;;;;
SE;2800704;BREJO GRANDE;12.788.254,70;0,00;0,00;479.720,51;479.720,51;13.267.975,21;;;;
SE;2801009;CAMPO DO BRITO;16.313.695,15;0,00;1.024.652,61;0,00;1.024.652,61;17.338.347,76;;;;
SE;2801108;CANHOBA;7.241.218,73;0,00;1.440.718,41;192.272,24;1.632.990,65;8.874.209,38;;;;
SE;2801207;CANINDE DE SAO FRANCISCO;50.535.057,75;0,00;569.186,55;0,00;569.186,55;51.104.244,30;;;;
SE;2801306;CAPELA;49.847.955,99;0,00;7.268.222,01;0,00;7.268.222,01;57.116.178,00;;;;
SE;2801405;CARIRA;29.030.996,24;0,00;6.306.737,83;416.173,21;6.722.911,04;35.753.907,28;;;;
SE;2801504;CARMOPOLIS;17.832.886,27;0,00;0,00;0,00;0,00;17.832.886,27;;;;
SE;2801603;CEDRO DE SAO JOAO;7.097.912,14;0,00;0,00;0,00;0,00;7.097.912,14;;;;
SE;2801702;CRISTINAPOLIS;29.541.218,33;0,00;4.362.467,18;463.018,51;4.825.485,69;34.366.704,02;;;;
SE;2801900;CUMBE;3.429.488,83;0,00;0,00;0,00;0,00;3.429.488,83;;;;
SE;2802007;DIVINA PASTORA;9.769.074,39;0,00;0,00;146.731,22;146.731,22;9.915.805,61;;;;
SE;2802106;ESTANCIA;67.694.853,81;0,00;0,00;2.436.788,90;2.436.788,90;70.131.642,71;;;;
SE;2802205;FEIRA NOVA;5.808.127,27;0,00;0,00;0,00;0,00;5.808.127,27;;;;
SE;2802304;FREI PAULO;16.988.064,31;0,00;4.429.161,29;0,00;4.429.161,29;21.417.225,60;;;;
SE;2802403;GARARU;14.036.227,85;0,00;1.015.555,71;184.772,65;1.200.328,36;15.236.556,21;;;;
SE;2802502;GENERAL MAYNARD;3.326.831,92;0,00;0,00;0,00;0,00;3.326.831,92;;;;
SE;2802601;GRACHO CARDOSO;6.157.574,01;0,00;0,00;0,00;0,00;6.157.574,01;;;;
SE;2802700;ILHA DAS FLORES;20.567.731,00;0,00;6.450.414,03;0,00;6.450.414,03;27.018.145,03;;;;
SE;2802809;INDIAROBA;25.555.101,70;0,00;0,00;904.733,83;904.733,83;26.459.835,53;;;;
SE;2802908;ITABAIANA;74.832.975,19;0,00;0,00;1.412.025,31;1.412.025,31;76.245.000,50;;;;
SE;2803005;ITABAIANINHA;58.737.400,18;0,00;6.201.655,54;0,00;6.201.655,54;64.939.055,72;;;;
SE;2803104;ITABI;5.320.428,25;0,00;0,00;90.176,30;90.176,30;5.410.604,55;;;;
SE;2803203;ITAPORANGA DAJUDA;48.435.476,16;0,00;4.773.011,60;1.521.077,41;6.294.089,01;54.729.565,17;;;;
SE;2803302;JAPARATUBA;25.825.708,17;0,00;524.506,95;324.946,25;849.453,20;26.675.161,37;;;;
SE;2803401;JAPOATA;21.007.303,19;0,00;93.434,09;0,00;93.434,09;21.100.737,28;;;;
SE;2803500;LAGARTO;101.429.740,32;0,00;5.640.093,08;3.619.551,21;9.259.644,29;110.689.384,61;;;;
SE;2803609;LARANJEIRAS;49.165.757,50;0,00;20.976.328,78;0,00;20.976.328,78;70.142.086,28;;;;
SE;2803708;MACAMBIRA;8.308.602,80;0,00;691.439,27;0,00;691.439,27;9.000.042,07;;;;
SE;2803807;MALHADA DOS BOIS;7.241.756,50;0,00;1.506.411,97;112.240,32;1.618.652,29;8.860.408,79;;;;
SE;2803906;MALHADOR;15.256.665,42;0,00;2.964.142,01;0,00;2.964.142,01;18.220.807,43;;;;
SE;2804003;MARUIM;19.291.149,17;0,00;0,00;0,00;0,00;19.291.149,17;;;;
SE;2804102;MOITA BONITA;12.945.626,36;0,00;3.694.214,82;0,00;3.694.214,82;16.639.841,18;;;;
SE;2804201;MONTE ALEGRE DE SERGIPE;16.793.019,09;0,00;5.473.728,95;0,00;5.473.728,95;22.266.748,04;;;;
SE;2804300;MURIBECA;9.007.273,09;0,00;0,00;0,00;0,00;9.007.273,09;;;;
SE;2804409;NEOPOLIS;18.317.659,11;0,00;903.266,73;0,00;903.266,73;19.220.925,84;;;;
SE;2804458;NOSSA SENHORA APARECIDA;8.079.426,35;0,00;0,00;138.108,50;138.108,50;8.217.534,85;;;;
SE;2804508;NOSSA SENHORA DA GLORIA;50.991.336,69;0,00;8.799.161,64;0,00;8.799.161,64;59.790.498,33;;;;
SE;2804607;NOSSA SENHORA DAS DORES;32.749.646,99;0,00;6.287.364,79;0,00;6.287.364,79;39.037.011,78;;;;
SE;2804706;NOSSA SENHORA DE LOURDES;6.152.522,29;0,00;0,00;0,00;0,00;6.152.522,29;;;;
SE;2804805;NOSSA SENHORA DO SOCORRO;125.740.231,08;0,00;5.441.722,76;5.349.892,70;10.791.615,46;136.531.846,54;;;;
SE;2804904;PACATUBA;21.089.409,90;0,00;0,00;0,00;0,00;21.089.409,90;;;;
SE;2805000;PEDRA MOLE;4.948.143,95;0,00;0,00;138.615,71;138.615,71;5.086.759,66;;;;
SE;2805109;PEDRINHAS;14.795.911,69;0,00;6.691.989,29;0,00;6.691.989,29;21.487.900,98;;;;
SE;2805208;PINHAO;7.200.840,03;0,00;0,00;115.392,33;115.392,33;7.316.232,36;;;;
SE;2805307;PIRAMBU;13.437.178,49;0,00;629.235,07;0,00;629.235,07;14.066.413,56;;;;
SE;2805406;POCO REDONDO;41.563.671,60;0,00;454.019,86;637.646,78;1.091.666,64;42.655.338,24;;;;
SE;2805505;POCO VERDE;18.602.533,84;0,00;0,00;0,00;0,00;18.602.533,84;;;;
SE;2805604;PORTO DA FOLHA;30.695.756,34;0,00;799.342,66;0,00;799.342,66;31.495.099,00;;;;
SE;2805703;PROPRIA;14.953.464,25;0,00;0,00;0,00;0,00;14.953.464,25;;;;
SE;2805802;RIACHAO DO DANTAS;27.611.358,62;0,00;1.894.028,58;0,00;1.894.028,58;29.505.387,20;;;;
SE;2805901;RIACHUELO;12.400.555,11;0,00;0,00;473.923,72;473.923,72;12.874.478,83;;;;
SE;2806008;RIBEIROPOLIS;13.473.729,60;0,00;852.332,40;202.380,39;1.054.712,79;14.528.442,39;;;;
SE;2806107;ROSARIO DO CATETE;14.715.577,09;0,00;0,00;0,00;0,00;14.715.577,09;;;;
SE;2806206;SALGADO;19.208.731,17;0,00;1.657.460,55;0,00;1.657.460,55;20.866.191,72;;;;
SE;2806305;SANTA LUZIA DO ITANHY;29.704.287,00;0,00;2.447.043,82;451.026,41;2.898.070,23;32.602.357,23;;;;
SE;2806503;SANTA ROSA DE LIMA;6.654.943,94;0,00;0,00;0,00;0,00;6.654.943,94;;;;
SE;2806404;SANTANA DO SAO FRANCISCO;10.718.260,55;0,00;639.842,33;186.656,60;826.498,93;11.544.759,48;;;;
SE;2806602;SANTO AMARO DAS BROTAS;14.394.746,44;0,00;2.962.220,46;0,00;2.962.220,46;17.356.966,90;;;;
SE;2806701;SAO CRISTOVAO;62.245.854,75;0,00;4.930.464,79;2.252.233,63;7.182.698,42;69.428.553,17;;;;
SE;2806800;SAO DOMINGOS;13.081.815,15;0,00;1.054.257,10;0,00;1.054.257,10;14.136.072,25;;;;
SE;2806909;SAO FRANCISCO;5.431.061,26;0,00;525.070,67;88.002,50;613.073,17;6.044.134,43;;;;
SE;2807006;SAO MIGUEL DO ALEIXO;4.362.226,43;0,00;0,00;68.583,26;68.583,26;4.430.809,69;;;;
SE;2807105;SIMAO DIAS;37.116.047,06;0,00;1.693.530,39;670.833,39;2.364.363,78;39.480.410,84;;;;
SE;2807204;SIRIRI;10.591.427,38;0,00;0,00;392.732,45;392.732,45;10.984.159,83;;;;
SE;2807303;TELHA;4.742.265,17;0,00;0,00;0,00;0,00;4.742.265,17;;;;
SE;2807402;TOBIAS BARRETO;52.293.225,11;0,00;5.952.366,89;0,00;5.952.366,89;58.245.592,00;;;;
SE;2807501;TOMAR DO GERU;16.931.398,24;0,00;1.997.967,43;0,00;1.997.967,43;18.929.365,67;;;;
SE;2807600;UMBAUBA;32.150.279,00;0,00;7.706.189,19;472.800,59;8.178.989,78;40.329.268,78;;;;
SP;3500105;ADAMANTINA;16.684.829,17;0,00;0,00;339.909,21;339.909,21;17.024.738,38;;;;
SP;3500204;ADOLFO;4.653.961,05;0,00;0,00;0,00;0,00;4.653.961,05;;;;
SP;3500303;AGUAI;26.453.906,12;0,00;0,00;0,00;0,00;26.453.906,12;;;;
SP;3500402;AGUAS DA PRATA;4.449.523,00;0,00;0,00;0,00;0,00;4.449.523,00;;;;
SP;3500501;AGUAS DE LINDOIA;16.949.013,19;0,00;0,00;0,00;0,00;16.949.013,19;;;;
SP;3500550;AGUAS DE SANTA BARBARA;5.443.814,50;0,00;0,00;0,00;0,00;5.443.814,50;;;;
SP;3500600;AGUAS DE SAO PEDRO;5.606.990,12;0,00;0,00;0,00;0,00;5.606.990,12;;;;
SP;3500709;AGUDOS;28.644.540,72;0,00;0,00;0,00;0,00;28.644.540,72;;;;
SP;3500758;ALAMBARI;4.428.097,15;0,00;0,00;0,00;0,00;4.428.097,15;;;;
SP;3500808;ALFREDO MARCONDES;2.020.824,42;0,00;0,00;0,00;0,00;2.020.824,42;;;;
SP;3500907;ALTAIR;2.735.679,26;0,00;0,00;0,00;0,00;2.735.679,26;;;;
SP;3501004;ALTINOPOLIS;16.469.483,48;0,00;0,00;0,00;0,00;16.469.483,48;;;;
SP;3501103;ALTO ALEGRE;2.171.352,17;0,00;0,00;0,00;0,00;2.171.352,17;;;;
SP;3501152;ALUMINIO;18.679.613,59;0,00;0,00;0,00;0,00;18.679.613,59;;;;
SP;3501202;ALVARES FLORENCE;2.850.663,43;0,00;0,00;0,00;0,00;2.850.663,43;;;;
SP;3501301;ALVARES MACHADO;23.194.643,88;0,00;0,00;0,00;0,00;23.194.643,88;;;;
SP;3501400;ALVARO DE CARVALHO;2.363.690,12;0,00;0,00;0,00;0,00;2.363.690,12;;;;
SP;3501509;ALVINLANDIA;2.918.373,79;0,00;0,00;0,00;0,00;2.918.373,79;;;;
SP;3501608;AMERICANA;99.019.612,27;0,00;0,00;0,00;0,00;99.019.612,27;;;;
SP;3501707;AMERICO BRASILIENSE;35.365.078,89;0,00;0,00;0,00;0,00;35.365.078,89;;;;
SP;3501806;AMERICO DE CAMPOS;5.989.859,64;0,00;0,00;0,00;0,00;5.989.859,64;;;;
SP;3501905;AMPARO;35.256.405,03;0,00;0,00;0,00;0,00;35.256.405,03;;;;
SP;3502002;ANALANDIA;5.470.796,61;0,00;0,00;0,00;0,00;5.470.796,61;;;;
SP;3502101;ANDRADINA;34.333.564,04;0,00;0,00;0,00;0,00;34.333.564,04;;;;
SP;3502200;ANGATUBA;26.000.378,27;0,00;0,00;0,00;0,00;26.000.378,27;;;;
SP;3502309;ANHEMBI;7.774.900,86;0,00;0,00;0,00;0,00;7.774.900,86;;;;
SP;3502408;ANHUMAS;3.081.070,83;0,00;0,00;0,00;0,00;3.081.070,83;;;;
SP;3502507;APARECIDA;32.723.845,18;0,00;0,00;0,00;0,00;32.723.845,18;;;;
SP;3502606;APARECIDA DOESTE;2.675.383,58;0,00;0,00;0,00;0,00;2.675.383,58;;;;
SP;3502705;APIAI;16.455.269,90;0,00;0,00;0,00;0,00;16.455.269,90;;;;
SP;3502754;ARACARIGUAMA;28.704.561,47;0,00;0,00;0,00;0,00;28.704.561,47;;;;
SP;3502804;ARACATUBA;122.837.784,55;0,00;0,00;4.381.104,35;4.381.104,35;127.218.888,90;;;;
SP;3502903;ARACOIABA DA SERRA;35.893.824,10;0,00;0,00;1.397.569,57;1.397.569,57;37.291.393,67;;;;
SP;3503000;ARAMINA;3.756.429,03;0,00;0,00;150.535,36;150.535,36;3.906.964,39;;;;
SP;3503109;ARANDU;5.390.821,85;0,00;0,00;0,00;0,00;5.390.821,85;;;;
SP;3503158;ARAPEI;2.530.323,62;0,00;0,00;0,00;0,00;2.530.323,62;;;;
SP;3503208;ARARAQUARA;129.753.744,32;0,00;0,00;4.448.854,32;4.448.854,32;134.202.598,64;;;;
SP;3503307;ARARAS;107.223.502,38;0,00;0,00;3.674.258,41;3.674.258,41;110.897.760,79;;;;
SP;3503356;ARCO-IRIS;1.471.198,08;0,00;0,00;0,00;0,00;1.471.198,08;;;;
SP;3503406;AREALVA;5.147.370,40;0,00;0,00;0,00;0,00;5.147.370,40;;;;
SP;3503505;AREIAS;3.735.202,44;0,00;0,00;0,00;0,00;3.735.202,44;;;;
SP;3503604;AREIOPOLIS;11.717.689,06;0,00;0,00;0,00;0,00;11.717.689,06;;;;
SP;3503703;ARIRANHA;4.979.018,24;0,00;0,00;0,00;0,00;4.979.018,24;;;;
SP;3503802;ARTUR NOGUEIRA;38.068.131,90;0,00;0,00;0,00;0,00;38.068.131,90;;;;
SP;3503901;ARUJA;70.060.100,35;0,00;0,00;0,00;0,00;70.060.100,35;;;;
SP;3503950;ASPASIA;873.337,65;0,00;0,00;0,00;0,00;873.337,65;;;;
SP;3504008;ASSIS;70.311.039,74;0,00;0,00;0,00;0,00;70.311.039,74;;;;
SP;3504107;ATIBAIA;113.499.262,73;0,00;0,00;0,00;0,00;113.499.262,73;;;;
SP;3504206;AURIFLAMA;7.239.531,10;0,00;0,00;0,00;0,00;7.239.531,10;;;;
SP;3504305;AVAI;3.133.761,40;0,00;0,00;0,00;0,00;3.133.761,40;;;;
SP;3504404;AVANHANDAVA;8.800.586,83;0,00;0,00;0,00;0,00;8.800.586,83;;;;
SP;3504503;AVARE;58.220.075,10;0,00;0,00;0,00;0,00;58.220.075,10;;;;
SP;3504602;BADY BASSITT;23.641.094,15;0,00;0,00;0,00;0,00;23.641.094,15;;;;
SP;3504701;BALBINOS;1.020.626,71;0,00;0,00;0,00;0,00;1.020.626,71;;;;
SP;3504800;BALSAMO;5.976.170,63;0,00;0,00;0,00;0,00;5.976.170,63;;;;
SP;3504909;BANANAL;8.770.415,02;0,00;0,00;0,00;0,00;8.770.415,02;;;;
SP;3505005;BARAO DE ANTONINA;2.501.559,56;0,00;0,00;0,00;0,00;2.501.559,56;;;;
SP;3505104;BARBOSA;6.114.120,34;0,00;0,00;210.713,28;210.713,28;6.324.833,62;;;;
SP;3505203;BARIRI;25.757.946,38;0,00;0,00;0,00;0,00;25.757.946,38;;;;
SP;3505302;BARRA BONITA;16.091.074,10;0,00;0,00;0,00;0,00;16.091.074,10;;;;
SP;3505351;BARRA DO CHAPEU;5.198.395,70;0,00;0,00;0,00;0,00;5.198.395,70;;;;
SP;3505401;BARRA DO TURVO;4.437.251,96;0,00;0,00;0,00;0,00;4.437.251,96;;;;
SP;3505500;BARRETOS;101.542.679,66;0,00;0,00;1.819.430,88;1.819.430,88;103.362.110,54;;;;
SP;3505609;BARRINHA;38.688.759,57;0,00;0,00;0,00;0,00;38.688.759,57;;;;
SP;3505708;BARUERI;457.607.054,59;0,00;0,00;0,00;0,00;457.607.054,59;;;;
SP;3505807;BASTOS;14.864.458,41;0,00;4.385.346,08;0,00;4.385.346,08;19.249.804,49;;;;
SP;3505906;BATATAIS;32.796.021,78;0,00;0,00;1.082.369,18;1.082.369,18;33.878.390,96;;;;
SP;3506003;BAURU;159.842.505,56;0,00;0,00;0,00;0,00;159.842.505,56;;;;
SP;3506102;BEBEDOURO;47.899.881,59;0,00;0,00;1.059.906,62;1.059.906,62;48.959.788,21;;;;
SP;3506201;BENTO DE ABREU;1.981.305,88;0,00;0,00;0,00;0,00;1.981.305,88;;;;
SP;3506300;BERNARDINO DE CAMPOS;7.573.650,04;0,00;0,00;0,00;0,00;7.573.650,04;;;;
SP;3506359;BERTIOGA;65.154.542,48;0,00;0,00;0,00;0,00;65.154.542,48;;;;
SP;3506409;BILAC;5.287.443,61;0,00;0,00;0,00;0,00;5.287.443,61;;;;
SP;3506508;BIRIGUI;77.057.884,26;0,00;0,00;1.352.572,00;1.352.572,00;78.410.456,26;;;;
SP;3506607;BIRITIBA MIRIM;19.245.320,73;0,00;0,00;0,00;0,00;19.245.320,73;;;;
SP;3506706;BOA ESPERANCA DO SUL;15.119.657,80;0,00;0,00;271.978,09;271.978,09;15.391.635,89;;;;
SP;3506805;BOCAINA;7.242.512,38;0,00;0,00;145.064,64;145.064,64;7.387.577,02;;;;
SP;3506904;BOFETE;9.889.983,51;0,00;0,00;0,00;0,00;9.889.983,51;;;;
SP;3507001;BOITUVA;65.044.417,77;0,00;0,00;0,00;0,00;65.044.417,77;;;;
SP;3507100;BOM JESUS DOS PERDOES;18.401.142,67;0,00;0,00;0,00;0,00;18.401.142,67;;;;
SP;3507159;BOM SUCESSO DE ITARARE;3.603.274,51;0,00;0,00;0,00;0,00;3.603.274,51;;;;
SP;3507209;BORA;834.429,21;0,00;0,00;0,00;0,00;834.429,21;;;;
SP;3507308;BORACEIA;4.627.127,81;0,00;0,00;0,00;0,00;4.627.127,81;;;;
SP;3507407;BORBOREMA;7.131.481,21;0,00;0,00;0,00;0,00;7.131.481,21;;;;
SP;3507456;BOREBI;4.057.341,50;0,00;0,00;0,00;0,00;4.057.341,50;;;;
SP;3507506;BOTUCATU;112.355.929,14;0,00;0,00;0,00;0,00;112.355.929,14;;;;
SP;3507605;BRAGANCA PAULISTA;113.545.801,93;0,00;0,00;2.284.333,35;2.284.333,35;115.830.135,28;;;;
SP;3507704;BRAUNA;4.551.487,28;0,00;0,00;85.393,95;85.393,95;4.636.881,23;;;;
SP;3507753;BREJO ALEGRE;2.531.631,86;0,00;0,00;42.026,72;42.026,72;2.573.658,58;;;;
SP;3507803;BRODOWSKY;23.496.510,47;0,00;0,00;0,00;0,00;23.496.510,47;;;;
SP;3507902;BROTAS;18.589.396,25;0,00;0,00;0,00;0,00;18.589.396,25;;;;
SP;3508009;BURI;28.507.747,33;0,00;0,00;0,00;0,00;28.507.747,33;;;;
SP;3508108;BURITAMA;10.613.506,76;0,00;0,00;0,00;0,00;10.613.506,76;;;;
SP;3508207;BURITIZAL;4.523.980,27;0,00;0,00;0,00;0,00;4.523.980,27;;;;
SP;3508306;CABRALIA PAULISTA;3.409.344,82;0,00;0,00;69.887,54;69.887,54;3.479.232,36;;;;
SP;3508405;CABREUVA;43.756.040,02;0,00;0,00;1.071.971,19;1.071.971,19;44.828.011,21;;;;
SP;3508504;CACAPAVA;61.976.083,86;0,00;0,00;2.402.189,32;2.402.189,32;64.378.273,18;;;;
SP;3508603;CACHOEIRA PAULISTA;18.048.510,93;0,00;0,00;0,00;0,00;18.048.510,93;;;;
SP;3508702;CACONDE;9.999.350,85;0,00;0,00;0,00;0,00;9.999.350,85;;;;
SP;3508801;CAFELANDIA;11.202.425,77;0,00;0,00;0,00;0,00;11.202.425,77;;;;
SP;3508900;CAIABU;2.534.285,94;0,00;0,00;0,00;0,00;2.534.285,94;;;;
SP;3509007;CAIEIRAS;65.212.849,82;0,00;0,00;0,00;0,00;65.212.849,82;;;;
SP;3509106;CAIUA;2.578.899,30;0,00;0,00;0,00;0,00;2.578.899,30;;;;
SP;3509205;CAJAMAR;112.583.163,66;0,00;0,00;0,00;0,00;112.583.163,66;;;;
SP;3509254;CAJATI;23.836.438,27;0,00;0,00;451.642,31;451.642,31;24.288.080,58;;;;
SP;3509304;CAJOBI;9.226.295,89;0,00;0,00;0,00;0,00;9.226.295,89;;;;
SP;3509403;CAJURU;18.937.510,40;0,00;0,00;0,00;0,00;18.937.510,40;;;;
SP;3509452;CAMPINA DO MONTE ALEGRE;7.097.515,39;0,00;0,00;0,00;0,00;7.097.515,39;;;;
SP;3509502;CAMPINAS;466.536.098,09;0,00;0,00;0,00;0,00;466.536.098,09;;;;
SP;3509601;CAMPO LIMPO PAULISTA;68.579.742,75;0,00;0,00;0,00;0,00;68.579.742,75;;;;
SP;3509700;CAMPOS DO JORDAO;54.742.399,58;0,00;0,00;0,00;0,00;54.742.399,58;;;;
SP;3509809;CAMPOS NOVOS PAULISTA;3.900.135,71;0,00;0,00;164.121,59;164.121,59;4.064.257,30;;;;
SP;3509908;CANANEIA;8.617.125,98;0,00;0,00;0,00;0,00;8.617.125,98;;;;
SP;3509957;CANAS;5.749.689,03;0,00;0,00;0,00;0,00;5.749.689,03;;;;
SP;3510005;CANDIDO MOTA;17.480.419,72;0,00;0,00;0,00;0,00;17.480.419,72;;;;
SP;3510104;CANDIDO RODRIGUES;3.152.229,65;0,00;0,00;0,00;0,00;3.152.229,65;;;;
SP;3510153;CANITAR;7.411.243,83;0,00;0,00;0,00;0,00;7.411.243,83;;;;
SP;3510203;CAPAO BONITO;48.652.565,93;0,00;0,00;0,00;0,00;48.652.565,93;;;;
SP;3510302;CAPELA DO ALTO;25.268.297,68;0,00;0,00;969.476,71;969.476,71;26.237.774,39;;;;
SP;3510401;CAPIVARI;45.621.067,62;0,00;0,00;0,00;0,00;45.621.067,62;;;;
SP;3510500;CARAGUATATUBA;151.136.310,84;0,00;0,00;0,00;0,00;151.136.310,84;;;;
SP;3510609;CARAPICUIBA;138.691.308,65;0,00;15.413.832,69;0,00;15.413.832,69;154.105.141,34;;;;
SP;3510708;CARDOSO;8.555.897,93;0,00;0,00;0,00;0,00;8.555.897,93;;;;
SP;3510807;CASA BRANCA;19.633.096,56;0,00;0,00;0,00;0,00;19.633.096,56;;;;
SP;3510906;CASSIA DOS COQUEIROS;3.212.522,59;0,00;0,00;0,00;0,00;3.212.522,59;;;;
SP;3511003;CASTILHO;15.882.409,40;0,00;0,00;306.287,83;306.287,83;16.188.697,23;;;;
SP;3511102;CATANDUVA;72.229.320,94;0,00;0,00;0,00;0,00;72.229.320,94;;;;
SP;3511201;CATIGUA;4.550.499,54;0,00;0,00;0,00;0,00;4.550.499,54;;;;
SP;3511300;CEDRAL;13.591.845,93;0,00;0,00;0,00;0,00;13.591.845,93;;;;
SP;3511409;CERQUEIRA CESAR;15.084.682,61;0,00;0,00;0,00;0,00;15.084.682,61;;;;
SP;3511508;CERQUILHO;42.348.057,05;0,00;0,00;0,00;0,00;42.348.057,05;;;;
SP;3511607;CESARIO LANGE;23.691.541,80;0,00;0,00;0,00;0,00;23.691.541,80;;;;
SP;3511706;CHARQUEADA;15.771.679,57;0,00;0,00;317.446,65;317.446,65;16.089.126,22;;;;
SP;3557204;CHAVANTES;10.177.676,08;0,00;0,00;0,00;0,00;10.177.676,08;;;;
SP;3511904;CLEMENTINA;6.439.236,12;0,00;0,00;0,00;0,00;6.439.236,12;;;;
SP;3512001;COLINA;19.160.501,62;0,00;0,00;833.143,48;833.143,48;19.993.645,10;;;;
SP;3512100;COLOMBIA;10.820.163,62;0,00;0,00;0,00;0,00;10.820.163,62;;;;
SP;3512209;CONCHAL;25.437.598,11;0,00;0,00;0,00;0,00;25.437.598,11;;;;
SP;3512308;CONCHAS;16.822.944,35;0,00;0,00;0,00;0,00;16.822.944,35;;;;
SP;3512407;CORDEIROPOLIS;23.999.974,77;0,00;0,00;834.628,91;834.628,91;24.834.603,68;;;;
SP;3512506;COROADOS;3.762.593,25;0,00;0,00;0,00;0,00;3.762.593,25;;;;
SP;3512605;CORONEL MACEDO;3.184.055,58;0,00;0,00;59.308,40;59.308,40;3.243.363,98;;;;
SP;3512704;CORUMBATAI;5.105.617,08;0,00;0,00;0,00;0,00;5.105.617,08;;;;
SP;3512803;COSMOPOLIS;57.120.153,08;0,00;0,00;1.127.873,97;1.127.873,97;58.248.027,05;;;;
SP;3512902;COSMORAMA;8.045.928,45;0,00;0,00;0,00;0,00;8.045.928,45;;;;
SP;3513009;COTIA;208.662.663,02;0,00;0,00;0,00;0,00;208.662.663,02;;;;
SP;3513108;CRAVINHOS;25.735.202,43;0,00;0,00;1.087.513,83;1.087.513,83;26.822.716,26;;;;
SP;3513207;CRISTAIS PAULISTA;10.294.688,38;0,00;0,00;334.837,02;334.837,02;10.629.525,40;;;;
SP;3513306;CRUZALIA;1.397.890,27;0,00;0,00;0,00;0,00;1.397.890,27;;;;
SP;3513405;CRUZEIRO;44.968.353,13;0,00;0,00;0,00;0,00;44.968.353,13;;;;
SP;3513504;CUBATAO;100.168.839,81;0,00;0,00;0,00;0,00;100.168.839,81;;;;
SP;3513603;CUNHA;10.769.270,64;0,00;0,00;0,00;0,00;10.769.270,64;;;;
SP;3513702;DESCALVADO;26.924.389,35;0,00;0,00;0,00;0,00;26.924.389,35;;;;
SP;3513801;DIADEMA;216.368.889,06;0,00;0,00;3.422.532,85;3.422.532,85;219.791.421,91;;;;
SP;3513850;DIRCE REIS;917.099,28;0,00;0,00;0,00;0,00;917.099,28;;;;
SP;3513900;DIVINOLANDIA;9.711.825,42;0,00;0,00;0,00;0,00;9.711.825,42;;;;
SP;3514007;DOBRADA;4.562.117,20;0,00;0,00;76.734,99;76.734,99;4.638.852,19;;;;
SP;3514106;DOIS CORREGOS;20.414.477,27;0,00;0,00;0,00;0,00;20.414.477,27;;;;
SP;3514205;DOLCINOPOLIS;2.011.000,44;0,00;0,00;0,00;0,00;2.011.000,44;;;;
SP;3514304;DOURADO;7.842.540,64;0,00;0,00;0,00;0,00;7.842.540,64;;;;
SP;3514403;DRACENA;28.109.112,59;0,00;0,00;1.079.036,02;1.079.036,02;29.188.148,61;;;;
SP;3514502;DUARTINA;7.803.430,21;0,00;0,00;0,00;0,00;7.803.430,21;;;;
SP;3514601;DUMONT;10.430.721,94;0,00;0,00;0,00;0,00;10.430.721,94;;;;
SP;3514700;ECHAPORA;4.744.372,14;0,00;0,00;193.685,21;193.685,21;4.938.057,35;;;;
SP;3514809;ELDORADO;12.150.592,92;0,00;0,00;0,00;0,00;12.150.592,92;;;;
SP;3514908;ELIAS FAUSTO;20.305.724,96;0,00;0,00;0,00;0,00;20.305.724,96;;;;
SP;3514924;ELISIARIO;2.992.860,67;0,00;0,00;0,00;0,00;2.992.860,67;;;;
SP;3514957;EMBAUBA;1.793.870,07;0,00;0,00;0,00;0,00;1.793.870,07;;;;
SP;3515004;EMBU;171.958.415,19;0,00;0,00;0,00;0,00;171.958.415,19;;;;
SP;3515103;EMBU-GUACU;35.825.959,19;0,00;0,00;0,00;0,00;35.825.959,19;;;;
SP;3515129;EMILIANOPOLIS;3.744.202,97;0,00;0,00;0,00;0,00;3.744.202,97;;;;
SP;3515152;ENGENHEIRO COELHO;15.218.525,20;0,00;0,00;0,00;0,00;15.218.525,20;;;;
SP;3515186;ESPIRITO SANTO DO PINHAL;16.841.115,12;0,00;0,00;0,00;0,00;16.841.115,12;;;;
SP;3515194;ESPIRITO SANTO DO TURVO;4.604.992,89;0,00;0,00;0,00;0,00;4.604.992,89;;;;
SP;3557303;ESTIVA GERBI;13.795.229,29;0,00;0,00;0,00;0,00;13.795.229,29;;;;
SP;3515301;ESTRELA DO NORTE;2.170.888,75;0,00;0,00;0,00;0,00;2.170.888,75;;;;
SP;3515202;ESTRELA DOESTE;6.283.791,03;0,00;0,00;0,00;0,00;6.283.791,03;;;;
SP;3515350;EUCLIDES DA CUNHA PAULISTA;5.494.841,78;0,00;0,00;0,00;0,00;5.494.841,78;;;;
SP;3515400;FARTURA;13.834.816,17;0,00;0,00;0,00;0,00;13.834.816,17;;;;
SP;3515608;FERNANDO PRESTES;7.409.466,00;0,00;0,00;0,00;0,00;7.409.466,00;;;;
SP;3515509;FERNANDOPOLIS;45.228.974,43;0,00;0,00;0,00;0,00;45.228.974,43;;;;
SP;3515657;FERNAO;1.678.384,93;0,00;0,00;0,00;0,00;1.678.384,93;;;;
SP;3515707;FERRAZ DE VASCONCELOS;133.175.216,56;0,00;0,00;0,00;0,00;133.175.216,56;;;;
SP;3515806;FLORA RICA;1.000.765,94;0,00;0,00;0,00;0,00;1.000.765,94;;;;
SP;3515905;FLOREAL;1.965.279,55;0,00;0,00;0,00;0,00;1.965.279,55;;;;
SP;3516002;FLORIDA PAULISTA;6.659.496,42;0,00;0,00;0,00;0,00;6.659.496,42;;;;
SP;3516101;FLORINIA;1.417.027,74;0,00;0,00;0,00;0,00;1.417.027,74;;;;
SP;3516200;FRANCA;187.123.880,16;0,00;0,00;0,00;0,00;187.123.880,16;;;;
SP;3516309;FRANCISCO MORATO;155.614.819,77;0,00;933.090,51;0,00;933.090,51;156.547.910,28;;;;
SP;3516408;FRANCO DA ROCHA;117.718.941,30;0,00;0,00;0,00;0,00;117.718.941,30;;;;
SP;3516507;GABRIEL MONTEIRO;2.072.880,20;0,00;0,00;0,00;0,00;2.072.880,20;;;;
SP;3516606;GALIA;4.172.402,94;0,00;0,00;0,00;0,00;4.172.402,94;;;;
SP;3516705;GARCA;26.817.498,99;0,00;0,00;0,00;0,00;26.817.498,99;;;;
SP;3516804;GASTAO VIDIGAL;1.594.981,65;0,00;0,00;0,00;0,00;1.594.981,65;;;;
SP;3516853;GAVIAO PEIXOTO;7.498.842,87;0,00;0,00;245.385,32;245.385,32;7.744.228,19;;;;
SP;3516903;GENERAL SALGADO;8.965.327,47;0,00;0,00;0,00;0,00;8.965.327,47;;;;
SP;3517000;GETULINA;4.805.451,32;0,00;0,00;0,00;0,00;4.805.451,32;;;;
SP;3517109;GLICERIO;3.872.050,02;0,00;0,00;65.358,79;65.358,79;3.937.408,81;;;;
SP;3517208;GUAICARA;8.129.497,43;0,00;0,00;0,00;0,00;8.129.497,43;;;;
SP;3517307;GUAIMBE;4.635.640,60;0,00;0,00;0,00;0,00;4.635.640,60;;;;
SP;3517406;GUAIRA;24.139.813,00;0,00;0,00;0,00;0,00;24.139.813,00;;;;
SP;3517505;GUAPIACU;21.507.154,63;0,00;0,00;0,00;0,00;21.507.154,63;;;;
SP;3517604;GUAPIARA;14.925.955,28;0,00;0,00;0,00;0,00;14.925.955,28;;;;
SP;3517703;GUARA;19.307.004,61;0,00;0,00;686.991,94;686.991,94;19.993.996,55;;;;
SP;3517802;GUARACAI;3.695.356,97;0,00;0,00;0,00;0,00;3.695.356,97;;;;
SP;3517901;GUARACI;11.776.146,66;0,00;0,00;208.648,17;208.648,17;11.984.794,83;;;;
SP;3518008;GUARANI DOESTE;1.793.429,30;0,00;0,00;0,00;0,00;1.793.429,30;;;;
SP;3518107;GUARANTA;4.314.509,96;0,00;0,00;0,00;0,00;4.314.509,96;;;;
SP;3518206;GUARARAPES;21.069.651,84;0,00;0,00;558.629,30;558.629,30;21.628.281,14;;;;
SP;3518305;GUARAREMA;26.658.510,76;0,00;0,00;0,00;0,00;26.658.510,76;;;;
SP;3518404;GUARATINGUETA;80.857.453,68;0,00;0,00;0,00;0,00;80.857.453,68;;;;
SP;3518503;GUAREI;10.045.654,65;0,00;0,00;0,00;0,00;10.045.654,65;;;;
SP;3518602;GUARIBA;40.886.543,88;0,00;0,00;1.579.516,28;1.579.516,28;42.466.060,16;;;;
SP;3518701;GUARUJA;230.802.208,90;0,00;0,00;3.813.961,02;3.813.961,02;234.616.169,92;;;;
SP;3518800;GUARULHOS;736.123.441,81;0,00;0,00;26.799.750,63;26.799.750,63;762.923.192,44;;;;
SP;3518859;GUATAPARA;8.270.667,52;0,00;0,00;0,00;0,00;8.270.667,52;;;;
SP;3518909;GUZOLANDIA;2.970.002,93;0,00;0,00;0,00;0,00;2.970.002,93;;;;
SP;3519006;HERCULANDIA;6.293.193,24;0,00;2.037.927,59;124.884,57;2.162.812,16;8.456.005,40;;;;
SP;3519055;HOLAMBRA;17.290.642,03;0,00;0,00;676.557,72;676.557,72;17.967.199,75;;;;
SP;3519071;HORTOLANDIA;177.354.679,29;0,00;0,00;6.759.889,14;6.759.889,14;184.114.568,43;;;;
SP;3519105;IACANGA;10.781.256,31;0,00;0,00;467.547,25;467.547,25;11.248.803,56;;;;
SP;3519204;IACRI;2.003.889,60;0,00;0,00;0,00;0,00;2.003.889,60;;;;
SP;3519253;IARAS;7.893.141,77;0,00;0,00;0,00;0,00;7.893.141,77;;;;
SP;3519303;IBATE;29.755.960,61;0,00;0,00;0,00;0,00;29.755.960,61;;;;
SP;3519402;IBIRA;11.944.205,63;0,00;0,00;0,00;0,00;11.944.205,63;;;;
SP;3519501;IBIRAREMA;5.224.488,82;0,00;0,00;0,00;0,00;5.224.488,82;;;;
SP;3519600;IBITINGA;35.216.674,26;0,00;0,00;0,00;0,00;35.216.674,26;;;;
SP;3519709;IBIUNA;58.767.886,66;0,00;0,00;2.271.036,97;2.271.036,97;61.038.923,63;;;;
SP;3519808;ICEM;7.059.377,07;0,00;0,00;0,00;0,00;7.059.377,07;;;;
SP;3519907;IEPE;5.153.897,75;0,00;0,00;0,00;0,00;5.153.897,75;;;;
SP;3520004;IGARACU DO TIETE;14.491.616,79;0,00;0,00;573.809,64;573.809,64;15.065.426,43;;;;
SP;3520103;IGARAPAVA;23.399.366,23;0,00;0,00;0,00;0,00;23.399.366,23;;;;
SP;3520202;IGARATA;12.322.757,83;0,00;0,00;0,00;0,00;12.322.757,83;;;;
SP;3520301;IGUAPE;19.889.480,83;0,00;0,00;0,00;0,00;19.889.480,83;;;;
SP;3520426;ILHA COMPRIDA;16.901.213,89;0,00;0,00;0,00;0,00;16.901.213,89;;;;
SP;3520442;ILHA SOLTEIRA;18.305.150,79;0,00;0,00;303.208,29;303.208,29;18.608.359,08;;;;
SP;3520400;ILHABELA;49.396.312,55;0,00;0,00;0,00;0,00;49.396.312,55;;;;
SP;3520509;INDAIATUBA;186.893.383,86;0,00;0,00;3.593.574,35;3.593.574,35;190.486.958,21;;;;
SP;3520608;INDIANA;3.248.348,98;0,00;0,00;0,00;0,00;3.248.348,98;;;;
SP;3520707;INDIAPORA;3.009.810,86;0,00;0,00;0,00;0,00;3.009.810,86;;;;
SP;3520806;INUBIA PAULISTA;2.221.958,55;0,00;0,00;0,00;0,00;2.221.958,55;;;;
SP;3520905;IPAUSSU;15.176.317,98;0,00;0,00;330.561,89;330.561,89;15.506.879,87;;;;
SP;3521002;IPERO;38.985.852,59;0,00;0,00;1.478.507,24;1.478.507,24;40.464.359,83;;;;
SP;3521101;IPEUNA;6.587.538,31;0,00;0,00;110.972,28;110.972,28;6.698.510,59;;;;
SP;3521150;IPIGUA;4.859.066,92;0,00;0,00;0,00;0,00;4.859.066,92;;;;
SP;3521200;IPORANGA;3.504.105,78;0,00;0,00;0,00;0,00;3.504.105,78;;;;
SP;3521309;IPUA;14.403.496,76;0,00;0,00;0,00;0,00;14.403.496,76;;;;
SP;3521408;IRACEMAPOLIS;14.974.935,75;0,00;0,00;0,00;0,00;14.974.935,75;;;;
SP;3521507;IRAPUA;5.651.330,26;0,00;0,00;0,00;0,00;5.651.330,26;;;;
SP;3521606;IRAPURU;3.578.751,39;0,00;0,00;0,00;0,00;3.578.751,39;;;;
SP;3521705;ITABERA;8.588.220,60;0,00;0,00;0,00;0,00;8.588.220,60;;;;
SP;3521804;ITAI;17.556.376,67;0,00;0,00;449.396,06;449.396,06;18.005.772,73;;;;
SP;3521903;ITAJOBI;16.463.153,58;0,00;0,00;0,00;0,00;16.463.153,58;;;;
SP;3522000;ITAJU;2.977.320,58;0,00;0,00;0,00;0,00;2.977.320,58;;;;
SP;3522109;ITANHAEM;129.520.246,56;0,00;0,00;0,00;0,00;129.520.246,56;;;;
SP;3522158;ITAOCA;2.797.373,68;0,00;0,00;43.294,77;43.294,77;2.840.668,45;;;;
SP;3522208;ITAPECERICA DA SERRA;113.038.989,69;0,00;0,00;0,00;0,00;113.038.989,69;;;;
SP;3522307;ITAPETININGA;107.116.651,06;0,00;0,00;0,00;0,00;107.116.651,06;;;;
SP;3522406;ITAPEVA;103.140.385,53;0,00;0,00;3.832.365,83;3.832.365,83;106.972.751,36;;;;
SP;3522505;ITAPEVI;187.487.717,49;0,00;0,00;7.717.772,27;7.717.772,27;195.205.489,76;;;;
SP;3522604;ITAPIRA;39.006.207,32;0,00;0,00;0,00;0,00;39.006.207,32;;;;
SP;3522653;ITAPIRAPUA PAULISTA;3.689.788,66;0,00;0,00;0,00;0,00;3.689.788,66;;;;
SP;3522703;ITAPOLIS;20.883.958,41;0,00;0,00;0,00;0,00;20.883.958,41;;;;
SP;3522802;ITAPORANGA;10.224.668,64;0,00;0,00;0,00;0,00;10.224.668,64;;;;
SP;3522901;ITAPUI;13.545.236,95;0,00;109.051,14;0,00;109.051,14;13.654.288,09;;;;
SP;3523008;ITAPURA;3.050.547,04;0,00;0,00;0,00;0,00;3.050.547,04;;;;
SP;3523107;ITAQUAQUECETUBA;277.146.656,90;0,00;0,00;0,00;0,00;277.146.656,90;;;;
SP;3523206;ITARARE;35.329.789,51;0,00;0,00;0,00;0,00;35.329.789,51;;;;
SP;3523305;ITARIRI;10.536.745,58;0,00;0,00;0,00;0,00;10.536.745,58;;;;
SP;3523404;ITATIBA;106.229.184,11;0,00;0,00;0,00;0,00;106.229.184,11;;;;
SP;3523503;ITATINGA;17.754.721,34;0,00;0,00;342.553,99;342.553,99;18.097.275,33;;;;
SP;3523602;ITIRAPINA;13.869.017,93;0,00;0,00;335.090,63;335.090,63;14.204.108,56;;;;
SP;3523701;ITIRAPUA;4.634.598,77;0,00;0,00;0,00;0,00;4.634.598,77;;;;
SP;3523800;ITOBI;2.381.121,03;0,00;0,00;0,00;0,00;2.381.121,03;;;;
SP;3523909;ITU;118.891.590,74;0,00;0,00;2.276.833,76;2.276.833,76;121.168.424,50;;;;
SP;3524006;ITUPEVA;50.443.883,18;0,00;0,00;2.044.092,68;2.044.092,68;52.487.975,86;;;;
SP;3524105;ITUVERAVA;31.854.713,99;0,00;0,00;0,00;0,00;31.854.713,99;;;;
SP;3524204;JABORANDI;8.795.024,19;0,00;0,00;0,00;0,00;8.795.024,19;;;;
SP;3524303;JABOTICABAL;45.063.471,49;0,00;0,00;0,00;0,00;45.063.471,49;;;;
SP;3524402;JACAREI;146.265.661,44;0,00;0,00;0,00;0,00;146.265.661,44;;;;
SP;3524501;JACI;6.241.631,25;0,00;0,00;0,00;0,00;6.241.631,25;;;;
SP;3524600;JACUPIRANGA;12.030.987,75;0,00;0,00;0,00;0,00;12.030.987,75;;;;
SP;3524709;JAGUARIUNA;60.847.373,84;0,00;0,00;0,00;0,00;60.847.373,84;;;;
SP;3524808;JALES;27.994.938,48;0,00;0,00;581.055,63;581.055,63;28.575.994,11;;;;
SP;3524907;JAMBEIRO;6.933.450,29;0,00;0,00;0,00;0,00;6.933.450,29;;;;
SP;3525003;JANDIRA;74.864.458,22;0,00;0,00;0,00;0,00;74.864.458,22;;;;
SP;3525102;JARDINOPOLIS;44.405.345,85;0,00;0,00;0,00;0,00;44.405.345,85;;;;
SP;3525201;JARINU;31.946.779,70;0,00;0,00;1.187.544,66;1.187.544,66;33.134.324,36;;;;
SP;3525300;JAU;73.353.298,85;0,00;0,00;2.704.745,47;2.704.745,47;76.058.044,32;;;;
SP;3525409;JERIQUARA;4.982.607,27;0,00;0,00;0,00;0,00;4.982.607,27;;;;
SP;3525508;JOANOPOLIS;13.609.426,67;0,00;0,00;0,00;0,00;13.609.426,67;;;;
SP;3525607;JOAO RAMALHO;3.622.531,87;0,00;0,00;0,00;0,00;3.622.531,87;;;;
SP;3525706;JOSE BONIFACIO;21.936.992,88;0,00;0,00;0,00;0,00;21.936.992,88;;;;
SP;3525805;JULIO MESQUITA;3.543.840,46;0,00;0,00;0,00;0,00;3.543.840,46;;;;
SP;3525854;JUMIRIM;4.018.758,11;0,00;0,00;0,00;0,00;4.018.758,11;;;;
SP;3525904;JUNDIAI;222.894.658,19;0,00;0,00;0,00;0,00;222.894.658,19;;;;
SP;3526001;JUNQUEIROPOLIS;17.100.298,58;0,00;0,00;0,00;0,00;17.100.298,58;;;;
SP;3526100;JUQUIA;13.174.710,23;0,00;0,00;0,00;0,00;13.174.710,23;;;;
SP;3526209;JUQUITIBA;16.713.461,55;0,00;0,00;300.128,74;300.128,74;17.013.590,29;;;;
SP;3526308;LAGOINHA;3.199.427,09;0,00;0,00;0,00;0,00;3.199.427,09;;;;
SP;3526407;LARANJAL PAULISTA;27.741.193,15;0,00;0,00;0,00;0,00;27.741.193,15;;;;
SP;3526506;LAVINIA;4.275.430,53;0,00;0,00;0,00;0,00;4.275.430,53;;;;
SP;3526605;LAVRINHAS;6.441.963,09;0,00;0,00;0,00;0,00;6.441.963,09;;;;
SP;3526704;LEME;73.731.503,67;0,00;0,00;0,00;0,00;73.731.503,67;;;;
SP;3526803;LENCOIS PAULISTA;56.865.799,89;0,00;0,00;0,00;0,00;56.865.799,89;;;;
SP;3526902;LIMEIRA;169.464.203,92;0,00;0,00;6.258.430,67;6.258.430,67;175.722.634,59;;;;
SP;3527009;LINDOIA;7.953.031,27;0,00;0,00;145.390,71;145.390,71;8.098.421,98;;;;
SP;3527108;LINS;31.730.105,85;0,00;0,00;0,00;0,00;31.730.105,85;;;;
SP;3527207;LORENA;54.551.870,21;0,00;0,00;0,00;0,00;54.551.870,21;;;;
SP;3527256;LOURDES;1.957.128,86;0,00;0,00;0,00;0,00;1.957.128,86;;;;
SP;3527306;LOUVEIRA;50.560.206,18;0,00;0,00;1.733.928,25;1.733.928,25;52.294.134,43;;;;
SP;3527405;LUCELIA;14.091.521,19;0,00;0,00;256.616,60;256.616,60;14.348.137,79;;;;
SP;3527504;LUCIANOPOLIS;1.509.779,59;0,00;0,00;0,00;0,00;1.509.779,59;;;;
SP;3527603;LUIS ANTONIO;15.545.310,96;0,00;0,00;0,00;0,00;15.545.310,96;;;;
SP;3527702;LUIZIANIA;5.021.877,12;0,00;0,00;0,00;0,00;5.021.877,12;;;;
SP;3527801;LUPERCIO;3.494.128,81;0,00;0,00;0,00;0,00;3.494.128,81;;;;
SP;3527900;LUTECIA;1.970.772,67;0,00;0,00;0,00;0,00;1.970.772,67;;;;
SP;3528007;MACATUBA;13.497.780,53;0,00;0,00;0,00;0,00;13.497.780,53;;;;
SP;3528106;MACAUBAL;4.022.827,54;0,00;0,00;0,00;0,00;4.022.827,54;;;;
SP;3528205;MACEDONIA;2.952.057,07;0,00;0,00;0,00;0,00;2.952.057,07;;;;
SP;3528304;MAGDA;2.468.901,18;0,00;0,00;0,00;0,00;2.468.901,18;;;;
SP;3528403;MAIRINQUE;54.300.918,88;0,00;0,00;0,00;0,00;54.300.918,88;;;;
SP;3528502;MAIRIPORA;61.087.913,79;0,00;0,00;2.370.922,89;2.370.922,89;63.458.836,68;;;;
SP;3528601;MANDURI;6.562.049,19;0,00;0,00;0,00;0,00;6.562.049,19;;;;
SP;3528700;MARABA PAULISTA;2.344.683,26;0,00;0,00;0,00;0,00;2.344.683,26;;;;
SP;3528809;MARACAI;8.898.839,40;0,00;0,00;152.528,01;152.528,01;9.051.367,41;;;;
SP;3528858;MARAPOAMA;2.669.680,27;0,00;0,00;0,00;0,00;2.669.680,27;;;;
SP;3528908;MARIAPOLIS;2.175.635,59;0,00;0,00;0,00;0,00;2.175.635,59;;;;
SP;3529005;MARILIA;137.920.789,47;0,00;0,00;4.905.315,22;4.905.315,22;142.826.104,69;;;;
SP;3529104;MARINOPOLIS;1.442.184,04;0,00;0,00;21.991,57;21.991,57;1.464.175,61;;;;
SP;3529203;MARTINOPOLIS;15.416.450,19;0,00;0,00;0,00;0,00;15.416.450,19;;;;
SP;3529302;MATAO;40.471.778,02;0,00;0,00;0,00;0,00;40.471.778,02;;;;
SP;3529401;MAUA;133.729.567,25;0,00;0,00;0,00;0,00;133.729.567,25;;;;
SP;3529500;MENDONCA;5.019.038,45;0,00;0,00;0,00;0,00;5.019.038,45;;;;
SP;3529609;MERIDIANO;4.078.836,97;0,00;0,00;0,00;0,00;4.078.836,97;;;;
SP;3529658;MESOPOLIS;1.680.372,84;0,00;0,00;0,00;0,00;1.680.372,84;;;;
SP;3529708;MIGUELOPOLIS;19.440.495,74;0,00;0,00;0,00;0,00;19.440.495,74;;;;
SP;3529807;MINEIROS DO TIETE;7.771.072,20;0,00;0,00;0,00;0,00;7.771.072,20;;;;
SP;3530003;MIRA ESTRELA;2.297.866,35;0,00;0,00;0,00;0,00;2.297.866,35;;;;
SP;3529906;MIRACATU;15.677.479,87;0,00;0,00;286.397,60;286.397,60;15.963.877,47;;;;
SP;3530102;MIRANDOPOLIS;11.497.162,18;0,00;0,00;0,00;0,00;11.497.162,18;;;;
SP;3530201;MIRANTE DO PARANAPANEMA;10.088.723,81;0,00;0,00;168.106,88;168.106,88;10.256.830,69;;;;
SP;3530300;MIRASSOL;35.439.259,57;0,00;0,00;0,00;0,00;35.439.259,57;;;;
SP;3530409;MIRASSOLANDIA;3.930.230,13;0,00;0,00;0,00;0,00;3.930.230,13;;;;
SP;3530508;MOCOCA;31.821.604,93;0,00;0,00;0,00;0,00;31.821.604,93;;;;
SP;3530607;MOGI DAS CRUZES;334.151.725,72;0,00;0,00;4.364.583,51;4.364.583,51;338.516.309,23;;;;
SP;3530805;MOGI MIRIM;60.509.868,89;0,00;0,00;1.207.797,20;1.207.797,20;61.717.666,09;;;;
SP;3530706;MOGI-GUACU;110.935.004,83;0,00;0,00;0,00;0,00;110.935.004,83;;;;
SP;3530904;MOMBUCA;6.076.327,42;0,00;0,00;0,00;0,00;6.076.327,42;;;;
SP;3531001;MONCOES;1.744.770,13;0,00;0,00;0,00;0,00;1.744.770,13;;;;
SP;3531100;MONGAGUA;71.175.865,72;0,00;0,00;0,00;0,00;71.175.865,72;;;;
SP;3531209;MONTE ALEGRE DO SUL;7.014.788,67;0,00;0,00;0,00;0,00;7.014.788,67;;;;
SP;3531308;MONTE ALTO;30.609.721,36;0,00;0,00;0,00;0,00;30.609.721,36;;;;
SP;3531407;MONTE APRAZIVEL;18.987.754,82;0,00;0,00;0,00;0,00;18.987.754,82;;;;
SP;3531506;MONTE AZUL PAULISTA;15.181.073,39;0,00;0,00;560.259,65;560.259,65;15.741.333,04;;;;
SP;3531605;MONTE CASTELO;2.874.697,25;0,00;0,00;0,00;0,00;2.874.697,25;;;;
SP;3531803;MONTE MOR;73.283.077,87;0,00;0,00;0,00;0,00;73.283.077,87;;;;
SP;3531704;MONTEIRO LOBATO;3.531.435,92;0,00;0,00;0,00;0,00;3.531.435,92;;;;
SP;3531902;MORRO AGUDO;26.262.772,05;0,00;0,00;0,00;0,00;26.262.772,05;;;;
SP;3532009;MORUNGABA;12.592.937,29;0,00;0,00;0,00;0,00;12.592.937,29;;;;
SP;3532058;MOTUCA;4.370.246,49;0,00;0,00;0,00;0,00;4.370.246,49;;;;
SP;3532108;MURUTINGA DO SUL;2.869.120,37;0,00;0,00;0,00;0,00;2.869.120,37;;;;
SP;3532157;NANTES;2.222.862,11;0,00;0,00;0,00;0,00;2.222.862,11;;;;
SP;3532207;NARANDIBA;8.088.308,74;0,00;0,00;0,00;0,00;8.088.308,74;;;;
SP;3532306;NATIVIDADE DA SERRA;4.660.183,59;0,00;0,00;0,00;0,00;4.660.183,59;;;;
SP;3532405;NAZARE PAULISTA;12.361.909,45;0,00;0,00;446.823,73;446.823,73;12.808.733,18;;;;
SP;3532504;NEVES PAULISTA;5.889.168,04;0,00;0,00;0,00;0,00;5.889.168,04;;;;
SP;3532603;NHANDEARA;4.692.801,85;0,00;0,00;206.256,99;206.256,99;4.899.058,84;;;;
SP;3532702;NIPOA;4.193.357,07;0,00;0,00;0,00;0,00;4.193.357,07;;;;
SP;3532801;NOVA ALIANCA;6.489.846,52;0,00;0,00;0,00;0,00;6.489.846,52;;;;
SP;3532827;NOVA CAMPINA;10.777.240,76;0,00;0,00;0,00;0,00;10.777.240,76;;;;
SP;3532843;NOVA CANAA PAULISTA;1.410.098,17;0,00;0,00;0,00;0,00;1.410.098,17;;;;
SP;3532868;NOVA CASTILHO;1.053.635,42;0,00;0,00;0,00;0,00;1.053.635,42;;;;
SP;3532900;NOVA EUROPA;10.226.629,24;0,00;0,00;0,00;0,00;10.226.629,24;;;;
SP;3533007;NOVA GRANADA;12.330.447,93;0,00;0,00;0,00;0,00;12.330.447,93;;;;
SP;3533106;NOVA GUATAPORANGA;1.719.577,95;0,00;0,00;0,00;0,00;1.719.577,95;;;;
SP;3533205;NOVA INDEPENDENCIA;6.078.676,79;0,00;0,00;0,00;0,00;6.078.676,79;;;;
SP;3533304;NOVA LUZITANIA;2.289.404,37;0,00;0,00;38.367,50;38.367,50;2.327.771,87;;;;
SP;3533403;NOVA ODESSA;36.462.490,13;0,00;0,00;1.441.770,09;1.441.770,09;37.904.260,22;;;;
SP;3533254;NOVAIS;6.012.541,52;0,00;0,00;0,00;0,00;6.012.541,52;;;;
SP;3533502;NOVO HORIZONTE;35.001.683,57;0,00;0,00;0,00;0,00;35.001.683,57;;;;
SP;3533601;NUPORANGA;7.990.720,73;0,00;0,00;0,00;0,00;7.990.720,73;;;;
SP;3533700;OCAUCU;3.842.941,58;0,00;0,00;0,00;0,00;3.842.941,58;;;;
SP;3533809;OLEO;1.919.802,42;0,00;0,00;0,00;0,00;1.919.802,42;;;;
SP;3533908;OLIMPIA;42.010.510,86;0,00;0,00;0,00;0,00;42.010.510,86;;;;
SP;3534005;ONDA VERDE;3.902.005,22;0,00;0,00;0,00;0,00;3.902.005,22;;;;
SP;3534104;ORIENTE;4.518.327,99;0,00;686.937,91;0,00;686.937,91;5.205.265,90;;;;
SP;3534203;ORINDIUVA;7.113.896,82;0,00;0,00;0,00;0,00;7.113.896,82;;;;
SP;3534302;ORLANDIA;36.500.543,21;0,00;0,00;0,00;0,00;36.500.543,21;;;;
SP;3534401;OSASCO;477.517.562,15;0,00;0,00;0,00;0,00;477.517.562,15;;;;
SP;3534500;OSCAR BRESSANE;2.543.162,83;0,00;0,00;0,00;0,00;2.543.162,83;;;;
SP;3534609;OSVALDO CRUZ;17.401.118,04;0,00;0,00;0,00;0,00;17.401.118,04;;;;
SP;3534708;OURINHOS;67.888.092,93;0,00;0,00;1.285.039,41;1.285.039,41;69.173.132,34;;;;
SP;3534807;OURO VERDE;9.397.113,57;0,00;0,00;0,00;0,00;9.397.113,57;;;;
SP;3534757;OUROESTE;9.862.147,64;0,00;0,00;0,00;0,00;9.862.147,64;;;;
SP;3534906;PACAEMBU;5.883.710,47;0,00;0,00;0,00;0,00;5.883.710,47;;;;
SP;3535002;PALESTINA;11.360.959,35;0,00;0,00;0,00;0,00;11.360.959,35;;;;
SP;3535101;PALMARES PAULISTA;7.294.781,24;0,00;0,00;150.209,29;150.209,29;7.444.990,53;;;;
SP;3535200;PALMEIRA DOESTE;4.264.114,46;0,00;0,00;98.364,26;98.364,26;4.362.478,72;;;;
SP;3535309;PALMITAL;14.311.253,37;0,00;0,00;0,00;0,00;14.311.253,37;;;;
SP;3535408;PANORAMA;10.785.926,63;0,00;0,00;218.756,32;218.756,32;11.004.682,95;;;;
SP;3535507;PARAGUACU PAULISTA;38.003.070,32;0,00;0,00;0,00;0,00;38.003.070,32;;;;
SP;3535606;PARAIBUNA;11.196.283,98;0,00;0,00;0,00;0,00;11.196.283,98;;;;
SP;3535705;PARAISO;5.958.498,42;0,00;0,00;0,00;0,00;5.958.498,42;;;;
SP;3535804;PARANAPANEMA;21.214.556,87;0,00;0,00;805.463,82;805.463,82;22.020.020,69;;;;
SP;3535903;PARANAPUA;3.447.878,78;0,00;0,00;0,00;0,00;3.447.878,78;;;;
SP;3536000;PARAPUA;5.730.002,40;0,00;0,00;0,00;0,00;5.730.002,40;;;;
SP;3536109;PARDINHO;8.707.473,62;0,00;0,00;367.371,50;367.371,50;9.074.845,12;;;;
SP;3536208;PARIQUERA-ACU;11.248.451,42;0,00;0,00;0,00;0,00;11.248.451,42;;;;
SP;3536257;PARISI;2.665.240,16;0,00;0,00;53.402,92;53.402,92;2.718.643,08;;;;
SP;3536307;PATROCINIO PAULISTA;11.161.090,68;0,00;0,00;222.596,69;222.596,69;11.383.687,37;;;;
SP;3536406;PAULICEIA;6.370.320,44;0,00;0,00;0,00;0,00;6.370.320,44;;;;
SP;3536505;PAULINIA;90.855.892,94;0,00;0,00;3.870.950,70;3.870.950,70;94.726.843,64;;;;
SP;3536570;PAULISTANIA;1.889.714,79;0,00;0,00;0,00;0,00;1.889.714,79;;;;
SP;3536604;PAULO DE FARIA;7.173.321,34;0,00;0,00;0,00;0,00;7.173.321,34;;;;
SP;3536703;PEDERNEIRAS;32.142.634,31;0,00;0,00;0,00;0,00;32.142.634,31;;;;
SP;3536802;PEDRA BELA;6.538.765,83;0,00;0,00;0,00;0,00;6.538.765,83;;;;
SP;3536901;PEDRANOPOLIS;1.716.039,59;0,00;0,00;0,00;0,00;1.716.039,59;;;;
SP;3537008;PEDREGULHO;10.884.674,71;0,00;0,00;0,00;0,00;10.884.674,71;;;;
SP;3537107;PEDREIRA;30.515.963,45;0,00;0,00;565.223,15;565.223,15;31.081.186,60;;;;
SP;3537156;PEDRINHAS PAULISTA;2.672.459,17;0,00;0,00;43.729,53;43.729,53;2.716.188,70;;;;
SP;3537206;PEDRO DE TOLEDO;8.378.047,22;0,00;0,00;0,00;0,00;8.378.047,22;;;;
SP;3537305;PENAPOLIS;42.284.893,46;0,00;0,00;1.337.645,27;1.337.645,27;43.622.538,73;;;;
SP;3537404;PEREIRA BARRETO;17.675.633,65;0,00;0,00;0,00;0,00;17.675.633,65;;;;
SP;3537503;PEREIRAS;6.575.025,87;0,00;0,00;0,00;0,00;6.575.025,87;;;;
SP;3537602;PERUIBE;56.454.995,17;0,00;0,00;0,00;0,00;56.454.995,17;;;;
SP;3537701;PIACATU;4.231.325,64;0,00;0,00;0,00;0,00;4.231.325,64;;;;
SP;3537800;PIEDADE;37.602.875,97;0,00;0,00;0,00;0,00;37.602.875,97;;;;
SP;3537909;PILAR DO SUL;23.361.136,22;0,00;0,00;837.092,55;837.092,55;24.198.228,77;;;;
SP;3538006;PINDAMONHANGABA;93.536.846,06;0,00;0,00;0,00;0,00;93.536.846,06;;;;
SP;3538105;PINDORAMA;12.250.236,53;0,00;0,00;480.988,56;480.988,56;12.731.225,09;;;;
SP;3538204;PINHALZINHO;15.889.900,24;0,00;0,00;0,00;0,00;15.889.900,24;;;;
SP;3538303;PIQUEROBI;2.261.428,31;0,00;0,00;0,00;0,00;2.261.428,31;;;;
SP;3538501;PIQUETE;6.508.101,20;0,00;0,00;0,00;0,00;6.508.101,20;;;;
SP;3538600;PIRACAIA;23.124.339,31;0,00;0,00;0,00;0,00;23.124.339,31;;;;
SP;3538709;PIRACICABA;248.905.027,26;0,00;0,00;10.038.661,62;10.038.661,62;258.943.688,88;;;;
SP;3538808;PIRAJU;21.716.880,44;0,00;0,00;0,00;0,00;21.716.880,44;;;;
SP;3538907;PIRAJUI;11.340.473,42;0,00;0,00;0,00;0,00;11.340.473,42;;;;
SP;3539004;PIRANGI;5.954.903,67;0,00;0,00;0,00;0,00;5.954.903,67;;;;
SP;3539103;PIRAPORA DO BOM JESUS;26.284.509,88;0,00;0,00;0,00;0,00;26.284.509,88;;;;
SP;3539202;PIRAPOZINHO;16.854.915,67;0,00;0,00;318.497,32;318.497,32;17.173.412,99;;;;
SP;3539301;PIRASSUNUNGA;37.615.723,32;0,00;0,00;663.152,65;663.152,65;38.278.875,97;;;;
SP;3539400;PIRATININGA;8.277.171,41;0,00;0,00;0,00;0,00;8.277.171,41;;;;
SP;3539509;PITANGUEIRAS;26.764.886,44;0,00;0,00;0,00;0,00;26.764.886,44;;;;
SP;3539608;PLANALTO;3.065.981,53;0,00;0,00;0,00;0,00;3.065.981,53;;;;
SP;3539707;PLATINA;2.729.319,68;0,00;0,00;0,00;0,00;2.729.319,68;;;;
SP;3539806;POA;94.879.840,23;0,00;0,00;0,00;0,00;94.879.840,23;;;;
SP;3539905;POLONI;2.541.053,41;0,00;0,00;0,00;0,00;2.541.053,41;;;;
SP;3540002;POMPEIA;13.618.014,23;0,00;0,00;0,00;0,00;13.618.014,23;;;;
SP;3540101;PONGAI;2.145.266,50;0,00;0,00;0,00;0,00;2.145.266,50;;;;
SP;3540200;PONTAL;31.091.794,35;0,00;0,00;1.237.397,05;1.237.397,05;32.329.191,40;;;;
SP;3540259;PONTALINDA;3.339.552,25;0,00;0,00;0,00;0,00;3.339.552,25;;;;
SP;3540309;PONTES GESTAL;2.428.649,69;0,00;0,00;0,00;0,00;2.428.649,69;;;;
SP;3540408;POPULINA;3.260.876,74;0,00;0,00;0,00;0,00;3.260.876,74;;;;
SP;3540507;PORANGABA;7.159.273,97;0,00;0,00;229.154,31;229.154,31;7.388.428,28;;;;
SP;3540606;PORTO FELIZ;53.582.778,87;0,00;0,00;1.081.354,74;1.081.354,74;54.664.133,61;;;;
SP;3540705;PORTO FERREIRA;38.306.965,51;0,00;0,00;0,00;0,00;38.306.965,51;;;;
SP;3540754;POTIM;19.477.593,79;0,00;0,00;0,00;0,00;19.477.593,79;;;;
SP;3540804;POTIRENDABA;19.055.120,69;0,00;0,00;682.173,36;682.173,36;19.737.294,05;;;;
SP;3540853;PRACINHA;1.194.491,38;0,00;0,00;0,00;0,00;1.194.491,38;;;;
SP;3540903;PRADOPOLIS;19.008.692,18;0,00;0,00;0,00;0,00;19.008.692,18;;;;
SP;3541000;PRAIA GRANDE;382.885.449,18;0,00;0,00;0,00;0,00;382.885.449,18;;;;
SP;3541059;PRATANIA;5.146.130,17;0,00;0,00;0,00;0,00;5.146.130,17;;;;
SP;3541109;PRESIDENTE ALVES;944.158,19;0,00;0,00;0,00;0,00;944.158,19;;;;
SP;3541208;PRESIDENTE BERNARDES;8.259.886,26;0,00;0,00;0,00;0,00;8.259.886,26;;;;
SP;3541307;PRESIDENTE EPITACIO;20.194.095,95;0,00;0,00;343.713,35;343.713,35;20.537.809,30;;;;
SP;3541406;PRESIDENTE PRUDENTE;130.624.661,70;0,00;0,00;0,00;0,00;130.624.661,70;;;;
SP;3541505;PRESIDENTE VENCESLAU;18.609.600,93;0,00;0,00;0,00;0,00;18.609.600,93;;;;
SP;3541604;PROMISSAO;17.914.390,15;0,00;0,00;0,00;0,00;17.914.390,15;;;;
SP;3541653;QUADRA;5.578.413,65;0,00;0,00;0,00;0,00;5.578.413,65;;;;
SP;3541703;QUATA;9.362.908,28;0,00;0,00;0,00;0,00;9.362.908,28;;;;
SP;3541802;QUEIROZ;2.914.469,94;0,00;0,00;0,00;0,00;2.914.469,94;;;;
SP;3541901;QUELUZ;9.662.149,64;0,00;0,00;0,00;0,00;9.662.149,64;;;;
SP;3542008;QUINTANA;7.259.332,76;0,00;0,00;0,00;0,00;7.259.332,76;;;;
SP;3542107;RAFARD;7.512.538,36;0,00;0,00;0,00;0,00;7.512.538,36;;;;
SP;3542206;RANCHARIA;21.455.020,24;0,00;0,00;0,00;0,00;21.455.020,24;;;;
SP;3542305;REDENCAO DA SERRA;2.425.124,71;0,00;0,00;0,00;0,00;2.425.124,71;;;;
SP;3542404;REGENTE FEIJO;12.863.812,96;0,00;0,00;0,00;0,00;12.863.812,96;;;;
SP;3542503;REGINOPOLIS;4.261.842,09;0,00;0,00;85.104,11;85.104,11;4.346.946,20;;;;
SP;3542602;REGISTRO;40.563.631,12;0,00;0,00;0,00;0,00;40.563.631,12;;;;
SP;3542701;RESTINGA;9.083.600,30;0,00;0,00;0,00;0,00;9.083.600,30;;;;
SP;3542800;RIBEIRA;2.617.358,23;0,00;0,00;57.062,14;57.062,14;2.674.420,37;;;;
SP;3542909;RIBEIRAO BONITO;11.567.774,62;0,00;0,00;0,00;0,00;11.567.774,62;;;;
SP;3543006;RIBEIRAO BRANCO;15.675.235,40;0,00;0,00;0,00;0,00;15.675.235,40;;;;
SP;3543105;RIBEIRAO CORRENTE;6.559.779,39;0,00;0,00;0,00;0,00;6.559.779,39;;;;
SP;3543204;RIBEIRAO DO SUL;3.146.566,98;0,00;0,00;0,00;0,00;3.146.566,98;;;;
SP;3543238;RIBEIRAO DOS INDIOS;1.227.548,01;0,00;0,00;0,00;0,00;1.227.548,01;;;;
SP;3543253;RIBEIRAO GRANDE;5.974.842,79;0,00;0,00;0,00;0,00;5.974.842,79;;;;
SP;3543303;RIBEIRAO PIRES;54.879.522,85;0,00;0,00;0,00;0,00;54.879.522,85;;;;
SP;3543402;RIBEIRAO PRETO;314.833.591,89;0,00;0,00;5.058.024,38;5.058.024,38;319.891.616,27;;;;
SP;3543600;RIFAINA;3.120.544,98;0,00;0,00;0,00;0,00;3.120.544,98;;;;
SP;3543709;RINCAO;6.983.319,44;0,00;0,00;263.536,51;263.536,51;7.246.855,95;;;;
SP;3543808;RINOPOLIS;3.600.069,71;0,00;0,00;0,00;0,00;3.600.069,71;;;;
SP;3543907;RIO CLARO;124.458.908,79;0,00;0,00;4.718.441,24;4.718.441,24;129.177.350,03;;;;
SP;3544004;RIO DAS PEDRAS;30.783.377,87;0,00;0,00;1.250.077,52;1.250.077,52;32.033.455,39;;;;
SP;3544103;RIO GRANDE DA SERRA;15.627.601,25;0,00;186.080,00;0,00;186.080,00;15.813.681,25;;;;
SP;3544202;RIOLANDIA;11.131.712,44;0,00;0,00;0,00;0,00;11.131.712,44;;;;
SP;3543501;RIVERSUL;5.002.120,82;0,00;0,00;0,00;0,00;5.002.120,82;;;;
SP;3544251;ROSANA;9.711.653,20;0,00;0,00;325.670,85;325.670,85;10.037.324,05;;;;
SP;3544301;ROSEIRA;13.991.781,03;0,00;0,00;0,00;0,00;13.991.781,03;;;;
SP;3544400;RUBIACEA;2.802.277,53;0,00;0,00;0,00;0,00;2.802.277,53;;;;
SP;3544509;RUBINEIA;3.206.792,03;0,00;0,00;0,00;0,00;3.206.792,03;;;;
SP;3544608;SABINO;3.942.089,25;0,00;0,00;0,00;0,00;3.942.089,25;;;;
SP;3544707;SAGRES;1.905.041,65;0,00;0,00;0,00;0,00;1.905.041,65;;;;
SP;3544806;SALES;4.211.958,44;0,00;0,00;0,00;0,00;4.211.958,44;;;;
SP;3544905;SALES OLIVEIRA;6.994.513,57;0,00;0,00;0,00;0,00;6.994.513,57;;;;
SP;3545001;SALESOPOLIS;10.588.969,34;0,00;0,00;0,00;0,00;10.588.969,34;;;;
SP;3545100;SALMOURAO;4.126.619,56;0,00;0,00;0,00;0,00;4.126.619,56;;;;
SP;3545159;SALTINHO;5.743.097,21;0,00;0,00;117.674,81;117.674,81;5.860.772,02;;;;
SP;3545209;SALTO;72.731.628,39;0,00;0,00;0,00;0,00;72.731.628,39;;;;
SP;3545308;SALTO DE PIRAPORA;32.028.693,95;0,00;0,00;0,00;0,00;32.028.693,95;;;;
SP;3545407;SALTO GRANDE;7.669.469,06;0,00;0,00;0,00;0,00;7.669.469,06;;;;
SP;3545506;SANDOVALINA;4.774.346,29;0,00;0,00;0,00;0,00;4.774.346,29;;;;
SP;3545605;SANTA ADELIA;11.384.574,30;0,00;0,00;0,00;0,00;11.384.574,30;;;;
SP;3545704;SANTA ALBERTINA;4.807.504,13;0,00;0,00;0,00;0,00;4.807.504,13;;;;
SP;3545803;SANTA BARBARA DOESTE;116.910.349,39;0,00;0,00;0,00;0,00;116.910.349,39;;;;
SP;3546009;SANTA BRANCA;13.313.032,65;0,00;0,00;0,00;0,00;13.313.032,65;;;;
SP;3546108;SANTA CLARA DOESTE;2.546.264,54;0,00;0,00;0,00;0,00;2.546.264,54;;;;
SP;3546207;SANTA CRUZ DA CONCEICAO;2.805.632,91;0,00;0,00;51.881,26;51.881,26;2.857.514,17;;;;
SP;3546256;SANTA CRUZ DA ESPERANCA;2.473.183,90;0,00;0,00;51.808,80;51.808,80;2.524.992,70;;;;
SP;3546306;SANTA CRUZ DAS PALMEIRAS;17.304.719,49;0,00;0,00;0,00;0,00;17.304.719,49;;;;
SP;3546405;SANTA CRUZ DO RIO PARDO;32.759.023,17;0,00;0,00;0,00;0,00;32.759.023,17;;;;
SP;3546504;SANTA ERNESTINA;4.696.667,25;0,00;0,00;0,00;0,00;4.696.667,25;;;;
SP;3546603;SANTA FE DO SUL;36.355.354,89;0,00;0,00;789.232,81;789.232,81;37.144.587,70;;;;
SP;3546702;SANTA GERTRUDES;28.209.588,65;0,00;0,00;1.095.919,17;1.095.919,17;29.305.507,82;;;;
SP;3546801;SANTA ISABEL;35.619.263,18;0,00;0,00;0,00;0,00;35.619.263,18;;;;
SP;3546900;SANTA LUCIA;5.253.676,20;0,00;0,00;0,00;0,00;5.253.676,20;;;;
SP;3547007;SANTA MARIA DA SERRA;4.857.591,44;0,00;0,00;108.218,80;108.218,80;4.965.810,24;;;;
SP;3547106;SANTA MERCEDES;2.529.773,12;0,00;0,00;0,00;0,00;2.529.773,12;;;;
SP;3547502;SANTA RITA DO PASSA QUATRO;14.542.053,20;0,00;0,00;0,00;0,00;14.542.053,20;;;;
SP;3547403;SANTA RITA DOESTE;1.698.416,86;0,00;0,00;0,00;0,00;1.698.416,86;;;;
SP;3547601;SANTA ROSA DE VITERBO;14.005.518,72;0,00;0,00;0,00;0,00;14.005.518,72;;;;
SP;3547650;SANTA SALETE;819.331,02;0,00;0,00;0,00;0,00;819.331,02;;;;
SP;3547205;SANTANA DA PONTE PENSA;643.467,57;0,00;0,00;0,00;0,00;643.467,57;;;;
SP;3547304;SANTANA DE PARNAIBA;184.023.461,99;0,00;0,00;0,00;0,00;184.023.461,99;;;;
SP;3547700;SANTO ANASTACIO;8.084.309,85;0,00;0,00;0,00;0,00;8.084.309,85;;;;
SP;3547809;SANTO ANDRE;314.219.479,25;0,00;0,00;6.426.791,15;6.426.791,15;320.646.270,40;;;;
SP;3547908;SANTO ANTONIO DA ALEGRIA;7.749.382,61;0,00;0,00;0,00;0,00;7.749.382,61;;;;
SP;3548005;SANTO ANTONIO DE POSSE;27.323.686,50;0,00;0,00;0,00;0,00;27.323.686,50;;;;
SP;3548054;SANTO ANTONIO DO ARACANGUA;9.696.727,28;0,00;0,00;0,00;0,00;9.696.727,28;;;;
SP;3548104;SANTO ANTONIO DO JARDIM;4.008.017,88;0,00;0,00;0,00;0,00;4.008.017,88;;;;
SP;3548203;SANTO ANTONIO DO PINHAL;8.142.614,30;0,00;0,00;0,00;0,00;8.142.614,30;;;;
SP;3548302;SANTO EXPEDITO;1.907.339,94;0,00;0,00;0,00;0,00;1.907.339,94;;;;
SP;3548401;SANTOPOLIS DO AGUAPEI;3.944.834,16;0,00;0,00;0,00;0,00;3.944.834,16;;;;
SP;3548500;SANTOS;237.496.750,35;0,00;0,00;0,00;0,00;237.496.750,35;;;;
SP;3548609;SAO BENTO DO SAPUCAI;5.989.653,52;0,00;0,00;0,00;0,00;5.989.653,52;;;;
SP;3548708;SAO BERNARDO DO CAMPO;513.184.877,45;0,00;0,00;9.515.573,88;9.515.573,88;522.700.451,33;;;;
SP;3548807;SAO CAETANO DO SUL;130.639.364,47;0,00;0,00;0,00;0,00;130.639.364,47;;;;
SP;3548906;SAO CARLOS;118.396.846,80;0,00;0,00;0,00;0,00;118.396.846,80;;;;
SP;3549003;SAO FRANCISCO;956.821,75;0,00;0,00;0,00;0,00;956.821,75;;;;
SP;3549102;SAO JOAO DA BOA VISTA;50.895.771,74;0,00;0,00;1.828.379,68;1.828.379,68;52.724.151,42;;;;
SP;3549201;SAO JOAO DAS DUAS PONTES;1.663.290,28;0,00;0,00;0,00;0,00;1.663.290,28;;;;
SP;3549250;SAO JOAO DE IRACEMA;1.775.851,39;0,00;0,00;0,00;0,00;1.775.851,39;;;;
SP;3549300;SAO JOAO DO PAU DALHO;1.493.600,90;0,00;0,00;0,00;0,00;1.493.600,90;;;;
SP;3549409;SAO JOAQUIM DA BARRA;20.836.962,42;0,00;0,00;0,00;0,00;20.836.962,42;;;;
SP;3549508;SAO JOSE DA BELA VISTA;6.410.056,83;0,00;0,00;0,00;0,00;6.410.056,83;;;;
SP;3549607;SAO JOSE DO BARREIRO;4.877.789,21;0,00;0,00;89.814,00;89.814,00;4.967.603,21;;;;
SP;3549706;SAO JOSE DO RIO PARDO;23.969.832,20;0,00;0,00;0,00;0,00;23.969.832,20;;;;
SP;3549805;SAO JOSE DO RIO PRETO;273.454.200,77;0,00;0,00;5.692.990,14;5.692.990,14;279.147.190,91;;;;
SP;3549904;SAO JOSE DOS CAMPOS;540.416.901,06;0,00;0,00;0,00;0,00;540.416.901,06;;;;
SP;3549953;SAO LOURENCO DA SERRA;10.831.534,79;0,00;0,00;0,00;0,00;10.831.534,79;;;;
SP;3550001;SAO LUIS DO PARAITINGA;9.886.721,04;0,00;0,00;0,00;0,00;9.886.721,04;;;;
SP;3550100;SAO MANUEL;24.317.974,89;0,00;0,00;953.064,55;953.064,55;25.271.039,44;;;;
SP;3550209;SAO MIGUEL ARCANJO;22.782.491,83;0,00;0,00;0,00;0,00;22.782.491,83;;;;
SP;3550308;SAO PAULO;6.717.927.850,73;0,00;0,00;185.544.053,60;185.544.053,60;6.903.471.904,33;;;;
SP;3550407;SAO PEDRO;34.381.916,68;0,00;0,00;642.501,59;642.501,59;35.024.418,27;;;;
SP;3550506;SAO PEDRO DO TURVO;6.437.421,29;0,00;0,00;0,00;0,00;6.437.421,29;;;;
SP;3550605;SAO ROQUE;86.637.546,55;0,00;0,00;1.546.184,75;1.546.184,75;88.183.731,30;;;;
SP;3550704;SAO SEBASTIAO;104.061.705,79;0,00;0,00;1.799.613,11;1.799.613,11;105.861.318,90;;;;
SP;3550803;SAO SEBASTIAO DA GRAMA;8.233.033,74;0,00;0,00;0,00;0,00;8.233.033,74;;;;
SP;3550902;SAO SIMAO;6.857.674,82;0,00;0,00;0,00;0,00;6.857.674,82;;;;
SP;3551009;SAO VICENTE;268.438.213,32;0,00;0,00;0,00;0,00;268.438.213,32;;;;
SP;3551108;SARAPUI;8.009.672,91;0,00;0,00;151.984,56;151.984,56;8.161.657,47;;;;
SP;3551207;SARUTAIA;3.257.086,79;0,00;0,00;0,00;0,00;3.257.086,79;;;;
SP;3551306;SEBASTIANOPOLIS DO SUL;2.774.473,31;0,00;0,00;0,00;0,00;2.774.473,31;;;;
SP;3551405;SERRA AZUL;6.988.713,60;0,00;0,00;0,00;0,00;6.988.713,60;;;;
SP;3551603;SERRA NEGRA;12.338.947,44;0,00;0,00;0,00;0,00;12.338.947,44;;;;
SP;3551504;SERRANA;44.100.797,13;0,00;0,00;0,00;0,00;44.100.797,13;;;;
SP;3551702;SERTAOZINHO;104.555.429,70;0,00;0,00;0,00;0,00;104.555.429,70;;;;
SP;3551801;SETE BARRAS;11.441.380,45;0,00;0,00;0,00;0,00;11.441.380,45;;;;
SP;3551900;SEVERINIA;16.331.538,06;0,00;0,00;0,00;0,00;16.331.538,06;;;;
SP;3552007;SILVEIRAS;5.217.043,40;0,00;0,00;0,00;0,00;5.217.043,40;;;;
SP;3552106;SOCORRO;21.169.459,20;0,00;0,00;0,00;0,00;21.169.459,20;;;;
SP;3552205;SOROCABA;420.742.882,58;0,00;0,00;15.570.392,34;15.570.392,34;436.313.274,92;;;;
SP;3552304;SUD MENNUCCI;9.014.621,11;0,00;0,00;0,00;0,00;9.014.621,11;;;;
SP;3552403;SUMARE;169.671.033,91;0,00;0,00;0,00;0,00;169.671.033,91;;;;
SP;3552551;SUZANAPOLIS;2.739.531,16;0,00;0,00;0,00;0,00;2.739.531,16;;;;
SP;3552502;SUZANO;183.430.722,14;0,00;0,00;0,00;0,00;183.430.722,14;;;;
SP;3552601;TABAPUA;10.458.562,20;0,00;0,00;0,00;0,00;10.458.562,20;;;;
SP;3552700;TABATINGA;12.849.615,70;0,00;0,00;0,00;0,00;12.849.615,70;;;;
SP;3552809;TABOAO DA SERRA;168.430.364,16;0,00;0,00;0,00;0,00;168.430.364,16;;;;
SP;3552908;TACIBA;5.692.447,45;0,00;0,00;0,00;0,00;5.692.447,45;;;;
SP;3553005;TAGUAI;12.609.218,68;0,00;0,00;431.063,71;431.063,71;13.040.282,39;;;;
SP;3553104;TAIACU;4.469.970,80;0,00;0,00;0,00;0,00;4.469.970,80;;;;
SP;3553203;TAIUVA;4.482.523,46;0,00;0,00;0,00;0,00;4.482.523,46;;;;
SP;3553302;TAMBAU;14.271.151,34;0,00;0,00;0,00;0,00;14.271.151,34;;;;
SP;3553401;TANABI;18.359.488,42;0,00;0,00;0,00;0,00;18.359.488,42;;;;
SP;3553500;TAPIRAI;7.167.195,99;0,00;0,00;0,00;0,00;7.167.195,99;;;;
SP;3553609;TAPIRATIBA;13.669.844,72;0,00;1.683.738,68;0,00;1.683.738,68;15.353.583,40;;;;
SP;3553658;TAQUARAL;1.938.175,98;0,00;0,00;0,00;0,00;1.938.175,98;;;;
SP;3553708;TAQUARITINGA;33.185.217,99;0,00;0,00;0,00;0,00;33.185.217,99;;;;
SP;3553807;TAQUARITUBA;17.628.915,27;0,00;0,00;0,00;0,00;17.628.915,27;;;;
SP;3553856;TAQUARIVAI;7.963.618,08;0,00;0,00;0,00;0,00;7.963.618,08;;;;
SP;3553906;TARABAI;7.943.199,89;0,00;0,00;185.714,62;185.714,62;8.128.914,51;;;;
SP;3553955;TARUMA;15.309.506,23;0,00;0,00;264.116,19;264.116,19;15.573.622,42;;;;
SP;3554003;TATUI;92.405.146,09;0,00;0,00;0,00;0,00;92.405.146,09;;;;
SP;3554102;TAUBATE;293.369.285,42;0,00;0,00;5.379.818,62;5.379.818,62;298.749.104,04;;;;
SP;3554201;TEJUPA;4.075.012,86;0,00;0,00;0,00;0,00;4.075.012,86;;;;
SP;3554300;TEODORO SAMPAIO;18.084.217,04;0,00;0,00;300.962,03;300.962,03;18.385.179,07;;;;
SP;3554409;TERRA ROXA;7.870.834,31;0,00;0,00;0,00;0,00;7.870.834,31;;;;
SP;3554508;TIETE;38.396.752,95;0,00;0,00;698.513,06;698.513,06;39.095.266,01;;;;
SP;3554607;TIMBURI;1.620.689,03;0,00;0,00;0,00;0,00;1.620.689,03;;;;
SP;3554656;TORRE DE PEDRA;2.059.996,44;0,00;0,00;0,00;0,00;2.059.996,44;;;;
SP;3554706;TORRINHA;5.040.433,08;0,00;0,00;0,00;0,00;5.040.433,08;;;;
SP;3554755;TRABIJU;2.213.922,46;0,00;0,00;0,00;0,00;2.213.922,46;;;;
SP;3554805;TREMEMBE;36.094.699,63;0,00;0,00;0,00;0,00;36.094.699,63;;;;
SP;3554904;TRES FRONTEIRAS;3.933.136,17;0,00;0,00;0,00;0,00;3.933.136,17;;;;
SP;3554953;TUIUTI;7.596.304,08;0,00;0,00;257.703,50;257.703,50;7.854.007,58;;;;
SP;3555000;TUPA;33.476.395,43;0,00;0,00;606.416,58;606.416,58;34.082.812,01;;;;
SP;3555109;TUPI PAULISTA;9.520.784,52;0,00;0,00;0,00;0,00;9.520.784,52;;;;
SP;3555208;TURIUBA;1.461.839,18;0,00;0,00;25.469,64;25.469,64;1.487.308,82;;;;
SP;3555307;TURMALINA;1.260.091,79;0,00;0,00;0,00;0,00;1.260.091,79;;;;
SP;3555356;UBARANA;6.871.648,82;0,00;0,00;0,00;0,00;6.871.648,82;;;;
SP;3555406;UBATUBA;89.096.948,80;0,00;0,00;0,00;0,00;89.096.948,80;;;;
SP;3555505;UBIRAJARA;4.422.124,59;0,00;0,00;0,00;0,00;4.422.124,59;;;;
SP;3555604;UCHOA;10.353.265,72;0,00;0,00;0,00;0,00;10.353.265,72;;;;
SP;3555703;UNIAO PAULISTA;952.160,05;0,00;0,00;0,00;0,00;952.160,05;;;;
SP;3555802;URANIA;3.020.791,33;0,00;0,00;0,00;0,00;3.020.791,33;;;;
SP;3555901;URU;1.332.080,75;0,00;0,00;0,00;0,00;1.332.080,75;;;;
SP;3556008;URUPES;12.640.486,24;0,00;0,00;0,00;0,00;12.640.486,24;;;;
SP;3556107;VALENTIM GENTIL;9.259.424,87;0,00;0,00;0,00;0,00;9.259.424,87;;;;
SP;3556206;VALINHOS;68.367.414,65;0,00;0,00;0,00;0,00;68.367.414,65;;;;
SP;3556305;VALPARAISO;16.588.667,96;0,00;0,00;0,00;0,00;16.588.667,96;;;;
SP;3556354;VARGEM;10.551.945,03;0,00;0,00;0,00;0,00;10.551.945,03;;;;
SP;3556404;VARGEM GRANDE DO SUL;25.452.152,65;0,00;0,00;0,00;0,00;25.452.152,65;;;;
SP;3556453;VARGEM GRANDE PAULISTA;34.494.364,20;0,00;0,00;0,00;0,00;34.494.364,20;;;;
SP;3556503;VARZEA PAULISTA;71.293.063,09;0,00;0,00;2.822.492,74;2.822.492,74;74.115.555,83;;;;
SP;3556602;VERA CRUZ;5.966.184,93;0,00;0,00;0,00;0,00;5.966.184,93;;;;
SP;3556701;VINHEDO;80.621.418,37;0,00;0,00;0,00;0,00;80.621.418,37;;;;
SP;3556800;VIRADOURO;16.225.842,84;0,00;0,00;0,00;0,00;16.225.842,84;;;;
SP;3556909;VISTA ALEGRE DO ALTO;6.328.672,14;0,00;0,00;0,00;0,00;6.328.672,14;;;;
SP;3556958;VITORIA BRASIL;1.174.881,11;0,00;0,00;0,00;0,00;1.174.881,11;;;;
SP;3557006;VOTORANTIM;83.889.751,98;0,00;0,00;0,00;0,00;83.889.751,98;;;;
SP;3557105;VOTUPORANGA;64.706.230,74;0,00;0,00;0,00;0,00;64.706.230,74;;;;
SP;3557154;ZACARIAS;1.840.429,09;0,00;0,00;0,00;0,00;1.840.429,09;;;;
TO;1700251;ABREULANDIA;4.172.051,47;0,00;0,00;119.957,30;119.957,30;4.292.008,77;;;;
TO;1700301;AGUIARNOPOLIS;6.529.331,17;0,00;0,00;0,00;0,00;6.529.331,17;;;;
TO;1700350;ALIANCA DO TOCANTINS;5.449.460,38;0,00;0,00;0,00;0,00;5.449.460,38;;;;
TO;1700400;ALMAS;8.771.009,06;0,00;0,00;259.913,52;259.913,52;9.030.922,58;;;;
TO;1700707;ALVORADA;11.429.883,16;0,00;0,00;0,00;0,00;11.429.883,16;;;;
TO;1701002;ANANAS;11.457.651,80;0,00;1.630.868,74;305.273,39;1.936.142,13;13.393.793,93;;;;
TO;1701051;ANGICO;3.845.898,14;0,00;27.548,04;50.105,99;77.654,03;3.923.552,17;;;;
TO;1701101;APARECIDA DO RIO NEGRO;7.941.295,86;0,00;0,00;163.795,52;163.795,52;8.105.091,38;;;;
TO;1701309;ARAGOMINAS;5.156.373,24;0,00;0,00;98.835,25;98.835,25;5.255.208,49;;;;
TO;1701903;ARAGUACEMA;7.213.969,64;0,00;0,00;118.000,88;118.000,88;7.331.970,52;;;;
TO;1702000;ARAGUACU;8.579.263,79;0,00;0,00;154.013,43;154.013,43;8.733.277,22;;;;
TO;1702109;ARAGUAINA;167.474.347,40;0,00;0,00;5.041.612,22;5.041.612,22;172.515.959,62;;;;
TO;1702158;ARAGUANA;5.074.953,22;0,00;0,00;0,00;0,00;5.074.953,22;;;;
TO;1702208;ARAGUATINS;32.682.560,27;0,00;0,00;0,00;0,00;32.682.560,27;;;;
TO;1702307;ARAPOEMA;6.984.518,28;0,00;13.481,28;0,00;13.481,28;6.997.999,56;;;;
TO;1702406;ARRAIAS;11.205.058,90;0,00;0,00;0,00;0,00;11.205.058,90;;;;
TO;1702554;AUGUSTINOPOLIS;20.055.709,04;0,00;3.461.787,06;0,00;3.461.787,06;23.517.496,10;;;;
TO;1702703;AURORA DO TOCANTINS;3.060.665,55;0,00;0,00;0,00;0,00;3.060.665,55;;;;
TO;1702901;AXIXA DO TOCANTINS;21.988.212,09;0,00;0,00;364.400,64;364.400,64;22.352.612,73;;;;
TO;1703008;BABACULANDIA;9.088.228,04;0,00;0,00;0,00;0,00;9.088.228,04;;;;
TO;1703057;BANDEIRANTES DO TOCANTINS;5.203.526,04;0,00;0,00;185.859,54;185.859,54;5.389.385,58;;;;
TO;1703073;BARRA DO OURO;5.984.567,12;0,00;27.719,87;173.650,06;201.369,93;6.185.937,05;;;;
TO;1703107;BARROLANDIA;5.904.268,53;0,00;0,00;76.698,76;76.698,76;5.980.967,29;;;;
TO;1703206;BERNARDO SAYAO;7.896.279,51;0,00;0,00;0,00;0,00;7.896.279,51;;;;
TO;1703305;BOM JESUS DO TOCANTINS;5.726.463,28;0,00;62.157,04;0,00;62.157,04;5.788.620,32;;;;
TO;1703602;BRASILANDIA DO TOCANTINS;2.644.618,52;0,00;0,00;45.468,56;45.468,56;2.690.087,08;;;;
TO;1703701;BREJINHO DE NAZARE;6.395.363,19;0,00;0,00;0,00;0,00;6.395.363,19;;;;
TO;1703800;BURITI DO TOCANTINS;12.829.587,97;0,00;2.860.427,96;364.074,57;3.224.502,53;16.054.090,50;;;;
TO;1703826;CACHOEIRINHA;2.293.108,36;0,00;0,00;46.229,39;46.229,39;2.339.337,75;;;;
TO;1703842;CAMPOS LINDOS;16.873.858,46;0,00;0,00;409.253,30;409.253,30;17.283.111,76;;;;
TO;1703867;CARIRI DO TOCANTINS;6.213.002,25;0,00;0,00;204.409,27;204.409,27;6.417.411,52;;;;
TO;1703883;CARMOLANDIA;4.158.550,76;0,00;0,00;0,00;0,00;4.158.550,76;;;;
TO;1703891;CARRASCO BONITO;5.678.457,32;0,00;122.317,80;0,00;122.317,80;5.800.775,12;;;;
TO;1703909;CASEARA;6.040.422,09;0,00;0,00;169.157,55;169.157,55;6.209.579,64;;;;
TO;1704105;CENTENARIO;3.074.571,18;0,00;0,00;51.845,03;51.845,03;3.126.416,21;;;;
TO;1705102;CHAPADA DA NATIVIDADE;4.082.556,05;0,00;0,00;0,00;0,00;4.082.556,05;;;;
TO;1704600;CHAPADA DE AREIA;2.477.706,12;0,00;0,00;47.678,59;47.678,59;2.525.384,71;;;;
TO;1705508;COLINAS DO TOCANTINS;49.205.185,74;0,00;125.176,15;0,00;125.176,15;49.330.361,89;;;;
TO;1716703;COLMEIA;7.166.939,61;0,00;0,00;0,00;0,00;7.166.939,61;;;;
TO;1705557;COMBINADO;3.983.447,01;0,00;0,00;0,00;0,00;3.983.447,01;;;;
TO;1705607;CONCEICAO DO TOCANTINS;6.465.724,00;0,00;106.529,89;81.879,64;188.409,53;6.654.133,53;;;;
TO;1706001;COUTO DE MAGALHAES;9.598.665,73;0,00;912.342,20;0,00;912.342,20;10.511.007,93;;;;
TO;1706100;CRISTALANDIA;5.294.896,26;0,00;0,00;0,00;0,00;5.294.896,26;;;;
TO;1706258;CRIXAS DO TOCANTINS;2.357.951,59;0,00;0,00;0,00;0,00;2.357.951,59;;;;
TO;1706506;DARCINOPOLIS;5.563.394,59;0,00;0,00;214.046,43;214.046,43;5.777.441,02;;;;
TO;1707009;DIANOPOLIS;21.749.367,93;0,00;86.094,57;666.087,27;752.181,84;22.501.549,77;;;;
TO;1707108;DIVINOPOLIS DO TOCANTINS;8.440.637,46;0,00;0,00;0,00;0,00;8.440.637,46;;;;
TO;1707207;DOIS IRMAOS DO TOCANTINS;6.727.157,05;0,00;0,00;100.864,13;100.864,13;6.828.021,18;;;;
TO;1707306;DUERE;3.984.246,98;0,00;0,00;62.677,78;62.677,78;4.046.924,76;;;;
TO;1707405;ESPERANTINA;14.078.539,50;0,00;0,00;243.646,28;243.646,28;14.322.185,78;;;;
TO;1707553;FATIMA;3.710.475,69;0,00;0,00;124.232,43;124.232,43;3.834.708,12;;;;
TO;1707652;FIGUEIROPOLIS;4.471.387,82;0,00;0,00;0,00;0,00;4.471.387,82;;;;
TO;1707702;FILADELFIA;8.495.942,10;0,00;733.651,54;255.131,17;988.782,71;9.484.724,81;;;;
TO;1708205;FORMOSO DO ARAGUAIA;18.471.813,99;0,00;2.419.400,98;627.176,33;3.046.577,31;21.518.391,30;;;;
TO;1708254;FORTALEZA DO TABOCAO;6.359.139,39;0,00;0,00;76.372,69;76.372,69;6.435.512,08;;;;
TO;1708304;GOIANORTE;5.795.775,78;0,00;0,00;0,00;0,00;5.795.775,78;;;;
TO;1709005;GOIATINS;21.486.064,99;0,00;1.102.695,40;0,00;1.102.695,40;22.588.760,39;;;;
TO;1709302;GUARAI;19.441.679,33;0,00;0,00;367.262,81;367.262,81;19.808.942,14;;;;
TO;1709500;GURUPI;75.643.789,04;0,00;0,00;2.307.085,75;2.307.085,75;77.950.874,79;;;;
TO;1709807;IPUEIRAS;2.160.395,31;0,00;0,00;0,00;0,00;2.160.395,31;;;;
TO;1710508;ITACAJA;7.325.035,91;0,00;694.650,22;92.277,63;786.927,85;8.111.963,76;;;;
TO;1710706;ITAGUATINS;9.188.364,10;0,00;0,00;112.457,70;112.457,70;9.300.821,80;;;;
TO;1710904;ITAPIRATINS;4.636.997,53;0,00;192.727,65;0,00;192.727,65;4.829.725,18;;;;
TO;1711100;ITAPORA DO TOCANTINS;3.068.577,00;0,00;0,00;49.779,92;49.779,92;3.118.356,92;;;;
TO;1711506;JAU DO TOCANTINS;5.221.597,65;0,00;0,00;0,00;0,00;5.221.597,65;;;;
TO;1711803;JUARINA;4.104.388,43;0,00;249.857,11;62.931,39;312.788,50;4.417.176,93;;;;
TO;1711902;LAGOA DA CONFUSAO;18.104.172,52;0,00;0,00;550.912,32;550.912,32;18.655.084,84;;;;
TO;1711951;LAGOA DO TOCANTINS;6.431.080,34;0,00;0,00;0,00;0,00;6.431.080,34;;;;
TO;1712009;LAJEADO;7.251.157,64;0,00;0,00;180.461,28;180.461,28;7.431.618,92;;;;
TO;1712157;LAVANDEIRA;2.250.686,10;0,00;0,00;0,00;0,00;2.250.686,10;;;;
TO;1712405;LIZARDA;3.154.605,24;0,00;0,00;0,00;0,00;3.154.605,24;;;;
TO;1712454;LUZINOPOLIS;3.530.139,91;0,00;0,00;0,00;0,00;3.530.139,91;;;;
TO;1712504;MARIANOPOLIS DO TOCANTINS;7.972.009,78;0,00;220.119,79;0,00;220.119,79;8.192.129,57;;;;
TO;1712702;MATEIROS;3.281.500,36;0,00;0,00;0,00;0,00;3.281.500,36;;;;
TO;1712801;MAURILANDIA DO TOCANTINS;6.238.333,12;0,00;0,00;99.233,78;99.233,78;6.337.566,90;;;;
TO;1713205;MIRACEMA DO TOCANTINS;15.503.861,56;0,00;0,00;235.856,85;235.856,85;15.739.718,41;;;;
TO;1713304;MIRANORTE;13.330.073,05;0,00;0,00;0,00;0,00;13.330.073,05;;;;
TO;1713601;MONTE DO CARMO;8.111.461,24;0,00;0,00;0,00;0,00;8.111.461,24;;;;
TO;1713700;MONTE SANTO DO TOCANTINS;3.806.432,65;0,00;0,00;0,00;0,00;3.806.432,65;;;;
TO;1713957;MURICILANDIA;3.983.943,33;0,00;0,00;60.032,99;60.032,99;4.043.976,32;;;;
TO;1714203;NATIVIDADE;9.816.133,28;0,00;719.401,98;260.783,04;980.185,02;10.796.318,30;;;;
TO;1714302;NAZARE;4.961.503,35;0,00;0,00;0,00;0,00;4.961.503,35;;;;
TO;1714880;NOVA OLINDA;14.312.073,69;0,00;0,00;0,00;0,00;14.312.073,69;;;;
TO;1715002;NOVA ROSALANDIA;2.903.754,10;0,00;0,00;0,00;0,00;2.903.754,10;;;;
TO;1715101;NOVO ACORDO;5.398.218,29;0,00;0,00;162.128,94;162.128,94;5.560.347,23;;;;
TO;1715150;NOVO ALEGRE;930.345,39;0,00;0,00;0,00;0,00;930.345,39;;;;
TO;1715259;NOVO JARDIM;2.237.106,91;0,00;0,00;0,00;0,00;2.237.106,91;;;;
TO;1715507;OLIVEIRA DE FATIMA;2.119.346,42;0,00;0,00;25.650,79;25.650,79;2.144.997,21;;;;
TO;1721000;PALMAS;386.452.056,49;0,00;0,00;0,00;0,00;386.452.056,49;;;;
TO;1715705;PALMEIRANTE;5.733.159,07;0,00;0,00;212.633,46;212.633,46;5.945.792,53;;;;
TO;1713809;PALMEIRAS DO TOCANTINS;6.050.269,68;0,00;0,00;117.131,37;117.131,37;6.167.401,05;;;;
TO;1715754;PALMEIROPOLIS;9.060.867,44;0,00;922.504,05;0,00;922.504,05;9.983.371,49;;;;
TO;1716109;PARAISO DO TOCANTINS;44.556.340,65;0,00;0,00;1.311.740,87;1.311.740,87;45.868.081,52;;;;
TO;1716208;PARANA;14.975.929,67;0,00;392.391,71;0,00;392.391,71;15.368.321,38;;;;
TO;1716307;PAU DARCO;5.218.748,07;0,00;0,00;141.477,88;141.477,88;5.360.225,95;;;;
TO;1716505;PEDRO AFONSO;17.323.821,20;0,00;571.846,96;0,00;571.846,96;17.895.668,16;;;;
TO;1716604;PEIXE;9.542.276,88;0,00;0,00;157.853,81;157.853,81;9.700.130,69;;;;
TO;1716653;PEQUIZEIRO;8.147.417,68;0,00;0,00;0,00;0,00;8.147.417,68;;;;
TO;1717008;PINDORAMA DO TOCANTINS;4.685.073,36;0,00;0,00;0,00;0,00;4.685.073,36;;;;
TO;1717206;PIRAQUE;2.812.500,67;0,00;0,00;0,00;0,00;2.812.500,67;;;;
TO;1717503;PIUM;10.121.342,83;0,00;0,00;0,00;0,00;10.121.342,83;;;;
TO;1717800;PONTE ALTA DO BOM JESUS;3.799.734,17;0,00;381.784,57;0,00;381.784,57;4.181.518,74;;;;
TO;1717909;PONTE ALTA DO TOCANTINS;7.295.038,50;0,00;0,00;242.088,40;242.088,40;7.537.126,90;;;;
TO;1718006;PORTO ALEGRE DO TOCANTINS;3.261.316,32;0,00;0,00;0,00;0,00;3.261.316,32;;;;
TO;1718204;PORTO NACIONAL;60.840.364,07;0,00;0,00;2.068.040,67;2.068.040,67;62.908.404,74;;;;
TO;1718303;PRAIA NORTE;17.788.041,48;0,00;2.022.432,32;0,00;2.022.432,32;19.810.473,80;;;;
TO;1718402;PRESIDENTE KENNEDY;2.890.812,84;0,00;0,00;44.925,11;44.925,11;2.935.737,95;;;;
TO;1718451;PUGMIL;3.432.136,96;0,00;0,00;45.794,63;45.794,63;3.477.931,59;;;;
TO;1718501;RECURSOLANDIA;6.442.725,45;0,00;0,00;208.720,63;208.720,63;6.651.446,08;;;;
TO;1718550;RIACHINHO;7.277.658,68;0,00;0,00;0,00;0,00;7.277.658,68;;;;
TO;1718659;RIO DA CONCEICAO;2.558.953,34;0,00;0,00;0,00;0,00;2.558.953,34;;;;
TO;1718709;RIO DOS BOIS;3.123.925,64;0,00;0,00;98.074,42;98.074,42;3.222.000,06;;;;
TO;1718758;RIO SONO;6.168.568,09;0,00;0,00;86.661,99;86.661,99;6.255.230,08;;;;
TO;1718808;SAMPAIO;7.145.286,85;0,00;880.810,44;215.350,71;1.096.161,15;8.241.448,00;;;;
TO;1718840;SANDOLANDIA;2.827.090,82;0,00;0,00;0,00;0,00;2.827.090,82;;;;
TO;1718865;SANTA FE DO ARAGUAIA;7.928.634,12;0,00;0,00;0,00;0,00;7.928.634,12;;;;
TO;1718881;SANTA MARIA DO TOCANTINS;3.625.963,40;0,00;0,00;99.559,85;99.559,85;3.725.523,25;;;;
TO;1718899;SANTA RITA DO TOCANTINS;2.915.274,61;0,00;0,00;0,00;0,00;2.915.274,61;;;;
TO;1718907;SANTA ROSA DO TOCANTINS;8.307.423,04;0,00;0,00;0,00;0,00;8.307.423,04;;;;
TO;1719004;SANTA TEREZA DO TOCANTINS;4.265.106,38;0,00;0,00;0,00;0,00;4.265.106,38;;;;
TO;1720002;SANTA TEREZINHA DO TOCANTINS;3.834.281,32;0,00;0,00;55.141,95;55.141,95;3.889.423,27;;;;
TO;1720101;SAO BENTO DO TOCANTINS;9.727.066,12;0,00;2.639.248,90;0,00;2.639.248,90;12.366.315,02;;;;
TO;1720150;SAO FELIX DO TOCANTINS;2.370.993,91;0,00;253.674,62;28.186,89;281.861,51;2.652.855,42;;;;
TO;1720200;SAO MIGUEL DO TOCANTINS;23.141.838,74;0,00;3.510.673,59;684.021,09;4.194.694,68;27.336.533,42;;;;
TO;1720259;SAO SALVADOR DO TOCANTINS;3.339.380,45;0,00;0,00;0,00;0,00;3.339.380,45;;;;
TO;1720309;SAO SEBASTIAO DO TOCANTINS;7.306.862,96;0,00;712.193,28;85.067,88;797.261,16;8.104.124,12;;;;
TO;1720499;SAO VALERIO;6.879.058,79;0,00;1.070.759,32;101.842,33;1.172.601,65;8.051.660,44;;;;
TO;1720655;SILVANOPOLIS;5.895.610,78;0,00;0,00;0,00;0,00;5.895.610,78;;;;
TO;1720804;SITIO NOVO DO TOCANTINS;21.380.708,22;0,00;2.229.878,72;577.505,09;2.807.383,81;24.188.092,03;;;;
TO;1720853;SUCUPIRA;1.534.685,05;0,00;0,00;58.728,72;58.728,72;1.593.413,77;;;;
TO;1720903;TAGUATINGA;16.192.228,74;0,00;1.012.694,94;287.158,43;1.299.853,37;17.492.082,11;;;;
TO;1720937;TAIPAS DO TOCANTINS;2.086.005,84;0,00;0,00;0,00;0,00;2.086.005,84;;;;
TO;1720978;TALISMA;4.051.523,83;0,00;0,00;85.502,64;85.502,64;4.137.026,47;;;;
TO;1721109;TOCANTINIA;13.082.875,37;0,00;2.008.924,99;0,00;2.008.924,99;15.091.800,36;;;;
TO;1721208;TOCANTINOPOLIS;24.783.022,25;0,00;5.365.710,10;696.158,12;6.061.868,22;30.844.890,47;;;;
TO;1721257;TUPIRAMA;1.859.959,36;0,00;0,00;64.779,12;64.779,12;1.924.738,48;;;;
TO;1721307;TUPIRATINS;2.006.592,97;0,00;0,00;0,00;0,00;2.006.592,97;;;;
TO;1722081;WANDERLANDIA;11.731.708,02;0,00;694.261,12;0,00;694.261,12;12.425.969,14;;;;
TO;1722107;XAMBIOA;13.721.186,77;0,00;0,00;221.183,73;221.183,73;13.942.370,50;;;;
