;;;;;;;;;;;;
;;;;;;;;;;;;
;;;;;;;;;;;;
;;;;;;;;;;;;
;;;;;;;;;;;;
;;;;;;;;;;;;
;;;;;;;;;;;;
Receita total prevista do Fundeb 2026 - Portaria Interministerial nº 14, de 29 de Dezembro de 2025;;;;;;;;;;;;
;;;;;;;;;;;;
UF;"Código
IBGE";Entidade;Receita da contribuição de estados e municípios ao Fundeb;Complementação VAAF;Complementação VAAT;Complementação VAAR;Complementação da União Total;Total das receitas previstas;;;;
AC;1200013;ACRELANDIA; 18.502.193,40 ; -   ; 2.414.802,26 ; -   ; 2.414.802,26 ; 20.916.995,66 ;;;;
AC;1200054;ASSIS BRASIL; 12.713.692,99 ; -   ; 1.893.458,75 ; 995.669,36 ; 2.889.128,11 ; 15.602.821,10 ;;;;
AC;1200104;BRASILEIA; 32.382.755,84 ; -   ; 8.067.731,51 ; -   ; 8.067.731,51 ; 40.450.487,35 ;;;;
AC;1200138;BUJARI; 17.771.469,18 ; -   ; 7.059.361,50 ; -   ; 7.059.361,50 ; 24.830.830,68 ;;;;
AC;1200179;CAPIXABA; 17.981.062,37 ; -   ; 2.207.975,63 ; -   ; 2.207.975,63 ; 20.189.038,00 ;;;;
AC;1200203;CRUZEIRO DO SUL; 122.531.753,97 ; -   ; 36.784.673,02 ; -   ; 36.784.673,02 ; 159.316.426,99 ;;;;
AC;1200252;EPITACIOLANDIA; 26.977.670,56 ; -   ; 8.810.533,77 ; 995.104,57 ; 9.805.638,34 ; 36.783.308,90 ;;;;
AC;1200302;FEIJO; 49.002.278,47 ; -   ; 23.532.821,64 ; -   ; 23.532.821,64 ; 72.535.100,11 ;;;;
AC;1200328;JORDAO; 28.896.053,73 ; -   ; 4.657.658,54 ; 1.788.853,27 ; 6.446.511,81 ; 35.342.565,54 ;;;;
AC;1200336;MANCIO LIMA; 30.449.519,36 ; -   ; 8.070.728,80 ; -   ; 8.070.728,80 ; 38.520.248,16 ;;;;
AC;1200344;MANOEL URBANO; 23.046.317,53 ; -   ; 5.938.561,09 ; -   ; 5.938.561,09 ; 28.984.878,62 ;;;;
AC;1200351;MARECHAL THAUMATURGO; 45.846.747,83 ; -   ; 5.411.238,45 ; -   ; 5.411.238,45 ; 51.257.986,28 ;;;;
AC;1200385;PLACIDO DE CASTRO; 19.970.870,22 ; -   ; 3.049.419,97 ; -   ; 3.049.419,97 ; 23.020.290,19 ;;;;
AC;1200807;PORTO ACRE; 27.507.114,93 ; -   ; 12.322.202,99 ; -   ; 12.322.202,99 ; 39.829.317,92 ;;;;
AC;1200393;PORTO WALTER; 25.182.111,36 ; -   ; -   ; -   ; -   ; 25.182.111,36 ;;;;
AC;1200401;RIO BRANCO; 212.101.076,55 ; -   ; -   ; -   ; -   ; 212.101.076,55 ;;;;
AC;1200427;RODRIGUES ALVES; 34.507.156,27 ; -   ; -   ; 2.448.082,72 ; 2.448.082,72 ; 36.955.238,99 ;;;;
AC;1200435;SANTA ROSA DO PURUS; 19.364.635,09 ; -   ; 1.611.612,57 ; 1.258.377,90 ; 2.869.990,47 ; 22.234.625,56 ;;;;
AC;1200500;SENA MADUREIRA; 51.037.726,64 ; -   ; 8.298.509,53 ; -   ; 8.298.509,53 ; 59.336.236,17 ;;;;
AC;1200450;SENADOR GUIOMARD; 21.604.058,01 ; -   ; 5.055.441,91 ; -   ; 5.055.441,91 ; 26.659.499,92 ;;;;
AC;1200609;TARAUACA; 71.112.823,44 ; -   ; 20.340.321,77 ; 2.618.238,54 ; 22.958.560,31 ; 94.071.383,75 ;;;;
AC;1200708;XAPURI; 17.445.707,65 ; -   ; 6.206.467,69 ; 1.363.301,97 ; 7.569.769,66 ; 25.015.477,31 ;;;;
AC;12;GOVERNO DO ESTADO; 1.495.329.066,37 ; -   ; -   ; -   ; -   ; 1.495.329.066,37 ;;;;
AL;2700102;AGUA BRANCA; 35.539.169,52 ; 8.008.491,09 ; 18.418.226,14 ; 3.431.552,81 ; 29.858.270,04 ; 65.397.439,56 ;;;;
AL;2700201;ANADIA; 23.003.420,17 ; 5.183.651,95 ; 15.599.373,79 ; -   ; 20.783.025,74 ; 43.786.445,91 ;;;;
AL;2700300;ARAPIRACA; 215.033.636,81 ; 48.456.252,29 ; 122.655.599,21 ; -   ; 171.111.851,50 ; 386.145.488,31 ;;;;
AL;2700409;ATALAIA; 59.066.720,97 ; 13.310.252,18 ; 29.148.966,69 ; 5.771.187,52 ; 48.230.406,39 ; 107.297.127,36 ;;;;
AL;2700508;BARRA DE SANTO ANTONIO; 24.167.147,14 ; 5.445.889,29 ; 11.230.179,03 ; 1.006.333,01 ; 17.682.401,33 ; 41.849.548,47 ;;;;
AL;2700607;BARRA DE SAO MIGUEL; 14.258.572,08 ; 3.213.064,60 ; 2.323.346,97 ; 1.396.654,07 ; 6.933.065,64 ; 21.191.637,72 ;;;;
AL;2700706;BATALHA; 23.317.383,01 ; 5.254.401,17 ; 1.635.394,71 ; -   ; 6.889.795,88 ; 30.207.178,89 ;;;;
AL;2700805;BELEM; 12.313.133,53 ; 2.774.674,30 ; 6.006.231,10 ; 569.449,87 ; 9.350.355,27 ; 21.663.488,80 ;;;;
AL;2700904;BELO MONTE; 15.525.200,61 ; 3.498.490,04 ; 11.805.552,03 ; 1.449.710,32 ; 16.753.752,39 ; 32.278.953,00 ;;;;
AL;2701001;BOCA DA MATA; 35.949.839,78 ; 8.101.032,62 ; 18.795.809,30 ; 3.518.537,76 ; 30.415.379,68 ; 66.365.219,46 ;;;;
AL;2701100;BRANQUINHA; 22.641.450,87 ; 5.102.084,83 ; 10.697.284,97 ; 2.541.361,87 ; 18.340.731,67 ; 40.982.182,54 ;;;;
AL;2701209;CACIMBINHAS; 16.909.437,93 ; 3.810.417,77 ; 1.136.361,14 ; 1.740.473,13 ; 6.687.252,04 ; 23.596.689,97 ;;;;
AL;2701308;CAJUEIRO; 29.870.137,03 ; 6.731.016,21 ; 19.318.409,26 ; 2.672.484,29 ; 28.721.909,76 ; 58.592.046,79 ;;;;
AL;2701357;CAMPESTRE; 11.720.610,86 ; 2.641.153,66 ; 6.195.983,33 ; 580.929,09 ; 9.418.066,08 ; 21.138.676,94 ;;;;
AL;2701407;CAMPO ALEGRE; 91.391.524,94 ; 20.594.409,58 ; 81.292.338,09 ; -   ; 101.886.747,67 ; 193.278.272,61 ;;;;
AL;2701506;CAMPO GRANDE; 16.808.027,42 ; 3.787.565,65 ; 5.567.188,90 ; 1.092.706,54 ; 10.447.461,09 ; 27.255.488,51 ;;;;
AL;2701605;CANAPI; 40.145.643,78 ; 9.046.526,27 ; 20.460.329,93 ; 4.131.323,65 ; 33.638.179,85 ; 73.783.823,63 ;;;;
AL;2701704;CAPELA; 27.099.768,10 ; 6.106.733,90 ; 13.327.295,16 ; 1.237.108,65 ; 20.671.137,71 ; 47.770.905,81 ;;;;
AL;2701803;CARNEIROS; 17.010.735,77 ; 3.833.244,49 ; 9.601.557,08 ; -   ; 13.434.801,57 ; 30.445.537,34 ;;;;
AL;2701902;CHA PRETA; 8.960.438,97 ; 2.019.169,18 ; 3.450.669,61 ; 457.636,81 ; 5.927.475,60 ; 14.887.914,57 ;;;;
AL;2702009;COITE DO NOIA; 17.709.390,81 ; 3.990.681,28 ; 9.983.674,37 ; -   ; 13.974.355,65 ; 31.683.746,46 ;;;;
AL;2702108;COLONIA LEOPOLDINA; 28.406.880,79 ; 6.401.282,16 ; 18.006.123,68 ; 2.679.224,72 ; 27.086.630,56 ; 55.493.511,35 ;;;;
AL;2702207;COQUEIRO SECO; 7.691.421,96 ; 1.733.205,50 ; 470.975,36 ; 779.589,39 ; 2.983.770,25 ; 10.675.192,21 ;;;;
AL;2702306;CORURIPE; 91.550.855,96 ; 20.630.313,65 ; 61.119.640,22 ; 11.524.350,83 ; 93.274.304,70 ; 184.825.160,66 ;;;;
AL;2702355;CRAIBAS; 46.472.464,57 ; 10.472.228,91 ; 26.585.777,32 ; 2.254.095,01 ; 39.312.101,24 ; 85.784.565,81 ;;;;
AL;2702405;DELMIRO GOUVEIA; 63.446.763,50 ; 14.297.262,62 ; 31.418.638,05 ; -   ; 45.715.900,67 ; 109.162.664,17 ;;;;
AL;2702504;DOIS RIACHOS; 21.051.500,32 ; 4.743.801,13 ; 7.406.049,39 ; 2.240.084,98 ; 14.389.935,50 ; 35.441.435,82 ;;;;
AL;2702553;ESTRELA DE ALAGOAS; 22.894.099,09 ; 5.159.017,25 ; 13.799.211,85 ; 2.336.437,16 ; 21.294.666,26 ; 44.188.765,35 ;;;;
AL;2702603;FEIRA GRANDE; 33.282.217,74 ; 7.499.903,56 ; 18.860.962,38 ; 1.535.672,21 ; 27.896.538,15 ; 61.178.755,89 ;;;;
AL;2702702;FELIZ DESERTO; 6.975.080,60 ; 1.571.783,24 ; 160.619,38 ; 363.002,33 ; 2.095.404,95 ; 9.070.485,55 ;;;;
AL;2702801;FLEXEIRAS; 16.212.937,80 ; 3.653.466,58 ; 4.352.127,24 ; 1.718.090,29 ; 9.723.684,11 ; 25.936.621,91 ;;;;
AL;2702900;GIRAU DO PONCIANO; 71.162.160,00 ; 16.035.870,62 ; 6.884.801,86 ; 3.373.958,25 ; 26.294.630,73 ; 97.456.790,73 ;;;;
AL;2703007;IBATEGUARA; 25.349.150,34 ; 5.712.245,03 ; 22.648.767,18 ; 2.961.196,71 ; 31.322.208,92 ; 56.671.359,26 ;;;;
AL;2703106;IGACI; 29.651.349,44 ; 6.681.714,03 ; 17.013.314,68 ; 2.945.134,66 ; 26.640.163,37 ; 56.291.512,81 ;;;;
AL;2703205;IGREJA NOVA; 33.911.965,89 ; 7.641.812,69 ; 16.050.944,17 ; -   ; 23.692.756,86 ; 57.604.722,75 ;;;;
AL;2703304;INHAPI; 33.346.694,52 ; 7.514.432,94 ; 16.750.782,67 ; 3.218.481,22 ; 27.483.696,83 ; 60.830.391,35 ;;;;
AL;2703403;JACARE DOS HOMENS; 15.843.735,08 ; 3.570.269,45 ; 11.646.196,29 ; 1.267.329,05 ; 16.483.794,79 ; 32.327.529,87 ;;;;
AL;2703502;JACUIPE; 9.813.991,54 ; 2.211.510,98 ; 79.570,57 ; 965.603,55 ; 3.256.685,10 ; 13.070.676,64 ;;;;
AL;2703601;JAPARATINGA; 15.038.600,59 ; 3.388.838,30 ; 5.728.102,86 ; 657.064,86 ; 9.774.006,02 ; 24.812.606,61 ;;;;
AL;2703700;JARAMATAIA; 9.534.834,54 ; 2.148.605,01 ; 4.730.449,37 ; 838.245,69 ; 7.717.300,07 ; 17.252.134,61 ;;;;
AL;2703759;JEQUIA DA PRAIA; 15.225.498,87 ; 3.430.954,46 ; 3.150.501,64 ; -   ; 6.581.456,10 ; 21.806.954,97 ;;;;
AL;2703809;JOAQUIM GOMES; 22.263.761,67 ; 5.016.975,34 ; 9.838.827,04 ; 1.084.072,38 ; 15.939.874,76 ; 38.203.636,43 ;;;;
AL;2703908;JUNDIA; 11.200.254,39 ; 2.523.895,15 ; 4.698.510,67 ; 1.032.267,34 ; 8.254.673,16 ; 19.454.927,55 ;;;;
AL;2704005;JUNQUEIRO; 32.077.551,80 ; 7.228.440,94 ; 13.089.460,76 ; -   ; 20.317.901,70 ; 52.395.453,50 ;;;;
AL;2704104;LAGOA DA CANOA; 35.559.422,27 ; 8.013.054,90 ; 8.386.276,11 ; 3.345.672,91 ; 19.745.003,92 ; 55.304.426,19 ;;;;
AL;2704203;LIMOEIRO DE ANADIA; 60.955.793,50 ; 13.735.940,82 ; 56.235.100,16 ; 2.735.422,33 ; 72.706.463,31 ; 133.662.256,81 ;;;;
AL;2704302;MACEIO; 371.344.381,87 ; 83.679.731,79 ; -   ; -   ; 83.679.731,79 ; 455.024.113,66 ;;;;
AL;2704401;MAJOR ISIDORO; 32.555.507,14 ; 7.336.144,66 ; 17.314.376,09 ; 2.729.488,23 ; 27.380.008,98 ; 59.935.516,12 ;;;;
AL;2704906;MAR VERMELHO; 4.712.777,12 ; 1.061.989,74 ; 1.041.958,89 ; 468.249,76 ; 2.572.198,39 ; 7.284.975,51 ;;;;
AL;2704500;MARAGOGI; 43.213.546,30 ; 9.737.855,59 ; 9.836.974,58 ; 4.397.570,82 ; 23.972.400,99 ; 67.185.947,29 ;;;;
AL;2704609;MARAVILHA; 23.277.595,45 ; 5.245.435,34 ; 13.056.244,35 ; 2.178.985,71 ; 20.480.665,40 ; 43.758.260,85 ;;;;
AL;2704708;MARECHAL DEODORO; 80.101.264,89 ; 18.050.232,31 ; 21.730.862,57 ; -   ; 39.781.094,88 ; 119.882.359,77 ;;;;
AL;2704807;MARIBONDO; 15.357.547,36 ; 3.460.710,61 ; 9.201.133,60 ; 670.277,03 ; 13.332.121,24 ; 28.689.668,60 ;;;;
AL;2705002;MATA GRANDE; 32.640.501,80 ; 7.355.297,59 ; 10.848.504,23 ; 3.284.824,27 ; 21.488.626,09 ; 54.129.127,89 ;;;;
AL;2705101;MATRIZ DE CAMARAGIBE; 31.590.451,39 ; 7.118.676,43 ; 10.407.811,01 ; -   ; 17.526.487,44 ; 49.116.938,83 ;;;;
AL;2705200;MESSIAS; 22.244.762,56 ; 5.012.694,02 ; 8.912.093,90 ; -   ; 13.924.787,92 ; 36.169.550,48 ;;;;
AL;2705309;MINADOR DO NEGRAO; 10.259.806,68 ; 2.311.972,16 ; 3.859.271,58 ; -   ; 6.171.243,74 ; 16.431.050,42 ;;;;
AL;2705408;MONTEIROPOLIS; 16.414.899,17 ; 3.698.977,09 ; 12.210.355,98 ; 1.522.726,54 ; 17.432.059,61 ; 33.846.958,78 ;;;;
AL;2705507;MURICI; 46.327.281,28 ; 10.439.512,92 ; 24.006.653,24 ; 4.711.453,48 ; 39.157.619,64 ; 85.484.900,92 ;;;;
AL;2705606;NOVO LINO; 23.167.871,07 ; 5.220.709,75 ; 7.234.109,54 ; 2.515.456,37 ; 14.970.275,66 ; 38.138.146,73 ;;;;
AL;2705705;OLHO DAGUA DAS FLORES; 28.119.997,92 ; 6.336.635,20 ; 14.094.219,62 ; 2.957.462,94 ; 23.388.317,76 ; 51.508.315,68 ;;;;
AL;2705804;OLHO DAGUA DO CASADO; 13.837.117,51 ; 3.118.092,90 ; 8.645.609,45 ; 637.394,89 ; 12.401.097,24 ; 26.238.214,75 ;;;;
AL;2705903;OLHO DAGUA GRANDE; 9.761.724,98 ; 2.199.733,10 ; 1.774.153,71 ; 1.086.984,39 ; 5.060.871,20 ; 14.822.596,18 ;;;;
AL;2706000;OLIVENCA; 21.395.235,21 ; 4.821.259,27 ; 13.598.025,11 ; 2.150.815,62 ; 20.570.100,00 ; 41.965.335,21 ;;;;
AL;2706109;OURO BRANCO; 20.525.488,52 ; 4.625.268,24 ; 9.862.320,56 ; 2.116.309,07 ; 16.603.897,87 ; 37.129.386,39 ;;;;
AL;2706208;PALESTINA; 8.713.666,71 ; 1.963.560,86 ; 5.490.699,85 ; 785.629,98 ; 8.239.890,69 ; 16.953.557,40 ;;;;
AL;2706307;PALMEIRA DOS INDIOS; 69.505.424,17 ; 15.662.537,35 ; 32.395.656,45 ; -   ; 48.058.193,80 ; 117.563.617,97 ;;;;
AL;2706406;PAO DE ACUCAR; 32.077.952,94 ; 7.228.531,33 ; 14.662.109,29 ; 3.168.451,03 ; 25.059.091,65 ; 57.137.044,59 ;;;;
AL;2706422;PARICONHA; 15.393.218,89 ; 3.468.748,93 ; 7.986.689,71 ; 1.262.493,06 ; 12.717.931,70 ; 28.111.150,59 ;;;;
AL;2706448;PARIPUEIRA; 19.131.691,20 ; 4.311.186,24 ; 5.773.300,09 ; -   ; 10.084.486,33 ; 29.216.177,53 ;;;;
AL;2706505;PASSO DE CAMARAGIBE; 20.813.225,78 ; 4.690.107,72 ; 10.035.620,37 ; 2.125.689,02 ; 16.851.417,11 ; 37.664.642,89 ;;;;
AL;2706604;PAULO JACINTO; 7.602.466,09 ; 1.713.159,95 ; 3.219.522,29 ; 817.402,22 ; 5.750.084,46 ; 13.352.550,55 ;;;;
AL;2706703;PENEDO; 70.422.373,97 ; 15.869.165,26 ; 49.521.141,94 ; 7.309.483,79 ; 72.699.790,99 ; 143.122.164,96 ;;;;
AL;2706802;PIACABUCU; 22.807.947,03 ; 5.139.603,51 ; 9.677.615,56 ; 2.276.156,55 ; 17.093.375,62 ; 39.901.322,65 ;;;;
AL;2706901;PILAR; 61.850.395,36 ; 13.937.532,78 ; 30.259.038,59 ; 6.437.896,83 ; 50.634.468,20 ; 112.484.863,56 ;;;;
AL;2707008;PINDOBA; 3.717.032,59 ; 837.606,02 ; 362.906,82 ; 166.609,35 ; 1.367.122,19 ; 5.084.154,78 ;;;;
AL;2707107;PIRANHAS; 32.226.708,33 ; 7.262.052,26 ; 17.593.232,78 ; 3.168.831,61 ; 28.024.116,65 ; 60.250.824,98 ;;;;
AL;2707206;POCO DAS TRINCHEIRAS; 21.090.331,58 ; 4.752.551,47 ; -   ; 1.969.139,90 ; 6.721.691,37 ; 27.812.022,95 ;;;;
AL;2707305;PORTO CALVO; 44.041.610,30 ; 9.924.453,74 ; 32.980.504,47 ; 4.377.362,68 ; 47.282.320,89 ; 91.323.931,19 ;;;;
AL;2707404;PORTO DE PEDRAS; 14.996.232,86 ; 3.379.291,04 ; 1.952.372,12 ; 1.356.705,88 ; 6.688.369,04 ; 21.684.601,90 ;;;;
AL;2707503;PORTO REAL DO COLEGIO; 24.270.332,24 ; 5.469.141,29 ; 15.429.165,12 ; 2.277.700,42 ; 23.176.006,83 ; 47.446.339,07 ;;;;
AL;2707602;QUEBRANGULO; 22.912.194,60 ; 5.163.094,94 ; 12.166.383,30 ; -   ; 17.329.478,24 ; 40.241.672,84 ;;;;
AL;2707701;RIO LARGO; 106.318.676,49 ; 23.958.133,65 ; 49.702.225,18 ; 11.789.115,56 ; 85.449.474,39 ; 191.768.150,88 ;;;;
AL;2707800;ROTEIRO; 10.659.205,04 ; 2.401.973,65 ; 1.558.860,12 ; 1.153.408,72 ; 5.114.242,49 ; 15.773.447,53 ;;;;
AL;2707909;SANTA LUZIA DO NORTE; 11.226.235,72 ; 2.529.749,85 ; 5.217.112,40 ; 987.728,53 ; 8.734.590,78 ; 19.960.826,50 ;;;;
AL;2708006;SANTANA DO IPANEMA; 48.386.387,59 ; 10.903.517,42 ; 29.821.120,65 ; 2.270.829,48 ; 42.995.467,55 ; 91.381.855,14 ;;;;
AL;2708105;SANTANA DO MUNDAU; 26.069.240,30 ; 5.874.512,03 ; 14.879.241,46 ; 3.244.790,50 ; 23.998.543,99 ; 50.067.784,29 ;;;;
AL;2708204;SAO BRAS; 9.041.764,96 ; 2.037.495,39 ; 4.911.554,97 ; 475.563,87 ; 7.424.614,23 ; 16.466.379,19 ;;;;
AL;2708303;SAO JOSE DA LAJE; 28.016.670,32 ; 6.313.351,09 ; 15.577.831,24 ; 3.563.354,93 ; 25.454.537,26 ; 53.471.207,58 ;;;;
AL;2708402;SAO JOSE DA TAPERA; 51.416.535,21 ; 11.586.338,95 ; 32.082.300,59 ; -   ; 43.668.639,54 ; 95.085.174,75 ;;;;
AL;2708501;SAO LUIS DO QUITUNDE; 34.746.287,50 ; 7.829.820,95 ; 11.652.483,26 ; 3.544.112,84 ; 23.026.417,05 ; 57.772.704,55 ;;;;
AL;2708600;SAO MIGUEL DOS CAMPOS; 63.277.739,07 ; 14.259.174,21 ; 24.889.485,30 ; 6.575.951,92 ; 45.724.611,43 ; 109.002.350,50 ;;;;
AL;2708709;SAO MIGUEL DOS MILAGRES; 14.380.475,02 ; 3.240.534,53 ; 3.952.278,88 ; 1.397.992,58 ; 8.590.805,99 ; 22.971.281,01 ;;;;
AL;2708808;SAO SEBASTIAO; 46.062.703,87 ; 10.379.892,34 ; 19.102.924,59 ; 4.593.388,74 ; 34.076.205,67 ; 80.138.909,54 ;;;;
AL;2708907;SATUBA; 28.319.707,97 ; 6.381.638,40 ; 20.879.261,48 ; 2.999.372,57 ; 30.260.272,45 ; 58.579.980,42 ;;;;
AL;2708956;SENADOR RUI PALMEIRA; 21.478.901,31 ; 4.840.112,81 ; 9.543.298,00 ; 2.003.810,00 ; 16.387.220,81 ; 37.866.122,12 ;;;;
AL;2709004;TANQUE DARCA; 10.269.365,78 ; 2.314.126,23 ; 1.801.747,72 ; 892.690,20 ; 5.008.564,15 ; 15.277.929,93 ;;;;
AL;2709103;TAQUARANA; 38.581.900,61 ; 8.694.148,21 ; 18.559.945,36 ; 3.643.374,65 ; 30.897.468,22 ; 69.479.368,83 ;;;;
AL;2709152;TEOTONIO VILELA; 83.900.909,79 ; 18.906.454,41 ; 48.872.083,16 ; 8.908.825,71 ; 76.687.363,28 ; 160.588.273,07 ;;;;
AL;2709202;TRAIPU; 54.570.554,12 ; 12.297.073,97 ; 41.786.370,76 ; 2.290.775,71 ; 56.374.220,44 ; 110.944.774,56 ;;;;
AL;2709301;UNIAO DOS PALMARES; 90.418.015,95 ; 20.375.036,47 ; 60.826.700,93 ; 11.671.571,24 ; 92.873.308,64 ; 183.291.324,59 ;;;;
AL;2709400;VICOSA; 27.745.915,62 ; 6.252.338,51 ; 9.377.942,44 ; 2.876.808,53 ; 18.507.089,48 ; 46.253.005,10 ;;;;
AL;27;GOVERNO DO ESTADO; 1.370.343.417,98 ; 308.796.834,61 ; -   ; 59.427.771,35 ; 368.224.605,96 ; 1.738.568.023,94 ;;;;
AM;1300029;ALVARAES; 31.113.839,66 ; 8.174.327,20 ; 19.143.725,42 ; 1.298.256,17 ; 28.616.308,79 ; 59.730.148,45 ;;;;
AM;1300060;AMATURA; 22.340.636,97 ; 5.869.403,40 ; 18.518.841,86 ; -   ; 24.388.245,26 ; 46.728.882,23 ;;;;
AM;1300086;ANAMA; 11.761.682,33 ; 3.090.066,70 ; 2.827.003,00 ; 647.841,93 ; 6.564.911,63 ; 18.326.593,96 ;;;;
AM;1300102;ANORI; 15.061.598,67 ; 3.957.031,24 ; 5.218.577,23 ; -   ; 9.175.608,47 ; 24.237.207,14 ;;;;
AM;1300144;APUI; 13.893.910,44 ; 3.650.252,46 ; 5.632.018,06 ; -   ; 9.282.270,52 ; 23.176.180,96 ;;;;
AM;1300201;ATALAIA DO NORTE; 32.933.841,56 ; 8.652.483,90 ; 25.002.511,64 ; -   ; 33.654.995,54 ; 66.588.837,10 ;;;;
AM;1300300;AUTAZES; 51.528.114,00 ; 13.537.630,46 ; 32.504.402,77 ; 4.764.000,76 ; 50.806.033,99 ; 102.334.147,99 ;;;;
AM;1300409;BARCELOS; 22.231.415,35 ; 5.840.708,35 ; 15.616.172,85 ; -   ; 21.456.881,20 ; 43.688.296,55 ;;;;
AM;1300508;BARREIRINHA; 59.981.460,71 ; 15.758.520,67 ; 36.468.132,25 ; 5.262.877,39 ; 57.489.530,31 ; 117.470.991,02 ;;;;
AM;1300607;BENJAMIN CONSTANT; 89.876.066,90 ; 23.612.526,96 ; 75.743.650,19 ; 7.842.199,46 ; 107.198.376,61 ; 197.074.443,51 ;;;;
AM;1300631;BERURI; 36.335.577,27 ; 9.546.198,76 ; 22.408.059,25 ; -   ; 31.954.258,01 ; 68.289.835,28 ;;;;
AM;1300680;BOA VISTA DO RAMOS; 22.705.987,05 ; 5.965.389,34 ; 8.485.590,45 ; 2.215.110,79 ; 16.666.090,58 ; 39.372.077,63 ;;;;
AM;1300706;BOCA DO ACRE; 33.886.851,60 ; 8.902.861,74 ; 18.376.429,65 ; 3.790.038,98 ; 31.069.330,37 ; 64.956.181,97 ;;;;
AM;1300805;BORBA; 46.945.953,41 ; 12.333.790,62 ; 35.173.062,85 ; 2.026.481,43 ; 49.533.334,90 ; 96.479.288,31 ;;;;
AM;1300839;CAAPIRANGA; 14.801.462,15 ; 3.888.687,35 ; 3.605.231,43 ; 1.362.022,82 ; 8.855.941,60 ; 23.657.403,75 ;;;;
AM;1300904;CANUTAMA; 15.227.240,24 ; 4.000.549,13 ; 5.006.277,45 ; 1.526.163,09 ; 10.532.989,67 ; 25.760.229,91 ;;;;
AM;1301001;CARAUARI; 33.732.136,72 ; 8.862.214,55 ; 23.730.492,83 ; 1.845.134,81 ; 34.437.842,19 ; 68.169.978,91 ;;;;
AM;1301100;CAREIRO; 47.126.212,32 ; 12.381.148,81 ; 26.211.104,17 ; -   ; 38.592.252,98 ; 85.718.465,30 ;;;;
AM;1301159;CAREIRO DA VARZEA; 23.068.103,86 ; 6.060.525,83 ; 12.731.475,04 ; 2.285.285,11 ; 21.077.285,98 ; 44.145.389,84 ;;;;
AM;1301209;COARI; 68.174.907,33 ; 17.911.129,10 ; 13.300.610,90 ; 6.886.358,36 ; 38.098.098,36 ; 106.273.005,69 ;;;;
AM;1301308;CODAJAS; 20.486.912,10 ; 5.382.386,89 ; 6.644.348,20 ; -   ; 12.026.735,09 ; 32.513.647,19 ;;;;
AM;1301407;EIRUNEPE; 36.246.092,48 ; 9.522.689,02 ; 15.884.831,37 ; -   ; 25.407.520,39 ; 61.653.612,87 ;;;;
AM;1301506;ENVIRA; 18.411.971,72 ; 4.837.251,94 ; 2.107.120,20 ; -   ; 6.944.372,14 ; 25.356.343,86 ;;;;
AM;1301605;FONTE BOA; 40.468.304,97 ; 10.631.962,16 ; 25.528.172,58 ; 3.972.708,12 ; 40.132.842,86 ; 80.601.147,83 ;;;;
AM;1301654;GUAJARA; 15.199.856,68 ; 3.993.354,83 ; 9.089.903,93 ; 1.605.940,35 ; 14.689.199,11 ; 29.889.055,79 ;;;;
AM;1301704;HUMAITA; 59.511.330,28 ; 15.635.006,51 ; 28.333.740,54 ; 6.290.798,60 ; 50.259.545,65 ; 109.770.875,93 ;;;;
AM;1301803;IPIXUNA; 24.380.007,70 ; 6.405.193,38 ; 16.443.484,59 ; 1.082.480,36 ; 23.931.158,33 ; 48.311.166,03 ;;;;
AM;1301852;IRANDUBA; 72.644.019,06 ; 19.085.268,39 ; 45.290.025,59 ; -   ; 64.375.293,98 ; 137.019.313,04 ;;;;
AM;1301902;ITACOATIARA; 98.281.906,67 ; 25.820.936,00 ; 28.670.552,35 ; 10.418.019,40 ; 64.909.507,75 ; 163.191.414,42 ;;;;
AM;1301951;ITAMARATI; 18.483.522,93 ; 4.856.050,10 ; 9.424.202,38 ; -   ; 14.280.252,48 ; 32.763.775,41 ;;;;
AM;1302009;ITAPIRANGA; 12.871.496,42 ; 3.381.640,60 ; 9.175.127,92 ; 1.290.240,06 ; 13.847.008,58 ; 26.718.505,00 ;;;;
AM;1302108;JAPURA; 21.967.834,83 ; 5.771.459,63 ; 15.555.103,81 ; 934.709,10 ; 22.261.272,54 ; 44.229.107,37 ;;;;
AM;1302207;JURUA; 16.704.862,52 ; 4.388.754,77 ; 8.125.837,03 ; 1.616.669,54 ; 14.131.261,34 ; 30.836.123,86 ;;;;
AM;1302306;JUTAI; 52.090.168,81 ; 13.685.295,29 ; 34.384.529,44 ; 4.833.812,46 ; 52.903.637,19 ; 104.993.806,00 ;;;;
AM;1302405;LABREA; 53.108.455,95 ; 13.952.822,94 ; 31.294.584,05 ; 2.576.616,51 ; 47.824.023,50 ; 100.932.479,45 ;;;;
AM;1302504;MANACAPURU; 111.781.680,76 ; 29.367.639,71 ; 58.093.228,18 ; -   ; 87.460.867,89 ; 199.242.548,65 ;;;;
AM;1302553;MANAQUIRI; 25.582.001,83 ; 6.720.985,12 ; 7.841.234,89 ; 2.367.251,91 ; 16.929.471,92 ; 42.511.473,75 ;;;;
AM;1302603;MANAUS; 1.398.383.738,58 ; 367.387.836,09 ; -   ; -   ; 367.387.836,09 ; 1.765.771.574,67 ;;;;
AM;1302702;MANICORE; 68.543.436,85 ; 18.007.950,36 ; 27.827.064,74 ; -   ; 45.835.015,10 ; 114.378.451,95 ;;;;
AM;1302801;MARAA; 30.804.731,04 ; 8.093.117,19 ; 18.777.936,04 ; 2.658.012,83 ; 29.529.066,06 ; 60.333.797,10 ;;;;
AM;1302900;MAUES; 74.497.763,75 ; 19.572.290,11 ; 41.436.096,79 ; -   ; 61.008.386,90 ; 135.506.150,65 ;;;;
AM;1303007;NHAMUNDA; 22.561.943,91 ; 5.927.545,87 ; 10.150.464,50 ; 2.253.580,85 ; 18.331.591,22 ; 40.893.535,13 ;;;;
AM;1303106;NOVA OLINDA DO NORTE; 40.227.226,65 ; 10.568.625,29 ; 22.566.854,65 ; 3.947.294,20 ; 37.082.774,14 ; 77.310.000,79 ;;;;
AM;1303205;NOVO AIRAO; 17.428.327,50 ; 4.578.825,79 ; 5.495.304,75 ; 1.072.445,08 ; 11.146.575,62 ; 28.574.903,12 ;;;;
AM;1303304;NOVO ARIPUANA; 18.342.787,07 ; 4.819.075,53 ; 10.025.457,25 ; -   ; 14.844.532,78 ; 33.187.319,85 ;;;;
AM;1303403;PARINTINS; 105.344.108,41 ; 27.676.340,16 ; 57.835.718,45 ; -   ; 85.512.058,61 ; 190.856.167,02 ;;;;
AM;1303502;PAUINI; 22.916.389,48 ; 6.020.666,94 ; 12.080.220,79 ; 1.091.093,50 ; 19.191.981,23 ; 42.108.370,71 ;;;;
AM;1303536;PRESIDENTE FIGUEIREDO; 47.389.720,48 ; 12.450.378,52 ; 2.974.397,00 ; -   ; 15.424.775,52 ; 62.814.496,00 ;;;;
AM;1303569;RIO PRETO DA EVA; 37.811.274,51 ; 9.933.898,64 ; 17.117.056,55 ; 3.741.096,31 ; 30.792.051,50 ; 68.603.326,01 ;;;;
AM;1303601;SANTA ISABEL DO RIO NEGRO; 24.368.509,73 ; 6.402.172,60 ; 20.381.498,73 ; 1.202.367,01 ; 27.986.038,34 ; 52.354.548,07 ;;;;
AM;1303700;SANTO ANTONIO DO ICA; 57.604.870,92 ; 15.134.135,42 ; 49.461.023,05 ; 5.143.231,26 ; 69.738.389,73 ; 127.343.260,65 ;;;;
AM;1303809;SAO GABRIEL DA CACHOEIRA; 92.427.393,23 ; 24.282.819,55 ; 78.492.420,21 ; 6.442.534,38 ; 109.217.774,14 ; 201.645.167,37 ;;;;
AM;1303908;SAO PAULO DE OLIVENCA; 67.230.307,08 ; 17.662.960,71 ; 50.380.814,36 ; -   ; 68.043.775,07 ; 135.274.082,15 ;;;;
AM;1303957;SAO SEBASTIAO DO UATUMA; 11.322.440,32 ; 2.974.667,64 ; 5.743.211,08 ; 612.803,67 ; 9.330.682,39 ; 20.653.122,71 ;;;;
AM;1304005;SILVES; 18.584.447,46 ; 4.882.565,31 ; 6.199.237,13 ; 729.137,73 ; 11.810.940,17 ; 30.395.387,63 ;;;;
AM;1304062;TABATINGA; 121.789.696,87 ; 31.996.977,62 ; 95.576.973,41 ; 10.631.319,04 ; 138.205.270,07 ; 259.994.966,94 ;;;;
AM;1304104;TAPAUA; 34.208.610,41 ; 8.987.395,24 ; 21.957.152,34 ; 3.272.874,10 ; 34.217.421,68 ; 68.426.032,09 ;;;;
AM;1304203;TEFE; 107.008.992,92 ; 28.113.743,94 ; 69.906.019,53 ; -   ; 98.019.763,47 ; 205.028.756,39 ;;;;
AM;1304237;TONANTINS; 32.498.301,50 ; 8.538.057,43 ; 20.404.227,88 ; 3.143.125,58 ; 32.085.410,89 ; 64.583.712,39 ;;;;
AM;1304260;UARINI; 23.656.775,57 ; 6.215.183,54 ; 12.746.072,11 ; -   ; 18.961.255,65 ; 42.618.031,22 ;;;;
AM;1304302;URUCARA; 17.253.336,62 ; 4.532.851,63 ; 6.752.863,07 ; 932.890,01 ; 12.218.604,71 ; 29.471.941,33 ;;;;
AM;1304401;URUCURITUBA; 22.361.427,00 ; 5.874.865,42 ; 14.877.955,50 ; 2.320.771,26 ; 23.073.592,18 ; 45.435.019,18 ;;;;
AM;13;GOVERNO DO ESTADO; 2.442.443.569,64 ; 641.686.565,04 ; -   ; 244.191.352,55 ; 885.877.917,59 ; 3.328.321.487,23 ;;;;
AP;1600105;AMAPA; 13.477.112,02 ; -   ; 123.242,89 ; 442.412,63 ; 565.655,52 ; 14.042.767,54 ;;;;
AP;1600204;CALCOENE; 20.486.875,95 ; -   ; 4.911.922,94 ; 1.232.118,47 ; 6.144.041,41 ; 26.630.917,36 ;;;;
AP;1600212;CUTIAS; 8.758.873,55 ; -   ; -   ; -   ; -   ; 8.758.873,55 ;;;;
AP;1600238;FERREIRA GOMES; 18.319.752,51 ; -   ; -   ; -   ; -   ; 18.319.752,51 ;;;;
AP;1600253;ITAUBAL; 13.267.842,31 ; -   ; 1.942.899,37 ; -   ; 1.942.899,37 ; 15.210.741,68 ;;;;
AP;1600279;LARANJAL DO JARI; 74.831.384,96 ; -   ; 1.041.162,51 ; 4.490.985,86 ; 5.532.148,37 ; 80.363.533,33 ;;;;
AP;1600303;MACAPA; 397.272.085,68 ; -   ; -   ; 25.616.502,92 ; 25.616.502,92 ; 422.888.588,60 ;;;;
AP;1600402;MAZAGAO; 65.743.850,57 ; -   ; 12.088.204,42 ; 1.865.857,47 ; 13.954.061,89 ; 79.697.912,46 ;;;;
AP;1600501;OIAPOQUE; 49.197.535,77 ; -   ; 1.927.070,57 ; -   ; 1.927.070,57 ; 51.124.606,34 ;;;;
AP;1600154;PEDRA BRANCA DO AMAPARI; 17.196.501,79 ; -   ; -   ; 1.098.400,63 ; 1.098.400,63 ; 18.294.902,42 ;;;;
AP;1600535;PORTO GRANDE; 33.894.148,82 ; -   ; -   ; -   ; -   ; 33.894.148,82 ;;;;
AP;1600550;PRACUUBA; 7.340.087,69 ; -   ; -   ; -   ; -   ; 7.340.087,69 ;;;;
AP;1600600;SANTANA; 128.584.038,68 ; -   ; -   ; 8.050.721,15 ; 8.050.721,15 ; 136.634.759,83 ;;;;
AP;1600055;SERRA DO NAVIO; 6.025.220,65 ; -   ; -   ; 362.116,11 ; 362.116,11 ; 6.387.336,76 ;;;;
AP;1600709;TARTARUGALZINHO; 30.841.082,83 ; -   ; 8.362.099,28 ; 1.759.123,65 ; 10.121.222,93 ; 40.962.305,76 ;;;;
AP;1600808;VITORIA DO JARI; 28.699.279,82 ; -   ; 1.209.025,68 ; -   ; 1.209.025,68 ; 29.908.305,50 ;;;;
AP;16;GOVERNO DO ESTADO; 1.212.510.424,99 ; -   ; -   ; -   ; -   ; 1.212.510.424,99 ;;;;
BA;2900108;ABAIRA; 5.507.454,86 ; 1.922.545,86 ; 2.171.803,11 ; 336.236,94 ; 4.430.585,91 ; 9.938.040,77 ;;;;
BA;2900207;ABARE; 24.425.594,69 ; 8.526.502,22 ; 17.338.790,92 ; 1.384.977,04 ; 27.250.270,18 ; 51.675.864,87 ;;;;
BA;2900306;ACAJUTIBA; 29.755.373,51 ; 10.387.024,82 ; 28.112.136,81 ; 2.703.988,44 ; 41.203.150,07 ; 70.958.523,58 ;;;;
BA;2900355;ADUSTINA; 16.951.961,30 ; 5.917.601,50 ; 7.104.330,00 ; 2.088.481,06 ; 15.110.412,56 ; 32.062.373,86 ;;;;
BA;2900405;AGUA FRIA; 17.878.781,53 ; 6.241.136,50 ; 6.446.213,44 ; -   ; 12.687.349,94 ; 30.566.131,47 ;;;;
BA;2900603;AIQUARA; 5.633.834,97 ; 1.966.662,71 ; -   ; 282.246,31 ; 2.248.909,02 ; 7.882.743,99 ;;;;
BA;2900702;ALAGOINHAS; 69.216.247,12 ; 24.162.051,83 ; -   ; -   ; 24.162.051,83 ; 93.378.298,95 ;;;;
BA;2900801;ALCOBACA; 30.262.302,05 ; 10.563.983,77 ; 12.116.379,53 ; -   ; 22.680.363,30 ; 52.942.665,35 ;;;;
BA;2900900;ALMADINA; 8.606.285,78 ; 3.004.287,74 ; 8.606.582,06 ; -   ; 11.610.869,80 ; 20.217.155,58 ;;;;
BA;2901007;AMARGOSA; 37.270.072,19 ; 13.010.260,65 ; 25.306.706,59 ; -   ; 38.316.967,24 ; 75.587.039,43 ;;;;
BA;2901106;AMELIA RODRIGUES; 24.152.540,88 ; 8.431.184,42 ; 11.627.570,61 ; -   ; 20.058.755,03 ; 44.211.295,91 ;;;;
BA;2901155;AMERICA DOURADA; 21.739.650,34 ; 7.588.891,05 ; 12.806.007,90 ; 1.097.432,50 ; 21.492.331,45 ; 43.231.981,79 ;;;;
BA;2901205;ANAGE; 18.812.612,23 ; 6.567.118,71 ; 5.833.342,79 ; -   ; 12.400.461,50 ; 31.213.073,73 ;;;;
BA;2901304;ANDARAI; 15.504.735,11 ; 5.412.402,86 ; 7.171.999,11 ; -   ; 12.584.401,97 ; 28.089.137,08 ;;;;
BA;2901353;ANDORINHA; 25.899.998,66 ; 9.041.188,10 ; 14.802.728,17 ; 2.432.435,23 ; 26.276.351,50 ; 52.176.350,16 ;;;;
BA;2901403;ANGICAL; 15.012.833,62 ; 5.240.689,57 ; 7.448.204,82 ; -   ; 12.688.894,39 ; 27.701.728,01 ;;;;
BA;2901502;ANGUERA; 17.677.702,64 ; 6.170.943,75 ; 11.172.124,44 ; 2.147.292,13 ; 19.490.360,32 ; 37.168.062,96 ;;;;
BA;2901601;ANTAS; 25.319.940,71 ; 8.838.701,10 ; 15.047.304,08 ; 2.809.045,65 ; 26.695.050,83 ; 52.014.991,54 ;;;;
BA;2901700;ANTONIO CARDOSO; 14.982.445,97 ; 5.230.081,83 ; 9.763.968,14 ; -   ; 14.994.049,97 ; 29.976.495,94 ;;;;
BA;2901809;ANTONIO GONCALVES; 15.658.003,67 ; 5.465.905,94 ; 12.241.702,25 ; 1.355.910,04 ; 19.063.518,23 ; 34.721.521,90 ;;;;
BA;2901908;APORA; 23.237.534,27 ; 8.111.773,33 ; 21.069.018,78 ; 1.065.240,51 ; 30.246.032,62 ; 53.483.566,89 ;;;;
BA;2901957;APUAREMA; 9.814.495,00 ; 3.426.050,20 ; 6.699.406,27 ; 906.502,40 ; 11.031.958,87 ; 20.846.453,87 ;;;;
BA;2902054;ARACAS; 14.165.109,68 ; 4.944.765,55 ; 1.239.404,27 ; 1.471.223,67 ; 7.655.393,49 ; 21.820.503,17 ;;;;
BA;2902005;ARACATU; 24.971.048,47 ; 8.716.909,58 ; 30.890.456,31 ; 2.719.509,77 ; 42.326.875,66 ; 67.297.924,13 ;;;;
BA;2902104;ARACI; 94.650.712,77 ; 33.040.731,38 ; 72.039.581,01 ; -   ; 105.080.312,39 ; 199.731.025,16 ;;;;
BA;2902203;ARAMARI; 23.062.708,66 ; 8.050.745,10 ; 24.565.307,28 ; -   ; 32.616.052,38 ; 55.678.761,04 ;;;;
BA;2902252;ARATACA; 11.041.246,65 ; 3.854.285,45 ; 4.950.157,45 ; -   ; 8.804.442,90 ; 19.845.689,55 ;;;;
BA;2902302;ARATUIPE; 10.866.673,27 ; 3.793.345,26 ; 7.677.849,30 ; 517.846,36 ; 11.989.040,92 ; 22.855.714,19 ;;;;
BA;2902401;AURELINO LEAL; 15.557.570,16 ; 5.430.846,55 ; 2.442.730,47 ; 1.670.318,75 ; 9.543.895,77 ; 25.101.465,93 ;;;;
BA;2902500;BAIANOPOLIS; 16.584.162,52 ; 5.789.210,06 ; 11.090.038,42 ; -   ; 16.879.248,48 ; 33.463.411,00 ;;;;
BA;2902609;BAIXA GRANDE; 20.784.465,65 ; 7.255.454,57 ; 11.894.551,56 ; -   ; 19.150.006,13 ; 39.934.471,78 ;;;;
BA;2902658;BANZAE; 19.578.785,40 ; 6.834.574,94 ; 11.799.053,71 ; 2.075.105,03 ; 20.708.733,68 ; 40.287.519,08 ;;;;
BA;2902708;BARRA; 68.707.036,48 ; 23.984.296,26 ; 45.057.350,81 ; -   ; 69.041.647,07 ; 137.748.683,55 ;;;;
BA;2902807;BARRA DA ESTIVA; 24.987.067,71 ; 8.722.501,58 ; 14.532.011,56 ; -   ; 23.254.513,14 ; 48.241.580,85 ;;;;
BA;2902906;BARRA DO CHOCA; 43.809.298,02 ; 15.292.977,79 ; 25.325.188,17 ; 4.898.150,08 ; 45.516.316,04 ; 89.325.614,06 ;;;;
BA;2903003;BARRA DO MENDES; 15.862.895,40 ; 5.537.429,67 ; 10.630.651,67 ; -   ; 16.168.081,34 ; 32.030.976,74 ;;;;
BA;2903102;BARRA DO ROCHA; 7.732.897,61 ; 2.699.404,84 ; -   ; -   ; 2.699.404,84 ; 10.432.302,45 ;;;;
BA;2903201;BARREIRAS; 142.336.875,19 ; 49.687.047,47 ; 29.249.471,39 ; -   ; 78.936.518,86 ; 221.273.394,05 ;;;;
BA;2903235;BARRO ALTO; 19.149.210,75 ; 6.684.618,75 ; 15.980.133,16 ; 1.692.358,27 ; 24.357.110,18 ; 43.506.320,93 ;;;;
BA;2903300;BARRO PRETO; 13.189.217,18 ; 4.604.100,37 ; 7.827.877,13 ; -   ; 12.431.977,50 ; 25.621.194,68 ;;;;
BA;2903276;BARROCAS; 25.012.895,90 ; 8.731.517,71 ; 16.858.881,80 ; 2.545.695,42 ; 28.136.094,93 ; 53.148.990,83 ;;;;
BA;2903409;BELMONTE; 24.962.856,94 ; 8.714.050,07 ; 15.973.605,75 ; 2.624.495,11 ; 27.312.150,93 ; 52.275.007,87 ;;;;
BA;2903508;BELO CAMPO; 21.833.402,56 ; 7.621.618,14 ; 14.775.468,73 ; 2.369.411,14 ; 24.766.498,01 ; 46.599.900,57 ;;;;
BA;2903607;BIRITINGA; 28.878.820,93 ; 10.081.037,29 ; 13.267.332,30 ; 2.691.720,48 ; 26.040.090,07 ; 54.918.911,00 ;;;;
BA;2903706;BOA NOVA; 18.730.840,81 ; 6.538.573,89 ; 13.889.460,59 ; 2.092.240,64 ; 22.520.275,12 ; 41.251.115,93 ;;;;
BA;2903805;BOA VISTA DO TUPIM; 19.468.628,45 ; 6.796.121,28 ; 6.644.236,17 ; 1.093.059,12 ; 14.533.416,57 ; 34.002.045,02 ;;;;
BA;2903904;BOM JESUS DA LAPA; 87.790.872,19 ; 30.646.093,84 ; 65.625.119,38 ; 9.448.266,93 ; 105.719.480,15 ; 193.510.352,34 ;;;;
BA;2903953;BOM JESUS DA SERRA; 12.452.108,13 ; 4.346.789,87 ; 9.633.225,01 ; 497.630,72 ; 14.477.645,60 ; 26.929.753,73 ;;;;
BA;2904001;BONINAL; 13.560.329,82 ; 4.733.648,61 ; 5.810.362,49 ; -   ; 10.544.011,10 ; 24.104.340,92 ;;;;
BA;2904050;BONITO; 25.870.485,13 ; 9.030.885,51 ; 19.574.522,43 ; -   ; 28.605.407,94 ; 54.475.893,07 ;;;;
BA;2904100;BOQUIRA; 23.879.416,48 ; 8.335.841,99 ; 24.271.528,31 ; 2.414.889,29 ; 35.022.259,59 ; 58.901.676,07 ;;;;
BA;2904209;BOTUPORA; 15.755.866,03 ; 5.500.067,79 ; 10.917.916,21 ; -   ; 16.417.984,00 ; 32.173.850,03 ;;;;
BA;2904308;BREJOES; 15.553.136,68 ; 5.429.298,91 ; 7.255.435,46 ; -   ; 12.684.734,37 ; 28.237.871,05 ;;;;
BA;2904407;BREJOLANDIA; 8.337.339,47 ; 2.910.403,80 ; 3.654.370,19 ; -   ; 6.564.773,99 ; 14.902.113,46 ;;;;
BA;2904506;BROTAS DE MACAUBAS; 13.602.119,83 ; 4.748.236,69 ; 7.025.253,72 ; -   ; 11.773.490,41 ; 25.375.610,24 ;;;;
BA;2904605;BRUMADO; 68.292.542,38 ; 23.839.604,39 ; 35.242.978,11 ; -   ; 59.082.582,50 ; 127.375.124,88 ;;;;
BA;2904704;BUERAREMA; 15.442.324,07 ; 5.390.616,37 ; 7.998.670,30 ; -   ; 13.389.286,67 ; 28.831.610,74 ;;;;
BA;2904753;BURITIRAMA; 23.022.315,10 ; 8.036.644,49 ; 12.467.745,64 ; 2.540.417,21 ; 23.044.807,34 ; 46.067.122,44 ;;;;
BA;2904803;CAATIBA; 8.247.199,93 ; 2.878.937,83 ; 4.084.329,14 ; -   ; 6.963.266,97 ; 15.210.466,90 ;;;;
BA;2904852;CABACEIRAS DO PARAGUACU; 29.786.692,07 ; 10.397.957,53 ; 22.443.592,38 ; 1.292.992,15 ; 34.134.542,06 ; 63.921.234,13 ;;;;
BA;2904902;CACHOEIRA; 29.221.025,97 ; 10.200.494,45 ; 20.527.934,76 ; 2.795.255,74 ; 33.523.684,95 ; 62.744.710,92 ;;;;
BA;2905008;CACULE; 24.903.253,27 ; 8.693.243,59 ; 16.040.670,84 ; -   ; 24.733.914,43 ; 49.637.167,70 ;;;;
BA;2905107;CAEM; 17.151.420,57 ; 5.987.228,87 ; 11.751.868,91 ; -   ; 17.739.097,78 ; 34.890.518,35 ;;;;
BA;2905156;CAETANOS; 13.976.649,20 ; 4.878.977,64 ; 10.647.852,77 ; 1.447.620,01 ; 16.974.450,42 ; 30.951.099,62 ;;;;
BA;2905206;CAETITE; 40.325.504,44 ; 14.076.852,89 ; 12.254.891,70 ; -   ; 26.331.744,59 ; 66.657.249,03 ;;;;
BA;2905305;CAFARNAUM; 24.130.368,85 ; 8.423.444,60 ; 15.459.370,61 ; 2.170.366,56 ; 26.053.181,77 ; 50.183.550,62 ;;;;
BA;2905404;CAIRU; 34.389.687,26 ; 12.004.774,04 ; 22.320.035,75 ; 3.122.472,14 ; 37.447.281,93 ; 71.836.969,19 ;;;;
BA;2905503;CALDEIRAO GRANDE; 25.408.379,31 ; 8.869.573,31 ; 20.217.757,05 ; -   ; 29.087.330,36 ; 54.495.709,67 ;;;;
BA;2905602;CAMACAN; 20.481.993,23 ; 7.149.867,30 ; 2.321.347,69 ; -   ; 9.471.214,99 ; 29.953.208,22 ;;;;
BA;2905701;CAMACARI; 185.876.020,96 ; 64.885.720,34 ; -   ; -   ; 64.885.720,34 ; 250.761.741,30 ;;;;
BA;2905800;CAMAMU; 35.507.947,43 ; 12.395.137,01 ; 10.034.353,01 ; -   ; 22.429.490,02 ; 57.937.437,45 ;;;;
BA;2905909;CAMPO ALEGRE DE LOURDES; 34.087.444,12 ; 11.899.266,81 ; 20.099.339,62 ; -   ; 31.998.606,43 ; 66.086.050,55 ;;;;
BA;2906006;CAMPO FORMOSO; 89.056.482,88 ; 31.087.894,03 ; 51.191.418,86 ; 8.545.640,25 ; 90.824.953,14 ; 179.881.436,02 ;;;;
BA;2906105;CANAPOLIS; 9.371.848,86 ; 3.271.531,00 ; 2.480.522,52 ; -   ; 5.752.053,52 ; 15.123.902,38 ;;;;
BA;2906204;CANARANA; 37.897.192,68 ; 13.229.176,27 ; 27.902.883,58 ; 3.267.137,21 ; 44.399.197,06 ; 82.296.389,74 ;;;;
BA;2906303;CANAVIEIRAS; 31.806.547,81 ; 11.103.050,06 ; 17.152.359,84 ; -   ; 28.255.409,90 ; 60.061.957,71 ;;;;
BA;2906402;CANDEAL; 7.391.312,99 ; 2.580.164,27 ; 2.723.458,99 ; 808.262,42 ; 6.111.885,68 ; 13.503.198,67 ;;;;
BA;2906501;CANDEIAS; 54.104.685,11 ; 18.886.898,10 ; -   ; -   ; 18.886.898,10 ; 72.991.583,21 ;;;;
BA;2906600;CANDIBA; 10.329.359,05 ; 3.605.779,27 ; 1.510.228,84 ; -   ; 5.116.008,11 ; 15.445.367,16 ;;;;
BA;2906709;CANDIDO SALES; 31.982.344,01 ; 11.164.417,11 ; 18.788.602,90 ; 3.082.044,18 ; 33.035.064,19 ; 65.017.408,20 ;;;;
BA;2906808;CANSANCAO; 73.237.307,91 ; 25.565.726,31 ; 24.076.305,88 ; 6.896.956,85 ; 56.538.989,04 ; 129.776.296,95 ;;;;
BA;2906824;CANUDOS; 21.085.482,06 ; 7.360.533,57 ; 9.006.497,79 ; 2.153.626,41 ; 18.520.657,77 ; 39.606.139,83 ;;;;
BA;2906857;CAPELA DO ALTO ALEGRE; 11.932.372,03 ; 4.165.360,06 ; 10.697.557,96 ; -   ; 14.862.918,02 ; 26.795.290,05 ;;;;
BA;2906873;CAPIM GROSSO; 42.199.295,50 ; 14.730.957,07 ; 33.419.057,79 ; 4.166.930,20 ; 52.316.945,06 ; 94.516.240,56 ;;;;
BA;2906899;CARAIBAS; 9.955.736,10 ; 3.475.354,73 ; 4.039.193,26 ; 1.043.955,92 ; 8.558.503,91 ; 18.514.240,01 ;;;;
BA;2906907;CARAVELAS; 22.939.431,19 ; 8.007.711,32 ; 7.464.487,96 ; 2.539.500,51 ; 18.011.699,79 ; 40.951.130,98 ;;;;
BA;2907004;CARDEAL DA SILVA; 12.673.599,28 ; 4.424.108,14 ; 6.613.439,70 ; 771.438,54 ; 11.808.986,38 ; 24.482.585,66 ;;;;
BA;2907103;CARINHANHA; 34.218.796,45 ; 11.945.119,36 ; 19.869.274,09 ; 1.913.292,78 ; 33.727.686,23 ; 67.946.482,68 ;;;;
BA;2907202;CASA NOVA; 69.227.150,50 ; 24.165.857,99 ; 33.929.113,39 ; 3.431.954,66 ; 61.526.926,04 ; 130.754.076,54 ;;;;
BA;2907301;CASTRO ALVES; 36.051.768,26 ; 12.584.974,34 ; 28.319.293,14 ; 3.735.801,25 ; 44.640.068,73 ; 80.691.836,99 ;;;;
BA;2907400;CATOLANDIA; 3.679.437,19 ; 1.284.420,29 ; 232.446,51 ; 418.101,57 ; 1.934.968,37 ; 5.614.405,56 ;;;;
BA;2907509;CATU; 35.215.172,04 ; 12.292.934,79 ; -   ; -   ; 12.292.934,79 ; 47.508.106,83 ;;;;
BA;2907558;CATURAMA; 15.319.672,58 ; 5.347.801,11 ; 16.379.033,83 ; -   ; 21.726.834,94 ; 37.046.507,52 ;;;;
BA;2907608;CENTRAL; 16.736.092,29 ; 5.842.245,81 ; 10.190.292,00 ; 1.618.721,50 ; 17.651.259,31 ; 34.387.351,60 ;;;;
BA;2907707;CHORROCHO; 16.013.990,39 ; 5.590.174,01 ; 11.378.501,16 ; -   ; 16.968.675,17 ; 32.982.665,56 ;;;;
BA;2907806;CICERO DANTAS; 37.849.747,53 ; 13.212.614,09 ; 9.794.459,42 ; 1.832.003,31 ; 24.839.076,82 ; 62.688.824,35 ;;;;
BA;2907905;CIPO; 35.966.900,17 ; 12.555.348,52 ; 17.911.953,90 ; 3.969.571,86 ; 34.436.874,28 ; 70.403.774,45 ;;;;
BA;2908002;COARACI; 14.931.504,24 ; 5.212.299,06 ; 2.574.101,36 ; 1.479.249,31 ; 9.265.649,73 ; 24.197.153,97 ;;;;
BA;2908101;COCOS; 19.907.412,79 ; 6.949.292,39 ; 6.175.564,47 ; 2.317.844,78 ; 15.442.701,64 ; 35.350.114,43 ;;;;
BA;2908200;CONCEICAO DA FEIRA; 25.772.048,16 ; 8.996.523,07 ; 17.734.735,89 ; 2.692.725,83 ; 29.423.984,79 ; 55.196.032,95 ;;;;
BA;2908309;CONCEICAO DO ALMEIDA; 11.064.565,60 ; 3.862.425,64 ; 1.695.101,82 ; -   ; 5.557.527,46 ; 16.622.093,06 ;;;;
BA;2908408;CONCEICAO DO COITE; 63.670.240,16 ; 22.226.048,17 ; 49.003.697,08 ; 3.498.288,43 ; 74.728.033,68 ; 138.398.273,84 ;;;;
BA;2908507;CONCEICAO DO JACUIPE; 46.206.252,78 ; 16.129.708,28 ; 29.968.798,55 ; -   ; 46.098.506,83 ; 92.304.759,61 ;;;;
BA;2908606;CONDE; 31.681.396,34 ; 11.059.362,11 ; 17.559.156,56 ; -   ; 28.618.518,67 ; 60.299.915,01 ;;;;
BA;2908705;CONDEUBA; 17.128.021,93 ; 5.979.060,85 ; 10.680.552,96 ; -   ; 16.659.613,81 ; 33.787.635,74 ;;;;
BA;2908804;CONTENDAS DO SINCORA; 4.571.683,02 ; 1.595.886,03 ; 503.806,08 ; -   ; 2.099.692,11 ; 6.671.375,13 ;;;;
BA;2908903;CORACAO DE MARIA; 39.608.332,64 ; 13.826.502,10 ; 30.735.372,72 ; 3.814.856,48 ; 48.376.731,30 ; 87.985.063,94 ;;;;
BA;2909000;CORDEIROS; 9.106.512,68 ; 3.178.907,28 ; 8.142.224,70 ; 510.031,16 ; 11.831.163,14 ; 20.937.675,82 ;;;;
BA;2909109;CORIBE; 20.088.044,37 ; 7.012.347,38 ; 18.392.651,91 ; 1.863.289,93 ; 27.268.289,22 ; 47.356.333,59 ;;;;
BA;2909208;CORONEL JOAO SA; 40.988.614,76 ; 14.308.331,87 ; 26.083.214,53 ; 4.441.238,75 ; 44.832.785,15 ; 85.821.399,91 ;;;;
BA;2909307;CORRENTINA; 33.693.153,79 ; 11.761.627,69 ; 3.850.188,77 ; -   ; 15.611.816,46 ; 49.304.970,25 ;;;;
BA;2909406;COTEGIPE; 14.026.326,22 ; 4.896.318,93 ; 5.989.531,02 ; 1.545.849,48 ; 12.431.699,43 ; 26.458.025,65 ;;;;
BA;2909505;CRAVOLANDIA; 7.429.887,33 ; 2.593.629,82 ; 5.727.410,05 ; -   ; 8.321.039,87 ; 15.750.927,20 ;;;;
BA;2909604;CRISOPOLIS; 41.424.688,38 ; 14.460.556,73 ; 28.169.918,52 ; 4.246.479,34 ; 46.876.954,59 ; 88.301.642,97 ;;;;
BA;2909703;CRISTOPOLIS; 14.106.058,40 ; 4.924.151,89 ; 6.754.546,29 ; 1.510.985,74 ; 13.189.683,92 ; 27.295.742,32 ;;;;
BA;2909802;CRUZ DAS ALMAS; 42.861.685,89 ; 14.962.184,74 ; 17.881.820,56 ; -   ; 32.844.005,30 ; 75.705.691,19 ;;;;
BA;2909901;CURACA; 43.869.687,82 ; 15.314.058,70 ; 26.014.862,53 ; -   ; 41.328.921,23 ; 85.198.609,05 ;;;;
BA;2910008;DARIO MEIRA; 19.624.874,04 ; 6.850.663,59 ; 9.837.066,89 ; -   ; 16.687.730,48 ; 36.312.604,52 ;;;;
BA;2910057;DIAS DAVILA; 62.128.534,92 ; 21.687.868,72 ; 10.870.430,73 ; -   ; 32.558.299,45 ; 94.686.834,37 ;;;;
BA;2910107;DOM BASILIO; 13.467.433,98 ; 4.701.220,47 ; 8.220.111,41 ; 1.347.799,22 ; 14.269.131,10 ; 27.736.565,08 ;;;;
BA;2910206;DOM MACEDO COSTA; 4.830.216,95 ; 1.686.135,22 ; 2.084.712,38 ; -   ; 3.770.847,60 ; 8.601.064,55 ;;;;
BA;2910305;ELISIO MEDRADO; 11.168.299,96 ; 3.898.637,30 ; 6.665.339,15 ; 1.109.899,26 ; 11.673.875,71 ; 22.842.175,67 ;;;;
BA;2910404;ENCRUZILHADA; 23.017.463,19 ; 8.034.950,78 ; 14.647.565,31 ; -   ; 22.682.516,09 ; 45.699.979,28 ;;;;
BA;2910503;ENTRE RIOS; 37.959.253,22 ; 13.250.840,41 ; 12.303.290,13 ; 3.706.757,05 ; 29.260.887,59 ; 67.220.140,81 ;;;;
BA;2900504;ERICO CARDOSO; 14.522.060,88 ; 5.069.370,30 ; 11.200.821,85 ; 1.365.653,44 ; 17.635.845,59 ; 32.157.906,47 ;;;;
BA;2910602;ESPLANADA; 37.335.820,09 ; 13.033.211,97 ; 15.821.533,88 ; 3.389.964,94 ; 32.244.710,79 ; 69.580.530,88 ;;;;
BA;2910701;EUCLIDES DA CUNHA; 85.066.552,51 ; 29.695.086,58 ; 50.483.751,98 ; -   ; 80.178.838,56 ; 165.245.391,07 ;;;;
BA;2910727;EUNAPOLIS; 87.617.873,93 ; 30.585.703,50 ; 6.599.943,45 ; -   ; 37.185.646,95 ; 124.803.520,88 ;;;;
BA;2910750;FATIMA; 30.930.669,13 ; 10.797.297,77 ; 24.318.012,78 ; 1.896.814,59 ; 37.012.125,14 ; 67.942.794,27 ;;;;
BA;2910776;FEIRA DA MATA; 7.271.191,86 ; 2.538.232,30 ; 5.195.238,96 ; -   ; 7.733.471,26 ; 15.004.663,12 ;;;;
BA;2910800;FEIRA DE SANTANA; 322.931.409,80 ; 112.729.103,17 ; 55.748.022,44 ; -   ; 168.477.125,61 ; 491.408.535,41 ;;;;
BA;2910859;FILADELFIA; 31.392.629,19 ; 10.958.559,08 ; 26.497.261,32 ; 2.707.622,14 ; 40.163.442,54 ; 71.556.071,73 ;;;;
BA;2910909;FIRMINO ALVES; 5.530.806,99 ; 1.930.697,64 ; 1.567.714,50 ; -   ; 3.498.412,14 ; 9.029.219,13 ;;;;
BA;2911006;FLORESTA AZUL; 8.793.423,14 ; 3.069.613,78 ; 4.315.468,82 ; 488.580,97 ; 7.873.663,57 ; 16.667.086,71 ;;;;
BA;2911105;FORMOSA DO RIO PRETO; 26.334.958,30 ; 9.193.024,09 ; -   ; -   ; 9.193.024,09 ; 35.527.982,39 ;;;;
BA;2911204;GANDU; 44.863.096,99 ; 15.660.838,61 ; 26.826.934,45 ; -   ; 42.487.773,06 ; 87.350.870,05 ;;;;
BA;2911253;GAVIAO; 8.578.575,67 ; 2.994.614,68 ; 6.055.224,00 ; 954.648,63 ; 10.004.487,31 ; 18.583.062,98 ;;;;
BA;2911303;GENTIO DO OURO; 12.452.043,29 ; 4.346.767,24 ; -   ; 672.001,20 ; 5.018.768,44 ; 17.470.811,73 ;;;;
BA;2911402;GLORIA; 17.258.174,29 ; 6.024.494,53 ; 9.043.663,06 ; 1.844.544,68 ; 16.912.702,27 ; 34.170.876,56 ;;;;
BA;2911501;GONGOGI; 7.125.989,99 ; 2.487.545,14 ; -   ; 798.717,94 ; 3.286.263,08 ; 10.412.253,07 ;;;;
BA;2911600;GOVERNADOR MANGABEIRA; 23.293.346,60 ; 8.131.256,34 ; 11.073.309,35 ; 2.457.149,72 ; 21.661.715,41 ; 44.955.062,01 ;;;;
BA;2911659;GUAJERU; 7.567.876,76 ; 2.641.799,26 ; 2.513.613,44 ; 451.513,90 ; 5.606.926,60 ; 13.174.803,36 ;;;;
BA;2911709;GUANAMBI; 71.967.140,63 ; 25.122.335,50 ; 21.845.353,62 ; -   ; 46.967.689,12 ; 118.934.829,75 ;;;;
BA;2911808;GUARATINGA; 18.963.011,49 ; 6.619.620,19 ; 10.387.324,03 ; -   ; 17.006.944,22 ; 35.969.955,71 ;;;;
BA;2911857;HELIOPOLIS; 15.478.630,36 ; 5.403.290,19 ; 6.426.435,65 ; 1.625.964,22 ; 13.455.690,06 ; 28.934.320,42 ;;;;
BA;2911907;IACU; 40.380.857,59 ; 14.096.175,61 ; 30.022.612,72 ; 2.187.229,81 ; 46.306.018,14 ; 86.686.875,73 ;;;;
BA;2912004;IBIASSUCE; 9.558.622,09 ; 3.336.729,92 ; 5.092.431,65 ; -   ; 8.429.161,57 ; 17.987.783,66 ;;;;
BA;2912103;IBICARAI; 16.762.849,26 ; 5.851.586,15 ; 5.498.098,96 ; -   ; 11.349.685,11 ; 28.112.534,37 ;;;;
BA;2912202;IBICOARA; 27.904.114,70 ; 9.740.786,22 ; 18.074.598,57 ; 2.932.365,02 ; 30.747.749,81 ; 58.651.864,51 ;;;;
BA;2912301;IBICUI; 18.178.928,57 ; 6.345.912,02 ; 12.948.926,84 ; -   ; 19.294.838,86 ; 37.473.767,43 ;;;;
BA;2912400;IBIPEBA; 15.326.751,91 ; 5.350.272,37 ; 8.104.435,39 ; 1.583.184,61 ; 15.037.892,37 ; 30.364.644,28 ;;;;
BA;2912509;IBIPITANGA; 20.023.556,19 ; 6.989.835,81 ; 1.268.757,86 ; 2.160.898,50 ; 10.419.492,17 ; 30.443.048,36 ;;;;
BA;2912608;IBIQUERA; 3.905.200,96 ; 1.363.230,05 ; 86.339,36 ; 445.262,75 ; 1.894.832,16 ; 5.800.033,12 ;;;;
BA;2912707;IBIRAPITANGA; 35.568.382,77 ; 12.416.233,81 ; 29.512.135,24 ; 3.411.051,14 ; 45.339.420,19 ; 80.907.802,96 ;;;;
BA;2912806;IBIRAPUA; 9.950.464,01 ; 3.473.514,35 ; 2.298.165,68 ; -   ; 5.771.680,03 ; 15.722.144,04 ;;;;
BA;2912905;IBIRATAIA; 22.497.514,91 ; 7.853.446,90 ; 11.261.274,70 ; 2.320.699,59 ; 21.435.421,19 ; 43.932.936,10 ;;;;
BA;2913002;IBITIARA; 13.395.394,42 ; 4.676.072,86 ; 4.404.022,05 ; 1.503.720,95 ; 10.583.815,86 ; 23.979.210,28 ;;;;
BA;2913101;IBITITA; 19.637.503,41 ; 6.855.072,26 ; 13.585.798,03 ; 1.866.640,00 ; 22.307.510,29 ; 41.945.013,70 ;;;;
BA;2913200;IBOTIRAMA; 32.768.931,04 ; 11.438.999,42 ; 18.766.358,38 ; 3.649.021,56 ; 33.854.379,36 ; 66.623.310,40 ;;;;
BA;2913309;ICHU; 8.853.884,20 ; 3.090.719,56 ; 5.879.541,15 ; 858.237,73 ; 9.828.498,44 ; 18.682.382,64 ;;;;
BA;2913408;IGAPORA; 15.670.582,90 ; 5.470.297,10 ; 9.918.785,81 ; 742.635,39 ; 16.131.718,30 ; 31.802.301,20 ;;;;
BA;2913457;IGRAPIUNA; 16.616.192,36 ; 5.800.391,06 ; 8.530.961,37 ; 1.632.292,81 ; 15.963.645,24 ; 32.579.837,60 ;;;;
BA;2913507;IGUAI; 19.993.070,70 ; 6.979.193,91 ; 2.068.290,90 ; -   ; 9.047.484,81 ; 29.040.555,51 ;;;;
BA;2913606;ILHEUS; 109.013.972,88 ; 38.054.667,41 ; 9.038.472,07 ; -   ; 47.093.139,48 ; 156.107.112,36 ;;;;
BA;2913705;INHAMBUPE; 44.049.459,55 ; 15.376.813,52 ; 31.216.410,32 ; -   ; 46.593.223,84 ; 90.642.683,39 ;;;;
BA;2913804;IPECAETA; 27.422.131,39 ; 9.572.535,17 ; 21.125.365,97 ; 2.407.351,09 ; 33.105.252,23 ; 60.527.383,62 ;;;;
BA;2913903;IPIAU; 35.096.150,03 ; 12.251.386,51 ; 9.158.314,63 ; -   ; 21.409.701,14 ; 56.505.851,17 ;;;;
BA;2914000;IPIRA; 58.478.571,83 ; 20.413.737,28 ; 32.360.499,41 ; -   ; 52.774.236,69 ; 111.252.808,52 ;;;;
BA;2914109;IPUPIARA; 10.487.181,04 ; 3.660.871,87 ; 5.636.554,33 ; 1.180.118,61 ; 10.477.544,81 ; 20.964.725,85 ;;;;
BA;2914208;IRAJUBA; 9.033.188,47 ; 3.153.311,21 ; 1.583.737,46 ; 870.933,67 ; 5.607.982,34 ; 14.641.170,81 ;;;;
BA;2914307;IRAMAIA; 12.599.784,97 ; 4.398.341,00 ; 5.027.177,68 ; -   ; 9.425.518,68 ; 22.025.303,65 ;;;;
BA;2914406;IRAQUARA; 31.818.362,02 ; 11.107.174,18 ; 21.234.739,24 ; -   ; 32.341.913,42 ; 64.160.275,44 ;;;;
BA;2914505;IRARA; 37.987.754,14 ; 13.260.789,52 ; 29.135.027,78 ; 1.949.527,89 ; 44.345.345,19 ; 82.333.099,33 ;;;;
BA;2914604;IRECE; 66.576.938,82 ; 23.240.720,41 ; 28.445.025,47 ; 7.018.788,62 ; 58.704.534,50 ; 125.281.473,32 ;;;;
BA;2914653;ITABELA; 30.818.934,63 ; 10.758.293,42 ; 11.197.356,23 ; -   ; 21.955.649,65 ; 52.774.584,28 ;;;;
BA;2914703;ITABERABA; 68.438.492,18 ; 23.890.552,64 ; 47.628.610,94 ; -   ; 71.519.163,58 ; 139.957.655,76 ;;;;
BA;2914802;ITABUNA; 112.268.582,10 ; 39.190.788,48 ; 731.828,61 ; -   ; 39.922.617,09 ; 152.191.199,19 ;;;;
BA;2914901;ITACARE; 36.609.122,09 ; 12.779.535,76 ; 20.144.105,22 ; -   ; 32.923.640,98 ; 69.532.763,07 ;;;;
BA;2915007;ITAETE; 19.477.033,62 ; 6.799.055,36 ; 13.021.499,30 ; 1.988.001,63 ; 21.808.556,29 ; 41.285.589,91 ;;;;
BA;2915106;ITAGI; 18.040.453,95 ; 6.297.573,21 ; 1.792.924,59 ; 2.059.873,46 ; 10.150.371,26 ; 28.190.825,21 ;;;;
BA;2915205;ITAGIBA; 19.544.024,26 ; 6.822.440,49 ; 1.267.851,52 ; -   ; 8.090.292,01 ; 27.634.316,27 ;;;;
BA;2915304;ITAGIMIRIM; 10.721.470,13 ; 3.742.657,65 ; 5.585.817,93 ; -   ; 9.328.475,58 ; 20.049.945,71 ;;;;
BA;2915353;ITAGUACU DA BAHIA; 17.882.537,27 ; 6.242.447,56 ; 8.733.298,08 ; 1.815.170,16 ; 16.790.915,80 ; 34.673.453,07 ;;;;
BA;2915403;ITAJU DO COLONIA; 9.857.045,44 ; 3.440.903,73 ; 7.219.494,93 ; -   ; 10.660.398,66 ; 20.517.444,10 ;;;;
BA;2915502;ITAJUIPE; 21.673.950,51 ; 7.565.956,51 ; 10.386.443,47 ; 2.202.003,08 ; 20.154.403,06 ; 41.828.353,57 ;;;;
BA;2915601;ITAMARAJU; 57.191.512,10 ; 19.964.449,64 ; 25.181.174,88 ; -   ; 45.145.624,52 ; 102.337.136,62 ;;;;
BA;2915700;ITAMARI; 9.770.219,82 ; 3.410.594,58 ; 7.500.517,70 ; 969.676,96 ; 11.880.789,24 ; 21.651.009,06 ;;;;
BA;2915809;ITAMBE; 24.696.630,06 ; 8.621.115,42 ; 9.442.383,58 ; 2.554.713,96 ; 20.618.212,96 ; 45.314.843,02 ;;;;
BA;2915908;ITANAGRA; 8.779.527,10 ; 3.064.762,94 ; 1.520.695,39 ; 939.238,22 ; 5.524.696,55 ; 14.304.223,65 ;;;;
BA;2916005;ITANHEM; 13.791.135,20 ; 4.814.218,30 ; 2.440.730,27 ; -   ; 7.254.948,57 ; 21.046.083,77 ;;;;
BA;2916104;ITAPARICA; 23.253.528,35 ; 8.117.356,55 ; 6.382.071,32 ; 1.314.129,31 ; 15.813.557,18 ; 39.067.085,53 ;;;;
BA;2916203;ITAPE; 12.927.492,27 ; 4.512.737,27 ; 7.692.769,49 ; 1.241.314,72 ; 13.446.821,48 ; 26.374.313,75 ;;;;
BA;2916302;ITAPEBI; 9.258.226,57 ; 3.231.867,66 ; 236.186,32 ; 907.268,88 ; 4.375.322,86 ; 13.633.549,43 ;;;;
BA;2916401;ITAPETINGA; 59.135.426,97 ; 20.643.032,68 ; 21.511.958,64 ; 7.008.616,88 ; 49.163.608,20 ; 108.299.035,17 ;;;;
BA;2916500;ITAPICURU; 61.270.136,67 ; 21.388.218,52 ; 46.193.520,65 ; -   ; 67.581.739,17 ; 128.851.875,84 ;;;;
BA;2916609;ITAPITANGA; 11.129.837,26 ; 3.885.210,71 ; 2.206.619,44 ; -   ; 6.091.830,15 ; 17.221.667,41 ;;;;
BA;2916708;ITAQUARA; 11.554.536,56 ; 4.033.465,01 ; 12.378.338,49 ; 1.270.644,65 ; 17.682.448,15 ; 29.236.984,71 ;;;;
BA;2916807;ITARANTIM; 16.619.522,04 ; 5.801.553,39 ; 6.037.811,12 ; 945.237,00 ; 12.784.601,51 ; 29.404.123,55 ;;;;
BA;2916856;ITATIM; 27.657.507,60 ; 9.654.700,45 ; 19.161.574,66 ; 1.806.713,19 ; 30.622.988,30 ; 58.280.495,90 ;;;;
BA;2916906;ITIRUCU; 12.709.494,90 ; 4.436.638,62 ; 11.137.307,20 ; 1.303.630,04 ; 16.877.575,86 ; 29.587.070,76 ;;;;
BA;2917003;ITIUBA; 56.548.185,82 ; 19.739.876,89 ; 36.555.035,96 ; 4.941.659,75 ; 61.236.572,60 ; 117.784.758,42 ;;;;
BA;2917102;ITORORO; 16.686.885,78 ; 5.825.068,77 ; 9.448.640,38 ; 1.657.232,42 ; 16.930.941,57 ; 33.617.827,35 ;;;;
BA;2917201;ITUACU; 19.276.539,14 ; 6.729.066,62 ; 8.869.153,81 ; -   ; 15.598.220,43 ; 34.874.759,57 ;;;;
BA;2917300;ITUBERA; 26.788.211,74 ; 9.351.246,10 ; 14.583.785,60 ; -   ; 23.935.031,70 ; 50.723.243,44 ;;;;
BA;2917334;IUIU; 12.563.833,08 ; 4.385.790,89 ; 7.128.221,32 ; 1.205.287,32 ; 12.719.299,53 ; 25.283.132,61 ;;;;
BA;2917359;JABORANDI; 10.629.455,46 ; 3.710.537,11 ; 526.806,54 ; -   ; 4.237.343,65 ; 14.866.799,11 ;;;;
BA;2917409;JACARACI; 20.199.055,11 ; 7.051.099,09 ; 15.210.951,32 ; -   ; 22.262.050,41 ; 42.461.105,52 ;;;;
BA;2917508;JACOBINA; 64.589.772,76 ; 22.547.039,21 ; 18.194.697,79 ; -   ; 40.741.737,00 ; 105.331.509,76 ;;;;
BA;2917607;JAGUAQUARA; 47.949.720,93 ; 16.738.319,26 ; 25.178.115,15 ; 5.614.826,36 ; 47.531.260,77 ; 95.480.981,70 ;;;;
BA;2917706;JAGUARARI; 33.229.281,91 ; 11.599.698,99 ; 14.057.554,19 ; 3.354.671,28 ; 29.011.924,46 ; 62.241.206,37 ;;;;
BA;2917805;JAGUARIPE; 24.288.419,54 ; 8.478.617,04 ; 10.355.418,60 ; 2.294.483,25 ; 21.128.518,89 ; 45.416.938,43 ;;;;
BA;2917904;JANDAIRA; 21.449.307,05 ; 7.487.537,83 ; 18.291.158,61 ; -   ; 25.778.696,44 ; 47.228.003,49 ;;;;
BA;2918001;JEQUIE; 117.894.309,67 ; 41.154.621,06 ; 40.744.151,62 ; -   ; 81.898.772,68 ; 199.793.082,35 ;;;;
BA;2918100;JEREMOABO; 45.892.151,72 ; 16.020.061,69 ; 25.834.635,05 ; 4.690.421,02 ; 46.545.117,76 ; 92.437.269,48 ;;;;
BA;2918209;JIQUIRICA; 21.134.013,31 ; 7.377.474,89 ; 8.305.880,31 ; -   ; 15.683.355,20 ; 36.817.368,51 ;;;;
BA;2918308;JITAUNA; 30.643.144,29 ; 10.696.928,42 ; 20.417.203,55 ; 1.681.119,04 ; 32.795.251,01 ; 63.438.395,30 ;;;;
BA;2918357;JOAO DOURADO; 31.473.481,58 ; 10.986.783,09 ; 20.130.290,23 ; 3.210.014,79 ; 34.327.088,11 ; 65.800.569,69 ;;;;
BA;2918407;JUAZEIRO; 223.119.422,07 ; 77.886.670,62 ; 128.794.918,50 ; -   ; 206.681.589,12 ; 429.801.011,19 ;;;;
BA;2918456;JUCURUCU; 9.138.590,86 ; 3.190.105,14 ; 3.914.741,20 ; 1.098.459,26 ; 8.203.305,60 ; 17.341.896,46 ;;;;
BA;2918506;JUSSARA; 24.724.432,71 ; 8.630.820,79 ; 24.780.490,51 ; 1.093.216,16 ; 34.504.527,46 ; 59.228.960,17 ;;;;
BA;2918555;JUSSARI; 11.667.521,63 ; 4.072.905,92 ; 5.221.629,73 ; 1.129.373,51 ; 10.423.909,16 ; 22.091.430,79 ;;;;
BA;2918605;JUSSIAPE; 7.057.854,33 ; 2.463.760,31 ; 5.203.808,10 ; -   ; 7.667.568,41 ; 14.725.422,74 ;;;;
BA;2918704;LAFAIETE COUTINHO; 6.990.433,43 ; 2.440.224,97 ; 3.449.141,13 ; 665.419,85 ; 6.554.785,95 ; 13.545.219,38 ;;;;
BA;2918753;LAGOA REAL; 15.507.415,40 ; 5.413.338,49 ; 15.725.897,44 ; 838.061,55 ; 21.977.297,48 ; 37.484.712,88 ;;;;
BA;2918803;LAJE; 24.878.748,52 ; 8.684.689,46 ; 7.468.340,83 ; 2.613.351,65 ; 18.766.381,94 ; 43.645.130,46 ;;;;
BA;2918902;LAJEDAO; 3.727.525,14 ; 1.301.206,86 ; 227.841,11 ; 413.531,44 ; 1.942.579,41 ; 5.670.104,55 ;;;;
BA;2919009;LAJEDINHO; 3.722.495,35 ; 1.299.451,06 ; 187.715,98 ; -   ; 1.487.167,04 ; 5.209.662,39 ;;;;
BA;2919058;LAJEDO DO TABOCAL; 11.010.085,77 ; 3.843.407,78 ; 5.552.704,54 ; 598.360,97 ; 9.994.473,29 ; 21.004.559,06 ;;;;
BA;2919108;LAMARAO; 9.855.846,20 ; 3.440.485,10 ; 4.321.461,27 ; 1.023.486,08 ; 8.785.432,45 ; 18.641.278,65 ;;;;
BA;2919157;LAPAO; 34.869.450,19 ; 12.172.249,99 ; 25.025.869,80 ; -   ; 37.198.119,79 ; 72.067.569,98 ;;;;
BA;2919207;LAURO DE FREITAS; 135.057.564,50 ; 47.145.981,04 ; -   ; -   ; 47.145.981,04 ; 182.203.545,54 ;;;;
BA;2919306;LENCOIS; 11.307.615,75 ; 3.947.269,74 ; 1.432.184,09 ; 594.001,36 ; 5.973.455,19 ; 17.281.070,94 ;;;;
BA;2919405;LICINIO DE ALMEIDA; 22.454.994,50 ; 7.838.603,85 ; 29.453.293,84 ; 2.775.453,44 ; 40.067.351,13 ; 62.522.345,63 ;;;;
BA;2919504;LIVRAMENTO DE NOSSA SENHORA; 53.215.767,72 ; 18.576.594,25 ; 31.785.909,77 ; 5.553.236,07 ; 55.915.740,09 ; 109.131.507,81 ;;;;
BA;2919553;LUIS EDUARDO MAGALHAES; 116.120.535,54 ; 40.535.430,85 ; 931.043,10 ; -   ; 41.466.473,95 ; 157.587.009,49 ;;;;
BA;2919603;MACAJUBA; 16.236.271,56 ; 5.667.768,07 ; 7.892.029,67 ; 1.446.578,15 ; 15.006.375,89 ; 31.242.647,45 ;;;;
BA;2919702;MACARANI; 16.286.685,01 ; 5.685.366,42 ; 8.914.084,30 ; -   ; 14.599.450,72 ; 30.886.135,73 ;;;;
BA;2919801;MACAUBAS; 39.021.431,20 ; 13.621.626,17 ; 20.370.994,67 ; -   ; 33.992.620,84 ; 73.014.052,04 ;;;;
BA;2919900;MACURURE; 9.391.797,71 ; 3.278.494,75 ; 4.375.119,32 ; 1.035.275,54 ; 8.688.889,61 ; 18.080.687,32 ;;;;
BA;2919926;MADRE DE DEUS; 13.291.497,78 ; 4.639.804,55 ; -   ; -   ; 4.639.804,55 ; 17.931.302,33 ;;;;
BA;2919959;MAETINGA; 7.158.705,10 ; 2.498.965,36 ; 3.850.470,96 ; 782.708,76 ; 7.132.145,08 ; 14.290.850,18 ;;;;
BA;2920007;MAIQUINIQUE; 12.166.226,94 ; 4.246.994,29 ; 7.809.602,51 ; -   ; 12.056.596,80 ; 24.222.823,74 ;;;;
BA;2920106;MAIRI; 18.113.020,93 ; 6.322.904,93 ; 10.431.848,41 ; 1.797.554,76 ; 18.552.308,10 ; 36.665.329,03 ;;;;
BA;2920205;MALHADA; 20.973.672,54 ; 7.321.503,03 ; 15.007.775,94 ; 2.149.051,62 ; 24.478.330,59 ; 45.452.003,13 ;;;;
BA;2920304;MALHADA DE PEDRAS; 15.277.514,28 ; 5.333.084,46 ; 7.528.852,34 ; 1.811.722,06 ; 14.673.658,86 ; 29.951.173,14 ;;;;
BA;2920403;MANOEL VITORINO; 19.987.292,34 ; 6.977.176,80 ; 19.659.021,07 ; 2.170.275,32 ; 28.806.473,19 ; 48.793.765,53 ;;;;
BA;2920452;MANSIDAO; 14.435.444,84 ; 5.039.134,32 ; 11.755.669,34 ; 1.524.289,24 ; 18.319.092,90 ; 32.754.537,74 ;;;;
BA;2920502;MARACAS; 27.247.120,48 ; 9.511.442,25 ; 7.843.470,28 ; 3.128.490,55 ; 20.483.403,08 ; 47.730.523,56 ;;;;
BA;2920601;MARAGOGIPE; 39.196.460,20 ; 13.682.725,41 ; 18.898.518,91 ; 4.056.323,40 ; 36.637.567,72 ; 75.834.027,92 ;;;;
BA;2920700;MARAU; 33.842.467,85 ; 11.813.750,33 ; 17.124.711,36 ; 3.118.969,68 ; 32.057.431,37 ; 65.899.899,22 ;;;;
BA;2920809;MARCIONILIO SOUZA; 15.168.385,10 ; 5.294.989,57 ; 9.023.606,42 ; -   ; 14.318.595,99 ; 29.486.981,09 ;;;;
BA;2920908;MASCOTE; 14.361.740,73 ; 5.013.405,64 ; 3.848.730,50 ; 1.600.353,02 ; 10.462.489,16 ; 24.824.229,89 ;;;;
BA;2921005;MATA DE SAO JOAO; 72.643.597,48 ; 25.358.473,49 ; -   ; 7.352.784,22 ; 32.711.257,71 ; 105.354.855,19 ;;;;
BA;2921054;MATINA; 13.978.883,70 ; 4.879.757,67 ; 9.262.157,40 ; 759.156,43 ; 14.901.071,50 ; 28.879.955,20 ;;;;
BA;2921104;MEDEIROS NETO; 27.101.992,19 ; 9.460.780,78 ; 21.072.012,60 ; -   ; 30.532.793,38 ; 57.634.785,57 ;;;;
BA;2921203;MIGUEL CALMON; 24.550.196,87 ; 8.569.998,43 ; 12.441.949,85 ; 2.648.193,70 ; 23.660.141,98 ; 48.210.338,85 ;;;;
BA;2921302;MILAGRES; 11.286.900,69 ; 3.940.038,52 ; 6.110.846,30 ; -   ; 10.050.884,82 ; 21.337.785,51 ;;;;
BA;2921401;MIRANGABA; 28.188.491,02 ; 9.840.056,48 ; 21.463.693,97 ; -   ; 31.303.750,45 ; 59.492.241,47 ;;;;
BA;2921450;MIRANTE; 8.721.790,03 ; 3.044.608,04 ; 3.805.539,12 ; -   ; 6.850.147,16 ; 15.571.937,19 ;;;;
BA;2921500;MONTE SANTO; 89.245.327,95 ; 31.153.816,19 ; 60.288.845,89 ; -   ; 91.442.662,08 ; 180.687.990,03 ;;;;
BA;2921609;MORPARA; 8.652.809,20 ; 3.020.528,17 ; 1.540.778,81 ; 984.969,93 ; 5.546.276,91 ; 14.199.086,11 ;;;;
BA;2921708;MORRO DO CHAPEU; 41.252.272,25 ; 14.400.369,59 ; 16.088.668,89 ; -   ; 30.489.038,48 ; 71.741.310,73 ;;;;
BA;2921807;MORTUGABA; 14.481.631,57 ; 5.055.257,22 ; 12.396.037,48 ; 1.747.514,32 ; 19.198.809,02 ; 33.680.440,59 ;;;;
BA;2921906;MUCUGE; 11.845.938,31 ; 4.135.187,72 ; 2.470.274,73 ; -   ; 6.605.462,45 ; 18.451.400,76 ;;;;
BA;2922003;MUCURI; 37.189.602,76 ; 12.982.170,33 ; -   ; -   ; 12.982.170,33 ; 50.171.773,09 ;;;;
BA;2922052;MULUNGU DO MORRO; 21.451.652,27 ; 7.488.356,50 ; 15.090.730,62 ; -   ; 22.579.087,12 ; 44.030.739,39 ;;;;
BA;2922102;MUNDO NOVO; 21.061.994,10 ; 7.352.334,38 ; 5.797.927,35 ; 1.091.392,42 ; 14.241.654,15 ; 35.303.648,25 ;;;;
BA;2922201;MUNIZ FERREIRA; 6.815.394,06 ; 2.379.122,12 ; 984.094,16 ; 788.220,82 ; 4.151.437,10 ; 10.966.831,16 ;;;;
BA;2922250;MUQUEM DE SAO FRANCISCO; 19.660.922,98 ; 6.863.247,58 ; 13.620.453,84 ; 895.213,49 ; 21.378.914,91 ; 41.039.837,89 ;;;;
BA;2922300;MURITIBA; 35.308.390,95 ; 12.325.475,71 ; 26.875.517,68 ; 1.552.537,24 ; 40.753.530,63 ; 76.061.921,58 ;;;;
BA;2922409;MUTUIPE; 20.670.237,66 ; 7.215.579,79 ; 7.349.288,36 ; 2.222.811,46 ; 16.787.679,61 ; 37.457.917,27 ;;;;
BA;2922508;NAZARE; 25.048.714,16 ; 8.744.021,17 ; -   ; -   ; 8.744.021,17 ; 33.792.735,33 ;;;;
BA;2922607;NILO PECANHA; 24.760.652,24 ; 8.643.464,33 ; 22.391.021,40 ; 2.290.437,77 ; 33.324.923,50 ; 58.085.575,74 ;;;;
BA;2922656;NORDESTINA; 29.284.097,51 ; 10.222.511,49 ; 20.359.508,18 ; -   ; 30.582.019,67 ; 59.866.117,18 ;;;;
BA;2922706;NOVA CANAA; 22.703.495,06 ; 7.925.350,58 ; 13.887.826,03 ; -   ; 21.813.176,61 ; 44.516.671,67 ;;;;
BA;2922730;NOVA FATIMA; 11.948.618,11 ; 4.171.031,26 ; 11.178.283,15 ; 576.177,48 ; 15.925.491,89 ; 27.874.110,00 ;;;;
BA;2922755;NOVA IBIA; 9.995.288,27 ; 3.489.161,63 ; 3.831.422,85 ; 972.708,31 ; 8.293.292,79 ; 18.288.581,06 ;;;;
BA;2922805;NOVA ITARANA; 13.395.075,60 ; 4.675.961,56 ; 9.460.776,10 ; -   ; 14.136.737,66 ; 27.531.813,26 ;;;;
BA;2922854;NOVA REDENCAO; 8.946.650,49 ; 3.123.102,48 ; 6.696.332,67 ; 858.126,70 ; 10.677.561,85 ; 19.624.212,34 ;;;;
BA;2922904;NOVA SOURE; 28.859.155,59 ; 10.074.172,50 ; 16.430.437,73 ; 1.501.836,36 ; 28.006.446,59 ; 56.865.602,18 ;;;;
BA;2923001;NOVA VICOSA; 43.120.900,94 ; 15.052.671,69 ; 17.803.768,45 ; -   ; 32.856.440,14 ; 75.977.341,08 ;;;;
BA;2923035;NOVO HORIZONTE; 20.270.221,47 ; 7.075.941,88 ; 19.308.836,26 ; 2.165.683,89 ; 28.550.462,03 ; 48.820.683,50 ;;;;
BA;2923050;NOVO TRIUNFO; 17.927.401,30 ; 6.258.108,72 ; 4.542.224,96 ; 2.101.337,16 ; 12.901.670,84 ; 30.829.072,14 ;;;;
BA;2923100;OLINDINA; 32.078.279,00 ; 11.197.906,16 ; 25.429.519,09 ; 3.349.444,58 ; 39.976.869,83 ; 72.055.148,83 ;;;;
BA;2923209;OLIVEIRA DOS BREJINHOS; 29.395.604,89 ; 10.261.436,56 ; 21.927.578,44 ; 1.484.748,72 ; 33.673.763,72 ; 63.069.368,61 ;;;;
BA;2923308;OURICANGAS; 11.213.159,67 ; 3.914.296,96 ; 5.146.354,98 ; -   ; 9.060.651,94 ; 20.273.811,61 ;;;;
BA;2923357;OUROLANDIA; 26.368.090,27 ; 9.204.589,83 ; 14.851.622,52 ; 2.633.694,12 ; 26.689.906,47 ; 53.057.996,74 ;;;;
BA;2923407;PALMAS DE MONTE ALTO; 20.131.221,22 ; 7.027.419,59 ; 7.609.071,74 ; -   ; 14.636.491,33 ; 34.767.712,55 ;;;;
BA;2923506;PALMEIRAS; 9.522.166,72 ; 3.324.004,05 ; 2.412.891,27 ; 540.024,60 ; 6.276.919,92 ; 15.799.086,64 ;;;;
BA;2923605;PARAMIRIM; 22.959.844,65 ; 8.014.837,26 ; 19.266.905,40 ; 1.245.174,84 ; 28.526.917,50 ; 51.486.762,15 ;;;;
BA;2923704;PARATINGA; 34.743.561,04 ; 12.128.304,52 ; 19.624.034,61 ; 3.696.516,81 ; 35.448.855,94 ; 70.192.416,98 ;;;;
BA;2923803;PARIPIRANGA; 29.105.046,18 ; 10.160.008,14 ; 16.906.883,65 ; 1.566.292,53 ; 28.633.184,32 ; 57.738.230,50 ;;;;
BA;2923902;PAU BRASIL; 11.616.051,67 ; 4.054.938,75 ; 10.514.336,26 ; 1.271.505,68 ; 15.840.780,69 ; 27.456.832,36 ;;;;
BA;2924009;PAULO AFONSO; 84.508.163,12 ; 29.500.163,66 ; 14.508.622,43 ; -   ; 44.008.786,09 ; 128.516.949,21 ;;;;
BA;2924058;PE DE SERRA; 24.656.150,38 ; 8.606.984,75 ; 24.309.456,76 ; 1.214.514,69 ; 34.130.956,20 ; 58.787.106,58 ;;;;
BA;2924108;PEDRAO; 8.905.919,80 ; 3.108.884,19 ; 7.210.078,70 ; -   ; 10.318.962,89 ; 19.224.882,69 ;;;;
BA;2924207;PEDRO ALEXANDRE; 21.541.184,26 ; 7.519.610,39 ; 15.533.484,49 ; 2.181.842,32 ; 25.234.937,20 ; 46.776.121,46 ;;;;
BA;2924306;PIATA; 21.673.366,67 ; 7.565.752,71 ; 7.143.421,96 ; -   ; 14.709.174,67 ; 36.382.541,34 ;;;;
BA;2924405;PILAO ARCADO; 40.005.141,73 ; 13.965.020,47 ; 19.170.536,37 ; 3.985.629,08 ; 37.121.185,92 ; 77.126.327,65 ;;;;
BA;2924504;PINDAI; 26.106.365,96 ; 9.113.226,94 ; 24.795.356,34 ; 2.628.788,60 ; 36.537.371,88 ; 62.643.737,84 ;;;;
BA;2924603;PINDOBACU; 43.758.096,79 ; 15.275.104,42 ; 44.242.654,33 ; 4.044.151,40 ; 63.561.910,15 ; 107.320.006,94 ;;;;
BA;2924652;PINTADAS; 16.190.103,75 ; 5.651.651,78 ; 17.904.062,55 ; -   ; 23.555.714,33 ; 39.745.818,08 ;;;;
BA;2924678;PIRAI DO NORTE; 10.546.026,18 ; 3.681.413,57 ; 7.139.982,14 ; -   ; 10.821.395,71 ; 21.367.421,89 ;;;;
BA;2924702;PIRIPA; 11.724.430,77 ; 4.092.771,79 ; 7.896.970,95 ; -   ; 11.989.742,74 ; 23.714.173,51 ;;;;
BA;2924801;PIRITIBA; 18.643.668,06 ; 6.508.143,58 ; 9.767.434,49 ; 1.878.458,70 ; 18.154.036,77 ; 36.797.704,83 ;;;;
BA;2924900;PLANALTINO; 9.917.152,41 ; 3.461.885,91 ; 4.264.711,62 ; 1.065.372,67 ; 8.791.970,20 ; 18.709.122,61 ;;;;
BA;2925006;PLANALTO; 21.156.490,48 ; 7.385.321,23 ; 8.167.362,98 ; -   ; 15.552.684,21 ; 36.709.174,69 ;;;;
BA;2925105;POCOES; 48.422.274,01 ; 16.903.278,39 ; 25.190.702,90 ; -   ; 42.093.981,29 ; 90.516.255,30 ;;;;
BA;2925204;POJUCA; 26.850.063,46 ; 9.372.837,34 ; -   ; -   ; 9.372.837,34 ; 36.222.900,80 ;;;;
BA;2925253;PONTO NOVO; 46.255.097,17 ; 16.146.758,92 ; 53.555.387,19 ; -   ; 69.702.146,11 ; 115.957.243,28 ;;;;
BA;2925303;PORTO SEGURO; 178.374.827,88 ; 62.267.199,05 ; 33.750.968,18 ; 19.727.063,41 ; 115.745.230,64 ; 294.120.058,52 ;;;;
BA;2925402;POTIRAGUA; 12.357.605,73 ; 4.313.800,92 ; 8.875.314,61 ; 1.266.380,75 ; 14.455.496,28 ; 26.813.102,01 ;;;;
BA;2925501;PRADO; 34.088.388,94 ; 11.899.596,62 ; 13.076.495,23 ; -   ; 24.976.091,85 ; 59.064.480,79 ;;;;
BA;2925600;PRESIDENTE DUTRA; 13.027.493,26 ; 4.547.645,68 ; 5.229.507,20 ; 782.161,61 ; 10.559.314,49 ; 23.586.807,75 ;;;;
BA;2925709;PRESIDENTE JANIO QUADROS; 13.296.377,53 ; 4.641.507,98 ; 6.662.167,04 ; 1.447.538,96 ; 12.751.213,98 ; 26.047.591,51 ;;;;
BA;2925758;PRESIDENTE TANCREDO NEVES; 33.307.587,55 ; 11.627.033,97 ; 16.276.979,58 ; -   ; 27.904.013,55 ; 61.211.601,10 ;;;;
BA;2925808;QUEIMADAS; 37.271.864,54 ; 13.010.886,32 ; 34.254.936,44 ; 3.982.390,85 ; 51.248.213,61 ; 88.520.078,15 ;;;;
BA;2925907;QUIJINGUE; 54.256.285,73 ; 18.939.818,94 ; 67.213.199,03 ; 2.115.209,35 ; 88.268.227,32 ; 142.524.513,05 ;;;;
BA;2925931;QUIXABEIRA; 33.486.078,50 ; 11.689.341,71 ; 33.413.628,19 ; 3.415.362,46 ; 48.518.332,36 ; 82.004.410,86 ;;;;
BA;2925956;RAFAEL JAMBEIRO; 26.523.159,75 ; 9.258.721,58 ; 22.688.290,72 ; -   ; 31.947.012,30 ; 58.470.172,05 ;;;;
BA;2926004;REMANSO; 48.680.807,13 ; 16.993.527,31 ; 30.008.735,79 ; -   ; 47.002.263,10 ; 95.683.070,23 ;;;;
BA;2926103;RETIROLANDIA; 14.627.039,46 ; 5.106.016,30 ; 9.066.142,51 ; 810.462,20 ; 14.982.621,01 ; 29.609.660,47 ;;;;
BA;2926202;RIACHAO DAS NEVES; 23.404.733,87 ; 8.170.139,47 ; 4.364.356,73 ; 2.625.247,31 ; 15.159.743,51 ; 38.564.477,38 ;;;;
BA;2926301;RIACHAO DO JACUIPE; 28.814.831,70 ; 10.058.699,89 ; 21.052.569,45 ; 1.367.081,49 ; 32.478.350,83 ; 61.293.182,53 ;;;;
BA;2926400;RIACHO DE SANTANA; 25.940.580,72 ; 9.055.354,52 ; 10.666.041,87 ; -   ; 19.721.396,39 ; 45.661.977,11 ;;;;
BA;2926509;RIBEIRA DO AMPARO; 29.208.030,22 ; 10.195.957,88 ; 28.115.139,73 ; 2.817.166,84 ; 41.128.264,45 ; 70.336.294,67 ;;;;
BA;2926608;RIBEIRA DO POMBAL; 66.019.940,86 ; 23.046.283,20 ; 39.452.434,08 ; -   ; 62.498.717,28 ; 128.518.658,14 ;;;;
BA;2926657;RIBEIRAO DO LARGO; 11.882.607,77 ; 4.147.988,32 ; 6.547.892,51 ; 1.265.985,88 ; 11.961.866,71 ; 23.844.474,48 ;;;;
BA;2926707;RIO DE CONTAS; 11.248.960,99 ; 3.926.794,50 ; 5.727.289,86 ; 1.335.564,50 ; 10.989.648,86 ; 22.238.609,85 ;;;;
BA;2926806;RIO DO ANTONIO; 23.658.963,30 ; 8.258.886,05 ; 17.562.308,18 ; 2.370.564,21 ; 28.191.758,44 ; 51.850.721,74 ;;;;
BA;2926905;RIO DO PIRES; 15.939.031,87 ; 5.564.007,45 ; 11.731.144,04 ; 1.616.095,44 ; 18.911.246,93 ; 34.850.278,80 ;;;;
BA;2927002;RIO REAL; 45.737.935,37 ; 15.966.227,74 ; 39.088.461,97 ; 5.014.293,13 ; 60.068.982,84 ; 105.806.918,21 ;;;;
BA;2927101;RODELAS; 10.837.847,71 ; 3.783.282,81 ; 4.365.016,76 ; 1.288.675,93 ; 9.436.975,50 ; 20.274.823,21 ;;;;
BA;2927200;RUY BARBOSA; 25.341.098,86 ; 8.846.087,01 ; 11.056.535,23 ; 2.818.996,42 ; 22.721.618,66 ; 48.062.717,52 ;;;;
BA;2927309;SALINAS DA MARGARIDA; 20.716.111,72 ; 7.231.593,54 ; 8.221.613,93 ; 2.268.214,59 ; 17.721.422,06 ; 38.437.533,78 ;;;;
BA;2927408;SALVADOR; 895.683.869,15 ; 312.665.898,17 ; -   ; -   ; 312.665.898,17 ; 1.208.349.767,32 ;;;;
BA;2927507;SANTA BARBARA; 25.913.447,40 ; 9.045.882,80 ; 18.108.392,04 ; 2.629.827,70 ; 29.784.102,54 ; 55.697.549,94 ;;;;
BA;2927606;SANTA BRIGIDA; 15.154.676,30 ; 5.290.204,10 ; 5.711.671,72 ; -   ; 11.001.875,82 ; 26.156.552,12 ;;;;
BA;2927705;SANTA CRUZ CABRALIA; 42.151.049,97 ; 14.714.115,49 ; 10.620.992,25 ; -   ; 25.335.107,74 ; 67.486.157,71 ;;;;
BA;2927804;SANTA CRUZ DA VITORIA; 7.457.435,07 ; 2.603.246,20 ; 3.544.604,61 ; -   ; 6.147.850,81 ; 13.605.285,88 ;;;;
BA;2927903;SANTA INES; 15.314.612,17 ; 5.346.034,61 ; 7.976.408,33 ; 1.627.524,95 ; 14.949.967,89 ; 30.264.580,06 ;;;;
BA;2928059;SANTA LUZIA; 17.338.661,16 ; 6.052.590,93 ; 11.727.845,96 ; -   ; 17.780.436,89 ; 35.119.098,05 ;;;;
BA;2928109;SANTA MARIA DA VITORIA; 43.409.227,92 ; 15.153.321,06 ; 27.787.525,76 ; -   ; 42.940.846,82 ; 86.350.074,74 ;;;;
BA;2928406;SANTA RITA DE CASSIA; 31.152.746,62 ; 10.874.820,72 ; 21.669.856,44 ; -   ; 32.544.677,16 ; 63.697.423,78 ;;;;
BA;2928505;SANTA TERESINHA; 13.073.591,12 ; 4.563.737,56 ; 8.257.253,85 ; -   ; 12.820.991,41 ; 25.894.582,53 ;;;;
BA;2928000;SANTALUZ; 49.678.904,87 ; 17.341.943,90 ; 19.956.674,33 ; -   ; 37.298.618,23 ; 86.977.523,10 ;;;;
BA;2928208;SANTANA; 21.202.899,22 ; 7.401.521,62 ; 9.137.595,73 ; 2.411.997,38 ; 18.951.114,73 ; 40.154.013,95 ;;;;
BA;2928307;SANTANOPOLIS; 10.133.999,43 ; 3.537.583,01 ; 5.361.573,52 ; 995.378,93 ; 9.894.535,46 ; 20.028.534,89 ;;;;
BA;2928604;SANTO AMARO; 56.600.155,11 ; 19.758.018,37 ; 26.179.481,95 ; -   ; 45.937.500,32 ; 102.537.655,43 ;;;;
BA;2928703;SANTO ANTONIO DE JESUS; 67.074.395,54 ; 23.414.372,92 ; 22.133.979,47 ; -   ; 45.548.352,39 ; 112.622.747,93 ;;;;
BA;2928802;SANTO ESTEVAO; 53.033.539,76 ; 18.512.982,00 ; 28.842.920,67 ; 5.862.303,32 ; 53.218.205,99 ; 106.251.745,75 ;;;;
BA;2928901;SAO DESIDERIO; 36.411.949,43 ; 12.710.706,61 ; -   ; -   ; 12.710.706,61 ; 49.122.656,04 ;;;;
BA;2928950;SAO DOMINGOS; 9.828.469,67 ; 3.430.928,48 ; 5.831.089,52 ; -   ; 9.262.018,00 ; 19.090.487,67 ;;;;
BA;2929107;SAO FELIPE; 35.533.836,08 ; 12.404.174,24 ; 22.592.343,90 ; 3.808.203,63 ; 38.804.721,77 ; 74.338.557,85 ;;;;
BA;2929008;SAO FELIX; 14.609.544,17 ; 5.099.909,03 ; 6.430.430,64 ; 1.264.551,53 ; 12.794.891,20 ; 27.404.435,37 ;;;;
BA;2929057;SAO FELIX DO CORIBE; 22.228.836,14 ; 7.759.656,35 ; 17.584.528,97 ; 2.360.281,18 ; 27.704.466,50 ; 49.933.302,64 ;;;;
BA;2929206;SAO FRANCISCO DO CONDE; 36.540.264,32 ; 12.755.498,85 ; -   ; -   ; 12.755.498,85 ; 49.295.763,17 ;;;;
BA;2929255;SAO GABRIEL; 21.443.240,50 ; 7.485.420,12 ; 13.186.804,42 ; 1.029.047,85 ; 21.701.272,39 ; 43.144.512,89 ;;;;
BA;2929305;SAO GONCALO DOS CAMPOS; 24.194.361,05 ; 8.445.783,03 ; 4.253.784,51 ; 1.506.804,13 ; 14.206.371,67 ; 38.400.732,72 ;;;;
BA;2929354;SAO JOSE DA VITORIA; 6.358.698,52 ; 2.219.698,55 ; 4.054.812,64 ; -   ; 6.274.511,19 ; 12.633.209,71 ;;;;
BA;2929370;SAO JOSE DO JACUIPE; 16.258.085,76 ; 5.675.382,98 ; 8.227.465,47 ; 759.009,48 ; 14.661.857,93 ; 30.919.943,69 ;;;;
BA;2929404;SAO MIGUEL DAS MATAS; 9.459.789,68 ; 3.302.229,44 ; 4.833.410,63 ; 519.741,98 ; 8.655.382,05 ; 18.115.171,73 ;;;;
BA;2929503;SAO SEBASTIAO DO PASSE; 31.065.676,57 ; 10.844.426,25 ; 1.884.641,82 ; 3.552.514,21 ; 16.281.582,28 ; 47.347.258,85 ;;;;
BA;2929602;SAPEACU; 30.094.522,82 ; 10.505.415,28 ; 8.711.699,73 ; 3.181.854,12 ; 22.398.969,13 ; 52.493.491,95 ;;;;
BA;2929701;SATIRO DIAS; 31.202.366,71 ; 10.892.142,14 ; 17.354.560,77 ; -   ; 28.246.702,91 ; 59.449.069,62 ;;;;
BA;2929750;SAUBARA; 11.434.963,11 ; 3.991.724,24 ; 3.579.549,41 ; -   ; 7.571.273,65 ; 19.006.236,76 ;;;;
BA;2929800;SAUDE; 12.549.271,59 ; 4.380.707,76 ; 8.074.419,16 ; -   ; 12.455.126,92 ; 25.004.398,51 ;;;;
BA;2929909;SEABRA; 45.647.142,68 ; 15.934.533,78 ; 24.260.151,00 ; -   ; 40.194.684,78 ; 85.841.827,46 ;;;;
BA;2930006;SEBASTIAO LARANJEIRAS; 12.653.399,29 ; 4.417.056,72 ; 12.545.070,37 ; 698.462,90 ; 17.660.589,99 ; 30.313.989,28 ;;;;
BA;2930105;SENHOR DO BONFIM; 88.016.472,20 ; 30.724.846,43 ; 92.362.722,56 ; 8.290.677,25 ; 131.378.246,24 ; 219.394.718,44 ;;;;
BA;2930204;SENTO SE; 52.143.977,16 ; 18.202.452,91 ; 26.460.242,11 ; 5.062.896,00 ; 49.725.591,02 ; 101.869.568,18 ;;;;
BA;2930154;SERRA DO RAMALHO; 45.490.118,10 ; 15.879.719,53 ; 26.063.166,61 ; -   ; 41.942.886,14 ; 87.433.004,24 ;;;;
BA;2930303;SERRA DOURADA; 15.949.946,40 ; 5.567.817,49 ; 9.985.293,77 ; 1.746.055,18 ; 17.299.166,44 ; 33.249.112,84 ;;;;
BA;2930402;SERRA PRETA; 20.033.210,30 ; 6.993.205,87 ; 12.554.764,77 ; 1.047.738,43 ; 20.595.709,07 ; 40.628.919,37 ;;;;
BA;2930501;SERRINHA; 100.891.288,32 ; 35.219.195,49 ; 47.199.918,21 ; 4.938.780,44 ; 87.357.894,14 ; 188.249.182,46 ;;;;
BA;2930600;SERROLANDIA; 16.396.869,42 ; 5.723.829,67 ; 9.745.122,05 ; -   ; 15.468.951,72 ; 31.865.821,14 ;;;;
BA;2930709;SIMOES FILHO; 96.460.132,84 ; 33.672.364,89 ; -   ; -   ; 33.672.364,89 ; 130.132.497,73 ;;;;
BA;2930758;SITIO DO MATO; 20.652.103,31 ; 7.209.249,44 ; 19.373.558,48 ; 2.165.618,08 ; 28.748.426,00 ; 49.400.529,31 ;;;;
BA;2930766;SITIO DO QUINTO; 16.901.351,76 ; 5.899.934,69 ; 9.787.965,74 ; 1.914.502,13 ; 17.602.402,56 ; 34.503.754,32 ;;;;
BA;2930774;SOBRADINHO; 27.452.188,70 ; 9.583.027,59 ; 12.536.511,02 ; -   ; 22.119.538,61 ; 49.571.727,31 ;;;;
BA;2930808;SOUTO SOARES; 24.040.118,52 ; 8.391.939,95 ; 17.331.076,79 ; 2.523.300,28 ; 28.246.317,02 ; 52.286.435,54 ;;;;
BA;2930907;TABOCAS DO BREJO VELHO; 10.658.733,28 ; 3.720.757,43 ; 2.979.608,42 ; 1.244.464,93 ; 7.944.830,78 ; 18.603.564,06 ;;;;
BA;2931004;TANHACU; 32.117.793,19 ; 11.211.699,80 ; 40.085.612,50 ; 3.102.099,23 ; 54.399.411,53 ; 86.517.204,72 ;;;;
BA;2931053;TANQUE NOVO; 21.455.881,08 ; 7.489.832,70 ; 15.227.260,86 ; 1.309.797,16 ; 24.026.890,72 ; 45.482.771,80 ;;;;
BA;2931103;TANQUINHO; 11.137.463,13 ; 3.887.872,75 ; 9.111.261,99 ; -   ; 12.999.134,74 ; 24.136.597,87 ;;;;
BA;2931202;TAPEROA; 25.149.497,75 ; 8.779.202,77 ; 7.701.051,65 ; 2.279.011,73 ; 18.759.266,15 ; 43.908.763,90 ;;;;
BA;2931301;TAPIRAMUTA; 22.104.846,10 ; 7.716.373,82 ; 19.061.899,17 ; -   ; 26.778.272,99 ; 48.883.119,09 ;;;;
BA;2931350;TEIXEIRA DE FREITAS; 110.163.565,62 ; 38.455.967,98 ; 29.525.533,61 ; -   ; 67.981.501,59 ; 178.145.067,21 ;;;;
BA;2931400;TEODORO SAMPAIO; 5.639.787,84 ; 1.968.740,75 ; -   ; -   ; 1.968.740,75 ; 7.608.528,59 ;;;;
BA;2931509;TEOFILANDIA; 28.838.779,74 ; 10.067.059,68 ; 16.536.190,64 ; -   ; 26.603.250,32 ; 55.442.030,06 ;;;;
BA;2931608;TEOLANDIA; 17.299.960,12 ; 6.039.081,15 ; -   ; 838.423,24 ; 6.877.504,39 ; 24.177.464,51 ;;;;
BA;2931707;TERRA NOVA; 11.962.196,83 ; 4.175.771,32 ; 4.906.690,50 ; 1.275.343,20 ; 10.357.805,02 ; 22.320.001,85 ;;;;
BA;2931806;TREMEDAL; 19.683.165,97 ; 6.871.012,17 ; 9.115.030,38 ; 2.031.360,73 ; 18.017.403,28 ; 37.700.569,25 ;;;;
BA;2931905;TUCANO; 73.090.308,95 ; 25.514.411,82 ; 59.940.657,18 ; -   ; 85.455.069,00 ; 158.545.377,95 ;;;;
BA;2932002;UAUA; 36.029.271,55 ; 12.577.121,17 ; 17.913.520,11 ; 1.871.630,81 ; 32.362.272,09 ; 68.391.543,64 ;;;;
BA;2932101;UBAIRA; 23.694.296,14 ; 8.271.220,06 ; 10.661.950,04 ; 1.307.526,62 ; 20.240.696,72 ; 43.934.992,86 ;;;;
BA;2932200;UBAITABA; 20.137.043,88 ; 7.029.452,17 ; 9.211.031,39 ; -   ; 16.240.483,56 ; 36.377.527,44 ;;;;
BA;2932309;UBATA; 18.589.694,76 ; 6.489.302,54 ; 6.914.677,07 ; 2.052.338,70 ; 15.456.318,31 ; 34.046.013,07 ;;;;
BA;2932408;UIBAI; 14.282.365,10 ; 4.985.697,15 ; 12.302.661,77 ; -   ; 17.288.358,92 ; 31.570.724,02 ;;;;
BA;2932457;UMBURANAS; 17.291.614,02 ; 6.036.167,69 ; 9.471.622,05 ; 1.795.513,12 ; 17.303.302,86 ; 34.594.916,88 ;;;;
BA;2932507;UNA; 29.618.982,14 ; 10.339.413,24 ; 15.386.361,65 ; 2.937.062,61 ; 28.662.837,50 ; 58.281.819,64 ;;;;
BA;2932606;URANDI; 23.703.744,41 ; 8.274.518,27 ; 13.198.923,54 ; 2.570.618,28 ; 24.044.060,09 ; 47.747.804,50 ;;;;
BA;2932705;URUCUCA; 22.367.605,92 ; 7.808.098,19 ; 5.559.114,40 ; -   ; 13.367.212,59 ; 35.734.818,51 ;;;;
BA;2932804;UTINGA; 13.939.660,69 ; 4.866.065,67 ; 7.267.213,32 ; -   ; 12.133.278,99 ; 26.072.939,68 ;;;;
BA;2932903;VALENCA; 78.160.838,96 ; 27.284.435,68 ; 31.136.584,91 ; 8.277.026,35 ; 66.698.046,94 ; 144.858.885,90 ;;;;
BA;2933000;VALENTE; 33.691.537,16 ; 11.761.063,35 ; 23.916.285,39 ; 1.808.153,36 ; 37.485.502,10 ; 71.177.039,26 ;;;;
BA;2933059;VARZEA DA ROCA; 26.922.688,63 ; 9.398.189,37 ; 31.635.003,48 ; 1.353.557,79 ; 42.386.750,64 ; 69.309.439,27 ;;;;
BA;2933109;VARZEA DO POCO; 11.496.451,47 ; 4.013.188,63 ; 11.111.064,57 ; -   ; 15.124.253,20 ; 26.620.704,67 ;;;;
BA;2933158;VARZEA NOVA; 15.120.308,05 ; 5.278.206,81 ; 5.599.634,98 ; -   ; 10.877.841,79 ; 25.998.149,84 ;;;;
BA;2933174;VARZEDO; 9.530.088,80 ; 3.326.769,50 ; 5.061.882,65 ; 1.036.555,07 ; 9.425.207,22 ; 18.955.296,02 ;;;;
BA;2933208;VERA CRUZ; 44.711.246,92 ; 15.607.830,69 ; 17.146.400,55 ; -   ; 32.754.231,24 ; 77.465.478,16 ;;;;
BA;2933257;VEREDA; 6.939.177,56 ; 2.422.332,54 ; 3.008.726,99 ; -   ; 5.431.059,53 ; 12.370.237,09 ;;;;
BA;2933307;VITORIA DA CONQUISTA; 252.914.159,61 ; 88.287.436,67 ; 61.821.664,76 ; -   ; 150.109.101,43 ; 403.023.261,04 ;;;;
BA;2933406;WAGNER; 9.706.348,23 ; 3.388.298,25 ; 6.740.815,31 ; -   ; 10.129.113,56 ; 19.835.461,79 ;;;;
BA;2933455;WANDERLEY; 17.153.701,87 ; 5.988.025,22 ; 9.028.308,31 ; 1.852.306,76 ; 16.868.640,29 ; 34.022.342,16 ;;;;
BA;2933505;WENCESLAU GUIMARAES; 28.998.842,58 ; 10.122.934,53 ; 15.854.266,75 ; 2.874.896,21 ; 28.852.097,49 ; 57.850.940,07 ;;;;
BA;2933604;XIQUE-XIQUE; 58.008.704,56 ; 20.249.715,71 ; 23.189.723,35 ; -   ; 43.439.439,06 ; 101.448.143,62 ;;;;
BA;29;GOVERNO DO ESTADO; 4.625.640.844,61 ; 1.614.721.665,88 ; -   ; -   ; 1.614.721.665,88 ; 6.240.362.510,49 ;;;;
CE;2300101;ABAIARA; 9.787.122,62 ; 5.187.448,26 ; 7.332.934,49 ; 1.293.182,33 ; 13.813.565,08 ; 23.600.687,70 ;;;;
CE;2300150;ACARAPE; 16.942.679,84 ; 8.980.093,37 ; 12.205.740,29 ; 2.102.330,23 ; 23.288.163,89 ; 40.230.843,73 ;;;;
CE;2300200;ACARAU; 62.974.323,59 ; 33.378.149,80 ; 42.101.754,93 ; -   ; 75.479.904,73 ; 138.454.228,32 ;;;;
CE;2300309;ACOPIARA; 42.386.461,80 ; 22.466.008,22 ; 30.274.740,11 ; -   ; 52.740.748,33 ; 95.127.210,13 ;;;;
CE;2300408;AIUABA; 13.534.961,30 ; 7.173.907,39 ; 9.330.679,49 ; 865.335,10 ; 17.369.921,98 ; 30.904.883,28 ;;;;
CE;2300507;ALCANTARAS; 12.242.653,57 ; 6.488.948,22 ; 10.445.691,43 ; 1.624.393,40 ; 18.559.033,05 ; 30.801.686,62 ;;;;
CE;2300606;ALTANEIRA; 10.553.819,26 ; 5.593.818,88 ; 7.950.542,38 ; 1.238.546,83 ; 14.782.908,09 ; 25.336.727,35 ;;;;
CE;2300705;ALTO SANTO; 16.282.833,90 ; 8.630.356,60 ; 9.266.877,02 ; 2.129.367,64 ; 20.026.601,26 ; 36.309.435,16 ;;;;
CE;2300754;AMONTADA; 56.296.841,38 ; 29.838.897,80 ; 47.340.020,63 ; 6.308.419,45 ; 83.487.337,88 ; 139.784.179,26 ;;;;
CE;2300804;ANTONINA DO NORTE; 8.276.203,86 ; 4.386.619,13 ; 4.417.482,47 ; -   ; 8.804.101,60 ; 17.080.305,46 ;;;;
CE;2300903;APUIARES; 11.624.733,24 ; 6.161.433,20 ; 6.388.023,92 ; 1.518.184,20 ; 14.067.641,32 ; 25.692.374,56 ;;;;
CE;2301000;AQUIRAZ; 97.194.662,41 ; 51.515.884,85 ; 55.087.908,35 ; -   ; 106.603.793,20 ; 203.798.455,61 ;;;;
CE;2301109;ARACATI; 67.479.284,59 ; 35.765.904,92 ; 35.709.180,81 ; 8.106.996,49 ; 79.582.082,22 ; 147.061.366,81 ;;;;
CE;2301208;ARACOIABA; 35.030.107,54 ; 18.566.935,07 ; 29.187.897,43 ; 3.860.937,30 ; 51.615.769,80 ; 86.645.877,34 ;;;;
CE;2301257;ARARENDA; 21.716.173,23 ; 11.510.178,15 ; 24.609.283,70 ; 3.083.486,49 ; 39.202.948,34 ; 60.919.121,57 ;;;;
CE;2301307;ARARIPE; 22.421.643,94 ; 11.884.097,32 ; 12.086.430,53 ; -   ; 23.970.527,85 ; 46.392.171,79 ;;;;
CE;2301406;ARATUBA; 17.877.728,01 ; 9.475.695,00 ; 15.525.315,46 ; -   ; 25.001.010,46 ; 42.878.738,47 ;;;;
CE;2301505;ARNEIROZ; 6.284.670,28 ; 3.331.050,73 ; 2.562.035,54 ; 435.242,42 ; 6.328.328,69 ; 12.612.998,97 ;;;;
CE;2301604;ASSARE; 25.229.818,45 ; 13.372.508,22 ; 24.192.831,63 ; 2.788.657,77 ; 40.353.997,62 ; 65.583.816,07 ;;;;
CE;2301703;AURORA; 15.966.130,12 ; 8.462.494,75 ; 9.439.170,09 ; 1.990.334,42 ; 19.891.999,26 ; 35.858.129,38 ;;;;
CE;2301802;BAIXIO; 5.191.974,05 ; 2.751.891,21 ; 2.585.395,81 ; 676.413,24 ; 6.013.700,26 ; 11.205.674,31 ;;;;
CE;2301851;BANABUIU; 20.141.658,36 ; 10.675.641,31 ; 11.065.322,55 ; 2.188.724,08 ; 23.929.687,94 ; 44.071.346,30 ;;;;
CE;2301901;BARBALHA; 55.060.725,66 ; 29.183.721,95 ; 34.260.112,54 ; -   ; 63.443.834,49 ; 118.504.560,15 ;;;;
CE;2301950;BARREIRA; 26.762.588,63 ; 14.184.919,21 ; 21.215.279,43 ; 3.191.339,41 ; 38.591.538,05 ; 65.354.126,68 ;;;;
CE;2302008;BARRO; 15.032.168,69 ; 7.967.469,12 ; 7.876.039,16 ; 1.988.456,90 ; 17.831.965,18 ; 32.864.133,87 ;;;;
CE;2302057;BARROQUINHA; 16.461.490,12 ; 8.725.049,38 ; 9.929.051,63 ; -   ; 18.654.101,01 ; 35.115.591,13 ;;;;
CE;2302107;BATURITE; 37.880.424,90 ; 20.077.682,85 ; 28.487.358,77 ; -   ; 48.565.041,62 ; 86.445.466,52 ;;;;
CE;2302206;BEBERIBE; 56.285.954,01 ; 29.833.127,19 ; 43.119.550,69 ; -   ; 72.952.677,88 ; 129.238.631,89 ;;;;
CE;2302305;BELA CRUZ; 28.034.495,57 ; 14.859.065,40 ; 20.758.610,40 ; 3.165.004,77 ; 38.782.680,57 ; 66.817.176,14 ;;;;
CE;2302404;BOA VIAGEM; 59.752.209,67 ; 31.670.339,47 ; 55.798.560,66 ; 6.743.918,40 ; 94.212.818,53 ; 153.965.028,20 ;;;;
CE;2302503;BREJO SANTO; 49.296.240,07 ; 26.128.383,63 ; 9.690.867,75 ; 6.534.718,48 ; 42.353.969,86 ; 91.650.209,93 ;;;;
CE;2302602;CAMOCIM; 53.699.111,18 ; 28.462.028,26 ; 32.318.069,73 ; 7.216.199,72 ; 67.996.297,71 ; 121.695.408,89 ;;;;
CE;2302701;CAMPOS SALES; 21.262.662,96 ; 11.269.805,04 ; 14.494.158,90 ; -   ; 25.763.963,94 ; 47.026.626,90 ;;;;
CE;2302800;CANINDE; 80.595.571,28 ; 42.717.903,08 ; 57.690.114,13 ; 4.798.627,59 ; 105.206.644,80 ; 185.802.216,08 ;;;;
CE;2302909;CAPISTRANO; 16.654.809,89 ; 8.827.514,26 ; 12.323.669,93 ; 2.013.960,92 ; 23.165.145,11 ; 39.819.955,00 ;;;;
CE;2303006;CARIDADE; 21.151.633,97 ; 11.210.956,58 ; 6.100.821,04 ; 2.644.815,65 ; 19.956.593,27 ; 41.108.227,24 ;;;;
CE;2303105;CARIRE; 20.173.941,18 ; 10.692.752,10 ; 12.199.029,75 ; 2.662.308,85 ; 25.554.090,70 ; 45.728.031,88 ;;;;
CE;2303204;CARIRIACU; 26.299.613,70 ; 13.939.529,58 ; 18.639.517,83 ; 1.700.556,68 ; 34.279.604,09 ; 60.579.217,79 ;;;;
CE;2303303;CARIUS; 18.716.939,18 ; 9.920.500,36 ; 17.218.501,06 ; 2.065.134,27 ; 29.204.135,69 ; 47.921.074,87 ;;;;
CE;2303402;CARNAUBAL; 23.793.314,27 ; 12.611.120,89 ; 24.368.161,17 ; 1.359.958,70 ; 38.339.240,76 ; 62.132.555,03 ;;;;
CE;2303501;CASCAVEL; 73.818.684,50 ; 39.125.963,88 ; 53.357.044,83 ; 9.706.140,60 ; 102.189.149,31 ; 176.007.833,81 ;;;;
CE;2303600;CATARINA; 10.477.349,41 ; 5.553.287,73 ; 5.523.166,46 ; -   ; 11.076.454,19 ; 21.553.803,60 ;;;;
CE;2303659;CATUNDA; 16.016.415,81 ; 8.489.147,57 ; 8.394.762,32 ; 2.246.399,94 ; 19.130.309,83 ; 35.146.725,64 ;;;;
CE;2303709;CAUCAIA; 292.488.527,51 ; 155.027.086,15 ; 155.556.752,17 ; 36.124.885,57 ; 346.708.723,89 ; 639.197.251,40 ;;;;
CE;2303808;CEDRO; 15.690.087,02 ; 8.316.184,20 ; 5.672.831,53 ; 2.091.759,93 ; 16.080.775,66 ; 31.770.862,68 ;;;;
CE;2303907;CHAVAL; 13.399.506,39 ; 7.102.112,52 ; 6.577.614,79 ; -   ; 13.679.727,31 ; 27.079.233,70 ;;;;
CE;2303931;CHORO; 15.084.597,56 ; 7.995.257,88 ; 12.733.046,68 ; 935.062,22 ; 21.663.366,78 ; 36.747.964,34 ;;;;
CE;2303956;CHOROZINHO; 21.911.734,65 ; 11.613.831,16 ; 13.700.308,21 ; 2.883.059,18 ; 28.197.198,55 ; 50.108.933,20 ;;;;
CE;2304004;COREAU; 33.710.137,68 ; 17.867.314,19 ; 27.935.893,72 ; 4.396.714,87 ; 50.199.922,78 ; 83.910.060,46 ;;;;
CE;2304103;CRATEUS; 79.002.082,51 ; 41.873.309,55 ; 75.116.544,57 ; 9.380.866,89 ; 126.370.721,01 ; 205.372.803,52 ;;;;
CE;2304202;CRATO; 92.087.123,19 ; 48.808.746,45 ; 43.656.626,81 ; 12.722.806,55 ; 105.188.179,81 ; 197.275.303,00 ;;;;
CE;2304236;CROATA; 25.287.944,10 ; 13.403.316,44 ; 13.510.444,32 ; 3.553.499,74 ; 30.467.260,50 ; 55.755.204,60 ;;;;
CE;2304251;CRUZ; 33.469.930,04 ; 17.739.997,44 ; 23.669.303,94 ; 5.121.705,52 ; 46.531.006,90 ; 80.000.936,94 ;;;;
CE;2304269;DEPUTADO IRAPUAN PINHEIRO; 11.366.739,42 ; 6.024.689,27 ; 9.948.165,46 ; 1.734.584,47 ; 17.707.439,20 ; 29.074.178,62 ;;;;
CE;2304277;ERERE; 6.519.416,54 ; 3.455.472,80 ; 3.531.732,01 ; -   ; 6.987.204,81 ; 13.506.621,35 ;;;;
CE;2304285;EUSEBIO; 77.111.927,32 ; 40.871.474,52 ; -   ; 9.894.106,08 ; 50.765.580,60 ; 127.877.507,92 ;;;;
CE;2304301;FARIAS BRITO; 20.938.649,09 ; 11.098.068,65 ; 16.859.711,39 ; 2.236.453,28 ; 30.194.233,32 ; 51.132.882,41 ;;;;
CE;2304350;FORQUILHA; 27.792.274,42 ; 14.730.681,43 ; 24.762.837,45 ; -   ; 39.493.518,88 ; 67.285.793,30 ;;;;
CE;2304400;FORTALEZA; 1.454.940.392,51 ; 771.159.031,38 ; 11.047.217,61 ; -   ; 782.206.248,99 ; 2.237.146.641,50 ;;;;
CE;2304459;FORTIM; 16.030.554,58 ; 8.496.641,52 ; 9.015.106,38 ; 2.259.650,82 ; 19.771.398,72 ; 35.801.953,30 ;;;;
CE;2304509;FRECHEIRINHA; 19.360.780,21 ; 10.261.754,08 ; 15.757.266,05 ; -   ; 26.019.020,13 ; 45.379.800,34 ;;;;
CE;2304608;GENERAL SAMPAIO; 9.397.960,39 ; 4.981.181,41 ; 1.755.541,74 ; -   ; 6.736.723,15 ; 16.134.683,54 ;;;;
CE;2304657;GRACA; 19.722.219,16 ; 10.453.326,82 ; 7.844.244,99 ; 1.164.335,38 ; 19.461.907,19 ; 39.184.126,35 ;;;;
CE;2304707;GRANJA; 61.581.301,16 ; 32.639.809,03 ; 46.687.989,31 ; 7.436.011,54 ; 86.763.809,88 ; 148.345.111,04 ;;;;
CE;2304806;GRANJEIRO; 6.363.809,85 ; 3.372.996,91 ; 4.146.609,95 ; 789.103,26 ; 8.308.710,12 ; 14.672.519,97 ;;;;
CE;2304905;GROAIRAS; 10.687.319,36 ; 5.664.577,66 ; 4.358.068,65 ; 1.357.266,32 ; 11.379.912,63 ; 22.067.231,99 ;;;;
CE;2304954;GUAIUBA; 27.487.042,02 ; 14.568.899,73 ; 24.838.703,56 ; -   ; 39.407.603,29 ; 66.894.645,31 ;;;;
CE;2305001;GUARACIABA DO NORTE; 51.298.530,18 ; 27.189.653,30 ; 41.012.953,23 ; 6.517.259,19 ; 74.719.865,72 ; 126.018.395,90 ;;;;
CE;2305100;GUARAMIRANGA; 7.878.848,19 ; 4.176.009,53 ; 5.127.518,40 ; 853.450,51 ; 10.156.978,44 ; 18.035.826,63 ;;;;
CE;2305209;HIDROLANDIA; 15.863.596,89 ; 8.408.149,28 ; 10.340.202,95 ; 2.055.715,72 ; 20.804.067,95 ; 36.667.664,84 ;;;;
CE;2305233;HORIZONTE; 72.660.740,28 ; 38.512.221,11 ; 41.253.410,54 ; -   ; 79.765.631,65 ; 152.426.371,93 ;;;;
CE;2305266;IBARETAMA; 13.567.332,08 ; 7.191.064,82 ; 8.950.594,73 ; 855.222,07 ; 16.996.881,62 ; 30.564.213,70 ;;;;
CE;2305308;IBIAPINA; 25.887.189,67 ; 13.720.933,32 ; 15.957.138,75 ; -   ; 29.678.072,07 ; 55.565.261,74 ;;;;
CE;2305332;IBICUITINGA; 16.970.995,41 ; 8.995.101,41 ; 12.250.073,97 ; 1.026.807,05 ; 22.271.982,43 ; 39.242.977,84 ;;;;
CE;2305357;ICAPUI; 20.117.934,93 ; 10.663.067,23 ; 5.792.574,52 ; -   ; 16.455.641,75 ; 36.573.576,68 ;;;;
CE;2305407;ICO; 63.019.549,92 ; 33.402.121,02 ; 49.094.288,52 ; 6.388.828,14 ; 88.885.237,68 ; 151.904.787,60 ;;;;
CE;2305506;IGUATU; 74.790.111,68 ; 39.640.847,40 ; 49.777.596,18 ; -   ; 89.418.443,58 ; 164.208.555,26 ;;;;
CE;2305605;INDEPENDENCIA; 22.171.291,40 ; 11.751.403,48 ; 20.589.145,88 ; 2.990.633,17 ; 35.331.182,53 ; 57.502.473,93 ;;;;
CE;2305654;IPAPORANGA; 15.617.664,48 ; 8.277.798,24 ; 13.975.887,12 ; 1.965.408,29 ; 24.219.093,65 ; 39.836.758,13 ;;;;
CE;2305704;IPAUMIRIM; 10.480.665,46 ; 5.555.045,32 ; 4.869.893,55 ; 1.449.909,80 ; 11.874.848,67 ; 22.355.514,13 ;;;;
CE;2305803;IPU; 43.477.635,25 ; 23.044.360,62 ; 28.637.018,93 ; 5.278.136,93 ; 56.959.516,48 ; 100.437.151,73 ;;;;
CE;2305902;IPUEIRAS; 43.352.234,86 ; 22.977.894,91 ; 38.346.295,54 ; 5.959.164,45 ; 67.283.354,90 ; 110.635.589,76 ;;;;
CE;2306009;IRACEMA; 13.063.177,30 ; 6.923.848,71 ; 7.377.305,60 ; -   ; 14.301.154,31 ; 27.364.331,61 ;;;;
CE;2306108;IRAUCUBA; 33.428.818,13 ; 17.718.206,97 ; 25.774.793,69 ; 4.175.309,80 ; 47.668.310,46 ; 81.097.128,59 ;;;;
CE;2306207;ITAICABA; 7.165.016,26 ; 3.797.658,68 ; 4.836.803,10 ; 429.012,23 ; 9.063.474,01 ; 16.228.490,27 ;;;;
CE;2306256;ITAITINGA; 65.907.115,18 ; 34.932.611,24 ; 51.817.137,10 ; 7.725.145,03 ; 94.474.893,37 ; 160.382.008,55 ;;;;
CE;2306306;ITAPAJE; 47.252.769,12 ; 25.045.286,97 ; 37.161.896,28 ; 6.236.332,45 ; 68.443.515,70 ; 115.696.284,82 ;;;;
CE;2306405;ITAPIPOCA; 180.524.110,28 ; 95.682.818,86 ; 178.905.357,16 ; 20.853.807,01 ; 295.441.983,03 ; 475.966.093,31 ;;;;
CE;2306504;ITAPIUNA; 14.786.545,91 ; 7.837.282,19 ; 5.228.113,95 ; 1.930.624,88 ; 14.996.021,02 ; 29.782.566,93 ;;;;
CE;2306553;ITAREMA; 39.003.147,49 ; 20.672.757,17 ; 22.215.285,82 ; 4.831.041,35 ; 47.719.084,34 ; 86.722.231,83 ;;;;
CE;2306603;ITATIRA; 36.088.316,78 ; 19.127.815,52 ; 16.655.761,25 ; -   ; 35.783.576,77 ; 71.871.893,55 ;;;;
CE;2306702;JAGUARETAMA; 17.666.030,37 ; 9.363.489,35 ; 11.111.761,32 ; 1.154.859,63 ; 21.630.110,30 ; 39.296.140,67 ;;;;
CE;2306801;JAGUARIBARA; 14.848.520,83 ; 7.870.130,62 ; 9.927.436,81 ; 941.869,56 ; 18.739.436,99 ; 33.587.957,82 ;;;;
CE;2306900;JAGUARIBE; 38.336.358,79 ; 20.319.340,54 ; 22.661.716,89 ; -   ; 42.981.057,43 ; 81.317.416,22 ;;;;
CE;2307007;JAGUARUANA; 32.414.074,97 ; 17.180.364,77 ; 22.861.199,44 ; 1.899.164,54 ; 41.940.728,75 ; 74.354.803,72 ;;;;
CE;2307106;JARDIM; 26.634.940,48 ; 14.117.262,13 ; 17.889.462,62 ; -   ; 32.006.724,75 ; 58.641.665,23 ;;;;
CE;2307205;JATI; 7.641.070,90 ; 4.049.980,92 ; 1.883.427,14 ; -   ; 5.933.408,06 ; 13.574.478,96 ;;;;
CE;2307254;JIJOCA DE JERICOACOARA; 31.717.926,89 ; 16.811.386,85 ; 19.822.424,76 ; 4.830.796,05 ; 41.464.607,66 ; 73.182.534,55 ;;;;
CE;2307304;JUAZEIRO DO NORTE; 170.384.892,69 ; 90.308.750,44 ; 67.728.833,77 ; -   ; 158.037.584,21 ; 328.422.476,90 ;;;;
CE;2307403;JUCAS; 25.618.224,70 ; 13.578.374,37 ; 18.428.301,70 ; 3.164.168,72 ; 35.170.844,79 ; 60.789.069,49 ;;;;
CE;2307502;LAVRAS DA MANGABEIRA; 21.733.622,33 ; 11.519.426,66 ; 13.361.156,58 ; -   ; 24.880.583,24 ; 46.614.205,57 ;;;;
CE;2307601;LIMOEIRO DO NORTE; 44.543.260,48 ; 23.609.171,74 ; 29.384.249,59 ; 6.004.945,76 ; 58.998.367,09 ; 103.541.627,57 ;;;;
CE;2307635;MADALENA; 26.522.097,60 ; 14.057.452,25 ; 22.590.792,94 ; 3.290.713,86 ; 39.938.959,05 ; 66.461.056,65 ;;;;
CE;2307650;MARACANAU; 226.559.777,71 ; 120.083.007,95 ; 134.835.257,21 ; 15.493.847,17 ; 270.412.112,33 ; 496.971.890,04 ;;;;
CE;2307700;MARANGUAPE; 87.422.312,30 ; 46.336.266,43 ; 61.218.594,49 ; -   ; 107.554.860,92 ; 194.977.173,22 ;;;;
CE;2307809;MARCO; 32.390.547,39 ; 17.167.894,49 ; 22.790.421,27 ; 4.352.299,24 ; 44.310.615,00 ; 76.701.162,39 ;;;;
CE;2307908;MARTINOPOLE; 12.429.092,02 ; 6.587.765,81 ; 6.913.601,52 ; -   ; 13.501.367,33 ; 25.930.459,35 ;;;;
CE;2308005;MASSAPE; 45.095.367,84 ; 23.901.804,06 ; 34.185.289,17 ; 5.402.755,01 ; 63.489.848,24 ; 108.585.216,08 ;;;;
CE;2308104;MAURITI; 45.513.199,90 ; 24.123.266,72 ; 27.146.315,25 ; 5.900.206,66 ; 57.169.788,63 ; 102.682.988,53 ;;;;
CE;2308203;MERUOCA; 16.562.395,23 ; 8.778.531,91 ; 11.000.096,15 ; 2.255.238,18 ; 22.033.866,24 ; 38.596.261,47 ;;;;
CE;2308302;MILAGRES; 23.387.750,58 ; 12.396.160,81 ; 15.181.828,37 ; 2.822.374,39 ; 30.400.363,57 ; 53.788.114,15 ;;;;
CE;2308351;MILHA; 13.112.302,27 ; 6.949.886,32 ; 8.564.372,58 ; 1.907.198,21 ; 17.421.457,11 ; 30.533.759,38 ;;;;
CE;2308377;MIRAIMA; 14.912.195,11 ; 7.903.879,78 ; 11.008.668,78 ; 1.673.124,49 ; 20.585.673,05 ; 35.497.868,16 ;;;;
CE;2308401;MISSAO VELHA; 35.128.999,02 ; 18.619.350,31 ; 23.162.700,62 ; -   ; 41.782.050,93 ; 76.911.049,95 ;;;;
CE;2308500;MOMBACA; 40.749.268,55 ; 21.598.250,10 ; 31.639.263,57 ; -   ; 53.237.513,67 ; 93.986.782,22 ;;;;
CE;2308609;MONSENHOR TABOSA; 20.653.990,95 ; 10.947.191,88 ; 7.245.261,50 ; 2.729.460,06 ; 20.921.913,44 ; 41.575.904,39 ;;;;
CE;2308708;MORADA NOVA; 43.379.289,42 ; 22.992.234,59 ; 6.836.518,46 ; -   ; 29.828.753,05 ; 73.208.042,47 ;;;;
CE;2308807;MORAUJO; 12.169.080,72 ; 6.449.952,56 ; 13.229.811,85 ; 1.364.461,53 ; 21.044.225,94 ; 33.213.306,66 ;;;;
CE;2308906;MORRINHOS; 20.817.815,67 ; 11.034.023,56 ; 13.335.842,54 ; -   ; 24.369.866,10 ; 45.187.681,77 ;;;;
CE;2309003;MUCAMBO; 15.249.681,25 ; 8.082.756,85 ; 10.104.140,25 ; -   ; 18.186.897,10 ; 33.436.578,35 ;;;;
CE;2309102;MULUNGU; 14.880.852,47 ; 7.887.267,30 ; 14.570.579,85 ; 832.841,11 ; 23.290.688,26 ; 38.171.540,73 ;;;;
CE;2309201;NOVA OLINDA; 16.588.761,07 ; 8.792.506,54 ; 13.774.243,69 ; 2.288.580,53 ; 24.855.330,76 ; 41.444.091,83 ;;;;
CE;2309300;NOVA RUSSAS; 34.757.486,57 ; 18.422.438,35 ; 26.957.391,08 ; -   ; 45.379.829,43 ; 80.137.316,00 ;;;;
CE;2309409;NOVO ORIENTE; 33.752.299,77 ; 17.889.661,28 ; 20.668.058,25 ; 4.667.661,27 ; 43.225.380,80 ; 76.977.680,57 ;;;;
CE;2309458;OCARA; 24.818.090,55 ; 13.154.280,94 ; 18.578.459,43 ; -   ; 31.732.740,37 ; 56.550.830,92 ;;;;
CE;2309508;OROS; 19.181.101,78 ; 10.166.519,50 ; 8.219.224,96 ; 2.412.164,12 ; 20.797.908,58 ; 39.979.010,36 ;;;;
CE;2309607;PACAJUS; 60.845.352,51 ; 32.249.735,70 ; 39.661.944,80 ; -   ; 71.911.680,50 ; 132.757.033,01 ;;;;
CE;2309706;PACATUBA; 63.677.474,40 ; 33.750.839,37 ; 43.430.006,96 ; -   ; 77.180.846,33 ; 140.858.320,73 ;;;;
CE;2309805;PACOTI; 13.042.021,11 ; 6.912.635,33 ; 10.271.313,41 ; 1.508.235,05 ; 18.692.183,79 ; 31.734.204,90 ;;;;
CE;2309904;PACUJA; 7.720.226,34 ; 4.091.935,52 ; 1.727.531,66 ; -   ; 5.819.467,18 ; 13.539.693,52 ;;;;
CE;2310001;PALHANO; 8.261.858,14 ; 4.379.015,49 ; 4.745.166,89 ; 536.677,65 ; 9.660.860,03 ; 17.922.718,17 ;;;;
CE;2310100;PALMACIA; 9.857.831,63 ; 5.224.926,00 ; 5.001.060,31 ; 1.254.926,41 ; 11.480.912,72 ; 21.338.744,35 ;;;;
CE;2310209;PARACURU; 42.693.286,92 ; 22.628.634,11 ; 31.343.000,63 ; 5.747.305,53 ; 59.718.940,27 ; 102.412.227,19 ;;;;
CE;2310258;PARAIPABA; 42.683.538,85 ; 22.623.467,35 ; 42.946.673,39 ; 4.890.518,55 ; 70.460.659,29 ; 113.144.198,14 ;;;;
CE;2310308;PARAMBU; 28.191.161,55 ; 14.942.102,75 ; 19.236.662,91 ; 1.855.229,61 ; 36.033.995,27 ; 64.225.156,82 ;;;;
CE;2310407;PARAMOTI; 12.568.166,27 ; 6.661.479,03 ; 9.155.025,02 ; 1.459.259,99 ; 17.275.764,04 ; 29.843.930,31 ;;;;
CE;2310506;PEDRA BRANCA; 40.124.112,01 ; 21.266.899,66 ; 26.458.294,09 ; 5.172.364,49 ; 52.897.558,24 ; 93.021.670,25 ;;;;
CE;2310605;PENAFORTE; 8.821.771,44 ; 4.675.785,18 ; 4.789.361,37 ; 585.493,68 ; 10.050.640,23 ; 18.872.411,67 ;;;;
CE;2310704;PENTECOSTE; 35.437.385,71 ; 18.782.803,87 ; 21.851.837,95 ; 4.533.090,27 ; 45.167.732,09 ; 80.605.117,80 ;;;;
CE;2310803;PEREIRO; 23.056.098,20 ; 12.220.375,80 ; 16.039.800,33 ; 3.093.153,85 ; 31.353.329,98 ; 54.409.428,18 ;;;;
CE;2310852;PINDORETAMA; 28.963.597,42 ; 15.351.515,33 ; 24.868.966,47 ; 3.110.959,53 ; 43.331.441,33 ; 72.295.038,75 ;;;;
CE;2310902;PIQUET CARNEIRO; 15.749.862,64 ; 8.347.866,95 ; 9.994.408,42 ; 2.061.137,38 ; 20.403.412,75 ; 36.153.275,39 ;;;;
CE;2310951;PIRES FERREIRA; 10.713.237,68 ; 5.678.315,09 ; 8.477.726,61 ; 1.450.755,12 ; 15.606.796,82 ; 26.320.034,50 ;;;;
CE;2311009;PORANGA; 18.062.334,89 ; 9.573.541,81 ; 19.382.332,21 ; 2.260.402,69 ; 31.216.276,71 ; 49.278.611,60 ;;;;
CE;2311108;PORTEIRAS; 23.857.582,08 ; 12.645.184,63 ; 21.073.438,87 ; 2.954.844,72 ; 36.673.468,22 ; 60.531.050,30 ;;;;
CE;2311207;POTENGI; 10.889.784,09 ; 5.771.889,62 ; 11.375.927,33 ; 597.576,55 ; 17.745.393,50 ; 28.635.177,59 ;;;;
CE;2311231;POTIRETAMA; 9.748.297,57 ; 5.166.869,90 ; 7.036.491,87 ; 1.222.780,62 ; 13.426.142,39 ; 23.174.439,96 ;;;;
CE;2311264;QUITERIANOPOLIS; 29.611.182,51 ; 15.694.753,50 ; 21.897.186,23 ; 3.550.117,99 ; 41.142.057,72 ; 70.753.240,23 ;;;;
CE;2311306;QUIXADA; 71.303.640,55 ; 37.792.920,36 ; 49.351.973,68 ; 8.751.583,00 ; 95.896.477,04 ; 167.200.117,59 ;;;;
CE;2311355;QUIXELO; 19.119.963,86 ; 10.134.114,70 ; 14.103.765,92 ; -   ; 24.237.880,62 ; 43.357.844,48 ;;;;
CE;2311405;QUIXERAMOBIM; 85.045.037,97 ; 45.076.244,67 ; 71.958.703,62 ; -   ; 117.034.948,29 ; 202.079.986,26 ;;;;
CE;2311504;QUIXERE; 17.281.838,56 ; 9.159.856,96 ; 7.656.009,81 ; -   ; 16.815.866,77 ; 34.097.705,33 ;;;;
CE;2311603;REDENCAO; 28.041.611,30 ; 14.862.836,94 ; 20.583.109,65 ; 3.526.004,23 ; 38.971.950,82 ; 67.013.562,12 ;;;;
CE;2311702;RERIUTABA; 22.311.698,15 ; 11.825.822,99 ; 17.644.384,81 ; 2.603.794,87 ; 32.074.002,67 ; 54.385.700,82 ;;;;
CE;2311801;RUSSAS; 73.267.244,78 ; 38.833.685,43 ; 55.034.015,01 ; -   ; 93.867.700,44 ; 167.134.945,22 ;;;;
CE;2311900;SABOEIRO; 15.050.035,83 ; 7.976.939,20 ; 11.395.045,90 ; -   ; 19.371.985,10 ; 34.422.020,93 ;;;;
CE;2311959;SALITRE; 25.342.287,94 ; 13.432.120,19 ; 24.424.736,72 ; -   ; 37.856.856,91 ; 63.199.144,85 ;;;;
CE;2312205;SANTA QUITERIA; 43.213.969,25 ; 22.904.610,27 ; 33.877.976,51 ; 4.923.857,35 ; 61.706.444,13 ; 104.920.413,38 ;;;;
CE;2312007;SANTANA DO ACARAU; 24.340.179,35 ; 12.900.974,66 ; 12.439.491,52 ; 3.259.324,58 ; 28.599.790,76 ; 52.939.970,11 ;;;;
CE;2312106;SANTANA DO CARIRI; 16.634.353,77 ; 8.816.671,95 ; 10.631.356,77 ; 2.171.053,15 ; 21.619.081,87 ; 38.253.435,64 ;;;;
CE;2312304;SAO BENEDITO; 57.310.595,62 ; 30.376.215,85 ; 52.686.451,93 ; 7.697.538,86 ; 90.760.206,64 ; 148.070.802,26 ;;;;
CE;2312403;SAO GONCALO DO AMARANTE; 75.402.240,13 ; 39.965.292,57 ; -   ; -   ; 39.965.292,57 ; 115.367.532,70 ;;;;
CE;2312502;SAO JOAO DO JAGUARIBE; 5.185.631,98 ; 2.748.529,73 ; 1.892.995,29 ; 327.628,47 ; 4.969.153,49 ; 10.154.785,47 ;;;;
CE;2312601;SAO LUIS DO CURU; 12.908.522,32 ; 6.841.877,24 ; 14.230.294,86 ; 1.432.055,14 ; 22.504.227,24 ; 35.412.749,56 ;;;;
CE;2312700;SENADOR POMPEU; 16.056.600,51 ; 8.510.446,58 ; 6.303.851,72 ; 2.254.671,30 ; 17.068.969,60 ; 33.125.570,11 ;;;;
CE;2312809;SENADOR SA; 11.417.204,00 ; 6.051.436,90 ; 10.033.613,67 ; 1.357.589,34 ; 17.442.639,91 ; 28.859.843,91 ;;;;
CE;2312908;SOBRAL; 183.691.259,54 ; 97.361.496,39 ; 96.417.750,45 ; 28.063.968,20 ; 221.843.215,04 ; 405.534.474,58 ;;;;
CE;2313005;SOLONOPOLE; 16.933.657,80 ; 8.975.311,44 ; 1.322.189,33 ; 2.104.754,42 ; 12.402.255,19 ; 29.335.912,99 ;;;;
CE;2313104;TABULEIRO DO NORTE; 21.179.526,80 ; 11.225.740,56 ; 10.474.357,43 ; 1.344.918,14 ; 23.045.016,13 ; 44.224.542,93 ;;;;
CE;2313203;TAMBORIL; 27.797.125,09 ; 14.733.252,42 ; 21.032.711,62 ; 3.932.244,06 ; 39.698.208,10 ; 67.495.333,19 ;;;;
CE;2313252;TARRAFAS; 7.266.098,73 ; 3.851.235,21 ; 4.900.543,66 ; -   ; 8.751.778,87 ; 16.017.877,60 ;;;;
CE;2313302;TAUA; 63.035.419,97 ; 33.410.532,59 ; 48.480.813,10 ; 7.457.019,88 ; 89.348.365,57 ; 152.383.785,54 ;;;;
CE;2313351;TEJUCUOCA; 27.805.394,47 ; 14.737.635,43 ; 22.412.316,32 ; 3.147.085,72 ; 40.297.037,47 ; 68.102.431,94 ;;;;
CE;2313401;TIANGUA; 88.786.693,39 ; 47.059.426,51 ; 73.101.213,96 ; 11.424.316,95 ; 131.584.957,42 ; 220.371.650,81 ;;;;
CE;2313500;TRAIRI; 64.023.981,16 ; 33.934.497,62 ; 44.998.190,26 ; 8.204.587,30 ; 87.137.275,18 ; 151.161.256,34 ;;;;
CE;2313559;TURURU; 21.415.999,98 ; 11.351.077,95 ; 18.630.020,39 ; -   ; 29.981.098,34 ; 51.397.098,32 ;;;;
CE;2313609;UBAJARA; 41.017.688,27 ; 21.740.520,03 ; 34.190.732,37 ; 4.895.551,32 ; 60.826.803,72 ; 101.844.491,99 ;;;;
CE;2313708;UMARI; 6.704.735,49 ; 3.553.697,01 ; 4.632.838,55 ; 741.569,91 ; 8.928.105,47 ; 15.632.840,96 ;;;;
CE;2313757;UMIRIM; 22.582.742,38 ; 11.969.483,99 ; 21.304.101,68 ; 1.309.640,97 ; 34.583.226,64 ; 57.165.969,02 ;;;;
CE;2313807;URUBURETAMA; 27.113.948,30 ; 14.371.149,65 ; 22.788.231,81 ; 3.093.348,24 ; 40.252.729,70 ; 67.366.678,00 ;;;;
CE;2313906;URUOCA; 16.108.371,15 ; 8.537.886,47 ; 10.138.220,29 ; -   ; 18.676.106,76 ; 34.784.477,91 ;;;;
CE;2313955;VARJOTA; 23.783.598,24 ; 12.605.971,12 ; 13.236.446,08 ; 2.868.332,50 ; 28.710.749,70 ; 52.494.347,94 ;;;;
CE;2314003;VARZEA ALEGRE; 37.147.060,64 ; 19.688.979,32 ; 31.517.606,12 ; 4.959.981,21 ; 56.166.566,65 ; 93.313.627,29 ;;;;
CE;2314102;VICOSA DO CEARA; 83.178.594,80 ; 44.086.977,67 ; 84.958.883,93 ; -   ; 129.045.861,60 ; 212.224.456,40 ;;;;
CE;23;GOVERNO DO ESTADO; 2.681.181.206,96 ; 1.421.100.900,90 ; -   ; -   ; 1.421.100.900,90 ; 4.102.282.107,86 ;;;;
DF;53;GOVERNO DO ESTADO; 3.533.298.761,67 ; -   ; -   ; -   ; -   ; 3.533.298.761,67 ;;;;
ES;3200102;AFONSO CLAUDIO; 33.101.216,82 ; -   ; 5.936.974,38 ; 2.761.764,14 ; 8.698.738,52 ; 41.799.955,34 ;;;;
ES;3200169;AGUA DOCE DO NORTE; 13.333.069,41 ; -   ; 1.095.189,38 ; 1.167.023,41 ; 2.262.212,79 ; 15.595.282,20 ;;;;
ES;3200136;AGUIA BRANCA; 13.069.835,79 ; -   ; 584.675,84 ; 1.065.845,40 ; 1.650.521,24 ; 14.720.357,03 ;;;;
ES;3200201;ALEGRE; 21.117.676,13 ; -   ; 305.142,24 ; 1.748.827,70 ; 2.053.969,94 ; 23.171.646,07 ;;;;
ES;3200300;ALFREDO CHAVES; 18.987.475,23 ; -   ; 206.532,85 ; -   ; 206.532,85 ; 19.194.008,08 ;;;;
ES;3200359;ALTO RIO NOVO; 8.395.379,83 ; -   ; 476.929,47 ; 681.622,84 ; 1.158.552,31 ; 9.553.932,14 ;;;;
ES;3200409;ANCHIETA; 55.336.197,80 ; -   ; -   ; 4.609.054,09 ; 4.609.054,09 ; 59.945.251,89 ;;;;
ES;3200508;APIACA; 8.421.543,95 ; -   ; 665.124,44 ; -   ; 665.124,44 ; 9.086.668,39 ;;;;
ES;3200607;ARACRUZ; 133.378.626,55 ; -   ; -   ; -   ; -   ; 133.378.626,55 ;;;;
ES;3200706;ATILIO VIVACQUA; 18.987.757,53 ; -   ; 3.109.400,46 ; -   ; 3.109.400,46 ; 22.097.157,99 ;;;;
ES;3200805;BAIXO GUANDU; 35.083.047,62 ; -   ; 1.695.539,14 ; -   ; 1.695.539,14 ; 36.778.586,76 ;;;;
ES;3200904;BARRA DE SAO FRANCISCO; 49.765.246,04 ; -   ; 11.029.951,04 ; -   ; 11.029.951,04 ; 60.795.197,08 ;;;;
ES;3201001;BOA ESPERANCA; 17.859.002,50 ; -   ; 1.615.305,09 ; -   ; 1.615.305,09 ; 19.474.307,59 ;;;;
ES;3201100;BOM JESUS DO NORTE; 10.999.746,19 ; -   ; 488.209,34 ; 822.829,14 ; 1.311.038,48 ; 12.310.784,67 ;;;;
ES;3201159;BREJETUBA; 16.829.196,89 ; -   ; 4.540.519,32 ; 650.501,37 ; 5.191.020,69 ; 22.020.217,58 ;;;;
ES;3201209;CACHOEIRO DE ITAPEMIRIM; 208.069.979,83 ; -   ; 33.221.144,17 ; 17.595.606,52 ; 50.816.750,69 ; 258.886.730,52 ;;;;
ES;3201308;CARIACICA; 445.961.303,32 ; -   ; 96.054.947,28 ; -   ; 96.054.947,28 ; 542.016.250,60 ;;;;
ES;3201407;CASTELO; 46.204.480,75 ; -   ; 9.349.324,60 ; 3.589.404,81 ; 12.938.729,41 ; 59.143.210,16 ;;;;
ES;3201506;COLATINA; 132.288.543,91 ; -   ; 6.222.988,88 ; -   ; 6.222.988,88 ; 138.511.532,79 ;;;;
ES;3201605;CONCEICAO DA BARRA; 49.619.559,87 ; -   ; 13.930.620,99 ; -   ; 13.930.620,99 ; 63.550.180,86 ;;;;
ES;3201704;CONCEICAO DO CASTELO; 13.562.411,89 ; -   ; 1.843.481,39 ; 1.151.792,79 ; 2.995.274,18 ; 16.557.686,07 ;;;;
ES;3201803;DIVINO DE SAO LOURENCO; 3.554.292,74 ; -   ; -   ; 339.502,26 ; 339.502,26 ; 3.893.795,00 ;;;;
ES;3201902;DOMINGOS MARTINS; 48.983.492,66 ; -   ; 7.369.116,86 ; -   ; 7.369.116,86 ; 56.352.609,52 ;;;;
ES;3202009;DORES DO RIO PRETO; 8.810.751,67 ; -   ; 2.246.368,19 ; 676.313,81 ; 2.922.682,00 ; 11.733.433,67 ;;;;
ES;3202108;ECOPORANGA; 18.385.174,51 ; -   ; -   ; 1.548.769,62 ; 1.548.769,62 ; 19.933.944,13 ;;;;
ES;3202207;FUNDAO; 22.926.563,92 ; -   ; 267.564,78 ; -   ; 267.564,78 ; 23.194.128,70 ;;;;
ES;3202256;GOVERNADOR LINDENBERG; 11.846.761,13 ; -   ; 4.840.540,11 ; 1.056.306,36 ; 5.896.846,47 ; 17.743.607,60 ;;;;
ES;3202306;GUACUI; 39.309.947,64 ; -   ; 6.807.376,02 ; -   ; 6.807.376,02 ; 46.117.323,66 ;;;;
ES;3202405;GUARAPARI; 178.811.561,48 ; -   ; 14.493.556,20 ; 15.391.479,87 ; 29.885.036,07 ; 208.696.597,55 ;;;;
ES;3202454;IBATIBA; 38.794.347,35 ; -   ; 11.267.774,51 ; -   ; 11.267.774,51 ; 50.062.121,86 ;;;;
ES;3202504;IBIRACU; 10.868.695,32 ; -   ; -   ; -   ; -   ; 10.868.695,32 ;;;;
ES;3202553;IBITIRAMA; 15.487.183,86 ; -   ; 4.999.933,89 ; -   ; 4.999.933,89 ; 20.487.117,75 ;;;;
ES;3202603;ICONHA; 13.108.076,98 ; -   ; -   ; 1.184.284,65 ; 1.184.284,65 ; 14.292.361,63 ;;;;
ES;3202652;IRUPI; 17.035.313,05 ; -   ; 3.810.815,53 ; -   ; 3.810.815,53 ; 20.846.128,58 ;;;;
ES;3202702;ITAGUACU; 12.562.453,74 ; -   ; 86.633,46 ; 1.027.548,14 ; 1.114.181,60 ; 13.676.635,34 ;;;;
ES;3202801;ITAPEMIRIM; 65.630.987,66 ; -   ; -   ; 2.589.371,70 ; 2.589.371,70 ; 68.220.359,36 ;;;;
ES;3202900;ITARANA; 10.127.583,39 ; -   ; 1.452.551,61 ; 915.200,48 ; 2.367.752,09 ; 12.495.335,48 ;;;;
ES;3203007;IUNA; 27.263.658,74 ; -   ; -   ; 2.267.967,38 ; 2.267.967,38 ; 29.531.626,12 ;;;;
ES;3203056;JAGUARE; 53.107.929,51 ; -   ; 13.883.143,49 ; 4.132.925,19 ; 18.016.068,68 ; 71.123.998,19 ;;;;
ES;3203106;JERONIMO MONTEIRO; 11.990.936,30 ; -   ; -   ; 1.028.367,87 ; 1.028.367,87 ; 13.019.304,17 ;;;;
ES;3203130;JOAO NEIVA; 16.689.546,74 ; -   ; -   ; -   ; -   ; 16.689.546,74 ;;;;
ES;3203163;LARANJA DA TERRA; 14.438.769,79 ; -   ; 4.274.576,47 ; -   ; 4.274.576,47 ; 18.713.346,26 ;;;;
ES;3203205;LINHARES; 224.853.019,49 ; -   ; 6.463.534,57 ; 19.258.361,56 ; 25.721.896,13 ; 250.574.915,62 ;;;;
ES;3203304;MANTENOPOLIS; 13.658.335,08 ; -   ; 1.363.082,96 ; 1.232.432,51 ; 2.595.515,47 ; 16.253.850,55 ;;;;
ES;3203320;MARATAIZES; 72.992.945,03 ; -   ; 6.772.067,11 ; -   ; 6.772.067,11 ; 79.765.012,14 ;;;;
ES;3203346;MARECHAL FLORIANO; 24.405.885,87 ; -   ; 5.384.972,91 ; -   ; 5.384.972,91 ; 29.790.858,78 ;;;;
ES;3203353;MARILANDIA; 13.866.131,57 ; -   ; 1.572.607,02 ; -   ; 1.572.607,02 ; 15.438.738,59 ;;;;
ES;3203403;MIMOSO DO SUL; 21.812.431,60 ; -   ; -   ; -   ; -   ; 21.812.431,60 ;;;;
ES;3203502;MONTANHA; 26.615.678,60 ; -   ; 4.768.121,59 ; 1.033.484,75 ; 5.801.606,34 ; 32.417.284,94 ;;;;
ES;3203601;MUCURICI; 7.401.883,79 ; -   ; 83.562,55 ; -   ; 83.562,55 ; 7.485.446,34 ;;;;
ES;3203700;MUNIZ FREIRE; 23.358.738,55 ; -   ; 4.129.456,45 ; 1.869.222,29 ; 5.998.678,74 ; 29.357.417,29 ;;;;
ES;3203809;MUQUI; 13.348.439,51 ; -   ; 533.850,50 ; -   ; 533.850,50 ; 13.882.290,01 ;;;;
ES;3203908;NOVA VENECIA; 63.787.096,75 ; -   ; 6.267.127,96 ; 5.525.828,61 ; 11.792.956,57 ; 75.580.053,32 ;;;;
ES;3204005;PANCAS; 21.478.436,58 ; -   ; 6.321.856,63 ; -   ; 6.321.856,63 ; 27.800.293,21 ;;;;
ES;3204054;PEDRO CANARIO; 25.165.322,50 ; -   ; 635.287,27 ; 2.058.447,48 ; 2.693.734,75 ; 27.859.057,25 ;;;;
ES;3204104;PINHEIROS; 35.457.027,16 ; -   ; 6.358.733,73 ; 2.666.369,49 ; 9.025.103,22 ; 44.482.130,38 ;;;;
ES;3204203;PIUMA; 38.763.346,73 ; -   ; 7.358.214,85 ; 3.209.494,30 ; 10.567.709,15 ; 49.331.055,88 ;;;;
ES;3204252;PONTO BELO; 8.031.632,83 ; -   ; 1.135.355,18 ; 670.898,42 ; 1.806.253,60 ; 9.837.886,43 ;;;;
ES;3204302;PRESIDENTE KENNEDY; 30.904.984,92 ; -   ; -   ; -   ; -   ; 30.904.984,92 ;;;;
ES;3204351;RIO BANANAL; 31.649.839,78 ; -   ; 3.222.747,67 ; -   ; 3.222.747,67 ; 34.872.587,45 ;;;;
ES;3204401;RIO NOVO DO SUL; 11.610.048,97 ; -   ; 1.199.668,21 ; 992.828,87 ; 2.192.497,08 ; 13.802.546,05 ;;;;
ES;3204500;SANTA LEOPOLDINA; 12.899.540,03 ; -   ; 196.889,37 ; 993.932,39 ; 1.190.821,76 ; 14.090.361,79 ;;;;
ES;3204559;SANTA MARIA DE JETIBA; 40.896.114,70 ; -   ; 4.485.727,92 ; 3.258.639,62 ; 7.744.367,54 ; 48.640.482,24 ;;;;
ES;3204609;SANTA TERESA; 24.735.071,77 ; -   ; -   ; 2.182.730,72 ; 2.182.730,72 ; 26.917.802,49 ;;;;
ES;3204658;SAO DOMINGOS DO NORTE; 13.183.853,17 ; -   ; 1.682.976,78 ; 1.003.100,83 ; 2.686.077,61 ; 15.869.930,78 ;;;;
ES;3204708;SAO GABRIEL DA PALHA; 36.923.691,75 ; -   ; 5.919.201,23 ; 1.536.727,43 ; 7.455.928,66 ; 44.379.620,41 ;;;;
ES;3204807;SAO JOSE DO CALCADO; 17.374.703,62 ; -   ; 5.229.390,30 ; -   ; 5.229.390,30 ; 22.604.093,92 ;;;;
ES;3204906;SAO MATEUS; 141.894.080,08 ; -   ; 4.623.357,90 ; -   ; 4.623.357,90 ; 146.517.437,98 ;;;;
ES;3204955;SAO ROQUE DO CANAA; 12.764.750,46 ; -   ; 4.348.233,80 ; 1.160.363,88 ; 5.508.597,68 ; 18.273.348,14 ;;;;
ES;3205002;SERRA; 547.219.092,17 ; -   ; -   ; -   ; -   ; 547.219.092,17 ;;;;
ES;3205010;SOORETAMA; 47.365.354,57 ; -   ; 8.123.081,03 ; -   ; 8.123.081,03 ; 55.488.435,60 ;;;;
ES;3205036;VARGEM ALTA; 22.977.876,64 ; -   ; -   ; -   ; -   ; 22.977.876,64 ;;;;
ES;3205069;VENDA NOVA DO IMIGRANTE; 26.842.571,32 ; -   ; 9.195.380,50 ; 2.326.123,38 ; 11.521.503,88 ; 38.364.075,20 ;;;;
ES;3205101;VIANA; 118.342.561,03 ; -   ; 9.790.584,11 ; -   ; 9.790.584,11 ; 128.133.145,14 ;;;;
ES;3205150;VILA PAVAO; 14.029.228,79 ; -   ; 4.593.536,86 ; 494.600,65 ; 5.088.137,51 ; 19.117.366,30 ;;;;
ES;3205176;VILA VALERIO; 22.852.702,08 ; -   ; 5.220.151,84 ; -   ; 5.220.151,84 ; 28.072.853,92 ;;;;
ES;3205200;VILA VELHA; 451.148.492,63 ; -   ; -   ; -   ; -   ; 451.148.492,63 ;;;;
ES;3205309;VITORIA; 345.150.112,25 ; -   ; -   ; 28.604.706,32 ; 28.604.706,32 ; 373.754.818,57 ;;;;
ES;32;GOVERNO DO ESTADO; 2.117.907.082,75 ; -   ; -   ; -   ; -   ; 2.117.907.082,75 ;;;;
GO;5200050;ABADIA DE GOIAS; 28.849.577,62 ; -   ; 8.421.122,58 ; 2.429.905,63 ; 10.851.028,21 ; 39.700.605,83 ;;;;
GO;5200100;ABADIANIA; 8.950.215,81 ; -   ; -   ; -   ; -   ; 8.950.215,81 ;;;;
GO;5200134;ACREUNA; 16.285.886,21 ; -   ; -   ; -   ; -   ; 16.285.886,21 ;;;;
GO;5200159;ADELANDIA; 1.870.440,54 ; -   ; -   ; -   ; -   ; 1.870.440,54 ;;;;
GO;5200175;AGUA FRIA DE GOIAS; 4.913.186,91 ; -   ; -   ; -   ; -   ; 4.913.186,91 ;;;;
GO;5200209;AGUA LIMPA; 1.710.294,60 ; -   ; -   ; 79.517,18 ; 79.517,18 ; 1.789.811,78 ;;;;
GO;5200258;AGUAS LINDAS DE GOIAS; 195.192.212,89 ; -   ; 62.409.484,08 ; -   ; 62.409.484,08 ; 257.601.696,97 ;;;;
GO;5200308;ALEXANIA; 28.867.299,16 ; -   ; -   ; 2.451.748,51 ; 2.451.748,51 ; 31.319.047,67 ;;;;
GO;5200506;ALOANDIA; 811.797,37 ; -   ; -   ; 41.161,60 ; 41.161,60 ; 852.958,97 ;;;;
GO;5200555;ALTO HORIZONTE; 10.752.788,00 ; -   ; -   ; -   ; -   ; 10.752.788,00 ;;;;
GO;5200605;ALTO PARAISO DE GOIAS; 9.076.877,55 ; -   ; -   ; 793.032,28 ; 793.032,28 ; 9.869.909,83 ;;;;
GO;5200803;ALVORADA DO NORTE; 9.461.880,46 ; -   ; -   ; -   ; -   ; 9.461.880,46 ;;;;
GO;5200829;AMARALINA; 2.364.671,48 ; -   ; -   ; 205.964,43 ; 205.964,43 ; 2.570.635,91 ;;;;
GO;5200852;AMERICANO DO BRASIL; 4.047.277,24 ; -   ; -   ; -   ; -   ; 4.047.277,24 ;;;;
GO;5200902;AMORINOPOLIS; 2.037.247,81 ; -   ; -   ; -   ; -   ; 2.037.247,81 ;;;;
GO;5201108;ANAPOLIS; 300.890.817,79 ; -   ; -   ; -   ; -   ; 300.890.817,79 ;;;;
GO;5201207;ANHANGUERA; 977.018,12 ; -   ; -   ; 35.928,57 ; 35.928,57 ; 1.012.946,69 ;;;;
GO;5201306;ANICUNS; 11.647.931,86 ; -   ; -   ; 1.146.853,70 ; 1.146.853,70 ; 12.794.785,56 ;;;;
GO;5201405;APARECIDA DE GOIANIA; 407.266.841,43 ; -   ; -   ; 34.650.605,40 ; 34.650.605,40 ; 441.917.446,83 ;;;;
GO;5201454;APARECIDA DO RIO DOCE; 4.268.708,64 ; -   ; -   ; 196.857,95 ; 196.857,95 ; 4.465.566,59 ;;;;
GO;5201504;APORE; 5.763.652,32 ; -   ; -   ; -   ; -   ; 5.763.652,32 ;;;;
GO;5201603;ARACU; 2.350.043,65 ; -   ; -   ; 110.675,21 ; 110.675,21 ; 2.460.718,86 ;;;;
GO;5201702;ARAGARCAS; 16.786.226,86 ; -   ; 1.106.922,81 ; 756.817,17 ; 1.863.739,98 ; 18.649.966,84 ;;;;
GO;5201801;ARAGOIANIA; 10.919.165,28 ; -   ; -   ; 1.002.612,73 ; 1.002.612,73 ; 11.921.778,01 ;;;;
GO;5202155;ARAGUAPAZ; 6.486.018,70 ; -   ; -   ; -   ; -   ; 6.486.018,70 ;;;;
GO;5202353;ARENOPOLIS; 3.189.037,42 ; -   ; -   ; -   ; -   ; 3.189.037,42 ;;;;
GO;5202502;ARUANA; 9.607.162,36 ; -   ; -   ; 370.293,50 ; 370.293,50 ; 9.977.455,86 ;;;;
GO;5202601;AURILANDIA; 1.873.601,86 ; -   ; -   ; -   ; -   ; 1.873.601,86 ;;;;
GO;5202809;AVELINOPOLIS; 4.056.654,74 ; -   ; 373.455,71 ; 152.558,48 ; 526.014,19 ; 4.582.668,93 ;;;;
GO;5203104;BALIZA; 2.537.377,52 ; -   ; -   ; -   ; -   ; 2.537.377,52 ;;;;
GO;5203203;BARRO ALTO; 15.167.906,68 ; -   ; -   ; -   ; -   ; 15.167.906,68 ;;;;
GO;5203302;BELA VISTA DE GOIAS; 23.548.208,83 ; -   ; -   ; -   ; -   ; 23.548.208,83 ;;;;
GO;5203401;BOM JARDIM DE GOIAS; 4.588.913,10 ; -   ; -   ; -   ; -   ; 4.588.913,10 ;;;;
GO;5203500;BOM JESUS DE GOIAS; 23.169.121,49 ; -   ; -   ; -   ; -   ; 23.169.121,49 ;;;;
GO;5203559;BONFINOPOLIS; 9.602.400,36 ; -   ; 315.313,45 ; 895.396,76 ; 1.210.710,21 ; 10.813.110,57 ;;;;
GO;5203575;BONOPOLIS; 2.451.060,46 ; -   ; -   ; -   ; -   ; 2.451.060,46 ;;;;
GO;5203609;BRAZABRANTES; 2.631.331,39 ; -   ; -   ; -   ; -   ; 2.631.331,39 ;;;;
GO;5203807;BRITANIA; 5.896.256,95 ; -   ; -   ; 618.707,34 ; 618.707,34 ; 6.514.964,29 ;;;;
GO;5203906;BURITI ALEGRE; 9.893.032,33 ; -   ; 1.113.450,70 ; -   ; 1.113.450,70 ; 11.006.483,03 ;;;;
GO;5203939;BURITI DE GOIAS; 3.445.188,37 ; -   ; 73.186,99 ; 289.723,78 ; 362.910,77 ; 3.808.099,14 ;;;;
GO;5203962;BURITINOPOLIS; 3.699.260,05 ; -   ; -   ; -   ; -   ; 3.699.260,05 ;;;;
GO;5204003;CABECEIRAS; 6.975.621,83 ; -   ; -   ; 616.362,10 ; 616.362,10 ; 7.591.983,93 ;;;;
GO;5204102;CACHOEIRA ALTA; 8.772.775,51 ; -   ; -   ; -   ; -   ; 8.772.775,51 ;;;;
GO;5204201;CACHOEIRA DE GOIAS; 827.622,83 ; -   ; -   ; -   ; -   ; 827.622,83 ;;;;
GO;5204250;CACHOEIRA DOURADA; 9.783.381,08 ; -   ; -   ; 611.436,16 ; 611.436,16 ; 10.394.817,24 ;;;;
GO;5204300;CACU; 12.432.425,31 ; -   ; -   ; 1.148.458,58 ; 1.148.458,58 ; 13.580.883,89 ;;;;
GO;5204409;CAIAPONIA; 11.888.608,69 ; -   ; -   ; -   ; -   ; 11.888.608,69 ;;;;
GO;5204508;CALDAS NOVAS; 83.290.271,41 ; -   ; -   ; 7.774.599,40 ; 7.774.599,40 ; 91.064.870,81 ;;;;
GO;5204557;CALDAZINHA; 4.014.051,50 ; -   ; -   ; 388.240,37 ; 388.240,37 ; 4.402.291,87 ;;;;
GO;5204607;CAMPESTRE DE GOIAS; 4.250.701,53 ; -   ; -   ; 431.714,48 ; 431.714,48 ; 4.682.416,01 ;;;;
GO;5204656;CAMPINACU; 4.425.260,27 ; -   ; -   ; 383.034,84 ; 383.034,84 ; 4.808.295,11 ;;;;
GO;5204706;CAMPINORTE; 12.034.377,88 ; -   ; 751.142,62 ; 963.955,33 ; 1.715.097,95 ; 13.749.475,83 ;;;;
GO;5204805;CAMPO ALEGRE DE GOIAS; 6.430.276,84 ; -   ; -   ; -   ; -   ; 6.430.276,84 ;;;;
GO;5204854;CAMPO LIMPO DE GOIAS; 9.741.553,62 ; -   ; 3.317.312,28 ; 854.764,01 ; 4.172.076,29 ; 13.913.629,91 ;;;;
GO;5204904;CAMPOS BELOS; 20.548.734,65 ; -   ; 2.157.045,55 ; -   ; 2.157.045,55 ; 22.705.780,20 ;;;;
GO;5204953;CAMPOS VERDES; 2.576.782,54 ; -   ; -   ; -   ; -   ; 2.576.782,54 ;;;;
GO;5205000;CARMO DO RIO VERDE; 6.643.220,97 ; -   ; -   ; 577.018,08 ; 577.018,08 ; 7.220.239,05 ;;;;
GO;5205059;CASTELANDIA; 2.868.082,51 ; -   ; -   ; 282.984,66 ; 282.984,66 ; 3.151.067,17 ;;;;
GO;5205109;CATALAO; 68.988.213,36 ; -   ; -   ; 6.478.171,67 ; 6.478.171,67 ; 75.466.385,03 ;;;;
GO;5205208;CATURAI; 3.489.075,17 ; -   ; -   ; -   ; -   ; 3.489.075,17 ;;;;
GO;5205307;CAVALCANTE; 10.774.616,40 ; -   ; 842.377,54 ; 807.251,61 ; 1.649.629,15 ; 12.424.245,55 ;;;;
GO;5205406;CERES; 17.649.971,71 ; -   ; 637.771,24 ; 652.944,59 ; 1.290.715,83 ; 18.940.687,54 ;;;;
GO;5205455;CEZARINA; 6.500.548,40 ; -   ; -   ; 651.008,00 ; 651.008,00 ; 7.151.556,40 ;;;;
GO;5205471;CHAPADAO DO CEU; 24.876.222,64 ; -   ; -   ; -   ; -   ; 24.876.222,64 ;;;;
GO;5205497;CIDADE OCIDENTAL; 108.959.223,13 ; -   ; 20.295.704,18 ; -   ; 20.295.704,18 ; 129.254.927,31 ;;;;
GO;5205513;COCALZINHO DE GOIAS; 21.759.834,85 ; -   ; 896.193,17 ; 2.108.738,91 ; 3.004.932,08 ; 24.764.766,93 ;;;;
GO;5205521;COLINAS DO SUL; 4.255.578,35 ; -   ; -   ; 317.276,64 ; 317.276,64 ; 4.572.854,99 ;;;;
GO;5205703;CORREGO DO OURO; 1.827.201,89 ; -   ; -   ; 186.049,83 ; 186.049,83 ; 2.013.251,72 ;;;;
GO;5205802;CORUMBA DE GOIAS; 5.443.627,93 ; -   ; -   ; 259.713,04 ; 259.713,04 ; 5.703.340,97 ;;;;
GO;5205901;CORUMBAIBA; 9.942.785,32 ; -   ; -   ; 460.528,84 ; 460.528,84 ; 10.403.314,16 ;;;;
GO;5206206;CRISTALINA; 71.764.844,93 ; -   ; -   ; -   ; -   ; 71.764.844,93 ;;;;
GO;5206305;CRISTIANOPOLIS; 5.726.316,26 ; -   ; -   ; 494.409,46 ; 494.409,46 ; 6.220.725,72 ;;;;
GO;5206404;CRIXAS; 11.363.344,32 ; -   ; -   ; -   ; -   ; 11.363.344,32 ;;;;
GO;5206503;CROMINIA; 2.671.310,60 ; -   ; -   ; -   ; -   ; 2.671.310,60 ;;;;
GO;5206602;CUMARI; 2.003.394,22 ; -   ; -   ; 95.018,73 ; 95.018,73 ; 2.098.412,95 ;;;;
GO;5206701;DAMIANOPOLIS; 3.034.965,64 ; -   ; -   ; 305.422,57 ; 305.422,57 ; 3.340.388,21 ;;;;
GO;5206800;DAMOLANDIA; 2.525.957,98 ; -   ; -   ; 278.995,88 ; 278.995,88 ; 2.804.953,86 ;;;;
GO;5206909;DAVINOPOLIS; 1.568.071,85 ; -   ; -   ; -   ; -   ; 1.568.071,85 ;;;;
GO;5207105;DIORAMA; 1.818.055,62 ; -   ; -   ; -   ; -   ; 1.818.055,62 ;;;;
GO;5208301;DIVINOPOLIS DE GOIAS; 4.581.185,75 ; -   ; -   ; -   ; -   ; 4.581.185,75 ;;;;
GO;5207253;DOVERLANDIA; 7.119.907,21 ; -   ; -   ; 308.811,79 ; 308.811,79 ; 7.428.719,00 ;;;;
GO;5207352;EDEALINA; 4.924.178,14 ; -   ; -   ; 438.096,54 ; 438.096,54 ; 5.362.274,68 ;;;;
GO;5207402;EDEIA; 8.563.352,39 ; -   ; -   ; -   ; -   ; 8.563.352,39 ;;;;
GO;5207501;ESTRELA DO NORTE; 3.843.949,06 ; -   ; -   ; 365.931,70 ; 365.931,70 ; 4.209.880,76 ;;;;
GO;5207535;FAINA; 5.273.545,91 ; -   ; -   ; 441.325,19 ; 441.325,19 ; 5.714.871,10 ;;;;
GO;5207600;FAZENDA NOVA; 3.553.417,84 ; -   ; -   ; 170.491,11 ; 170.491,11 ; 3.723.908,95 ;;;;
GO;5207808;FIRMINOPOLIS; 5.847.653,95 ; -   ; -   ; -   ; -   ; 5.847.653,95 ;;;;
GO;5207907;FLORES DE GOIAS; 11.561.263,00 ; -   ; 109.012,28 ; 876.942,20 ; 985.954,48 ; 12.547.217,48 ;;;;
GO;5208004;FORMOSA; 103.065.621,43 ; -   ; -   ; 8.949.079,59 ; 8.949.079,59 ; 112.014.701,02 ;;;;
GO;5208103;FORMOSO; 2.759.353,64 ; -   ; -   ; -   ; -   ; 2.759.353,64 ;;;;
GO;5208152;GAMELEIRA DE GOIAS; 5.970.823,15 ; -   ; 138.939,80 ; 532.067,61 ; 671.007,41 ; 6.641.830,56 ;;;;
GO;5208400;GOIANAPOLIS; 12.519.531,12 ; -   ; 853.107,72 ; 1.156.083,74 ; 2.009.191,46 ; 14.528.722,58 ;;;;
GO;5208509;GOIANDIRA; 4.596.476,57 ; -   ; -   ; -   ; -   ; 4.596.476,57 ;;;;
GO;5208608;GOIANESIA; 69.079.904,67 ; -   ; 9.252.456,76 ; 6.287.323,64 ; 15.539.780,40 ; 84.619.685,07 ;;;;
GO;5208707;GOIANIA; 888.083.368,02 ; -   ; -   ; 40.572.698,97 ; 40.572.698,97 ; 928.656.066,99 ;;;;
GO;5208806;GOIANIRA; 67.720.387,40 ; -   ; 14.466.624,18 ; 6.549.286,74 ; 21.015.910,92 ; 88.736.298,32 ;;;;
GO;5208905;GOIAS; 15.011.240,21 ; -   ; -   ; -   ; -   ; 15.011.240,21 ;;;;
GO;5209101;GOIATUBA; 25.463.862,28 ; -   ; -   ; 2.348.346,26 ; 2.348.346,26 ; 27.812.208,54 ;;;;
GO;5209150;GOUVELANDIA; 5.212.531,40 ; -   ; -   ; 480.480,35 ; 480.480,35 ; 5.693.011,75 ;;;;
GO;5209200;GUAPO; 17.716.327,20 ; -   ; 847.072,04 ; 1.619.695,83 ; 2.466.767,87 ; 20.183.095,07 ;;;;
GO;5209291;GUARAITA; 1.334.298,50 ; -   ; -   ; 136.814,39 ; 136.814,39 ; 1.471.112,89 ;;;;
GO;5209408;GUARANI DE GOIAS; 3.318.557,24 ; -   ; -   ; 304.690,58 ; 304.690,58 ; 3.623.247,82 ;;;;
GO;5209457;GUARINOS; 1.108.810,85 ; -   ; -   ; 107.670,52 ; 107.670,52 ; 1.216.481,37 ;;;;
GO;5209606;HEITORAI; 2.413.251,47 ; -   ; -   ; 252.752,50 ; 252.752,50 ; 2.666.003,97 ;;;;
GO;5209705;HIDROLANDIA; 34.529.320,24 ; -   ; 2.894.506,75 ; 1.450.766,40 ; 4.345.273,15 ; 38.874.593,39 ;;;;
GO;5209804;HIDROLINA; 2.443.364,85 ; -   ; -   ; -   ; -   ; 2.443.364,85 ;;;;
GO;5209903;IACIARA; 10.178.372,15 ; -   ; -   ; -   ; -   ; 10.178.372,15 ;;;;
GO;5209937;INACIOLANDIA; 7.135.280,47 ; -   ; -   ; -   ; -   ; 7.135.280,47 ;;;;
GO;5209952;INDIARA; 17.996.169,14 ; -   ; -   ; -   ; -   ; 17.996.169,14 ;;;;
GO;5210000;INHUMAS; 37.745.738,19 ; -   ; -   ; 3.462.996,69 ; 3.462.996,69 ; 41.208.734,88 ;;;;
GO;5210109;IPAMERI; 24.795.010,83 ; -   ; -   ; 2.216.444,35 ; 2.216.444,35 ; 27.011.455,18 ;;;;
GO;5210158;IPIRANGA DE GOIAS; 2.393.106,15 ; -   ; -   ; -   ; -   ; 2.393.106,15 ;;;;
GO;5210208;IPORA; 27.289.211,44 ; -   ; 547.420,65 ; 2.687.396,33 ; 3.234.816,98 ; 30.524.028,42 ;;;;
GO;5210307;ISRAELANDIA; 1.308.442,07 ; -   ; -   ; -   ; -   ; 1.308.442,07 ;;;;
GO;5210406;ITABERAI; 53.910.855,37 ; -   ; 10.259.531,18 ; -   ; 10.259.531,18 ; 64.170.386,55 ;;;;
GO;5210562;ITAGUARI; 4.155.361,11 ; -   ; -   ; -   ; -   ; 4.155.361,11 ;;;;
GO;5210604;ITAGUARU; 2.734.379,98 ; -   ; -   ; 284.011,14 ; 284.011,14 ; 3.018.391,12 ;;;;
GO;5210802;ITAJA; 3.759.906,80 ; -   ; -   ; -   ; -   ; 3.759.906,80 ;;;;
GO;5210901;ITAPACI; 20.432.197,96 ; -   ; 1.067.946,48 ; -   ; 1.067.946,48 ; 21.500.144,44 ;;;;
GO;5211008;ITAPIRAPUA; 5.005.488,73 ; -   ; -   ; -   ; -   ; 5.005.488,73 ;;;;
GO;5211206;ITAPURANGA; 15.689.263,48 ; -   ; -   ; 1.497.766,81 ; 1.497.766,81 ; 17.187.030,29 ;;;;
GO;5211305;ITARUMA; 5.343.463,70 ; -   ; -   ; 520.452,56 ; 520.452,56 ; 5.863.916,26 ;;;;
GO;5211404;ITAUCU; 7.218.434,83 ; -   ; -   ; 583.848,30 ; 583.848,30 ; 7.802.283,13 ;;;;
GO;5211503;ITUMBIARA; 117.985.531,00 ; -   ; -   ; -   ; -   ; 117.985.531,00 ;;;;
GO;5211602;IVOLANDIA; 1.494.508,74 ; -   ; -   ; -   ; -   ; 1.494.508,74 ;;;;
GO;5211701;JANDAIA; 4.734.510,18 ; -   ; -   ; -   ; -   ; 4.734.510,18 ;;;;
GO;5211800;JARAGUA; 35.812.794,65 ; -   ; 877.401,39 ; 1.643.876,99 ; 2.521.278,38 ; 38.334.073,03 ;;;;
GO;5211909;JATAI; 87.338.556,99 ; -   ; -   ; -   ; -   ; 87.338.556,99 ;;;;
GO;5212006;JAUPACI; 1.939.593,05 ; -   ; -   ; -   ; -   ; 1.939.593,05 ;;;;
GO;5212055;JESUPOLIS; 1.846.912,06 ; -   ; -   ; 193.561,67 ; 193.561,67 ; 2.040.473,73 ;;;;
GO;5212105;JOVIANIA; 7.982.741,91 ; -   ; -   ; -   ; -   ; 7.982.741,91 ;;;;
GO;5212204;JUSSARA; 14.300.686,85 ; -   ; -   ; 1.321.865,73 ; 1.321.865,73 ; 15.622.552,58 ;;;;
GO;5212253;LAGOA SANTA; 1.985.062,42 ; -   ; -   ; 153.600,84 ; 153.600,84 ; 2.138.663,26 ;;;;
GO;5212303;LEOPOLDO DE BULHOES; 7.441.644,63 ; -   ; -   ; 646.651,24 ; 646.651,24 ; 8.088.295,87 ;;;;
GO;5212501;LUZIANIA; 187.170.858,55 ; -   ; 44.832.387,15 ; -   ; 44.832.387,15 ; 232.003.245,70 ;;;;
GO;5212600;MAIRIPOTABA; 1.973.332,65 ; -   ; -   ; -   ; -   ; 1.973.332,65 ;;;;
GO;5212709;MAMBAI; 7.602.214,23 ; -   ; 556.023,47 ; 768.600,26 ; 1.324.623,73 ; 8.926.837,96 ;;;;
GO;5212808;MARA ROSA; 11.128.132,06 ; -   ; -   ; 894.524,49 ; 894.524,49 ; 12.022.656,55 ;;;;
GO;5212907;MARZAGAO; 2.538.082,39 ; -   ; -   ; 120.164,57 ; 120.164,57 ; 2.658.246,96 ;;;;
GO;5212956;MATRINCHA; 3.659.795,48 ; -   ; -   ; 340.585,42 ; 340.585,42 ; 4.000.380,90 ;;;;
GO;5213004;MAURILANDIA; 10.057.593,08 ; -   ; 119.713,95 ; 995.501,03 ; 1.115.214,98 ; 11.172.808,06 ;;;;
GO;5213053;MIMOSO DE GOIAS; 2.019.648,02 ; -   ; -   ; 201.924,86 ; 201.924,86 ; 2.221.572,88 ;;;;
GO;5213087;MINACU; 28.370.880,19 ; -   ; -   ; 2.396.772,39 ; 2.396.772,39 ; 30.767.652,58 ;;;;
GO;5213103;MINEIROS; 63.355.873,79 ; -   ; -   ; -   ; -   ; 63.355.873,79 ;;;;
GO;5213400;MOIPORA; 1.016.674,49 ; -   ; -   ; 47.295,64 ; 47.295,64 ; 1.063.970,13 ;;;;
GO;5213509;MONTE ALEGRE DE GOIAS; 5.511.135,58 ; -   ; -   ; 484.348,80 ; 484.348,80 ; 5.995.484,38 ;;;;
GO;5213707;MONTES CLAROS DE GOIAS; 6.178.311,05 ; -   ; -   ; 588.868,99 ; 588.868,99 ; 6.767.180,04 ;;;;
GO;5213756;MONTIVIDIU; 15.337.817,86 ; -   ; -   ; 1.421.100,72 ; 1.421.100,72 ; 16.758.918,58 ;;;;
GO;5213772;MONTIVIDIU DO NORTE; 3.945.613,60 ; -   ; -   ; 342.102,43 ; 342.102,43 ; 4.287.716,03 ;;;;
GO;5213806;MORRINHOS; 40.589.360,74 ; -   ; -   ; -   ; -   ; 40.589.360,74 ;;;;
GO;5213855;MORRO AGUDO DE GOIAS; 3.360.297,54 ; -   ; -   ; 245.216,80 ; 245.216,80 ; 3.605.514,34 ;;;;
GO;5213905;MOSSAMEDES; 5.864.137,36 ; -   ; 717.567,46 ; 231.720,48 ; 949.287,94 ; 6.813.425,30 ;;;;
GO;5214002;MOZARLANDIA; 14.941.347,96 ; -   ; -   ; 692.624,55 ; 692.624,55 ; 15.633.972,51 ;;;;
GO;5214051;MUNDO NOVO; 5.109.871,30 ; -   ; -   ; 466.247,62 ; 466.247,62 ; 5.576.118,92 ;;;;
GO;5214101;MUTUNOPOLIS; 2.883.807,11 ; -   ; -   ; 137.282,04 ; 137.282,04 ; 3.021.089,15 ;;;;
GO;5214408;NAZARIO; 7.825.638,58 ; -   ; -   ; 360.049,36 ; 360.049,36 ; 8.185.687,94 ;;;;
GO;5214507;NEROPOLIS; 28.795.480,07 ; -   ; -   ; 2.729.846,43 ; 2.729.846,43 ; 31.525.326,50 ;;;;
GO;5214606;NIQUELANDIA; 23.718.511,49 ; -   ; -   ; 2.217.587,10 ; 2.217.587,10 ; 25.936.098,59 ;;;;
GO;5214705;NOVA AMERICA; 2.300.115,42 ; -   ; -   ; 213.695,63 ; 213.695,63 ; 2.513.811,05 ;;;;
GO;5214804;NOVA AURORA; 1.433.003,47 ; -   ; -   ; 66.038,00 ; 66.038,00 ; 1.499.041,47 ;;;;
GO;5214838;NOVA CRIXAS; 12.158.751,15 ; -   ; -   ; 973.836,31 ; 973.836,31 ; 13.132.587,46 ;;;;
GO;5214861;NOVA GLORIA; 5.135.712,98 ; -   ; -   ; 233.535,62 ; 233.535,62 ; 5.369.248,60 ;;;;
GO;5214879;NOVA IGUACU DE GOIAS; 2.572.284,31 ; -   ; -   ; -   ; -   ; 2.572.284,31 ;;;;
GO;5214903;NOVA ROMA; 2.339.659,46 ; -   ; -   ; 112.507,27 ; 112.507,27 ; 2.452.166,73 ;;;;
GO;5215009;NOVA VENEZA; 7.747.203,08 ; -   ; -   ; 726.808,76 ; 726.808,76 ; 8.474.011,84 ;;;;
GO;5215207;NOVO BRASIL; 2.232.316,16 ; -   ; -   ; -   ; -   ; 2.232.316,16 ;;;;
GO;5215231;NOVO GAMA; 77.922.663,31 ; -   ; 9.663.067,56 ; -   ; 9.663.067,56 ; 87.585.730,87 ;;;;
GO;5215256;NOVO PLANALTO; 2.947.020,62 ; -   ; -   ; 311.113,45 ; 311.113,45 ; 3.258.134,07 ;;;;
GO;5215306;ORIZONA; 17.206.604,05 ; -   ; 2.947.387,65 ; 1.317.728,68 ; 4.265.116,33 ; 21.471.720,38 ;;;;
GO;5215405;OURO VERDE DE GOIAS; 3.834.365,35 ; -   ; -   ; 404.389,80 ; 404.389,80 ; 4.238.755,15 ;;;;
GO;5215504;OUVIDOR; 6.289.695,01 ; -   ; -   ; -   ; -   ; 6.289.695,01 ;;;;
GO;5215603;PADRE BERNARDO; 36.632.417,85 ; -   ; 2.574.440,41 ; 2.943.097,87 ; 5.517.538,28 ; 42.149.956,13 ;;;;
GO;5215652;PALESTINA DE GOIAS; 2.041.540,40 ; -   ; -   ; -   ; -   ; 2.041.540,40 ;;;;
GO;5215702;PALMEIRAS DE GOIAS; 32.132.308,53 ; -   ; 9.189.737,12 ; -   ; 9.189.737,12 ; 41.322.045,65 ;;;;
GO;5215801;PALMELO; 1.315.516,69 ; -   ; -   ; 59.806,78 ; 59.806,78 ; 1.375.323,47 ;;;;
GO;5215900;PALMINOPOLIS; 3.355.234,98 ; -   ; -   ; -   ; -   ; 3.355.234,98 ;;;;
GO;5216007;PANAMA; 2.066.710,73 ; -   ; -   ; -   ; -   ; 2.066.710,73 ;;;;
GO;5216304;PARANAIGUARA; 7.036.177,57 ; -   ; 994.660,75 ; 721.173,34 ; 1.715.834,09 ; 8.752.011,66 ;;;;
GO;5216403;PARAUNA; 11.024.059,91 ; -   ; -   ; 491.751,76 ; 491.751,76 ; 11.515.811,67 ;;;;
GO;5216452;PEROLANDIA; 3.212.467,23 ; -   ; -   ; 332.811,31 ; 332.811,31 ; 3.545.278,54 ;;;;
GO;5216809;PETROLINA DE GOIAS; 4.011.567,53 ; -   ; -   ; 368.998,63 ; 368.998,63 ; 4.380.566,16 ;;;;
GO;5216908;PILAR DE GOIAS; 2.052.461,35 ; -   ; -   ; 147.595,39 ; 147.595,39 ; 2.200.056,74 ;;;;
GO;5217104;PIRACANJUBA; 17.965.026,50 ; -   ; -   ; 791.231,54 ; 791.231,54 ; 18.756.258,04 ;;;;
GO;5217203;PIRANHAS; 6.991.117,36 ; -   ; -   ; -   ; -   ; 6.991.117,36 ;;;;
GO;5217302;PIRENOPOLIS; 19.999.443,82 ; -   ; -   ; -   ; -   ; 19.999.443,82 ;;;;
GO;5217401;PIRES DO RIO; 17.591.793,73 ; -   ; -   ; 1.612.025,60 ; 1.612.025,60 ; 19.203.819,33 ;;;;
GO;5217609;PLANALTINA; 161.962.949,64 ; -   ; 57.337.081,79 ; 12.311.181,23 ; 69.648.263,02 ; 231.611.212,66 ;;;;
GO;5217708;PONTALINA; 14.823.707,54 ; -   ; -   ; 1.272.610,95 ; 1.272.610,95 ; 16.096.318,49 ;;;;
GO;5218003;PORANGATU; 38.388.458,36 ; -   ; -   ; 3.292.207,60 ; 3.292.207,60 ; 41.680.665,96 ;;;;
GO;5218052;PORTEIRAO; 4.170.186,35 ; -   ; -   ; 191.892,75 ; 191.892,75 ; 4.362.079,10 ;;;;
GO;5218102;PORTELANDIA; 3.376.319,05 ; -   ; -   ; -   ; -   ; 3.376.319,05 ;;;;
GO;5218300;POSSE; 32.509.862,70 ; -   ; 4.708,40 ; 3.005.966,76 ; 3.010.675,16 ; 35.520.537,86 ;;;;
GO;5218391;PROFESSOR JAMIL; 2.393.574,37 ; -   ; -   ; -   ; -   ; 2.393.574,37 ;;;;
GO;5218508;QUIRINOPOLIS; 46.288.031,19 ; -   ; -   ; 4.186.397,24 ; 4.186.397,24 ; 50.474.428,43 ;;;;
GO;5218607;RIALMA; 11.185.449,62 ; -   ; 1.128.135,98 ; 856.103,53 ; 1.984.239,51 ; 13.169.689,13 ;;;;
GO;5218706;RIANAPOLIS; 3.533.106,09 ; -   ; -   ; -   ; -   ; 3.533.106,09 ;;;;
GO;5218789;RIO QUENTE; 7.562.952,94 ; -   ; -   ; 578.098,62 ; 578.098,62 ; 8.141.051,56 ;;;;
GO;5218805;RIO VERDE; 217.499.484,89 ; -   ; -   ; 11.592.041,82 ; 11.592.041,82 ; 229.091.526,71 ;;;;
GO;5218904;RUBIATABA; 16.934.688,00 ; -   ; 73.448,62 ; 1.571.002,54 ; 1.644.451,16 ; 18.579.139,16 ;;;;
GO;5219001;SANCLERLANDIA; 6.897.840,51 ; -   ; -   ; 280.351,97 ; 280.351,97 ; 7.178.192,48 ;;;;
GO;5219100;SANTA BARBARA DE GOIAS; 5.401.930,39 ; -   ; -   ; 545.355,55 ; 545.355,55 ; 5.947.285,94 ;;;;
GO;5219209;SANTA CRUZ DE GOIAS; 1.435.105,93 ; -   ; -   ; 143.826,44 ; 143.826,44 ; 1.578.932,37 ;;;;
GO;5219258;SANTA FE DE GOIAS; 4.069.531,55 ; -   ; -   ; 412.196,89 ; 412.196,89 ; 4.481.728,44 ;;;;
GO;5219308;SANTA HELENA DE GOIAS; 28.166.677,08 ; -   ; 1.677.743,34 ; 1.368.735,07 ; 3.046.478,41 ; 31.213.155,49 ;;;;
GO;5219357;SANTA ISABEL; 2.218.953,80 ; -   ; -   ; 241.024,27 ; 241.024,27 ; 2.459.978,07 ;;;;
GO;5219407;SANTA RITA DO ARAGUAIA; 4.576.606,55 ; -   ; -   ; 519.655,97 ; 519.655,97 ; 5.096.262,52 ;;;;
GO;5219456;SANTA RITA DO NOVO DESTINO; 1.656.892,03 ; -   ; -   ; 165.879,73 ; 165.879,73 ; 1.822.771,76 ;;;;
GO;5219506;SANTA ROSA DE GOIAS; 2.147.841,77 ; -   ; -   ; 107.517,22 ; 107.517,22 ; 2.255.358,99 ;;;;
GO;5219605;SANTA TEREZA DE GOIAS; 2.749.410,46 ; -   ; -   ; 266.224,37 ; 266.224,37 ; 3.015.634,83 ;;;;
GO;5219704;SANTA TEREZINHA DE GOIAS; 9.798.303,48 ; -   ; -   ; 900.136,61 ; 900.136,61 ; 10.698.440,09 ;;;;
GO;5219712;SANTO ANTONIO DA BARRA; 3.956.864,31 ; -   ; -   ; -   ; -   ; 3.956.864,31 ;;;;
GO;5219738;SANTO ANTONIO DE GOIAS; 6.660.511,65 ; -   ; -   ; 346.185,35 ; 346.185,35 ; 7.006.697,00 ;;;;
GO;5219753;SANTO ANTONIO DO DESCOBERTO; 72.921.704,00 ; -   ; 7.599.990,82 ; 3.181.905,29 ; 10.781.896,11 ; 83.703.600,11 ;;;;
GO;5219803;SAO DOMINGOS; 8.972.925,43 ; -   ; -   ; 809.199,79 ; 809.199,79 ; 9.782.125,22 ;;;;
GO;5219902;SAO FRANCISCO DE GOIAS; 5.173.683,68 ; -   ; -   ; 494.975,26 ; 494.975,26 ; 5.668.658,94 ;;;;
GO;5220058;SAO JOAO DA PARAUNA; 1.460.328,49 ; -   ; -   ; -   ; -   ; 1.460.328,49 ;;;;
GO;5220009;SAO JOAO DALIANCA; 14.534.804,61 ; -   ; -   ; 1.280.837,84 ; 1.280.837,84 ; 15.815.642,45 ;;;;
GO;5220108;SAO LUIS DE MONTES BELOS; 28.197.047,52 ; -   ; -   ; -   ; -   ; 28.197.047,52 ;;;;
GO;5220157;SAO LUIZ DO NORTE; 4.550.393,57 ; -   ; -   ; -   ; -   ; 4.550.393,57 ;;;;
GO;5220207;SAO MIGUEL DO ARAGUAIA; 18.762.349,09 ; -   ; -   ; 1.816.578,42 ; 1.816.578,42 ; 20.578.927,51 ;;;;
GO;5220264;SAO MIGUEL DO PASSA QUATRO; 4.302.491,92 ; -   ; -   ; -   ; -   ; 4.302.491,92 ;;;;
GO;5220280;SAO PATRICIO; 1.413.613,29 ; -   ; -   ; 141.719,78 ; 141.719,78 ; 1.555.333,07 ;;;;
GO;5220405;SAO SIMAO; 19.167.331,34 ; -   ; -   ; -   ; -   ; 19.167.331,34 ;;;;
GO;5220454;SENADOR CANEDO; 195.421.212,74 ; -   ; -   ; -   ; -   ; 195.421.212,74 ;;;;
GO;5220504;SERRANOPOLIS; 7.217.122,08 ; -   ; -   ; 652.159,76 ; 652.159,76 ; 7.869.281,84 ;;;;
GO;5220603;SILVANIA; 17.666.428,09 ; -   ; -   ; 1.600.668,56 ; 1.600.668,56 ; 19.267.096,65 ;;;;
GO;5220686;SIMOLANDIA; 4.820.962,63 ; -   ; -   ; 434.519,54 ; 434.519,54 ; 5.255.482,17 ;;;;
GO;5220702;SITIO DABADIA; 2.453.949,20 ; -   ; -   ; -   ; -   ; 2.453.949,20 ;;;;
GO;5221007;TAQUARAL DE GOIAS; 2.722.876,74 ; -   ; -   ; 251.499,57 ; 251.499,57 ; 2.974.376,31 ;;;;
GO;5221080;TERESINA DE GOIAS; 2.935.052,25 ; -   ; -   ; -   ; -   ; 2.935.052,25 ;;;;
GO;5221197;TEREZOPOLIS DE GOIAS; 5.958.530,39 ; -   ; -   ; 615.628,66 ; 615.628,66 ; 6.574.159,05 ;;;;
GO;5221304;TRES RANCHOS; 2.326.418,60 ; -   ; -   ; 106.477,94 ; 106.477,94 ; 2.432.896,54 ;;;;
GO;5221403;TRINDADE; 118.082.320,26 ; -   ; 10.637.880,56 ; -   ; 10.637.880,56 ; 128.720.200,82 ;;;;
GO;5221452;TROMBAS; 3.084.430,61 ; -   ; -   ; 266.192,98 ; 266.192,98 ; 3.350.623,59 ;;;;
GO;5221502;TURVANIA; 4.637.010,99 ; -   ; 532.473,23 ; 363.380,68 ; 895.853,91 ; 5.532.864,90 ;;;;
GO;5221551;TURVELANDIA; 5.720.365,62 ; -   ; -   ; 553.496,97 ; 553.496,97 ; 6.273.862,59 ;;;;
GO;5221577;UIRAPURU; 2.600.342,06 ; -   ; -   ; 238.574,80 ; 238.574,80 ; 2.838.916,86 ;;;;
GO;5221601;URUACU; 32.272.286,73 ; -   ; 1.863.314,95 ; 2.592.848,31 ; 4.456.163,26 ; 36.728.449,99 ;;;;
GO;5221700;URUANA; 10.148.119,20 ; -   ; -   ; 980.319,34 ; 980.319,34 ; 11.128.438,54 ;;;;
GO;5221809;URUTAI; 2.295.750,39 ; -   ; -   ; -   ; -   ; 2.295.750,39 ;;;;
GO;5221858;VALPARAISO DE GOIAS; 199.368.206,59 ; -   ; 31.252.414,37 ; -   ; 31.252.414,37 ; 230.620.620,96 ;;;;
GO;5221908;VARJAO; 2.734.751,22 ; -   ; -   ; 272.739,67 ; 272.739,67 ; 3.007.490,89 ;;;;
GO;5222005;VIANOPOLIS; 12.609.016,07 ; -   ; -   ; -   ; -   ; 12.609.016,07 ;;;;
GO;5222054;VICENTINOPOLIS; 10.295.034,87 ; -   ; -   ; 524.785,16 ; 524.785,16 ; 10.819.820,03 ;;;;
GO;5222203;VILA BOA; 5.674.015,34 ; -   ; -   ; 485.905,88 ; 485.905,88 ; 6.159.921,22 ;;;;
GO;5222302;VILA PROPICIO; 6.435.519,48 ; -   ; -   ; 549.198,15 ; 549.198,15 ; 6.984.717,63 ;;;;
GO;52;GOVERNO DO ESTADO; 4.658.022.277,78 ; -   ; -   ; 355.957.123,02 ; 355.957.123,02 ; 5.013.979.400,80 ;;;;
MA;2100055;ACAILANDIA; 90.525.129,49 ; 63.621.491,77 ; 50.538.625,10 ; -   ; 114.160.116,87 ; 204.685.246,36 ;;;;
MA;2100105;AFONSO CUNHA; 14.020.646,40 ; 9.853.777,00 ; 10.308.372,25 ; 1.638.753,61 ; 21.800.902,86 ; 35.821.549,26 ;;;;
MA;2100154;AGUA DOCE DO MARANHAO; 15.820.920,25 ; 11.119.018,04 ; 8.107.037,02 ; -   ; 19.226.055,06 ; 35.046.975,31 ;;;;
MA;2100204;ALCANTARA; 18.203.331,42 ; 12.793.387,93 ; 10.809.008,70 ; -   ; 23.602.396,63 ; 41.805.728,05 ;;;;
MA;2100303;ALDEIAS ALTAS; 34.829.576,57 ; 24.478.392,14 ; 12.742.777,50 ; 4.543.238,10 ; 41.764.407,74 ; 76.593.984,31 ;;;;
MA;2100402;ALTAMIRA DO MARANHAO; 8.119.846,27 ; 5.706.666,59 ; 74.429,64 ; -   ; 5.781.096,23 ; 13.900.942,50 ;;;;
MA;2100436;ALTO ALEGRE DO MARANHAO; 24.588.061,74 ; 17.280.606,79 ; 14.417.931,66 ; 2.847.735,66 ; 34.546.274,11 ; 59.134.335,85 ;;;;
MA;2100477;ALTO ALEGRE DO PINDARE; 39.155.796,99 ; 27.518.880,45 ; 34.777.794,52 ; 4.767.448,49 ; 67.064.123,46 ; 106.219.920,45 ;;;;
MA;2100501;ALTO PARNAIBA; 10.962.590,38 ; 7.704.560,68 ; 10.030.180,23 ; -   ; 17.734.740,91 ; 28.697.331,29 ;;;;
MA;2100550;AMAPA DO MARANHAO; 12.528.690,33 ; 8.805.223,17 ; 6.677.064,06 ; 1.602.720,18 ; 17.085.007,41 ; 29.613.697,74 ;;;;
MA;2100600;AMARANTE DO MARANHAO; 39.417.305,73 ; 27.702.670,04 ; 39.077.214,93 ; 4.926.301,12 ; 71.706.186,09 ; 111.123.491,82 ;;;;
MA;2100709;ANAJATUBA; 23.889.275,73 ; 16.789.496,65 ; 16.955.886,53 ; 3.105.811,71 ; 36.851.194,89 ; 60.740.470,62 ;;;;
MA;2100808;ANAPURUS; 19.754.452,31 ; 13.883.523,08 ; 15.594.386,90 ; -   ; 29.477.909,98 ; 49.232.362,29 ;;;;
MA;2100832;APICUM-ACU; 21.907.874,67 ; 15.396.958,56 ; 20.550.594,22 ; 2.692.147,03 ; 38.639.699,81 ; 60.547.574,48 ;;;;
MA;2100873;ARAGUANA; 18.714.203,92 ; 13.152.431,56 ; 11.448.322,86 ; -   ; 24.600.754,42 ; 43.314.958,34 ;;;;
MA;2100907;ARAIOSES; 41.558.106,52 ; 29.207.235,01 ; 33.188.304,13 ; 5.249.755,12 ; 67.645.294,26 ; 109.203.400,78 ;;;;
MA;2100956;ARAME; 23.822.061,48 ; 16.742.258,16 ; 15.845.241,66 ; 3.081.142,44 ; 35.668.642,26 ; 59.490.703,74 ;;;;
MA;2101004;ARARI; 27.420.799,65 ; 19.271.468,47 ; 20.805.344,31 ; 3.937.019,72 ; 44.013.832,50 ; 71.434.632,15 ;;;;
MA;2101103;AXIXA; 14.581.382,02 ; 10.247.864,66 ; 16.147.108,29 ; 1.665.388,37 ; 28.060.361,32 ; 42.641.743,34 ;;;;
MA;2101202;BACABAL; 95.502.222,67 ; 67.119.416,54 ; 79.131.609,38 ; 11.875.285,99 ; 158.126.311,91 ; 253.628.534,58 ;;;;
MA;2101251;BACABEIRA; 20.857.182,84 ; 14.658.527,35 ; 20.410.814,40 ; 2.529.843,85 ; 37.599.185,60 ; 58.456.368,44 ;;;;
MA;2101301;BACURI; 24.368.803,47 ; 17.126.511,04 ; 13.941.360,97 ; 1.430.591,66 ; 32.498.463,67 ; 56.867.267,14 ;;;;
MA;2101350;BACURITUBA; 6.951.194,19 ; 4.885.332,36 ; 5.627.457,41 ; 786.046,31 ; 11.298.836,08 ; 18.250.030,27 ;;;;
MA;2101400;BALSAS; 76.020.003,63 ; 53.427.220,29 ; 29.959.798,81 ; 11.092.043,95 ; 94.479.063,05 ; 170.499.066,68 ;;;;
MA;2101509;BARAO DE GRAJAU; 16.149.089,03 ; 11.349.656,62 ; 15.557.916,86 ; 949.132,16 ; 27.856.705,64 ; 44.005.794,67 ;;;;
MA;2101608;BARRA DO CORDA; 81.621.168,68 ; 57.363.745,74 ; 66.379.292,00 ; 5.494.656,14 ; 129.237.693,88 ; 210.858.862,56 ;;;;
MA;2101707;BARREIRINHAS; 73.751.517,48 ; 51.832.917,43 ; 60.679.685,89 ; 9.457.467,10 ; 121.970.070,42 ; 195.721.587,90 ;;;;
MA;2101772;BELA VISTA DO MARANHAO; 19.525.782,31 ; 13.722.812,73 ; 10.235.202,43 ; 2.371.830,05 ; 26.329.845,21 ; 45.855.627,52 ;;;;
MA;2101731;BELAGUA; 19.175.465,87 ; 13.476.608,66 ; 13.483.094,54 ; 2.171.408,61 ; 29.131.111,81 ; 48.306.577,68 ;;;;
MA;2101806;BENEDITO LEITE; 6.212.618,74 ; 4.366.258,02 ; 7.433.062,40 ; -   ; 11.799.320,42 ; 18.011.939,16 ;;;;
MA;2101905;BEQUIMAO; 13.992.544,06 ; 9.834.026,55 ; 6.861.014,93 ; 1.741.308,37 ; 18.436.349,85 ; 32.428.893,91 ;;;;
MA;2101939;BERNARDO DO MEARIM; 4.677.719,64 ; 3.287.523,62 ; -   ; 245.146,94 ; 3.532.670,56 ; 8.210.390,20 ;;;;
MA;2101970;BOA VISTA DO GURUPI; 12.264.384,57 ; 8.619.467,83 ; 9.295.365,64 ; 1.544.372,20 ; 19.459.205,67 ; 31.723.590,24 ;;;;
MA;2102002;BOM JARDIM; 46.128.563,36 ; 32.419.373,84 ; 32.147.113,00 ; 5.348.386,94 ; 69.914.873,78 ; 116.043.437,14 ;;;;
MA;2102036;BOM JESUS DAS SELVAS; 34.846.152,37 ; 24.490.041,70 ; 26.242.345,22 ; 4.741.627,74 ; 55.474.014,66 ; 90.320.167,03 ;;;;
MA;2102077;BOM LUGAR; 13.716.290,05 ; 9.639.873,92 ; 11.222.080,17 ; 1.746.858,80 ; 22.608.812,89 ; 36.325.102,94 ;;;;
MA;2102101;BREJO; 39.834.706,48 ; 27.996.021,27 ; 22.410.917,96 ; 5.035.212,34 ; 55.442.151,57 ; 95.276.858,05 ;;;;
MA;2102150;BREJO DE AREIA; 11.876.182,69 ; 8.346.637,71 ; 14.424.276,38 ; 1.379.454,52 ; 24.150.368,61 ; 36.026.551,30 ;;;;
MA;2102200;BURITI; 41.759.718,08 ; 29.348.928,57 ; 33.193.541,74 ; -   ; 62.542.470,31 ; 104.302.188,39 ;;;;
MA;2102309;BURITI BRAVO; 23.749.914,84 ; 16.691.553,16 ; 19.977.114,37 ; 1.602.819,86 ; 38.271.487,39 ; 62.021.402,23 ;;;;
MA;2102325;BURITICUPU; 57.389.336,39 ; 40.333.498,70 ; 31.722.889,99 ; 8.223.429,78 ; 80.279.818,47 ; 137.669.154,86 ;;;;
MA;2102358;BURITIRANA; 13.815.707,95 ; 9.709.745,29 ; 7.733.444,55 ; 1.569.227,04 ; 19.012.416,88 ; 32.828.124,83 ;;;;
MA;2102374;CACHOEIRA GRANDE; 13.472.957,29 ; 9.468.858,49 ; 9.678.651,97 ; 1.543.350,45 ; 20.690.860,91 ; 34.163.818,20 ;;;;
MA;2102408;CAJAPIO; 8.750.171,18 ; 6.149.661,95 ; 3.930.112,62 ; 1.085.550,10 ; 11.165.324,67 ; 19.915.495,85 ;;;;
MA;2102507;CAJARI; 22.064.562,55 ; 15.507.079,56 ; 17.896.655,93 ; 2.292.164,66 ; 35.695.900,15 ; 57.760.462,70 ;;;;
MA;2102556;CAMPESTRE DO MARANHAO; 10.515.248,89 ; 7.390.166,96 ; 3.847.649,85 ; -   ; 11.237.816,81 ; 21.753.065,70 ;;;;
MA;2102606;CANDIDO MENDES; 32.624.235,41 ; 22.928.467,89 ; 27.716.413,10 ; 3.826.966,93 ; 54.471.847,92 ; 87.096.083,33 ;;;;
MA;2102705;CANTANHEDE; 31.883.220,43 ; 22.407.679,03 ; 34.472.713,23 ; 3.464.372,54 ; 60.344.764,80 ; 92.227.985,23 ;;;;
MA;2102754;CAPINZAL DO NORTE; 10.982.689,35 ; 7.718.686,34 ; 2.908.135,91 ; 1.447.508,60 ; 12.074.330,85 ; 23.057.020,20 ;;;;
MA;2102804;CAROLINA; 18.461.962,69 ; 12.975.155,23 ; -   ; 2.532.907,43 ; 15.508.062,66 ; 33.970.025,35 ;;;;
MA;2102903;CARUTAPERA; 29.253.984,94 ; 20.559.839,82 ; 22.821.212,72 ; 1.931.273,49 ; 45.312.326,03 ; 74.566.310,97 ;;;;
MA;2103000;CAXIAS; 126.701.055,49 ; 89.046.104,70 ; 62.727.908,13 ; 17.801.658,81 ; 169.575.671,64 ; 296.276.727,13 ;;;;
MA;2103109;CEDRAL; 11.371.806,64 ; 7.992.159,82 ; 9.843.332,03 ; -   ; 17.835.491,85 ; 29.207.298,49 ;;;;
MA;2103125;CENTRAL DO MARANHAO; 10.248.141,69 ; 7.202.442,74 ; 6.542.032,92 ; 1.257.943,99 ; 15.002.419,65 ; 25.250.561,34 ;;;;
MA;2103158;CENTRO DO GUILHERME; 29.268.642,05 ; 20.570.140,91 ; 20.061.330,40 ; 1.532.414,59 ; 42.163.885,90 ; 71.432.527,95 ;;;;
MA;2103174;CENTRO NOVO DO MARANHAO; 30.395.530,87 ; 21.362.123,73 ; 22.433.965,60 ; 3.764.529,04 ; 47.560.618,37 ; 77.956.149,24 ;;;;
MA;2103208;CHAPADINHA; 78.435.980,19 ; 55.125.180,12 ; 42.349.915,06 ; 9.959.385,42 ; 107.434.480,60 ; 185.870.460,79 ;;;;
MA;2103257;CIDELANDIA; 12.975.733,36 ; 9.119.407,15 ; 5.297.163,63 ; 827.148,99 ; 15.243.719,77 ; 28.219.453,13 ;;;;
MA;2103307;CODO; 109.985.011,06 ; 77.297.989,13 ; 70.673.688,02 ; -   ; 147.971.677,15 ; 257.956.688,21 ;;;;
MA;2103406;COELHO NETO; 41.761.592,70 ; 29.350.246,06 ; 13.609.582,08 ; -   ; 42.959.828,14 ; 84.721.420,84 ;;;;
MA;2103505;COLINAS; 39.584.642,49 ; 27.820.275,11 ; 29.390.971,42 ; 4.869.408,69 ; 62.080.655,22 ; 101.665.297,71 ;;;;
MA;2103554;CONCEICAO DO LAGO-ACU; 26.259.755,65 ; 18.455.481,22 ; 20.214.492,04 ; 2.903.816,08 ; 41.573.789,34 ; 67.833.544,99 ;;;;
MA;2103604;COROATA; 62.483.866,02 ; 43.913.958,37 ; 46.266.912,46 ; 7.960.453,70 ; 98.141.324,53 ; 160.625.190,55 ;;;;
MA;2103703;CURURUPU; 30.985.453,78 ; 21.776.724,35 ; 25.951.719,17 ; 3.530.854,87 ; 51.259.298,39 ; 82.244.752,17 ;;;;
MA;2103752;DAVINOPOLIS; 13.520.324,52 ; 9.502.148,41 ; 10.001.024,21 ; -   ; 19.503.172,62 ; 33.023.497,14 ;;;;
MA;2103802;DOM PEDRO; 16.367.003,62 ; 11.502.808,02 ; 8.360.708,09 ; 1.257.250,64 ; 21.120.766,75 ; 37.487.770,37 ;;;;
MA;2103901;DUQUE BACELAR; 16.555.802,75 ; 11.635.496,95 ; 12.325.366,77 ; 2.359.739,16 ; 26.320.602,88 ; 42.876.405,63 ;;;;
MA;2104008;ESPERANTINOPOLIS; 20.087.211,38 ; 14.117.387,74 ; 17.032.886,82 ; 2.320.993,26 ; 33.471.267,82 ; 53.558.479,20 ;;;;
MA;2104057;ESTREITO; 27.358.787,07 ; 19.227.885,73 ; 12.809.972,76 ; -   ; 32.037.858,49 ; 59.396.645,56 ;;;;
MA;2104073;FEIRA NOVA DO MARANHAO; 7.334.384,93 ; 5.154.640,62 ; 4.401.860,76 ; -   ; 9.556.501,38 ; 16.890.886,31 ;;;;
MA;2104081;FERNANDO FALCAO; 10.649.719,38 ; 7.484.673,45 ; 9.013.830,04 ; 1.328.078,77 ; 17.826.582,26 ; 28.476.301,64 ;;;;
MA;2104099;FORMOSA DA SERRA NEGRA; 17.675.457,70 ; 12.422.395,78 ; 8.304.085,99 ; -   ; 20.726.481,77 ; 38.401.939,47 ;;;;
MA;2104107;FORTALEZA DOS NOGUEIRAS; 13.869.758,77 ; 9.747.732,47 ; 9.646.348,44 ; 1.842.526,29 ; 21.236.607,20 ; 35.106.365,97 ;;;;
MA;2104206;FORTUNA; 18.231.849,14 ; 12.813.430,32 ; 8.826.134,70 ; 2.514.222,69 ; 24.153.787,71 ; 42.385.636,85 ;;;;
MA;2104305;GODOFREDO VIANA; 15.094.053,57 ; 10.608.172,68 ; 11.464.509,74 ; 1.855.409,10 ; 23.928.091,52 ; 39.022.145,09 ;;;;
MA;2104404;GONCALVES DIAS; 15.759.300,15 ; 11.075.711,13 ; 15.214.645,86 ; 2.010.940,69 ; 28.301.297,68 ; 44.060.597,83 ;;;;
MA;2104503;GOVERNADOR ARCHER; 9.979.953,58 ; 7.013.958,86 ; 4.845.769,17 ; 1.290.381,54 ; 13.150.109,57 ; 23.130.063,15 ;;;;
MA;2104552;GOVERNADOR EDISON LOBAO; 18.893.972,16 ; 13.278.773,54 ; 12.621.510,52 ; 1.250.692,41 ; 27.150.976,47 ; 46.044.948,63 ;;;;
MA;2104602;GOVERNADOR EUGENIO BARROS; 14.916.661,14 ; 10.483.500,44 ; 10.741.883,17 ; 1.609.663,72 ; 22.835.047,33 ; 37.751.708,47 ;;;;
MA;2104628;GOVERNADOR LUIZ ROCHA; 7.252.996,83 ; 5.097.440,68 ; 3.763.721,92 ; 1.038.279,53 ; 9.899.442,13 ; 17.152.438,96 ;;;;
MA;2104651;GOVERNADOR NEWTON BELLO; 15.545.015,90 ; 10.925.111,14 ; 14.665.153,08 ; -   ; 25.590.264,22 ; 41.135.280,12 ;;;;
MA;2104677;GOVERNADOR NUNES FREIRE; 40.823.820,38 ; 28.691.175,23 ; 46.270.933,78 ; 4.929.221,56 ; 79.891.330,57 ; 120.715.150,95 ;;;;
MA;2104701;GRACA ARANHA; 5.014.993,53 ; 3.524.561,32 ; 927.437,23 ; -   ; 4.451.998,55 ; 9.466.992,08 ;;;;
MA;2104800;GRAJAU; 78.580.326,92 ; 55.226.627,68 ; 30.003.579,34 ; 10.869.840,68 ; 96.100.047,70 ; 174.680.374,62 ;;;;
MA;2104909;GUIMARAES; 9.213.631,79 ; 6.475.384,26 ; 4.155.535,42 ; 1.142.432,58 ; 11.773.352,26 ; 20.986.984,05 ;;;;
MA;2105005;HUMBERTO DE CAMPOS; 36.760.604,00 ; 25.835.527,41 ; 28.573.076,42 ; 4.199.829,19 ; 58.608.433,02 ; 95.369.037,02 ;;;;
MA;2105104;ICATU; 24.316.899,01 ; 17.090.032,34 ; 13.474.319,10 ; 3.182.420,63 ; 33.746.772,07 ; 58.063.671,08 ;;;;
MA;2105153;IGARAPE DO MEIO; 22.677.245,26 ; 15.937.675,87 ; 4.140.529,46 ; 2.868.589,03 ; 22.946.794,36 ; 45.624.039,62 ;;;;
MA;2105203;IGARAPE GRANDE; 12.479.415,12 ; 8.770.592,33 ; 9.656.474,21 ; 1.419.160,89 ; 19.846.227,43 ; 32.325.642,55 ;;;;
MA;2105302;IMPERATRIZ; 168.984.759,36 ; 118.763.292,98 ; 46.813.044,27 ; 26.679.772,23 ; 192.256.109,48 ; 361.240.868,84 ;;;;
MA;2105351;ITAIPAVA DO GRAJAU; 14.989.793,52 ; 10.534.898,21 ; 9.982.007,76 ; 1.911.469,45 ; 22.428.375,42 ; 37.418.168,94 ;;;;
MA;2105401;ITAPECURU MIRIM; 74.686.535,34 ; 52.490.052,43 ; 71.137.257,85 ; 9.207.051,38 ; 132.834.361,66 ; 207.520.897,00 ;;;;
MA;2105427;ITINGA DO MARANHAO; 23.201.340,71 ; 16.306.012,65 ; 11.403.349,93 ; 1.357.640,79 ; 29.067.003,37 ; 52.268.344,08 ;;;;
MA;2105450;JATOBA; 11.522.829,76 ; 8.098.299,58 ; 15.301.131,46 ; 1.372.523,78 ; 24.771.954,82 ; 36.294.784,58 ;;;;
MA;2105476;JENIPAPO DOS VIEIRAS; 17.435.983,64 ; 12.254.092,28 ; 17.094.589,44 ; 2.126.619,58 ; 31.475.301,30 ; 48.911.284,94 ;;;;
MA;2105500;JOAO LISBOA; 29.068.047,53 ; 20.429.162,12 ; 22.015.140,99 ; 3.420.296,21 ; 45.864.599,32 ; 74.932.646,85 ;;;;
MA;2105609;JOSELANDIA; 13.849.279,79 ; 9.733.339,73 ; 9.592.568,62 ; 846.068,48 ; 20.171.976,83 ; 34.021.256,62 ;;;;
MA;2105658;JUNCO DO MARANHAO; 8.872.123,85 ; 6.235.370,87 ; 8.484.489,01 ; 1.106.694,42 ; 15.826.554,30 ; 24.698.678,15 ;;;;
MA;2105708;LAGO DA PEDRA; 41.822.675,30 ; 29.393.175,21 ; 32.068.430,07 ; 4.856.071,42 ; 66.317.676,70 ; 108.140.352,00 ;;;;
MA;2105807;LAGO DO JUNCO; 13.270.675,32 ; 9.326.693,77 ; 7.433.072,74 ; -   ; 16.759.766,51 ; 30.030.441,83 ;;;;
MA;2105948;LAGO DOS RODRIGUES; 10.222.848,63 ; 7.184.666,67 ; 8.925.038,49 ; 1.223.091,88 ; 17.332.797,04 ; 27.555.645,67 ;;;;
MA;2105906;LAGO VERDE; 17.836.572,16 ; 12.535.627,78 ; 13.237.765,34 ; 1.850.867,86 ; 27.624.260,98 ; 45.460.833,14 ;;;;
MA;2105922;LAGOA DO MATO; 9.715.838,65 ; 6.828.337,64 ; 6.846.332,02 ; 1.427.205,23 ; 15.101.874,89 ; 24.817.713,54 ;;;;
MA;2105963;LAGOA GRANDE DO MARANHAO; 12.063.787,43 ; 8.478.487,21 ; 6.842.854,30 ; 1.534.348,28 ; 16.855.689,79 ; 28.919.477,22 ;;;;
MA;2105989;LAJEADO NOVO; 10.217.983,77 ; 7.181.247,61 ; 9.532.933,54 ; 1.278.231,23 ; 17.992.412,38 ; 28.210.396,15 ;;;;
MA;2106003;LIMA CAMPOS; 11.567.741,49 ; 8.129.863,76 ; 3.794.056,15 ; 1.688.652,67 ; 13.612.572,58 ; 25.180.314,07 ;;;;
MA;2106102;LORETO; 11.243.852,35 ; 7.902.232,93 ; 6.486.842,99 ; 1.393.830,39 ; 15.782.906,31 ; 27.026.758,66 ;;;;
MA;2106201;LUIS DOMINGUES; 7.629.037,59 ; 5.361.723,92 ; 2.338.234,57 ; 1.060.985,86 ; 8.760.944,35 ; 16.389.981,94 ;;;;
MA;2106300;MAGALHAES DE ALMEIDA; 18.388.043,89 ; 12.923.204,74 ; -   ; -   ; 12.923.204,74 ; 31.311.248,63 ;;;;
MA;2106326;MARACACUME; 26.073.618,44 ; 18.324.663,11 ; 18.297.747,60 ; 3.145.846,02 ; 39.768.256,73 ; 65.841.875,17 ;;;;
MA;2106359;MARAJA DO SENA; 11.021.487,65 ; 7.745.953,97 ; 9.109.187,74 ; 1.206.983,21 ; 18.062.124,92 ; 29.083.612,57 ;;;;
MA;2106375;MARANHAOZINHO; 24.529.138,26 ; 17.239.195,08 ; 10.495.959,33 ; -   ; 27.735.154,41 ; 52.264.292,67 ;;;;
MA;2106409;MATA ROMA; 24.412.377,25 ; 17.157.134,90 ; 22.991.342,62 ; 2.721.192,99 ; 42.869.670,51 ; 67.282.047,76 ;;;;
MA;2106508;MATINHA; 25.395.271,79 ; 17.847.917,85 ; 21.962.479,81 ; 1.455.334,22 ; 41.265.731,88 ; 66.661.003,67 ;;;;
MA;2106607;MATOES; 38.726.502,46 ; 27.217.170,21 ; 27.990.854,45 ; -   ; 55.208.024,66 ; 93.934.527,12 ;;;;
MA;2106631;MATOES DO NORTE; 19.375.285,01 ; 13.617.042,50 ; 19.495.239,87 ; 2.140.846,02 ; 35.253.128,39 ; 54.628.413,40 ;;;;
MA;2106672;MILAGRES DO MARANHAO; 15.336.542,34 ; 10.778.594,94 ; 14.450.090,28 ; 1.736.608,29 ; 26.965.293,51 ; 42.301.835,85 ;;;;
MA;2106706;MIRADOR; 17.810.856,36 ; 12.517.554,61 ; 10.374.162,63 ; 2.398.618,49 ; 25.290.335,73 ; 43.101.192,09 ;;;;
MA;2106755;MIRANDA DO NORTE; 21.268.755,60 ; 14.947.782,64 ; 13.674.608,81 ; 2.438.502,10 ; 31.060.893,55 ; 52.329.649,15 ;;;;
MA;2106805;MIRINZAL; 14.639.504,35 ; 10.288.713,32 ; 8.621.172,66 ; 773.251,59 ; 19.683.137,57 ; 34.322.641,92 ;;;;
MA;2106904;MONCAO; 38.821.292,00 ; 27.283.788,75 ; 34.882.153,64 ; 4.209.719,32 ; 66.375.661,71 ; 105.196.953,71 ;;;;
MA;2107001;MONTES ALTOS; 7.684.024,88 ; 5.400.369,25 ; 4.864.308,62 ; 1.084.207,26 ; 11.348.885,13 ; 19.032.910,01 ;;;;
MA;2107100;MORROS; 23.721.302,67 ; 16.671.444,39 ; 17.271.766,47 ; 2.953.097,28 ; 36.896.308,14 ; 60.617.610,81 ;;;;
MA;2107209;NINA RODRIGUES; 16.028.774,11 ; 11.265.098,72 ; 8.002.955,34 ; 2.014.010,83 ; 21.282.064,89 ; 37.310.839,00 ;;;;
MA;2107258;NOVA COLINAS; 5.077.253,51 ; 3.568.317,93 ; 1.771.182,55 ; 361.122,28 ; 5.700.622,76 ; 10.777.876,27 ;;;;
MA;2107308;NOVA IORQUE; 3.505.979,83 ; 2.464.019,31 ; -   ; 464.931,44 ; 2.928.950,75 ; 6.434.930,58 ;;;;
MA;2107357;NOVA OLINDA DO MARANHAO; 22.302.807,53 ; 15.674.519,26 ; 15.112.905,38 ; 1.291.253,33 ; 32.078.677,97 ; 54.381.485,50 ;;;;
MA;2107407;OLHO DAGUA DAS CUNHAS; 21.713.128,19 ; 15.260.089,81 ; 6.051.289,13 ; 2.646.537,34 ; 23.957.916,28 ; 45.671.044,47 ;;;;
MA;2107456;OLINDA NOVA DO MARANHAO; 13.425.229,09 ; 9.435.314,89 ; 9.476.564,02 ; 1.723.319,76 ; 20.635.198,67 ; 34.060.427,76 ;;;;
MA;2107506;PACO DO LUMIAR; 135.069.340,84 ; 94.927.375,46 ; 155.449.144,07 ; 16.129.935,65 ; 266.506.455,18 ; 401.575.796,02 ;;;;
MA;2107605;PALMEIRANDIA; 16.563.521,68 ; 11.640.921,85 ; 10.059.591,77 ; 993.391,55 ; 22.693.905,17 ; 39.257.426,85 ;;;;
MA;2107704;PARAIBANO; 15.239.851,62 ; 10.710.640,23 ; 5.997.216,41 ; 1.094.572,14 ; 17.802.428,78 ; 33.042.280,40 ;;;;
MA;2107803;PARNARAMA; 43.341.697,15 ; 30.460.751,00 ; 37.063.867,35 ; 5.284.725,07 ; 72.809.343,42 ; 116.151.040,57 ;;;;
MA;2107902;PASSAGEM FRANCA; 18.773.884,37 ; 13.194.375,26 ; 17.134.806,86 ; -   ; 30.329.182,12 ; 49.103.066,49 ;;;;
MA;2108009;PASTOS BONS; 25.045.447,89 ; 17.602.059,95 ; 7.102.641,71 ; 3.506.744,03 ; 28.211.445,69 ; 53.256.893,58 ;;;;
MA;2108058;PAULINO NEVES; 22.105.146,08 ; 15.535.601,85 ; 14.071.434,83 ; 3.053.859,39 ; 32.660.896,07 ; 54.766.042,15 ;;;;
MA;2108108;PAULO RAMOS; 27.537.109,63 ; 19.353.211,69 ; 16.141.935,10 ; 3.080.672,97 ; 38.575.819,76 ; 66.112.929,39 ;;;;
MA;2108207;PEDREIRAS; 23.257.018,19 ; 16.345.143,05 ; 5.119.752,30 ; 3.500.949,00 ; 24.965.844,35 ; 48.222.862,54 ;;;;
MA;2108256;PEDRO DO ROSARIO; 37.578.838,71 ; 26.410.586,67 ; 23.054.040,46 ; 4.367.504,84 ; 53.832.131,97 ; 91.410.970,68 ;;;;
MA;2108306;PENALVA; 38.262.694,28 ; 26.891.203,61 ; 30.107.728,59 ; 4.936.966,63 ; 61.935.898,83 ; 100.198.593,11 ;;;;
MA;2108405;PERI MIRIM; 11.837.828,76 ; 8.319.682,38 ; 6.790.299,96 ; 631.821,51 ; 15.741.803,85 ; 27.579.632,61 ;;;;
MA;2108454;PERITORO; 31.236.208,16 ; 21.952.955,73 ; 25.922.007,83 ; 3.769.905,02 ; 51.644.868,58 ; 82.881.076,74 ;;;;
MA;2108504;PINDARE MIRIM; 42.927.588,88 ; 30.169.713,74 ; 30.491.048,58 ; 5.321.913,25 ; 65.982.675,57 ; 108.910.264,45 ;;;;
MA;2108603;PINHEIRO; 77.771.694,11 ; 54.658.316,70 ; 69.691.356,54 ; -   ; 124.349.673,24 ; 202.121.367,35 ;;;;
MA;2108702;PIO XII; 30.003.796,80 ; 21.086.811,16 ; 12.108.995,41 ; 3.741.539,29 ; 36.937.345,86 ; 66.941.142,66 ;;;;
MA;2108801;PIRAPEMAS; 21.943.301,35 ; 15.421.856,60 ; 19.840.864,21 ; -   ; 35.262.720,81 ; 57.206.022,16 ;;;;
MA;2108900;POCAO DE PEDRAS; 18.452.914,70 ; 12.968.796,26 ; 9.490.839,02 ; 2.260.164,84 ; 24.719.800,12 ; 43.172.714,82 ;;;;
MA;2109007;PORTO FRANCO; 30.419.459,88 ; 21.378.941,15 ; 20.745.586,50 ; 4.049.901,19 ; 46.174.428,84 ; 76.593.888,72 ;;;;
MA;2109056;PORTO RICO DO MARANHAO; 7.133.325,57 ; 5.013.335,16 ; 4.035.740,84 ; 793.052,71 ; 9.842.128,71 ; 16.975.454,28 ;;;;
MA;2109106;PRESIDENTE DUTRA; 36.946.111,98 ; 25.965.903,31 ; 22.711.412,33 ; 4.869.493,92 ; 53.546.809,56 ; 90.492.921,54 ;;;;
MA;2109205;PRESIDENTE JUSCELINO; 14.505.376,80 ; 10.194.447,84 ; 11.435.588,81 ; 879.896,11 ; 22.509.932,76 ; 37.015.309,56 ;;;;
MA;2109239;PRESIDENTE MEDICI; 6.819.409,61 ; 4.792.713,53 ; 2.497.001,32 ; 934.140,97 ; 8.223.855,82 ; 15.043.265,43 ;;;;
MA;2109270;PRESIDENTE SARNEY; 27.063.934,58 ; 19.020.662,00 ; 13.359.933,84 ; 1.541.631,82 ; 33.922.227,66 ; 60.986.162,24 ;;;;
MA;2109304;PRESIDENTE VARGAS; 15.058.068,70 ; 10.582.882,33 ; 6.583.680,77 ; 1.931.539,57 ; 19.098.102,67 ; 34.156.171,37 ;;;;
MA;2109403;PRIMEIRA CRUZ; 15.089.302,48 ; 10.604.833,58 ; -   ; 2.058.652,79 ; 12.663.486,37 ; 27.752.788,85 ;;;;
MA;2109452;RAPOSA; 32.179.737,21 ; 22.616.072,44 ; 24.394.161,18 ; 3.935.315,83 ; 50.945.549,45 ; 83.125.286,66 ;;;;
MA;2109502;RIACHAO; 17.418.730,19 ; 12.241.966,47 ; 7.546.657,63 ; 2.585.866,20 ; 22.374.490,30 ; 39.793.220,49 ;;;;
MA;2109551;RIBAMAR FIQUENE; 6.891.651,22 ; 4.843.485,27 ; 3.645.225,04 ; 997.350,68 ; 9.486.060,99 ; 16.377.712,21 ;;;;
MA;2109601;ROSARIO; 47.473.777,65 ; 33.364.796,84 ; 36.973.011,11 ; -   ; 70.337.807,95 ; 117.811.585,60 ;;;;
MA;2109700;SAMBAIBA; 5.928.896,72 ; 4.166.856,82 ; 3.237.223,00 ; 676.060,98 ; 8.080.140,80 ; 14.009.037,52 ;;;;
MA;2109759;SANTA FILOMENA DO MARANHAO; 6.506.939,87 ; 4.573.108,30 ; 3.522.071,73 ; -   ; 8.095.180,03 ; 14.602.119,90 ;;;;
MA;2109809;SANTA HELENA; 54.639.446,23 ; 38.400.862,80 ; 38.835.122,77 ; 6.507.675,82 ; 83.743.661,39 ; 138.383.107,62 ;;;;
MA;2109908;SANTA INES; 68.164.827,92 ; 47.906.565,42 ; 28.243.295,21 ; 10.031.725,00 ; 86.181.585,63 ; 154.346.413,55 ;;;;
MA;2110005;SANTA LUZIA; 71.338.826,17 ; 50.137.266,50 ; 59.175.962,03 ; 9.163.317,09 ; 118.476.545,62 ; 189.815.371,79 ;;;;
MA;2110039;SANTA LUZIA DO PARUA; 24.149.512,42 ; 16.972.392,24 ; 17.343.449,85 ; 3.044.975,58 ; 37.360.817,67 ; 61.510.330,09 ;;;;
MA;2110104;SANTA QUITERIA DO MARANHAO; 38.590.620,50 ; 27.121.671,71 ; 10.325.640,14 ; 4.940.364,15 ; 42.387.676,00 ; 80.978.296,50 ;;;;
MA;2110203;SANTA RITA; 46.753.982,58 ; 32.858.921,43 ; 52.545.222,62 ; -   ; 85.404.144,05 ; 132.158.126,63 ;;;;
MA;2110237;SANTANA DO MARANHAO; 11.503.115,25 ; 8.084.444,13 ; 4.000.799,62 ; 1.306.737,81 ; 13.391.981,56 ; 24.895.096,81 ;;;;
MA;2110278;SANTO AMARO DO MARANHAO; 13.310.557,95 ; 9.354.723,46 ; 6.554.772,94 ; 1.797.219,38 ; 17.706.715,78 ; 31.017.273,73 ;;;;
MA;2110302;SANTO ANTONIO DOS LOPES; 14.810.533,75 ; 10.408.913,60 ; -   ; 2.159.543,65 ; 12.568.457,25 ; 27.378.991,00 ;;;;
MA;2110401;SAO BENEDITO DO RIO PRETO; 24.022.823,77 ; 16.883.354,86 ; 12.259.594,62 ; 3.309.954,11 ; 32.452.903,59 ; 56.475.727,36 ;;;;
MA;2110500;SAO BENTO; 40.089.261,79 ; 28.174.923,95 ; 17.382.080,51 ; 4.866.125,69 ; 50.423.130,15 ; 90.512.391,94 ;;;;
MA;2110609;SAO BERNARDO; 42.120.255,70 ; 29.602.316,14 ; 5.539.816,86 ; 2.489.616,11 ; 37.631.749,11 ; 79.752.004,81 ;;;;
MA;2110658;SAO DOMINGOS DO AZEITAO; 7.562.188,78 ; 5.314.742,26 ; 4.245.898,71 ; 1.057.489,33 ; 10.618.130,30 ; 18.180.319,08 ;;;;
MA;2110708;SAO DOMINGOS DO MARANHAO; 31.067.766,22 ; 21.834.573,93 ; 16.126.424,03 ; 4.518.990,33 ; 42.479.988,29 ; 73.547.754,51 ;;;;
MA;2110807;SAO FELIX DE BALSAS; 4.020.383,93 ; 2.825.544,96 ; 2.637.025,08 ; 219.947,51 ; 5.682.517,55 ; 9.702.901,48 ;;;;
MA;2110856;SAO FRANCISCO DO BREJAO; 8.752.317,01 ; 6.151.170,05 ; 4.676.247,23 ; -   ; 10.827.417,28 ; 19.579.734,29 ;;;;
MA;2110906;SAO FRANCISCO DO MARANHAO; 13.621.029,43 ; 9.572.924,30 ; 7.245.905,41 ; 1.611.900,57 ; 18.430.730,28 ; 32.051.759,71 ;;;;
MA;2111003;SAO JOAO BATISTA; 17.478.870,47 ; 12.284.233,34 ; 10.050.725,49 ; -   ; 22.334.958,83 ; 39.813.829,30 ;;;;
MA;2111029;SAO JOAO DO CARU; 15.982.709,05 ; 11.232.723,98 ; 10.843.825,60 ; 1.967.697,00 ; 24.044.246,58 ; 40.026.955,63 ;;;;
MA;2111052;SAO JOAO DO PARAISO; 12.721.031,22 ; 8.940.401,27 ; 10.690.835,70 ; 1.530.499,67 ; 21.161.736,64 ; 33.882.767,86 ;;;;
MA;2111078;SAO JOAO DO SOTER; 22.676.117,67 ; 15.936.883,40 ; 18.854.558,37 ; 2.832.657,47 ; 37.624.099,24 ; 60.300.216,91 ;;;;
MA;2111102;SAO JOAO DOS PATOS; 22.683.564,23 ; 15.942.116,87 ; 11.882.879,67 ; 3.080.501,12 ; 30.905.497,66 ; 53.589.061,89 ;;;;
MA;2111201;SAO JOSE DE RIBAMAR; 218.266.294,84 ; 153.398.590,63 ; 221.209.660,23 ; -   ; 374.608.250,86 ; 592.874.545,70 ;;;;
MA;2111250;SAO JOSE DOS BASILIOS; 7.726.628,84 ; 5.430.311,52 ; 5.627.067,19 ; 866.190,35 ; 11.923.569,06 ; 19.650.197,90 ;;;;
MA;2111300;SAO LUIS; 442.533.160,81 ; 311.014.411,19 ; -   ; -   ; 311.014.411,19 ; 753.547.572,00 ;;;;
MA;2111409;SAO LUIS GONZAGA DO MARANHAO; 26.050.187,55 ; 18.308.195,78 ; 20.202.581,47 ; 1.415.491,79 ; 39.926.269,04 ; 65.976.456,59 ;;;;
MA;2111508;SAO MATEUS DO MARANHAO; 43.504.374,98 ; 30.575.081,75 ; 35.343.070,28 ; 5.284.953,10 ; 71.203.105,13 ; 114.707.480,11 ;;;;
MA;2111532;SAO PEDRO DA AGUA BRANCA; 10.752.605,00 ; 7.556.981,96 ; 3.026.101,98 ; 746.846,67 ; 11.329.930,61 ; 22.082.535,61 ;;;;
MA;2111573;SAO PEDRO DOS CRENTES; 5.531.765,06 ; 3.887.750,81 ; 3.130.489,38 ; 668.942,24 ; 7.687.182,43 ; 13.218.947,49 ;;;;
MA;2111607;SAO RAIMUNDO DAS MANGABEIRAS; 17.094.990,25 ; 12.014.440,50 ; 10.658.800,78 ; -   ; 22.673.241,28 ; 39.768.231,53 ;;;;
MA;2111631;SAO RAIMUNDO DO DOCA BEZERRA; 6.416.442,25 ; 4.509.506,14 ; 4.673.721,96 ; -   ; 9.183.228,10 ; 15.599.670,35 ;;;;
MA;2111672;SAO ROBERTO; 6.477.411,77 ; 4.552.355,81 ; 2.367.984,34 ; 754.028,91 ; 7.674.369,06 ; 14.151.780,83 ;;;;
MA;2111706;SAO VICENTE FERRER; 18.663.001,90 ; 13.116.446,54 ; 13.918.566,66 ; 2.316.550,00 ; 29.351.563,20 ; 48.014.565,10 ;;;;
MA;2111722;SATUBINHA; 14.927.495,58 ; 10.491.114,92 ; 3.989.758,24 ; 1.838.844,16 ; 16.319.717,32 ; 31.247.212,90 ;;;;
MA;2111748;SENADOR ALEXANDRE COSTA; 13.104.644,36 ; 9.210.006,41 ; 9.814.521,64 ; 1.542.669,20 ; 20.567.197,25 ; 33.671.841,61 ;;;;
MA;2111763;SENADOR LA ROCQUE; 15.702.154,16 ; 11.035.548,67 ; 9.342.488,40 ; 894.696,86 ; 21.272.733,93 ; 36.974.888,09 ;;;;
MA;2111789;SERRANO DO MARANHAO; 23.624.976,88 ; 16.603.746,17 ; 17.622.730,63 ; 1.164.859,48 ; 35.391.336,28 ; 59.016.313,16 ;;;;
MA;2111805;SITIO NOVO; 20.415.107,18 ; 14.347.834,47 ; 15.709.193,60 ; -   ; 30.057.028,07 ; 50.472.135,25 ;;;;
MA;2111904;SUCUPIRA DO NORTE; 11.604.099,12 ; 8.155.416,07 ; 8.620.217,40 ; -   ; 16.775.633,47 ; 28.379.732,59 ;;;;
MA;2111953;SUCUPIRA DO RIACHAO; 4.481.801,80 ; 3.149.831,63 ; 1.173.580,04 ; -   ; 4.323.411,67 ; 8.805.213,47 ;;;;
MA;2112001;TASSO FRAGOSO; 9.140.749,65 ; 6.424.162,35 ; 2.888.116,43 ; 1.416.822,49 ; 10.729.101,27 ; 19.869.850,92 ;;;;
MA;2112100;TIMBIRAS; 25.343.784,83 ; 17.811.732,57 ; 16.348.538,20 ; 3.663.521,45 ; 37.823.792,22 ; 63.167.577,05 ;;;;
MA;2112209;TIMON; 150.494.551,33 ; 105.768.286,79 ; 126.628.337,68 ; 23.048.000,82 ; 255.444.625,29 ; 405.939.176,62 ;;;;
MA;2112233;TRIZIDELA DO VALE; 19.826.816,12 ; 13.934.380,72 ; 5.411.395,63 ; 3.139.882,02 ; 22.485.658,37 ; 42.312.474,49 ;;;;
MA;2112274;TUFILANDIA; 7.841.057,91 ; 5.510.732,82 ; 5.981.614,78 ; 873.435,70 ; 12.365.783,30 ; 20.206.841,21 ;;;;
MA;2112308;TUNTUM; 38.461.415,76 ; 27.030.866,01 ; 38.963.560,06 ; 4.616.081,98 ; 70.610.508,05 ; 109.071.923,81 ;;;;
MA;2112407;TURIACU; 50.101.461,93 ; 35.211.545,85 ; 41.897.887,43 ; -   ; 77.109.433,28 ; 127.210.895,21 ;;;;
MA;2112456;TURILANDIA; 40.058.307,49 ; 28.153.169,11 ; 30.153.399,70 ; 4.787.677,02 ; 63.094.245,83 ; 103.152.553,32 ;;;;
MA;2112506;TUTOIA; 59.684.947,93 ; 41.946.865,41 ; 43.935.683,17 ; 7.932.145,11 ; 93.814.693,69 ; 153.499.641,62 ;;;;
MA;2112605;URBANO SANTOS; 42.626.703,21 ; 29.958.249,86 ; 30.044.976,86 ; 5.334.700,47 ; 65.337.927,19 ; 107.964.630,40 ;;;;
MA;2112704;VARGEM GRANDE; 76.180.496,07 ; 53.540.015,13 ; 67.782.961,98 ; 10.669.297,71 ; 131.992.274,82 ; 208.172.770,89 ;;;;
MA;2112803;VIANA; 55.062.171,99 ; 38.697.956,48 ; 45.305.109,30 ; 7.196.833,00 ; 91.199.898,78 ; 146.262.070,77 ;;;;
MA;2112852;VILA NOVA DOS MARTIRIOS; 14.071.377,12 ; 9.889.430,80 ; 6.855.494,87 ; -   ; 16.744.925,67 ; 30.816.302,79 ;;;;
MA;2112902;VITORIA DO MEARIM; 27.685.536,63 ; 19.457.526,88 ; 15.401.728,22 ; 3.467.569,26 ; 38.326.824,36 ; 66.012.360,99 ;;;;
MA;2113009;VITORINO FREIRE; 32.399.070,87 ; 22.770.221,18 ; 29.019.430,18 ; 3.936.060,62 ; 55.725.711,98 ; 88.124.782,85 ;;;;
MA;2114007;ZE DOCA; 70.166.003,81 ; 49.313.001,36 ; 44.024.280,66 ; 4.410.241,27 ; 97.747.523,29 ; 167.913.527,10 ;;;;
MA;21;GOVERNO DO ESTADO; 2.000.708.761,61 ; 1.406.107.637,94 ; 401.682.693,99 ; 232.492.505,42 ; 2.040.282.837,35 ; 4.040.991.598,96 ;;;;
MG;3100104;ABADIA DOS DOURADOS; 4.555.960,12 ; -   ; -   ; -   ; -   ; 4.555.960,12 ;;;;
MG;3100203;ABAETE; 17.054.253,66 ; -   ; 919.634,33 ; -   ; 919.634,33 ; 17.973.887,99 ;;;;
MG;3100302;ABRE CAMPO; 6.441.614,79 ; -   ; -   ; -   ; -   ; 6.441.614,79 ;;;;
MG;3100401;ACAIACA; 3.317.035,66 ; -   ; -   ; -   ; -   ; 3.317.035,66 ;;;;
MG;3100500;ACUCENA; 4.087.854,37 ; -   ; -   ; -   ; -   ; 4.087.854,37 ;;;;
MG;3100609;AGUA BOA; 6.281.860,65 ; -   ; -   ; -   ; -   ; 6.281.860,65 ;;;;
MG;3100708;AGUA COMPRIDA; 2.034.278,39 ; -   ; -   ; -   ; -   ; 2.034.278,39 ;;;;
MG;3100807;AGUANIL; 4.451.101,99 ; -   ; -   ; -   ; -   ; 4.451.101,99 ;;;;
MG;3100906;AGUAS FORMOSAS; 9.980.647,12 ; -   ; -   ; -   ; -   ; 9.980.647,12 ;;;;
MG;3101003;AGUAS VERMELHAS; 13.080.251,57 ; -   ; 1.899.235,45 ; -   ; 1.899.235,45 ; 14.979.487,02 ;;;;
MG;3101102;AIMORES; 18.598.065,30 ; -   ; -   ; 747.022,91 ; 747.022,91 ; 19.345.088,21 ;;;;
MG;3101201;AIURUOCA; 3.517.495,09 ; -   ; -   ; 143.530,22 ; 143.530,22 ; 3.661.025,31 ;;;;
MG;3101300;ALAGOA; 2.919.114,45 ; -   ; -   ; -   ; -   ; 2.919.114,45 ;;;;
MG;3101409;ALBERTINA; 5.046.601,63 ; -   ; -   ; 181.307,18 ; 181.307,18 ; 5.227.908,81 ;;;;
MG;3101508;ALEM PARAIBA; 26.188.979,43 ; -   ; -   ; -   ; -   ; 26.188.979,43 ;;;;
MG;3101607;ALFENAS; 59.039.308,96 ; -   ; -   ; -   ; -   ; 59.039.308,96 ;;;;
MG;3101631;ALFREDO VASCONCELOS; 4.977.363,60 ; -   ; -   ; 212.287,71 ; 212.287,71 ; 5.189.651,31 ;;;;
MG;3101706;ALMENARA; 36.582.014,45 ; -   ; 831.410,40 ; 2.933.437,49 ; 3.764.847,89 ; 40.346.862,34 ;;;;
MG;3101805;ALPERCATA; 7.293.029,46 ; -   ; 65.005,11 ; -   ; 65.005,11 ; 7.358.034,57 ;;;;
MG;3101904;ALPINOPOLIS; 12.246.723,18 ; -   ; -   ; -   ; -   ; 12.246.723,18 ;;;;
MG;3102001;ALTEROSA; 11.721.660,11 ; -   ; -   ; 512.861,67 ; 512.861,67 ; 12.234.521,78 ;;;;
MG;3102050;ALTO CAPARAO; 6.034.818,38 ; -   ; -   ; -   ; -   ; 6.034.818,38 ;;;;
MG;3153509;ALTO JEQUITIBA; 6.510.300,35 ; -   ; 757.549,42 ; -   ; 757.549,42 ; 7.267.849,77 ;;;;
MG;3102100;ALTO RIO DOCE; 6.859.175,67 ; -   ; 422.622,25 ; 284.074,48 ; 706.696,73 ; 7.565.872,40 ;;;;
MG;3102209;ALVARENGA; 3.778.834,58 ; -   ; -   ; -   ; -   ; 3.778.834,58 ;;;;
MG;3102308;ALVINOPOLIS; 8.785.660,52 ; -   ; -   ; -   ; -   ; 8.785.660,52 ;;;;
MG;3102407;ALVORADA DE MINAS; 3.469.730,68 ; -   ; -   ; 131.359,21 ; 131.359,21 ; 3.601.089,89 ;;;;
MG;3102506;AMPARO DO SERRA; 3.603.656,07 ; -   ; -   ; 279.769,39 ; 279.769,39 ; 3.883.425,46 ;;;;
MG;3102605;ANDRADAS; 30.929.220,91 ; -   ; 432.112,96 ; 1.179.014,45 ; 1.611.127,41 ; 32.540.348,32 ;;;;
MG;3102803;ANDRELANDIA; 10.896.423,45 ; -   ; -   ; 897.430,47 ; 897.430,47 ; 11.793.853,92 ;;;;
MG;3102852;ANGELANDIA; 8.517.106,54 ; -   ; 1.271.161,31 ; -   ; 1.271.161,31 ; 9.788.267,85 ;;;;
MG;3102902;ANTONIO CARLOS; 6.856.543,10 ; -   ; 426.364,35 ; -   ; 426.364,35 ; 7.282.907,45 ;;;;
MG;3103009;ANTONIO DIAS; 4.260.139,78 ; -   ; -   ; -   ; -   ; 4.260.139,78 ;;;;
MG;3103108;ANTONIO PRADO DE MINAS; 1.550.713,95 ; -   ; -   ; 59.204,12 ; 59.204,12 ; 1.609.918,07 ;;;;
MG;3103207;ARACAI; 3.074.798,94 ; -   ; -   ; 247.651,29 ; 247.651,29 ; 3.322.450,23 ;;;;
MG;3103306;ARACITABA; 1.283.893,75 ; -   ; -   ; 55.120,75 ; 55.120,75 ; 1.339.014,50 ;;;;
MG;3103405;ARACUAI; 18.650.749,50 ; -   ; -   ; 1.333.881,51 ; 1.333.881,51 ; 19.984.631,01 ;;;;
MG;3103504;ARAGUARI; 80.686.077,66 ; -   ; -   ; -   ; -   ; 80.686.077,66 ;;;;
MG;3103603;ARANTINA; 3.634.107,18 ; -   ; -   ; -   ; -   ; 3.634.107,18 ;;;;
MG;3103702;ARAPONGA; 3.606.118,46 ; -   ; -   ; 304.418,48 ; 304.418,48 ; 3.910.536,94 ;;;;
MG;3103751;ARAPORA; 14.671.475,73 ; -   ; -   ; -   ; -   ; 14.671.475,73 ;;;;
MG;3103801;ARAPUA; 2.130.406,40 ; -   ; -   ; 83.039,06 ; 83.039,06 ; 2.213.445,46 ;;;;
MG;3103900;ARAUJOS; 8.945.865,67 ; -   ; 675.551,11 ; -   ; 675.551,11 ; 9.621.416,78 ;;;;
MG;3104007;ARAXA; 120.686.328,31 ; -   ; -   ; 9.279.260,83 ; 9.279.260,83 ; 129.965.589,14 ;;;;
MG;3104106;ARCEBURGO; 8.688.121,49 ; -   ; -   ; -   ; -   ; 8.688.121,49 ;;;;
MG;3104205;ARCOS; 29.108.844,50 ; -   ; -   ; -   ; -   ; 29.108.844,50 ;;;;
MG;3104304;AREADO; 9.864.866,98 ; -   ; -   ; -   ; -   ; 9.864.866,98 ;;;;
MG;3104403;ARGIRITA; 4.481.632,74 ; -   ; -   ; -   ; -   ; 4.481.632,74 ;;;;
MG;3104452;ARICANDUVA; 4.594.333,03 ; -   ; -   ; -   ; -   ; 4.594.333,03 ;;;;
MG;3104502;ARINOS; 15.654.714,35 ; -   ; -   ; -   ; -   ; 15.654.714,35 ;;;;
MG;3104601;ASTOLFO DUTRA; 9.229.098,35 ; -   ; -   ; 787.586,29 ; 787.586,29 ; 10.016.684,64 ;;;;
MG;3104700;ATALEIA; 8.190.368,64 ; -   ; -   ; -   ; -   ; 8.190.368,64 ;;;;
MG;3104809;AUGUSTO DE LIMA; 5.501.910,57 ; -   ; -   ; 233.574,36 ; 233.574,36 ; 5.735.484,93 ;;;;
MG;3104908;BAEPENDI; 13.233.712,36 ; -   ; -   ; 1.131.306,31 ; 1.131.306,31 ; 14.365.018,67 ;;;;
MG;3105004;BALDIM; 5.129.255,90 ; -   ; -   ; -   ; -   ; 5.129.255,90 ;;;;
MG;3105103;BAMBUI; 14.407.360,82 ; -   ; -   ; 1.199.023,73 ; 1.199.023,73 ; 15.606.384,55 ;;;;
MG;3105202;BANDEIRA; 3.488.503,29 ; -   ; -   ; -   ; -   ; 3.488.503,29 ;;;;
MG;3105301;BANDEIRA DO SUL; 6.805.634,52 ; -   ; 125.797,75 ; 281.412,28 ; 407.210,03 ; 7.212.844,55 ;;;;
MG;3105400;BARAO DE COCAIS; 30.147.017,96 ; -   ; -   ; -   ; -   ; 30.147.017,96 ;;;;
MG;3105509;BARAO DE MONTE ALTO; 5.945.527,76 ; -   ; -   ; -   ; -   ; 5.945.527,76 ;;;;
MG;3105608;BARBACENA; 69.294.853,66 ; -   ; -   ; -   ; -   ; 69.294.853,66 ;;;;
MG;3105707;BARRA LONGA; 2.327.023,67 ; -   ; -   ; 88.971,97 ; 88.971,97 ; 2.415.995,64 ;;;;
MG;3105905;BARROSO; 16.632.855,88 ; -   ; 503.456,27 ; 1.401.604,88 ; 1.905.061,15 ; 18.537.917,03 ;;;;
MG;3106002;BELA VISTA DE MINAS; 6.911.402,52 ; -   ; -   ; 569.775,59 ; 569.775,59 ; 7.481.178,11 ;;;;
MG;3106101;BELMIRO BRAGA; 2.589.163,45 ; -   ; -   ; -   ; -   ; 2.589.163,45 ;;;;
MG;3106200;BELO HORIZONTE; 1.836.135.287,58 ; -   ; -   ; -   ; -   ; 1.836.135.287,58 ;;;;
MG;3106309;BELO ORIENTE; 33.090.995,48 ; -   ; -   ; 1.371.542,33 ; 1.371.542,33 ; 34.462.537,81 ;;;;
MG;3106408;BELO VALE; 8.211.562,87 ; -   ; -   ; -   ; -   ; 8.211.562,87 ;;;;
MG;3106507;BERILO; 4.274.608,63 ; -   ; -   ; 150.479,70 ; 150.479,70 ; 4.425.088,33 ;;;;
MG;3106655;BERIZAL; 3.536.825,62 ; -   ; -   ; 140.665,31 ; 140.665,31 ; 3.677.490,93 ;;;;
MG;3106606;BERTOPOLIS; 3.184.546,27 ; -   ; -   ; 141.930,00 ; 141.930,00 ; 3.326.476,27 ;;;;
MG;3106705;BETIM; 502.155.137,39 ; -   ; -   ; -   ; -   ; 502.155.137,39 ;;;;
MG;3106804;BIAS FORTES; 2.108.612,96 ; -   ; -   ; -   ; -   ; 2.108.612,96 ;;;;
MG;3106903;BICAS; 13.403.660,39 ; -   ; 14.595,89 ; 511.749,51 ; 526.345,40 ; 13.930.005,79 ;;;;
MG;3107000;BIQUINHAS; 3.128.365,70 ; -   ; -   ; -   ; -   ; 3.128.365,70 ;;;;
MG;3107109;BOA ESPERANCA; 38.062.229,84 ; -   ; 8.261.491,22 ; -   ; 8.261.491,22 ; 46.323.721,06 ;;;;
MG;3107208;BOCAINA DE MINAS; 3.852.523,78 ; -   ; -   ; 330.824,08 ; 330.824,08 ; 4.183.347,86 ;;;;
MG;3107307;BOCAIUVA; 29.276.789,00 ; -   ; 429.447,59 ; 2.136.865,54 ; 2.566.313,13 ; 31.843.102,13 ;;;;
MG;3107406;BOM DESPACHO; 38.531.093,07 ; -   ; -   ; -   ; -   ; 38.531.093,07 ;;;;
MG;3107505;BOM JARDIM DE MINAS; 5.574.919,26 ; -   ; -   ; 472.066,22 ; 472.066,22 ; 6.046.985,48 ;;;;
MG;3107604;BOM JESUS DA PENHA; 4.832.001,01 ; -   ; -   ; -   ; -   ; 4.832.001,01 ;;;;
MG;3107703;BOM JESUS DO AMPARO; 6.279.910,34 ; -   ; 1.744.238,73 ; -   ; 1.744.238,73 ; 8.024.149,07 ;;;;
MG;3107802;BOM JESUS DO GALHO; 7.220.044,89 ; -   ; -   ; -   ; -   ; 7.220.044,89 ;;;;
MG;3107901;BOM REPOUSO; 13.483.148,67 ; -   ; 3.303.213,17 ; -   ; 3.303.213,17 ; 16.786.361,84 ;;;;
MG;3108008;BOM SUCESSO; 11.851.959,34 ; -   ; -   ; -   ; -   ; 11.851.959,34 ;;;;
MG;3108107;BONFIM; 4.629.717,52 ; -   ; -   ; -   ; -   ; 4.629.717,52 ;;;;
MG;3108206;BONFINOPOLIS DE MINAS; 5.837.457,32 ; -   ; -   ; 243.119,83 ; 243.119,83 ; 6.080.577,15 ;;;;
MG;3108255;BONITO DE MINAS; 8.815.687,75 ; -   ; 300.742,17 ; -   ; 300.742,17 ; 9.116.429,92 ;;;;
MG;3108305;BORDA DA MATA; 15.105.917,08 ; -   ; -   ; -   ; -   ; 15.105.917,08 ;;;;
MG;3108404;BOTELHOS; 12.142.415,94 ; -   ; 13.250,72 ; 501.389,02 ; 514.639,74 ; 12.657.055,68 ;;;;
MG;3108503;BOTUMIRIM; 3.147.255,25 ; -   ; -   ; 220.212,05 ; 220.212,05 ; 3.367.467,30 ;;;;
MG;3108701;BRAS PIRES; 4.006.572,96 ; -   ; -   ; 293.200,29 ; 293.200,29 ; 4.299.773,25 ;;;;
MG;3108552;BRASILANDIA DE MINAS; 17.528.423,06 ; -   ; 2.453.408,03 ; -   ; 2.453.408,03 ; 19.981.831,09 ;;;;
MG;3108602;BRASILIA DE MINAS; 17.111.766,53 ; -   ; 663.759,17 ; 1.155.487,01 ; 1.819.246,18 ; 18.931.012,71 ;;;;
MG;3108800;BRAUNAS; 2.553.107,77 ; -   ; -   ; -   ; -   ; 2.553.107,77 ;;;;
MG;3108909;BRAZOPOLIS; 11.001.633,68 ; -   ; 56.281,02 ; -   ; 56.281,02 ; 11.057.914,70 ;;;;
MG;3109006;BRUMADINHO; 57.033.995,09 ; -   ; -   ; -   ; -   ; 57.033.995,09 ;;;;
MG;3109105;BUENO BRANDAO; 6.559.382,43 ; -   ; -   ; -   ; -   ; 6.559.382,43 ;;;;
MG;3109204;BUENOPOLIS; 6.984.703,21 ; -   ; -   ; -   ; -   ; 6.984.703,21 ;;;;
MG;3109253;BUGRE; 3.097.305,04 ; -   ; 6.549,89 ; 257.522,70 ; 264.072,59 ; 3.361.377,63 ;;;;
MG;3109303;BURITIS; 31.951.990,81 ; -   ; -   ; 2.419.714,38 ; 2.419.714,38 ; 34.371.705,19 ;;;;
MG;3109402;BURITIZEIRO; 23.739.867,05 ; -   ; 419.419,58 ; -   ; 419.419,58 ; 24.159.286,63 ;;;;
MG;3109451;CABECEIRA GRANDE; 9.461.996,64 ; -   ; -   ; 746.106,75 ; 746.106,75 ; 10.208.103,39 ;;;;
MG;3109501;CABO VERDE; 9.505.675,70 ; -   ; -   ; -   ; -   ; 9.505.675,70 ;;;;
MG;3109600;CACHOEIRA DA PRATA; 4.803.002,23 ; -   ; -   ; -   ; -   ; 4.803.002,23 ;;;;
MG;3109709;CACHOEIRA DE MINAS; 10.665.192,07 ; -   ; -   ; 445.691,50 ; 445.691,50 ; 11.110.883,57 ;;;;
MG;3102704;CACHOEIRA DE PAJEU; 6.143.017,78 ; -   ; 367.455,56 ; -   ; 367.455,56 ; 6.510.473,34 ;;;;
MG;3109808;CACHOEIRA DOURADA; 3.663.095,57 ; -   ; -   ; 148.181,78 ; 148.181,78 ; 3.811.277,35 ;;;;
MG;3109907;CAETANOPOLIS; 10.646.142,68 ; -   ; -   ; -   ; -   ; 10.646.142,68 ;;;;
MG;3110004;CAETE; 26.931.552,04 ; -   ; -   ; -   ; -   ; 26.931.552,04 ;;;;
MG;3110103;CAIANA; 4.312.294,86 ; -   ; -   ; -   ; -   ; 4.312.294,86 ;;;;
MG;3110202;CAJURI; 5.788.245,57 ; -   ; -   ; 222.524,20 ; 222.524,20 ; 6.010.769,77 ;;;;
MG;3110301;CALDAS; 11.489.812,91 ; -   ; 314.555,54 ; 899.301,58 ; 1.213.857,12 ; 12.703.670,03 ;;;;
MG;3110400;CAMACHO; 2.170.800,21 ; -   ; -   ; 196.628,35 ; 196.628,35 ; 2.367.428,56 ;;;;
MG;3110509;CAMANDUCAIA; 30.404.143,74 ; -   ; 1.082.456,24 ; 2.280.865,88 ; 3.363.322,12 ; 33.767.465,86 ;;;;
MG;3110608;CAMBUI; 25.007.710,12 ; -   ; -   ; -   ; -   ; 25.007.710,12 ;;;;
MG;3110707;CAMBUQUIRA; 10.089.528,65 ; -   ; -   ; 774.063,54 ; 774.063,54 ; 10.863.592,19 ;;;;
MG;3110806;CAMPANARIO; 2.833.611,62 ; -   ; -   ; -   ; -   ; 2.833.611,62 ;;;;
MG;3110905;CAMPANHA; 14.177.528,52 ; -   ; 531.982,26 ; -   ; 531.982,26 ; 14.709.510,78 ;;;;
MG;3111002;CAMPESTRE; 23.999.310,31 ; -   ; 3.243.698,56 ; -   ; 3.243.698,56 ; 27.243.008,87 ;;;;
MG;3111101;CAMPINA VERDE; 11.046.147,17 ; -   ; -   ; -   ; -   ; 11.046.147,17 ;;;;
MG;3111150;CAMPO AZUL; 4.413.421,40 ; -   ; 207.037,48 ; 170.015,32 ; 377.052,80 ; 4.790.474,20 ;;;;
MG;3111200;CAMPO BELO; 38.495.235,93 ; -   ; -   ; -   ; -   ; 38.495.235,93 ;;;;
MG;3111309;CAMPO DO MEIO; 9.211.689,78 ; -   ; 6.044,39 ; -   ; 6.044,39 ; 9.217.734,17 ;;;;
MG;3111408;CAMPO FLORIDO; 11.773.110,16 ; -   ; -   ; -   ; -   ; 11.773.110,16 ;;;;
MG;3111507;CAMPOS ALTOS; 15.580.862,65 ; -   ; -   ; -   ; -   ; 15.580.862,65 ;;;;
MG;3111606;CAMPOS GERAIS; 24.759.420,28 ; -   ; 1.733.540,12 ; 1.940.932,49 ; 3.674.472,61 ; 28.433.892,89 ;;;;
MG;3111903;CANA VERDE; 3.756.833,26 ; -   ; -   ; 317.100,30 ; 317.100,30 ; 4.073.933,56 ;;;;
MG;3111705;CANAA; 2.614.698,06 ; -   ; -   ; 106.354,52 ; 106.354,52 ; 2.721.052,58 ;;;;
MG;3111804;CANAPOLIS; 8.356.808,87 ; -   ; -   ; -   ; -   ; 8.356.808,87 ;;;;
MG;3112000;CANDEIAS; 8.380.649,04 ; -   ; -   ; -   ; -   ; 8.380.649,04 ;;;;
MG;3112059;CANTAGALO; 2.944.587,71 ; -   ; -   ; 251.524,34 ; 251.524,34 ; 3.196.112,05 ;;;;
MG;3112109;CAPARAO; 5.265.387,36 ; -   ; -   ; -   ; -   ; 5.265.387,36 ;;;;
MG;3112208;CAPELA NOVA; 2.639.056,71 ; -   ; -   ; 108.809,81 ; 108.809,81 ; 2.747.866,52 ;;;;
MG;3112307;CAPELINHA; 30.797.134,55 ; -   ; 5.547.843,31 ; 2.577.257,42 ; 8.125.100,73 ; 38.922.235,28 ;;;;
MG;3112406;CAPETINGA; 5.728.027,50 ; -   ; 105.232,81 ; -   ; 105.232,81 ; 5.833.260,31 ;;;;
MG;3112505;CAPIM BRANCO; 7.025.635,97 ; -   ; -   ; 658.976,56 ; 658.976,56 ; 7.684.612,53 ;;;;
MG;3112604;CAPINOPOLIS; 13.471.542,08 ; -   ; -   ; -   ; -   ; 13.471.542,08 ;;;;
MG;3112653;CAPITAO ANDRADE; 4.952.973,54 ; -   ; 299.569,11 ; -   ; 299.569,11 ; 5.252.542,65 ;;;;
MG;3112703;CAPITAO ENEAS; 14.468.924,40 ; -   ; 335.945,53 ; 1.094.622,39 ; 1.430.567,92 ; 15.899.492,32 ;;;;
MG;3112802;CAPITOLIO; 8.749.591,98 ; -   ; -   ; 605.002,01 ; 605.002,01 ; 9.354.593,99 ;;;;
MG;3112901;CAPUTIRA; 9.383.167,51 ; -   ; 987.970,86 ; 382.295,31 ; 1.370.266,17 ; 10.753.433,68 ;;;;
MG;3113008;CARAI; 15.216.092,76 ; -   ; -   ; -   ; -   ; 15.216.092,76 ;;;;
MG;3113107;CARANAIBA; 1.837.124,45 ; -   ; -   ; 173.723,92 ; 173.723,92 ; 2.010.848,37 ;;;;
MG;3113206;CARANDAI; 22.646.691,19 ; -   ; -   ; -   ; -   ; 22.646.691,19 ;;;;
MG;3113305;CARANGOLA; 17.948.190,23 ; -   ; -   ; 1.171.953,04 ; 1.171.953,04 ; 19.120.143,27 ;;;;
MG;3113404;CARATINGA; 70.742.405,01 ; -   ; -   ; -   ; -   ; 70.742.405,01 ;;;;
MG;3113503;CARBONITA; 7.635.726,68 ; -   ; -   ; -   ; -   ; 7.635.726,68 ;;;;
MG;3113602;CAREACU; 5.401.484,78 ; -   ; -   ; 460.701,43 ; 460.701,43 ; 5.862.186,21 ;;;;
MG;3113701;CARLOS CHAGAS; 17.055.343,68 ; -   ; -   ; -   ; -   ; 17.055.343,68 ;;;;
MG;3113800;CARMESIA; 3.061.310,80 ; -   ; -   ; 257.314,59 ; 257.314,59 ; 3.318.625,39 ;;;;
MG;3113909;CARMO DA CACHOEIRA; 9.964.062,92 ; -   ; 368.039,83 ; -   ; 368.039,83 ; 10.332.102,75 ;;;;
MG;3114006;CARMO DA MATA; 7.286.620,17 ; -   ; -   ; 294.663,69 ; 294.663,69 ; 7.581.283,86 ;;;;
MG;3114105;CARMO DE MINAS; 7.895.602,94 ; -   ; -   ; -   ; -   ; 7.895.602,94 ;;;;
MG;3114204;CARMO DO CAJURU; 22.029.966,43 ; -   ; 64.095,22 ; -   ; 64.095,22 ; 22.094.061,65 ;;;;
MG;3114303;CARMO DO PARANAIBA; 20.793.978,53 ; -   ; -   ; -   ; -   ; 20.793.978,53 ;;;;
MG;3114402;CARMO DO RIO CLARO; 15.678.812,56 ; -   ; 1.644.505,30 ; -   ; 1.644.505,30 ; 17.323.317,86 ;;;;
MG;3114501;CARMOPOLIS DE MINAS; 16.492.881,92 ; -   ; -   ; 1.384.623,08 ; 1.384.623,08 ; 17.877.505,00 ;;;;
MG;3114550;CARNEIRINHO; 8.132.362,11 ; -   ; -   ; -   ; -   ; 8.132.362,11 ;;;;
MG;3114600;CARRANCAS; 3.076.725,02 ; -   ; -   ; -   ; -   ; 3.076.725,02 ;;;;
MG;3114709;CARVALHOPOLIS; 4.746.841,67 ; -   ; -   ; -   ; -   ; 4.746.841,67 ;;;;
MG;3114808;CARVALHOS; 2.873.567,94 ; -   ; -   ; -   ; -   ; 2.873.567,94 ;;;;
MG;3114907;CASA GRANDE; 2.070.911,61 ; -   ; -   ; 190.660,55 ; 190.660,55 ; 2.261.572,16 ;;;;
MG;3115003;CASCALHO RICO; 4.249.731,22 ; -   ; -   ; -   ; -   ; 4.249.731,22 ;;;;
MG;3115102;CASSIA; 14.793.576,83 ; -   ; 3.752.559,60 ; -   ; 3.752.559,60 ; 18.546.136,43 ;;;;
MG;3115300;CATAGUASES; 36.478.274,59 ; -   ; -   ; 2.598.105,00 ; 2.598.105,00 ; 39.076.379,59 ;;;;
MG;3115359;CATAS ALTAS; 5.757.577,60 ; -   ; -   ; -   ; -   ; 5.757.577,60 ;;;;
MG;3115409;CATAS ALTAS DA NORUEGA; 1.451.178,02 ; -   ; -   ; -   ; -   ; 1.451.178,02 ;;;;
MG;3115458;CATUJI; 8.697.434,30 ; -   ; 1.734.601,53 ; 574.133,24 ; 2.308.734,77 ; 11.006.169,07 ;;;;
MG;3115474;CATUTI; 5.677.891,63 ; -   ; 702.161,77 ; 407.070,67 ; 1.109.232,44 ; 6.787.124,07 ;;;;
MG;3115508;CAXAMBU; 13.113.784,87 ; -   ; -   ; 1.053.458,31 ; 1.053.458,31 ; 14.167.243,18 ;;;;
MG;3115607;CEDRO DO ABAETE; 1.233.901,10 ; -   ; -   ; 93.464,74 ; 93.464,74 ; 1.327.365,84 ;;;;
MG;3115706;CENTRAL DE MINAS; 4.923.980,55 ; -   ; 441.515,08 ; 435.903,09 ; 877.418,17 ; 5.801.398,72 ;;;;
MG;3115805;CENTRALINA; 9.161.580,92 ; -   ; -   ; 357.601,50 ; 357.601,50 ; 9.519.182,42 ;;;;
MG;3115904;CHACARA; 5.727.944,63 ; -   ; 404.262,43 ; -   ; 404.262,43 ; 6.132.207,06 ;;;;
MG;3116001;CHALE; 4.691.887,55 ; -   ; 554.005,15 ; 350.136,87 ; 904.142,02 ; 5.596.029,57 ;;;;
MG;3116100;CHAPADA DO NORTE; 9.141.323,20 ; -   ; -   ; -   ; -   ; 9.141.323,20 ;;;;
MG;3116159;CHAPADA GAUCHA; 18.838.945,55 ; -   ; 5.099.579,19 ; 743.908,01 ; 5.843.487,20 ; 24.682.432,75 ;;;;
MG;3116209;CHIADOR; 5.039.698,53 ; -   ; -   ; -   ; -   ; 5.039.698,53 ;;;;
MG;3116308;CIPOTANEA; 1.984.489,50 ; -   ; -   ; 79.101,86 ; 79.101,86 ; 2.063.591,36 ;;;;
MG;3116407;CLARAVAL; 4.209.459,14 ; -   ; -   ; -   ; -   ; 4.209.459,14 ;;;;
MG;3116506;CLARO DOS POCOES; 5.200.423,95 ; -   ; -   ; 454.446,08 ; 454.446,08 ; 5.654.870,03 ;;;;
MG;3116605;CLAUDIO; 31.635.618,01 ; -   ; 655.433,53 ; -   ; 655.433,53 ; 32.291.051,54 ;;;;
MG;3116704;COIMBRA; 5.406.909,54 ; -   ; -   ; 455.830,81 ; 455.830,81 ; 5.862.740,35 ;;;;
MG;3116803;COLUNA; 5.135.710,32 ; -   ; -   ; -   ; -   ; 5.135.710,32 ;;;;
MG;3116902;COMENDADOR GOMES; 3.819.413,42 ; -   ; -   ; -   ; -   ; 3.819.413,42 ;;;;
MG;3117009;COMERCINHO; 6.142.403,60 ; -   ; 161.799,17 ; -   ; 161.799,17 ; 6.304.202,77 ;;;;
MG;3117108;CONCEICAO DA APARECIDA; 8.691.546,53 ; -   ; 202.024,31 ; 769.619,93 ; 971.644,24 ; 9.663.190,77 ;;;;
MG;3115201;CONCEICAO DA BARRA DE MINAS; 2.149.298,62 ; -   ; -   ; -   ; -   ; 2.149.298,62 ;;;;
MG;3117306;CONCEICAO DAS ALAGOAS; 30.145.941,88 ; -   ; -   ; -   ; -   ; 30.145.941,88 ;;;;
MG;3117207;CONCEICAO DAS PEDRAS; 2.278.962,90 ; -   ; -   ; -   ; -   ; 2.278.962,90 ;;;;
MG;3117405;CONCEICAO DE IPANEMA; 5.411.651,66 ; -   ; 543.103,22 ; -   ; 543.103,22 ; 5.954.754,88 ;;;;
MG;3117504;CONCEICAO DO MATO DENTRO; 20.944.832,10 ; -   ; -   ; 1.776.893,77 ; 1.776.893,77 ; 22.721.725,87 ;;;;
MG;3117603;CONCEICAO DO PARA; 2.984.182,13 ; -   ; -   ; -   ; -   ; 2.984.182,13 ;;;;
MG;3117702;CONCEICAO DO RIO VERDE; 11.121.505,89 ; -   ; -   ; 920.088,11 ; 920.088,11 ; 12.041.594,00 ;;;;
MG;3117801;CONCEICAO DOS OUROS; 11.156.735,69 ; -   ; 1.206.308,61 ; -   ; 1.206.308,61 ; 12.363.044,30 ;;;;
MG;3117836;CONEGO MARINHO; 5.205.036,86 ; -   ; 784.552,20 ; 319.404,56 ; 1.103.956,76 ; 6.308.993,62 ;;;;
MG;3117876;CONFINS; 9.641.531,29 ; -   ; -   ; 395.412,63 ; 395.412,63 ; 10.036.943,92 ;;;;
MG;3117900;CONGONHAL; 8.784.247,07 ; -   ; -   ; 757.145,66 ; 757.145,66 ; 9.541.392,73 ;;;;
MG;3118007;CONGONHAS; 64.304.883,86 ; -   ; -   ; -   ; -   ; 64.304.883,86 ;;;;
MG;3118106;CONGONHAS DO NORTE; 3.176.526,57 ; -   ; -   ; -   ; -   ; 3.176.526,57 ;;;;
MG;3118205;CONQUISTA; 6.292.555,44 ; -   ; -   ; -   ; -   ; 6.292.555,44 ;;;;
MG;3118304;CONSELHEIRO LAFAIETE; 102.568.736,85 ; -   ; -   ; -   ; -   ; 102.568.736,85 ;;;;
MG;3118403;CONSELHEIRO PENA; 16.197.613,17 ; -   ; -   ; -   ; -   ; 16.197.613,17 ;;;;
MG;3118502;CONSOLACAO; 1.720.353,61 ; -   ; -   ; -   ; -   ; 1.720.353,61 ;;;;
MG;3118601;CONTAGEM; 492.203.509,93 ; -   ; -   ; -   ; -   ; 492.203.509,93 ;;;;
MG;3118700;COQUEIRAL; 6.552.124,98 ; -   ; -   ; 275.544,25 ; 275.544,25 ; 6.827.669,23 ;;;;
MG;3118809;CORACAO DE JESUS; 14.846.174,68 ; -   ; 1.382.187,46 ; -   ; 1.382.187,46 ; 16.228.362,14 ;;;;
MG;3118908;CORDISBURGO; 3.066.927,37 ; -   ; -   ; 281.988,39 ; 281.988,39 ; 3.348.915,76 ;;;;
MG;3119005;CORDISLANDIA; 2.544.763,00 ; -   ; -   ; 235.797,60 ; 235.797,60 ; 2.780.560,60 ;;;;
MG;3119104;CORINTO; 20.985.321,73 ; -   ; -   ; -   ; -   ; 20.985.321,73 ;;;;
MG;3119203;COROACI; 8.108.481,08 ; -   ; 55.131,97 ; -   ; 55.131,97 ; 8.163.613,05 ;;;;
MG;3119302;COROMANDEL; 17.778.508,76 ; -   ; 74.452,47 ; -   ; 74.452,47 ; 17.852.961,23 ;;;;
MG;3119401;CORONEL FABRICIANO; 107.662.097,26 ; -   ; 9.534.348,30 ; 7.956.100,22 ; 17.490.448,52 ; 125.152.545,78 ;;;;
MG;3119500;CORONEL MURTA; 9.910.409,86 ; -   ; 1.893.859,28 ; 763.330,88 ; 2.657.190,16 ; 12.567.600,02 ;;;;
MG;3119609;CORONEL PACHECO; 3.692.752,66 ; -   ; -   ; -   ; -   ; 3.692.752,66 ;;;;
MG;3119708;CORONEL XAVIER CHAVES; 2.226.325,95 ; -   ; -   ; 212.385,23 ; 212.385,23 ; 2.438.711,18 ;;;;
MG;3119807;CORREGO DANTA; 1.907.385,96 ; -   ; -   ; -   ; -   ; 1.907.385,96 ;;;;
MG;3119906;CORREGO DO BOM JESUS; 3.149.172,61 ; -   ; -   ; -   ; -   ; 3.149.172,61 ;;;;
MG;3119955;CORREGO FUNDO; 5.732.861,90 ; -   ; -   ; -   ; -   ; 5.732.861,90 ;;;;
MG;3120003;CORREGO NOVO; 2.860.994,80 ; -   ; -   ; 122.597,25 ; 122.597,25 ; 2.983.592,05 ;;;;
MG;3120102;COUTO DE MAGALHAES DE MINAS; 4.028.668,21 ; -   ; -   ; 170.937,81 ; 170.937,81 ; 4.199.606,02 ;;;;
MG;3120151;CRISOLITA; 5.984.978,48 ; -   ; -   ; 442.435,33 ; 442.435,33 ; 6.427.413,81 ;;;;
MG;3120201;CRISTAIS; 11.998.450,22 ; -   ; -   ; 528.087,82 ; 528.087,82 ; 12.526.538,04 ;;;;
MG;3120300;CRISTALIA; 4.705.402,49 ; -   ; -   ; 392.652,65 ; 392.652,65 ; 5.098.055,14 ;;;;
MG;3120409;CRISTIANO OTONI; 5.149.433,40 ; -   ; -   ; -   ; -   ; 5.149.433,40 ;;;;
MG;3120508;CRISTINA; 9.011.397,97 ; -   ; 309.057,03 ; 753.336,01 ; 1.062.393,04 ; 10.073.791,01 ;;;;
MG;3120607;CRUCILANDIA; 4.220.287,52 ; -   ; -   ; -   ; -   ; 4.220.287,52 ;;;;
MG;3120706;CRUZEIRO DA FORTALEZA; 8.119.226,53 ; -   ; 150.211,54 ; -   ; 150.211,54 ; 8.269.438,07 ;;;;
MG;3120805;CRUZILIA; 9.975.685,60 ; -   ; -   ; -   ; -   ; 9.975.685,60 ;;;;
MG;3120839;CUPARAQUE; 3.642.714,42 ; -   ; -   ; 325.646,00 ; 325.646,00 ; 3.968.360,42 ;;;;
MG;3120870;CURRAL DE DENTRO; 7.990.908,31 ; -   ; 1.348.861,54 ; 687.253,16 ; 2.036.114,70 ; 10.027.023,01 ;;;;
MG;3120904;CURVELO; 59.643.148,30 ; -   ; 726.763,50 ; -   ; 726.763,50 ; 60.369.911,80 ;;;;
MG;3121001;DATAS; 6.775.809,13 ; -   ; 554.634,39 ; 268.004,48 ; 822.638,87 ; 7.598.448,00 ;;;;
MG;3121100;DELFIM MOREIRA; 7.181.989,95 ; -   ; -   ; -   ; -   ; 7.181.989,95 ;;;;
MG;3121209;DELFINOPOLIS; 8.699.553,26 ; -   ; 1.823.681,84 ; -   ; 1.823.681,84 ; 10.523.235,10 ;;;;
MG;3121258;DELTA; 17.907.766,50 ; -   ; 2.145.153,96 ; 677.778,51 ; 2.822.932,47 ; 20.730.698,97 ;;;;
MG;3121308;DESCOBERTO; 4.098.539,28 ; -   ; -   ; -   ; -   ; 4.098.539,28 ;;;;
MG;3121407;DESTERRO DE ENTRE RIOS; 5.131.901,25 ; -   ; -   ; -   ; -   ; 5.131.901,25 ;;;;
MG;3121506;DESTERRO DO MELO; 3.759.918,84 ; -   ; -   ; 161.902,93 ; 161.902,93 ; 3.921.821,77 ;;;;
MG;3121605;DIAMANTINA; 29.370.686,38 ; -   ; -   ; 2.237.911,32 ; 2.237.911,32 ; 31.608.597,70 ;;;;
MG;3121704;DIOGO DE VASCONCELOS; 3.920.917,26 ; -   ; -   ; 261.337,61 ; 261.337,61 ; 4.182.254,87 ;;;;
MG;3121803;DIONISIO; 4.319.124,06 ; -   ; 161.247,12 ; -   ; 161.247,12 ; 4.480.371,18 ;;;;
MG;3121902;DIVINESIA; 5.162.811,45 ; -   ; -   ; 362.423,83 ; 362.423,83 ; 5.525.235,28 ;;;;
MG;3122009;DIVINO; 15.311.525,86 ; -   ; 2.613.042,71 ; -   ; 2.613.042,71 ; 17.924.568,57 ;;;;
MG;3122108;DIVINO DAS LARANJEIRAS; 2.740.855,82 ; -   ; -   ; 210.027,91 ; 210.027,91 ; 2.950.883,73 ;;;;
MG;3122207;DIVINOLANDIA DE MINAS; 10.548.882,58 ; -   ; 6.176.852,07 ; -   ; 6.176.852,07 ; 16.725.734,65 ;;;;
MG;3122306;DIVINOPOLIS; 123.634.048,64 ; -   ; -   ; -   ; -   ; 123.634.048,64 ;;;;
MG;3122355;DIVISA ALEGRE; 8.357.337,57 ; -   ; -   ; -   ; -   ; 8.357.337,57 ;;;;
MG;3122405;DIVISA NOVA; 6.592.100,79 ; -   ; 912.861,35 ; -   ; 912.861,35 ; 7.504.962,14 ;;;;
MG;3122454;DIVISOPOLIS; 8.932.122,43 ; -   ; 2.486.723,76 ; 760.369,75 ; 3.247.093,51 ; 12.179.215,94 ;;;;
MG;3122470;DOM BOSCO; 3.475.065,95 ; -   ; -   ; 230.732,66 ; 230.732,66 ; 3.705.798,61 ;;;;
MG;3122504;DOM CAVATI; 3.044.076,74 ; -   ; -   ; -   ; -   ; 3.044.076,74 ;;;;
MG;3122603;DOM JOAQUIM; 2.953.616,01 ; -   ; -   ; 107.378,10 ; 107.378,10 ; 3.060.994,11 ;;;;
MG;3122702;DOM SILVERIO; 3.648.568,09 ; -   ; -   ; 338.679,46 ; 338.679,46 ; 3.987.247,55 ;;;;
MG;3122801;DOM VICOSO; 1.945.307,23 ; -   ; -   ; -   ; -   ; 1.945.307,23 ;;;;
MG;3122900;DONA EUZEBIA; 5.482.611,69 ; -   ; 725.119,39 ; -   ; 725.119,39 ; 6.207.731,08 ;;;;
MG;3123007;DORES DE CAMPOS; 6.711.656,39 ; -   ; -   ; 299.404,32 ; 299.404,32 ; 7.011.060,71 ;;;;
MG;3123106;DORES DE GUANHAES; 4.468.430,93 ; -   ; -   ; 184.496,03 ; 184.496,03 ; 4.652.926,96 ;;;;
MG;3123205;DORES DO INDAIA; 10.261.579,49 ; -   ; -   ; 422.025,52 ; 422.025,52 ; 10.683.605,01 ;;;;
MG;3123304;DORES DO TURVO; 4.154.151,26 ; -   ; -   ; 326.247,45 ; 326.247,45 ; 4.480.398,71 ;;;;
MG;3123403;DORESOPOLIS; 1.759.643,86 ; -   ; -   ; -   ; -   ; 1.759.643,86 ;;;;
MG;3123502;DOURADOQUARA; 336.884,05 ; -   ; -   ; -   ; -   ; 336.884,05 ;;;;
MG;3123528;DURANDE; 5.504.709,22 ; -   ; -   ; 236.577,04 ; 236.577,04 ; 5.741.286,26 ;;;;
MG;3123601;ELOI MENDES; 23.547.554,05 ; -   ; 628.575,76 ; -   ; 628.575,76 ; 24.176.129,81 ;;;;
MG;3123700;ENGENHEIRO CALDAS; 10.242.184,73 ; -   ; -   ; 413.196,57 ; 413.196,57 ; 10.655.381,30 ;;;;
MG;3123809;ENGENHEIRO NAVARRO; 5.495.432,36 ; -   ; 235.568,10 ; -   ; 235.568,10 ; 5.731.000,46 ;;;;
MG;3123858;ENTRE FOLHAS; 5.481.318,79 ; -   ; 645.034,63 ; -   ; 645.034,63 ; 6.126.353,42 ;;;;
MG;3123908;ENTRE RIOS DE MINAS; 8.902.726,13 ; -   ; -   ; -   ; -   ; 8.902.726,13 ;;;;
MG;3124005;ERVALIA; 16.906.643,71 ; -   ; 1.637.669,98 ; -   ; 1.637.669,98 ; 18.544.313,69 ;;;;
MG;3124104;ESMERALDAS; 75.219.390,80 ; -   ; 10.769.719,98 ; -   ; 10.769.719,98 ; 85.989.110,78 ;;;;
MG;3124203;ESPERA FELIZ; 17.170.963,69 ; -   ; -   ; -   ; -   ; 17.170.963,69 ;;;;
MG;3124302;ESPINOSA; 21.261.403,48 ; -   ; 709.134,43 ; 1.613.063,44 ; 2.322.197,87 ; 23.583.601,35 ;;;;
MG;3124401;ESPIRITO SANTO DO DOURADO; 8.016.949,07 ; -   ; 1.372.514,08 ; 613.328,02 ; 1.985.842,10 ; 10.002.791,17 ;;;;
MG;3124500;ESTIVA; 6.726.996,04 ; -   ; -   ; -   ; -   ; 6.726.996,04 ;;;;
MG;3124609;ESTRELA DALVA; 1.901.032,54 ; -   ; -   ; -   ; -   ; 1.901.032,54 ;;;;
MG;3124708;ESTRELA DO INDAIA; 1.878.673,96 ; -   ; -   ; 134.114,14 ; 134.114,14 ; 2.012.788,10 ;;;;
MG;3124807;ESTRELA DO SUL; 5.016.560,75 ; -   ; -   ; -   ; -   ; 5.016.560,75 ;;;;
MG;3124906;EUGENOPOLIS; 7.129.569,04 ; -   ; -   ; -   ; -   ; 7.129.569,04 ;;;;
MG;3125002;EWBANK DA CAMARA; 5.706.340,97 ; -   ; -   ; 214.369,23 ; 214.369,23 ; 5.920.710,20 ;;;;
MG;3125101;EXTREMA; 100.877.497,53 ; -   ; -   ; -   ; -   ; 100.877.497,53 ;;;;
MG;3125200;FAMA; 2.121.884,61 ; -   ; -   ; 191.119,12 ; 191.119,12 ; 2.313.003,73 ;;;;
MG;3125309;FARIA LEMOS; 3.433.466,57 ; -   ; -   ; 124.052,08 ; 124.052,08 ; 3.557.518,65 ;;;;
MG;3125408;FELICIO DOS SANTOS; 5.126.451,04 ; -   ; -   ; -   ; -   ; 5.126.451,04 ;;;;
MG;3125606;FELISBURGO; 7.251.898,70 ; -   ; 467.907,39 ; 299.609,94 ; 767.517,33 ; 8.019.416,03 ;;;;
MG;3125705;FELIXLANDIA; 11.391.028,18 ; -   ; -   ; -   ; -   ; 11.391.028,18 ;;;;
MG;3125804;FERNANDES TOURINHO; 2.089.744,33 ; -   ; -   ; -   ; -   ; 2.089.744,33 ;;;;
MG;3125903;FERROS; 4.502.996,02 ; -   ; -   ; 169.315,28 ; 169.315,28 ; 4.672.311,30 ;;;;
MG;3125952;FERVEDOURO; 9.377.147,15 ; -   ; 99.063,94 ; -   ; 99.063,94 ; 9.476.211,09 ;;;;
MG;3126000;FLORESTAL; 7.253.759,82 ; -   ; -   ; 294.538,18 ; 294.538,18 ; 7.548.298,00 ;;;;
MG;3126109;FORMIGA; 48.677.552,94 ; -   ; -   ; -   ; -   ; 48.677.552,94 ;;;;
MG;3126208;FORMOSO; 8.305.396,17 ; -   ; 568.502,94 ; 333.173,18 ; 901.676,12 ; 9.207.072,29 ;;;;
MG;3126307;FORTALEZA DE MINAS; 2.050.907,94 ; -   ; -   ; -   ; -   ; 2.050.907,94 ;;;;
MG;3126406;FORTUNA DE MINAS; 4.448.711,22 ; -   ; -   ; -   ; -   ; 4.448.711,22 ;;;;
MG;3126505;FRANCISCO BADARO; 3.399.099,51 ; -   ; -   ; 126.035,68 ; 126.035,68 ; 3.525.135,19 ;;;;
MG;3126604;FRANCISCO DUMONT; 4.831.735,69 ; -   ; -   ; -   ; -   ; 4.831.735,69 ;;;;
MG;3126703;FRANCISCO SA; 14.599.374,82 ; -   ; -   ; 528.108,89 ; 528.108,89 ; 15.127.483,71 ;;;;
MG;3126752;FRANCISCOPOLIS; 3.586.025,31 ; -   ; -   ; 281.800,76 ; 281.800,76 ; 3.867.826,07 ;;;;
MG;3126802;FREI GASPAR; 7.610.471,06 ; -   ; 1.893.195,59 ; -   ; 1.893.195,59 ; 9.503.666,65 ;;;;
MG;3126901;FREI INOCENCIO; 8.337.999,68 ; -   ; 1.543.129,78 ; -   ; 1.543.129,78 ; 9.881.129,46 ;;;;
MG;3126950;FREI LAGONEGRO; 3.580.437,51 ; -   ; -   ; -   ; -   ; 3.580.437,51 ;;;;
MG;3127008;FRONTEIRA; 12.424.647,14 ; -   ; -   ; 502.884,17 ; 502.884,17 ; 12.927.531,31 ;;;;
MG;3127057;FRONTEIRA DOS VALES; 2.927.349,52 ; -   ; -   ; -   ; -   ; 2.927.349,52 ;;;;
MG;3127073;FRUTA DE LEITE; 3.769.730,62 ; -   ; -   ; -   ; -   ; 3.769.730,62 ;;;;
MG;3127107;FRUTAL; 55.150.647,54 ; -   ; -   ; -   ; -   ; 55.150.647,54 ;;;;
MG;3127206;FUNILANDIA; 3.722.317,94 ; -   ; -   ; -   ; -   ; 3.722.317,94 ;;;;
MG;3127305;GALILEIA; 5.878.874,98 ; -   ; -   ; -   ; -   ; 5.878.874,98 ;;;;
MG;3127339;GAMELEIRAS; 6.433.975,89 ; -   ; 2.164.342,13 ; 403.375,41 ; 2.567.717,54 ; 9.001.693,43 ;;;;
MG;3127354;GLAUCILANDIA; 2.333.318,02 ; -   ; -   ; 197.565,84 ; 197.565,84 ; 2.530.883,86 ;;;;
MG;3127370;GOIABEIRA; 3.954.821,09 ; -   ; -   ; -   ; -   ; 3.954.821,09 ;;;;
MG;3127388;GOIANA; 2.691.304,54 ; -   ; -   ; 117.778,30 ; 117.778,30 ; 2.809.082,84 ;;;;
MG;3127404;GONCALVES; 4.062.421,03 ; -   ; -   ; 146.675,73 ; 146.675,73 ; 4.209.096,76 ;;;;
MG;3127503;GONZAGA; 5.026.040,70 ; -   ; 156.887,27 ; 423.164,41 ; 580.051,68 ; 5.606.092,38 ;;;;
MG;3127602;GOUVEIA; 9.544.983,77 ; -   ; -   ; -   ; -   ; 9.544.983,77 ;;;;
MG;3127701;GOVERNADOR VALADARES; 186.610.776,39 ; -   ; -   ; -   ; -   ; 186.610.776,39 ;;;;
MG;3127800;GRAO MOGOL; 14.705.178,20 ; -   ; -   ; 1.104.434,20 ; 1.104.434,20 ; 15.809.612,40 ;;;;
MG;3127909;GRUPIARA; 441.274,89 ; -   ; -   ; -   ; -   ; 441.274,89 ;;;;
MG;3128006;GUANHAES; 21.042.080,20 ; -   ; -   ; 894.997,60 ; 894.997,60 ; 21.937.077,80 ;;;;
MG;3128105;GUAPE; 12.889.987,48 ; -   ; -   ; 510.187,65 ; 510.187,65 ; 13.400.175,13 ;;;;
MG;3128204;GUARACIABA; 3.698.409,45 ; -   ; -   ; -   ; -   ; 3.698.409,45 ;;;;
MG;3128253;GUARACIAMA; 4.094.739,67 ; -   ; -   ; -   ; -   ; 4.094.739,67 ;;;;
MG;3128303;GUARANESIA; 17.414.398,67 ; -   ; 3.140.388,06 ; -   ; 3.140.388,06 ; 20.554.786,73 ;;;;
MG;3128402;GUARANI; 6.144.119,22 ; -   ; -   ; -   ; -   ; 6.144.119,22 ;;;;
MG;3128501;GUARARA; 5.547.094,89 ; -   ; 404.713,96 ; -   ; 404.713,96 ; 5.951.808,85 ;;;;
MG;3128600;GUARDA-MOR; 6.563.633,26 ; -   ; -   ; -   ; -   ; 6.563.633,26 ;;;;
MG;3128709;GUAXUPE; 36.854.424,57 ; -   ; -   ; -   ; -   ; 36.854.424,57 ;;;;
MG;3128808;GUIDOVAL; 5.894.916,41 ; -   ; 147.994,23 ; -   ; 147.994,23 ; 6.042.910,64 ;;;;
MG;3128907;GUIMARANIA; 7.702.559,97 ; -   ; -   ; 324.142,86 ; 324.142,86 ; 8.026.702,83 ;;;;
MG;3129004;GUIRICEMA; 4.296.936,08 ; -   ; -   ; -   ; -   ; 4.296.936,08 ;;;;
MG;3129103;GURINHATA; 3.612.908,95 ; -   ; -   ; -   ; -   ; 3.612.908,95 ;;;;
MG;3129202;HELIODORA; 4.942.065,41 ; -   ; -   ; -   ; -   ; 4.942.065,41 ;;;;
MG;3129301;IAPU; 8.244.286,69 ; -   ; 385.265,77 ; 692.198,54 ; 1.077.464,31 ; 9.321.751,00 ;;;;
MG;3129400;IBERTIOGA; 4.187.343,18 ; -   ; -   ; 174.987,87 ; 174.987,87 ; 4.362.331,05 ;;;;
MG;3129509;IBIA; 20.670.319,79 ; -   ; -   ; -   ; -   ; 20.670.319,79 ;;;;
MG;3129608;IBIAI; 5.835.212,74 ; -   ; -   ; 507.484,84 ; 507.484,84 ; 6.342.697,58 ;;;;
MG;3129657;IBIRACATU; 5.629.311,61 ; -   ; 427.298,06 ; 399.359,12 ; 826.657,18 ; 6.455.968,79 ;;;;
MG;3129707;IBIRACI; 10.305.243,63 ; -   ; -   ; 398.133,68 ; 398.133,68 ; 10.703.377,31 ;;;;
MG;3129806;IBIRITE; 136.645.214,22 ; -   ; 6.263.051,00 ; -   ; 6.263.051,00 ; 142.908.265,22 ;;;;
MG;3129905;IBITIURA DE MINAS; 2.916.978,97 ; -   ; -   ; -   ; -   ; 2.916.978,97 ;;;;
MG;3130002;IBITURUNA; 2.255.840,94 ; -   ; -   ; -   ; -   ; 2.255.840,94 ;;;;
MG;3130051;ICARAI DE MINAS; 7.343.182,55 ; -   ; 490.452,63 ; -   ; 490.452,63 ; 7.833.635,18 ;;;;
MG;3130101;IGARAPE; 43.159.326,45 ; -   ; -   ; -   ; -   ; 43.159.326,45 ;;;;
MG;3130200;IGARATINGA; 9.522.900,64 ; -   ; 68.935,89 ; -   ; 68.935,89 ; 9.591.836,53 ;;;;
MG;3130309;IGUATAMA; 4.212.427,11 ; -   ; -   ; 377.265,47 ; 377.265,47 ; 4.589.692,58 ;;;;
MG;3130408;IJACI; 5.543.245,97 ; -   ; -   ; 248.934,40 ; 248.934,40 ; 5.792.180,37 ;;;;
MG;3130507;ILICINEA; 11.595.636,76 ; -   ; -   ; 1.017.240,87 ; 1.017.240,87 ; 12.612.877,63 ;;;;
MG;3130556;IMBE DE MINAS; 5.847.974,42 ; -   ; 353.632,68 ; 485.464,14 ; 839.096,82 ; 6.687.071,24 ;;;;
MG;3130606;INCONFIDENTES; 5.489.878,81 ; -   ; -   ; 429.178,03 ; 429.178,03 ; 5.919.056,84 ;;;;
MG;3130655;INDAIABIRA; 6.908.287,27 ; -   ; 710.468,98 ; 543.082,28 ; 1.253.551,26 ; 8.161.838,53 ;;;;
MG;3130705;INDIANOPOLIS; 9.656.550,55 ; -   ; -   ; -   ; -   ; 9.656.550,55 ;;;;
MG;3130804;INGAI; 2.316.806,14 ; -   ; -   ; -   ; -   ; 2.316.806,14 ;;;;
MG;3130903;INHAPIM; 16.939.648,92 ; -   ; 769.227,56 ; 1.401.311,30 ; 2.170.538,86 ; 19.110.187,78 ;;;;
MG;3131000;INHAUMA; 5.224.758,90 ; -   ; -   ; 447.929,07 ; 447.929,07 ; 5.672.687,97 ;;;;
MG;3131109;INIMUTABA; 5.474.519,30 ; -   ; -   ; 471.744,93 ; 471.744,93 ; 5.946.264,23 ;;;;
MG;3131158;IPABA; 15.146.918,32 ; -   ; 3.366.235,18 ; 1.310.822,59 ; 4.677.057,77 ; 19.823.976,09 ;;;;
MG;3131208;IPANEMA; 24.683.170,84 ; -   ; 8.357.392,45 ; 1.007.836,07 ; 9.365.228,52 ; 34.048.399,36 ;;;;
MG;3131307;IPATINGA; 202.975.338,68 ; -   ; -   ; -   ; -   ; 202.975.338,68 ;;;;
MG;3131406;IPIACU; 5.756.354,26 ; -   ; -   ; 452.458,96 ; 452.458,96 ; 6.208.813,22 ;;;;
MG;3131505;IPUIUNA; 7.490.260,67 ; -   ; 207.081,19 ; -   ; 207.081,19 ; 7.697.341,86 ;;;;
MG;3131604;IRAI DE MINAS; 6.246.895,01 ; -   ; -   ; -   ; -   ; 6.246.895,01 ;;;;
MG;3131703;ITABIRA; 82.986.478,20 ; -   ; -   ; -   ; -   ; 82.986.478,20 ;;;;
MG;3131802;ITABIRINHA; 8.690.451,21 ; -   ; 1.423.661,40 ; 362.635,40 ; 1.786.296,80 ; 10.476.748,01 ;;;;
MG;3131901;ITABIRITO; 71.906.395,49 ; -   ; -   ; -   ; -   ; 71.906.395,49 ;;;;
MG;3132008;ITACAMBIRA; 2.499.422,27 ; -   ; -   ; -   ; -   ; 2.499.422,27 ;;;;
MG;3132107;ITACARAMBI; 24.307.135,89 ; -   ; 3.202.203,28 ; 1.770.953,11 ; 4.973.156,39 ; 29.280.292,28 ;;;;
MG;3132206;ITAGUARA; 9.807.516,24 ; -   ; -   ; -   ; -   ; 9.807.516,24 ;;;;
MG;3132305;ITAIPE; 10.696.385,38 ; -   ; -   ; -   ; -   ; 10.696.385,38 ;;;;
MG;3132404;ITAJUBA; 62.422.772,76 ; -   ; -   ; 2.555.127,60 ; 2.555.127,60 ; 64.977.900,36 ;;;;
MG;3132503;ITAMARANDIBA; 33.954.756,59 ; -   ; 7.591.339,24 ; -   ; 7.591.339,24 ; 41.546.095,83 ;;;;
MG;3132602;ITAMARATI DE MINAS; 5.419.012,72 ; -   ; -   ; 409.067,51 ; 409.067,51 ; 5.828.080,23 ;;;;
MG;3132701;ITAMBACURI; 19.999.779,13 ; -   ; 4.940.067,52 ; 1.206.367,09 ; 6.146.434,61 ; 26.146.213,74 ;;;;
MG;3132800;ITAMBE DO MATO DENTRO; 1.378.714,04 ; -   ; -   ; 62.637,22 ; 62.637,22 ; 1.441.351,26 ;;;;
MG;3132909;ITAMOGI; 9.711.380,17 ; -   ; -   ; -   ; -   ; 9.711.380,17 ;;;;
MG;3133006;ITAMONTE; 9.125.346,21 ; -   ; -   ; -   ; -   ; 9.125.346,21 ;;;;
MG;3133105;ITANHANDU; 9.129.468,19 ; -   ; -   ; 776.102,16 ; 776.102,16 ; 9.905.570,35 ;;;;
MG;3133204;ITANHOMI; 9.026.021,14 ; -   ; 273.268,07 ; 770.540,58 ; 1.043.808,65 ; 10.069.829,79 ;;;;
MG;3133303;ITAOBIM; 17.384.780,31 ; -   ; 3.056.300,39 ; -   ; 3.056.300,39 ; 20.441.080,70 ;;;;
MG;3133402;ITAPAGIPE; 9.946.531,80 ; -   ; -   ; 879.930,21 ; 879.930,21 ; 10.826.462,01 ;;;;
MG;3133501;ITAPECERICA; 6.789.147,68 ; -   ; -   ; 290.161,77 ; 290.161,77 ; 7.079.309,45 ;;;;
MG;3133600;ITAPEVA; 22.295.017,32 ; -   ; 5.577.769,53 ; -   ; 5.577.769,53 ; 27.872.786,85 ;;;;
MG;3133709;ITATIAIUCU; 20.749.538,34 ; -   ; -   ; -   ; -   ; 20.749.538,34 ;;;;
MG;3133758;ITAU DE MINAS; 15.023.577,21 ; -   ; -   ; -   ; -   ; 15.023.577,21 ;;;;
MG;3133808;ITAUNA; 58.622.770,20 ; -   ; -   ; -   ; -   ; 58.622.770,20 ;;;;
MG;3133907;ITAVERAVA; 2.590.061,08 ; -   ; -   ; 99.145,77 ; 99.145,77 ; 2.689.206,85 ;;;;
MG;3134004;ITINGA; 11.496.891,85 ; -   ; -   ; -   ; -   ; 11.496.891,85 ;;;;
MG;3134103;ITUETA; 5.684.041,51 ; -   ; -   ; -   ; -   ; 5.684.041,51 ;;;;
MG;3134202;ITUIUTABA; 81.501.359,39 ; -   ; -   ; -   ; -   ; 81.501.359,39 ;;;;
MG;3134301;ITUMIRIM; 2.561.337,90 ; -   ; -   ; 237.322,81 ; 237.322,81 ; 2.798.660,71 ;;;;
MG;3134400;ITURAMA; 31.211.159,63 ; -   ; -   ; -   ; -   ; 31.211.159,63 ;;;;
MG;3134509;ITUTINGA; 3.254.819,97 ; -   ; -   ; -   ; -   ; 3.254.819,97 ;;;;
MG;3134608;JABOTICATUBAS; 14.332.030,89 ; -   ; -   ; -   ; -   ; 14.332.030,89 ;;;;
MG;3134707;JACINTO; 8.378.344,11 ; -   ; -   ; -   ; -   ; 8.378.344,11 ;;;;
MG;3134806;JACUI; 6.250.639,39 ; -   ; -   ; 278.412,18 ; 278.412,18 ; 6.529.051,57 ;;;;
MG;3134905;JACUTINGA; 34.507.205,75 ; -   ; -   ; -   ; -   ; 34.507.205,75 ;;;;
MG;3135001;JAGUARACU; 3.524.984,79 ; -   ; -   ; 286.301,99 ; 286.301,99 ; 3.811.286,78 ;;;;
MG;3135050;JAIBA; 27.524.389,01 ; -   ; 460.966,88 ; -   ; 460.966,88 ; 27.985.355,89 ;;;;
MG;3135076;JAMPRUCA; 3.255.278,17 ; -   ; -   ; -   ; -   ; 3.255.278,17 ;;;;
MG;3135100;JANAUBA; 54.592.459,50 ; -   ; -   ; -   ; -   ; 54.592.459,50 ;;;;
MG;3135209;JANUARIA; 45.202.206,69 ; -   ; 7.584.764,27 ; -   ; 7.584.764,27 ; 52.786.970,96 ;;;;
MG;3135308;JAPARAIBA; 5.564.845,77 ; -   ; -   ; -   ; -   ; 5.564.845,77 ;;;;
MG;3135357;JAPONVAR; 11.575.250,88 ; -   ; 5.607.827,70 ; 719.671,83 ; 6.327.499,53 ; 17.902.750,41 ;;;;
MG;3135407;JECEABA; 7.659.744,20 ; -   ; -   ; 320.935,29 ; 320.935,29 ; 7.980.679,49 ;;;;
MG;3135456;JENIPAPO DE MINAS; 3.303.388,87 ; -   ; -   ; 127.256,73 ; 127.256,73 ; 3.430.645,60 ;;;;
MG;3135506;JEQUERI; 8.537.544,97 ; -   ; -   ; -   ; -   ; 8.537.544,97 ;;;;
MG;3135605;JEQUITAI; 5.863.135,02 ; -   ; -   ; -   ; -   ; 5.863.135,02 ;;;;
MG;3135704;JEQUITIBA; 4.993.723,25 ; -   ; -   ; 208.021,23 ; 208.021,23 ; 5.201.744,48 ;;;;
MG;3135803;JEQUITINHONHA; 18.130.558,05 ; -   ; 2.848.551,98 ; -   ; 2.848.551,98 ; 20.979.110,03 ;;;;
MG;3135902;JESUANIA; 3.809.410,77 ; -   ; -   ; 354.031,69 ; 354.031,69 ; 4.163.442,46 ;;;;
MG;3136009;JOAIMA; 16.079.525,25 ; -   ; 2.842.387,17 ; 1.244.714,36 ; 4.087.101,53 ; 20.166.626,78 ;;;;
MG;3136108;JOANESIA; 2.048.954,97 ; -   ; -   ; 161.292,21 ; 161.292,21 ; 2.210.247,18 ;;;;
MG;3136207;JOAO MONLEVADE; 57.309.238,72 ; -   ; -   ; -   ; -   ; 57.309.238,72 ;;;;
MG;3136306;JOAO PINHEIRO; 26.033.326,65 ; -   ; -   ; -   ; -   ; 26.033.326,65 ;;;;
MG;3136405;JOAQUIM FELICIO; 5.703.183,89 ; -   ; -   ; 234.754,29 ; 234.754,29 ; 5.937.938,18 ;;;;
MG;3136504;JORDANIA; 4.957.411,94 ; -   ; -   ; 322.594,12 ; 322.594,12 ; 5.280.006,06 ;;;;
MG;3136520;JOSE GONCALVES DE MINAS; 2.959.361,62 ; -   ; -   ; 124.962,51 ; 124.962,51 ; 3.084.324,13 ;;;;
MG;3136553;JOSE RAYDAN; 3.722.790,26 ; -   ; -   ; 153.590,91 ; 153.590,91 ; 3.876.381,17 ;;;;
MG;3136579;JOSENOPOLIS; 3.123.469,80 ; -   ; -   ; 250.243,13 ; 250.243,13 ; 3.373.712,93 ;;;;
MG;3136652;JUATUBA; 46.450.733,29 ; -   ; 3.629.232,61 ; -   ; 3.629.232,61 ; 50.079.965,90 ;;;;
MG;3136702;JUIZ DE FORA; 343.596.062,77 ; -   ; -   ; -   ; -   ; 343.596.062,77 ;;;;
MG;3136801;JURAMENTO; 3.127.420,00 ; -   ; -   ; -   ; -   ; 3.127.420,00 ;;;;
MG;3136900;JURUAIA; 10.476.531,02 ; -   ; 18.827,15 ; -   ; 18.827,15 ; 10.495.358,17 ;;;;
MG;3136959;JUVENILIA; 5.014.344,92 ; -   ; -   ; 367.363,47 ; 367.363,47 ; 5.381.708,39 ;;;;
MG;3137007;LADAINHA; 12.362.836,21 ; -   ; -   ; -   ; -   ; 12.362.836,21 ;;;;
MG;3137106;LAGAMAR; 3.697.068,06 ; -   ; -   ; 313.972,08 ; 313.972,08 ; 4.011.040,14 ;;;;
MG;3137205;LAGOA DA PRATA; 29.880.420,49 ; -   ; 321.815,07 ; 1.233.640,60 ; 1.555.455,67 ; 31.435.876,16 ;;;;
MG;3137304;LAGOA DOS PATOS; 3.399.698,96 ; -   ; -   ; 273.368,18 ; 273.368,18 ; 3.673.067,14 ;;;;
MG;3137403;LAGOA DOURADA; 16.520.845,58 ; -   ; 410.216,92 ; -   ; 410.216,92 ; 16.931.062,50 ;;;;
MG;3137502;LAGOA FORMOSA; 15.685.861,00 ; -   ; -   ; -   ; -   ; 15.685.861,00 ;;;;
MG;3137536;LAGOA GRANDE; 8.547.312,95 ; -   ; -   ; -   ; -   ; 8.547.312,95 ;;;;
MG;3137601;LAGOA SANTA; 81.761.689,12 ; -   ; -   ; -   ; -   ; 81.761.689,12 ;;;;
MG;3137700;LAJINHA; 24.201.079,89 ; -   ; 3.704.296,67 ; 970.689,79 ; 4.674.986,46 ; 28.876.066,35 ;;;;
MG;3137809;LAMBARI; 11.819.940,36 ; -   ; -   ; -   ; -   ; 11.819.940,36 ;;;;
MG;3137908;LAMIM; 1.371.538,22 ; -   ; -   ; 51.541,49 ; 51.541,49 ; 1.423.079,71 ;;;;
MG;3138005;LARANJAL; 6.171.291,07 ; -   ; -   ; -   ; -   ; 6.171.291,07 ;;;;
MG;3138104;LASSANCE; 5.739.153,58 ; -   ; -   ; -   ; -   ; 5.739.153,58 ;;;;
MG;3138203;LAVRAS; 88.120.727,96 ; -   ; -   ; 3.426.925,50 ; 3.426.925,50 ; 91.547.653,46 ;;;;
MG;3138302;LEANDRO FERREIRA; 1.569.509,77 ; -   ; -   ; 54.384,65 ; 54.384,65 ; 1.623.894,42 ;;;;
MG;3138351;LEME DO PRADO; 4.613.365,93 ; -   ; 37.089,64 ; -   ; 37.089,64 ; 4.650.455,57 ;;;;
MG;3138401;LEOPOLDINA; 39.663.553,77 ; -   ; -   ; -   ; -   ; 39.663.553,77 ;;;;
MG;3138500;LIBERDADE; 2.815.448,83 ; -   ; -   ; 268.729,63 ; 268.729,63 ; 3.084.178,46 ;;;;
MG;3138609;LIMA DUARTE; 12.515.521,84 ; -   ; -   ; -   ; -   ; 12.515.521,84 ;;;;
MG;3138625;LIMEIRA DO OESTE; 7.698.054,58 ; -   ; -   ; 317.943,69 ; 317.943,69 ; 8.015.998,27 ;;;;
MG;3138658;LONTRA; 10.934.821,97 ; -   ; 1.638.191,00 ; -   ; 1.638.191,00 ; 12.573.012,97 ;;;;
MG;3138674;LUISBURGO; 7.245.173,59 ; -   ; 554.381,21 ; -   ; 554.381,21 ; 7.799.554,80 ;;;;
MG;3138682;LUISLANDIA; 3.945.225,44 ; -   ; -   ; 300.736,13 ; 300.736,13 ; 4.245.961,57 ;;;;
MG;3138708;LUMINARIAS; 4.349.747,65 ; -   ; -   ; -   ; -   ; 4.349.747,65 ;;;;
MG;3138807;LUZ; 12.522.074,11 ; -   ; -   ; 968.129,60 ; 968.129,60 ; 13.490.203,71 ;;;;
MG;3138906;MACHACALIS; 5.459.858,66 ; -   ; -   ; 233.319,39 ; 233.319,39 ; 5.693.178,05 ;;;;
MG;3139003;MACHADO; 30.243.255,57 ; -   ; 1.759.651,82 ; -   ; 1.759.651,82 ; 32.002.907,39 ;;;;
MG;3139102;MADRE DE DEUS DE MINAS; 3.961.758,75 ; -   ; -   ; -   ; -   ; 3.961.758,75 ;;;;
MG;3139201;MALACACHETA; 9.529.640,87 ; -   ; -   ; 730.412,68 ; 730.412,68 ; 10.260.053,55 ;;;;
MG;3139250;MAMONAS; 4.646.576,26 ; -   ; -   ; -   ; -   ; 4.646.576,26 ;;;;
MG;3139300;MANGA; 16.980.377,95 ; -   ; 1.092.247,84 ; -   ; 1.092.247,84 ; 18.072.625,79 ;;;;
MG;3139409;MANHUACU; 63.727.462,14 ; -   ; 3.036.141,85 ; 2.430.061,98 ; 5.466.203,83 ; 69.193.665,97 ;;;;
MG;3139508;MANHUMIRIM; 18.196.930,90 ; -   ; -   ; -   ; -   ; 18.196.930,90 ;;;;
MG;3139607;MANTENA; 22.257.978,13 ; -   ; 1.607.600,30 ; -   ; 1.607.600,30 ; 23.865.578,43 ;;;;
MG;3139805;MAR DE ESPANHA; 7.034.285,37 ; -   ; -   ; -   ; -   ; 7.034.285,37 ;;;;
MG;3139706;MARAVILHAS; 8.375.776,78 ; -   ; 722.224,02 ; -   ; 722.224,02 ; 9.098.000,80 ;;;;
MG;3139904;MARIA DA FE; 17.857.503,31 ; -   ; 1.755.536,34 ; -   ; 1.755.536,34 ; 19.613.039,65 ;;;;
MG;3140001;MARIANA; 66.360.831,17 ; -   ; -   ; -   ; -   ; 66.360.831,17 ;;;;
MG;3140100;MARILAC; 7.037.914,24 ; -   ; 1.857.815,13 ; 510.788,55 ; 2.368.603,68 ; 9.406.517,92 ;;;;
MG;3140159;MARIO CAMPOS; 12.300.392,86 ; -   ; -   ; -   ; -   ; 12.300.392,86 ;;;;
MG;3140209;MARIPA DE MINAS; 5.026.639,82 ; -   ; -   ; 358.326,48 ; 358.326,48 ; 5.384.966,30 ;;;;
MG;3140308;MARLIERIA; 3.744.883,52 ; -   ; -   ; -   ; -   ; 3.744.883,52 ;;;;
MG;3140407;MARMELOPOLIS; 2.532.672,46 ; -   ; -   ; -   ; -   ; 2.532.672,46 ;;;;
MG;3140506;MARTINHO CAMPOS; 13.148.364,60 ; -   ; 110.378,03 ; 980.063,27 ; 1.090.441,30 ; 14.238.805,90 ;;;;
MG;3140530;MARTINS SOARES; 12.082.191,54 ; -   ; 2.229.967,66 ; -   ; 2.229.967,66 ; 14.312.159,20 ;;;;
MG;3140555;MATA VERDE; 8.323.634,83 ; -   ; 1.514.549,27 ; 314.650,69 ; 1.829.199,96 ; 10.152.834,79 ;;;;
MG;3140605;MATERLANDIA; 4.229.831,52 ; -   ; -   ; 324.724,62 ; 324.724,62 ; 4.554.556,14 ;;;;
MG;3140704;MATEUS LEME; 49.689.887,24 ; -   ; 3.875.497,33 ; -   ; 3.875.497,33 ; 53.565.384,57 ;;;;
MG;3171501;MATHIAS LOBATO; 5.703.765,67 ; -   ; -   ; -   ; -   ; 5.703.765,67 ;;;;
MG;3140803;MATIAS BARBOSA; 10.705.344,57 ; -   ; -   ; 839.477,28 ; 839.477,28 ; 11.544.821,85 ;;;;
MG;3140852;MATIAS CARDOSO; 13.608.329,47 ; -   ; 2.033.677,57 ; -   ; 2.033.677,57 ; 15.642.007,04 ;;;;
MG;3140902;MATIPO; 12.875.295,44 ; -   ; 458.149,16 ; -   ; 458.149,16 ; 13.333.444,60 ;;;;
MG;3141009;MATO VERDE; 7.882.313,53 ; -   ; 746.893,53 ; 619.789,17 ; 1.366.682,70 ; 9.248.996,23 ;;;;
MG;3141108;MATOZINHOS; 26.035.790,38 ; -   ; -   ; -   ; -   ; 26.035.790,38 ;;;;
MG;3141207;MATUTINA; 3.764.724,35 ; -   ; -   ; -   ; -   ; 3.764.724,35 ;;;;
MG;3141306;MEDEIROS; 5.516.416,80 ; -   ; -   ; -   ; -   ; 5.516.416,80 ;;;;
MG;3141405;MEDINA; 14.735.910,61 ; -   ; 1.429.924,46 ; 1.218.325,49 ; 2.648.249,95 ; 17.384.160,56 ;;;;
MG;3141504;MENDES PIMENTEL; 3.567.921,17 ; -   ; -   ; -   ; -   ; 3.567.921,17 ;;;;
MG;3141603;MERCES; 6.808.996,66 ; -   ; -   ; 550.671,56 ; 550.671,56 ; 7.359.668,22 ;;;;
MG;3141702;MESQUITA; 3.925.528,35 ; -   ; -   ; 320.023,94 ; 320.023,94 ; 4.245.552,29 ;;;;
MG;3141801;MINAS NOVAS; 24.237.981,52 ; -   ; 1.848.073,15 ; 1.987.353,30 ; 3.835.426,45 ; 28.073.407,97 ;;;;
MG;3141900;MINDURI; 2.851.209,30 ; -   ; -   ; -   ; -   ; 2.851.209,30 ;;;;
MG;3142007;MIRABELA; 11.252.938,63 ; -   ; 1.333.352,77 ; 880.105,87 ; 2.213.458,64 ; 13.466.397,27 ;;;;
MG;3142106;MIRADOURO; 8.153.368,58 ; -   ; -   ; -   ; -   ; 8.153.368,58 ;;;;
MG;3142205;MIRAI; 8.858.527,01 ; -   ; -   ; -   ; -   ; 8.858.527,01 ;;;;
MG;3142254;MIRAVANIA; 5.432.381,61 ; -   ; 1.000.500,75 ; 298.662,23 ; 1.299.162,98 ; 6.731.544,59 ;;;;
MG;3142304;MOEDA; 4.695.180,92 ; -   ; -   ; -   ; -   ; 4.695.180,92 ;;;;
MG;3142403;MOEMA; 6.607.757,84 ; -   ; -   ; -   ; -   ; 6.607.757,84 ;;;;
MG;3142502;MONJOLOS; 1.465.876,97 ; -   ; -   ; -   ; -   ; 1.465.876,97 ;;;;
MG;3142601;MONSENHOR PAULO; 10.388.755,91 ; -   ; 1.370.679,02 ; 401.556,38 ; 1.772.235,40 ; 12.160.991,31 ;;;;
MG;3142700;MONTALVANIA; 10.694.462,96 ; -   ; 2.186.265,99 ; -   ; 2.186.265,99 ; 12.880.728,95 ;;;;
MG;3142809;MONTE ALEGRE DE MINAS; 21.171.934,47 ; -   ; -   ; -   ; -   ; 21.171.934,47 ;;;;
MG;3142908;MONTE AZUL; 10.689.771,03 ; -   ; 843.744,08 ; -   ; 843.744,08 ; 11.533.515,11 ;;;;
MG;3143005;MONTE BELO; 10.725.570,33 ; -   ; 136.923,74 ; -   ; 136.923,74 ; 10.862.494,07 ;;;;
MG;3143104;MONTE CARMELO; 27.928.764,27 ; -   ; -   ; -   ; -   ; 27.928.764,27 ;;;;
MG;3143153;MONTE FORMOSO; 3.819.391,38 ; -   ; -   ; -   ; -   ; 3.819.391,38 ;;;;
MG;3143203;MONTE SANTO DE MINAS; 17.473.528,99 ; -   ; -   ; 661.872,86 ; 661.872,86 ; 18.135.401,85 ;;;;
MG;3143401;MONTE SIAO; 27.745.884,36 ; -   ; -   ; -   ; -   ; 27.745.884,36 ;;;;
MG;3143302;MONTES CLAROS; 289.067.722,30 ; -   ; -   ; -   ; -   ; 289.067.722,30 ;;;;
MG;3143450;MONTEZUMA; 5.783.731,53 ; -   ; -   ; 503.501,13 ; 503.501,13 ; 6.287.232,66 ;;;;
MG;3143500;MORADA NOVA DE MINAS; 12.669.401,24 ; -   ; 632.729,69 ; -   ; 632.729,69 ; 13.302.130,93 ;;;;
MG;3143609;MORRO DA GARCA; 3.511.007,87 ; -   ; -   ; -   ; -   ; 3.511.007,87 ;;;;
MG;3143708;MORRO DO PILAR; 1.624.032,88 ; -   ; -   ; 68.721,98 ; 68.721,98 ; 1.692.754,86 ;;;;
MG;3143807;MUNHOZ; 6.673.520,03 ; -   ; -   ; -   ; -   ; 6.673.520,03 ;;;;
MG;3143906;MURIAE; 95.459.349,19 ; -   ; -   ; -   ; -   ; 95.459.349,19 ;;;;
MG;3144003;MUTUM; 16.135.619,43 ; -   ; 2.570.932,29 ; -   ; 2.570.932,29 ; 18.706.551,72 ;;;;
MG;3144102;MUZAMBINHO; 14.454.665,19 ; -   ; -   ; -   ; -   ; 14.454.665,19 ;;;;
MG;3144201;NACIP RAYDAN; 2.055.522,31 ; -   ; -   ; 186.251,44 ; 186.251,44 ; 2.241.773,75 ;;;;
MG;3144300;NANUQUE; 17.692.821,75 ; -   ; -   ; 1.241.629,03 ; 1.241.629,03 ; 18.934.450,78 ;;;;
MG;3144359;NAQUE; 7.924.824,49 ; -   ; 1.452.864,97 ; 643.234,04 ; 2.096.099,01 ; 10.020.923,50 ;;;;
MG;3144375;NATALANDIA; 8.236.624,15 ; -   ; 5.112.139,01 ; 249.267,44 ; 5.361.406,45 ; 13.598.030,60 ;;;;
MG;3144409;NATERCIA; 4.016.700,71 ; -   ; -   ; -   ; -   ; 4.016.700,71 ;;;;
MG;3144508;NAZARENO; 6.862.553,24 ; -   ; -   ; 642.842,35 ; 642.842,35 ; 7.505.395,59 ;;;;
MG;3144607;NEPOMUCENO; 18.461.267,76 ; -   ; -   ; 722.955,57 ; 722.955,57 ; 19.184.223,33 ;;;;
MG;3144656;NINHEIRA; 8.391.630,37 ; -   ; 1.181.296,80 ; 334.598,57 ; 1.515.895,37 ; 9.907.525,74 ;;;;
MG;3144672;NOVA BELEM; 4.711.979,16 ; -   ; -   ; -   ; -   ; 4.711.979,16 ;;;;
MG;3144706;NOVA ERA; 13.058.002,60 ; -   ; -   ; -   ; -   ; 13.058.002,60 ;;;;
MG;3144805;NOVA LIMA; 82.815.453,39 ; -   ; -   ; -   ; -   ; 82.815.453,39 ;;;;
MG;3144904;NOVA MODICA; 3.607.474,53 ; -   ; 304.389,52 ; 148.871,63 ; 453.261,15 ; 4.060.735,68 ;;;;
MG;3145000;NOVA PONTE; 19.479.438,00 ; -   ; -   ; -   ; -   ; 19.479.438,00 ;;;;
MG;3145059;NOVA PORTEIRINHA; 7.469.964,01 ; -   ; 241.456,90 ; -   ; 241.456,90 ; 7.711.420,91 ;;;;
MG;3145109;NOVA RESENDE; 15.083.105,92 ; -   ; -   ; -   ; -   ; 15.083.105,92 ;;;;
MG;3145208;NOVA SERRANA; 158.507.434,79 ; -   ; 38.324.584,35 ; 12.171.578,57 ; 50.496.162,92 ; 209.003.597,71 ;;;;
MG;3136603;NOVA UNIAO; 4.957.688,96 ; -   ; -   ; -   ; -   ; 4.957.688,96 ;;;;
MG;3145307;NOVO CRUZEIRO; 21.610.508,11 ; -   ; 2.366.768,45 ; 1.583.365,95 ; 3.950.134,40 ; 25.560.642,51 ;;;;
MG;3145356;NOVO ORIENTE DE MINAS; 8.559.932,70 ; -   ; 382.698,62 ; 336.924,85 ; 719.623,47 ; 9.279.556,17 ;;;;
MG;3145372;NOVORIZONTE; 5.922.421,66 ; -   ; 1.047.692,62 ; -   ; 1.047.692,62 ; 6.970.114,28 ;;;;
MG;3145406;OLARIA; 2.666.080,18 ; -   ; -   ; 192.639,34 ; 192.639,34 ; 2.858.719,52 ;;;;
MG;3145455;OLHOS-DAGUA; 5.437.121,13 ; -   ; -   ; -   ; -   ; 5.437.121,13 ;;;;
MG;3145505;OLIMPIO NORONHA; 3.341.717,28 ; -   ; -   ; -   ; -   ; 3.341.717,28 ;;;;
MG;3145604;OLIVEIRA; 25.880.289,86 ; -   ; -   ; -   ; -   ; 25.880.289,86 ;;;;
MG;3145703;OLIVEIRA FORTES; 1.800.851,31 ; -   ; -   ; -   ; -   ; 1.800.851,31 ;;;;
MG;3145802;ONCA DE PITANGUI; 1.540.236,40 ; -   ; -   ; -   ; -   ; 1.540.236,40 ;;;;
MG;3145851;ORATORIOS; 6.408.841,59 ; -   ; -   ; -   ; -   ; 6.408.841,59 ;;;;
MG;3145877;ORIZANIA; 11.804.879,09 ; -   ; 1.229.092,97 ; -   ; 1.229.092,97 ; 13.033.972,06 ;;;;
MG;3145901;OURO BRANCO; 46.859.169,90 ; -   ; -   ; -   ; -   ; 46.859.169,90 ;;;;
MG;3146008;OURO FINO; 17.331.813,39 ; -   ; -   ; -   ; -   ; 17.331.813,39 ;;;;
MG;3146107;OURO PRETO; 60.527.540,72 ; -   ; -   ; -   ; -   ; 60.527.540,72 ;;;;
MG;3146206;OURO VERDE DE MINAS; 7.137.666,31 ; -   ; 1.129.925,32 ; 581.786,24 ; 1.711.711,56 ; 8.849.377,87 ;;;;
MG;3146255;PADRE CARVALHO; 3.088.898,40 ; -   ; -   ; -   ; -   ; 3.088.898,40 ;;;;
MG;3146305;PADRE PARAISO; 20.800.758,69 ; -   ; 4.834.167,20 ; 1.346.991,78 ; 6.181.158,98 ; 26.981.917,67 ;;;;
MG;3146552;PAI PEDRO; 7.187.791,18 ; -   ; 592.310,01 ; 265.002,43 ; 857.312,44 ; 8.045.103,62 ;;;;
MG;3146404;PAINEIRAS; 2.950.572,63 ; -   ; -   ; -   ; -   ; 2.950.572,63 ;;;;
MG;3146503;PAINS; 6.150.911,72 ; -   ; -   ; -   ; -   ; 6.150.911,72 ;;;;
MG;3146602;PAIVA; 1.580.251,16 ; -   ; -   ; 134.175,84 ; 134.175,84 ; 1.714.427,00 ;;;;
MG;3146701;PALMA; 4.244.376,00 ; -   ; -   ; 344.569,74 ; 344.569,74 ; 4.588.945,74 ;;;;
MG;3146750;PALMOPOLIS; 4.308.776,39 ; -   ; -   ; -   ; -   ; 4.308.776,39 ;;;;
MG;3146909;PAPAGAIOS; 10.952.157,22 ; -   ; -   ; 471.898,65 ; 471.898,65 ; 11.424.055,87 ;;;;
MG;3147105;PARA DE MINAS; 75.572.489,67 ; -   ; -   ; -   ; -   ; 75.572.489,67 ;;;;
MG;3147006;PARACATU; 82.474.286,93 ; -   ; -   ; 3.248.547,14 ; 3.248.547,14 ; 85.722.834,07 ;;;;
MG;3147204;PARAGUACU; 17.580.325,24 ; -   ; 300.494,89 ; -   ; 300.494,89 ; 17.880.820,13 ;;;;
MG;3147303;PARAISOPOLIS; 14.492.941,68 ; -   ; -   ; -   ; -   ; 14.492.941,68 ;;;;
MG;3147402;PARAOPEBA; 19.912.305,77 ; -   ; -   ; -   ; -   ; 19.912.305,77 ;;;;
MG;3147600;PASSA QUATRO; 6.928.871,23 ; -   ; -   ; -   ; -   ; 6.928.871,23 ;;;;
MG;3147709;PASSA TEMPO; 6.866.821,29 ; -   ; -   ; 609.788,15 ; 609.788,15 ; 7.476.609,44 ;;;;
MG;3147808;PASSA VINTE; 2.754.749,56 ; -   ; -   ; -   ; -   ; 2.754.749,56 ;;;;
MG;3147501;PASSABEM; 1.916.753,25 ; -   ; -   ; -   ; -   ; 1.916.753,25 ;;;;
MG;3147907;PASSOS; 85.112.276,87 ; -   ; -   ; -   ; -   ; 85.112.276,87 ;;;;
MG;3147956;PATIS; 5.195.969,76 ; -   ; -   ; 412.990,61 ; 412.990,61 ; 5.608.960,37 ;;;;
MG;3148004;PATOS DE MINAS; 76.347.982,06 ; -   ; -   ; -   ; -   ; 76.347.982,06 ;;;;
MG;3148103;PATROCINIO; 82.105.865,14 ; -   ; -   ; -   ; -   ; 82.105.865,14 ;;;;
MG;3148202;PATROCINIO DO MURIAE; 4.174.810,48 ; -   ; -   ; 354.781,60 ; 354.781,60 ; 4.529.592,08 ;;;;
MG;3148301;PAULA CANDIDO; 5.326.187,50 ; -   ; -   ; 222.819,09 ; 222.819,09 ; 5.549.006,59 ;;;;
MG;3148400;PAULISTAS; 4.435.650,64 ; -   ; -   ; -   ; -   ; 4.435.650,64 ;;;;
MG;3148509;PAVAO; 4.844.632,14 ; -   ; -   ; -   ; -   ; 4.844.632,14 ;;;;
MG;3148608;PECANHA; 8.844.630,55 ; -   ; -   ; 333.164,49 ; 333.164,49 ; 9.177.795,04 ;;;;
MG;3148707;PEDRA AZUL; 21.586.042,34 ; -   ; 4.946.447,58 ; -   ; 4.946.447,58 ; 26.532.489,92 ;;;;
MG;3148756;PEDRA BONITA; 8.350.335,23 ; -   ; 1.242.769,68 ; 323.181,49 ; 1.565.951,17 ; 9.916.286,40 ;;;;
MG;3148806;PEDRA DO ANTA; 2.273.075,22 ; -   ; -   ; -   ; -   ; 2.273.075,22 ;;;;
MG;3148905;PEDRA DO INDAIA; 4.189.525,16 ; -   ; -   ; 163.651,00 ; 163.651,00 ; 4.353.176,16 ;;;;
MG;3149002;PEDRA DOURADA; 3.726.349,77 ; -   ; -   ; 150.508,86 ; 150.508,86 ; 3.876.858,63 ;;;;
MG;3149101;PEDRALVA; 6.516.420,80 ; -   ; -   ; -   ; -   ; 6.516.420,80 ;;;;
MG;3149150;PEDRAS DE MARIA DA CRUZ; 9.757.292,86 ; -   ; 1.129.518,32 ; -   ; 1.129.518,32 ; 10.886.811,18 ;;;;
MG;3149200;PEDRINOPOLIS; 3.421.542,56 ; -   ; -   ; 296.634,63 ; 296.634,63 ; 3.718.177,19 ;;;;
MG;3149309;PEDRO LEOPOLDO; 52.227.587,31 ; -   ; -   ; -   ; -   ; 52.227.587,31 ;;;;
MG;3149408;PEDRO TEIXEIRA; 1.586.351,69 ; -   ; -   ; -   ; -   ; 1.586.351,69 ;;;;
MG;3149507;PEQUERI; 5.563.687,49 ; -   ; -   ; 417.884,68 ; 417.884,68 ; 5.981.572,17 ;;;;
MG;3149606;PEQUI; 3.817.719,77 ; -   ; -   ; -   ; -   ; 3.817.719,77 ;;;;
MG;3149705;PERDIGAO; 16.654.752,17 ; -   ; 6.191.787,74 ; 669.845,96 ; 6.861.633,70 ; 23.516.385,87 ;;;;
MG;3149804;PERDIZES; 20.627.185,89 ; -   ; -   ; -   ; -   ; 20.627.185,89 ;;;;
MG;3149903;PERDOES; 14.465.142,43 ; -   ; -   ; -   ; -   ; 14.465.142,43 ;;;;
MG;3149952;PERIQUITO; 12.770.677,74 ; -   ; 1.821.204,93 ; -   ; 1.821.204,93 ; 14.591.882,67 ;;;;
MG;3150000;PESCADOR; 2.674.031,83 ; -   ; -   ; 119.547,61 ; 119.547,61 ; 2.793.579,44 ;;;;
MG;3150109;PIAU; 1.985.271,79 ; -   ; -   ; 182.343,04 ; 182.343,04 ; 2.167.614,83 ;;;;
MG;3150158;PIEDADE DE CARATINGA; 8.862.277,15 ; -   ; 1.448.617,53 ; -   ; 1.448.617,53 ; 10.310.894,68 ;;;;
MG;3150208;PIEDADE DE PONTE NOVA; 5.195.840,84 ; -   ; 32.705,37 ; 417.410,67 ; 450.116,04 ; 5.645.956,88 ;;;;
MG;3150307;PIEDADE DO RIO GRANDE; 3.383.712,33 ; -   ; -   ; -   ; -   ; 3.383.712,33 ;;;;
MG;3150406;PIEDADE DOS GERAIS; 3.016.730,78 ; -   ; -   ; -   ; -   ; 3.016.730,78 ;;;;
MG;3150505;PIMENTA; 6.081.650,68 ; -   ; -   ; -   ; -   ; 6.081.650,68 ;;;;
MG;3150539;PINGO DAGUA; 4.507.691,80 ; -   ; -   ; -   ; -   ; 4.507.691,80 ;;;;
MG;3150570;PINTOPOLIS; 7.656.989,90 ; -   ; 1.336.049,55 ; -   ; 1.336.049,55 ; 8.993.039,45 ;;;;
MG;3150604;PIRACEMA; 4.872.074,79 ; -   ; -   ; -   ; -   ; 4.872.074,79 ;;;;
MG;3150703;PIRAJUBA; 6.811.478,64 ; -   ; -   ; -   ; -   ; 6.811.478,64 ;;;;
MG;3150802;PIRANGA; 8.427.672,14 ; -   ; -   ; 713.284,44 ; 713.284,44 ; 9.140.956,58 ;;;;
MG;3150901;PIRANGUCU; 4.252.051,82 ; -   ; -   ; -   ; -   ; 4.252.051,82 ;;;;
MG;3151008;PIRANGUINHO; 7.912.717,39 ; -   ; 842.639,37 ; -   ; 842.639,37 ; 8.755.356,76 ;;;;
MG;3151107;PIRAPETINGA; 10.556.780,70 ; -   ; -   ; 852.397,44 ; 852.397,44 ; 11.409.178,14 ;;;;
MG;3151206;PIRAPORA; 42.150.476,42 ; -   ; -   ; -   ; -   ; 42.150.476,42 ;;;;
MG;3151305;PIRAUBA; 8.568.457,56 ; -   ; -   ; 747.628,79 ; 747.628,79 ; 9.316.086,35 ;;;;
MG;3151404;PITANGUI; 18.825.573,33 ; -   ; 980.570,28 ; 1.425.633,58 ; 2.406.203,86 ; 21.231.777,19 ;;;;
MG;3151503;PIUMHI; 27.017.214,22 ; -   ; -   ; -   ; -   ; 27.017.214,22 ;;;;
MG;3151602;PLANURA; 11.366.483,48 ; -   ; -   ; -   ; -   ; 11.366.483,48 ;;;;
MG;3151701;POCO FUNDO; 9.719.824,30 ; -   ; -   ; 395.720,11 ; 395.720,11 ; 10.115.544,41 ;;;;
MG;3151800;POCOS DE CALDAS; 164.763.041,31 ; -   ; -   ; -   ; -   ; 164.763.041,31 ;;;;
MG;3151909;POCRANE; 3.264.495,38 ; -   ; -   ; 130.285,43 ; 130.285,43 ; 3.394.780,81 ;;;;
MG;3152006;POMPEU; 26.064.777,46 ; -   ; -   ; -   ; -   ; 26.064.777,46 ;;;;
MG;3152105;PONTE NOVA; 46.481.423,78 ; -   ; -   ; -   ; -   ; 46.481.423,78 ;;;;
MG;3152131;PONTO CHIQUE; 4.155.841,60 ; -   ; -   ; -   ; -   ; 4.155.841,60 ;;;;
MG;3152170;PONTO DOS VOLANTES; 12.051.846,82 ; -   ; -   ; -   ; -   ; 12.051.846,82 ;;;;
MG;3152204;PORTEIRINHA; 25.972.104,54 ; -   ; 2.654.524,48 ; -   ; 2.654.524,48 ; 28.626.629,02 ;;;;
MG;3152303;PORTO FIRME; 3.908.788,01 ; -   ; -   ; 143.886,65 ; 143.886,65 ; 4.052.674,66 ;;;;
MG;3152402;POTE; 11.822.140,89 ; -   ; 1.585.895,55 ; -   ; 1.585.895,55 ; 13.408.036,44 ;;;;
MG;3152501;POUSO ALEGRE; 132.065.722,33 ; -   ; -   ; -   ; -   ; 132.065.722,33 ;;;;
MG;3152600;POUSO ALTO; 4.837.075,97 ; -   ; -   ; -   ; -   ; 4.837.075,97 ;;;;
MG;3152709;PRADOS; 5.998.745,97 ; -   ; -   ; -   ; -   ; 5.998.745,97 ;;;;
MG;3152808;PRATA; 26.923.475,16 ; -   ; -   ; -   ; -   ; 26.923.475,16 ;;;;
MG;3152907;PRATAPOLIS; 4.885.877,54 ; -   ; -   ; -   ; -   ; 4.885.877,54 ;;;;
MG;3153004;PRATINHA; 3.824.365,00 ; -   ; -   ; 311.047,79 ; 311.047,79 ; 4.135.412,79 ;;;;
MG;3153103;PRESIDENTE BERNARDES; 3.282.895,93 ; -   ; 286.165,33 ; 133.811,40 ; 419.976,73 ; 3.702.872,66 ;;;;
MG;3153202;PRESIDENTE JUSCELINO; 2.620.528,81 ; -   ; -   ; 205.095,82 ; 205.095,82 ; 2.825.624,63 ;;;;
MG;3153301;PRESIDENTE KUBITSCHEK; 3.722.687,93 ; -   ; -   ; -   ; -   ; 3.722.687,93 ;;;;
MG;3153400;PRESIDENTE OLEGARIO; 19.608.954,57 ; -   ; -   ; -   ; -   ; 19.608.954,57 ;;;;
MG;3153608;PRUDENTE DE MORAIS; 11.009.220,86 ; -   ; 1.914.783,98 ; -   ; 1.914.783,98 ; 12.924.004,84 ;;;;
MG;3153707;QUARTEL GERAL; 3.716.655,69 ; -   ; -   ; -   ; -   ; 3.716.655,69 ;;;;
MG;3153806;QUELUZITO; 1.535.636,34 ; -   ; -   ; 60.206,19 ; 60.206,19 ; 1.595.842,53 ;;;;
MG;3153905;RAPOSOS; 10.962.224,37 ; -   ; -   ; -   ; -   ; 10.962.224,37 ;;;;
MG;3154002;RAUL SOARES; 15.041.604,63 ; -   ; -   ; -   ; -   ; 15.041.604,63 ;;;;
MG;3154101;RECREIO; 7.970.060,67 ; -   ; -   ; -   ; -   ; 7.970.060,67 ;;;;
MG;3154150;REDUTO; 7.221.777,38 ; -   ; 693.693,34 ; 286.369,16 ; 980.062,50 ; 8.201.839,88 ;;;;
MG;3154200;RESENDE COSTA; 8.934.556,36 ; -   ; -   ; -   ; -   ; 8.934.556,36 ;;;;
MG;3154309;RESPLENDOR; 15.811.490,27 ; -   ; -   ; -   ; -   ; 15.811.490,27 ;;;;
MG;3154408;RESSAQUINHA; 5.592.622,56 ; -   ; -   ; -   ; -   ; 5.592.622,56 ;;;;
MG;3154457;RIACHINHO; 6.414.357,58 ; -   ; 918.093,99 ; -   ; 918.093,99 ; 7.332.451,57 ;;;;
MG;3154507;RIACHO DOS MACHADOS; 11.582.129,07 ; -   ; 972.870,83 ; 466.323,64 ; 1.439.194,47 ; 13.021.323,54 ;;;;
MG;3154606;RIBEIRAO DAS NEVES; 266.842.803,15 ; -   ; 44.185.091,55 ; 21.723.288,28 ; 65.908.379,83 ; 332.751.182,98 ;;;;
MG;3154705;RIBEIRAO VERMELHO; 3.489.869,14 ; -   ; -   ; 317.629,49 ; 317.629,49 ; 3.807.498,63 ;;;;
MG;3154804;RIO ACIMA; 10.856.575,73 ; -   ; -   ; -   ; -   ; 10.856.575,73 ;;;;
MG;3154903;RIO CASCA; 15.860.875,65 ; -   ; -   ; -   ; -   ; 15.860.875,65 ;;;;
MG;3155108;RIO DO PRADO; 4.973.012,46 ; -   ; 1.073.646,08 ; 189.456,75 ; 1.263.102,83 ; 6.236.115,29 ;;;;
MG;3155009;RIO DOCE; 2.601.667,39 ; -   ; -   ; -   ; -   ; 2.601.667,39 ;;;;
MG;3155207;RIO ESPERA; 1.647.112,28 ; -   ; -   ; 61.921,37 ; 61.921,37 ; 1.709.033,65 ;;;;
MG;3155306;RIO MANSO; 3.701.261,78 ; -   ; -   ; 315.675,50 ; 315.675,50 ; 4.016.937,28 ;;;;
MG;3155405;RIO NOVO; 6.941.169,83 ; -   ; 316.555,63 ; 271.092,41 ; 587.648,04 ; 7.528.817,87 ;;;;
MG;3155504;RIO PARANAIBA; 18.864.109,63 ; -   ; -   ; -   ; -   ; 18.864.109,63 ;;;;
MG;3155603;RIO PARDO DE MINAS; 25.511.280,26 ; -   ; 3.388.321,61 ; -   ; 3.388.321,61 ; 28.899.601,87 ;;;;
MG;3155702;RIO PIRACICABA; 15.645.646,94 ; -   ; -   ; 1.189.704,97 ; 1.189.704,97 ; 16.835.351,91 ;;;;
MG;3155801;RIO POMBA; 11.285.685,61 ; -   ; -   ; 482.127,66 ; 482.127,66 ; 11.767.813,27 ;;;;
MG;3155900;RIO PRETO; 4.618.482,65 ; -   ; -   ; -   ; -   ; 4.618.482,65 ;;;;
MG;3156007;RIO VERMELHO; 9.774.500,85 ; -   ; 2.034.506,37 ; 681.518,22 ; 2.716.024,59 ; 12.490.525,44 ;;;;
MG;3156106;RITAPOLIS; 3.231.555,86 ; -   ; -   ; 143.672,80 ; 143.672,80 ; 3.375.228,66 ;;;;
MG;3156205;ROCHEDO DE MINAS; 4.131.094,29 ; -   ; -   ; -   ; -   ; 4.131.094,29 ;;;;
MG;3156304;RODEIRO; 8.077.051,13 ; -   ; 358.099,06 ; -   ; 358.099,06 ; 8.435.150,19 ;;;;
MG;3156403;ROMARIA; 3.075.979,13 ; -   ; -   ; 262.064,73 ; 262.064,73 ; 3.338.043,86 ;;;;
MG;3156452;ROSARIO DA LIMEIRA; 6.660.347,99 ; -   ; 410.404,86 ; 267.134,92 ; 677.539,78 ; 7.337.887,77 ;;;;
MG;3156502;RUBELITA; 4.366.699,08 ; -   ; -   ; 174.947,38 ; 174.947,38 ; 4.541.646,46 ;;;;
MG;3156601;RUBIM; 11.176.375,13 ; -   ; 473.497,86 ; 842.520,67 ; 1.316.018,53 ; 12.492.393,66 ;;;;
MG;3156700;SABARA; 114.313.259,29 ; -   ; 7.562.410,33 ; -   ; 7.562.410,33 ; 121.875.669,62 ;;;;
MG;3156809;SABINOPOLIS; 6.992.180,72 ; -   ; -   ; -   ; -   ; 6.992.180,72 ;;;;
MG;3156908;SACRAMENTO; 27.571.653,64 ; -   ; -   ; 1.107.794,72 ; 1.107.794,72 ; 28.679.448,36 ;;;;
MG;3157005;SALINAS; 30.564.552,62 ; -   ; 1.107.855,77 ; -   ; 1.107.855,77 ; 31.672.408,39 ;;;;
MG;3157104;SALTO DA DIVISA; 6.611.716,71 ; -   ; -   ; -   ; -   ; 6.611.716,71 ;;;;
MG;3157203;SANTA BARBARA; 27.214.053,56 ; -   ; -   ; -   ; -   ; 27.214.053,56 ;;;;
MG;3157252;SANTA BARBARA DO LESTE; 8.258.961,08 ; -   ; 522.048,48 ; -   ; 522.048,48 ; 8.781.009,56 ;;;;
MG;3157278;SANTA BARBARA DO MONTE VERDE; 4.108.204,50 ; -   ; -   ; -   ; -   ; 4.108.204,50 ;;;;
MG;3157302;SANTA BARBARA DO TUGURIO; 7.337.035,61 ; -   ; 1.892.884,70 ; -   ; 1.892.884,70 ; 9.229.920,31 ;;;;
MG;3157336;SANTA CRUZ DE MINAS; 6.009.601,18 ; -   ; -   ; 265.463,44 ; 265.463,44 ; 6.275.064,62 ;;;;
MG;3157377;SANTA CRUZ DE SALINAS; 3.286.450,47 ; -   ; -   ; 138.875,67 ; 138.875,67 ; 3.425.326,14 ;;;;
MG;3157401;SANTA CRUZ DO ESCALVADO; 3.466.794,81 ; -   ; -   ; 128.958,82 ; 128.958,82 ; 3.595.753,63 ;;;;
MG;3157500;SANTA EFIGENIA DE MINAS; 3.778.364,71 ; -   ; -   ; -   ; -   ; 3.778.364,71 ;;;;
MG;3157609;SANTA FE DE MINAS; 2.732.502,53 ; -   ; -   ; -   ; -   ; 2.732.502,53 ;;;;
MG;3157658;SANTA HELENA DE MINAS; 3.578.385,11 ; -   ; -   ; 294.604,62 ; 294.604,62 ; 3.872.989,73 ;;;;
MG;3157708;SANTA JULIANA; 14.257.355,04 ; -   ; -   ; -   ; -   ; 14.257.355,04 ;;;;
MG;3157807;SANTA LUZIA; 176.360.267,03 ; -   ; -   ; -   ; -   ; 176.360.267,03 ;;;;
MG;3157906;SANTA MARGARIDA; 20.784.233,81 ; -   ; 5.607.869,45 ; -   ; 5.607.869,45 ; 26.392.103,26 ;;;;
MG;3158003;SANTA MARIA DE ITABIRA; 8.396.262,98 ; -   ; -   ; -   ; -   ; 8.396.262,98 ;;;;
MG;3158102;SANTA MARIA DO SALTO; 4.965.288,51 ; -   ; 1.680.074,84 ; 401.948,64 ; 2.082.023,48 ; 7.047.311,99 ;;;;
MG;3158201;SANTA MARIA DO SUACUI; 8.554.074,00 ; -   ; 724.636,18 ; 661.074,64 ; 1.385.710,82 ; 9.939.784,82 ;;;;
MG;3159209;SANTA RITA DE CALDAS; 4.837.115,95 ; -   ; -   ; 439.020,93 ; 439.020,93 ; 5.276.136,88 ;;;;
MG;3159407;SANTA RITA DE IBITIPOCA; 2.514.197,22 ; -   ; -   ; 103.146,51 ; 103.146,51 ; 2.617.343,73 ;;;;
MG;3159308;SANTA RITA DE JACUTINGA; 5.874.459,55 ; -   ; -   ; -   ; -   ; 5.874.459,55 ;;;;
MG;3159357;SANTA RITA DE MINAS; 6.028.722,16 ; -   ; 76.305,46 ; 254.939,39 ; 331.244,85 ; 6.359.967,01 ;;;;
MG;3159506;SANTA RITA DO ITUETO; 6.949.509,39 ; -   ; 76.302,84 ; -   ; 76.302,84 ; 7.025.812,23 ;;;;
MG;3159605;SANTA RITA DO SAPUCAI; 32.527.545,98 ; -   ; -   ; -   ; -   ; 32.527.545,98 ;;;;
MG;3159704;SANTA ROSA DA SERRA; 4.379.872,85 ; -   ; 87.285,60 ; -   ; 87.285,60 ; 4.467.158,45 ;;;;
MG;3159803;SANTA VITORIA; 19.078.605,00 ; -   ; -   ; -   ; -   ; 19.078.605,00 ;;;;
MG;3158300;SANTANA DA VARGEM; 4.078.891,60 ; -   ; -   ; -   ; -   ; 4.078.891,60 ;;;;
MG;3158409;SANTANA DE CATAGUASES; 3.821.910,16 ; -   ; -   ; 159.037,95 ; 159.037,95 ; 3.980.948,11 ;;;;
MG;3158508;SANTANA DE PIRAPAMA; 4.609.604,61 ; -   ; -   ; -   ; -   ; 4.609.604,61 ;;;;
MG;3158607;SANTANA DO DESERTO; 5.251.487,65 ; -   ; -   ; 187.199,95 ; 187.199,95 ; 5.438.687,60 ;;;;
MG;3158706;SANTANA DO GARAMBEU; 2.452.516,42 ; -   ; -   ; 200.585,10 ; 200.585,10 ; 2.653.101,52 ;;;;
MG;3158805;SANTANA DO JACARE; 3.353.544,75 ; -   ; -   ; 136.759,18 ; 136.759,18 ; 3.490.303,93 ;;;;
MG;3158904;SANTANA DO MANHUACU; 9.000.337,49 ; -   ; 1.625.566,96 ; 730.229,24 ; 2.355.796,20 ; 11.356.133,69 ;;;;
MG;3158953;SANTANA DO PARAISO; 30.342.317,35 ; -   ; 867.684,65 ; 2.525.505,63 ; 3.393.190,28 ; 33.735.507,63 ;;;;
MG;3159001;SANTANA DO RIACHO; 5.904.617,16 ; -   ; -   ; -   ; -   ; 5.904.617,16 ;;;;
MG;3159100;SANTANA DOS MONTES; 3.845.102,43 ; -   ; -   ; 309.617,95 ; 309.617,95 ; 4.154.720,38 ;;;;
MG;3159902;SANTO ANTONIO DO AMPARO; 15.093.008,12 ; -   ; 656.746,26 ; -   ; 656.746,26 ; 15.749.754,38 ;;;;
MG;3160009;SANTO ANTONIO DO AVENTUREIRO; 3.807.629,15 ; -   ; -   ; 150.112,65 ; 150.112,65 ; 3.957.741,80 ;;;;
MG;3160108;SANTO ANTONIO DO GRAMA; 4.324.541,87 ; -   ; -   ; -   ; -   ; 4.324.541,87 ;;;;
MG;3160207;SANTO ANTONIO DO ITAMBE; 2.928.535,63 ; -   ; -   ; -   ; -   ; 2.928.535,63 ;;;;
MG;3160306;SANTO ANTONIO DO JACINTO; 9.703.128,83 ; -   ; 525.245,29 ; 735.289,70 ; 1.260.534,99 ; 10.963.663,82 ;;;;
MG;3160405;SANTO ANTONIO DO MONTE; 23.514.796,49 ; -   ; 1.900.542,98 ; 960.693,24 ; 2.861.236,22 ; 26.376.032,71 ;;;;
MG;3160454;SANTO ANTONIO DO RETIRO; 8.825.891,13 ; -   ; 993.926,48 ; -   ; 993.926,48 ; 9.819.817,61 ;;;;
MG;3160504;SANTO ANTONIO DO RIO ABAIXO; 1.309.635,90 ; -   ; -   ; 111.564,93 ; 111.564,93 ; 1.421.200,83 ;;;;
MG;3160603;SANTO HIPOLITO; 1.622.230,83 ; -   ; -   ; -   ; -   ; 1.622.230,83 ;;;;
MG;3160702;SANTOS DUMONT; 29.425.586,54 ; -   ; -   ; -   ; -   ; 29.425.586,54 ;;;;
MG;3160801;SAO BENTO ABADE; 6.335.464,64 ; -   ; 693.821,68 ; -   ; 693.821,68 ; 7.029.286,32 ;;;;
MG;3160900;SAO BRAS DO SUACUI; 5.349.994,11 ; -   ; -   ; -   ; -   ; 5.349.994,11 ;;;;
MG;3160959;SAO DOMINGOS DAS DORES; 7.783.772,78 ; -   ; 1.148.049,86 ; -   ; 1.148.049,86 ; 8.931.822,64 ;;;;
MG;3161007;SAO DOMINGOS DO PRATA; 12.866.170,56 ; -   ; -   ; -   ; -   ; 12.866.170,56 ;;;;
MG;3161056;SAO FELIX DE MINAS; 3.469.315,44 ; -   ; -   ; 274.371,66 ; 274.371,66 ; 3.743.687,10 ;;;;
MG;3161106;SAO FRANCISCO; 43.897.677,23 ; -   ; 2.928.506,93 ; -   ; 2.928.506,93 ; 46.826.184,16 ;;;;
MG;3161205;SAO FRANCISCO DE PAULA; 6.224.141,38 ; -   ; 896.201,50 ; -   ; 896.201,50 ; 7.120.342,88 ;;;;
MG;3161304;SAO FRANCISCO DE SALES; 7.596.831,91 ; -   ; -   ; 601.229,13 ; 601.229,13 ; 8.198.061,04 ;;;;
MG;3161403;SAO FRANCISCO DO GLORIA; 4.526.744,10 ; -   ; -   ; 353.919,79 ; 353.919,79 ; 4.880.663,89 ;;;;
MG;3161502;SAO GERALDO; 7.834.752,63 ; -   ; 1.185.101,27 ; -   ; 1.185.101,27 ; 9.019.853,90 ;;;;
MG;3161601;SAO GERALDO DA PIEDADE; 3.033.594,52 ; -   ; -   ; 234.428,11 ; 234.428,11 ; 3.268.022,63 ;;;;
MG;3161650;SAO GERALDO DO BAIXIO; 3.108.387,31 ; -   ; -   ; -   ; -   ; 3.108.387,31 ;;;;
MG;3161700;SAO GONCALO DO ABAETE; 7.330.929,35 ; -   ; -   ; 289.243,17 ; 289.243,17 ; 7.620.172,52 ;;;;
MG;3161809;SAO GONCALO DO PARA; 10.671.556,46 ; -   ; 724.721,27 ; 402.738,78 ; 1.127.460,05 ; 11.799.016,51 ;;;;
MG;3161908;SAO GONCALO DO RIO ABAIXO; 25.023.713,27 ; -   ; -   ; 1.755.421,61 ; 1.755.421,61 ; 26.779.134,88 ;;;;
MG;3125507;SAO GONCALO DO RIO PRETO; 2.411.091,69 ; -   ; -   ; 196.153,68 ; 196.153,68 ; 2.607.245,37 ;;;;
MG;3162005;SAO GONCALO DO SAPUCAI; 21.801.886,74 ; -   ; 375.390,31 ; -   ; 375.390,31 ; 22.177.277,05 ;;;;
MG;3162104;SAO GOTARDO; 38.492.645,71 ; -   ; 2.582.638,34 ; -   ; 2.582.638,34 ; 41.075.284,05 ;;;;
MG;3162203;SAO JOAO BATISTA DO GLORIA; 6.183.250,27 ; -   ; -   ; 577.952,11 ; 577.952,11 ; 6.761.202,38 ;;;;
MG;3162252;SAO JOAO DA LAGOA; 4.887.494,89 ; -   ; -   ; -   ; -   ; 4.887.494,89 ;;;;
MG;3162302;SAO JOAO DA MATA; 2.656.952,82 ; -   ; -   ; -   ; -   ; 2.656.952,82 ;;;;
MG;3162401;SAO JOAO DA PONTE; 32.725.203,83 ; -   ; 7.202.081,10 ; -   ; 7.202.081,10 ; 39.927.284,93 ;;;;
MG;3162450;SAO JOAO DAS MISSOES; 7.957.674,37 ; -   ; -   ; -   ; -   ; 7.957.674,37 ;;;;
MG;3162500;SAO JOAO DEL REI; 37.898.258,82 ; -   ; -   ; -   ; -   ; 37.898.258,82 ;;;;
MG;3162559;SAO JOAO DO MANHUACU; 16.854.436,56 ; -   ; 2.835.966,22 ; -   ; 2.835.966,22 ; 19.690.402,78 ;;;;
MG;3162575;SAO JOAO DO MANTENINHA; 4.691.097,23 ; -   ; -   ; -   ; -   ; 4.691.097,23 ;;;;
MG;3162609;SAO JOAO DO ORIENTE; 6.537.087,66 ; -   ; 578.922,24 ; 285.096,98 ; 864.019,22 ; 7.401.106,88 ;;;;
MG;3162658;SAO JOAO DO PACUI; 3.039.538,12 ; -   ; -   ; -   ; -   ; 3.039.538,12 ;;;;
MG;3162708;SAO JOAO DO PARAISO; 17.647.280,23 ; -   ; 1.866.111,76 ; -   ; 1.866.111,76 ; 19.513.391,99 ;;;;
MG;3162807;SAO JOAO EVANGELISTA; 14.683.940,47 ; -   ; 1.577.241,83 ; -   ; 1.577.241,83 ; 16.261.182,30 ;;;;
MG;3162906;SAO JOAO NEPOMUCENO; 30.602.761,39 ; -   ; 5.351.259,47 ; -   ; 5.351.259,47 ; 35.954.020,86 ;;;;
MG;3162922;SAO JOAQUIM DE BICAS; 48.232.264,77 ; -   ; 5.769.117,97 ; -   ; 5.769.117,97 ; 54.001.382,74 ;;;;
MG;3162948;SAO JOSE DA BARRA; 6.086.791,13 ; -   ; -   ; 262.860,52 ; 262.860,52 ; 6.349.651,65 ;;;;
MG;3162955;SAO JOSE DA LAPA; 34.901.355,08 ; -   ; 1.920.079,58 ; 1.383.095,56 ; 3.303.175,14 ; 38.204.530,22 ;;;;
MG;3163003;SAO JOSE DA SAFIRA; 3.691.356,58 ; -   ; -   ; 298.808,82 ; 298.808,82 ; 3.990.165,40 ;;;;
MG;3163102;SAO JOSE DA VARGINHA; 3.719.209,48 ; -   ; -   ; -   ; -   ; 3.719.209,48 ;;;;
MG;3163201;SAO JOSE DO ALEGRE; 3.901.578,27 ; -   ; -   ; -   ; -   ; 3.901.578,27 ;;;;
MG;3163300;SAO JOSE DO DIVINO; 2.777.941,87 ; -   ; -   ; -   ; -   ; 2.777.941,87 ;;;;
MG;3163409;SAO JOSE DO GOIABAL; 3.859.524,12 ; -   ; -   ; -   ; -   ; 3.859.524,12 ;;;;
MG;3163508;SAO JOSE DO JACURI; 5.914.742,45 ; -   ; 298.128,14 ; -   ; 298.128,14 ; 6.212.870,59 ;;;;
MG;3163607;SAO JOSE DO MANTIMENTO; 3.099.708,84 ; -   ; -   ; 133.148,84 ; 133.148,84 ; 3.232.857,68 ;;;;
MG;3163706;SAO LOURENCO; 36.109.492,85 ; -   ; -   ; -   ; -   ; 36.109.492,85 ;;;;
MG;3163805;SAO MIGUEL DO ANTA; 5.253.735,25 ; -   ; -   ; 205.092,16 ; 205.092,16 ; 5.458.827,41 ;;;;
MG;3163904;SAO PEDRO DA UNIAO; 4.804.771,78 ; -   ; -   ; -   ; -   ; 4.804.771,78 ;;;;
MG;3164100;SAO PEDRO DO SUACUI; 3.769.234,08 ; -   ; -   ; 318.469,09 ; 318.469,09 ; 4.087.703,17 ;;;;
MG;3164001;SAO PEDRO DOS FERROS; 4.849.806,09 ; -   ; -   ; -   ; -   ; 4.849.806,09 ;;;;
MG;3164209;SAO ROMAO; 6.984.430,10 ; -   ; -   ; 605.327,43 ; 605.327,43 ; 7.589.757,53 ;;;;
MG;3164308;SAO ROQUE DE MINAS; 5.744.774,72 ; -   ; -   ; 501.227,71 ; 501.227,71 ; 6.246.002,43 ;;;;
MG;3164407;SAO SEBASTIAO DA BELA VISTA; 7.464.058,17 ; -   ; -   ; 605.747,14 ; 605.747,14 ; 8.069.805,31 ;;;;
MG;3164431;SAO SEBASTIAO DA VARGEM ALEGRE; 4.697.156,93 ; -   ; -   ; 389.695,21 ; 389.695,21 ; 5.086.852,14 ;;;;
MG;3164472;SAO SEBASTIAO DO ANTA; 9.338.501,28 ; -   ; 1.781.811,89 ; -   ; 1.781.811,89 ; 11.120.313,17 ;;;;
MG;3164506;SAO SEBASTIAO DO MARANHAO; 4.058.296,66 ; -   ; -   ; 157.672,16 ; 157.672,16 ; 4.215.968,82 ;;;;
MG;3164605;SAO SEBASTIAO DO OESTE; 15.625.135,18 ; -   ; 4.090.430,59 ; -   ; 4.090.430,59 ; 19.715.565,77 ;;;;
MG;3164704;SAO SEBASTIAO DO PARAISO; 58.018.830,40 ; -   ; -   ; -   ; -   ; 58.018.830,40 ;;;;
MG;3164803;SAO SEBASTIAO DO RIO PRETO; 1.016.020,94 ; -   ; -   ; -   ; -   ; 1.016.020,94 ;;;;
MG;3164902;SAO SEBASTIAO DO RIO VERDE; 3.151.080,26 ; -   ; -   ; -   ; -   ; 3.151.080,26 ;;;;
MG;3165206;SAO THOME DAS LETRAS; 6.025.620,82 ; -   ; 229.574,12 ; -   ; 229.574,12 ; 6.255.194,94 ;;;;
MG;3165008;SAO TIAGO; 7.479.857,57 ; -   ; -   ; -   ; -   ; 7.479.857,57 ;;;;
MG;3165107;SAO TOMAS DE AQUINO; 6.351.300,40 ; -   ; -   ; -   ; -   ; 6.351.300,40 ;;;;
MG;3165305;SAO VICENTE DE MINAS; 5.493.717,21 ; -   ; -   ; -   ; -   ; 5.493.717,21 ;;;;
MG;3165404;SAPUCAI-MIRIM; 6.431.402,16 ; -   ; -   ; -   ; -   ; 6.431.402,16 ;;;;
MG;3165503;SARDOA; 8.221.114,66 ; -   ; 2.042.682,13 ; 498.585,53 ; 2.541.267,66 ; 10.762.382,32 ;;;;
MG;3165537;SARZEDO; 37.536.588,85 ; -   ; -   ; 1.623.462,14 ; 1.623.462,14 ; 39.160.050,99 ;;;;
MG;3165560;SEM-PEIXE; 1.934.312,07 ; -   ; -   ; -   ; -   ; 1.934.312,07 ;;;;
MG;3165578;SENADOR AMARAL; 7.812.083,75 ; -   ; 1.827.028,59 ; -   ; 1.827.028,59 ; 9.639.112,34 ;;;;
MG;3165602;SENADOR CORTES; 4.057.868,48 ; -   ; -   ; -   ; -   ; 4.057.868,48 ;;;;
MG;3165701;SENADOR FIRMINO; 6.220.768,96 ; -   ; -   ; 266.149,48 ; 266.149,48 ; 6.486.918,44 ;;;;
MG;3165800;SENADOR JOSE BENTO; 1.554.258,90 ; -   ; -   ; -   ; -   ; 1.554.258,90 ;;;;
MG;3165909;SENADOR MODESTINO GONCALVES; 3.091.531,85 ; -   ; -   ; 123.842,74 ; 123.842,74 ; 3.215.374,59 ;;;;
MG;3166006;SENHORA DE OLIVEIRA; 3.654.791,96 ; -   ; -   ; 163.572,63 ; 163.572,63 ; 3.818.364,59 ;;;;
MG;3166105;SENHORA DO PORTO; 2.349.845,17 ; -   ; -   ; 207.133,07 ; 207.133,07 ; 2.556.978,24 ;;;;
MG;3166204;SENHORA DOS REMEDIOS; 4.386.274,65 ; -   ; -   ; 381.165,21 ; 381.165,21 ; 4.767.439,86 ;;;;
MG;3166303;SERICITA; 7.317.085,60 ; -   ; 1.077.386,07 ; 312.885,39 ; 1.390.271,46 ; 8.707.357,06 ;;;;
MG;3166402;SERITINGA; 2.306.240,74 ; -   ; -   ; -   ; -   ; 2.306.240,74 ;;;;
MG;3166501;SERRA AZUL DE MINAS; 2.490.785,42 ; -   ; -   ; 98.071,99 ; 98.071,99 ; 2.588.857,41 ;;;;
MG;3166600;SERRA DA SAUDADE; 848.652,83 ; -   ; -   ; -   ; -   ; 848.652,83 ;;;;
MG;3166808;SERRA DO SALITRE; 14.732.805,97 ; -   ; -   ; -   ; -   ; 14.732.805,97 ;;;;
MG;3166709;SERRA DOS AIMORES; 6.800.517,46 ; -   ; 1.951.971,29 ; 510.687,21 ; 2.462.658,50 ; 9.263.175,96 ;;;;
MG;3166907;SERRANIA; 7.101.016,12 ; -   ; 1.200.434,85 ; 587.931,99 ; 1.788.366,84 ; 8.889.382,96 ;;;;
MG;3166956;SERRANOPOLIS DE MINAS; 4.438.030,70 ; -   ; -   ; 350.623,47 ; 350.623,47 ; 4.788.654,17 ;;;;
MG;3167004;SERRANOS; 2.232.306,02 ; -   ; -   ; -   ; -   ; 2.232.306,02 ;;;;
MG;3167103;SERRO; 8.587.788,57 ; -   ; -   ; 332.666,74 ; 332.666,74 ; 8.920.455,31 ;;;;
MG;3167202;SETE LAGOAS; 122.967.716,28 ; -   ; -   ; -   ; -   ; 122.967.716,28 ;;;;
MG;3165552;SETUBINHA; 5.538.429,82 ; -   ; -   ; 211.455,57 ; 211.455,57 ; 5.749.885,39 ;;;;
MG;3167301;SILVEIRANIA; 2.117.871,21 ; -   ; -   ; 200.748,94 ; 200.748,94 ; 2.318.620,15 ;;;;
MG;3167400;SILVIANOPOLIS; 4.632.672,82 ; -   ; -   ; 184.815,11 ; 184.815,11 ; 4.817.487,93 ;;;;
MG;3167509;SIMAO PEREIRA; 3.944.468,64 ; -   ; -   ; 136.191,47 ; 136.191,47 ; 4.080.660,11 ;;;;
MG;3167608;SIMONESIA; 23.073.843,70 ; -   ; 9.184.169,23 ; 1.687.979,81 ; 10.872.149,04 ; 33.945.992,74 ;;;;
MG;3167707;SOBRALIA; 4.578.496,57 ; -   ; -   ; -   ; -   ; 4.578.496,57 ;;;;
MG;3167806;SOLEDADE DE MINAS; 3.779.754,28 ; -   ; -   ; -   ; -   ; 3.779.754,28 ;;;;
MG;3167905;TABULEIRO; 3.033.551,57 ; -   ; -   ; -   ; -   ; 3.033.551,57 ;;;;
MG;3168002;TAIOBEIRAS; 32.437.402,92 ; -   ; 2.867.331,20 ; 1.306.245,54 ; 4.173.576,74 ; 36.610.979,66 ;;;;
MG;3168051;TAPARUBA; 3.228.764,33 ; -   ; -   ; 267.551,16 ; 267.551,16 ; 3.496.315,49 ;;;;
MG;3168101;TAPIRA; 7.764.079,17 ; -   ; -   ; -   ; -   ; 7.764.079,17 ;;;;
MG;3168200;TAPIRAI; 2.009.467,37 ; -   ; -   ; -   ; -   ; 2.009.467,37 ;;;;
MG;3168309;TAQUARACU DE MINAS; 5.956.699,43 ; -   ; -   ; -   ; -   ; 5.956.699,43 ;;;;
MG;3168408;TARUMIRIM; 5.477.471,35 ; -   ; -   ; -   ; -   ; 5.477.471,35 ;;;;
MG;3168507;TEIXEIRAS; 8.529.162,52 ; -   ; 341.440,69 ; 727.655,45 ; 1.069.096,14 ; 9.598.258,66 ;;;;
MG;3168606;TEOFILO OTONI; 95.412.335,63 ; -   ; 5.014.253,64 ; -   ; 5.014.253,64 ; 100.426.589,27 ;;;;
MG;3168705;TIMOTEO; 60.212.320,83 ; -   ; -   ; -   ; -   ; 60.212.320,83 ;;;;
MG;3168804;TIRADENTES; 6.768.312,94 ; -   ; -   ; 524.437,21 ; 524.437,21 ; 7.292.750,15 ;;;;
MG;3168903;TIROS; 6.783.218,50 ; -   ; -   ; 268.188,40 ; 268.188,40 ; 7.051.406,90 ;;;;
MG;3169000;TOCANTINS; 11.560.637,81 ; -   ; -   ; -   ; -   ; 11.560.637,81 ;;;;
MG;3169059;TOCOS DO MOJI; 3.849.127,20 ; -   ; -   ; -   ; -   ; 3.849.127,20 ;;;;
MG;3169109;TOLEDO; 9.343.404,21 ; -   ; 2.213.229,35 ; -   ; 2.213.229,35 ; 11.556.633,56 ;;;;
MG;3169208;TOMBOS; 6.543.592,91 ; -   ; -   ; 582.800,54 ; 582.800,54 ; 7.126.393,45 ;;;;
MG;3169307;TRES CORACOES; 52.490.872,34 ; -   ; -   ; -   ; -   ; 52.490.872,34 ;;;;
MG;3169356;TRES MARIAS; 33.551.906,23 ; -   ; -   ; -   ; -   ; 33.551.906,23 ;;;;
MG;3169406;TRES PONTAS; 44.837.162,74 ; -   ; -   ; -   ; -   ; 44.837.162,74 ;;;;
MG;3169505;TUMIRITINGA; 6.259.109,53 ; -   ; 542.123,29 ; 471.404,41 ; 1.013.527,70 ; 7.272.637,23 ;;;;
MG;3169604;TUPACIGUARA; 25.547.723,24 ; -   ; -   ; -   ; -   ; 25.547.723,24 ;;;;
MG;3169703;TURMALINA; 14.571.850,26 ; -   ; 1.042.794,08 ; 597.882,34 ; 1.640.676,42 ; 16.212.526,68 ;;;;
MG;3169802;TURVOLANDIA; 5.816.930,16 ; -   ; 409.594,05 ; -   ; 409.594,05 ; 6.226.524,21 ;;;;
MG;3169901;UBA; 77.963.108,67 ; -   ; -   ; -   ; -   ; 77.963.108,67 ;;;;
MG;3170008;UBAI; 9.217.007,99 ; -   ; 637.944,62 ; -   ; 637.944,62 ; 9.854.952,61 ;;;;
MG;3170057;UBAPORANGA; 9.643.102,03 ; -   ; 1.615.292,56 ; 773.938,89 ; 2.389.231,45 ; 12.032.333,48 ;;;;
MG;3170107;UBERABA; 265.882.707,49 ; -   ; -   ; -   ; -   ; 265.882.707,49 ;;;;
MG;3170206;UBERLANDIA; 619.121.790,53 ; -   ; -   ; -   ; -   ; 619.121.790,53 ;;;;
MG;3170305;UMBURATIBA; 2.438.083,48 ; -   ; -   ; 100.905,29 ; 100.905,29 ; 2.538.988,77 ;;;;
MG;3170404;UNAI; 61.679.379,67 ; -   ; -   ; -   ; -   ; 61.679.379,67 ;;;;
MG;3170438;UNIAO DE MINAS; 2.582.524,92 ; -   ; -   ; 216.721,00 ; 216.721,00 ; 2.799.245,92 ;;;;
MG;3170479;URUANA DE MINAS; 6.333.156,32 ; -   ; -   ; 212.250,71 ; 212.250,71 ; 6.545.407,03 ;;;;
MG;3170503;URUCANIA; 8.920.292,02 ; -   ; 1.835.342,79 ; -   ; 1.835.342,79 ; 10.755.634,81 ;;;;
MG;3170529;URUCUIA; 18.083.298,21 ; -   ; 3.122.308,71 ; 1.033.158,29 ; 4.155.467,00 ; 22.238.765,21 ;;;;
MG;3170578;VARGEM ALEGRE; 4.297.239,74 ; -   ; -   ; 181.723,97 ; 181.723,97 ; 4.478.963,71 ;;;;
MG;3170602;VARGEM BONITA; 1.975.728,73 ; -   ; -   ; 166.148,61 ; 166.148,61 ; 2.141.877,34 ;;;;
MG;3170651;VARGEM GRANDE DO RIO PARDO; 4.997.859,17 ; -   ; 147.081,41 ; 207.481,07 ; 354.562,48 ; 5.352.421,65 ;;;;
MG;3170701;VARGINHA; 105.664.726,74 ; -   ; -   ; -   ; -   ; 105.664.726,74 ;;;;
MG;3170750;VARJAO DE MINAS; 8.500.608,48 ; -   ; -   ; -   ; -   ; 8.500.608,48 ;;;;
MG;3170800;VARZEA DA PALMA; 28.765.272,87 ; -   ; 3.680.396,69 ; 1.147.630,04 ; 4.828.026,73 ; 33.593.299,60 ;;;;
MG;3170909;VARZELANDIA; 16.451.946,95 ; -   ; 3.650.349,78 ; 1.138.494,35 ; 4.788.844,13 ; 21.240.791,08 ;;;;
MG;3171006;VAZANTE; 14.122.403,44 ; -   ; -   ; -   ; -   ; 14.122.403,44 ;;;;
MG;3171030;VERDELANDIA; 7.314.407,83 ; -   ; 779.749,52 ; -   ; 779.749,52 ; 8.094.157,35 ;;;;
MG;3171071;VEREDINHA; 4.956.991,73 ; -   ; -   ; -   ; -   ; 4.956.991,73 ;;;;
MG;3171105;VERISSIMO; 2.891.089,20 ; -   ; -   ; -   ; -   ; 2.891.089,20 ;;;;
MG;3171154;VERMELHO NOVO; 4.947.145,61 ; -   ; 224.974,26 ; 186.122,03 ; 411.096,29 ; 5.358.241,90 ;;;;
MG;3171204;VESPASIANO; 146.963.913,49 ; -   ; 20.855.319,82 ; -   ; 20.855.319,82 ; 167.819.233,31 ;;;;
MG;3171303;VICOSA; 56.459.895,35 ; -   ; -   ; -   ; -   ; 56.459.895,35 ;;;;
MG;3171402;VIEIRAS; 4.957.368,08 ; -   ; -   ; 203.617,77 ; 203.617,77 ; 5.160.985,85 ;;;;
MG;3171600;VIRGEM DA LAPA; 11.571.550,22 ; -   ; 234.668,60 ; -   ; 234.668,60 ; 11.806.218,82 ;;;;
MG;3171709;VIRGINIA; 6.504.843,34 ; -   ; -   ; 579.929,10 ; 579.929,10 ; 7.084.772,44 ;;;;
MG;3171808;VIRGINOPOLIS; 11.216.894,01 ; -   ; 156.538,07 ; 811.782,28 ; 968.320,35 ; 12.185.214,36 ;;;;
MG;3171907;VIRGOLANDIA; 2.816.904,59 ; -   ; -   ; 249.654,60 ; 249.654,60 ; 3.066.559,19 ;;;;
MG;3172004;VISCONDE DO RIO BRANCO; 29.425.896,23 ; -   ; -   ; -   ; -   ; 29.425.896,23 ;;;;
MG;3172103;VOLTA GRANDE; 5.932.663,72 ; -   ; -   ; -   ; -   ; 5.932.663,72 ;;;;
MG;3172202;WENCESLAU BRAZ; 2.007.441,37 ; -   ; -   ; -   ; -   ; 2.007.441,37 ;;;;
MG;31;GOVERNO DO ESTADO; 13.193.872.496,36 ; -   ; -   ; -   ; -   ; 13.193.872.496,36 ;;;;
MS;5000203;AGUA CLARA; 29.519.848,49 ; -   ; -   ; 2.517.490,04 ; 2.517.490,04 ; 32.037.338,53 ;;;;
MS;5000252;ALCINOPOLIS; 7.083.289,67 ; -   ; -   ; -   ; -   ; 7.083.289,67 ;;;;
MS;5000609;AMAMBAI; 66.903.810,37 ; -   ; -   ; -   ; -   ; 66.903.810,37 ;;;;
MS;5000708;ANASTACIO; 24.498.054,82 ; -   ; -   ; 1.768.745,91 ; 1.768.745,91 ; 26.266.800,73 ;;;;
MS;5000807;ANAURILANDIA; 8.814.570,76 ; -   ; -   ; -   ; -   ; 8.814.570,76 ;;;;
MS;5000856;ANGELICA; 12.398.188,03 ; -   ; -   ; 506.117,40 ; 506.117,40 ; 12.904.305,43 ;;;;
MS;5000906;ANTONIO JOAO; 14.726.712,58 ; -   ; -   ; 575.046,22 ; 575.046,22 ; 15.301.758,80 ;;;;
MS;5001003;APARECIDA DO TABOADO; 30.158.838,91 ; -   ; -   ; -   ; -   ; 30.158.838,91 ;;;;
MS;5001102;AQUIDAUANA; 62.596.250,23 ; -   ; -   ; 4.247.304,13 ; 4.247.304,13 ; 66.843.554,36 ;;;;
MS;5001243;ARAL MOREIRA; 13.710.619,41 ; -   ; -   ; -   ; -   ; 13.710.619,41 ;;;;
MS;5001508;BANDEIRANTES; 10.145.550,53 ; -   ; -   ; -   ; -   ; 10.145.550,53 ;;;;
MS;5001904;BATAGUASSU; 25.765.746,10 ; -   ; -   ; 1.972.068,74 ; 1.972.068,74 ; 27.737.814,84 ;;;;
MS;5002001;BATAYPORA; 13.125.666,03 ; -   ; -   ; -   ; -   ; 13.125.666,03 ;;;;
MS;5002100;BELA VISTA; 29.376.352,51 ; -   ; -   ; 2.087.578,75 ; 2.087.578,75 ; 31.463.931,26 ;;;;
MS;5002159;BODOQUENA; 11.327.473,88 ; -   ; -   ; -   ; -   ; 11.327.473,88 ;;;;
MS;5002209;BONITO; 28.021.101,76 ; -   ; -   ; -   ; -   ; 28.021.101,76 ;;;;
MS;5002308;BRASILANDIA; 16.891.095,46 ; -   ; -   ; -   ; -   ; 16.891.095,46 ;;;;
MS;5002407;CAARAPO; 47.245.839,96 ; -   ; -   ; -   ; -   ; 47.245.839,96 ;;;;
MS;5002605;CAMAPUA; 14.391.121,97 ; -   ; -   ; 1.066.363,09 ; 1.066.363,09 ; 15.457.485,06 ;;;;
MS;5002704;CAMPO GRANDE; 994.003.216,07 ; -   ; -   ; -   ; -   ; 994.003.216,07 ;;;;
MS;5002803;CARACOL; 8.236.841,02 ; -   ; -   ; -   ; -   ; 8.236.841,02 ;;;;
MS;5002902;CASSILANDIA; 22.579.451,61 ; -   ; -   ; 1.801.852,02 ; 1.801.852,02 ; 24.381.303,63 ;;;;
MS;5002951;CHAPADAO DO SUL; 56.240.372,80 ; -   ; -   ; -   ; -   ; 56.240.372,80 ;;;;
MS;5003108;CORGUINHO; 5.537.327,20 ; -   ; -   ; 430.551,07 ; 430.551,07 ; 5.967.878,27 ;;;;
MS;5003157;CORONEL SAPUCAIA; 31.579.210,86 ; -   ; 5.920.668,59 ; -   ; 5.920.668,59 ; 37.499.879,45 ;;;;
MS;5003207;CORUMBA; 128.456.421,36 ; -   ; -   ; -   ; -   ; 128.456.421,36 ;;;;
MS;5003256;COSTA RICA; 49.971.203,66 ; -   ; -   ; -   ; -   ; 49.971.203,66 ;;;;
MS;5003306;COXIM; 33.192.466,74 ; -   ; -   ; 1.235.379,50 ; 1.235.379,50 ; 34.427.846,24 ;;;;
MS;5003454;DEODAPOLIS; 13.444.611,21 ; -   ; -   ; 513.487,22 ; 513.487,22 ; 13.958.098,43 ;;;;
MS;5003488;DOIS IRMAOS DO BURITI; 20.623.441,21 ; -   ; -   ; -   ; -   ; 20.623.441,21 ;;;;
MS;5003504;DOURADINA; 6.207.479,63 ; -   ; -   ; -   ; -   ; 6.207.479,63 ;;;;
MS;5003702;DOURADOS; 283.613.909,35 ; -   ; -   ; -   ; -   ; 283.613.909,35 ;;;;
MS;5003751;ELDORADO; 13.619.859,83 ; -   ; -   ; -   ; -   ; 13.619.859,83 ;;;;
MS;5003801;FATIMA DO SUL; 20.995.138,96 ; -   ; -   ; -   ; -   ; 20.995.138,96 ;;;;
MS;5003900;FIGUEIRAO; 3.553.746,40 ; -   ; -   ; 157.442,05 ; 157.442,05 ; 3.711.188,45 ;;;;
MS;5004007;GLORIA DE DOURADOS; 9.315.760,69 ; -   ; -   ; 781.781,39 ; 781.781,39 ; 10.097.542,08 ;;;;
MS;5004106;GUIA LOPES DA LAGUNA; 9.531.715,30 ; -   ; -   ; 778.203,54 ; 778.203,54 ; 10.309.918,84 ;;;;
MS;5004304;IGUATEMI; 18.559.823,95 ; -   ; -   ; -   ; -   ; 18.559.823,95 ;;;;
MS;5004403;INOCENCIA; 9.740.874,60 ; -   ; -   ; 769.479,04 ; 769.479,04 ; 10.510.353,64 ;;;;
MS;5004502;ITAPORA; 18.289.458,10 ; -   ; -   ; 1.408.379,01 ; 1.408.379,01 ; 19.697.837,11 ;;;;
MS;5004601;ITAQUIRAI; 26.510.186,50 ; -   ; 3.815.070,43 ; 1.975.162,22 ; 5.790.232,65 ; 32.300.419,15 ;;;;
MS;5004700;IVINHEMA; 29.572.722,32 ; -   ; -   ; -   ; -   ; 29.572.722,32 ;;;;
MS;5004809;JAPORA; 21.227.999,69 ; -   ; 1.538.295,14 ; -   ; 1.538.295,14 ; 22.766.294,83 ;;;;
MS;5004908;JARAGUARI; 6.372.649,13 ; -   ; -   ; 447.889,07 ; 447.889,07 ; 6.820.538,20 ;;;;
MS;5005004;JARDIM; 27.145.451,49 ; -   ; -   ; -   ; -   ; 27.145.451,49 ;;;;
MS;5005103;JATEI; 3.206.298,76 ; -   ; -   ; 111.954,27 ; 111.954,27 ; 3.318.253,03 ;;;;
MS;5005152;JUTI; 9.569.753,29 ; -   ; -   ; 765.798,29 ; 765.798,29 ; 10.335.551,58 ;;;;
MS;5005202;LADARIO; 32.338.738,90 ; -   ; -   ; 2.377.080,41 ; 2.377.080,41 ; 34.715.819,31 ;;;;
MS;5005251;LAGUNA CARAPA; 13.071.699,38 ; -   ; -   ; -   ; -   ; 13.071.699,38 ;;;;
MS;5005400;MARACAJU; 58.083.717,77 ; -   ; -   ; 4.561.086,51 ; 4.561.086,51 ; 62.644.804,28 ;;;;
MS;5005608;MIRANDA; 46.667.734,25 ; -   ; 4.235.919,40 ; -   ; 4.235.919,40 ; 50.903.653,65 ;;;;
MS;5005681;MUNDO NOVO; 20.937.250,25 ; -   ; 888.807,72 ; 1.738.832,57 ; 2.627.640,29 ; 23.564.890,54 ;;;;
MS;5005707;NAVIRAI; 69.765.107,98 ; -   ; -   ; -   ; -   ; 69.765.107,98 ;;;;
MS;5005806;NIOAQUE; 17.993.976,85 ; -   ; -   ; 1.263.979,02 ; 1.263.979,02 ; 19.257.955,87 ;;;;
MS;5006002;NOVA ALVORADA DO SUL; 34.285.740,22 ; -   ; -   ; -   ; -   ; 34.285.740,22 ;;;;
MS;5006200;NOVA ANDRADINA; 64.420.374,16 ; -   ; -   ; -   ; -   ; 64.420.374,16 ;;;;
MS;5006259;NOVO HORIZONTE DO SUL; 7.289.402,20 ; -   ; -   ; 584.647,87 ; 584.647,87 ; 7.874.050,07 ;;;;
MS;5006275;PARAISO DAS AGUAS; 14.557.128,98 ; -   ; -   ; 929.043,43 ; 929.043,43 ; 15.486.172,41 ;;;;
MS;5006309;PARANAIBA; 49.329.336,95 ; -   ; -   ; 3.583.823,66 ; 3.583.823,66 ; 52.913.160,61 ;;;;
MS;5006358;PARANHOS; 37.387.693,36 ; -   ; 4.003.212,28 ; -   ; 4.003.212,28 ; 41.390.905,64 ;;;;
MS;5006408;PEDRO GOMES; 7.122.664,50 ; -   ; -   ; 296.055,24 ; 296.055,24 ; 7.418.719,74 ;;;;
MS;5006606;PONTA PORA; 110.489.215,90 ; -   ; -   ; -   ; -   ; 110.489.215,90 ;;;;
MS;5006903;PORTO MURTINHO; 25.788.387,10 ; -   ; 1.968.821,52 ; -   ; 1.968.821,52 ; 27.757.208,62 ;;;;
MS;5007109;RIBAS DO RIO PARDO; 43.074.498,05 ; -   ; -   ; -   ; -   ; 43.074.498,05 ;;;;
MS;5007208;RIO BRILHANTE; 56.784.087,85 ; -   ; -   ; -   ; -   ; 56.784.087,85 ;;;;
MS;5007307;RIO NEGRO; 5.861.785,03 ; -   ; -   ; 456.618,90 ; 456.618,90 ; 6.318.403,93 ;;;;
MS;5007406;RIO VERDE DE MATO GROSSO; 22.951.907,47 ; -   ; -   ; -   ; -   ; 22.951.907,47 ;;;;
MS;5007505;ROCHEDO; 6.722.973,61 ; -   ; -   ; 544.276,77 ; 544.276,77 ; 7.267.250,38 ;;;;
MS;5007554;SANTA RITA DO PARDO; 11.135.331,80 ; -   ; -   ; -   ; -   ; 11.135.331,80 ;;;;
MS;5007695;SAO GABRIEL DO OESTE; 40.539.298,72 ; -   ; -   ; -   ; -   ; 40.539.298,72 ;;;;
MS;5007802;SELVIRIA; 9.757.227,74 ; -   ; -   ; 772.322,39 ; 772.322,39 ; 10.529.550,13 ;;;;
MS;5007703;SETE QUEDAS; 10.748.472,16 ; -   ; -   ; 832.912,61 ; 832.912,61 ; 11.581.384,77 ;;;;
MS;5007901;SIDROLANDIA; 79.899.946,25 ; -   ; -   ; -   ; -   ; 79.899.946,25 ;;;;
MS;5007935;SONORA; 26.171.219,05 ; -   ; -   ; 1.949.169,29 ; 1.949.169,29 ; 28.120.388,34 ;;;;
MS;5007950;TACURU; 19.290.696,53 ; -   ; -   ; -   ; -   ; 19.290.696,53 ;;;;
MS;5007976;TAQUARUSSU; 4.244.771,79 ; -   ; -   ; 351.926,24 ; 351.926,24 ; 4.596.698,03 ;;;;
MS;5008008;TERENOS; 23.773.288,01 ; -   ; -   ; -   ; -   ; 23.773.288,01 ;;;;
MS;5008305;TRES LAGOAS; 145.829.662,95 ; -   ; -   ; -   ; -   ; 145.829.662,95 ;;;;
MS;5008404;VICENTINA; 6.168.010,80 ; -   ; -   ; -   ; -   ; 6.168.010,80 ;;;;
MS;50;GOVERNO DO ESTADO; 2.162.837.393,70 ; -   ; -   ; -   ; -   ; 2.162.837.393,70 ;;;;
MT;5100102;ACORIZAL; 4.589.994,18 ; -   ; -   ; 177.889,71 ; 177.889,71 ; 4.767.883,89 ;;;;
MT;5100201;AGUA BOA; 40.942.927,93 ; -   ; -   ; 2.863.159,69 ; 2.863.159,69 ; 43.806.087,62 ;;;;
MT;5100250;ALTA FLORESTA; 61.961.953,49 ; -   ; 928.858,55 ; 4.759.267,76 ; 5.688.126,31 ; 67.650.079,80 ;;;;
MT;5100300;ALTO ARAGUAIA; 14.275.402,48 ; -   ; -   ; -   ; -   ; 14.275.402,48 ;;;;
MT;5100359;ALTO BOA VISTA; 10.390.358,84 ; -   ; -   ; 373.467,76 ; 373.467,76 ; 10.763.826,60 ;;;;
MT;5100409;ALTO GARCAS; 15.719.854,53 ; -   ; -   ; 1.142.725,95 ; 1.142.725,95 ; 16.862.580,48 ;;;;
MT;5100508;ALTO PARAGUAI; 8.713.967,50 ; -   ; 610.421,29 ; 605.868,12 ; 1.216.289,41 ; 9.930.256,91 ;;;;
MT;5100607;ALTO TAQUARI; 14.281.544,97 ; -   ; -   ; -   ; -   ; 14.281.544,97 ;;;;
MT;5100805;APIACAS; 11.658.252,11 ; -   ; -   ; 448.715,30 ; 448.715,30 ; 12.106.967,41 ;;;;
MT;5101001;ARAGUAIANA; 4.088.947,11 ; -   ; -   ; 310.248,28 ; 310.248,28 ; 4.399.195,39 ;;;;
MT;5101209;ARAGUAINHA; 822.843,00 ; -   ; -   ; -   ; -   ; 822.843,00 ;;;;
MT;5101258;ARAPUTANGA; 16.363.692,93 ; -   ; -   ; 1.219.430,43 ; 1.219.430,43 ; 17.583.123,36 ;;;;
MT;5101308;ARENAPOLIS; 11.463.762,82 ; -   ; -   ; 441.041,44 ; 441.041,44 ; 11.904.804,26 ;;;;
MT;5101407;ARIPUANA; 40.281.007,01 ; -   ; -   ; 2.797.008,03 ; 2.797.008,03 ; 43.078.015,04 ;;;;
MT;5101605;BARAO DE MELGACO; 6.791.549,91 ; -   ; 458.963,39 ; 247.668,89 ; 706.632,28 ; 7.498.182,19 ;;;;
MT;5101704;BARRA DO BUGRES; 35.924.031,34 ; -   ; -   ; 2.644.198,28 ; 2.644.198,28 ; 38.568.229,62 ;;;;
MT;5101803;BARRA DO GARCAS; 79.194.678,08 ; -   ; -   ; 5.660.813,30 ; 5.660.813,30 ; 84.855.491,38 ;;;;
MT;5101837;BOA ESPERANCA DO NORTE; 11.171.514,24 ; -   ; -   ; 878.342,43 ; 878.342,43 ; 12.049.856,67 ;;;;
MT;5101852;BOM JESUS DO ARAGUAIA; 10.665.127,36 ; -   ; -   ; -   ; -   ; 10.665.127,36 ;;;;
MT;5101902;BRASNORTE; 21.982.576,79 ; -   ; -   ; 793.157,43 ; 793.157,43 ; 22.775.734,22 ;;;;
MT;5102504;CACERES; 93.312.262,13 ; -   ; -   ; -   ; -   ; 93.312.262,13 ;;;;
MT;5102603;CAMPINAPOLIS; 45.499.270,64 ; -   ; 5.769.527,01 ; -   ; 5.769.527,01 ; 51.268.797,65 ;;;;
MT;5102637;CAMPO NOVO DO PARECIS; 77.386.903,96 ; -   ; -   ; 6.059.033,30 ; 6.059.033,30 ; 83.445.937,26 ;;;;
MT;5102678;CAMPO VERDE; 58.565.594,16 ; -   ; -   ; -   ; -   ; 58.565.594,16 ;;;;
MT;5102686;CAMPOS DE JULIO; 17.062.060,55 ; -   ; -   ; 1.285.043,60 ; 1.285.043,60 ; 18.347.104,15 ;;;;
MT;5102694;CANABRAVA DO NORTE; 6.929.321,95 ; -   ; -   ; 471.872,59 ; 471.872,59 ; 7.401.194,54 ;;;;
MT;5102702;CANARANA; 36.168.296,78 ; -   ; -   ; -   ; -   ; 36.168.296,78 ;;;;
MT;5102793;CARLINDA; 14.087.915,52 ; -   ; -   ; 892.128,32 ; 892.128,32 ; 14.980.043,84 ;;;;
MT;5102850;CASTANHEIRA; 7.204.544,50 ; -   ; -   ; 471.664,13 ; 471.664,13 ; 7.676.208,63 ;;;;
MT;5103007;CHAPADA DOS GUIMARAES; 22.826.622,41 ; -   ; -   ; 1.581.065,40 ; 1.581.065,40 ; 24.407.687,81 ;;;;
MT;5103056;CLAUDIA; 15.236.250,79 ; -   ; -   ; 1.083.547,09 ; 1.083.547,09 ; 16.319.797,88 ;;;;
MT;5103106;COCALINHO; 7.554.167,67 ; -   ; -   ; 545.119,25 ; 545.119,25 ; 8.099.286,92 ;;;;
MT;5103205;COLIDER; 34.190.258,82 ; -   ; -   ; 2.706.920,15 ; 2.706.920,15 ; 36.897.178,97 ;;;;
MT;5103254;COLNIZA; 36.015.371,96 ; -   ; -   ; 2.594.300,35 ; 2.594.300,35 ; 38.609.672,31 ;;;;
MT;5103304;COMODORO; 25.653.385,34 ; -   ; -   ; -   ; -   ; 25.653.385,34 ;;;;
MT;5103353;CONFRESA; 46.618.970,08 ; -   ; 5.734.650,36 ; 3.330.878,21 ; 9.065.528,57 ; 55.684.498,65 ;;;;
MT;5103361;CONQUISTA DOESTE; 5.874.383,15 ; -   ; -   ; 204.410,20 ; 204.410,20 ; 6.078.793,35 ;;;;
MT;5103379;COTRIGUACU; 11.807.924,98 ; -   ; -   ; 869.746,07 ; 869.746,07 ; 12.677.671,05 ;;;;
MT;5103403;CUIABA; 606.356.529,59 ; -   ; -   ; -   ; -   ; 606.356.529,59 ;;;;
MT;5103437;CURVELANDIA; 5.523.977,57 ; -   ; -   ; 413.667,64 ; 413.667,64 ; 5.937.645,21 ;;;;
MT;5103452;DENISE; 8.234.208,94 ; -   ; -   ; 321.930,63 ; 321.930,63 ; 8.556.139,57 ;;;;
MT;5103502;DIAMANTINO; 29.014.126,57 ; -   ; -   ; -   ; -   ; 29.014.126,57 ;;;;
MT;5103601;DOM AQUINO; 7.527.885,83 ; -   ; -   ; 548.057,62 ; 548.057,62 ; 8.075.943,45 ;;;;
MT;5103700;FELIZ NATAL; 16.523.112,01 ; -   ; -   ; 610.492,15 ; 610.492,15 ; 17.133.604,16 ;;;;
MT;5103809;FIGUEIROPOLIS DOESTE; 3.451.020,75 ; -   ; -   ; 132.678,90 ; 132.678,90 ; 3.583.699,65 ;;;;
MT;5103858;GAUCHA DO NORTE; 13.696.434,19 ; -   ; -   ; 885.517,27 ; 885.517,27 ; 14.581.951,46 ;;;;
MT;5103908;GENERAL CARNEIRO; 4.955.520,07 ; -   ; -   ; 323.610,88 ; 323.610,88 ; 5.279.130,95 ;;;;
MT;5103957;GLORIA DOESTE; 3.827.731,20 ; -   ; -   ; -   ; -   ; 3.827.731,20 ;;;;
MT;5104104;GUARANTA DO NORTE; 47.099.698,95 ; -   ; -   ; -   ; -   ; 47.099.698,95 ;;;;
MT;5104203;GUIRATINGA; 10.303.807,67 ; -   ; -   ; 736.161,10 ; 736.161,10 ; 11.039.968,77 ;;;;
MT;5104500;INDIAVAI; 3.465.637,85 ; -   ; -   ; 133.527,68 ; 133.527,68 ; 3.599.165,53 ;;;;
MT;5104526;IPIRANGA DO NORTE; 13.139.706,55 ; -   ; -   ; -   ; -   ; 13.139.706,55 ;;;;
MT;5104542;ITANHANGA; 10.955.085,94 ; -   ; -   ; 414.031,65 ; 414.031,65 ; 11.369.117,59 ;;;;
MT;5104559;ITAUBA; 8.665.614,17 ; -   ; -   ; 669.733,62 ; 669.733,62 ; 9.335.347,79 ;;;;
MT;5104609;ITIQUIRA; 22.708.981,83 ; -   ; -   ; -   ; -   ; 22.708.981,83 ;;;;
MT;5104807;JACIARA; 32.975.815,57 ; -   ; -   ; 2.438.693,39 ; 2.438.693,39 ; 35.414.508,96 ;;;;
MT;5104906;JANGADA; 5.828.616,74 ; -   ; -   ; 384.026,88 ; 384.026,88 ; 6.212.643,62 ;;;;
MT;5105002;JAURU; 10.054.934,98 ; -   ; -   ; 750.920,62 ; 750.920,62 ; 10.805.855,60 ;;;;
MT;5105101;JUARA; 39.306.522,59 ; -   ; 7.188.440,01 ; -   ; 7.188.440,01 ; 46.494.962,60 ;;;;
MT;5105150;JUINA; 52.932.301,72 ; -   ; 870.026,03 ; 1.927.590,02 ; 2.797.616,05 ; 55.729.917,77 ;;;;
MT;5105176;JURUENA; 14.301.461,42 ; -   ; -   ; 540.312,73 ; 540.312,73 ; 14.841.774,15 ;;;;
MT;5105200;JUSCIMEIRA; 13.620.467,84 ; -   ; -   ; -   ; -   ; 13.620.467,84 ;;;;
MT;5105234;LAMBARI DOESTE; 7.029.522,05 ; -   ; -   ; 486.761,42 ; 486.761,42 ; 7.516.283,47 ;;;;
MT;5105259;LUCAS DO RIO VERDE; 136.272.025,72 ; -   ; -   ; -   ; -   ; 136.272.025,72 ;;;;
MT;5105309;LUCIARA; 3.122.216,74 ; -   ; -   ; -   ; -   ; 3.122.216,74 ;;;;
MT;5105580;MARCELANDIA; 15.810.186,35 ; -   ; -   ; 1.201.617,35 ; 1.201.617,35 ; 17.011.803,70 ;;;;
MT;5105606;MATUPA; 30.898.700,26 ; -   ; -   ; 2.218.451,98 ; 2.218.451,98 ; 33.117.152,24 ;;;;
MT;5105622;MIRASSOL DOESTE; 28.143.239,37 ; -   ; -   ; 2.083.295,22 ; 2.083.295,22 ; 30.226.534,59 ;;;;
MT;5105903;NOBRES; 21.909.350,28 ; -   ; 2.758.570,39 ; -   ; 2.758.570,39 ; 24.667.920,67 ;;;;
MT;5106000;NORTELANDIA; 5.933.099,63 ; -   ; -   ; 256.805,58 ; 256.805,58 ; 6.189.905,21 ;;;;
MT;5106109;NOSSA SENHORA DO LIVRAMENTO; 18.516.068,83 ; -   ; -   ; 1.202.604,52 ; 1.202.604,52 ; 19.718.673,35 ;;;;
MT;5106158;NOVA BANDEIRANTES; 18.263.122,47 ; -   ; -   ; 1.354.699,79 ; 1.354.699,79 ; 19.617.822,26 ;;;;
MT;5106208;NOVA BRASILANDIA; 5.744.761,84 ; -   ; -   ; 423.132,07 ; 423.132,07 ; 6.167.893,91 ;;;;
MT;5106216;NOVA CANAA DO NORTE; 14.586.996,57 ; -   ; -   ; 1.073.397,33 ; 1.073.397,33 ; 15.660.393,90 ;;;;
MT;5108808;NOVA GUARITA; 6.712.454,86 ; -   ; -   ; 517.444,08 ; 517.444,08 ; 7.229.898,94 ;;;;
MT;5106182;NOVA LACERDA; 12.601.470,46 ; -   ; -   ; 901.555,08 ; 901.555,08 ; 13.503.025,54 ;;;;
MT;5108857;NOVA MARILANDIA; 5.552.884,01 ; -   ; -   ; 434.927,05 ; 434.927,05 ; 5.987.811,06 ;;;;
MT;5108907;NOVA MARINGA; 10.766.451,28 ; -   ; -   ; -   ; -   ; 10.766.451,28 ;;;;
MT;5108956;NOVA MONTE VERDE; 14.783.788,66 ; -   ; -   ; 1.111.030,57 ; 1.111.030,57 ; 15.894.819,23 ;;;;
MT;5106224;NOVA MUTUM; 95.269.244,11 ; -   ; -   ; 6.963.267,13 ; 6.963.267,13 ; 102.232.511,24 ;;;;
MT;5106174;NOVA NAZARE; 8.777.491,59 ; -   ; -   ; -   ; -   ; 8.777.491,59 ;;;;
MT;5106232;NOVA OLIMPIA; 20.464.800,68 ; -   ; -   ; 1.513.879,29 ; 1.513.879,29 ; 21.978.679,97 ;;;;
MT;5106190;NOVA SANTA HELENA; 5.445.807,50 ; -   ; -   ; 423.649,71 ; 423.649,71 ; 5.869.457,21 ;;;;
MT;5106240;NOVA UBIRATA; 17.458.116,69 ; -   ; -   ; 1.286.199,44 ; 1.286.199,44 ; 18.744.316,13 ;;;;
MT;5106257;NOVA XAVANTINA; 22.981.714,88 ; -   ; -   ; -   ; -   ; 22.981.714,88 ;;;;
MT;5106273;NOVO HORIZONTE DO NORTE; 4.518.704,10 ; -   ; -   ; 373.023,93 ; 373.023,93 ; 4.891.728,03 ;;;;
MT;5106265;NOVO MUNDO; 12.925.069,89 ; -   ; -   ; 452.192,48 ; 452.192,48 ; 13.377.262,37 ;;;;
MT;5106315;NOVO SANTO ANTONIO; 3.977.702,93 ; -   ; -   ; 276.533,92 ; 276.533,92 ; 4.254.236,85 ;;;;
MT;5106281;NOVO SAO JOAQUIM; 9.966.559,07 ; -   ; -   ; 676.627,93 ; 676.627,93 ; 10.643.187,00 ;;;;
MT;5106299;PARANAITA; 15.973.970,67 ; -   ; -   ; 1.162.769,61 ; 1.162.769,61 ; 17.136.740,28 ;;;;
MT;5106307;PARANATINGA; 32.334.668,43 ; -   ; -   ; 1.134.475,27 ; 1.134.475,27 ; 33.469.143,70 ;;;;
MT;5106372;PEDRA PRETA; 21.929.589,08 ; -   ; -   ; 1.636.200,93 ; 1.636.200,93 ; 23.565.790,01 ;;;;
MT;5106422;PEIXOTO DE AZEVEDO; 48.322.482,34 ; -   ; 2.206.114,28 ; 3.247.036,21 ; 5.453.150,49 ; 53.775.632,83 ;;;;
MT;5106455;PLANALTO DA SERRA; 6.308.503,65 ; -   ; -   ; -   ; -   ; 6.308.503,65 ;;;;
MT;5106505;POCONE; 36.116.307,86 ; -   ; -   ; -   ; -   ; 36.116.307,86 ;;;;
MT;5106653;PONTAL DO ARAGUAIA; 6.372.077,66 ; -   ; -   ; 455.744,15 ; 455.744,15 ; 6.827.821,81 ;;;;
MT;5106703;PONTE BRANCA; 1.851.225,17 ; -   ; -   ; -   ; -   ; 1.851.225,17 ;;;;
MT;5106752;PONTES E LACERDA; 57.758.285,68 ; -   ; -   ; 4.627.171,71 ; 4.627.171,71 ; 62.385.457,39 ;;;;
MT;5106778;PORTO ALEGRE DO NORTE; 13.794.912,48 ; -   ; -   ; 965.185,68 ; 965.185,68 ; 14.760.098,16 ;;;;
MT;5106802;PORTO DOS GAUCHOS; 7.565.435,75 ; -   ; -   ; 277.294,11 ; 277.294,11 ; 7.842.729,86 ;;;;
MT;5106828;PORTO ESPERIDIAO; 14.385.922,77 ; -   ; -   ; -   ; -   ; 14.385.922,77 ;;;;
MT;5106851;PORTO ESTRELA; 3.818.711,98 ; -   ; -   ; -   ; -   ; 3.818.711,98 ;;;;
MT;5107008;POXOREU; 22.206.492,67 ; -   ; -   ; -   ; -   ; 22.206.492,67 ;;;;
MT;5107040;PRIMAVERA DO LESTE; 102.620.685,37 ; -   ; -   ; 7.713.492,28 ; 7.713.492,28 ; 110.334.177,65 ;;;;
MT;5107065;QUERENCIA; 36.003.861,69 ; -   ; -   ; 2.810.752,51 ; 2.810.752,51 ; 38.814.614,20 ;;;;
MT;5107156;RESERVA DO CABACAL; 2.887.191,67 ; -   ; -   ; 107.378,10 ; 107.378,10 ; 2.994.569,77 ;;;;
MT;5107180;RIBEIRAO CASCALHEIRA; 15.453.295,31 ; -   ; -   ; 1.016.547,12 ; 1.016.547,12 ; 16.469.842,43 ;;;;
MT;5107198;RIBEIRAOZINHO; 3.611.429,76 ; -   ; -   ; -   ; -   ; 3.611.429,76 ;;;;
MT;5107206;RIO BRANCO; 7.440.011,26 ; -   ; -   ; 520.474,55 ; 520.474,55 ; 7.960.485,81 ;;;;
MT;5107578;RONDOLANDIA; 4.707.591,44 ; -   ; -   ; 166.896,90 ; 166.896,90 ; 4.874.488,34 ;;;;
MT;5107602;RONDONOPOLIS; 289.021.733,86 ; -   ; -   ; 10.399.521,38 ; 10.399.521,38 ; 299.421.255,24 ;;;;
MT;5107701;ROSARIO OESTE; 16.866.543,03 ; -   ; -   ; 1.073.454,59 ; 1.073.454,59 ; 17.939.997,62 ;;;;
MT;5107750;SALTO DO CEU; 4.871.165,66 ; -   ; -   ; 330.576,26 ; 330.576,26 ; 5.201.741,92 ;;;;
MT;5107248;SANTA CARMEM; 12.177.172,97 ; -   ; -   ; -   ; -   ; 12.177.172,97 ;;;;
MT;5107743;SANTA CRUZ DO XINGU; 4.580.073,79 ; -   ; -   ; 311.483,72 ; 311.483,72 ; 4.891.557,51 ;;;;
MT;5107768;SANTA RITA DO TRIVELATO; 8.703.646,38 ; -   ; -   ; 641.189,57 ; 641.189,57 ; 9.344.835,95 ;;;;
MT;5107776;SANTA TEREZINHA; 8.185.531,45 ; -   ; -   ; 284.551,99 ; 284.551,99 ; 8.470.083,44 ;;;;
MT;5107263;SANTO AFONSO; 3.449.098,49 ; -   ; -   ; 270.420,46 ; 270.420,46 ; 3.719.518,95 ;;;;
MT;5107792;SANTO ANTONIO DO LESTE; 6.778.767,43 ; -   ; -   ; -   ; -   ; 6.778.767,43 ;;;;
MT;5107800;SANTO ANTONIO DO LEVERGER; 15.005.538,90 ; -   ; 483.098,93 ; 443.243,42 ; 926.342,35 ; 15.931.881,25 ;;;;
MT;5107859;SAO FELIX DO ARAGUAIA; 13.624.991,99 ; -   ; -   ; 882.709,69 ; 882.709,69 ; 14.507.701,68 ;;;;
MT;5107297;SAO JOSE DO POVO; 2.233.675,38 ; -   ; -   ; 175.693,70 ; 175.693,70 ; 2.409.369,08 ;;;;
MT;5107305;SAO JOSE DO RIO CLARO; 20.944.876,44 ; -   ; -   ; -   ; -   ; 20.944.876,44 ;;;;
MT;5107354;SAO JOSE DO XINGU; 10.753.726,04 ; -   ; -   ; 373.411,88 ; 373.411,88 ; 11.127.137,92 ;;;;
MT;5107107;SAO JOSE DOS QUATRO MARCOS; 18.567.103,69 ; -   ; -   ; 1.373.369,38 ; 1.373.369,38 ; 19.940.473,07 ;;;;
MT;5107404;SAO PEDRO DA CIPA; 5.399.838,38 ; -   ; -   ; 431.215,42 ; 431.215,42 ; 5.831.053,80 ;;;;
MT;5107875;SAPEZAL; 48.885.340,71 ; -   ; -   ; 3.778.571,53 ; 3.778.571,53 ; 52.663.912,24 ;;;;
MT;5107883;SERRA NOVA DOURADA; 2.809.450,49 ; -   ; -   ; 91.729,81 ; 91.729,81 ; 2.901.180,30 ;;;;
MT;5107909;SINOP; 220.739.456,92 ; -   ; -   ; -   ; -   ; 220.739.456,92 ;;;;
MT;5107925;SORRISO; 169.024.557,79 ; -   ; -   ; -   ; -   ; 169.024.557,79 ;;;;
MT;5107941;TABAPORA; 17.563.991,78 ; -   ; -   ; 629.941,28 ; 629.941,28 ; 18.193.933,06 ;;;;
MT;5107958;TANGARA DA SERRA; 128.417.090,40 ; -   ; -   ; -   ; -   ; 128.417.090,40 ;;;;
MT;5108006;TAPURAH; 18.437.354,33 ; -   ; -   ; -   ; -   ; 18.437.354,33 ;;;;
MT;5108055;TERRA NOVA DO NORTE; 14.006.376,55 ; -   ; -   ; 1.033.501,22 ; 1.033.501,22 ; 15.039.877,77 ;;;;
MT;5108105;TESOURO; 2.822.477,17 ; -   ; -   ; 108.977,90 ; 108.977,90 ; 2.931.455,07 ;;;;
MT;5108204;TORIXOREU; 3.978.225,49 ; -   ; -   ; 273.077,83 ; 273.077,83 ; 4.251.303,32 ;;;;
MT;5108303;UNIAO DO SUL; 7.103.474,01 ; -   ; -   ; 564.006,06 ; 564.006,06 ; 7.667.480,07 ;;;;
MT;5108352;VALE DE SAO DOMINGOS; 4.521.536,37 ; -   ; -   ; 277.313,73 ; 277.313,73 ; 4.798.850,10 ;;;;
MT;5108402;VARZEA GRANDE; 325.955.342,60 ; -   ; -   ; -   ; -   ; 325.955.342,60 ;;;;
MT;5108501;VERA; 16.315.712,95 ; -   ; -   ; 1.151.414,61 ; 1.151.414,61 ; 17.467.127,56 ;;;;
MT;5105507;VILA BELA DA SANTISSIMA TRINDADE; 27.443.617,00 ; -   ; -   ; 1.631.560,15 ; 1.631.560,15 ; 29.075.177,15 ;;;;
MT;5108600;VILA RICA; 26.379.202,04 ; -   ; -   ; 1.917.379,36 ; 1.917.379,36 ; 28.296.581,40 ;;;;
MT;51;GOVERNO DO ESTADO; 3.336.491.538,15 ; -   ; -   ; -   ; -   ; 3.336.491.538,15 ;;;;
PA;1500107;ABAETETUBA; 133.991.381,22 ; 68.379.751,78 ; 116.826.061,08 ; -   ; 185.205.812,86 ; 319.197.194,08 ;;;;
PA;1500131;ABEL FIGUEIREDO; 6.911.244,11 ; 3.527.011,61 ; 2.573.084,06 ; 484.872,33 ; 6.584.968,00 ; 13.496.212,11 ;;;;
PA;1500206;ACARA; 90.345.492,43 ; 46.105.968,08 ; 48.309.155,74 ; 10.007.939,83 ; 104.423.063,65 ; 194.768.556,08 ;;;;
PA;1500305;AFUA; 64.986.402,70 ; 33.164.477,04 ; 44.247.648,26 ; -   ; 77.412.125,30 ; 142.398.528,00 ;;;;
PA;1500347;AGUA AZUL DO NORTE; 15.248.314,52 ; 7.781.664,41 ; 3.136.079,05 ; 1.968.913,16 ; 12.886.656,62 ; 28.134.971,14 ;;;;
PA;1500404;ALENQUER; 62.122.662,25 ; 31.703.025,86 ; 42.320.018,56 ; 7.590.904,75 ; 81.613.949,17 ; 143.736.611,42 ;;;;
PA;1500503;ALMEIRIM; 52.319.916,99 ; 26.700.395,98 ; 38.862.908,94 ; 6.111.943,39 ; 71.675.248,31 ; 123.995.165,30 ;;;;
PA;1500602;ALTAMIRA; 126.889.328,50 ; 64.755.364,91 ; 73.590.814,79 ; -   ; 138.346.179,70 ; 265.235.508,20 ;;;;
PA;1500701;ANAJAS; 52.679.518,99 ; 26.883.911,48 ; 37.809.887,49 ; 6.214.974,14 ; 70.908.773,11 ; 123.588.292,10 ;;;;
PA;1500800;ANANINDEUA; 197.477.262,05 ; 100.778.468,26 ; 89.613.411,80 ; 29.301.432,07 ; 219.693.312,13 ; 417.170.574,18 ;;;;
PA;1500859;ANAPU; 43.849.981,64 ; 22.377.938,29 ; 34.365.971,36 ; 5.118.973,78 ; 61.862.883,43 ; 105.712.865,07 ;;;;
PA;1500909;AUGUSTO CORREA; 58.934.032,84 ; 30.075.774,28 ; 37.161.339,21 ; 6.868.306,87 ; 74.105.420,36 ; 133.039.453,20 ;;;;
PA;1500958;AURORA DO PARA; 29.299.059,32 ; 14.952.173,68 ; 20.518.534,72 ; -   ; 35.470.708,40 ; 64.769.767,72 ;;;;
PA;1501006;AVEIRO; 21.598.993,72 ; 11.022.603,22 ; 18.303.175,29 ; 2.302.378,66 ; 31.628.157,17 ; 53.227.150,89 ;;;;
PA;1501105;BAGRE; 34.854.210,01 ; 17.787.130,84 ; 27.699.165,70 ; -   ; 45.486.296,54 ; 80.340.506,55 ;;;;
PA;1501204;BAIAO; 39.518.755,48 ; 20.167.585,89 ; 22.707.058,91 ; 4.450.985,28 ; 47.325.630,08 ; 86.844.385,56 ;;;;
PA;1501253;BANNACH; 4.372.821,74 ; 2.231.579,84 ; 1.716.096,36 ; -   ; 3.947.676,20 ; 8.320.497,94 ;;;;
PA;1501303;BARCARENA; 123.164.501,36 ; 62.854.475,81 ; -   ; 16.411.828,91 ; 79.266.304,72 ; 202.430.806,08 ;;;;
PA;1501402;BELEM; 322.823.773,90 ; 164.746.488,36 ; -   ; -   ; 164.746.488,36 ; 487.570.262,26 ;;;;
PA;1501451;BELTERRA; 21.292.696,27 ; 10.866.290,59 ; 12.518.603,32 ; 1.484.137,31 ; 24.869.031,22 ; 46.161.727,49 ;;;;
PA;1501501;BENEVIDES; 56.660.878,22 ; 28.915.716,47 ; 51.424.362,38 ; -   ; 80.340.078,85 ; 137.000.957,07 ;;;;
PA;1501576;BOM JESUS DO TOCANTINS; 15.558.054,14 ; 7.939.733,67 ; 6.634.564,84 ; 1.942.383,35 ; 16.516.681,86 ; 32.074.736,00 ;;;;
PA;1501600;BONITO; 10.147.845,08 ; 5.178.744,49 ; 9.089.551,34 ; 1.230.207,50 ; 15.498.503,33 ; 25.646.348,41 ;;;;
PA;1501709;BRAGANCA; 92.327.812,55 ; 47.117.604,48 ; 57.568.592,46 ; 11.382.804,42 ; 116.069.001,36 ; 208.396.813,91 ;;;;
PA;1501725;BRASIL NOVO; 31.628.887,03 ; 16.141.153,44 ; 30.843.289,55 ; -   ; 46.984.442,99 ; 78.613.330,02 ;;;;
PA;1501758;BREJO GRANDE DO ARAGUAIA; 9.459.577,26 ; 4.827.501,13 ; 4.024.585,11 ; 548.745,03 ; 9.400.831,27 ; 18.860.408,53 ;;;;
PA;1501782;BREU BRANCO; 47.630.875,37 ; 24.307.439,81 ; 25.705.002,85 ; -   ; 50.012.442,66 ; 97.643.318,03 ;;;;
PA;1501808;BREVES; 167.779.552,64 ; 85.622.851,69 ; 91.285.714,84 ; -   ; 176.908.566,53 ; 344.688.119,17 ;;;;
PA;1501907;BUJARU; 38.688.312,58 ; 19.743.786,40 ; 29.975.568,54 ; 4.084.683,94 ; 53.804.038,88 ; 92.492.351,46 ;;;;
PA;1502004;CACHOEIRA DO ARARI; 21.492.442,94 ; 10.968.227,21 ; 16.194.966,54 ; 2.442.217,66 ; 29.605.411,41 ; 51.097.854,35 ;;;;
PA;1501956;CACHOEIRA DO PIRIA; 27.277.962,77 ; 13.920.748,53 ; 19.986.906,15 ; 2.966.594,36 ; 36.874.249,04 ; 64.152.211,81 ;;;;
PA;1502103;CAMETA; 152.352.562,90 ; 77.750.004,06 ; 91.782.497,18 ; -   ; 169.532.501,24 ; 321.885.064,14 ;;;;
PA;1502152;CANAA DOS CARAJAS; 92.194.777,82 ; 47.049.712,93 ; -   ; 12.710.582,71 ; 59.760.295,64 ; 151.955.073,46 ;;;;
PA;1502202;CAPANEMA; 38.905.106,95 ; 19.854.422,96 ; 23.116.693,97 ; 2.648.606,12 ; 45.619.723,05 ; 84.524.830,00 ;;;;
PA;1502301;CAPITAO POCO; 51.562.896,58 ; 26.314.066,15 ; 47.937.267,46 ; 5.635.285,84 ; 79.886.619,45 ; 131.449.516,03 ;;;;
PA;1502400;CASTANHAL; 129.970.695,07 ; 66.327.877,10 ; 54.016.297,85 ; -   ; 120.344.174,95 ; 250.314.870,02 ;;;;
PA;1502509;CHAVES; 43.016.475,94 ; 21.952.575,76 ; 38.746.711,28 ; 4.453.793,96 ; 65.153.081,00 ; 108.169.556,94 ;;;;
PA;1502608;COLARES; 11.485.083,52 ; 5.861.176,69 ; 10.020.024,63 ; 1.181.708,92 ; 17.062.910,24 ; 28.547.993,76 ;;;;
PA;1502707;CONCEICAO DO ARAGUAIA; 31.692.576,39 ; 16.173.656,00 ; 10.337.375,68 ; -   ; 26.511.031,68 ; 58.203.608,07 ;;;;
PA;1502756;CONCORDIA DO PARA; 55.094.768,42 ; 28.116.484,47 ; 38.931.428,38 ; 6.118.363,26 ; 73.166.276,11 ; 128.261.044,53 ;;;;
PA;1502764;CUMARU DO NORTE; 20.924.489,44 ; 10.678.383,80 ; 16.861.215,46 ; 2.516.905,78 ; 30.056.505,04 ; 50.980.994,48 ;;;;
PA;1502772;CURIONOPOLIS; 28.865.574,60 ; 14.730.953,65 ; 12.115.315,54 ; -   ; 26.846.269,19 ; 55.711.843,79 ;;;;
PA;1502806;CURRALINHO; 52.670.721,21 ; 26.879.421,72 ; 30.694.203,56 ; 6.049.106,89 ; 63.622.732,17 ; 116.293.453,38 ;;;;
PA;1502855;CURUA; 18.103.391,51 ; 9.238.694,36 ; 13.348.998,86 ; 2.215.003,67 ; 24.802.696,89 ; 42.906.088,40 ;;;;
PA;1502905;CURUCA; 38.313.427,39 ; 19.552.471,44 ; 26.113.244,50 ; 4.622.576,67 ; 50.288.292,61 ; 88.601.720,00 ;;;;
PA;1502939;DOM ELISEU; 50.687.381,00 ; 25.867.264,74 ; 35.831.232,21 ; -   ; 61.698.496,95 ; 112.385.877,95 ;;;;
PA;1502954;ELDORADO DO CARAJAS; 32.798.463,68 ; 16.738.022,89 ; 15.073.596,04 ; 3.813.824,80 ; 35.625.443,73 ; 68.423.907,41 ;;;;
PA;1503002;FARO; 11.927.322,68 ; 6.086.864,37 ; 5.624.452,50 ; 1.444.429,24 ; 13.155.746,11 ; 25.083.068,79 ;;;;
PA;1503044;FLORESTA DO ARAGUAIA; 22.384.238,28 ; 11.423.336,66 ; 17.017.354,88 ; 2.866.666,32 ; 31.307.357,86 ; 53.691.596,14 ;;;;
PA;1503077;GARRAFAO DO NORTE; 30.775.825,63 ; 15.705.811,07 ; 17.255.271,25 ; 3.716.632,15 ; 36.677.714,47 ; 67.453.540,10 ;;;;
PA;1503093;GOIANESIA DO PARA; 29.482.314,97 ; 15.045.694,44 ; 11.491.040,39 ; -   ; 26.536.734,83 ; 56.019.049,80 ;;;;
PA;1503101;GURUPA; 83.876.514,69 ; 42.804.658,05 ; 68.796.055,76 ; -   ; 111.600.713,81 ; 195.477.228,50 ;;;;
PA;1503200;IGARAPE-ACU; 23.605.691,12 ; 12.046.680,05 ; 15.076.937,40 ; -   ; 27.123.617,45 ; 50.729.308,57 ;;;;
PA;1503309;IGARAPE-MIRI; 78.791.941,54 ; 40.209.850,48 ; 47.446.634,73 ; 9.418.641,82 ; 97.075.127,03 ; 175.867.068,57 ;;;;
PA;1503408;INHANGAPI; 7.668.760,46 ; 3.913.594,53 ; 6.348.204,10 ; 882.658,90 ; 11.144.457,53 ; 18.813.217,99 ;;;;
PA;1503457;IPIXUNA DO PARA; 51.481.731,45 ; 26.272.645,20 ; 26.010.012,59 ; -   ; 52.282.657,79 ; 103.764.389,24 ;;;;
PA;1503507;IRITUIA; 22.831.781,84 ; 11.651.731,33 ; 15.298.269,88 ; 1.520.190,33 ; 28.470.191,54 ; 51.301.973,38 ;;;;
PA;1503606;ITAITUBA; 131.228.851,08 ; 66.969.951,20 ; 72.754.412,04 ; 17.965.588,14 ; 157.689.951,38 ; 288.918.802,46 ;;;;
PA;1503705;ITUPIRANGA; 58.906.961,35 ; 30.061.958,90 ; 47.477.503,39 ; 6.334.080,67 ; 83.873.542,96 ; 142.780.504,31 ;;;;
PA;1503754;JACAREACANGA; 40.910.393,72 ; 20.877.779,92 ; 23.420.299,13 ; 4.624.850,29 ; 48.922.929,34 ; 89.833.323,06 ;;;;
PA;1503804;JACUNDA; 37.765.122,13 ; 19.272.655,10 ; 17.647.477,36 ; 4.732.958,76 ; 41.653.091,22 ; 79.418.213,35 ;;;;
PA;1503903;JURUTI; 62.182.307,02 ; 31.733.464,35 ; 10.851.989,35 ; 7.972.438,66 ; 50.557.892,36 ; 112.740.199,38 ;;;;
PA;1504000;LIMOEIRO DO AJURU; 33.283.877,25 ; 16.985.743,74 ; 20.319.206,56 ; 3.992.954,25 ; 41.297.904,55 ; 74.581.781,80 ;;;;
PA;1504059;MAE DO RIO; 38.713.458,38 ; 19.756.619,05 ; 24.905.466,50 ; 4.460.524,65 ; 49.122.610,20 ; 87.836.068,58 ;;;;
PA;1504109;MAGALHAES BARATA; 8.740.949,12 ; 4.460.764,01 ; 4.562.275,73 ; 1.052.297,69 ; 10.075.337,43 ; 18.816.286,55 ;;;;
PA;1504208;MARABA; 242.938.685,06 ; 123.978.772,58 ; 68.788.453,40 ; 33.411.806,47 ; 226.179.032,45 ; 469.117.717,51 ;;;;
PA;1504307;MARACANA; 35.712.956,33 ; 18.225.374,40 ; 25.041.227,10 ; 4.011.860,90 ; 47.278.462,40 ; 82.991.418,73 ;;;;
PA;1504406;MARAPANIM; 25.477.940,28 ; 13.002.143,99 ; 14.917.884,01 ; 3.026.313,87 ; 30.946.341,87 ; 56.424.282,15 ;;;;
PA;1504422;MARITUBA; 107.855.929,57 ; 55.042.060,35 ; 42.268.683,10 ; 15.073.383,15 ; 112.384.126,60 ; 220.240.056,17 ;;;;
PA;1504455;MEDICILANDIA; 29.792.334,95 ; 15.203.906,77 ; 18.104.246,74 ; 3.709.319,55 ; 37.017.473,06 ; 66.809.808,01 ;;;;
PA;1504505;MELGACO; 54.765.250,20 ; 27.948.321,60 ; 47.157.575,55 ; 6.434.615,65 ; 81.540.512,80 ; 136.305.763,00 ;;;;
PA;1504604;MOCAJUBA; 40.964.525,70 ; 20.905.405,06 ; 29.558.632,74 ; 2.418.363,60 ; 52.882.401,40 ; 93.846.927,10 ;;;;
PA;1504703;MOJU; 105.625.407,33 ; 53.903.759,10 ; 75.833.937,46 ; -   ; 129.737.696,56 ; 235.363.103,89 ;;;;
PA;1504752;MOJUI DOS CAMPOS; 24.870.548,01 ; 12.692.173,81 ; 17.710.370,39 ; 3.001.774,80 ; 33.404.319,00 ; 58.274.867,01 ;;;;
PA;1504802;MONTE ALEGRE; 73.088.713,77 ; 37.299.325,23 ; 48.835.429,37 ; 8.847.718,87 ; 94.982.473,47 ; 168.071.187,24 ;;;;
PA;1504901;MUANA; 55.367.527,72 ; 28.255.681,57 ; 39.389.942,07 ; 5.728.188,07 ; 73.373.811,71 ; 128.741.339,43 ;;;;
PA;1504950;NOVA ESPERANCA DO PIRIA; 25.325.781,81 ; 12.924.493,04 ; 15.156.081,62 ; -   ; 28.080.574,66 ; 53.406.356,47 ;;;;
PA;1504976;NOVA IPIXUNA; 13.450.314,84 ; 6.864.092,17 ; 5.719.909,22 ; 1.685.958,81 ; 14.269.960,20 ; 27.720.275,04 ;;;;
PA;1505007;NOVA TIMBOTEUA; 13.157.831,14 ; 6.714.829,11 ; 9.110.291,45 ; 1.553.359,39 ; 17.378.479,95 ; 30.536.311,09 ;;;;
PA;1505031;NOVO PROGRESSO; 42.175.931,55 ; 21.523.621,18 ; 28.002.657,11 ; -   ; 49.526.278,29 ; 91.702.209,84 ;;;;
PA;1505064;NOVO REPARTIMENTO; 75.946.089,91 ; 38.757.528,50 ; 51.850.637,47 ; -   ; 90.608.165,97 ; 166.554.255,88 ;;;;
PA;1505106;OBIDOS; 59.502.566,56 ; 30.365.913,79 ; 37.319.715,71 ; -   ; 67.685.629,50 ; 127.188.196,06 ;;;;
PA;1505205;OEIRAS DO PARA; 52.348.482,31 ; 26.714.973,71 ; 35.536.046,32 ; 5.961.514,36 ; 68.212.534,39 ; 120.561.016,70 ;;;;
PA;1505304;ORIXIMINA; 91.067.988,69 ; 46.474.679,22 ; 56.330.861,66 ; -   ; 102.805.540,88 ; 193.873.529,57 ;;;;
PA;1505403;OUREM; 13.534.324,45 ; 6.906.964,75 ; 7.403.734,61 ; 1.820.246,17 ; 16.130.945,53 ; 29.665.269,98 ;;;;
PA;1505437;OURILANDIA DO NORTE; 37.523.574,57 ; 19.149.386,26 ; 9.720.895,01 ; 4.780.196,59 ; 33.650.477,86 ; 71.174.052,43 ;;;;
PA;1505486;PACAJA; 65.784.736,24 ; 33.571.890,18 ; 51.746.547,99 ; 7.027.849,33 ; 92.346.287,50 ; 158.131.023,74 ;;;;
PA;1505494;PALESTINA DO PARA; 7.149.468,51 ; 3.648.584,54 ; 3.237.520,00 ; -   ; 6.886.104,54 ; 14.035.573,05 ;;;;
PA;1505502;PARAGOMINAS; 111.253.921,21 ; 56.776.155,65 ; 57.760.624,11 ; -   ; 114.536.779,76 ; 225.790.700,97 ;;;;
PA;1505536;PARAUAPEBAS; 233.185.712,90 ; 119.001.543,39 ; -   ; -   ; 119.001.543,39 ; 352.187.256,29 ;;;;
PA;1505551;PAU DARCO; 9.659.905,67 ; 4.929.734,63 ; 5.251.691,52 ; -   ; 10.181.426,15 ; 19.841.331,82 ;;;;
PA;1505601;PEIXE-BOI; 11.781.903,08 ; 6.012.652,46 ; 3.712.164,95 ; 1.458.681,25 ; 11.183.498,66 ; 22.965.401,74 ;;;;
PA;1505635;PICARRA; 23.591.648,21 ; 12.039.513,54 ; 23.708.555,53 ; 2.666.379,05 ; 38.414.448,12 ; 62.006.096,33 ;;;;
PA;1505650;PLACAS; 41.585.939,77 ; 21.222.530,98 ; 36.721.122,32 ; 4.433.224,79 ; 62.376.878,09 ; 103.962.817,86 ;;;;
PA;1505700;PONTA DE PEDRAS; 27.147.002,11 ; 13.853.915,45 ; 14.037.689,68 ; 3.137.438,29 ; 31.029.043,42 ; 58.176.045,53 ;;;;
PA;1505809;PORTEL; 110.793.578,43 ; 56.541.229,16 ; 84.994.569,09 ; -   ; 141.535.798,25 ; 252.329.376,68 ;;;;
PA;1505908;PORTO DE MOZ; 84.625.233,77 ; 43.186.751,47 ; 58.261.075,69 ; 10.961.075,28 ; 112.408.902,44 ; 197.034.136,21 ;;;;
PA;1506005;PRAINHA; 53.057.352,03 ; 27.076.730,83 ; 34.099.903,33 ; 6.374.856,93 ; 67.551.491,09 ; 120.608.843,12 ;;;;
PA;1506104;PRIMAVERA; 8.645.202,15 ; 4.411.901,51 ; 3.017.295,98 ; 1.172.433,84 ; 8.601.631,33 ; 17.246.833,48 ;;;;
PA;1506112;QUATIPURU; 7.621.749,90 ; 3.889.603,66 ; 3.622.400,59 ; -   ; 7.512.004,25 ; 15.133.754,15 ;;;;
PA;1506138;REDENCAO; 78.494.507,87 ; 40.058.061,31 ; 45.903.660,60 ; 10.546.673,93 ; 96.508.395,84 ; 175.002.903,71 ;;;;
PA;1506161;RIO MARIA; 14.850.125,07 ; 7.578.456,60 ; 6.038.432,55 ; -   ; 13.616.889,15 ; 28.467.014,22 ;;;;
PA;1506187;RONDON DO PARA; 35.435.229,08 ; 18.083.642,00 ; 15.016.874,58 ; -   ; 33.100.516,58 ; 68.535.745,66 ;;;;
PA;1506195;RUROPOLIS; 40.750.061,64 ; 20.795.957,72 ; 48.868.680,77 ; 5.089.869,99 ; 74.754.508,48 ; 115.504.570,12 ;;;;
PA;1506203;SALINOPOLIS; 33.211.481,13 ; 16.948.797,86 ; 19.630.138,91 ; -   ; 36.578.936,77 ; 69.790.417,90 ;;;;
PA;1506302;SALVATERRA; 27.895.242,50 ; 14.235.764,58 ; 19.402.988,01 ; -   ; 33.638.752,59 ; 61.533.995,09 ;;;;
PA;1506351;SANTA BARBARA DO PARA; 14.259.347,16 ; 7.276.965,20 ; 9.109.936,01 ; 1.944.048,42 ; 18.330.949,63 ; 32.590.296,79 ;;;;
PA;1506401;SANTA CRUZ DO ARARI; 9.498.840,54 ; 4.847.538,34 ; 6.714.813,81 ; 1.179.093,19 ; 12.741.445,34 ; 22.240.285,88 ;;;;
PA;1506500;SANTA IZABEL DO PARA; 58.119.073,10 ; 29.659.876,30 ; 33.213.482,97 ; -   ; 62.873.359,27 ; 120.992.432,37 ;;;;
PA;1506559;SANTA LUZIA DO PARA; 23.059.760,52 ; 11.768.075,57 ; 14.081.177,59 ; 2.527.560,09 ; 28.376.813,25 ; 51.436.573,77 ;;;;
PA;1506583;SANTA MARIA DAS BARREIRAS; 22.289.614,18 ; 11.375.047,20 ; 14.952.235,44 ; 2.550.527,83 ; 28.877.810,47 ; 51.167.424,65 ;;;;
PA;1506609;SANTA MARIA DO PARA; 16.772.814,78 ; 8.559.661,83 ; 9.736.404,40 ; 2.183.802,33 ; 20.479.868,56 ; 37.252.683,34 ;;;;
PA;1506708;SANTANA DO ARAGUAIA; 73.017.336,18 ; 37.262.899,14 ; 46.008.510,24 ; 8.726.499,90 ; 91.997.909,28 ; 165.015.245,46 ;;;;
PA;1506807;SANTAREM; 317.551.031,77 ; 162.055.652,61 ; 204.148.454,99 ; -   ; 366.204.107,60 ; 683.755.139,37 ;;;;
PA;1506906;SANTAREM NOVO; 8.394.373,61 ; 4.283.896,32 ; 5.588.541,54 ; 972.511,23 ; 10.844.949,09 ; 19.239.322,70 ;;;;
PA;1507003;SANTO ANTONIO DO TAUA; 32.790.852,53 ; 16.734.138,69 ; 27.823.943,32 ; 3.606.800,75 ; 48.164.882,76 ; 80.955.735,29 ;;;;
PA;1507102;SAO CAETANO DE ODIVELAS; 18.441.481,83 ; 9.411.231,81 ; 13.327.733,40 ; 2.335.619,46 ; 25.074.584,67 ; 43.516.066,50 ;;;;
PA;1507151;SAO DOMINGOS DO ARAGUAIA; 21.203.132,72 ; 10.820.583,68 ; 9.163.286,27 ; 2.597.238,48 ; 22.581.108,43 ; 43.784.241,15 ;;;;
PA;1507201;SAO DOMINGOS DO CAPIM; 40.976.901,15 ; 20.911.720,62 ; 26.500.859,33 ; 4.950.303,43 ; 52.362.883,38 ; 93.339.784,53 ;;;;
PA;1507300;SAO FELIX DO XINGU; 77.965.789,81 ; 39.788.240,89 ; 40.241.302,73 ; -   ; 80.029.543,62 ; 157.995.333,43 ;;;;
PA;1507409;SAO FRANCISCO DO PARA; 15.557.382,15 ; 7.939.390,73 ; 11.067.657,15 ; 1.847.873,15 ; 20.854.921,03 ; 36.412.303,18 ;;;;
PA;1507458;SAO GERALDO DO ARAGUAIA; 30.097.350,59 ; 15.359.565,24 ; 22.119.980,58 ; 3.806.880,88 ; 41.286.426,70 ; 71.383.777,29 ;;;;
PA;1507466;SAO JOAO DA PONTA; 6.162.513,86 ; 3.144.912,49 ; -   ; 760.388,37 ; 3.905.300,86 ; 10.067.814,72 ;;;;
PA;1507474;SAO JOAO DE PIRABAS; 22.697.814,65 ; 11.583.363,93 ; 14.895.504,70 ; 2.501.962,83 ; 28.980.831,46 ; 51.678.646,11 ;;;;
PA;1507508;SAO JOAO DO ARAGUAIA; 15.657.649,73 ; 7.990.560,23 ; 7.827.605,17 ; 1.820.715,51 ; 17.638.880,91 ; 33.296.530,64 ;;;;
PA;1507607;SAO MIGUEL DO GUAMA; 70.587.850,01 ; 36.023.060,72 ; 49.259.304,48 ; 8.947.012,26 ; 94.229.377,46 ; 164.817.227,47 ;;;;
PA;1507706;SAO SEBASTIAO DA BOA VISTA; 35.143.542,30 ; 17.934.785,64 ; 24.314.778,12 ; 4.364.599,45 ; 46.614.163,21 ; 81.757.705,51 ;;;;
PA;1507755;SAPUCAIA; 9.665.476,36 ; 4.932.577,52 ; 7.029.431,63 ; 1.079.520,83 ; 13.041.529,98 ; 22.707.006,34 ;;;;
PA;1507805;SENADOR JOSE PORFIRIO; 38.907.289,45 ; 19.855.536,75 ; 33.273.278,59 ; -   ; 53.128.815,34 ; 92.036.104,79 ;;;;
PA;1507904;SOURE; 22.289.340,33 ; 11.374.907,44 ; 13.453.657,34 ; -   ; 24.828.564,78 ; 47.117.905,11 ;;;;
PA;1507953;TAILANDIA; 86.573.972,82 ; 44.181.250,45 ; 60.328.837,53 ; -   ; 104.510.087,98 ; 191.084.060,80 ;;;;
PA;1507961;TERRA ALTA; 10.303.151,58 ; 5.258.001,97 ; 8.491.215,33 ; -   ; 13.749.217,30 ; 24.052.368,88 ;;;;
PA;1507979;TERRA SANTA; 24.131.445,98 ; 12.314.988,26 ; 13.932.886,32 ; 2.985.533,61 ; 29.233.408,19 ; 53.364.854,17 ;;;;
PA;1508001;TOME-ACU; 94.907.400,39 ; 48.434.044,20 ; 58.196.608,55 ; 11.864.449,51 ; 118.495.102,26 ; 213.402.502,65 ;;;;
PA;1508035;TRACUATEUA; 30.607.415,12 ; 15.619.866,21 ; 15.990.377,89 ; 3.583.073,45 ; 35.193.317,55 ; 65.800.732,67 ;;;;
PA;1508050;TRAIRAO; 18.987.661,85 ; 9.689.963,58 ; 9.992.215,93 ; -   ; 19.682.179,51 ; 38.669.841,36 ;;;;
PA;1508084;TUCUMA; 38.542.073,72 ; 19.669.156,40 ; 13.200.292,40 ; 5.110.913,60 ; 37.980.362,40 ; 76.522.436,12 ;;;;
PA;1508100;TUCURUI; 116.512.367,51 ; 59.459.695,82 ; 109.065.488,52 ; -   ; 168.525.184,34 ; 285.037.551,85 ;;;;
PA;1508126;ULIANOPOLIS; 33.225.113,72 ; 16.955.754,97 ; 18.215.055,50 ; 2.128.357,64 ; 37.299.168,11 ; 70.524.281,83 ;;;;
PA;1508159;URUARA; 64.320.830,27 ; 32.824.815,80 ; 46.203.669,34 ; 8.226.551,93 ; 87.255.037,07 ; 151.575.867,34 ;;;;
PA;1508209;VIGIA; 37.527.710,56 ; 19.151.496,98 ; 28.640.053,54 ; -   ; 47.791.550,52 ; 85.319.261,08 ;;;;
PA;1508308;VISEU; 79.394.126,33 ; 40.517.163,13 ; 47.726.642,47 ; 9.197.473,39 ; 97.441.278,99 ; 176.835.405,32 ;;;;
PA;1508357;VITORIA DO XINGU; 25.759.597,05 ; 13.145.881,75 ; 5.799.516,00 ; -   ; 18.945.397,75 ; 44.704.994,80 ;;;;
PA;1508407;XINGUARA; 46.658.560,11 ; 23.811.238,68 ; 24.289.820,68 ; -   ; 48.101.059,36 ; 94.759.619,47 ;;;;
PA;15;GOVERNO DO ESTADO; 2.734.807.279,94 ; 1.395.652.774,44 ; -   ; 147.456.256,66 ; 1.543.109.031,10 ; 4.277.916.311,04 ;;;;
PB;2500106;AGUA BRANCA; 15.027.963,39 ; 954.223,93 ; 5.792.919,70 ; -   ; 6.747.143,63 ; 21.775.107,02 ;;;;
PB;2500205;AGUIAR; 9.711.213,90 ; 616.628,65 ; 4.211.073,65 ; -   ; 4.827.702,30 ; 14.538.916,20 ;;;;
PB;2500304;ALAGOA GRANDE; 30.404.987,40 ; 1.930.612,01 ; 13.493.183,33 ; -   ; 15.423.795,34 ; 45.828.782,74 ;;;;
PB;2500403;ALAGOA NOVA; 28.465.462,14 ; 1.807.458,84 ; 15.841.325,71 ; 2.443.131,80 ; 20.091.916,35 ; 48.557.378,49 ;;;;
PB;2500502;ALAGOINHA; 15.003.211,43 ; 952.652,27 ; 2.580.243,80 ; 1.402.850,94 ; 4.935.747,01 ; 19.938.958,44 ;;;;
PB;2500536;ALCANTIL; 8.836.032,69 ; 561.057,65 ; 3.708.903,39 ; -   ; 4.269.961,04 ; 13.105.993,73 ;;;;
PB;2500577;ALGODAO DE JANDAIRA; 4.139.676,59 ; 262.855,21 ; 379.588,70 ; 213.188,59 ; 855.632,50 ; 4.995.309,09 ;;;;
PB;2500601;ALHANDRA; 29.171.185,21 ; 1.852.269,82 ; 3.997.087,16 ; 2.480.322,81 ; 8.329.679,79 ; 37.500.865,00 ;;;;
PB;2500734;AMPARO; 3.043.645,47 ; 193.261,01 ; -   ; 277.905,60 ; 471.166,61 ; 3.514.812,08 ;;;;
PB;2500775;APARECIDA; 11.450.629,18 ; 727.075,53 ; 5.720.501,15 ; -   ; 6.447.576,68 ; 17.898.205,86 ;;;;
PB;2500809;ARACAGI; 22.019.696,28 ; 1.398.174,90 ; 8.069.168,42 ; 1.801.217,94 ; 11.268.561,26 ; 33.288.257,54 ;;;;
PB;2500908;ARARA; 11.769.952,14 ; 747.351,44 ; 1.365.452,88 ; 1.025.213,24 ; 3.138.017,56 ; 14.907.969,70 ;;;;
PB;2501005;ARARUNA; 26.473.282,85 ; 1.680.962,31 ; 10.928.370,01 ; -   ; 12.609.332,32 ; 39.082.615,17 ;;;;
PB;2501104;AREIA; 30.900.383,95 ; 1.962.067,99 ; 16.624.721,81 ; 1.116.417,83 ; 19.703.207,63 ; 50.603.591,58 ;;;;
PB;2501153;AREIA DE BARAUNAS; 2.781.632,96 ; 176.624,12 ; -   ; 215.893,85 ; 392.517,97 ; 3.174.150,93 ;;;;
PB;2501203;AREIAL; 12.289.144,72 ; 780.318,38 ; 4.961.827,03 ; -   ; 5.742.145,41 ; 18.031.290,13 ;;;;
PB;2501302;AROEIRAS; 28.218.147,76 ; 1.791.755,23 ; 14.674.100,23 ; 2.218.631,35 ; 18.684.486,81 ; 46.902.634,57 ;;;;
PB;2501351;ASSUNCAO; 6.974.864,59 ; 442.879,89 ; 1.545.606,62 ; 637.673,12 ; 2.626.159,63 ; 9.601.024,22 ;;;;
PB;2501401;BAIA DA TRAICAO; 25.776.715,71 ; 1.636.732,70 ; 19.949.522,12 ; -   ; 21.586.254,82 ; 47.362.970,53 ;;;;
PB;2501500;BANANEIRAS; 26.434.480,14 ; 1.678.498,47 ; 8.486.840,90 ; -   ; 10.165.339,37 ; 36.599.819,51 ;;;;
PB;2501534;BARAUNA; 7.036.457,15 ; 446.790,80 ; 1.812.317,78 ; 689.822,17 ; 2.948.930,75 ; 9.985.387,90 ;;;;
PB;2501609;BARRA DE SANTA ROSA; 16.868.622,16 ; 1.071.099,43 ; 5.924.111,13 ; -   ; 6.995.210,56 ; 23.863.832,72 ;;;;
PB;2501575;BARRA DE SANTANA; 13.376.524,03 ; 849.363,22 ; 7.766.874,87 ; 434.325,93 ; 9.050.564,02 ; 22.427.088,05 ;;;;
PB;2501708;BARRA DE SAO MIGUEL; 16.949.325,12 ; 1.076.223,79 ; 11.360.037,87 ; 1.398.774,60 ; 13.835.036,26 ; 30.784.361,38 ;;;;
PB;2501807;BAYEUX; 59.802.328,22 ; 3.797.241,94 ; 6.660.347,98 ; -   ; 10.457.589,92 ; 70.259.918,14 ;;;;
PB;2501906;BELEM; 14.845.856,88 ; 942.660,80 ; 3.457.518,35 ; 685.356,78 ; 5.085.535,93 ; 19.931.392,81 ;;;;
PB;2502003;BELEM DO BREJO DO CRUZ; 9.952.859,03 ; 631.972,28 ; 2.061.443,97 ; -   ; 2.693.416,25 ; 12.646.275,28 ;;;;
PB;2502052;BERNARDINO BATISTA; 12.319.111,46 ; 782.221,16 ; 4.889.839,09 ; -   ; 5.672.060,25 ; 17.991.171,71 ;;;;
PB;2502102;BOA VENTURA; 5.549.455,88 ; 352.371,34 ; 1.134.281,24 ; 213.391,83 ; 1.700.044,41 ; 7.249.500,29 ;;;;
PB;2502151;BOA VISTA; 9.560.267,63 ; 607.044,08 ; 2.154.936,52 ; 881.778,16 ; 3.643.758,76 ; 13.204.026,39 ;;;;
PB;2502201;BOM JESUS; 6.056.037,23 ; 384.537,51 ; 2.294.810,42 ; -   ; 2.679.347,93 ; 8.735.385,16 ;;;;
PB;2502300;BOM SUCESSO; 5.425.147,47 ; 344.478,19 ; -   ; -   ; 344.478,19 ; 5.769.625,66 ;;;;
PB;2502409;BONITO DE SANTA FE; 12.992.995,37 ; 825.010,47 ; 4.884.157,65 ; 1.216.360,08 ; 6.925.528,20 ; 19.918.523,57 ;;;;
PB;2502508;BOQUEIRAO; 17.144.167,64 ; 1.088.595,62 ; 5.062.660,00 ; -   ; 6.151.255,62 ; 23.295.423,26 ;;;;
PB;2502706;BORBOREMA; 5.387.967,71 ; 342.117,40 ; 1.103.125,19 ; 468.640,31 ; 1.913.882,90 ; 7.301.850,61 ;;;;
PB;2502805;BREJO DO CRUZ; 21.322.478,86 ; 1.353.903,99 ; 3.568.980,41 ; 2.016.838,13 ; 6.939.722,53 ; 28.262.201,39 ;;;;
PB;2502904;BREJO DOS SANTOS; 6.377.065,38 ; 404.921,69 ; 787.891,22 ; 591.796,87 ; 1.784.609,78 ; 8.161.675,16 ;;;;
PB;2503001;CAAPORA; 31.878.417,16 ; 2.024.169,73 ; 15.127.935,25 ; 2.548.557,39 ; 19.700.662,37 ; 51.579.079,53 ;;;;
PB;2503100;CABACEIRAS; 10.974.509,81 ; 696.843,59 ; 4.690.509,12 ; 470.857,71 ; 5.858.210,42 ; 16.832.720,23 ;;;;
PB;2503209;CABEDELO; 56.613.844,13 ; 3.594.784,18 ; -   ; 5.376.008,15 ; 8.970.792,33 ; 65.584.636,46 ;;;;
PB;2503308;CACHOEIRA DOS INDIOS; 12.501.559,93 ; 793.806,01 ; 6.196.832,08 ; -   ; 6.990.638,09 ; 19.492.198,02 ;;;;
PB;2503407;CACIMBA DE AREIA; 4.054.637,35 ; 257.455,51 ; 830.053,21 ; 195.652,11 ; 1.283.160,83 ; 5.337.798,18 ;;;;
PB;2503506;CACIMBA DE DENTRO; 17.901.504,42 ; 1.136.683,90 ; 7.867.037,34 ; 1.597.896,02 ; 10.601.617,26 ; 28.503.121,68 ;;;;
PB;2503555;CACIMBAS; 15.280.483,13 ; 970.258,07 ; 7.670.406,44 ; 1.141.256,61 ; 9.781.921,12 ; 25.062.404,25 ;;;;
PB;2503605;CAICARA; 9.330.289,10 ; 592.441,23 ; 3.309.756,13 ; 765.406,07 ; 4.667.603,43 ; 13.997.892,53 ;;;;
PB;2503704;CAJAZEIRAS; 70.090.621,80 ; 4.450.513,16 ; 31.224.920,38 ; -   ; 35.675.433,54 ; 105.766.055,34 ;;;;
PB;2503753;CAJAZEIRINHAS; 3.943.008,38 ; 250.367,46 ; 36.533,76 ; -   ; 286.901,22 ; 4.229.909,60 ;;;;
PB;2503803;CALDAS BRANDAO; 8.208.919,74 ; 521.238,14 ; 362.836,12 ; 752.664,12 ; 1.636.738,38 ; 9.845.658,12 ;;;;
PB;2503902;CAMALAU; 8.492.238,67 ; 539.227,92 ; 3.053.199,30 ; 432.110,88 ; 4.024.538,10 ; 12.516.776,77 ;;;;
PB;2504009;CAMPINA GRANDE; 277.505.325,70 ; 17.620.632,72 ; 59.896.395,50 ; -   ; 77.517.028,22 ; 355.022.353,92 ;;;;
PB;2504033;CAPIM; 10.119.710,13 ; 642.566,75 ; 3.640.782,73 ; 866.163,84 ; 5.149.513,32 ; 15.269.223,45 ;;;;
PB;2504074;CARAUBAS; 5.317.801,30 ; 337.662,07 ; -   ; 461.153,07 ; 798.815,14 ; 6.116.616,44 ;;;;
PB;2504108;CARRAPATEIRA; 5.013.087,56 ; 318.313,80 ; 129.316,00 ; 513.078,67 ; 960.708,47 ; 5.973.796,03 ;;;;
PB;2504157;CASSERENGUE; 9.049.145,46 ; 574.589,58 ; 2.381.935,79 ; 849.189,12 ; 3.805.714,49 ; 12.854.859,95 ;;;;
PB;2504207;CATINGUEIRA; 5.878.066,70 ; 373.237,00 ; 688.028,89 ; 557.880,53 ; 1.619.146,42 ; 7.497.213,12 ;;;;
PB;2504306;CATOLE DO ROCHA; 26.701.796,80 ; 1.695.472,16 ; 7.054.615,99 ; 2.422.492,19 ; 11.172.580,34 ; 37.874.377,14 ;;;;
PB;2504355;CATURITE; 8.891.536,81 ; 564.581,97 ; 3.969.119,68 ; -   ; 4.533.701,65 ; 13.425.238,46 ;;;;
PB;2504405;CONCEICAO; 21.391.482,69 ; 1.358.285,50 ; 8.038.071,69 ; 894.625,35 ; 10.290.982,54 ; 31.682.465,23 ;;;;
PB;2504504;CONDADO; 6.241.201,96 ; 396.294,84 ; 402.816,85 ; -   ; 799.111,69 ; 7.040.313,65 ;;;;
PB;2504603;CONDE; 47.042.391,48 ; 2.987.029,89 ; 10.456.410,59 ; 4.331.379,53 ; 17.774.820,01 ; 64.817.211,49 ;;;;
PB;2504702;CONGO; 7.488.416,44 ; 475.488,66 ; 1.792.035,94 ; 666.790,74 ; 2.934.315,34 ; 10.422.731,78 ;;;;
PB;2504801;COREMAS; 14.618.539,40 ; 928.226,92 ; 5.498.158,47 ; 553.572,35 ; 6.979.957,74 ; 21.598.497,14 ;;;;
PB;2504850;COXIXOLA; 2.289.107,45 ; 145.350,44 ; -   ; -   ; 145.350,44 ; 2.434.457,89 ;;;;
PB;2504900;CRUZ DO ESPIRITO SANTO; 23.021.247,66 ; 1.461.769,96 ; 6.886.474,34 ; -   ; 8.348.244,30 ; 31.369.491,96 ;;;;
PB;2505006;CUBATI; 14.200.867,26 ; 901.706,18 ; 5.998.877,78 ; 1.261.125,73 ; 8.161.709,69 ; 22.362.576,95 ;;;;
PB;2505105;CUITE; 21.631.611,68 ; 1.373.532,86 ; 10.764.402,01 ; 2.023.209,38 ; 14.161.144,25 ; 35.792.755,93 ;;;;
PB;2505238;CUITE DE MAMANGUAPE; 11.722.297,40 ; 744.325,52 ; 2.684.528,01 ; -   ; 3.428.853,53 ; 15.151.150,93 ;;;;
PB;2505204;CUITEGI; 9.442.048,41 ; 599.537,56 ; 2.983.157,36 ; 815.373,44 ; 4.398.068,36 ; 13.840.116,77 ;;;;
PB;2505279;CURRAL DE CIMA; 10.930.531,93 ; 694.051,14 ; 4.411.683,69 ; 783.596,72 ; 5.889.331,55 ; 16.819.863,48 ;;;;
PB;2505303;CURRAL VELHO; 3.931.218,15 ; 249.618,82 ; 824.778,13 ; 325.208,55 ; 1.399.605,50 ; 5.330.823,65 ;;;;
PB;2505352;DAMIAO; 7.585.880,86 ; 481.677,32 ; 2.272.923,89 ; 714.700,60 ; 3.469.301,81 ; 11.055.182,67 ;;;;
PB;2505402;DESTERRO; 8.303.605,95 ; 527.250,39 ; 2.363.556,75 ; 765.513,37 ; 3.656.320,51 ; 11.959.926,46 ;;;;
PB;2505600;DIAMANTE; 6.491.122,81 ; 412.163,95 ; 3.692.814,71 ; 500.584,03 ; 4.605.562,69 ; 11.096.685,50 ;;;;
PB;2505709;DONA INES; 14.802.505,83 ; 939.908,15 ; 4.847.259,46 ; -   ; 5.787.167,61 ; 20.589.673,44 ;;;;
PB;2505808;DUAS ESTRADAS; 5.024.869,99 ; 319.061,94 ; 171.354,26 ; 415.909,94 ; 906.326,14 ; 5.931.196,13 ;;;;
PB;2505907;EMAS; 4.362.144,10 ; 276.981,13 ; 483.048,88 ; -   ; 760.030,01 ; 5.122.174,11 ;;;;
PB;2506004;ESPERANCA; 47.899.084,00 ; 3.041.426,92 ; 20.025.908,22 ; -   ; 23.067.335,14 ; 70.966.419,14 ;;;;
PB;2506103;FAGUNDES; 11.506.841,68 ; 730.644,83 ; 1.906.522,83 ; -   ; 2.637.167,66 ; 14.144.009,34 ;;;;
PB;2506202;FREI MARTINHO; 3.179.646,88 ; 201.896,63 ; 334.717,72 ; -   ; 536.614,35 ; 3.716.261,23 ;;;;
PB;2506251;GADO BRAVO; 19.065.392,15 ; 1.210.586,76 ; 11.614.932,09 ; 1.337.521,62 ; 14.163.040,47 ; 33.228.432,62 ;;;;
PB;2506301;GUARABIRA; 47.595.364,82 ; 3.022.141,79 ; 17.858.108,47 ; 4.318.727,80 ; 25.198.978,06 ; 72.794.342,88 ;;;;
PB;2506400;GURINHEM; 26.015.408,77 ; 1.651.888,88 ; 14.503.838,56 ; 2.037.457,17 ; 18.193.184,61 ; 44.208.593,38 ;;;;
PB;2506509;GURJAO; 5.027.960,10 ; 319.258,15 ; 1.268.834,19 ; 460.681,30 ; 2.048.773,64 ; 7.076.733,74 ;;;;
PB;2506608;IBIARA; 5.788.322,76 ; 367.538,57 ; 2.183.658,91 ; 263.732,43 ; 2.814.929,91 ; 8.603.252,67 ;;;;
PB;2502607;IGARACY; 6.280.893,48 ; 398.815,11 ; 1.658.592,13 ; 549.473,95 ; 2.606.881,19 ; 8.887.774,67 ;;;;
PB;2506707;IMACULADA; 11.558.237,18 ; 733.908,27 ; 2.249.343,97 ; 463.202,69 ; 3.446.454,93 ; 15.004.692,11 ;;;;
PB;2506806;INGA; 24.817.024,64 ; 1.575.795,62 ; 9.843.699,15 ; 852.683,56 ; 12.272.178,33 ; 37.089.202,97 ;;;;
PB;2506905;ITABAIANA; 18.339.692,43 ; 1.164.507,33 ; 8.497.901,20 ; -   ; 9.662.408,53 ; 28.002.100,96 ;;;;
PB;2507002;ITAPORANGA; 18.037.924,99 ; 1.145.346,13 ; 5.996.880,05 ; -   ; 7.142.226,18 ; 25.180.151,17 ;;;;
PB;2507101;ITAPOROROCA; 26.798.878,91 ; 1.701.636,54 ; 7.044.225,85 ; 2.356.948,89 ; 11.102.811,28 ; 37.901.690,19 ;;;;
PB;2507200;ITATUBA; 11.825.060,21 ; 750.850,61 ; 2.478.275,39 ; -   ; 3.229.126,00 ; 15.054.186,21 ;;;;
PB;2507309;JACARAU; 24.602.234,53 ; 1.562.157,19 ; 7.821.279,06 ; -   ; 9.383.436,25 ; 33.985.670,78 ;;;;
PB;2507408;JERICO; 10.915.006,28 ; 693.065,32 ; 3.945.253,82 ; 841.303,55 ; 5.479.622,69 ; 16.394.628,97 ;;;;
PB;2507507;JOAO PESSOA; 594.651.897,33 ; 37.758.348,07 ; -   ; -   ; 37.758.348,07 ; 632.410.245,40 ;;;;
PB;2513653;JOCA CLAUDINO; 8.403.956,46 ; 533.622,30 ; 3.881.099,34 ; 714.397,38 ; 5.129.119,02 ; 13.533.075,48 ;;;;
PB;2507606;JUAREZ TAVORA; 10.046.610,62 ; 637.925,18 ; 3.733.390,16 ; 885.330,14 ; 5.256.645,48 ; 15.303.256,10 ;;;;
PB;2507705;JUAZEIRINHO; 22.637.736,08 ; 1.437.418,30 ; 6.592.202,91 ; -   ; 8.029.621,21 ; 30.667.357,29 ;;;;
PB;2507804;JUNCO DO SERIDO; 8.206.873,10 ; 521.108,19 ; 2.572.041,74 ; 736.086,05 ; 3.829.235,98 ; 12.036.109,08 ;;;;
PB;2507903;JURIPIRANGA; 15.645.400,68 ; 993.429,08 ; 4.963.569,14 ; -   ; 5.956.998,22 ; 21.602.398,90 ;;;;
PB;2508000;JURU; 11.995.104,80 ; 761.647,85 ; 4.012.532,43 ; 1.124.089,55 ; 5.898.269,83 ; 17.893.374,63 ;;;;
PB;2508109;LAGOA; 4.551.529,72 ; 289.006,47 ; -   ; 427.112,59 ; 716.119,06 ; 5.267.648,78 ;;;;
PB;2508208;LAGOA DE DENTRO; 13.201.829,17 ; 838.270,70 ; 4.538.739,90 ; 1.129.600,46 ; 6.506.611,06 ; 19.708.440,23 ;;;;
PB;2508307;LAGOA SECA; 34.603.116,32 ; 2.197.178,75 ; 18.625.730,74 ; 2.814.154,67 ; 23.637.064,16 ; 58.240.180,48 ;;;;
PB;2508406;LASTRO; 5.302.216,70 ; 336.672,50 ; 1.004.745,70 ; 413.786,41 ; 1.755.204,61 ; 7.057.421,31 ;;;;
PB;2508505;LIVRAMENTO; 9.371.362,19 ; 595.049,23 ; 3.154.271,30 ; -   ; 3.749.320,53 ; 13.120.682,72 ;;;;
PB;2508554;LOGRADOURO; 7.700.484,57 ; 488.954,26 ; 3.224.855,64 ; -   ; 3.713.809,90 ; 11.414.294,47 ;;;;
PB;2508604;LUCENA; 18.787.071,77 ; 1.192.914,37 ; 7.687.463,09 ; -   ; 8.880.377,46 ; 27.667.449,23 ;;;;
PB;2508703;MAE DAGUA; 4.285.624,26 ; 272.122,38 ; 271.742,63 ; 401.547,24 ; 945.412,25 ; 5.231.036,51 ;;;;
PB;2508802;MALTA; 8.489.437,28 ; 539.050,04 ; 3.673.317,95 ; -   ; 4.212.367,99 ; 12.701.805,27 ;;;;
PB;2508901;MAMANGUAPE; 42.813.543,66 ; 2.718.512,61 ; 16.031.704,92 ; 3.921.701,28 ; 22.671.918,81 ; 65.485.462,47 ;;;;
PB;2509008;MANAIRA; 12.675.412,75 ; 804.845,07 ; 5.085.258,04 ; 1.135.156,27 ; 7.025.259,38 ; 19.700.672,13 ;;;;
PB;2509057;MARCACAO; 15.211.501,79 ; 965.877,99 ; 6.306.695,94 ; 989.323,11 ; 8.261.897,04 ; 23.473.398,83 ;;;;
PB;2509107;MARI; 29.014.744,25 ; 1.842.336,36 ; 7.925.271,04 ; 2.248.688,00 ; 12.016.295,40 ; 41.031.039,65 ;;;;
PB;2509156;MARIZOPOLIS; 12.718.104,52 ; 807.555,85 ; 7.218.253,66 ; 957.773,94 ; 8.983.583,45 ; 21.701.687,97 ;;;;
PB;2509206;MASSARANDUBA; 16.699.663,52 ; 1.060.371,14 ; 8.248.614,66 ; -   ; 9.308.985,80 ; 26.008.649,32 ;;;;
PB;2509305;MATARACA; 16.366.388,43 ; 1.039.209,32 ; 7.236.119,71 ; 1.547.837,77 ; 9.823.166,80 ; 26.189.555,23 ;;;;
PB;2509339;MATINHAS; 6.878.496,90 ; 436.760,87 ; 2.638.239,06 ; 595.520,55 ; 3.670.520,48 ; 10.549.017,38 ;;;;
PB;2509370;MATO GROSSO; 6.988.421,02 ; 443.740,67 ; 1.555.195,98 ; 276.362,37 ; 2.275.299,02 ; 9.263.720,04 ;;;;
PB;2509396;MATUREIA; 9.635.759,51 ; 611.837,55 ; 3.946.340,45 ; 879.613,31 ; 5.437.791,31 ; 15.073.550,82 ;;;;
PB;2509404;MOGEIRO; 21.452.922,14 ; 1.362.186,69 ; 10.680.860,83 ; -   ; 12.043.047,52 ; 33.495.969,66 ;;;;
PB;2509503;MONTADAS; 9.380.105,20 ; 595.604,38 ; 4.927.223,26 ; -   ; 5.522.827,64 ; 14.902.932,84 ;;;;
PB;2509602;MONTE HOREBE; 9.295.759,29 ; 590.248,71 ; 630.282,13 ; 747.208,23 ; 1.967.739,07 ; 11.263.498,36 ;;;;
PB;2509701;MONTEIRO; 37.745.653,79 ; 2.396.719,06 ; 16.687.769,47 ; 3.709.377,48 ; 22.793.866,01 ; 60.539.519,80 ;;;;
PB;2509800;MULUNGU; 13.272.486,73 ; 842.757,21 ; 8.241.810,26 ; 516.725,98 ; 9.601.293,45 ; 22.873.780,18 ;;;;
PB;2509909;NATUBA; 15.949.644,30 ; 1.012.747,50 ; 7.353.666,51 ; -   ; 8.366.414,01 ; 24.316.058,31 ;;;;
PB;2510006;NAZAREZINHO; 7.856.991,99 ; 498.891,94 ; 909.013,96 ; 742.235,72 ; 2.150.141,62 ; 10.007.133,61 ;;;;
PB;2510105;NOVA FLORESTA; 11.207.260,82 ; 711.622,48 ; 4.908.454,47 ; -   ; 5.620.076,95 ; 16.827.337,77 ;;;;
PB;2510204;NOVA OLINDA; 8.840.811,91 ; 561.361,12 ; 2.864.496,26 ; -   ; 3.425.857,38 ; 12.266.669,29 ;;;;
PB;2510303;NOVA PALMEIRA; 4.865.788,70 ; 308.960,83 ; -   ; 472.581,03 ; 781.541,86 ; 5.647.330,56 ;;;;
PB;2510402;OLHO DAGUA; 7.314.507,27 ; 464.446,03 ; 2.715.217,90 ; 611.825,64 ; 3.791.489,57 ; 11.105.996,84 ;;;;
PB;2510501;OLIVEDOS; 5.703.599,60 ; 362.158,94 ; 1.639.586,77 ; 484.479,05 ; 2.486.224,76 ; 8.189.824,36 ;;;;
PB;2510600;OURO VELHO; 3.363.228,83 ; 213.553,45 ; -   ; 316.930,86 ; 530.484,31 ; 3.893.713,14 ;;;;
PB;2510659;PARARI; 2.092.332,29 ; 132.855,90 ; -   ; 172.879,95 ; 305.735,85 ; 2.398.068,14 ;;;;
PB;2510709;PASSAGEM; 4.248.073,66 ; 269.738,05 ; 1.782.253,82 ; -   ; 2.051.991,87 ; 6.300.065,53 ;;;;
PB;2510808;PATOS; 86.873.919,08 ; 5.516.194,75 ; 37.469.242,19 ; 8.112.713,02 ; 51.098.149,96 ; 137.972.069,04 ;;;;
PB;2510907;PAULISTA; 19.922.546,34 ; 1.265.013,10 ; 4.886.364,28 ; 1.744.178,19 ; 7.895.555,57 ; 27.818.101,91 ;;;;
PB;2511004;PEDRA BRANCA; 5.979.880,91 ; 379.701,85 ; 2.537.674,75 ; 527.668,51 ; 3.445.045,11 ; 9.424.926,02 ;;;;
PB;2511103;PEDRA LAVRADA; 11.754.741,97 ; 746.385,64 ; 3.446.978,37 ; 469.833,43 ; 4.663.197,44 ; 16.417.939,41 ;;;;
PB;2511202;PEDRAS DE FOGO; 44.934.580,13 ; 2.853.191,13 ; 13.370.658,54 ; -   ; 16.223.849,67 ; 61.158.429,80 ;;;;
PB;2512721;PEDRO REGIS; 8.333.310,08 ; 529.136,50 ; 3.220.511,59 ; -   ; 3.749.648,09 ; 12.082.958,17 ;;;;
PB;2511301;PIANCO; 11.434.066,61 ; 726.023,86 ; 6.516.716,88 ; -   ; 7.242.740,74 ; 18.676.807,35 ;;;;
PB;2511400;PICUI; 24.360.570,30 ; 1.546.812,34 ; 8.885.873,56 ; 1.084.743,10 ; 11.517.429,00 ; 35.877.999,30 ;;;;
PB;2511509;PILAR; 17.350.782,58 ; 1.101.714,95 ; 10.771.040,77 ; 693.116,24 ; 12.565.871,96 ; 29.916.654,54 ;;;;
PB;2511608;PILOES; 11.311.368,11 ; 718.232,93 ; 5.623.529,33 ; 995.171,57 ; 7.336.933,83 ; 18.648.301,94 ;;;;
PB;2511707;PILOEZINHOS; 7.662.671,20 ; 486.553,24 ; 2.176.765,12 ; 334.337,71 ; 2.997.656,07 ; 10.660.327,27 ;;;;
PB;2511806;PIRPIRITUBA; 9.806.368,09 ; 622.670,61 ; 3.811.032,32 ; -   ; 4.433.702,93 ; 14.240.071,02 ;;;;
PB;2511905;PITIMBU; 24.399.555,17 ; 1.549.287,75 ; 3.932.894,70 ; -   ; 5.482.182,45 ; 29.881.737,62 ;;;;
PB;2512002;POCINHOS; 31.188.021,54 ; 1.980.331,99 ; 14.670.086,11 ; 1.247.425,85 ; 17.897.843,95 ; 49.085.865,49 ;;;;
PB;2512036;POCO DANTAS; 10.192.197,76 ; 647.169,47 ; 2.095.151,02 ; 897.778,02 ; 3.640.098,51 ; 13.832.296,27 ;;;;
PB;2512077;POCO DE JOSE DE MOURA; 14.968.279,41 ; 950.434,21 ; 9.259.268,41 ; 632.537,14 ; 10.842.239,76 ; 25.810.519,17 ;;;;
PB;2512101;POMBAL; 39.958.489,86 ; 2.537.226,53 ; 20.211.225,67 ; -   ; 22.748.452,20 ; 62.706.942,06 ;;;;
PB;2512200;PRATA; 4.696.849,58 ; 298.233,78 ; 630.312,17 ; 444.657,89 ; 1.373.203,84 ; 6.070.053,42 ;;;;
PB;2512309;PRINCESA ISABEL; 19.046.456,54 ; 1.209.384,41 ; 7.265.135,52 ; 1.874.265,84 ; 10.348.785,77 ; 29.395.242,31 ;;;;
PB;2512408;PUXINANA; 29.096.494,07 ; 1.847.527,19 ; 19.146.316,91 ; 1.076.336,92 ; 22.070.181,02 ; 51.166.675,09 ;;;;
PB;2512507;QUEIMADAS; 70.633.204,91 ; 4.484.965,32 ; 38.023.445,42 ; 6.858.848,01 ; 49.367.258,75 ; 120.000.463,66 ;;;;
PB;2512606;QUIXABA; 2.571.457,93 ; 163.278,73 ; -   ; -   ; 163.278,73 ; 2.734.736,66 ;;;;
PB;2512705;REMIGIO; 22.861.628,00 ; 1.451.634,67 ; 10.500.293,42 ; -   ; 11.951.928,09 ; 34.813.556,09 ;;;;
PB;2512747;RIACHAO; 4.538.968,25 ; 288.208,86 ; 168.848,88 ; 411.036,43 ; 868.094,17 ; 5.407.062,42 ;;;;
PB;2512754;RIACHAO DO BACAMARTE; 10.390.068,88 ; 659.733,60 ; 3.300.837,33 ; -   ; 3.960.570,93 ; 14.350.639,81 ;;;;
PB;2512762;RIACHAO DO POCO; 8.214.925,56 ; 521.619,49 ; 3.501.786,61 ; -   ; 4.023.406,10 ; 12.238.331,66 ;;;;
PB;2512788;RIACHO DE SANTO ANTONIO; 3.871.418,86 ; 245.821,77 ; 555.243,34 ; 165.610,41 ; 966.675,52 ; 4.838.094,38 ;;;;
PB;2512804;RIACHO DOS CAVALOS; 15.511.056,35 ; 984.898,67 ; 6.154.708,37 ; -   ; 7.139.607,04 ; 22.650.663,39 ;;;;
PB;2512903;RIO TINTO; 28.213.147,73 ; 1.791.437,74 ; 15.557.914,17 ; 2.159.952,81 ; 19.509.304,72 ; 47.722.452,45 ;;;;
PB;2513000;SALGADINHO; 4.398.188,76 ; 279.269,84 ; 9.039,37 ; -   ; 288.309,21 ; 4.686.497,97 ;;;;
PB;2513109;SALGADO DE SAO FELIX; 14.740.589,37 ; 935.976,67 ; 5.148.763,01 ; 1.181.166,17 ; 7.265.905,85 ; 22.006.495,22 ;;;;
PB;2513158;SANTA CECILIA; 10.077.324,84 ; 639.875,43 ; 4.008.843,16 ; 912.517,29 ; 5.561.235,88 ; 15.638.560,72 ;;;;
PB;2513208;SANTA CRUZ; 5.296.369,91 ; 336.301,25 ; 614.287,54 ; 515.715,52 ; 1.466.304,31 ; 6.762.674,22 ;;;;
PB;2513307;SANTA HELENA; 6.439.612,54 ; 408.893,22 ; -   ; -   ; 408.893,22 ; 6.848.505,76 ;;;;
PB;2513356;SANTA INES; 3.133.266,11 ; 198.951,61 ; -   ; 268.268,74 ; 467.220,35 ; 3.600.486,46 ;;;;
PB;2513406;SANTA LUZIA; 13.680.088,30 ; 868.638,51 ; 4.323.275,78 ; 1.278.014,16 ; 6.469.928,45 ; 20.150.016,75 ;;;;
PB;2513703;SANTA RITA; 96.929.460,32 ; 6.154.687,00 ; 13.748.926,02 ; -   ; 19.903.613,02 ; 116.833.073,34 ;;;;
PB;2513802;SANTA TERESINHA; 4.323.125,32 ; 274.503,57 ; -   ; 188.673,10 ; 463.176,67 ; 4.786.301,99 ;;;;
PB;2513505;SANTANA DE MANGUEIRA; 7.038.159,89 ; 446.898,92 ; 3.782.251,69 ; 258.222,86 ; 4.487.373,47 ; 11.525.533,36 ;;;;
PB;2513604;SANTANA DOS GARROTES; 8.356.495,70 ; 530.608,70 ; 881.312,39 ; -   ; 1.411.921,09 ; 9.768.416,79 ;;;;
PB;2513851;SANTO ANDRE; 3.461.826,07 ; 219.814,04 ; 175.856,22 ; -   ; 395.670,26 ; 3.857.496,33 ;;;;
PB;2513927;SAO BENTINHO; 6.065.761,29 ; 385.154,96 ; 1.447.144,36 ; 551.849,59 ; 2.384.148,91 ; 8.449.910,20 ;;;;
PB;2513901;SAO BENTO; 65.033.772,73 ; 4.129.420,66 ; 24.735.186,19 ; -   ; 28.864.606,85 ; 93.898.379,58 ;;;;
PB;2513968;SAO DOMINGOS; 3.545.847,11 ; 225.149,08 ; -   ; 156.262,55 ; 381.411,63 ; 3.927.258,74 ;;;;
PB;2513943;SAO DOMINGOS DO CARIRI; 4.226.787,54 ; 268.386,46 ; 1.366.610,93 ; 387.624,57 ; 2.022.621,96 ; 6.249.409,50 ;;;;
PB;2513984;SAO FRANCISCO; 6.655.815,62 ; 422.621,38 ; 3.201.917,24 ; 472.642,17 ; 4.097.180,79 ; 10.752.996,41 ;;;;
PB;2514008;SAO JOAO DO CARIRI; 7.354.077,87 ; 466.958,62 ; 3.506.564,53 ; 561.282,36 ; 4.534.805,51 ; 11.888.883,38 ;;;;
PB;2500700;SAO JOAO DO RIO DO PEIXE; 30.951.741,70 ; 1.965.329,03 ; 2.251.821,91 ; 2.503.360,81 ; 6.720.511,75 ; 37.672.253,45 ;;;;
PB;2514107;SAO JOAO DO TIGRE; 6.101.362,76 ; 387.415,53 ; 1.486.575,17 ; 515.366,20 ; 2.389.356,90 ; 8.490.719,66 ;;;;
PB;2514206;SAO JOSE DA LAGOA TAPADA; 11.895.984,32 ; 755.354,05 ; 4.730.735,71 ; 420.417,60 ; 5.906.507,36 ; 17.802.491,68 ;;;;
PB;2514305;SAO JOSE DE CAIANA; 8.126.513,51 ; 516.005,63 ; 1.762.652,81 ; -   ; 2.278.658,44 ; 10.405.171,95 ;;;;
PB;2514404;SAO JOSE DE ESPINHARAS; 4.062.029,92 ; 257.924,91 ; 218.181,03 ; 375.210,96 ; 851.316,90 ; 4.913.346,82 ;;;;
PB;2514503;SAO JOSE DE PIRANHAS; 25.660.361,64 ; 1.629.344,61 ; 5.388.032,31 ; 1.083.384,80 ; 8.100.761,72 ; 33.761.123,36 ;;;;
PB;2514552;SAO JOSE DE PRINCESA; 3.798.746,24 ; 241.207,31 ; 1.361.041,86 ; -   ; 1.602.249,17 ; 5.400.995,41 ;;;;
PB;2514602;SAO JOSE DO BONFIM; 4.602.379,49 ; 292.235,25 ; 761.687,88 ; 201.559,00 ; 1.255.482,13 ; 5.857.861,62 ;;;;
PB;2514651;SAO JOSE DO BREJO DO CRUZ; 4.491.878,80 ; 285.218,84 ; 163.021,40 ; -   ; 448.240,24 ; 4.940.119,04 ;;;;
PB;2514701;SAO JOSE DO SABUGI; 5.673.309,17 ; 360.235,60 ; 895.334,44 ; 505.328,83 ; 1.760.898,87 ; 7.434.208,04 ;;;;
PB;2514800;SAO JOSE DOS CORDEIROS; 3.769.140,66 ; 239.327,45 ; 382.819,87 ; 363.938,95 ; 986.086,27 ; 4.755.226,93 ;;;;
PB;2514453;SAO JOSE DOS RAMOS; 11.244.469,71 ; 713.985,11 ; 4.011.477,14 ; 927.120,03 ; 5.652.582,28 ; 16.897.051,99 ;;;;
PB;2514909;SAO MAMEDE; 8.573.809,64 ; 544.407,39 ; 3.035.329,67 ; -   ; 3.579.737,06 ; 12.153.546,70 ;;;;
PB;2515005;SAO MIGUEL DE TAIPU; 11.231.569,73 ; 713.166,01 ; 3.721.249,80 ; 866.115,62 ; 5.300.531,43 ; 16.532.101,16 ;;;;
PB;2515104;SAO SEBASTIAO DE LAGOA DE ROCA; 11.392.308,91 ; 723.372,39 ; 3.669.726,81 ; -   ; 4.393.099,20 ; 15.785.408,11 ;;;;
PB;2515203;SAO SEBASTIAO DO UMBUZEIRO; 5.029.736,08 ; 319.370,92 ; 1.316.382,13 ; 470.002,60 ; 2.105.755,65 ; 7.135.491,73 ;;;;
PB;2515401;SAO VICENTE DO SERIDO; 14.975.122,02 ; 950.868,69 ; 7.905.561,06 ; 1.322.536,81 ; 10.178.966,56 ; 25.154.088,58 ;;;;
PB;2515302;SAPE; 49.782.429,39 ; 3.161.012,86 ; 18.748.672,42 ; -   ; 21.909.685,28 ; 71.692.114,67 ;;;;
PB;2515500;SERRA BRANCA; 9.571.156,34 ; 607.735,47 ; 1.543.167,94 ; 887.820,65 ; 3.038.724,06 ; 12.609.880,40 ;;;;
PB;2515609;SERRA DA RAIZ; 5.959.147,43 ; 378.385,34 ; 2.152.148,79 ; 241.109,53 ; 2.771.643,66 ; 8.730.791,09 ;;;;
PB;2515708;SERRA GRANDE; 4.191.154,59 ; 266.123,89 ; 65.752,55 ; 438.386,87 ; 770.263,31 ; 4.961.417,90 ;;;;
PB;2515807;SERRA REDONDA; 8.049.677,18 ; 511.126,79 ; 4.455.530,75 ; 684.652,55 ; 5.651.310,09 ; 13.700.987,27 ;;;;
PB;2515906;SERRARIA; 5.983.921,73 ; 379.958,43 ; 1.934.522,22 ; 272.071,41 ; 2.586.552,06 ; 8.570.473,79 ;;;;
PB;2515930;SERTAOZINHO; 8.709.897,94 ; 553.048,53 ; 2.745.286,00 ; 796.412,05 ; 4.094.746,58 ; 12.804.644,52 ;;;;
PB;2515971;SOBRADO; 13.907.936,73 ; 883.106,10 ; 6.853.560,42 ; -   ; 7.736.666,52 ; 21.644.603,25 ;;;;
PB;2516003;SOLANEA; 23.642.678,07 ; 1.501.228,66 ; 5.065.143,99 ; -   ; 6.566.372,65 ; 30.209.050,72 ;;;;
PB;2516102;SOLEDADE; 18.845.666,14 ; 1.196.634,91 ; 7.471.030,74 ; 846.666,06 ; 9.514.331,71 ; 28.359.997,85 ;;;;
PB;2516151;SOSSEGO; 6.064.453,26 ; 385.071,90 ; 2.026.622,66 ; -   ; 2.411.694,56 ; 8.476.147,82 ;;;;
PB;2516201;SOUSA; 41.098.271,81 ; 2.609.598,76 ; 11.280.275,63 ; 4.114.408,91 ; 18.004.283,30 ; 59.102.555,11 ;;;;
PB;2516300;SUME; 17.507.812,19 ; 1.111.685,79 ; 6.398.474,88 ; 1.572.118,91 ; 9.082.279,58 ; 26.590.091,77 ;;;;
PB;2516409;TACIMA; 9.891.910,17 ; 628.102,24 ; 2.226.515,11 ; 861.650,79 ; 3.716.268,14 ; 13.608.178,31 ;;;;
PB;2516508;TAPEROA; 17.078.913,23 ; 1.084.452,19 ; 9.304.923,35 ; 1.461.612,78 ; 11.850.988,32 ; 28.929.901,55 ;;;;
PB;2516607;TAVARES; 15.467.071,85 ; 982.105,81 ; 4.786.779,55 ; 1.410.943,31 ; 7.179.828,67 ; 22.646.900,52 ;;;;
PB;2516706;TEIXEIRA; 21.987.875,13 ; 1.396.154,37 ; 12.415.003,54 ; 1.678.473,53 ; 15.489.631,44 ; 37.477.506,57 ;;;;
PB;2516755;TENORIO; 4.375.339,11 ; 277.818,97 ; 222.245,87 ; 410.931,15 ; 910.995,99 ; 5.286.335,10 ;;;;
PB;2516805;TRIUNFO; 22.551.139,85 ; 1.431.919,74 ; 16.244.825,77 ; 1.906.446,97 ; 19.583.192,48 ; 42.134.332,33 ;;;;
PB;2516904;UIRAUNA; 20.180.899,48 ; 1.281.417,63 ; 2.911.372,62 ; 1.746.953,62 ; 5.939.743,87 ; 26.120.643,35 ;;;;
PB;2517001;UMBUZEIRO; 21.422.241,02 ; 1.360.238,55 ; 10.784.139,81 ; 1.544.509,56 ; 13.688.887,92 ; 35.111.128,94 ;;;;
PB;2517100;VARZEA; 3.020.999,05 ; 191.823,04 ; -   ; 294.460,20 ; 486.283,24 ; 3.507.282,29 ;;;;
PB;2517209;VIEIROPOLIS; 7.671.818,40 ; 487.134,05 ; 6.287.110,88 ; 595.836,40 ; 7.370.081,33 ; 15.041.899,73 ;;;;
PB;2505501;VISTA SERRANA; 5.291.384,24 ; 335.984,68 ; 514.810,15 ; 250.857,79 ; 1.101.652,62 ; 6.393.036,86 ;;;;
PB;2517407;ZABELE; 3.906.146,99 ; 248.026,88 ; 675.807,41 ; -   ; 923.834,29 ; 4.829.981,28 ;;;;
PB;25;GOVERNO DO ESTADO; 1.784.169.701,78 ; 113.288.633,11 ; -   ; -   ; 113.288.633,11 ; 1.897.458.334,89 ;;;;
PE;2600054;ABREU E LIMA; 44.263.292,97 ; 5.629.705,90 ; 7.178.334,34 ; -   ; 12.808.040,24 ; 57.071.333,21 ;;;;
PE;2600104;AFOGADOS DA INGAZEIRA; 43.448.289,89 ; 5.526.048,28 ; 14.115.050,37 ; 4.699.936,81 ; 24.341.035,46 ; 67.789.325,35 ;;;;
PE;2600203;AFRANIO; 19.483.180,54 ; 2.478.003,08 ; 7.607.225,90 ; 1.855.858,36 ; 11.941.087,34 ; 31.424.267,88 ;;;;
PE;2600302;AGRESTINA; 23.645.402,62 ; 3.007.382,73 ; 6.366.345,20 ; 2.442.377,21 ; 11.816.105,14 ; 35.461.507,76 ;;;;
PE;2600401;AGUA PRETA; 25.605.272,67 ; 3.256.652,30 ; 7.549.370,69 ; 2.450.820,91 ; 13.256.843,90 ; 38.862.116,57 ;;;;
PE;2600500;AGUAS BELAS; 45.262.858,55 ; 5.756.837,44 ; 16.580.675,70 ; 4.524.777,77 ; 26.862.290,91 ; 72.125.149,46 ;;;;
PE;2600609;ALAGOINHA; 16.537.842,95 ; 2.103.395,07 ; 6.556.758,57 ; 1.536.217,81 ; 10.196.371,45 ; 26.734.214,40 ;;;;
PE;2600708;ALIANCA; 34.740.286,01 ; 4.418.505,27 ; 13.046.575,10 ; -   ; 17.465.080,37 ; 52.205.366,38 ;;;;
PE;2600807;ALTINHO; 15.697.444,54 ; 1.996.507,50 ; 5.141.687,18 ; 807.242,21 ; 7.945.436,89 ; 23.642.881,43 ;;;;
PE;2600906;AMARAJI; 18.787.151,35 ; 2.389.477,37 ; 6.748.665,69 ; 1.770.175,15 ; 10.908.318,21 ; 29.695.469,56 ;;;;
PE;2601003;ANGELIM; 12.016.147,74 ; 1.528.295,19 ; 3.194.415,66 ; 1.234.943,43 ; 5.957.654,28 ; 17.973.802,02 ;;;;
PE;2601052;ARACOIABA; 22.912.830,57 ; 2.914.209,24 ; 6.310.533,08 ; -   ; 9.224.742,32 ; 32.137.572,89 ;;;;
PE;2601102;ARARIPINA; 85.759.128,34 ; 10.907.427,78 ; 38.884.711,12 ; -   ; 49.792.138,90 ; 135.551.267,24 ;;;;
PE;2601201;ARCOVERDE; 48.054.083,95 ; 6.111.844,42 ; 9.054.832,12 ; -   ; 15.166.676,54 ; 63.220.760,49 ;;;;
PE;2601300;BARRA DE GUABIRABA; 13.232.997,88 ; 1.683.062,45 ; 4.422.663,81 ; -   ; 6.105.726,26 ; 19.338.724,14 ;;;;
PE;2601409;BARREIROS; 49.168.932,34 ; 6.253.638,40 ; 24.410.824,79 ; 4.077.592,56 ; 34.742.055,75 ; 83.910.988,09 ;;;;
PE;2601508;BELEM DE MARIA; 14.131.794,86 ; 1.797.377,55 ; 5.220.054,65 ; 1.320.493,95 ; 8.337.926,15 ; 22.469.721,01 ;;;;
PE;2601607;BELEM DO SAO FRANCISCO; 18.203.724,30 ; 2.315.273,16 ; 7.330.796,55 ; -   ; 9.646.069,71 ; 27.849.794,01 ;;;;
PE;2601706;BELO JARDIM; 75.843.333,02 ; 9.646.269,65 ; 33.201.717,87 ; -   ; 42.847.987,52 ; 118.691.320,54 ;;;;
PE;2601805;BETANIA; 17.886.963,13 ; 2.274.985,32 ; 9.372.844,38 ; 1.733.020,18 ; 13.380.849,88 ; 31.267.813,01 ;;;;
PE;2601904;BEZERROS; 45.037.023,67 ; 5.728.114,22 ; 16.610.153,16 ; -   ; 22.338.267,38 ; 67.375.291,05 ;;;;
PE;2602001;BODOCO; 35.206.053,94 ; 4.477.744,80 ; 9.332.788,23 ; -   ; 13.810.533,03 ; 49.016.586,97 ;;;;
PE;2602100;BOM CONSELHO; 44.163.835,36 ; 5.617.056,21 ; 14.702.945,63 ; 4.248.608,48 ; 24.568.610,32 ; 68.732.445,68 ;;;;
PE;2602209;BOM JARDIM; 37.169.916,45 ; 4.727.522,15 ; 16.076.285,91 ; 3.396.496,14 ; 24.200.304,20 ; 61.370.220,65 ;;;;
PE;2602308;BONITO; 37.407.717,29 ; 4.757.767,28 ; 10.813.595,34 ; -   ; 15.571.362,62 ; 52.979.079,91 ;;;;
PE;2602407;BREJAO; 15.474.861,82 ; 1.968.197,92 ; 7.836.065,80 ; -   ; 9.804.263,72 ; 25.279.125,54 ;;;;
PE;2602506;BREJINHO; 9.559.156,54 ; 1.215.798,38 ; 1.169.602,47 ; -   ; 2.385.400,85 ; 11.944.557,39 ;;;;
PE;2602605;BREJO DA MADRE DE DEUS; 51.290.205,33 ; 6.523.436,29 ; 17.486.463,37 ; -   ; 24.009.899,66 ; 75.300.104,99 ;;;;
PE;2602704;BUENOS AIRES; 13.370.062,96 ; 1.700.495,32 ; 4.634.958,44 ; 608.598,32 ; 6.944.052,08 ; 20.314.115,04 ;;;;
PE;2602803;BUIQUE; 57.535.842,05 ; 7.317.798,74 ; 21.529.285,10 ; 5.423.596,29 ; 34.270.680,13 ; 91.806.522,18 ;;;;
PE;2602902;CABO DE SANTO AGOSTINHO; 190.892.845,08 ; 24.279.047,15 ; -   ; 18.663.276,91 ; 42.942.324,06 ; 233.835.169,14 ;;;;
PE;2603009;CABROBO; 35.632.885,70 ; 4.532.032,16 ; 16.748.949,95 ; 1.771.169,02 ; 23.052.151,13 ; 58.685.036,83 ;;;;
PE;2603108;CACHOEIRINHA; 16.498.136,76 ; 2.098.344,96 ; 7.193.366,75 ; 1.678.062,42 ; 10.969.774,13 ; 27.467.910,89 ;;;;
PE;2603207;CAETES; 33.945.913,82 ; 4.317.471,63 ; 13.270.932,24 ; -   ; 17.588.403,87 ; 51.534.317,69 ;;;;
PE;2603306;CALCADO; 10.926.840,12 ; 1.389.749,66 ; 1.172.141,56 ; -   ; 2.561.891,22 ; 13.488.731,34 ;;;;
PE;2603405;CALUMBI; 9.497.876,66 ; 1.208.004,39 ; 4.541.739,58 ; 881.634,83 ; 6.631.378,80 ; 16.129.255,46 ;;;;
PE;2603454;CAMARAGIBE; 63.861.383,33 ; 8.122.324,00 ; -   ; -   ; 8.122.324,00 ; 71.983.707,33 ;;;;
PE;2603504;CAMOCIM DE SAO FELIX; 18.063.035,53 ; 2.297.379,41 ; 8.202.741,52 ; -   ; 10.500.120,93 ; 28.563.156,46 ;;;;
PE;2603603;CAMUTANGA; 7.621.020,23 ; 969.293,06 ; 963.172,25 ; 714.124,61 ; 2.646.589,92 ; 10.267.610,15 ;;;;
PE;2603702;CANHOTINHO; 26.857.227,66 ; 3.415.884,43 ; 8.702.775,47 ; 2.633.741,91 ; 14.752.401,81 ; 41.609.629,47 ;;;;
PE;2603801;CAPOEIRAS; 23.573.183,39 ; 2.998.197,39 ; 10.438.046,08 ; 2.111.933,86 ; 15.548.177,33 ; 39.121.360,72 ;;;;
PE;2603900;CARNAIBA; 28.674.474,16 ; 3.647.014,16 ; 14.388.224,12 ; 2.752.737,14 ; 20.787.975,42 ; 49.462.449,58 ;;;;
PE;2603926;CARNAUBEIRA DA PENHA; 9.055.034,60 ; 1.151.680,74 ; -   ; 890.674,11 ; 2.042.354,85 ; 11.097.389,45 ;;;;
PE;2604007;CARPINA; 54.599.122,44 ; 6.944.286,82 ; 13.943.140,34 ; 5.607.256,93 ; 26.494.684,09 ; 81.093.806,53 ;;;;
PE;2604106;CARUARU; 341.532.120,42 ; 43.438.372,20 ; 114.710.614,06 ; -   ; 158.148.986,26 ; 499.681.106,68 ;;;;
PE;2604155;CASINHAS; 19.872.755,70 ; 2.527.551,90 ; 10.418.162,14 ; 2.163.895,95 ; 15.109.609,99 ; 34.982.365,69 ;;;;
PE;2604205;CATENDE; 31.450.693,49 ; 4.000.112,58 ; 13.363.294,40 ; 2.748.439,98 ; 20.111.846,96 ; 51.562.540,45 ;;;;
PE;2604304;CEDRO; 11.761.849,53 ; 1.495.951,82 ; 4.884.025,06 ; 1.079.692,89 ; 7.459.669,77 ; 19.221.519,30 ;;;;
PE;2604403;CHA DE ALEGRIA; 15.304.616,06 ; 1.946.544,90 ; 6.740.699,04 ; 1.440.926,96 ; 10.128.170,90 ; 25.432.786,96 ;;;;
PE;2604502;CHA GRANDE; 30.633.611,27 ; 3.896.190,52 ; 7.108.118,66 ; 3.108.515,55 ; 14.112.824,73 ; 44.746.436,00 ;;;;
PE;2604601;CONDADO; 25.123.674,95 ; 3.195.399,43 ; 8.705.411,36 ; -   ; 11.900.810,79 ; 37.024.485,74 ;;;;
PE;2604700;CORRENTES; 17.861.583,89 ; 2.271.757,42 ; 5.556.819,46 ; 1.705.745,04 ; 9.534.321,92 ; 27.395.905,81 ;;;;
PE;2604809;CORTES; 12.431.394,40 ; 1.581.109,08 ; 956.969,28 ; -   ; 2.538.078,36 ; 14.969.472,76 ;;;;
PE;2604908;CUMARU; 21.534.629,67 ; 2.738.920,30 ; 10.136.208,91 ; 1.879.064,88 ; 14.754.194,09 ; 36.288.823,76 ;;;;
PE;2605004;CUPIRA; 35.347.538,64 ; 4.495.739,78 ; 19.995.567,06 ; 3.720.098,34 ; 28.211.405,18 ; 63.558.943,82 ;;;;
PE;2605103;CUSTODIA; 44.597.993,01 ; 5.672.275,32 ; 8.806.725,40 ; 4.766.090,49 ; 19.245.091,21 ; 63.843.084,22 ;;;;
PE;2605152;DORMENTES; 19.154.149,14 ; 2.436.154,64 ; 3.943.110,92 ; -   ; 6.379.265,56 ; 25.533.414,70 ;;;;
PE;2605202;ESCADA; 44.566.918,02 ; 5.668.323,00 ; 13.685.659,78 ; 4.334.388,61 ; 23.688.371,39 ; 68.255.289,41 ;;;;
PE;2605301;EXU; 35.528.286,23 ; 4.518.728,48 ; 15.604.440,71 ; 3.454.797,08 ; 23.577.966,27 ; 59.106.252,50 ;;;;
PE;2605400;FEIRA NOVA; 21.837.710,31 ; 2.777.468,15 ; 8.043.979,75 ; -   ; 10.821.447,90 ; 32.659.158,21 ;;;;
PE;2605509;FERREIROS; 10.417.330,51 ; 1.324.946,77 ; 2.438.086,24 ; 1.011.888,06 ; 4.774.921,07 ; 15.192.251,58 ;;;;
PE;2605608;FLORES; 20.001.828,30 ; 2.543.968,22 ; 8.892.269,00 ; 1.972.904,50 ; 13.409.141,72 ; 33.410.970,02 ;;;;
PE;2605707;FLORESTA; 31.418.524,44 ; 3.996.021,10 ; 9.031.770,58 ; -   ; 13.027.791,68 ; 44.446.316,12 ;;;;
PE;2605806;FREI MIGUELINHO; 13.976.477,58 ; 1.777.623,24 ; 4.171.044,28 ; -   ; 5.948.667,52 ; 19.925.145,10 ;;;;
PE;2605905;GAMELEIRA; 21.194.138,32 ; 2.695.614,30 ; 5.975.058,48 ; 2.039.128,19 ; 10.709.800,97 ; 31.903.939,29 ;;;;
PE;2606002;GARANHUNS; 115.422.284,53 ; 14.680.189,23 ; 28.987.802,06 ; -   ; 43.667.991,29 ; 159.090.275,82 ;;;;
PE;2606101;GLORIA DO GOITA; 27.922.896,26 ; 3.551.423,39 ; 8.845.864,50 ; -   ; 12.397.287,89 ; 40.320.184,15 ;;;;
PE;2606200;GOIANA; 72.523.776,03 ; 9.224.065,87 ; -   ; 6.829.509,17 ; 16.053.575,04 ; 88.577.351,07 ;;;;
PE;2606309;GRANITO; 10.477.134,55 ; 1.332.553,05 ; 5.372.819,89 ; -   ; 6.705.372,94 ; 17.182.507,49 ;;;;
PE;2606408;GRAVATA; 57.973.164,64 ; 7.373.420,40 ; 5.694.140,82 ; -   ; 13.067.561,22 ; 71.040.725,86 ;;;;
PE;2606507;IATI; 20.554.460,55 ; 2.614.255,75 ; 4.255.433,19 ; -   ; 6.869.688,94 ; 27.424.149,49 ;;;;
PE;2606606;IBIMIRIM; 24.036.646,48 ; 3.057.143,78 ; 9.049.709,26 ; -   ; 12.106.853,04 ; 36.143.499,52 ;;;;
PE;2606705;IBIRAJUBA; 7.673.532,27 ; 975.971,89 ; 730.137,34 ; 786.948,37 ; 2.493.057,60 ; 10.166.589,87 ;;;;
PE;2606804;IGARASSU; 99.089.669,86 ; 12.602.896,49 ; 27.570.621,99 ; 9.839.504,10 ; 50.013.022,58 ; 149.102.692,44 ;;;;
PE;2606903;IGUARACY; 12.221.959,92 ; 1.554.471,78 ; 2.576.811,37 ; -   ; 4.131.283,15 ; 16.353.243,07 ;;;;
PE;2607604;ILHA DE ITAMARACA; 13.067.073,03 ; 1.661.959,00 ; 935.517,60 ; 1.322.902,08 ; 3.920.378,68 ; 16.987.451,71 ;;;;
PE;2607000;INAJA; 26.754.003,02 ; 3.402.755,62 ; 12.727.719,89 ; -   ; 16.130.475,51 ; 42.884.478,53 ;;;;
PE;2607109;INGAZEIRA; 6.116.784,52 ; 777.974,16 ; 1.161.891,77 ; 624.678,29 ; 2.564.544,22 ; 8.681.328,74 ;;;;
PE;2607208;IPOJUCA; 134.144.036,69 ; 17.061.348,69 ; -   ; 14.152.792,79 ; 31.214.141,48 ; 165.358.178,17 ;;;;
PE;2607307;IPUBI; 44.954.973,18 ; 5.717.678,48 ; 26.359.900,82 ; -   ; 32.077.579,30 ; 77.032.552,48 ;;;;
PE;2607406;ITACURUBA; 5.022.350,93 ; 638.776,66 ; -   ; -   ; 638.776,66 ; 5.661.127,59 ;;;;
PE;2607505;ITAIBA; 36.384.871,00 ; 4.627.674,75 ; 23.197.283,24 ; -   ; 27.824.957,99 ; 64.209.828,99 ;;;;
PE;2607653;ITAMBE; 25.428.901,36 ; 3.234.220,20 ; 3.276.922,96 ; -   ; 6.511.143,16 ; 31.940.044,52 ;;;;
PE;2607703;ITAPETIM; 13.955.601,83 ; 1.774.968,12 ; 2.416.438,54 ; 740.335,02 ; 4.931.741,68 ; 18.887.343,51 ;;;;
PE;2607752;ITAPISSUMA; 28.444.384,17 ; 3.617.749,76 ; 6.428.062,57 ; -   ; 10.045.812,33 ; 38.490.196,50 ;;;;
PE;2607802;ITAQUITINGA; 11.840.564,65 ; 1.505.963,34 ; -   ; -   ; 1.505.963,34 ; 13.346.527,99 ;;;;
PE;2607901;JABOATAO DOS GUARARAPES; 385.415.235,46 ; 49.019.724,49 ; 2.619.265,00 ; -   ; 51.638.989,49 ; 437.054.224,95 ;;;;
PE;2607950;JAQUEIRA; 14.624.918,18 ; 1.860.096,32 ; 6.422.144,43 ; 1.374.899,85 ; 9.657.140,60 ; 24.282.058,78 ;;;;
PE;2608008;JATAUBA; 20.990.775,64 ; 2.669.749,26 ; 5.261.109,40 ; 1.007.056,66 ; 8.937.915,32 ; 29.928.690,96 ;;;;
PE;2608057;JATOBA; 9.664.801,94 ; 1.229.235,08 ; -   ; -   ; 1.229.235,08 ; 10.894.037,02 ;;;;
PE;2608107;JOAO ALFREDO; 31.089.523,81 ; 3.954.176,57 ; 15.072.291,13 ; -   ; 19.026.467,70 ; 50.115.991,51 ;;;;
PE;2608206;JOAQUIM NABUCO; 18.247.505,60 ; 2.320.841,56 ; 12.603.354,86 ; 1.416.040,99 ; 16.340.237,41 ; 34.587.743,01 ;;;;
PE;2608255;JUCATI; 16.172.707,12 ; 2.056.954,61 ; 4.841.184,75 ; -   ; 6.898.139,36 ; 23.070.846,48 ;;;;
PE;2608305;JUPI; 26.244.934,43 ; 3.338.008,82 ; 13.495.017,44 ; -   ; 16.833.026,26 ; 43.077.960,69 ;;;;
PE;2608404;JUREMA; 20.792.822,08 ; 2.644.572,18 ; 10.829.193,54 ; 1.937.453,61 ; 15.411.219,33 ; 36.204.041,41 ;;;;
PE;2608503;LAGOA DE ITAENGA; 17.258.820,04 ; 2.195.093,83 ; 4.125.563,21 ; 1.617.897,09 ; 7.938.554,13 ; 25.197.374,17 ;;;;
PE;2608453;LAGOA DO CARRO; 17.482.606,32 ; 2.223.556,48 ; 5.254.427,69 ; 1.750.972,29 ; 9.228.956,46 ; 26.711.562,78 ;;;;
PE;2608602;LAGOA DO OURO; 15.521.254,29 ; 1.974.098,43 ; 5.156.577,51 ; 1.563.064,65 ; 8.693.740,59 ; 24.214.994,88 ;;;;
PE;2608701;LAGOA DOS GATOS; 16.325.785,98 ; 2.076.424,22 ; 4.152.528,17 ; 1.631.970,32 ; 7.860.922,71 ; 24.186.708,69 ;;;;
PE;2608750;LAGOA GRANDE; 38.483.165,25 ; 4.894.550,05 ; 22.273.446,94 ; 1.806.592,98 ; 28.974.589,97 ; 67.457.755,22 ;;;;
PE;2608800;LAJEDO; 49.032.581,63 ; 6.236.296,39 ; 17.153.069,76 ; 4.846.429,79 ; 28.235.795,94 ; 77.268.377,57 ;;;;
PE;2608909;LIMOEIRO; 43.302.198,08 ; 5.507.467,33 ; 18.332.821,60 ; 2.068.994,93 ; 25.909.283,86 ; 69.211.481,94 ;;;;
PE;2609006;MACAPARANA; 24.094.589,92 ; 3.064.513,42 ; 7.420.274,65 ; -   ; 10.484.788,07 ; 34.579.377,99 ;;;;
PE;2609105;MACHADOS; 14.230.967,54 ; 1.809.991,00 ; 4.812.458,13 ; -   ; 6.622.449,13 ; 20.853.416,67 ;;;;
PE;2609154;MANARI; 31.394.762,34 ; 3.992.998,87 ; 20.652.590,72 ; 1.307.025,61 ; 25.952.615,20 ; 57.347.377,54 ;;;;
PE;2609204;MARAIAL; 13.176.163,71 ; 1.675.833,90 ; 4.631.321,93 ; 1.195.997,10 ; 7.503.152,93 ; 20.679.316,64 ;;;;
PE;2609303;MIRANDIBA; 17.535.016,62 ; 2.230.222,38 ; 7.259.035,22 ; 1.743.410,61 ; 11.232.668,21 ; 28.767.684,83 ;;;;
PE;2614303;MOREILANDIA; 10.986.575,61 ; 1.397.347,22 ; 3.657.620,29 ; 1.102.141,78 ; 6.157.109,29 ; 17.143.684,90 ;;;;
PE;2609402;MORENO; 38.175.081,27 ; 4.855.365,83 ; 4.979.898,87 ; 3.876.962,70 ; 13.712.227,40 ; 51.887.308,67 ;;;;
PE;2609501;NAZARE DA MATA; 17.685.825,75 ; 2.249.403,31 ; 3.831.778,65 ; 1.800.916,54 ; 7.882.098,50 ; 25.567.924,25 ;;;;
PE;2609600;OLINDA; 163.038.905,48 ; 20.736.394,13 ; -   ; -   ; 20.736.394,13 ; 183.775.299,61 ;;;;
PE;2609709;OROBO; 27.380.368,65 ; 3.482.421,05 ; 9.905.054,15 ; -   ; 13.387.475,20 ; 40.767.843,85 ;;;;
PE;2609808;OROCO; 20.475.384,44 ; 2.604.198,31 ; 9.096.771,16 ; 1.820.952,92 ; 13.521.922,39 ; 33.997.306,83 ;;;;
PE;2609907;OURICURI; 56.057.311,58 ; 7.129.749,21 ; 14.928.947,59 ; 5.309.383,74 ; 27.368.080,54 ; 83.425.392,12 ;;;;
PE;2610004;PALMARES; 48.281.336,58 ; 6.140.747,95 ; 18.924.513,98 ; -   ; 25.065.261,93 ; 73.346.598,51 ;;;;
PE;2610103;PALMEIRINA; 7.836.832,85 ; 996.741,57 ; 1.537.974,21 ; 742.179,45 ; 3.276.895,23 ; 11.113.728,08 ;;;;
PE;2610202;PANELAS; 36.929.297,29 ; 4.696.918,58 ; 10.921.983,35 ; 3.850.280,72 ; 19.469.182,65 ; 56.398.479,94 ;;;;
PE;2610301;PARANATAMA; 16.219.267,53 ; 2.062.876,48 ; 3.801.212,74 ; 1.507.564,39 ; 7.371.653,61 ; 23.590.921,14 ;;;;
PE;2610400;PARNAMIRIM; 22.083.943,44 ; 2.808.785,76 ; 9.577.645,30 ; 980.334,56 ; 13.366.765,62 ; 35.450.709,06 ;;;;
PE;2610509;PASSIRA; 25.066.338,70 ; 3.188.107,02 ; 7.554.611,61 ; 2.587.860,80 ; 13.330.579,43 ; 38.396.918,13 ;;;;
PE;2610608;PAUDALHO; 58.721.133,71 ; 7.468.552,18 ; 26.764.799,45 ; 5.705.686,36 ; 39.939.037,99 ; 98.660.171,70 ;;;;
PE;2610707;PAULISTA; 148.408.217,46 ; 18.875.563,97 ; 29.126.814,64 ; -   ; 48.002.378,61 ; 196.410.596,07 ;;;;
PE;2610806;PEDRA; 20.025.533,63 ; 2.546.983,23 ; 8.345.199,40 ; -   ; 10.892.182,63 ; 30.917.716,26 ;;;;
PE;2610905;PESQUEIRA; 62.673.617,24 ; 7.971.255,85 ; 21.874.275,01 ; -   ; 29.845.530,86 ; 92.519.148,10 ;;;;
PE;2611002;PETROLANDIA; 41.578.992,93 ; 5.288.298,41 ; 13.943.525,21 ; -   ; 19.231.823,62 ; 60.810.816,55 ;;;;
PE;2611101;PETROLINA; 421.982.735,31 ; 53.670.627,21 ; 214.856.296,65 ; -   ; 268.526.923,86 ; 690.509.659,17 ;;;;
PE;2611200;POCAO; 12.020.817,82 ; 1.528.889,16 ; 2.875.024,35 ; -   ; 4.403.913,51 ; 16.424.731,33 ;;;;
PE;2611309;POMBOS; 22.506.552,91 ; 2.862.536,09 ; -   ; -   ; 2.862.536,09 ; 25.369.089,00 ;;;;
PE;2611408;PRIMAVERA; 11.664.182,14 ; 1.483.529,82 ; 2.750.514,31 ; 1.100.830,92 ; 5.334.875,05 ; 16.999.057,19 ;;;;
PE;2611507;QUIPAPA; 20.760.513,31 ; 2.640.462,93 ; 6.087.333,03 ; 1.942.291,57 ; 10.670.087,53 ; 31.430.600,84 ;;;;
PE;2611533;QUIXABA; 13.147.190,37 ; 1.672.148,87 ; 5.798.469,94 ; 1.441.079,92 ; 8.911.698,73 ; 22.058.889,10 ;;;;
PE;2611606;RECIFE; 725.129.798,32 ; 92.226.927,39 ; -   ; -   ; 92.226.927,39 ; 817.356.725,71 ;;;;
PE;2611705;RIACHO DAS ALMAS; 27.615.719,92 ; 3.512.354,62 ; 13.202.171,44 ; 2.643.350,55 ; 19.357.876,61 ; 46.973.596,53 ;;;;
PE;2611804;RIBEIRAO; 26.395.791,63 ; 3.357.195,86 ; 2.755.954,80 ; 2.711.630,98 ; 8.824.781,64 ; 35.220.573,27 ;;;;
PE;2611903;RIO FORMOSO; 28.843.310,25 ; 3.668.487,88 ; 9.126.207,71 ; 2.986.458,02 ; 15.781.153,61 ; 44.624.463,86 ;;;;
PE;2612000;SAIRE; 10.051.556,62 ; 1.278.425,16 ; 2.170.383,14 ; 512.885,35 ; 3.961.693,65 ; 14.013.250,27 ;;;;
PE;2612109;SALGADINHO; 6.340.143,92 ; 806.382,52 ; -   ; 597.607,72 ; 1.403.990,24 ; 7.744.134,16 ;;;;
PE;2612208;SALGUEIRO; 57.237.595,51 ; 7.279.865,73 ; 19.820.342,73 ; 2.950.502,23 ; 30.050.710,69 ; 87.288.306,20 ;;;;
PE;2612307;SALOA; 18.791.977,60 ; 2.390.091,21 ; 7.542.609,30 ; 2.030.209,52 ; 11.962.910,03 ; 30.754.887,63 ;;;;
PE;2612406;SANHARO; 21.307.295,73 ; 2.710.006,43 ; 8.745.122,24 ; -   ; 11.455.128,67 ; 32.762.424,40 ;;;;
PE;2612455;SANTA CRUZ; 19.893.096,23 ; 2.530.138,94 ; 5.903.423,07 ; -   ; 8.433.562,01 ; 28.326.658,24 ;;;;
PE;2612471;SANTA CRUZ DA BAIXA VERDE; 12.989.920,66 ; 1.652.146,24 ; 4.246.272,82 ; 1.323.092,17 ; 7.221.511,23 ; 20.211.431,89 ;;;;
PE;2612505;SANTA CRUZ DO CAPIBARIBE; 97.279.134,45 ; 12.372.620,31 ; 38.017.724,07 ; -   ; 50.390.344,38 ; 147.669.478,83 ;;;;
PE;2612554;SANTA FILOMENA; 15.736.475,50 ; 2.001.471,72 ; 5.303.275,21 ; -   ; 7.304.746,93 ; 23.041.222,43 ;;;;
PE;2612604;SANTA MARIA DA BOA VISTA; 58.414.566,45 ; 7.429.560,87 ; 33.265.932,23 ; 5.124.121,21 ; 45.819.614,31 ; 104.234.180,76 ;;;;
PE;2612703;SANTA MARIA DO CAMBUCA; 14.240.592,07 ; 1.811.215,12 ; 4.463.540,40 ; 1.298.484,32 ; 7.573.239,84 ; 21.813.831,91 ;;;;
PE;2612802;SANTA TEREZINHA; 10.946.135,28 ; 1.392.203,75 ; 1.600.159,22 ; 1.073.862,16 ; 4.066.225,13 ; 15.012.360,41 ;;;;
PE;2612901;SAO BENEDITO DO SUL; 12.286.370,30 ; 1.562.663,93 ; 2.763.219,40 ; -   ; 4.325.883,33 ; 16.612.253,63 ;;;;
PE;2613008;SAO BENTO DO UNA; 56.915.177,48 ; 7.238.858,41 ; 20.087.046,69 ; -   ; 27.325.905,10 ; 84.241.082,58 ;;;;
PE;2613107;SAO CAITANO; 34.783.566,73 ; 4.424.010,01 ; 13.616.805,18 ; 3.400.015,72 ; 21.440.830,91 ; 56.224.397,64 ;;;;
PE;2613206;SAO JOAO; 27.046.782,00 ; 3.439.993,23 ; 8.579.935,68 ; 2.752.036,41 ; 14.771.965,32 ; 41.818.747,32 ;;;;
PE;2613305;SAO JOAQUIM DO MONTE; 21.604.436,32 ; 2.747.798,79 ; 6.417.364,23 ; 1.145.653,45 ; 10.310.816,47 ; 31.915.252,79 ;;;;
PE;2613404;SAO JOSE DA COROA GRANDE; 25.341.456,46 ; 3.223.098,36 ; 9.546.709,30 ; -   ; 12.769.807,66 ; 38.111.264,12 ;;;;
PE;2613503;SAO JOSE DO BELMONTE; 33.471.492,82 ; 4.257.131,54 ; 10.117.929,89 ; 1.680.942,14 ; 16.056.003,57 ; 49.527.496,39 ;;;;
PE;2613602;SAO JOSE DO EGITO; 30.982.189,27 ; 3.940.525,03 ; 14.430.077,59 ; 1.576.239,06 ; 19.946.841,68 ; 50.929.030,95 ;;;;
PE;2613701;SAO LOURENCO DA MATA; 83.012.121,56 ; 10.558.044,82 ; 33.729.714,23 ; 8.292.486,31 ; 52.580.245,36 ; 135.592.366,92 ;;;;
PE;2613800;SAO VICENTE FERRER; 16.543.534,56 ; 2.104.118,96 ; 4.505.933,58 ; 1.628.410,12 ; 8.238.462,66 ; 24.781.997,22 ;;;;
PE;2613909;SERRA TALHADA; 80.209.689,14 ; 10.201.612,45 ; 24.625.919,06 ; 8.326.771,36 ; 43.154.302,87 ; 123.363.992,01 ;;;;
PE;2614006;SERRITA; 24.750.767,30 ; 3.147.970,51 ; 10.318.569,69 ; -   ; 13.466.540,20 ; 38.217.307,50 ;;;;
PE;2614105;SERTANIA; 28.959.131,35 ; 3.683.218,80 ; 9.633.485,08 ; 2.902.042,10 ; 16.218.745,98 ; 45.177.877,33 ;;;;
PE;2614204;SIRINHAEM; 40.702.641,99 ; 5.176.838,15 ; 6.070.729,91 ; 4.025.908,66 ; 15.273.476,72 ; 55.976.118,71 ;;;;
PE;2614402;SOLIDAO; 8.833.878,53 ; 1.123.552,61 ; 2.696.891,47 ; 903.617,99 ; 4.724.062,07 ; 13.557.940,60 ;;;;
PE;2614501;SURUBIM; 47.436.930,34 ; 6.033.350,64 ; 23.627.214,85 ; 4.604.073,44 ; 34.264.638,93 ; 81.701.569,27 ;;;;
PE;2614600;TABIRA; 29.248.032,44 ; 3.719.963,20 ; 10.620.747,86 ; 2.808.477,32 ; 17.149.188,38 ; 46.397.220,82 ;;;;
PE;2614709;TACAIMBO; 11.281.491,78 ; 1.434.856,66 ; 800.885,15 ; 1.057.923,12 ; 3.293.664,93 ; 14.575.156,71 ;;;;
PE;2614808;TACARATU; 21.375.622,72 ; 2.718.696,72 ; 3.583.293,85 ; 1.015.779,12 ; 7.317.769,69 ; 28.693.392,41 ;;;;
PE;2614857;TAMANDARE; 27.238.990,55 ; 3.464.439,62 ; 2.607.027,95 ; -   ; 6.071.467,57 ; 33.310.458,12 ;;;;
PE;2615003;TAQUARITINGA DO NORTE; 23.913.090,28 ; 3.041.429,06 ; 5.351.651,71 ; -   ; 8.393.080,77 ; 32.306.171,05 ;;;;
PE;2615102;TEREZINHA; 9.644.451,13 ; 1.226.646,73 ; 2.666.906,73 ; -   ; 3.893.553,46 ; 13.538.004,59 ;;;;
PE;2615201;TERRA NOVA; 11.566.169,40 ; 1.471.063,90 ; 3.878.786,77 ; 1.212.598,75 ; 6.562.449,42 ; 18.128.618,82 ;;;;
PE;2615300;TIMBAUBA; 35.132.338,81 ; 4.468.369,21 ; 3.728.789,07 ; 3.338.852,78 ; 11.536.011,06 ; 46.668.349,87 ;;;;
PE;2615409;TORITAMA; 51.847.781,94 ; 6.594.352,67 ; 23.331.820,19 ; -   ; 29.926.172,86 ; 81.773.954,80 ;;;;
PE;2615508;TRACUNHAEM; 11.558.292,59 ; 1.470.062,07 ; 3.694.597,87 ; -   ; 5.164.659,94 ; 16.722.952,53 ;;;;
PE;2615607;TRINDADE; 36.349.629,40 ; 4.623.192,48 ; 17.483.931,07 ; -   ; 22.107.123,55 ; 58.456.752,95 ;;;;
PE;2615706;TRIUNFO; 17.193.579,25 ; 2.186.796,06 ; 4.745.407,56 ; 1.762.926,87 ; 8.695.130,49 ; 25.888.709,74 ;;;;
PE;2615805;TUPANATINGA; 30.674.098,98 ; 3.901.340,02 ; 11.481.919,72 ; 2.962.615,65 ; 18.345.875,39 ; 49.019.974,37 ;;;;
PE;2615904;TUPARETAMA; 10.196.660,61 ; 1.296.880,48 ; 4.949.453,54 ; 1.020.063,42 ; 7.266.397,44 ; 17.463.058,05 ;;;;
PE;2616001;VENTUROSA; 16.189.680,59 ; 2.059.113,42 ; 4.857.465,94 ; 1.596.066,56 ; 8.512.645,92 ; 24.702.326,51 ;;;;
PE;2616100;VERDEJANTE; 11.300.455,65 ; 1.437.268,62 ; 3.210.612,44 ; 1.055.771,47 ; 5.703.652,53 ; 17.004.108,18 ;;;;
PE;2616183;VERTENTE DO LERIO; 12.167.481,42 ; 1.547.542,84 ; 6.137.356,26 ; 1.120.477,71 ; 8.805.376,81 ; 20.972.858,23 ;;;;
PE;2616209;VERTENTES; 21.197.437,54 ; 2.696.033,92 ; 8.671.171,47 ; 2.066.942,21 ; 13.434.147,60 ; 34.631.585,14 ;;;;
PE;2616308;VICENCIA; 31.960.636,13 ; 4.064.970,54 ; 14.204.847,83 ; -   ; 18.269.818,37 ; 50.230.454,50 ;;;;
PE;2616407;VITORIA DE SANTO ANTAO; 98.942.073,79 ; 12.584.124,22 ; 20.467.227,57 ; 9.948.047,11 ; 42.999.398,90 ; 141.941.472,69 ;;;;
PE;2616506;XEXEU; 21.150.562,61 ; 2.690.072,05 ; 8.625.964,59 ; 1.938.079,64 ; 13.254.116,28 ; 34.404.678,89 ;;;;
PE;26;GOVERNO DO ESTADO; 4.046.387.084,00 ; 514.646.962,02 ; -   ; 335.812.234,13 ; 850.459.196,15 ; 4.896.846.280,15 ;;;;
PI;2200053;ACAUA; 7.503.722,97 ; 3.190.266,62 ; 5.946.250,49 ; -   ; 9.136.517,11 ; 16.640.240,08 ;;;;
PI;2200103;AGRICOLANDIA; 6.746.891,92 ; 2.868.493,97 ; 5.163.168,95 ; -   ; 8.031.662,92 ; 14.778.554,84 ;;;;
PI;2200202;AGUA BRANCA; 19.924.574,97 ; 8.471.089,19 ; 13.758.206,94 ; 2.128.950,75 ; 24.358.246,88 ; 44.282.821,85 ;;;;
PI;2200251;ALAGOINHA DO PIAUI; 5.465.709,64 ; 2.323.789,29 ; 5.130.546,31 ; 629.230,74 ; 8.083.566,34 ; 13.549.275,98 ;;;;
PI;2200277;ALEGRETE DO PIAUI; 5.901.344,36 ; 2.509.002,80 ; 3.799.145,51 ; 663.953,78 ; 6.972.102,09 ; 12.873.446,45 ;;;;
PI;2200301;ALTO LONGA; 11.049.767,05 ; 4.697.895,05 ; 7.622.328,66 ; 1.217.804,14 ; 13.538.027,85 ; 24.587.794,90 ;;;;
PI;2200400;ALTOS; 57.319.288,67 ; 24.369.744,77 ; 50.004.472,69 ; 5.962.904,65 ; 80.337.122,11 ; 137.656.410,78 ;;;;
PI;2200459;ALVORADA DO GURGUEIA; 6.768.539,60 ; 2.877.697,66 ; 3.614.212,03 ; 616.120,96 ; 7.108.030,65 ; 13.876.570,25 ;;;;
PI;2200509;AMARANTE; 23.129.637,47 ; 9.833.746,63 ; 17.125.928,56 ; 2.102.494,64 ; 29.062.169,83 ; 52.191.807,30 ;;;;
PI;2200608;ANGICAL DO PIAUI; 9.209.312,77 ; 3.915.411,49 ; 11.334.414,85 ; 999.590,09 ; 16.249.416,43 ; 25.458.729,20 ;;;;
PI;2200707;ANISIO DE ABREU; 12.271.990,42 ; 5.217.532,90 ; 8.546.458,23 ; 1.359.940,05 ; 15.123.931,18 ; 27.395.921,60 ;;;;
PI;2200806;ANTONIO ALMEIDA; 4.139.602,08 ; 1.759.984,27 ; 1.353.071,81 ; 473.080,67 ; 3.586.136,75 ; 7.725.738,83 ;;;;
PI;2200905;AROAZES; 6.510.029,59 ; 2.767.790,09 ; 4.011.147,57 ; -   ; 6.778.937,66 ; 13.288.967,25 ;;;;
PI;2200954;AROEIRAS DO ITAIM; 5.273.487,56 ; 2.242.064,56 ; 4.413.489,37 ; -   ; 6.655.553,93 ; 11.929.041,49 ;;;;
PI;2201002;ARRAIAL; 7.302.442,78 ; 3.104.690,77 ; 5.578.798,36 ; 764.641,26 ; 9.448.130,39 ; 16.750.573,17 ;;;;
PI;2201051;ASSUNCAO DO PIAUI; 11.644.551,80 ; 4.950.772,45 ; 6.818.788,62 ; -   ; 11.769.561,07 ; 23.414.112,87 ;;;;
PI;2201101;AVELINO LOPES; 12.224.950,49 ; 5.197.533,50 ; 7.597.017,47 ; -   ; 12.794.550,97 ; 25.019.501,46 ;;;;
PI;2201150;BAIXA GRANDE DO RIBEIRO; 24.806.587,96 ; 10.546.715,28 ; 16.794.299,75 ; -   ; 27.341.015,03 ; 52.147.602,99 ;;;;
PI;2201176;BARRA DALCANTARA; 4.149.646,87 ; 1.764.254,88 ; 2.041.988,90 ; 509.218,68 ; 4.315.462,46 ; 8.465.109,33 ;;;;
PI;2201200;BARRAS; 74.935.199,48 ; 31.859.287,31 ; 67.896.577,90 ; 7.190.842,34 ; 106.946.707,55 ; 181.881.907,03 ;;;;
PI;2201309;BARREIRAS DO PIAUI; 3.634.361,65 ; 1.545.177,33 ; 1.106.402,18 ; -   ; 2.651.579,51 ; 6.285.941,16 ;;;;
PI;2201408;BARRO DURO; 5.765.171,91 ; 2.451.108,02 ; 2.341.094,59 ; -   ; 4.792.202,61 ; 10.557.374,52 ;;;;
PI;2201507;BATALHA; 26.329.982,18 ; 11.194.398,26 ; 16.970.753,94 ; 2.853.482,56 ; 31.018.634,76 ; 57.348.616,94 ;;;;
PI;2201556;BELA VISTA DO PIAUI; 5.061.646,61 ; 2.151.998,73 ; 4.842.068,59 ; 488.458,87 ; 7.482.526,19 ; 12.544.172,80 ;;;;
PI;2201572;BELEM DO PIAUI; 6.134.046,64 ; 2.607.938,00 ; 2.906.307,94 ; 707.748,01 ; 6.221.993,95 ; 12.356.040,59 ;;;;
PI;2201606;BENEDITINOS; 15.108.509,55 ; 6.423.501,24 ; 10.814.941,28 ; 1.676.435,75 ; 18.914.878,27 ; 34.023.387,82 ;;;;
PI;2201705;BERTOLINIA; 7.150.776,46 ; 3.040.208,65 ; 3.546.158,99 ; -   ; 6.586.367,64 ; 13.737.144,10 ;;;;
PI;2201739;BETANIA DO PIAUI; 11.345.989,21 ; 4.823.836,23 ; 11.028.632,55 ; 1.045.088,38 ; 16.897.557,16 ; 28.243.546,37 ;;;;
PI;2201770;BOA HORA; 8.261.792,83 ; 3.512.565,97 ; 4.799.520,71 ; -   ; 8.312.086,68 ; 16.573.879,51 ;;;;
PI;2201804;BOCAINA; 3.096.950,92 ; 1.316.692,95 ; 809.918,13 ; -   ; 2.126.611,08 ; 5.223.562,00 ;;;;
PI;2201903;BOM JESUS; 37.933.799,19 ; 16.127.852,00 ; 27.185.518,63 ; 4.395.280,26 ; 47.708.650,89 ; 85.642.450,08 ;;;;
PI;2201919;BOM PRINCIPIO DO PIAUI; 6.906.217,90 ; 2.936.232,66 ; 3.996.660,98 ; 719.511,42 ; 7.652.405,06 ; 14.558.622,96 ;;;;
PI;2201929;BONFIM DO PIAUI; 5.968.867,27 ; 2.537.710,70 ; 2.889.622,87 ; 648.102,16 ; 6.075.435,73 ; 12.044.303,00 ;;;;
PI;2201945;BOQUEIRAO DO PIAUI; 7.641.544,63 ; 3.248.862,59 ; 5.264.383,91 ; 875.880,81 ; 9.389.127,31 ; 17.030.671,94 ;;;;
PI;2201960;BRASILEIRA; 11.392.671,28 ; 4.843.683,48 ; 7.562.738,91 ; 526.461,14 ; 12.932.883,53 ; 24.325.554,81 ;;;;
PI;2201988;BREJO DO PIAUI; 5.383.302,87 ; 2.288.753,40 ; 3.178.831,66 ; 546.535,41 ; 6.014.120,47 ; 11.397.423,34 ;;;;
PI;2202000;BURITI DOS LOPES; 27.627.687,02 ; 11.746.127,64 ; 21.683.222,98 ; 2.796.072,11 ; 36.225.422,73 ; 63.853.109,75 ;;;;
PI;2202026;BURITI DOS MONTES; 14.900.037,82 ; 6.334.867,85 ; 10.550.650,64 ; 1.874.213,55 ; 18.759.732,04 ; 33.659.769,86 ;;;;
PI;2202059;CABECEIRAS DO PIAUI; 13.749.351,54 ; 5.845.644,56 ; 11.707.833,17 ; -   ; 17.553.477,73 ; 31.302.829,27 ;;;;
PI;2202075;CAJAZEIRAS DO PIAUI; 4.453.188,79 ; 1.893.308,11 ; 2.719.212,96 ; 413.830,25 ; 5.026.351,32 ; 9.479.540,11 ;;;;
PI;2202083;CAJUEIRO DA PRAIA; 11.647.372,93 ; 4.951.971,88 ; 9.166.160,15 ; 1.350.897,75 ; 15.469.029,78 ; 27.116.402,71 ;;;;
PI;2202091;CALDEIRAO GRANDE DO PIAUI; 6.687.642,64 ; 2.843.303,68 ; 2.845.901,28 ; 782.789,15 ; 6.471.994,11 ; 13.159.636,75 ;;;;
PI;2202109;CAMPINAS DO PIAUI; 7.110.199,02 ; 3.022.956,83 ; -   ; 695.099,38 ; 3.718.056,21 ; 10.828.255,23 ;;;;
PI;2202117;CAMPO ALEGRE DO FIDALGO; 7.850.367,18 ; 3.337.645,12 ; 6.158.084,14 ; 687.421,76 ; 10.183.151,02 ; 18.033.518,20 ;;;;
PI;2202133;CAMPO GRANDE DO PIAUI; 7.181.264,67 ; 3.053.170,95 ; 5.754.250,13 ; 785.988,64 ; 9.593.409,72 ; 16.774.674,39 ;;;;
PI;2202174;CAMPO LARGO DO PIAUI; 13.485.349,59 ; 5.733.402,06 ; 10.492.418,48 ; -   ; 16.225.820,54 ; 29.711.170,13 ;;;;
PI;2202208;CAMPO MAIOR; 49.994.962,07 ; 21.255.749,92 ; 24.766.826,87 ; 6.195.270,73 ; 52.217.847,52 ; 102.212.809,59 ;;;;
PI;2202251;CANAVIEIRA; 3.605.016,93 ; 1.532.701,20 ; 1.100.476,57 ; -   ; 2.633.177,77 ; 6.238.194,70 ;;;;
PI;2202307;CANTO DO BURITI; 18.462.618,20 ; 7.849.526,82 ; 13.686.369,13 ; -   ; 21.535.895,95 ; 39.998.514,15 ;;;;
PI;2202406;CAPITAO DE CAMPOS; 15.374.561,10 ; 6.536.615,13 ; 9.658.097,77 ; -   ; 16.194.712,90 ; 31.569.274,00 ;;;;
PI;2202455;CAPITAO GERVASIO OLIVEIRA; 4.245.458,74 ; 1.804.990,05 ; 83.781,70 ; 231.477,37 ; 2.120.249,12 ; 6.365.707,86 ;;;;
PI;2202505;CARACOL; 14.109.133,33 ; 5.998.608,60 ; 7.046.688,37 ; -   ; 13.045.296,97 ; 27.154.430,30 ;;;;
PI;2202539;CARAUBAS DO PIAUI; 6.718.935,14 ; 2.856.607,93 ; 3.154.066,00 ; 360.838,83 ; 6.371.512,76 ; 13.090.447,90 ;;;;
PI;2202554;CARIDADE DO PIAUI; 10.932.959,64 ; 4.648.233,47 ; 10.658.076,55 ; 1.125.059,33 ; 16.431.369,35 ; 27.364.328,99 ;;;;
PI;2202604;CASTELO DO PIAUI; 23.952.462,81 ; 10.183.577,27 ; 21.208.577,15 ; -   ; 31.392.154,42 ; 55.344.617,23 ;;;;
PI;2202653;CAXINGO; 8.287.388,35 ; 3.523.448,11 ; 6.927.886,30 ; -   ; 10.451.334,41 ; 18.738.722,76 ;;;;
PI;2202703;COCAL; 34.463.224,31 ; 14.652.309,89 ; 33.196.607,06 ; 3.717.491,82 ; 51.566.408,77 ; 86.029.633,08 ;;;;
PI;2202711;COCAL DE TELHA; 7.572.733,82 ; 3.219.607,13 ; 4.484.821,28 ; -   ; 7.704.428,41 ; 15.277.162,23 ;;;;
PI;2202729;COCAL DOS ALVES; 8.390.671,86 ; 3.567.359,90 ; 8.600.910,59 ; 859.139,51 ; 13.027.410,00 ; 21.418.081,86 ;;;;
PI;2202737;COIVARAS; 5.900.582,16 ; 2.508.678,74 ; 3.536.284,91 ; -   ; 6.044.963,65 ; 11.945.545,81 ;;;;
PI;2202752;COLONIA DO GURGUEIA; 8.369.979,71 ; 3.558.562,46 ; 4.913.992,87 ; 813.651,16 ; 9.286.206,49 ; 17.656.186,20 ;;;;
PI;2202778;COLONIA DO PIAUI; 8.400.844,28 ; 3.571.684,78 ; 6.230.147,40 ; 965.588,55 ; 10.767.420,73 ; 19.168.265,01 ;;;;
PI;2202802;CONCEICAO DO CANINDE; 6.250.330,27 ; 2.657.376,89 ; 5.168.258,21 ; 630.817,87 ; 8.456.452,97 ; 14.706.783,24 ;;;;
PI;2202851;CORONEL JOSE DIAS; 6.487.740,23 ; 2.758.313,61 ; 7.355.446,45 ; -   ; 10.113.760,06 ; 16.601.500,29 ;;;;
PI;2202901;CORRENTE; 25.291.024,13 ; 10.752.677,10 ; 12.712.794,05 ; 2.725.197,16 ; 26.190.668,31 ; 51.481.692,44 ;;;;
PI;2203008;CRISTALANDIA DO PIAUI; 10.518.303,40 ; 4.471.939,12 ; 9.459.205,27 ; 1.003.702,35 ; 14.934.846,74 ; 25.453.150,14 ;;;;
PI;2203107;CRISTINO CASTRO; 15.129.133,21 ; 6.432.269,55 ; 12.673.090,63 ; 1.488.902,55 ; 20.594.262,73 ; 35.723.395,94 ;;;;
PI;2203206;CURIMATA; 14.740.711,97 ; 6.267.129,21 ; 12.432.326,94 ; 1.407.530,80 ; 20.106.986,95 ; 34.847.698,92 ;;;;
PI;2203230;CURRAIS; 10.645.523,72 ; 4.526.027,84 ; 6.997.658,23 ; 1.042.878,32 ; 12.566.564,39 ; 23.212.088,11 ;;;;
PI;2203271;CURRAL NOVO DO PIAUI; 9.614.334,39 ; 4.087.609,61 ; 9.199.705,97 ; 1.011.177,60 ; 14.298.493,18 ; 23.912.827,57 ;;;;
PI;2203255;CURRALINHOS; 6.843.975,31 ; 2.909.769,74 ; 4.848.748,23 ; 676.193,88 ; 8.434.711,85 ; 15.278.687,16 ;;;;
PI;2203305;DEMERVAL LOBAO; 22.007.329,41 ; 9.356.588,57 ; 16.419.125,81 ; 2.543.215,20 ; 28.318.929,58 ; 50.326.258,99 ;;;;
PI;2203354;DIRCEU ARCOVERDE; 10.991.313,35 ; 4.673.043,01 ; 6.521.299,08 ; -   ; 11.194.342,09 ; 22.185.655,44 ;;;;
PI;2203404;DOM EXPEDITO LOPES; 6.927.726,89 ; 2.945.377,38 ; 5.391.498,99 ; 786.916,71 ; 9.123.793,08 ; 16.051.519,97 ;;;;
PI;2203453;DOM INOCENCIO; 10.165.776,15 ; 4.322.059,40 ; 6.440.549,92 ; 978.512,34 ; 11.741.121,66 ; 21.906.897,81 ;;;;
PI;2203420;DOMINGOS MOURAO; 7.350.789,69 ; 3.125.245,84 ; 4.715.286,97 ; 739.257,50 ; 8.579.790,31 ; 15.930.580,00 ;;;;
PI;2203503;ELESBAO VELOSO; 10.141.093,83 ; 4.311.565,52 ; 4.858.384,84 ; 1.181.178,70 ; 10.351.129,06 ; 20.492.222,89 ;;;;
PI;2203602;ELISEU MARTINS; 3.728.514,33 ; 1.585.207,09 ; 1.946.779,08 ; 471.469,49 ; 4.003.455,66 ; 7.731.969,99 ;;;;
PI;2203701;ESPERANTINA; 48.481.266,81 ; 20.612.190,52 ; 39.813.673,51 ; 4.928.371,45 ; 65.354.235,48 ; 113.835.502,29 ;;;;
PI;2203750;FARTURA DO PIAUI; 9.187.406,34 ; 3.906.097,80 ; 7.001.583,04 ; 784.310,98 ; 11.691.991,82 ; 20.879.398,16 ;;;;
PI;2203800;FLORES DO PIAUI; 5.200.338,35 ; 2.210.964,61 ; 4.251.982,20 ; 494.825,84 ; 6.957.772,65 ; 12.158.111,00 ;;;;
PI;2203859;FLORESTA DO PIAUI; 3.563.947,08 ; 1.515.240,03 ; 1.710.095,89 ; 379.992,38 ; 3.605.328,30 ; 7.169.275,38 ;;;;
PI;2203909;FLORIANO; 45.070.021,87 ; 19.161.872,99 ; 25.294.376,68 ; 5.243.957,67 ; 49.700.207,34 ; 94.770.229,21 ;;;;
PI;2204006;FRANCINOPOLIS; 5.589.746,24 ; 2.376.524,42 ; 3.338.106,71 ; 678.798,59 ; 6.393.429,72 ; 11.983.175,96 ;;;;
PI;2204105;FRANCISCO AYRES; 4.141.275,20 ; 1.760.695,60 ; 1.614.760,66 ; 278.365,80 ; 3.653.822,06 ; 7.795.097,26 ;;;;
PI;2204154;FRANCISCO MACEDO; 4.687.368,45 ; 1.992.871,43 ; 3.438.666,39 ; 477.515,21 ; 5.909.053,03 ; 10.596.421,48 ;;;;
PI;2204204;FRANCISCO SANTOS; 7.432.022,07 ; 3.159.782,43 ; 6.679.351,83 ; 393.938,61 ; 10.233.072,87 ; 17.665.094,94 ;;;;
PI;2204303;FRONTEIRAS; 11.858.572,41 ; 5.041.764,99 ; 9.924.174,70 ; 1.249.671,11 ; 16.215.610,80 ; 28.074.183,21 ;;;;
PI;2204352;GEMINIANO; 8.672.009,70 ; 3.686.972,88 ; 11.675.224,23 ; 414.608,59 ; 15.776.805,70 ; 24.448.815,40 ;;;;
PI;2204402;GILBUES; 15.261.182,64 ; 6.488.411,39 ; 10.999.932,40 ; 1.381.974,49 ; 18.870.318,28 ; 34.131.500,92 ;;;;
PI;2204501;GUADALUPE; 12.451.174,12 ; 5.293.714,25 ; 7.831.368,03 ; 1.201.414,40 ; 14.326.496,68 ; 26.777.670,80 ;;;;
PI;2204550;GUARIBAS; 6.854.530,32 ; 2.914.257,28 ; 4.273.368,04 ; 634.896,06 ; 7.822.521,38 ; 14.677.051,70 ;;;;
PI;2204600;HUGO NAPOLEAO; 4.195.210,25 ; 1.783.626,52 ; 2.733.184,54 ; -   ; 4.516.811,06 ; 8.712.021,31 ;;;;
PI;2204659;ILHA GRANDE; 9.740.477,25 ; 4.141.240,24 ; 5.055.982,86 ; 549.099,84 ; 9.746.322,94 ; 19.486.800,19 ;;;;
PI;2204709;INHUMA; 11.919.939,11 ; 5.067.855,52 ; 9.684.431,70 ; 1.371.492,87 ; 16.123.780,09 ; 28.043.719,20 ;;;;
PI;2204808;IPIRANGA DO PIAUI; 11.835.159,24 ; 5.031.810,70 ; 11.720.313,29 ; 1.239.361,63 ; 17.991.485,62 ; 29.826.644,86 ;;;;
PI;2204907;ISAIAS COELHO; 9.386.818,82 ; 3.990.879,58 ; 7.312.356,99 ; 546.824,74 ; 11.850.061,31 ; 21.236.880,13 ;;;;
PI;2205003;ITAINOPOLIS; 9.242.772,00 ; 3.929.636,95 ; 7.570.033,56 ; 1.131.251,52 ; 12.630.922,03 ; 21.873.694,03 ;;;;
PI;2205102;ITAUEIRA; 6.499.408,42 ; 2.763.274,43 ; 1.598.678,74 ; 773.524,60 ; 5.135.477,77 ; 11.634.886,19 ;;;;
PI;2205151;JACOBINA DO PIAUI; 12.677.010,88 ; 5.389.730,52 ; 7.351.636,38 ; 1.388.850,41 ; 14.130.217,31 ; 26.807.228,19 ;;;;
PI;2205201;JAICOS; 16.207.831,14 ; 6.890.886,42 ; 10.509.260,22 ; 1.066.040,92 ; 18.466.187,56 ; 34.674.018,70 ;;;;
PI;2205250;JARDIM DO MULATO; 4.575.776,01 ; 1.945.427,03 ; 2.049.000,36 ; 437.163,16 ; 4.431.590,55 ; 9.007.366,56 ;;;;
PI;2205276;JATOBA DO PIAUI; 7.705.589,86 ; 3.276.091,91 ; 7.941.661,74 ; -   ; 11.217.753,65 ; 18.923.343,51 ;;;;
PI;2205300;JERUMENHA; 5.375.221,28 ; 2.285.317,45 ; 3.399.220,47 ; -   ; 5.684.537,92 ; 11.059.759,20 ;;;;
PI;2205359;JOAO COSTA; 3.864.332,07 ; 1.642.951,06 ; 2.811.150,18 ; 315.300,87 ; 4.769.402,11 ; 8.633.734,18 ;;;;
PI;2205409;JOAQUIM PIRES; 15.588.548,42 ; 6.627.593,52 ; 9.789.410,77 ; -   ; 16.417.004,29 ; 32.005.552,71 ;;;;
PI;2205458;JOCA MARQUES; 10.854.521,14 ; 4.614.884,73 ; 10.793.027,98 ; -   ; 15.407.912,71 ; 26.262.433,85 ;;;;
PI;2205508;JOSE DE FREITAS; 37.291.309,91 ; 15.854.692,65 ; 25.542.453,87 ; 4.579.067,61 ; 45.976.214,13 ; 83.267.524,04 ;;;;
PI;2205516;JUAZEIRO DO PIAUI; 7.906.065,36 ; 3.361.325,65 ; 6.575.223,57 ; -   ; 9.936.549,22 ; 17.842.614,58 ;;;;
PI;2205524;JULIO BORGES; 8.372.163,39 ; 3.559.490,88 ; 6.489.132,07 ; -   ; 10.048.622,95 ; 18.420.786,34 ;;;;
PI;2205532;JUREMA; 5.606.316,29 ; 2.383.569,31 ; 897.235,74 ; -   ; 3.280.805,05 ; 8.887.121,34 ;;;;
PI;2205557;LAGOA ALEGRE; 13.873.658,62 ; 5.898.494,68 ; 11.495.776,74 ; -   ; 17.394.271,42 ; 31.267.930,04 ;;;;
PI;2205573;LAGOA DE SAO FRANCISCO; 10.014.398,28 ; 4.257.699,91 ; 7.757.335,67 ; 1.154.684,53 ; 13.169.720,11 ; 23.184.118,39 ;;;;
PI;2205565;LAGOA DO BARRO DO PIAUI; 5.498.960,21 ; 2.337.926,03 ; -   ; -   ; 2.337.926,03 ; 7.836.886,24 ;;;;
PI;2205581;LAGOA DO PIAUI; 6.882.723,38 ; 2.926.243,78 ; 6.722.442,30 ; 305.366,93 ; 9.954.053,01 ; 16.836.776,39 ;;;;
PI;2205599;LAGOA DO SITIO; 4.668.156,55 ; 1.984.703,34 ; 1.709.577,96 ; 454.903,13 ; 4.149.184,43 ; 8.817.340,98 ;;;;
PI;2205540;LAGOINHA DO PIAUI; 3.231.282,51 ; 1.373.805,08 ; 1.381.480,57 ; -   ; 2.755.285,65 ; 5.986.568,16 ;;;;
PI;2205607;LANDRI SALES; 8.208.356,25 ; 3.489.846,98 ; 3.756.837,60 ; 941.455,34 ; 8.188.139,92 ; 16.396.496,17 ;;;;
PI;2205706;LUIS CORREIA; 29.009.274,58 ; 12.333.520,43 ; 17.064.384,93 ; -   ; 29.397.905,36 ; 58.407.179,94 ;;;;
PI;2205805;LUZILANDIA; 32.960.131,50 ; 14.013.258,21 ; 18.751.212,78 ; 3.599.839,98 ; 36.364.310,97 ; 69.324.442,47 ;;;;
PI;2205854;MADEIRO; 11.609.677,58 ; 4.935.945,41 ; 2.766.117,49 ; 1.221.307,91 ; 8.923.370,81 ; 20.533.048,39 ;;;;
PI;2205904;MANOEL EMIDIO; 6.673.777,23 ; 2.837.408,69 ; 7.250.088,46 ; -   ; 10.087.497,15 ; 16.761.274,38 ;;;;
PI;2205953;MARCOLANDIA; 11.949.960,96 ; 5.080.619,55 ; 6.832.995,61 ; 664.093,38 ; 12.577.708,54 ; 24.527.669,50 ;;;;
PI;2206001;MARCOS PARENTE; 4.931.201,83 ; 2.096.539,10 ; 2.562.180,58 ; -   ; 4.658.719,68 ; 9.589.921,51 ;;;;
PI;2206050;MASSAPE DO PIAUI; 7.468.633,06 ; 3.175.347,88 ; 5.988.314,86 ; -   ; 9.163.662,74 ; 16.632.295,80 ;;;;
PI;2206100;MATIAS OLIMPIO; 12.473.185,26 ; 5.303.072,46 ; 9.250.809,65 ; 1.501.342,93 ; 16.055.225,04 ; 28.528.410,30 ;;;;
PI;2206209;MIGUEL ALVES; 59.747.001,56 ; 25.401.905,93 ; 54.251.739,85 ; 5.400.482,00 ; 85.054.127,78 ; 144.801.129,34 ;;;;
PI;2206308;MIGUEL LEAO; 1.858.488,72 ; 790.151,04 ; -   ; 92.818,82 ; 882.969,86 ; 2.741.458,58 ;;;;
PI;2206357;MILTON BRANDAO; 5.565.053,07 ; 2.366.025,92 ; 1.892.129,49 ; 646.685,75 ; 4.904.841,16 ; 10.469.894,23 ;;;;
PI;2206407;MONSENHOR GIL; 14.529.665,90 ; 6.177.401,32 ; 15.154.772,91 ; -   ; 21.332.174,23 ; 35.861.840,13 ;;;;
PI;2206506;MONSENHOR HIPOLITO; 10.855.997,58 ; 4.615.512,44 ; 9.771.451,72 ; -   ; 14.386.964,16 ; 25.242.961,74 ;;;;
PI;2206605;MONTE ALEGRE DO PIAUI; 13.225.426,47 ; 5.622.893,71 ; 8.492.772,69 ; 1.367.333,49 ; 15.482.999,89 ; 28.708.426,36 ;;;;
PI;2206654;MORRO CABECA NO TEMPO; 7.377.895,36 ; 3.136.770,03 ; 5.354.332,99 ; 636.356,35 ; 9.127.459,37 ; 16.505.354,73 ;;;;
PI;2206670;MORRO DO CHAPEU DO PIAUI; 10.871.243,47 ; 4.621.994,35 ; 8.449.613,57 ; 612.256,88 ; 13.683.864,80 ; 24.555.108,27 ;;;;
PI;2206696;MURICI DOS PORTELAS; 9.900.127,21 ; 4.209.116,66 ; 6.622.950,26 ; -   ; 10.832.066,92 ; 20.732.194,13 ;;;;
PI;2206704;NAZARE DO PIAUI; 6.196.615,30 ; 2.634.539,55 ; 3.060.943,67 ; 761.511,59 ; 6.456.994,81 ; 12.653.610,11 ;;;;
PI;2206720;NAZARIA; 10.651.460,46 ; 4.528.551,89 ; 5.217.681,62 ; -   ; 9.746.233,51 ; 20.397.693,97 ;;;;
PI;2206753;NOSSA SENHORA DE NAZARE; 11.048.524,55 ; 4.697.366,80 ; 4.707.746,40 ; 1.338.001,47 ; 10.743.114,67 ; 21.791.639,22 ;;;;
PI;2206803;NOSSA SENHORA DOS REMEDIOS; 20.414.659,46 ; 8.679.452,45 ; 10.911.143,54 ; -   ; 19.590.595,99 ; 40.005.255,45 ;;;;
PI;2207959;NOVA SANTA RITA; 4.461.723,97 ; 1.896.936,91 ; 2.828.785,80 ; -   ; 4.725.722,71 ; 9.187.446,68 ;;;;
PI;2206902;NOVO ORIENTE DO PIAUI; 4.979.652,86 ; 2.117.138,44 ; 2.948.554,05 ; -   ; 5.065.692,49 ; 10.045.345,35 ;;;;
PI;2206951;NOVO SANTO ANTONIO; 4.319.595,42 ; 1.836.509,85 ; 2.593.973,22 ; 431.171,53 ; 4.861.654,60 ; 9.181.250,02 ;;;;
PI;2207009;OEIRAS; 33.007.669,89 ; 14.033.469,52 ; 21.072.067,07 ; -   ; 35.105.536,59 ; 68.113.206,48 ;;;;
PI;2207108;OLHO DAGUA DO PIAUI; 3.248.729,19 ; 1.381.222,67 ; 749.459,95 ; 392.526,37 ; 2.523.208,99 ; 5.771.938,18 ;;;;
PI;2207207;PADRE MARCOS; 9.219.581,72 ; 3.919.777,42 ; 6.652.019,34 ; 969.632,08 ; 11.541.428,84 ; 20.761.010,56 ;;;;
PI;2207306;PAES LANDIM; 4.976.987,73 ; 2.116.005,34 ; 2.156.073,32 ; 295.781,98 ; 4.567.860,64 ; 9.544.848,37 ;;;;
PI;2207355;PAJEU DO PIAUI; 2.887.952,10 ; 1.227.835,47 ; 928.589,83 ; 307.198,90 ; 2.463.624,20 ; 5.351.576,30 ;;;;
PI;2207405;PALMEIRA DO PIAUI; 7.221.722,10 ; 3.070.371,74 ; 4.999.894,50 ; 361.043,00 ; 8.431.309,24 ; 15.653.031,34 ;;;;
PI;2207504;PALMEIRAIS; 16.903.906,32 ; 7.186.828,25 ; 8.449.447,08 ; -   ; 15.636.275,33 ; 32.540.181,65 ;;;;
PI;2207553;PAQUETA; 7.174.525,62 ; 3.050.305,79 ; 323.868,13 ; 856.012,31 ; 4.230.186,23 ; 11.404.711,85 ;;;;
PI;2207603;PARNAGUA; 11.136.299,41 ; 4.734.684,96 ; 6.746.126,11 ; 681.818,92 ; 12.162.629,99 ; 23.298.929,40 ;;;;
PI;2207702;PARNAIBA; 107.429.463,56 ; 45.674.478,33 ; 63.487.274,54 ; -   ; 109.161.752,87 ; 216.591.216,43 ;;;;
PI;2207751;PASSAGEM FRANCA DO PIAUI; 7.421.658,32 ; 3.155.376,20 ; 5.846.693,63 ; 812.731,07 ; 9.814.800,90 ; 17.236.459,22 ;;;;
PI;2207777;PATOS DO PIAUI; 7.718.577,07 ; 3.281.613,53 ; 5.810.410,84 ; 791.994,23 ; 9.884.018,60 ; 17.602.595,67 ;;;;
PI;2207793;PAU DARCO DO PIAUI; 4.191.614,18 ; 1.782.097,61 ; 2.365.106,72 ; 464.880,27 ; 4.612.084,60 ; 8.803.698,78 ;;;;
PI;2207801;PAULISTANA; 22.868.987,26 ; 9.722.929,15 ; 14.395.708,41 ; -   ; 24.118.637,56 ; 46.987.624,82 ;;;;
PI;2207850;PAVUSSU; 4.438.408,03 ; 1.887.023,95 ; 2.598.810,91 ; 420.797,36 ; 4.906.632,22 ; 9.345.040,25 ;;;;
PI;2207900;PEDRO II; 35.134.874,65 ; 14.937.867,30 ; 23.210.571,34 ; 3.762.394,97 ; 41.910.833,61 ; 77.045.708,26 ;;;;
PI;2207934;PEDRO LAURENTINO; 2.338.964,59 ; 994.429,12 ; 327.425,98 ; 270.929,13 ; 1.592.784,23 ; 3.931.748,82 ;;;;
PI;2208007;PICOS; 53.631.939,75 ; 22.802.039,48 ; 40.722.840,79 ; 5.356.237,09 ; 68.881.117,36 ; 122.513.057,11 ;;;;
PI;2208106;PIMENTEIRAS; 9.206.776,52 ; 3.914.333,19 ; 5.745.786,65 ; -   ; 9.660.119,84 ; 18.866.896,36 ;;;;
PI;2208205;PIO IX; 18.832.596,15 ; 8.006.825,84 ; 13.092.488,54 ; -   ; 21.099.314,38 ; 39.931.910,53 ;;;;
PI;2208304;PIRACURUCA; 27.934.907,93 ; 11.876.745,03 ; 24.434.510,44 ; 1.645.000,40 ; 37.956.255,87 ; 65.891.163,80 ;;;;
PI;2208403;PIRIPIRI; 64.710.206,33 ; 27.512.051,34 ; 50.008.241,02 ; 7.420.255,44 ; 84.940.547,80 ; 149.650.754,13 ;;;;
PI;2208502;PORTO; 25.375.545,56 ; 10.788.612,06 ; 28.152.293,05 ; 1.159.981,33 ; 40.100.886,44 ; 65.476.432,00 ;;;;
PI;2208551;PORTO ALEGRE DO PIAUI; 3.270.505,53 ; 1.390.481,06 ; 1.497.043,57 ; 348.525,95 ; 3.236.050,58 ; 6.506.556,11 ;;;;
PI;2208601;PRATA DO PIAUI; 3.750.991,15 ; 1.594.763,28 ; 1.322.467,27 ; 434.139,35 ; 3.351.369,90 ; 7.102.361,05 ;;;;
PI;2208650;QUEIMADA NOVA; 11.117.415,80 ; 4.726.656,45 ; 8.700.894,43 ; 984.681,13 ; 14.412.232,01 ; 25.529.647,81 ;;;;
PI;2208700;REDENCAO DO GURGUEIA; 11.909.727,51 ; 5.063.513,99 ; 9.572.823,87 ; 1.082.222,15 ; 15.718.560,01 ; 27.628.287,52 ;;;;
PI;2208809;REGENERACAO; 23.245.225,57 ; 9.882.889,82 ; 24.006.105,10 ; 2.385.098,21 ; 36.274.093,13 ; 59.519.318,70 ;;;;
PI;2208858;RIACHO FRIO; 10.684.354,85 ; 4.542.537,20 ; 5.751.050,89 ; 1.168.170,77 ; 11.461.758,86 ; 22.146.113,71 ;;;;
PI;2208874;RIBEIRA DO PIAUI; 4.864.816,94 ; 2.068.315,05 ; 2.740.599,01 ; 487.417,52 ; 5.296.331,58 ; 10.161.148,52 ;;;;
PI;2208908;RIBEIRO GONCALVES; 8.315.524,92 ; 3.535.410,58 ; -   ; 833.775,51 ; 4.369.186,09 ; 12.684.711,01 ;;;;
PI;2209005;RIO GRANDE DO PIAUI; 6.433.265,48 ; 2.735.153,24 ; 4.794.040,29 ; 641.403,17 ; 8.170.596,70 ; 14.603.862,18 ;;;;
PI;2209104;SANTA CRUZ DO PIAUI; 7.786.308,47 ; 3.310.410,07 ; 6.471.077,55 ; -   ; 9.781.487,62 ; 17.567.796,09 ;;;;
PI;2209153;SANTA CRUZ DOS MILAGRES; 3.966.273,06 ; 1.686.292,08 ; 1.439.312,22 ; -   ; 3.125.604,30 ; 7.091.877,36 ;;;;
PI;2209203;SANTA FILOMENA; 6.893.269,03 ; 2.930.727,35 ; 2.306.023,94 ; 805.253,95 ; 6.042.005,24 ; 12.935.274,27 ;;;;
PI;2209302;SANTA LUZ; 6.905.861,78 ; 2.936.081,25 ; 4.770.784,22 ; -   ; 7.706.865,47 ; 14.612.727,25 ;;;;
PI;2209377;SANTA ROSA DO PIAUI; 5.378.662,61 ; 2.286.780,56 ; 4.659.234,81 ; 643.467,85 ; 7.589.483,22 ; 12.968.145,83 ;;;;
PI;2209351;SANTANA DO PIAUI; 4.754.213,30 ; 2.021.291,04 ; 2.479.451,77 ; 546.627,82 ; 5.047.370,63 ; 9.801.583,93 ;;;;
PI;2209401;SANTO ANTONIO DE LISBOA; 4.651.374,25 ; 1.977.568,22 ; 3.348.255,25 ; -   ; 5.325.823,47 ; 9.977.197,72 ;;;;
PI;2209450;SANTO ANTONIO DOS MILAGRES; 3.021.984,98 ; 1.284.820,60 ; -   ; 355.915,26 ; 1.640.735,86 ; 4.662.720,84 ;;;;
PI;2209500;SANTO INACIO DO PIAUI; 5.138.699,05 ; 2.184.758,17 ; 2.880.999,50 ; 298.447,63 ; 5.364.205,30 ; 10.502.904,35 ;;;;
PI;2209559;SAO BRAZ DO PIAUI; 5.763.000,99 ; 2.450.185,03 ; 3.591.463,66 ; 529.291,32 ; 6.570.940,01 ; 12.333.941,00 ;;;;
PI;2209609;SAO FELIX DO PIAUI; 3.574.810,89 ; 1.519.858,86 ; 1.054.760,91 ; -   ; 2.574.619,77 ; 6.149.430,66 ;;;;
PI;2209658;SAO FRANCISCO DE ASSIS DO PIAUI; 7.186.921,00 ; 3.055.575,78 ; 4.765.102,91 ; 672.733,23 ; 8.493.411,92 ; 15.680.332,92 ;;;;
PI;2209708;SAO FRANCISCO DO PIAUI; 5.537.229,52 ; 2.354.196,52 ; 1.670.750,20 ; 653.776,37 ; 4.678.723,09 ; 10.215.952,61 ;;;;
PI;2209757;SAO GONCALO DO GURGUEIA; 4.377.953,18 ; 1.861.321,11 ; 2.438.913,41 ; 440.985,10 ; 4.741.219,62 ; 9.119.172,80 ;;;;
PI;2209807;SAO GONCALO DO PIAUI; 4.647.378,85 ; 1.975.869,54 ; 3.441.778,39 ; 513.954,44 ; 5.931.602,37 ; 10.578.981,22 ;;;;
PI;2209856;SAO JOAO DA CANABRAVA; 7.188.231,55 ; 3.056.132,97 ; 1.574.348,03 ; 468.709,55 ; 5.099.190,55 ; 12.287.422,10 ;;;;
PI;2209872;SAO JOAO DA FRONTEIRA; 8.038.079,40 ; 3.417.452,45 ; 8.292.118,20 ; -   ; 11.709.570,65 ; 19.747.650,05 ;;;;
PI;2209906;SAO JOAO DA SERRA; 5.022.925,27 ; 2.135.536,04 ; 3.488.219,96 ; 647.160,11 ; 6.270.916,11 ; 11.293.841,38 ;;;;
PI;2209955;SAO JOAO DA VARJOTA; 7.260.474,02 ; 3.086.847,43 ; 7.276.200,90 ; 755.588,46 ; 11.118.636,79 ; 18.379.110,81 ;;;;
PI;2209971;SAO JOAO DO ARRAIAL; 14.400.712,50 ; 6.122.575,77 ; 9.800.292,75 ; 1.496.624,55 ; 17.419.493,07 ; 31.820.205,57 ;;;;
PI;2210003;SAO JOAO DO PIAUI; 24.741.460,39 ; 10.519.025,78 ; 18.677.278,48 ; 2.448.683,73 ; 31.644.987,99 ; 56.386.448,38 ;;;;
PI;2210052;SAO JOSE DO DIVINO; 6.055.483,05 ; 2.574.536,07 ; 4.496.495,58 ; 700.534,71 ; 7.771.566,36 ; 13.827.049,41 ;;;;
PI;2210102;SAO JOSE DO PEIXE; 3.697.342,13 ; 1.571.953,99 ; 1.142.115,85 ; 378.225,62 ; 3.092.295,46 ; 6.789.637,59 ;;;;
PI;2210201;SAO JOSE DO PIAUI; 5.174.977,12 ; 2.200.182,08 ; 3.295.236,38 ; 622.285,35 ; 6.117.703,81 ; 11.292.680,93 ;;;;
PI;2210300;SAO JULIAO; 9.176.763,94 ; 3.901.573,11 ; 13.842.072,09 ; 982.241,76 ; 18.725.886,96 ; 27.902.650,90 ;;;;
PI;2210359;SAO LOURENCO DO PIAUI; 4.818.791,93 ; 2.048.747,15 ; -   ; 466.228,13 ; 2.514.975,28 ; 7.333.767,21 ;;;;
PI;2210375;SAO LUIS DO PIAUI; 2.987.934,45 ; 1.270.343,74 ; 1.881.196,36 ; 354.522,10 ; 3.506.062,20 ; 6.493.996,65 ;;;;
PI;2210383;SAO MIGUEL DA BAIXA GRANDE; 2.529.884,17 ; 1.075.600,08 ; 742.493,59 ; -   ; 1.818.093,67 ; 4.347.977,84 ;;;;
PI;2210391;SAO MIGUEL DO FIDALGO; 3.808.070,97 ; 1.619.031,21 ; 1.985.901,41 ; 361.681,52 ; 3.966.614,14 ; 7.774.685,11 ;;;;
PI;2210409;SAO MIGUEL DO TAPUIO; 26.867.288,52 ; 11.422.838,27 ; 20.420.450,33 ; -   ; 31.843.288,60 ; 58.710.577,12 ;;;;
PI;2210508;SAO PEDRO DO PIAUI; 19.179.750,49 ; 8.154.421,23 ; 15.373.865,55 ; 1.806.292,83 ; 25.334.579,61 ; 44.514.330,10 ;;;;
PI;2210607;SAO RAIMUNDO NONATO; 38.324.541,71 ; 16.293.979,24 ; 25.792.298,69 ; 1.861.739,37 ; 43.948.017,30 ; 82.272.559,01 ;;;;
PI;2210623;SEBASTIAO BARROS; 5.908.475,56 ; 2.512.034,69 ; 3.002.253,50 ; 526.558,73 ; 6.040.846,92 ; 11.949.322,48 ;;;;
PI;2210631;SEBASTIAO LEAL; 5.119.239,49 ; 2.176.484,79 ; 1.119.850,09 ; 305.106,31 ; 3.601.441,19 ; 8.720.680,68 ;;;;
PI;2210656;SIGEFREDO PACHECO; 7.959.516,49 ; 3.384.050,81 ; 3.656.067,29 ; 969.418,47 ; 8.009.536,57 ; 15.969.053,06 ;;;;
PI;2210706;SIMOES; 20.469.305,14 ; 8.702.685,49 ; 13.270.432,80 ; 2.191.279,17 ; 24.164.397,46 ; 44.633.702,60 ;;;;
PI;2210805;SIMPLICIO MENDES; 14.788.813,59 ; 6.287.580,00 ; 11.170.929,12 ; -   ; 17.458.509,12 ; 32.247.322,71 ;;;;
PI;2210904;SOCORRO DO PIAUI; 6.184.406,09 ; 2.629.348,71 ; 4.644.229,83 ; 547.094,49 ; 7.820.673,03 ; 14.005.079,12 ;;;;
PI;2210938;SUSSUAPARA; 7.142.488,70 ; 3.036.685,04 ; 6.467.448,75 ; 651.037,86 ; 10.155.171,65 ; 17.297.660,35 ;;;;
PI;2210953;TAMBORIL DO PIAUI; 4.352.315,13 ; 1.850.420,89 ; 2.451.281,67 ; 231.081,31 ; 4.532.783,87 ; 8.885.099,00 ;;;;
PI;2210979;TANQUE DO PIAUI; 3.059.253,90 ; 1.300.665,77 ; 1.076.270,03 ; -   ; 2.376.935,80 ; 5.436.189,70 ;;;;
PI;2211001;TERESINA; 481.640.934,20 ; 204.773.417,65 ; -   ; -   ; 204.773.417,65 ; 686.414.351,85 ;;;;
PI;2211100;UNIAO; 55.337.070,65 ; 23.526.989,25 ; 34.820.846,67 ; 5.736.901,05 ; 64.084.736,97 ; 119.421.807,62 ;;;;
PI;2211209;URUCUI; 21.316.102,78 ; 9.062.708,14 ; 806.636,46 ; 2.662.294,13 ; 12.531.638,73 ; 33.847.741,51 ;;;;
PI;2211308;VALENCA DO PIAUI; 20.385.235,25 ; 8.666.942,52 ; 20.414.074,59 ; 2.288.586,87 ; 31.369.603,98 ; 51.754.839,23 ;;;;
PI;2211357;VARZEA BRANCA; 6.914.462,55 ; 2.939.737,94 ; 5.010.454,20 ; 609.011,98 ; 8.559.204,12 ; 15.473.666,67 ;;;;
PI;2211407;VARZEA GRANDE; 6.609.387,91 ; 2.810.033,06 ; 5.744.418,81 ; 726.174,54 ; 9.280.626,41 ; 15.890.014,32 ;;;;
PI;2211506;VERA MENDES; 6.114.212,19 ; 2.599.505,23 ; 4.781.392,87 ; 597.178,13 ; 7.978.076,23 ; 14.092.288,42 ;;;;
PI;2211605;VILA NOVA DO PIAUI; 7.233.472,28 ; 3.075.367,42 ; 8.845.819,74 ; 840.707,11 ; 12.761.894,27 ; 19.995.366,55 ;;;;
PI;2211704;WALL FERRAZ; 9.544.715,38 ; 4.058.010,54 ; 7.391.497,28 ; 1.011.181,37 ; 12.460.689,19 ; 22.005.404,57 ;;;;
PI;22;GOVERNO DO ESTADO; 1.796.797.073,56 ; 763.922.356,76 ; 758.835.285,05 ; 87.110.191,74 ; 1.609.867.833,55 ; 3.406.664.907,11 ;;;;
PR;4100103;ABATIA; 6.651.712,80 ; -   ; -   ; -   ; -   ; 6.651.712,80 ;;;;
PR;4100202;ADRIANOPOLIS; 5.947.986,77 ; -   ; -   ; 514.919,56 ; 514.919,56 ; 6.462.906,33 ;;;;
PR;4100301;AGUDOS DO SUL; 10.173.677,55 ; -   ; 814.673,80 ; 434.833,89 ; 1.249.507,69 ; 11.423.185,24 ;;;;
PR;4100400;ALMIRANTE TAMANDARE; 76.943.182,35 ; -   ; -   ; -   ; -   ; 76.943.182,35 ;;;;
PR;4100459;ALTAMIRA DO PARANA; 3.308.376,85 ; -   ; -   ; 311.710,87 ; 311.710,87 ; 3.620.087,72 ;;;;
PR;4128625;ALTO PARAISO; 3.660.389,79 ; -   ; -   ; 315.524,96 ; 315.524,96 ; 3.975.914,75 ;;;;
PR;4100608;ALTO PARANA; 13.590.805,89 ; -   ; -   ; 580.152,00 ; 580.152,00 ; 14.170.957,89 ;;;;
PR;4100707;ALTO PIQUIRI; 10.038.172,16 ; -   ; -   ; 865.435,23 ; 865.435,23 ; 10.903.607,39 ;;;;
PR;4100509;ALTONIA; 16.620.568,97 ; -   ; -   ; 712.854,29 ; 712.854,29 ; 17.333.423,26 ;;;;
PR;4100806;ALVORADA DO SUL; 9.729.012,26 ; -   ; -   ; 840.845,80 ; 840.845,80 ; 10.569.858,06 ;;;;
PR;4100905;AMAPORA; 4.813.222,23 ; -   ; -   ; -   ; -   ; 4.813.222,23 ;;;;
PR;4101002;AMPERE; 19.144.152,10 ; -   ; -   ; -   ; -   ; 19.144.152,10 ;;;;
PR;4101051;ANAHY; 2.817.488,71 ; -   ; -   ; -   ; -   ; 2.817.488,71 ;;;;
PR;4101101;ANDIRA; 17.832.367,74 ; -   ; -   ; 723.024,57 ; 723.024,57 ; 18.555.392,31 ;;;;
PR;4101150;ANGULO; 3.923.935,46 ; -   ; -   ; 324.324,89 ; 324.324,89 ; 4.248.260,35 ;;;;
PR;4101200;ANTONINA; 13.643.483,85 ; -   ; -   ; -   ; -   ; 13.643.483,85 ;;;;
PR;4101309;ANTONIO OLINTO; 6.002.874,52 ; -   ; -   ; 543.551,42 ; 543.551,42 ; 6.546.425,94 ;;;;
PR;4101408;APUCARANA; 126.285.739,77 ; -   ; -   ; -   ; -   ; 126.285.739,77 ;;;;
PR;4101507;ARAPONGAS; 94.023.912,08 ; -   ; -   ; 8.773.765,51 ; 8.773.765,51 ; 102.797.677,59 ;;;;
PR;4101606;ARAPOTI; 25.525.949,80 ; -   ; -   ; -   ; -   ; 25.525.949,80 ;;;;
PR;4101655;ARAPUA; 3.294.720,64 ; -   ; -   ; -   ; -   ; 3.294.720,64 ;;;;
PR;4101705;ARARUNA; 12.201.319,99 ; -   ; -   ; 533.584,39 ; 533.584,39 ; 12.734.904,38 ;;;;
PR;4101804;ARAUCARIA; 163.755.901,61 ; -   ; -   ; -   ; -   ; 163.755.901,61 ;;;;
PR;4101853;ARIRANHA DO IVAI; 2.194.794,75 ; -   ; -   ; -   ; -   ; 2.194.794,75 ;;;;
PR;4101903;ASSAI; 11.951.182,78 ; -   ; -   ; 1.049.359,15 ; 1.049.359,15 ; 13.000.541,93 ;;;;
PR;4102000;ASSIS CHATEAUBRIAND; 34.741.215,03 ; -   ; -   ; 2.999.209,65 ; 2.999.209,65 ; 37.740.424,68 ;;;;
PR;4102109;ASTORGA; 22.069.062,22 ; -   ; -   ; 2.028.688,51 ; 2.028.688,51 ; 24.097.750,73 ;;;;
PR;4102208;ATALAIA; 5.338.828,10 ; -   ; 502.357,81 ; 408.996,71 ; 911.354,52 ; 6.250.182,62 ;;;;
PR;4102307;BALSA NOVA; 16.415.513,34 ; -   ; -   ; 1.361.766,66 ; 1.361.766,66 ; 17.777.280,00 ;;;;
PR;4102406;BANDEIRANTES; 26.147.911,49 ; -   ; -   ; -   ; -   ; 26.147.911,49 ;;;;
PR;4102505;BARBOSA FERRAZ; 8.358.095,41 ; -   ; -   ; 736.089,08 ; 736.089,08 ; 9.094.184,49 ;;;;
PR;4102703;BARRA DO JACARE; 2.994.284,68 ; -   ; -   ; -   ; -   ; 2.994.284,68 ;;;;
PR;4102604;BARRACAO; 9.646.883,46 ; -   ; -   ; -   ; -   ; 9.646.883,46 ;;;;
PR;4102752;BELA VISTA DA CAROBA; 4.363.027,46 ; -   ; -   ; 280.932,08 ; 280.932,08 ; 4.643.959,54 ;;;;
PR;4102802;BELA VISTA DO PARAISO; 13.323.030,60 ; -   ; -   ; -   ; -   ; 13.323.030,60 ;;;;
PR;4102901;BITURUNA; 18.360.484,65 ; -   ; 2.212.873,75 ; 1.646.660,81 ; 3.859.534,56 ; 22.220.019,21 ;;;;
PR;4103008;BOA ESPERANCA; 4.038.379,69 ; -   ; -   ; -   ; -   ; 4.038.379,69 ;;;;
PR;4103024;BOA ESPERANCA DO IGUACU; 2.630.510,14 ; -   ; -   ; 258.377,31 ; 258.377,31 ; 2.888.887,45 ;;;;
PR;4103040;BOA VENTURA DE SAO ROQUE; 6.521.973,39 ; -   ; -   ; -   ; -   ; 6.521.973,39 ;;;;
PR;4103057;BOA VISTA DA APARECIDA; 8.549.381,06 ; -   ; -   ; 715.092,72 ; 715.092,72 ; 9.264.473,78 ;;;;
PR;4103107;BOCAIUVA DO SUL; 13.542.097,03 ; -   ; -   ; -   ; -   ; 13.542.097,03 ;;;;
PR;4103156;BOM JESUS DO SUL; 6.399.391,38 ; -   ; 954.350,73 ; 402.039,95 ; 1.356.390,68 ; 7.755.782,06 ;;;;
PR;4103206;BOM SUCESSO; 6.944.431,88 ; -   ; -   ; -   ; -   ; 6.944.431,88 ;;;;
PR;4103222;BOM SUCESSO DO SUL; 3.482.396,99 ; -   ; -   ; 352.728,07 ; 352.728,07 ; 3.835.125,06 ;;;;
PR;4103305;BORRAZOPOLIS; 5.655.663,32 ; -   ; -   ; -   ; -   ; 5.655.663,32 ;;;;
PR;4103354;BRAGANEY; 5.894.614,18 ; -   ; 108.961,38 ; -   ; 108.961,38 ; 6.003.575,56 ;;;;
PR;4103370;BRASILANDIA DO SUL; 4.028.025,09 ; -   ; -   ; 331.367,26 ; 331.367,26 ; 4.359.392,35 ;;;;
PR;4103404;CAFEARA; 2.640.299,08 ; -   ; -   ; 247.811,15 ; 247.811,15 ; 2.888.110,23 ;;;;
PR;4103453;CAFELANDIA; 23.013.933,63 ; -   ; 1.563.427,23 ; 2.120.711,77 ; 3.684.139,00 ; 26.698.072,63 ;;;;
PR;4103479;CAFEZAL DO SUL; 4.296.057,41 ; -   ; -   ; 365.308,56 ; 365.308,56 ; 4.661.365,97 ;;;;
PR;4103503;CALIFORNIA; 9.823.572,96 ; -   ; 1.287.443,06 ; -   ; 1.287.443,06 ; 11.111.016,02 ;;;;
PR;4103602;CAMBARA; 18.548.740,41 ; -   ; -   ; -   ; -   ; 18.548.740,41 ;;;;
PR;4103701;CAMBE; 86.430.165,71 ; -   ; -   ; -   ; -   ; 86.430.165,71 ;;;;
PR;4103800;CAMBIRA; 9.196.746,03 ; -   ; -   ; 796.662,96 ; 796.662,96 ; 9.993.408,99 ;;;;
PR;4103909;CAMPINA DA LAGOA; 16.681.989,21 ; -   ; 1.063.031,20 ; 1.470.533,93 ; 2.533.565,13 ; 19.215.554,34 ;;;;
PR;4103958;CAMPINA DO SIMAO; 4.838.695,19 ; -   ; -   ; 467.218,21 ; 467.218,21 ; 5.305.913,40 ;;;;
PR;4104006;CAMPINA GRANDE DO SUL; 47.681.848,19 ; -   ; -   ; 2.050.505,04 ; 2.050.505,04 ; 49.732.353,23 ;;;;
PR;4104055;CAMPO BONITO; 4.376.077,81 ; -   ; -   ; 180.994,00 ; 180.994,00 ; 4.557.071,81 ;;;;
PR;4104105;CAMPO DO TENENTE; 8.448.628,76 ; -   ; -   ; -   ; -   ; 8.448.628,76 ;;;;
PR;4104204;CAMPO LARGO; 119.828.498,58 ; -   ; -   ; 10.832.911,49 ; 10.832.911,49 ; 130.661.410,07 ;;;;
PR;4104253;CAMPO MAGRO; 23.296.686,50 ; -   ; -   ; -   ; -   ; 23.296.686,50 ;;;;
PR;4104303;CAMPO MOURAO; 82.367.470,98 ; -   ; -   ; 7.647.923,84 ; 7.647.923,84 ; 90.015.394,82 ;;;;
PR;4104402;CANDIDO DE ABREU; 12.318.932,90 ; -   ; -   ; 1.127.862,92 ; 1.127.862,92 ; 13.446.795,82 ;;;;
PR;4104428;CANDOI; 16.853.523,00 ; -   ; -   ; 1.406.688,42 ; 1.406.688,42 ; 18.260.211,42 ;;;;
PR;4104451;CANTAGALO; 13.481.941,47 ; -   ; 1.322.605,22 ; 552.947,50 ; 1.875.552,72 ; 15.357.494,19 ;;;;
PR;4104501;CAPANEMA; 20.239.844,66 ; -   ; 19.292,20 ; 1.773.429,53 ; 1.792.721,73 ; 22.032.566,39 ;;;;
PR;4104600;CAPITAO LEONIDAS MARQUES; 15.205.224,75 ; -   ; -   ; -   ; -   ; 15.205.224,75 ;;;;
PR;4104659;CARAMBEI; 24.039.484,95 ; -   ; -   ; 998.978,88 ; 998.978,88 ; 25.038.463,83 ;;;;
PR;4104709;CARLOPOLIS; 15.049.189,54 ; -   ; -   ; -   ; -   ; 15.049.189,54 ;;;;
PR;4104808;CASCAVEL; 292.207.134,49 ; -   ; -   ; 25.430.391,15 ; 25.430.391,15 ; 317.637.525,64 ;;;;
PR;4104907;CASTRO; 79.199.719,87 ; -   ; -   ; 6.729.933,23 ; 6.729.933,23 ; 85.929.653,10 ;;;;
PR;4105003;CATANDUVAS; 9.067.877,43 ; -   ; -   ; -   ; -   ; 9.067.877,43 ;;;;
PR;4105102;CENTENARIO DO SUL; 11.005.092,12 ; -   ; 197.057,38 ; 408.172,07 ; 605.229,45 ; 11.610.321,57 ;;;;
PR;4105201;CERRO AZUL; 14.896.906,63 ; -   ; -   ; 576.216,56 ; 576.216,56 ; 15.473.123,19 ;;;;
PR;4105300;CEU AZUL; 10.782.368,48 ; -   ; -   ; -   ; -   ; 10.782.368,48 ;;;;
PR;4105409;CHOPINZINHO; 20.415.635,49 ; -   ; -   ; 1.655.616,80 ; 1.655.616,80 ; 22.071.252,29 ;;;;
PR;4105508;CIANORTE; 73.870.630,83 ; -   ; -   ; 3.108.664,06 ; 3.108.664,06 ; 76.979.294,89 ;;;;
PR;4105607;CIDADE GAUCHA; 11.694.153,14 ; -   ; 204.850,88 ; 517.427,20 ; 722.278,08 ; 12.416.431,22 ;;;;
PR;4105706;CLEVELANDIA; 17.887.445,80 ; -   ; -   ; 1.405.578,09 ; 1.405.578,09 ; 19.293.023,89 ;;;;
PR;4105805;COLOMBO; 210.911.413,28 ; -   ; 7.361.009,64 ; -   ; 7.361.009,64 ; 218.272.422,92 ;;;;
PR;4105904;COLORADO; 17.444.489,02 ; -   ; -   ; -   ; -   ; 17.444.489,02 ;;;;
PR;4106001;CONGONHINHAS; 8.395.825,67 ; -   ; -   ; 674.499,04 ; 674.499,04 ; 9.070.324,71 ;;;;
PR;4106100;CONSELHEIRO MAIRINCK; 3.652.627,26 ; -   ; -   ; 363.699,19 ; 363.699,19 ; 4.016.326,45 ;;;;
PR;4106209;CONTENDA; 18.426.316,07 ; -   ; -   ; 1.681.814,19 ; 1.681.814,19 ; 20.108.130,26 ;;;;
PR;4106308;CORBELIA; 19.555.883,76 ; -   ; 1.232,59 ; 1.668.435,38 ; 1.669.667,97 ; 21.225.551,73 ;;;;
PR;4106407;CORNELIO PROCOPIO; 31.008.696,93 ; -   ; -   ; -   ; -   ; 31.008.696,93 ;;;;
PR;4106456;CORONEL DOMINGOS SOARES; 7.644.434,01 ; -   ; -   ; -   ; -   ; 7.644.434,01 ;;;;
PR;4106506;CORONEL VIVIDA; 20.327.204,25 ; -   ; -   ; -   ; -   ; 20.327.204,25 ;;;;
PR;4106555;CORUMBATAI DO SUL; 3.559.682,85 ; -   ; -   ; 324.199,35 ; 324.199,35 ; 3.883.882,20 ;;;;
PR;4106803;CRUZ MACHADO; 14.000.120,21 ; -   ; -   ; 1.198.896,28 ; 1.198.896,28 ; 15.199.016,49 ;;;;
PR;4106571;CRUZEIRO DO IGUACU; 4.559.832,92 ; -   ; -   ; 443.466,18 ; 443.466,18 ; 5.003.299,10 ;;;;
PR;4106605;CRUZEIRO DO OESTE; 21.102.276,77 ; -   ; -   ; -   ; -   ; 21.102.276,77 ;;;;
PR;4106704;CRUZEIRO DO SUL; 4.180.565,83 ; -   ; -   ; 418.039,90 ; 418.039,90 ; 4.598.605,73 ;;;;
PR;4106852;CRUZMALTINA; 3.149.217,26 ; -   ; -   ; -   ; -   ; 3.149.217,26 ;;;;
PR;4106902;CURITIBA; 1.125.703.884,14 ; -   ; -   ; -   ; -   ; 1.125.703.884,14 ;;;;
PR;4107009;CURIUVA; 11.304.189,85 ; -   ; -   ; 1.036.272,79 ; 1.036.272,79 ; 12.340.462,64 ;;;;
PR;4107108;DIAMANTE DO NORTE; 4.110.355,79 ; -   ; -   ; 173.124,88 ; 173.124,88 ; 4.283.480,67 ;;;;
PR;4107124;DIAMANTE DO SUL; 3.530.034,51 ; -   ; -   ; 292.807,41 ; 292.807,41 ; 3.822.841,92 ;;;;
PR;4107157;DIAMANTE DOESTE; 4.266.897,36 ; -   ; -   ; -   ; -   ; 4.266.897,36 ;;;;
PR;4107207;DOIS VIZINHOS; 47.217.705,22 ; -   ; -   ; 4.262.053,64 ; 4.262.053,64 ; 51.479.758,86 ;;;;
PR;4107256;DOURADINA; 8.988.228,87 ; -   ; -   ; -   ; -   ; 8.988.228,87 ;;;;
PR;4107306;DOUTOR CAMARGO; 5.513.074,56 ; -   ; -   ; -   ; -   ; 5.513.074,56 ;;;;
PR;4128633;DOUTOR ULYSSES; 5.787.865,39 ; -   ; 318.003,86 ; -   ; 318.003,86 ; 6.105.869,25 ;;;;
PR;4107405;ENEAS MARQUES; 5.552.269,16 ; -   ; -   ; -   ; -   ; 5.552.269,16 ;;;;
PR;4107504;ENGENHEIRO BELTRAO; 11.336.088,07 ; -   ; -   ; 976.826,09 ; 976.826,09 ; 12.312.914,16 ;;;;
PR;4107538;ENTRE RIOS DO OESTE; 6.039.595,30 ; -   ; -   ; 484.617,64 ; 484.617,64 ; 6.524.212,94 ;;;;
PR;4107520;ESPERANCA NOVA; 1.682.983,77 ; -   ; -   ; 142.055,60 ; 142.055,60 ; 1.825.039,37 ;;;;
PR;4107546;ESPIGAO ALTO DO IGUACU; 4.232.899,18 ; -   ; -   ; 367.804,77 ; 367.804,77 ; 4.600.703,95 ;;;;
PR;4107553;FAROL; 2.409.722,64 ; -   ; -   ; -   ; -   ; 2.409.722,64 ;;;;
PR;4107603;FAXINAL; 14.706.919,95 ; -   ; -   ; 631.971,71 ; 631.971,71 ; 15.338.891,66 ;;;;
PR;4107652;FAZENDA RIO GRANDE; 141.871.550,69 ; -   ; 3.122.670,89 ; -   ; 3.122.670,89 ; 144.994.221,58 ;;;;
PR;4107702;FENIX; 4.564.514,53 ; -   ; -   ; 383.172,51 ; 383.172,51 ; 4.947.687,04 ;;;;
PR;4107736;FERNANDES PINHEIRO; 5.795.445,40 ; -   ; -   ; 247.685,48 ; 247.685,48 ; 6.043.130,88 ;;;;
PR;4107751;FIGUEIRA; 5.962.807,81 ; -   ; -   ; 563.166,95 ; 563.166,95 ; 6.525.974,76 ;;;;
PR;4107850;FLOR DA SERRA DO SUL; 5.023.639,71 ; -   ; -   ; 463.406,09 ; 463.406,09 ; 5.487.045,80 ;;;;
PR;4107801;FLORAI; 4.790.552,70 ; -   ; -   ; -   ; -   ; 4.790.552,70 ;;;;
PR;4107900;FLORESTA; 14.351.468,03 ; -   ; 3.705.248,21 ; -   ; 3.705.248,21 ; 18.056.716,24 ;;;;
PR;4108007;FLORESTOPOLIS; 8.429.730,47 ; -   ; -   ; -   ; -   ; 8.429.730,47 ;;;;
PR;4108106;FLORIDA; 2.508.140,58 ; -   ; -   ; 239.836,77 ; 239.836,77 ; 2.747.977,35 ;;;;
PR;4108205;FORMOSA DO OESTE; 6.802.393,38 ; -   ; -   ; 593.797,86 ; 593.797,86 ; 7.396.191,24 ;;;;
PR;4108304;FOZ DO IGUACU; 247.597.256,70 ; -   ; -   ; 10.749.715,77 ; 10.749.715,77 ; 258.346.972,47 ;;;;
PR;4108452;FOZ DO JORDAO; 5.503.409,25 ; -   ; -   ; 520.135,10 ; 520.135,10 ; 6.023.544,35 ;;;;
PR;4108320;FRANCISCO ALVES; 9.240.453,12 ; -   ; 1.895.236,06 ; -   ; 1.895.236,06 ; 11.135.689,18 ;;;;
PR;4108403;FRANCISCO BELTRAO; 96.359.095,74 ; -   ; 871.941,00 ; 8.217.204,21 ; 9.089.145,21 ; 105.448.240,95 ;;;;
PR;4108502;GENERAL CARNEIRO; 11.422.061,68 ; -   ; -   ; 967.045,80 ; 967.045,80 ; 12.389.107,48 ;;;;
PR;4108551;GODOY MOREIRA; 2.571.876,55 ; -   ; -   ; 231.166,80 ; 231.166,80 ; 2.803.043,35 ;;;;
PR;4108601;GOIOERE; 24.496.101,86 ; -   ; -   ; -   ; -   ; 24.496.101,86 ;;;;
PR;4108650;GOIOXIM; 6.616.131,69 ; -   ; -   ; 607.381,30 ; 607.381,30 ; 7.223.512,99 ;;;;
PR;4108700;GRANDES RIOS; 6.603.563,99 ; -   ; -   ; -   ; -   ; 6.603.563,99 ;;;;
PR;4108809;GUAIRA; 30.870.266,98 ; -   ; -   ; 2.576.130,42 ; 2.576.130,42 ; 33.446.397,40 ;;;;
PR;4108908;GUAIRACA; 7.422.432,35 ; -   ; -   ; 310.852,52 ; 310.852,52 ; 7.733.284,87 ;;;;
PR;4108957;GUAMIRANGA; 6.977.122,05 ; -   ; -   ; 664.429,42 ; 664.429,42 ; 7.641.551,47 ;;;;
PR;4109005;GUAPIRAMA; 5.256.947,66 ; -   ; -   ; -   ; -   ; 5.256.947,66 ;;;;
PR;4109104;GUAPOREMA; 2.312.051,24 ; -   ; -   ; -   ; -   ; 2.312.051,24 ;;;;
PR;4109203;GUARACI; 4.526.661,46 ; -   ; -   ; -   ; -   ; 4.526.661,46 ;;;;
PR;4109302;GUARANIACU; 13.650.576,23 ; -   ; -   ; -   ; -   ; 13.650.576,23 ;;;;
PR;4109401;GUARAPUAVA; 162.671.598,49 ; -   ; -   ; -   ; -   ; 162.671.598,49 ;;;;
PR;4109500;GUARAQUECABA; 7.263.271,92 ; -   ; -   ; -   ; -   ; 7.263.271,92 ;;;;
PR;4109609;GUARATUBA; 48.645.186,86 ; -   ; -   ; -   ; -   ; 48.645.186,86 ;;;;
PR;4109658;HONORIO SERPA; 5.039.717,93 ; -   ; -   ; 428.033,18 ; 428.033,18 ; 5.467.751,11 ;;;;
PR;4109708;IBAITI; 26.188.362,50 ; -   ; -   ; 2.353.559,19 ; 2.353.559,19 ; 28.541.921,69 ;;;;
PR;4109757;IBEMA; 5.934.678,34 ; -   ; -   ; -   ; -   ; 5.934.678,34 ;;;;
PR;4109807;IBIPORA; 55.672.425,83 ; -   ; -   ; -   ; -   ; 55.672.425,83 ;;;;
PR;4109906;ICARAIMA; 7.971.388,23 ; -   ; -   ; -   ; -   ; 7.971.388,23 ;;;;
PR;4110003;IGUARACU; 5.763.999,30 ; -   ; -   ; 520.034,88 ; 520.034,88 ; 6.284.034,18 ;;;;
PR;4110052;IGUATU; 1.871.489,53 ; -   ; -   ; 156.049,78 ; 156.049,78 ; 2.027.539,31 ;;;;
PR;4110078;IMBAU; 11.431.195,51 ; -   ; -   ; 1.018.434,62 ; 1.018.434,62 ; 12.449.630,13 ;;;;
PR;4110102;IMBITUVA; 31.070.485,48 ; -   ; -   ; 2.712.516,85 ; 2.712.516,85 ; 33.783.002,33 ;;;;
PR;4110201;INACIO MARTINS; 10.993.647,07 ; -   ; -   ; -   ; -   ; 10.993.647,07 ;;;;
PR;4110300;INAJA; 2.711.970,78 ; -   ; -   ; 263.306,35 ; 263.306,35 ; 2.975.277,13 ;;;;
PR;4110409;INDIANOPOLIS; 4.796.099,32 ; -   ; -   ; 192.740,52 ; 192.740,52 ; 4.988.839,84 ;;;;
PR;4110508;IPIRANGA; 13.579.397,17 ; -   ; -   ; 1.213.629,32 ; 1.213.629,32 ; 14.793.026,49 ;;;;
PR;4110607;IPORA; 11.308.705,27 ; -   ; -   ; 949.016,97 ; 949.016,97 ; 12.257.722,24 ;;;;
PR;4110656;IRACEMA DO OESTE; 2.279.984,85 ; -   ; -   ; 191.243,34 ; 191.243,34 ; 2.471.228,19 ;;;;
PR;4110706;IRATI; 50.999.257,53 ; -   ; -   ; 4.716.559,48 ; 4.716.559,48 ; 55.715.817,01 ;;;;
PR;4110805;IRETAMA; 11.344.472,54 ; -   ; -   ; 1.008.403,74 ; 1.008.403,74 ; 12.352.876,28 ;;;;
PR;4110904;ITAGUAJE; 4.372.567,99 ; -   ; -   ; -   ; -   ; 4.372.567,99 ;;;;
PR;4110953;ITAIPULANDIA; 15.504.368,78 ; -   ; -   ; -   ; -   ; 15.504.368,78 ;;;;
PR;4111001;ITAMBARACA; 5.421.709,62 ; -   ; -   ; -   ; -   ; 5.421.709,62 ;;;;
PR;4111100;ITAMBE; 5.911.886,63 ; -   ; -   ; 246.337,33 ; 246.337,33 ; 6.158.223,96 ;;;;
PR;4111209;ITAPEJARA DOESTE; 13.943.269,27 ; -   ; 475.497,10 ; -   ; 475.497,10 ; 14.418.766,37 ;;;;
PR;4111258;ITAPERUCU; 29.549.692,21 ; -   ; 4.084.993,07 ; 2.662.859,53 ; 6.747.852,60 ; 36.297.544,81 ;;;;
PR;4111308;ITAUNA DO SUL; 3.308.422,35 ; -   ; -   ; 316.001,74 ; 316.001,74 ; 3.624.424,09 ;;;;
PR;4111407;IVAI; 11.638.443,77 ; -   ; -   ; 1.123.181,49 ; 1.123.181,49 ; 12.761.625,26 ;;;;
PR;4111506;IVAIPORA; 24.766.436,99 ; -   ; -   ; 2.216.657,39 ; 2.216.657,39 ; 26.983.094,38 ;;;;
PR;4111555;IVATE; 6.874.622,06 ; -   ; -   ; -   ; -   ; 6.874.622,06 ;;;;
PR;4111605;IVATUBA; 2.017.726,02 ; -   ; -   ; 82.681,13 ; 82.681,13 ; 2.100.407,15 ;;;;
PR;4111704;JABOTI; 5.247.019,92 ; -   ; -   ; 500.794,37 ; 500.794,37 ; 5.747.814,29 ;;;;
PR;4111803;JACAREZINHO; 36.254.166,69 ; -   ; -   ; -   ; -   ; 36.254.166,69 ;;;;
PR;4111902;JAGUAPITA; 16.381.347,91 ; -   ; 99.257,17 ; -   ; 99.257,17 ; 16.480.605,08 ;;;;
PR;4112009;JAGUARIAIVA; 31.627.968,35 ; -   ; -   ; 2.786.932,11 ; 2.786.932,11 ; 34.414.900,46 ;;;;
PR;4112108;JANDAIA DO SUL; 17.977.633,13 ; -   ; -   ; -   ; -   ; 17.977.633,13 ;;;;
PR;4112207;JANIOPOLIS; 5.143.896,20 ; -   ; -   ; 204.380,57 ; 204.380,57 ; 5.348.276,77 ;;;;
PR;4112306;JAPIRA; 4.383.804,82 ; -   ; -   ; 374.712,68 ; 374.712,68 ; 4.758.517,50 ;;;;
PR;4112405;JAPURA; 7.678.276,71 ; -   ; -   ; 729.943,96 ; 729.943,96 ; 8.408.220,67 ;;;;
PR;4112504;JARDIM ALEGRE; 10.794.785,54 ; -   ; -   ; -   ; -   ; 10.794.785,54 ;;;;
PR;4112603;JARDIM OLINDA; 1.444.317,39 ; -   ; -   ; 57.914,41 ; 57.914,41 ; 1.502.231,80 ;;;;
PR;4112702;JATAIZINHO; 10.396.383,05 ; -   ; -   ; 931.918,17 ; 931.918,17 ; 11.328.301,22 ;;;;
PR;4112751;JESUITAS; 5.899.142,28 ; -   ; -   ; 511.138,05 ; 511.138,05 ; 6.410.280,33 ;;;;
PR;4112801;JOAQUIM TAVORA; 13.615.124,54 ; -   ; -   ; 1.327.309,06 ; 1.327.309,06 ; 14.942.433,60 ;;;;
PR;4112900;JUNDIAI DO SUL; 3.422.743,95 ; -   ; -   ; 290.200,03 ; 290.200,03 ; 3.712.943,98 ;;;;
PR;4112959;JURANDA; 6.824.474,81 ; -   ; -   ; 593.395,25 ; 593.395,25 ; 7.417.870,06 ;;;;
PR;4113007;JUSSARA; 6.193.704,72 ; -   ; -   ; 529.232,76 ; 529.232,76 ; 6.722.937,48 ;;;;
PR;4113106;KALORE; 4.226.406,00 ; -   ; -   ; 387.830,71 ; 387.830,71 ; 4.614.236,71 ;;;;
PR;4113205;LAPA; 42.583.746,75 ; -   ; -   ; 3.491.870,95 ; 3.491.870,95 ; 46.075.617,70 ;;;;
PR;4113254;LARANJAL; 5.837.855,54 ; -   ; -   ; 481.285,11 ; 481.285,11 ; 6.319.140,65 ;;;;
PR;4113304;LARANJEIRAS DO SUL; 35.374.410,73 ; -   ; 1.361.147,69 ; -   ; 1.361.147,69 ; 36.735.558,42 ;;;;
PR;4113403;LEOPOLIS; 4.266.096,72 ; -   ; -   ; 381.135,31 ; 381.135,31 ; 4.647.232,03 ;;;;
PR;4113429;LIDIANOPOLIS; 3.525.631,99 ; -   ; -   ; -   ; -   ; 3.525.631,99 ;;;;
PR;4113452;LINDOESTE; 6.380.582,80 ; -   ; -   ; 561.779,55 ; 561.779,55 ; 6.942.362,35 ;;;;
PR;4113502;LOANDA; 22.441.113,71 ; -   ; -   ; -   ; -   ; 22.441.113,71 ;;;;
PR;4113601;LOBATO; 4.289.163,28 ; -   ; -   ; 181.468,98 ; 181.468,98 ; 4.470.632,26 ;;;;
PR;4113700;LONDRINA; 386.818.453,28 ; -   ; -   ; -   ; -   ; 386.818.453,28 ;;;;
PR;4113734;LUIZIANA; 5.770.299,14 ; -   ; -   ; 526.771,68 ; 526.771,68 ; 6.297.070,82 ;;;;
PR;4113759;LUNARDELLI; 4.013.281,36 ; -   ; -   ; 378.560,22 ; 378.560,22 ; 4.391.841,58 ;;;;
PR;4113809;LUPIONOPOLIS; 4.280.057,35 ; -   ; -   ; -   ; -   ; 4.280.057,35 ;;;;
PR;4113908;MALLET; 10.447.212,40 ; -   ; -   ; 997.351,44 ; 997.351,44 ; 11.444.563,84 ;;;;
PR;4114005;MAMBORE; 11.212.925,19 ; -   ; -   ; 1.030.876,86 ; 1.030.876,86 ; 12.243.802,05 ;;;;
PR;4114104;MANDAGUACU; 30.887.544,44 ; -   ; 1.868.152,16 ; -   ; 1.868.152,16 ; 32.755.696,60 ;;;;
PR;4114203;MANDAGUARI; 36.625.600,90 ; -   ; 232.398,76 ; 1.441.506,34 ; 1.673.905,10 ; 38.299.506,00 ;;;;
PR;4114302;MANDIRITUBA; 24.842.036,30 ; -   ; -   ; -   ; -   ; 24.842.036,30 ;;;;
PR;4114351;MANFRINOPOLIS; 2.269.548,39 ; -   ; -   ; -   ; -   ; 2.269.548,39 ;;;;
PR;4114401;MANGUEIRINHA; 17.257.010,58 ; -   ; -   ; 1.500.063,40 ; 1.500.063,40 ; 18.757.073,98 ;;;;
PR;4114500;MANOEL RIBAS; 10.990.552,99 ; -   ; -   ; -   ; -   ; 10.990.552,99 ;;;;
PR;4114609;MARECHAL CANDIDO RONDON; 48.063.730,66 ; -   ; -   ; -   ; -   ; 48.063.730,66 ;;;;
PR;4114708;MARIA HELENA; 5.020.726,19 ; -   ; -   ; 226.491,39 ; 226.491,39 ; 5.247.217,58 ;;;;
PR;4114807;MARIALVA; 35.308.255,74 ; -   ; -   ; -   ; -   ; 35.308.255,74 ;;;;
PR;4114906;MARILANDIA DO SUL; 8.051.000,36 ; -   ; -   ; -   ; -   ; 8.051.000,36 ;;;;
PR;4115002;MARILENA; 7.303.170,45 ; -   ; -   ; 311.754,41 ; 311.754,41 ; 7.614.924,86 ;;;;
PR;4115101;MARILUZ; 9.195.683,20 ; -   ; -   ; 805.254,39 ; 805.254,39 ; 10.000.937,59 ;;;;
PR;4115200;MARINGA; 291.910.903,07 ; -   ; -   ; -   ; -   ; 291.910.903,07 ;;;;
PR;4115309;MARIOPOLIS; 6.823.231,37 ; -   ; -   ; -   ; -   ; 6.823.231,37 ;;;;
PR;4115358;MARIPA; 6.327.638,14 ; -   ; -   ; 603.696,46 ; 603.696,46 ; 6.931.334,60 ;;;;
PR;4115408;MARMELEIRO; 13.520.252,96 ; -   ; -   ; 562.378,23 ; 562.378,23 ; 14.082.631,19 ;;;;
PR;4115457;MARQUINHO; 4.798.177,90 ; -   ; -   ; 402.685,73 ; 402.685,73 ; 5.200.863,63 ;;;;
PR;4115507;MARUMBI; 4.551.936,55 ; -   ; -   ; 183.993,10 ; 183.993,10 ; 4.735.929,65 ;;;;
PR;4115606;MATELANDIA; 21.024.275,86 ; -   ; -   ; 2.014.109,63 ; 2.014.109,63 ; 23.038.385,49 ;;;;
PR;4115705;MATINHOS; 39.002.309,04 ; -   ; -   ; 1.775.114,51 ; 1.775.114,51 ; 40.777.423,55 ;;;;
PR;4115739;MATO RICO; 3.640.751,92 ; -   ; -   ; 154.266,54 ; 154.266,54 ; 3.795.018,46 ;;;;
PR;4115754;MAUA DA SERRA; 10.857.421,15 ; -   ; -   ; 1.012.207,27 ; 1.012.207,27 ; 11.869.628,42 ;;;;
PR;4115804;MEDIANEIRA; 51.550.517,55 ; -   ; -   ; -   ; -   ; 51.550.517,55 ;;;;
PR;4115853;MERCEDES; 6.289.316,39 ; -   ; -   ; 631.518,51 ; 631.518,51 ; 6.920.834,90 ;;;;
PR;4115903;MIRADOR; 2.669.009,30 ; -   ; -   ; 204.712,34 ; 204.712,34 ; 2.873.721,64 ;;;;
PR;4116000;MIRASELVA; 1.936.924,38 ; -   ; -   ; 166.561,59 ; 166.561,59 ; 2.103.485,97 ;;;;
PR;4116059;MISSAL; 10.707.411,37 ; -   ; -   ; 945.836,09 ; 945.836,09 ; 11.653.247,46 ;;;;
PR;4116109;MOREIRA SALES; 10.667.764,07 ; -   ; -   ; -   ; -   ; 10.667.764,07 ;;;;
PR;4116208;MORRETES; 17.546.685,52 ; -   ; -   ; 749.194,23 ; 749.194,23 ; 18.295.879,75 ;;;;
PR;4116307;MUNHOZ DE MELO; 4.568.371,52 ; -   ; -   ; 414.155,75 ; 414.155,75 ; 4.982.527,27 ;;;;
PR;4116406;NOSSA SENHORA DAS GRACAS; 3.700.433,74 ; -   ; -   ; -   ; -   ; 3.700.433,74 ;;;;
PR;4116505;NOVA ALIANCA DO IVAI; 1.488.818,67 ; -   ; -   ; -   ; -   ; 1.488.818,67 ;;;;
PR;4116604;NOVA AMERICA DA COLINA; 2.803.399,66 ; -   ; -   ; -   ; -   ; 2.803.399,66 ;;;;
PR;4116703;NOVA AURORA; 12.095.335,89 ; -   ; -   ; -   ; -   ; 12.095.335,89 ;;;;
PR;4116802;NOVA CANTU; 7.000.745,87 ; -   ; -   ; 298.869,04 ; 298.869,04 ; 7.299.614,91 ;;;;
PR;4116901;NOVA ESPERANCA; 22.566.629,87 ; -   ; -   ; -   ; -   ; 22.566.629,87 ;;;;
PR;4116950;NOVA ESPERANCA DO SUDOESTE; 5.604.196,35 ; -   ; -   ; 235.115,02 ; 235.115,02 ; 5.839.311,37 ;;;;
PR;4117008;NOVA FATIMA; 6.827.932,42 ; -   ; -   ; -   ; -   ; 6.827.932,42 ;;;;
PR;4117057;NOVA LARANJEIRAS; 7.864.952,91 ; -   ; -   ; 642.839,10 ; 642.839,10 ; 8.507.792,01 ;;;;
PR;4117107;NOVA LONDRINA; 13.212.033,72 ; -   ; -   ; 547.097,01 ; 547.097,01 ; 13.759.130,73 ;;;;
PR;4117206;NOVA OLIMPIA; 5.657.423,60 ; -   ; -   ; 528.765,69 ; 528.765,69 ; 6.186.189,29 ;;;;
PR;4117255;NOVA PRATA DO IGUACU; 11.339.217,47 ; -   ; -   ; 1.049.306,97 ; 1.049.306,97 ; 12.388.524,44 ;;;;
PR;4117214;NOVA SANTA BARBARA; 5.440.754,09 ; -   ; -   ; 379.714,18 ; 379.714,18 ; 5.820.468,27 ;;;;
PR;4117222;NOVA SANTA ROSA; 9.703.035,95 ; -   ; -   ; -   ; -   ; 9.703.035,95 ;;;;
PR;4117271;NOVA TEBAS; 7.844.505,43 ; -   ; -   ; -   ; -   ; 7.844.505,43 ;;;;
PR;4117297;NOVO ITACOLOMI; 2.733.226,29 ; -   ; -   ; 268.005,81 ; 268.005,81 ; 3.001.232,10 ;;;;
PR;4117305;ORTIGUEIRA; 21.267.693,14 ; -   ; -   ; 1.826.760,78 ; 1.826.760,78 ; 23.094.453,92 ;;;;
PR;4117404;OURIZONA; 2.812.400,56 ; -   ; -   ; 271.545,63 ; 271.545,63 ; 3.083.946,19 ;;;;
PR;4117453;OURO VERDE DO OESTE; 6.888.806,49 ; -   ; -   ; 633.822,01 ; 633.822,01 ; 7.522.628,50 ;;;;
PR;4117503;PAICANDU; 44.505.109,11 ; -   ; 2.914.923,56 ; -   ; 2.914.923,56 ; 47.420.032,67 ;;;;
PR;4117602;PALMAS; 48.839.895,04 ; -   ; 2.822.100,50 ; 4.018.326,81 ; 6.840.427,31 ; 55.680.322,35 ;;;;
PR;4117701;PALMEIRA; 29.497.875,10 ; -   ; -   ; -   ; -   ; 29.497.875,10 ;;;;
PR;4117800;PALMITAL; 12.605.941,14 ; -   ; -   ; -   ; -   ; 12.605.941,14 ;;;;
PR;4117909;PALOTINA; 34.045.043,37 ; -   ; -   ; 1.440.796,36 ; 1.440.796,36 ; 35.485.839,73 ;;;;
PR;4118006;PARAISO DO NORTE; 16.593.525,25 ; -   ; 2.475.348,61 ; 1.277.280,63 ; 3.752.629,24 ; 20.346.154,49 ;;;;
PR;4118105;PARANACITY; 8.956.573,56 ; -   ; -   ; 833.502,52 ; 833.502,52 ; 9.790.076,08 ;;;;
PR;4118204;PARANAGUA; 117.655.093,89 ; -   ; -   ; -   ; -   ; 117.655.093,89 ;;;;
PR;4118303;PARANAPOEMA; 2.648.572,98 ; -   ; -   ; 111.585,01 ; 111.585,01 ; 2.760.157,99 ;;;;
PR;4118402;PARANAVAI; 87.133.799,56 ; -   ; -   ; 7.560.884,98 ; 7.560.884,98 ; 94.694.684,54 ;;;;
PR;4118451;PATO BRAGADO; 8.146.950,65 ; -   ; 867.964,06 ; 684.212,11 ; 1.552.176,17 ; 9.699.126,82 ;;;;
PR;4118501;PATO BRANCO; 77.993.033,74 ; -   ; -   ; -   ; -   ; 77.993.033,74 ;;;;
PR;4118600;PAULA FREITAS; 5.771.674,35 ; -   ; -   ; -   ; -   ; 5.771.674,35 ;;;;
PR;4118709;PAULO FRONTIN; 5.343.309,85 ; -   ; -   ; 231.959,62 ; 231.959,62 ; 5.575.269,47 ;;;;
PR;4118808;PEABIRU; 13.092.968,64 ; -   ; -   ; 542.211,50 ; 542.211,50 ; 13.635.180,14 ;;;;
PR;4118857;PEROBAL; 7.757.045,36 ; -   ; -   ; 328.551,85 ; 328.551,85 ; 8.085.597,21 ;;;;
PR;4118907;PEROLA; 11.683.423,17 ; -   ; -   ; -   ; -   ; 11.683.423,17 ;;;;
PR;4119004;PEROLA DOESTE; 5.597.686,03 ; -   ; -   ; 528.446,32 ; 528.446,32 ; 6.126.132,35 ;;;;
PR;4119103;PIEN; 16.776.218,52 ; -   ; 1.919.767,68 ; -   ; 1.919.767,68 ; 18.695.986,20 ;;;;
PR;4119152;PINHAIS; 116.621.476,55 ; -   ; -   ; -   ; -   ; 116.621.476,55 ;;;;
PR;4119251;PINHAL DE SAO BENTO; 3.619.489,98 ; -   ; -   ; -   ; -   ; 3.619.489,98 ;;;;
PR;4119202;PINHALAO; 6.641.020,01 ; -   ; -   ; -   ; -   ; 6.641.020,01 ;;;;
PR;4119301;PINHAO; 27.199.071,76 ; -   ; -   ; 2.453.874,12 ; 2.453.874,12 ; 29.652.945,88 ;;;;
PR;4119400;PIRAI DO SUL; 23.498.998,77 ; -   ; -   ; 2.061.711,81 ; 2.061.711,81 ; 25.560.710,58 ;;;;
PR;4119509;PIRAQUARA; 103.020.825,10 ; -   ; 9.732.584,67 ; -   ; 9.732.584,67 ; 112.753.409,77 ;;;;
PR;4119608;PITANGA; 29.959.208,32 ; -   ; -   ; 2.611.586,44 ; 2.611.586,44 ; 32.570.794,76 ;;;;
PR;4119657;PITANGUEIRAS; 3.090.409,48 ; -   ; -   ; -   ; -   ; 3.090.409,48 ;;;;
PR;4119707;PLANALTINA DO PARANA; 4.886.154,73 ; -   ; -   ; -   ; -   ; 4.886.154,73 ;;;;
PR;4119806;PLANALTO; 12.841.197,46 ; -   ; 399.397,99 ; -   ; 399.397,99 ; 13.240.595,45 ;;;;
PR;4119905;PONTA GROSSA; 321.510.783,17 ; -   ; -   ; 23.630.485,83 ; 23.630.485,83 ; 345.141.269,00 ;;;;
PR;4119954;PONTAL DO PARANA; 35.053.121,31 ; -   ; -   ; 1.463.427,07 ; 1.463.427,07 ; 36.516.548,38 ;;;;
PR;4120002;PORECATU; 8.914.049,01 ; -   ; -   ; -   ; -   ; 8.914.049,01 ;;;;
PR;4120101;PORTO AMAZONAS; 4.267.942,31 ; -   ; -   ; 379.741,60 ; 379.741,60 ; 4.647.683,91 ;;;;
PR;4120150;PORTO BARREIRO; 3.176.860,73 ; -   ; -   ; 256.876,79 ; 256.876,79 ; 3.433.737,52 ;;;;
PR;4120200;PORTO RICO; 4.249.107,92 ; -   ; -   ; -   ; -   ; 4.249.107,92 ;;;;
PR;4120309;PORTO VITORIA; 3.828.413,53 ; -   ; -   ; 358.038,82 ; 358.038,82 ; 4.186.452,35 ;;;;
PR;4120333;PRADO FERREIRA; 4.277.181,39 ; -   ; -   ; 406.750,61 ; 406.750,61 ; 4.683.932,00 ;;;;
PR;4120358;PRANCHITA; 6.186.359,10 ; -   ; -   ; -   ; -   ; 6.186.359,10 ;;;;
PR;4120408;PRESIDENTE CASTELO BRANCO; 4.198.818,94 ; -   ; -   ; -   ; -   ; 4.198.818,94 ;;;;
PR;4120507;PRIMEIRO DE MAIO; 7.486.975,72 ; -   ; -   ; 613.978,07 ; 613.978,07 ; 8.100.953,79 ;;;;
PR;4120606;PRUDENTOPOLIS; 41.822.979,54 ; -   ; -   ; -   ; -   ; 41.822.979,54 ;;;;
PR;4120655;QUARTO CENTENARIO; 4.194.430,90 ; -   ; -   ; -   ; -   ; 4.194.430,90 ;;;;
PR;4120705;QUATIGUA; 7.879.166,30 ; -   ; -   ; -   ; -   ; 7.879.166,30 ;;;;
PR;4120804;QUATRO BARRAS; 21.310.176,12 ; -   ; -   ; 1.935.783,96 ; 1.935.783,96 ; 23.245.960,08 ;;;;
PR;4120853;QUATRO PONTES; 5.405.879,14 ; -   ; -   ; 477.695,99 ; 477.695,99 ; 5.883.575,13 ;;;;
PR;4120903;QUEDAS DO IGUACU; 30.416.727,86 ; -   ; 2.119.991,13 ; 2.652.778,33 ; 4.772.769,46 ; 35.189.497,32 ;;;;
PR;4121000;QUERENCIA DO NORTE; 11.517.781,50 ; -   ; -   ; -   ; -   ; 11.517.781,50 ;;;;
PR;4121109;QUINTA DO SOL; 4.875.206,97 ; -   ; -   ; -   ; -   ; 4.875.206,97 ;;;;
PR;4121208;QUITANDINHA; 20.467.985,71 ; -   ; 3.060.800,72 ; -   ; 3.060.800,72 ; 23.528.786,43 ;;;;
PR;4121257;RAMILANDIA; 4.674.704,51 ; -   ; -   ; 460.818,86 ; 460.818,86 ; 5.135.523,37 ;;;;
PR;4121307;RANCHO ALEGRE; 3.029.447,15 ; -   ; -   ; -   ; -   ; 3.029.447,15 ;;;;
PR;4121356;RANCHO ALEGRE DOESTE; 2.012.751,44 ; -   ; -   ; -   ; -   ; 2.012.751,44 ;;;;
PR;4121406;REALEZA; 19.560.798,80 ; -   ; 1.379.036,07 ; -   ; 1.379.036,07 ; 20.939.834,87 ;;;;
PR;4121505;REBOUCAS; 15.379.201,57 ; -   ; 951.834,77 ; -   ; 951.834,77 ; 16.331.036,34 ;;;;
PR;4121604;RENASCENCA; 6.044.642,05 ; -   ; -   ; -   ; -   ; 6.044.642,05 ;;;;
PR;4121703;RESERVA; 25.525.119,08 ; -   ; 2.757.850,99 ; -   ; 2.757.850,99 ; 28.282.970,07 ;;;;
PR;4121752;RESERVA DO IGUACU; 8.424.972,41 ; -   ; -   ; 745.774,00 ; 745.774,00 ; 9.170.746,41 ;;;;
PR;4121802;RIBEIRAO CLARO; 10.545.672,64 ; -   ; -   ; -   ; -   ; 10.545.672,64 ;;;;
PR;4121901;RIBEIRAO DO PINHAL; 14.266.464,37 ; -   ; 1.535.161,97 ; 567.004,61 ; 2.102.166,58 ; 16.368.630,95 ;;;;
PR;4122008;RIO AZUL; 12.392.047,83 ; -   ; -   ; 1.096.080,96 ; 1.096.080,96 ; 13.488.128,79 ;;;;
PR;4122107;RIO BOM; 2.956.464,51 ; -   ; -   ; -   ; -   ; 2.956.464,51 ;;;;
PR;4122156;RIO BONITO DO IGUACU; 14.091.980,49 ; -   ; 192.346,77 ; 1.207.717,21 ; 1.400.063,98 ; 15.492.044,47 ;;;;
PR;4122172;RIO BRANCO DO IVAI; 4.318.410,56 ; -   ; -   ; -   ; -   ; 4.318.410,56 ;;;;
PR;4122206;RIO BRANCO DO SUL; 35.259.472,17 ; -   ; -   ; 1.547.437,46 ; 1.547.437,46 ; 36.806.909,63 ;;;;
PR;4122305;RIO NEGRO; 30.853.872,89 ; -   ; -   ; 2.656.071,63 ; 2.656.071,63 ; 33.509.944,52 ;;;;
PR;4122404;ROLANDIA; 62.899.795,63 ; -   ; -   ; -   ; -   ; 62.899.795,63 ;;;;
PR;4122503;RONCADOR; 9.412.214,34 ; -   ; -   ; 841.299,00 ; 841.299,00 ; 10.253.513,34 ;;;;
PR;4122602;RONDON; 8.849.504,52 ; -   ; 82.477,09 ; 757.664,04 ; 840.141,13 ; 9.689.645,65 ;;;;
PR;4122651;ROSARIO DO IVAI; 4.860.373,92 ; -   ; -   ; -   ; -   ; 4.860.373,92 ;;;;
PR;4122701;SABAUDIA; 12.184.789,03 ; -   ; 1.190.415,45 ; 995.861,55 ; 2.186.277,00 ; 14.371.066,03 ;;;;
PR;4122800;SALGADO FILHO; 4.098.028,68 ; -   ; -   ; -   ; -   ; 4.098.028,68 ;;;;
PR;4122909;SALTO DO ITARARE; 5.099.787,58 ; -   ; -   ; -   ; -   ; 5.099.787,58 ;;;;
PR;4123006;SALTO DO LONTRA; 13.764.980,33 ; -   ; 754.956,08 ; 1.218.981,14 ; 1.973.937,22 ; 15.738.917,55 ;;;;
PR;4123105;SANTA AMELIA; 3.883.994,07 ; -   ; -   ; -   ; -   ; 3.883.994,07 ;;;;
PR;4123204;SANTA CECILIA DO PAVAO; 3.408.197,36 ; -   ; -   ; 150.329,34 ; 150.329,34 ; 3.558.526,70 ;;;;
PR;4123303;SANTA CRUZ DE MONTE CASTELO; 8.993.908,35 ; -   ; -   ; 855.604,42 ; 855.604,42 ; 9.849.512,77 ;;;;
PR;4123402;SANTA FE; 10.401.231,92 ; -   ; -   ; -   ; -   ; 10.401.231,92 ;;;;
PR;4123501;SANTA HELENA; 29.559.106,80 ; -   ; -   ; -   ; -   ; 29.559.106,80 ;;;;
PR;4123600;SANTA INES; 1.929.170,95 ; -   ; -   ; 160.999,71 ; 160.999,71 ; 2.090.170,66 ;;;;
PR;4123709;SANTA ISABEL DO IVAI; 7.931.253,06 ; -   ; -   ; -   ; -   ; 7.931.253,06 ;;;;
PR;4123808;SANTA IZABEL DO OESTE; 12.159.603,58 ; -   ; -   ; -   ; -   ; 12.159.603,58 ;;;;
PR;4123824;SANTA LUCIA; 3.150.724,90 ; -   ; -   ; 143.069,22 ; 143.069,22 ; 3.293.794,12 ;;;;
PR;4123857;SANTA MARIA DO OESTE; 9.713.500,67 ; -   ; -   ; 777.744,73 ; 777.744,73 ; 10.491.245,40 ;;;;
PR;4123907;SANTA MARIANA; 8.224.900,61 ; -   ; -   ; 341.602,17 ; 341.602,17 ; 8.566.502,78 ;;;;
PR;4123956;SANTA MONICA; 4.056.137,89 ; -   ; -   ; -   ; -   ; 4.056.137,89 ;;;;
PR;4124020;SANTA TEREZA DO OESTE; 14.577.025,28 ; -   ; -   ; 668.350,93 ; 668.350,93 ; 15.245.376,21 ;;;;
PR;4124053;SANTA TEREZINHA DE ITAIPU; 22.562.635,89 ; -   ; -   ; 2.192.327,97 ; 2.192.327,97 ; 24.754.963,86 ;;;;
PR;4124004;SANTANA DO ITARARE; 5.466.414,31 ; -   ; -   ; 507.289,09 ; 507.289,09 ; 5.973.703,40 ;;;;
PR;4124103;SANTO ANTONIO DA PLATINA; 37.502.420,07 ; -   ; -   ; -   ; -   ; 37.502.420,07 ;;;;
PR;4124202;SANTO ANTONIO DO CAIUA; 2.785.560,42 ; -   ; -   ; 222.362,17 ; 222.362,17 ; 3.007.922,59 ;;;;
PR;4124301;SANTO ANTONIO DO PARAISO; 2.101.849,83 ; -   ; -   ; 184.527,51 ; 184.527,51 ; 2.286.377,34 ;;;;
PR;4124400;SANTO ANTONIO DO SUDOESTE; 21.738.793,89 ; -   ; 2.751.730,02 ; 1.828.806,77 ; 4.580.536,79 ; 26.319.330,68 ;;;;
PR;4124509;SANTO INACIO; 7.581.210,06 ; -   ; -   ; -   ; -   ; 7.581.210,06 ;;;;
PR;4124608;SAO CARLOS DO IVAI; 7.717.764,45 ; -   ; -   ; 608.563,38 ; 608.563,38 ; 8.326.327,83 ;;;;
PR;4124707;SAO JERONIMO DA SERRA; 6.717.039,94 ; -   ; -   ; -   ; -   ; 6.717.039,94 ;;;;
PR;4124806;SAO JOAO; 12.724.041,16 ; -   ; -   ; 1.095.300,04 ; 1.095.300,04 ; 13.819.341,20 ;;;;
PR;4124905;SAO JOAO DO CAIUA; 7.390.731,38 ; -   ; 651.009,12 ; 658.627,86 ; 1.309.636,98 ; 8.700.368,36 ;;;;
PR;4125001;SAO JOAO DO IVAI; 10.716.176,87 ; -   ; 809.314,85 ; -   ; 809.314,85 ; 11.525.491,72 ;;;;
PR;4125100;SAO JOAO DO TRIUNFO; 12.310.063,18 ; -   ; -   ; -   ; -   ; 12.310.063,18 ;;;;
PR;4125308;SAO JORGE DO IVAI; 4.648.002,60 ; -   ; -   ; 422.260,95 ; 422.260,95 ; 5.070.263,55 ;;;;
PR;4125357;SAO JORGE DO PATROCINIO; 7.196.136,62 ; -   ; -   ; 267.134,92 ; 267.134,92 ; 7.463.271,54 ;;;;
PR;4125209;SAO JORGE DOESTE; 9.555.101,01 ; -   ; -   ; 411.825,93 ; 411.825,93 ; 9.966.926,94 ;;;;
PR;4125407;SAO JOSE DA BOA VISTA; 5.385.438,08 ; -   ; -   ; 230.378,91 ; 230.378,91 ; 5.615.816,99 ;;;;
PR;4125456;SAO JOSE DAS PALMEIRAS; 3.867.170,36 ; -   ; -   ; 346.000,86 ; 346.000,86 ; 4.213.171,22 ;;;;
PR;4125506;SAO JOSE DOS PINHAIS; 248.084.579,79 ; -   ; -   ; -   ; -   ; 248.084.579,79 ;;;;
PR;4125555;SAO MANOEL DO PARANA; 2.192.219,57 ; -   ; -   ; 185.875,36 ; 185.875,36 ; 2.378.094,93 ;;;;
PR;4125605;SAO MATEUS DO SUL; 42.954.302,93 ; -   ; -   ; 3.726.741,08 ; 3.726.741,08 ; 46.681.044,01 ;;;;
PR;4125704;SAO MIGUEL DO IGUACU; 28.140.399,69 ; -   ; -   ; -   ; -   ; 28.140.399,69 ;;;;
PR;4125753;SAO PEDRO DO IGUACU; 5.907.048,50 ; -   ; -   ; 263.077,80 ; 263.077,80 ; 6.170.126,30 ;;;;
PR;4125803;SAO PEDRO DO IVAI; 7.802.117,44 ; -   ; -   ; -   ; -   ; 7.802.117,44 ;;;;
PR;4125902;SAO PEDRO DO PARANA; 2.592.540,48 ; -   ; -   ; 233.596,91 ; 233.596,91 ; 2.826.137,39 ;;;;
PR;4126009;SAO SEBASTIAO DA AMOREIRA; 6.218.891,94 ; -   ; -   ; 568.815,22 ; 568.815,22 ; 6.787.707,16 ;;;;
PR;4126108;SAO TOME; 5.387.348,96 ; -   ; -   ; 234.442,18 ; 234.442,18 ; 5.621.791,14 ;;;;
PR;4126207;SAPOPEMA; 8.293.749,87 ; -   ; 1.020.908,87 ; 700.637,85 ; 1.721.546,72 ; 10.015.296,59 ;;;;
PR;4126256;SARANDI; 97.322.757,39 ; -   ; 11.119.553,96 ; -   ; 11.119.553,96 ; 108.442.311,35 ;;;;
PR;4126272;SAUDADE DO IGUACU; 7.167.817,15 ; -   ; -   ; 630.971,90 ; 630.971,90 ; 7.798.789,05 ;;;;
PR;4126306;SENGES; 18.553.064,72 ; -   ; -   ; 1.703.044,95 ; 1.703.044,95 ; 20.256.109,67 ;;;;
PR;4126355;SERRANOPOLIS DO IGUACU; 4.575.252,72 ; -   ; -   ; 469.480,14 ; 469.480,14 ; 5.044.732,86 ;;;;
PR;4126405;SERTANEJA; 5.480.659,08 ; -   ; -   ; 218.168,67 ; 218.168,67 ; 5.698.827,75 ;;;;
PR;4126504;SERTANOPOLIS; 13.549.245,48 ; -   ; -   ; 538.356,93 ; 538.356,93 ; 14.087.602,41 ;;;;
PR;4126603;SIQUEIRA CAMPOS; 23.226.674,94 ; -   ; 1.489.364,10 ; -   ; 1.489.364,10 ; 24.716.039,04 ;;;;
PR;4126652;SULINA; 3.359.895,04 ; -   ; -   ; 264.989,47 ; 264.989,47 ; 3.624.884,51 ;;;;
PR;4126678;TAMARANA; 9.165.643,93 ; -   ; -   ; -   ; -   ; 9.165.643,93 ;;;;
PR;4126702;TAMBOARA; 4.631.015,41 ; -   ; -   ; -   ; -   ; 4.631.015,41 ;;;;
PR;4126801;TAPEJARA; 14.736.447,64 ; -   ; -   ; 1.346.831,54 ; 1.346.831,54 ; 16.083.279,18 ;;;;
PR;4126900;TAPIRA; 4.726.476,98 ; -   ; -   ; -   ; -   ; 4.726.476,98 ;;;;
PR;4127007;TEIXEIRA SOARES; 9.402.235,99 ; -   ; -   ; 839.440,27 ; 839.440,27 ; 10.241.676,26 ;;;;
PR;4127106;TELEMACO BORBA; 68.947.679,05 ; -   ; -   ; -   ; -   ; 68.947.679,05 ;;;;
PR;4127205;TERRA BOA; 17.735.821,32 ; -   ; -   ; 1.765.365,47 ; 1.765.365,47 ; 19.501.186,79 ;;;;
PR;4127304;TERRA RICA; 14.712.371,63 ; -   ; -   ; -   ; -   ; 14.712.371,63 ;;;;
PR;4127403;TERRA ROXA; 17.919.358,14 ; -   ; -   ; 1.565.184,09 ; 1.565.184,09 ; 19.484.542,23 ;;;;
PR;4127502;TIBAGI; 19.074.794,92 ; -   ; -   ; -   ; -   ; 19.074.794,92 ;;;;
PR;4127601;TIJUCAS DO SUL; 20.132.146,06 ; -   ; 241.769,94 ; -   ; 241.769,94 ; 20.373.916,00 ;;;;
PR;4127700;TOLEDO; 129.434.502,79 ; -   ; -   ; -   ; -   ; 129.434.502,79 ;;;;
PR;4127809;TOMAZINA; 6.756.990,63 ; -   ; -   ; -   ; -   ; 6.756.990,63 ;;;;
PR;4127858;TRES BARRAS DO PARANA; 11.220.504,59 ; -   ; -   ; -   ; -   ; 11.220.504,59 ;;;;
PR;4127882;TUNAS DO PARANA; 8.182.093,40 ; -   ; 177.416,41 ; 667.863,10 ; 845.279,51 ; 9.027.372,91 ;;;;
PR;4127908;TUNEIRAS DO OESTE; 8.244.620,22 ; -   ; -   ; 705.691,17 ; 705.691,17 ; 8.950.311,39 ;;;;
PR;4127957;TUPASSI; 7.181.626,97 ; -   ; -   ; 321.774,16 ; 321.774,16 ; 7.503.401,13 ;;;;
PR;4127965;TURVO; 15.297.119,81 ; -   ; -   ; 1.369.550,99 ; 1.369.550,99 ; 16.666.670,80 ;;;;
PR;4128005;UBIRATA; 24.710.847,77 ; -   ; -   ; -   ; -   ; 24.710.847,77 ;;;;
PR;4128104;UMUARAMA; 88.181.026,77 ; -   ; -   ; -   ; -   ; 88.181.026,77 ;;;;
PR;4128203;UNIAO DA VITORIA; 48.979.165,19 ; -   ; -   ; 4.363.598,78 ; 4.363.598,78 ; 53.342.763,97 ;;;;
PR;4128302;UNIFLOR; 1.740.309,73 ; -   ; -   ; -   ; -   ; 1.740.309,73 ;;;;
PR;4128401;URAI; 6.760.901,03 ; -   ; -   ; 560.484,44 ; 560.484,44 ; 7.321.385,47 ;;;;
PR;4128534;VENTANIA; 9.291.164,09 ; -   ; -   ; 846.186,16 ; 846.186,16 ; 10.137.350,25 ;;;;
PR;4128559;VERA CRUZ DO OESTE; 6.938.482,49 ; -   ; -   ; 613.780,63 ; 613.780,63 ; 7.552.263,12 ;;;;
PR;4128609;VERE; 7.399.432,71 ; -   ; -   ; -   ; -   ; 7.399.432,71 ;;;;
PR;4128658;VIRMOND; 3.743.614,89 ; -   ; -   ; 380.758,29 ; 380.758,29 ; 4.124.373,18 ;;;;
PR;4128708;VITORINO; 8.804.210,30 ; -   ; -   ; -   ; -   ; 8.804.210,30 ;;;;
PR;4128500;WENCESLAU BRAZ; 17.337.448,39 ; -   ; -   ; -   ; -   ; 17.337.448,39 ;;;;
PR;4128807;XAMBRE; 5.801.966,58 ; -   ; -   ; -   ; -   ; 5.801.966,58 ;;;;
PR;41;GOVERNO DO ESTADO; 8.226.837.333,08 ; -   ; -   ; 620.676.359,22 ; 620.676.359,22 ; 8.847.513.692,30 ;;;;
RJ;3300100;ANGRA DOS REIS; 190.935.491,36 ; 774.513,49 ; -   ; -   ; 774.513,49 ; 191.710.004,85 ;;;;
RJ;3300159;APERIBE; 8.525.314,82 ; 34.582,21 ; -   ; -   ; 34.582,21 ; 8.559.897,03 ;;;;
RJ;3300209;ARARUAMA; 159.067.052,14 ; 645.241,89 ; -   ; -   ; 645.241,89 ; 159.712.294,03 ;;;;
RJ;3300225;AREAL; 14.325.823,11 ; 58.111,48 ; -   ; -   ; 58.111,48 ; 14.383.934,59 ;;;;
RJ;3300233;ARMACAO DOS BUZIOS; 72.442.556,68 ; 293.857,04 ; -   ; -   ; 293.857,04 ; 72.736.413,72 ;;;;
RJ;3300258;ARRAIAL DO CABO; 45.280.685,53 ; 183.677,23 ; -   ; -   ; 183.677,23 ; 45.464.362,76 ;;;;
RJ;3300308;BARRA DO PIRAI; 52.180.113,87 ; 211.664,17 ; -   ; -   ; 211.664,17 ; 52.391.778,04 ;;;;
RJ;3300407;BARRA MANSA; 119.458.340,31 ; 484.572,54 ; -   ; -   ; 484.572,54 ; 119.942.912,85 ;;;;
RJ;3300456;BELFORD ROXO; 297.138.240,23 ; 1.205.315,86 ; 58.152.565,46 ; -   ; 59.357.881,32 ; 356.496.121,55 ;;;;
RJ;3300506;BOM JARDIM; 19.243.380,67 ; 78.059,13 ; -   ; -   ; 78.059,13 ; 19.321.439,80 ;;;;
RJ;3300605;BOM JESUS DO ITABAPOANA; 31.978.039,85 ; 129.716,18 ; -   ; -   ; 129.716,18 ; 32.107.756,03 ;;;;
RJ;3300704;CABO FRIO; 219.054.170,68 ; 888.574,51 ; -   ; -   ; 888.574,51 ; 219.942.745,19 ;;;;
RJ;3300803;CACHOEIRAS DE MACACU; 51.529.481,14 ; 209.024,93 ; -   ; -   ; 209.024,93 ; 51.738.506,07 ;;;;
RJ;3300902;CAMBUCI; 12.006.803,00 ; 48.704,57 ; -   ; -   ; 48.704,57 ; 12.055.507,57 ;;;;
RJ;3301009;CAMPOS DOS GOYTACAZES; 410.146.837,72 ; 1.663.725,57 ; -   ; -   ; 1.663.725,57 ; 411.810.563,29 ;;;;
RJ;3301108;CANTAGALO; 12.223.967,68 ; 49.585,48 ; -   ; -   ; 49.585,48 ; 12.273.553,16 ;;;;
RJ;3300936;CARAPEBUS; 14.888.405,89 ; 60.393,55 ; -   ; -   ; 60.393,55 ; 14.948.799,44 ;;;;
RJ;3301157;CARDOSO MOREIRA; 16.471.625,12 ; 66.815,74 ; -   ; -   ; 66.815,74 ; 16.538.440,86 ;;;;
RJ;3301207;CARMO; 13.417.314,60 ; 54.426,19 ; -   ; -   ; 54.426,19 ; 13.471.740,79 ;;;;
RJ;3301306;CASIMIRO DE ABREU; 54.079.952,44 ; 219.370,70 ; -   ; -   ; 219.370,70 ; 54.299.323,14 ;;;;
RJ;3300951;COMENDADOR LEVY GASPARIAN; 11.505.715,39 ; 46.671,95 ; -   ; -   ; 46.671,95 ; 11.552.387,34 ;;;;
RJ;3301405;CONCEICAO DE MACABU; 18.375.780,37 ; 74.539,78 ; -   ; -   ; 74.539,78 ; 18.450.320,15 ;;;;
RJ;3301504;CORDEIRO; 16.449.284,93 ; 66.725,12 ; -   ; -   ; 66.725,12 ; 16.516.010,05 ;;;;
RJ;3301603;DUAS BARRAS; 11.599.673,83 ; 47.053,08 ; -   ; -   ; 47.053,08 ; 11.646.726,91 ;;;;
RJ;3301702;DUQUE DE CAXIAS; 568.147.869,55 ; 2.304.643,25 ; -   ; -   ; 2.304.643,25 ; 570.452.512,80 ;;;;
RJ;3301801;ENGENHEIRO PAULO DE FRONTIN; 12.489.739,61 ; 50.663,56 ; -   ; -   ; 50.663,56 ; 12.540.403,17 ;;;;
RJ;3301850;GUAPIMIRIM; 60.908.712,15 ; 247.070,98 ; -   ; -   ; 247.070,98 ; 61.155.783,13 ;;;;
RJ;3301876;IGUABA GRANDE; 41.786.974,69 ; 169.505,29 ; -   ; -   ; 169.505,29 ; 41.956.479,98 ;;;;
RJ;3301900;ITABORAI; 207.762.243,77 ; 842.769,78 ; 13.376.389,20 ; -   ; 14.219.158,98 ; 221.981.402,75 ;;;;
RJ;3302007;ITAGUAI; 142.742.078,97 ; 579.021,04 ; -   ; -   ; 579.021,04 ; 143.321.100,01 ;;;;
RJ;3302056;ITALVA; 11.962.733,82 ; 48.525,81 ; -   ; -   ; 48.525,81 ; 12.011.259,63 ;;;;
RJ;3302106;ITAOCARA; 14.200.170,25 ; 57.601,78 ; -   ; -   ; 57.601,78 ; 14.257.772,03 ;;;;
RJ;3302205;ITAPERUNA; 70.427.878,25 ; 285.684,67 ; -   ; -   ; 285.684,67 ; 70.713.562,92 ;;;;
RJ;3302254;ITATIAIA; 37.989.194,44 ; 154.099,92 ; -   ; -   ; 154.099,92 ; 38.143.294,36 ;;;;
RJ;3302270;JAPERI; 86.751.454,98 ; 351.899,86 ; 4.726.302,25 ; -   ; 5.078.202,11 ; 91.829.657,09 ;;;;
RJ;3302304;LAJE DO MURIAE; 7.848.462,80 ; 31.836,62 ; -   ; -   ; 31.836,62 ; 7.880.299,42 ;;;;
RJ;3302403;MACAE; 286.127.586,31 ; 1.160.652,09 ; -   ; -   ; 1.160.652,09 ; 287.288.238,40 ;;;;
RJ;3302452;MACUCO; 6.031.053,58 ; 24.464,45 ; -   ; -   ; 24.464,45 ; 6.055.518,03 ;;;;
RJ;3302502;MAGE; 282.326.182,36 ; 1.145.232,02 ; 42.470.825,44 ; -   ; 43.616.057,46 ; 325.942.239,82 ;;;;
RJ;3302601;MANGARATIBA; 56.458.945,88 ; 229.020,89 ; -   ; -   ; 229.020,89 ; 56.687.966,77 ;;;;
RJ;3302700;MARICA; 231.049.172,55 ; 937.231,21 ; -   ; -   ; 937.231,21 ; 231.986.403,76 ;;;;
RJ;3302809;MENDES; 17.221.022,26 ; 69.855,60 ; -   ; -   ; 69.855,60 ; 17.290.877,86 ;;;;
RJ;3302858;MESQUITA; 107.674.254,63 ; 436.771,41 ; 7.308.264,69 ; -   ; 7.745.036,10 ; 115.419.290,73 ;;;;
RJ;3302908;MIGUEL PEREIRA; 27.257.192,11 ; 110.566,47 ; -   ; -   ; 110.566,47 ; 27.367.758,58 ;;;;
RJ;3303005;MIRACEMA; 23.035.808,76 ; 93.442,79 ; -   ; -   ; 93.442,79 ; 23.129.251,55 ;;;;
RJ;3303104;NATIVIDADE; 11.405.969,91 ; 46.267,34 ; -   ; -   ; 46.267,34 ; 11.452.237,25 ;;;;
RJ;3303203;NILOPOLIS; 76.943.241,88 ; 312.113,68 ; -   ; -   ; 312.113,68 ; 77.255.355,56 ;;;;
RJ;3303302;NITEROI; 214.743.049,40 ; 871.086,82 ; -   ; -   ; 871.086,82 ; 215.614.136,22 ;;;;
RJ;3303401;NOVA FRIBURGO; 140.675.428,40 ; 570.637,85 ; 1.081.247,76 ; -   ; 1.651.885,61 ; 142.327.314,01 ;;;;
RJ;3303500;NOVA IGUACU; 452.941.655,03 ; 1.837.319,09 ; 72.261.453,76 ; -   ; 74.098.772,85 ; 527.040.427,88 ;;;;
RJ;3303609;PARACAMBI; 32.903.714,52 ; 133.471,10 ; -   ; -   ; 133.471,10 ; 33.037.185,62 ;;;;
RJ;3303708;PARAIBA DO SUL; 43.527.474,18 ; 176.565,48 ; -   ; -   ; 176.565,48 ; 43.704.039,66 ;;;;
RJ;3303807;PARATY; 47.136.415,62 ; 191.204,84 ; -   ; -   ; 191.204,84 ; 47.327.620,46 ;;;;
RJ;3303856;PATY DO ALFERES; 35.886.566,52 ; 145.570,79 ; 287.771,73 ; -   ; 433.342,52 ; 36.319.909,04 ;;;;
RJ;3303906;PETROPOLIS; 257.528.587,95 ; 1.044.642,69 ; -   ; -   ; 1.044.642,69 ; 258.573.230,64 ;;;;
RJ;3303955;PINHEIRAL; 25.264.896,48 ; 102.484,89 ; -   ; -   ; 102.484,89 ; 25.367.381,37 ;;;;
RJ;3304003;PIRAI; 29.705.625,39 ; 120.498,33 ; -   ; -   ; 120.498,33 ; 29.826.123,72 ;;;;
RJ;3304102;PORCIUNCULA; 14.335.542,05 ; 58.150,90 ; -   ; -   ; 58.150,90 ; 14.393.692,95 ;;;;
RJ;3304110;PORTO REAL; 21.983.195,17 ; 89.172,95 ; -   ; -   ; 89.172,95 ; 22.072.368,12 ;;;;
RJ;3304128;QUATIS; 16.755.227,24 ; 67.966,15 ; -   ; -   ; 67.966,15 ; 16.823.193,39 ;;;;
RJ;3304144;QUEIMADOS; 99.442.009,23 ; 403.378,01 ; 4.087.086,36 ; -   ; 4.490.464,37 ; 103.932.473,60 ;;;;
RJ;3304151;QUISSAMA; 33.383.215,35 ; 135.416,16 ; -   ; -   ; 135.416,16 ; 33.518.631,51 ;;;;
RJ;3304201;RESENDE; 100.835.597,74 ; 409.030,98 ; -   ; -   ; 409.030,98 ; 101.244.628,72 ;;;;
RJ;3304300;RIO BONITO; 59.731.049,02 ; 242.293,89 ; -   ; -   ; 242.293,89 ; 59.973.342,91 ;;;;
RJ;3304409;RIO CLARO; 19.514.033,60 ; 79.157,01 ; -   ; -   ; 79.157,01 ; 19.593.190,61 ;;;;
RJ;3304508;RIO DAS FLORES; 11.521.477,35 ; 46.735,89 ; -   ; -   ; 46.735,89 ; 11.568.213,24 ;;;;
RJ;3304524;RIO DAS OSTRAS; 158.315.238,34 ; 642.192,23 ; -   ; -   ; 642.192,23 ; 158.957.430,57 ;;;;
RJ;3304557;RIO DE JANEIRO; 5.044.379.589,42 ; 20.462.094,44 ; -   ; -   ; 20.462.094,44 ; 5.064.841.683,86 ;;;;
RJ;3304607;SANTA MARIA MADALENA; 9.178.521,43 ; 37.231,89 ; -   ; -   ; 37.231,89 ; 9.215.753,32 ;;;;
RJ;3304706;SANTO ANTONIO DE PADUA; 37.612.391,50 ; 152.571,45 ; -   ; -   ; 152.571,45 ; 37.764.962,95 ;;;;
RJ;3304805;SAO FIDELIS; 34.151.560,81 ; 138.532,89 ; -   ; -   ; 138.532,89 ; 34.290.093,70 ;;;;
RJ;3304755;SAO FRANCISCO DE ITABAPOANA; 59.969.325,24 ; 243.260,44 ; -   ; -   ; 243.260,44 ; 60.212.585,68 ;;;;
RJ;3304904;SAO GONCALO; 325.657.947,31 ; 1.321.003,61 ; -   ; -   ; 1.321.003,61 ; 326.978.950,92 ;;;;
RJ;3305000;SAO JOAO DA BARRA; 57.285.811,47 ; 232.375,00 ; -   ; -   ; 232.375,00 ; 57.518.186,47 ;;;;
RJ;3305109;SAO JOAO DE MERITI; 208.016.801,57 ; 843.802,37 ; 19.796.284,52 ; -   ; 20.640.086,89 ; 228.656.888,46 ;;;;
RJ;3305133;SAO JOSE DE UBA; 5.339.588,92 ; 21.659,59 ; -   ; -   ; 21.659,59 ; 5.361.248,51 ;;;;
RJ;3305158;SAO JOSE DO VALE DO RIO PRETO; 23.117.782,61 ; 93.775,31 ; -   ; -   ; 93.775,31 ; 23.211.557,92 ;;;;
RJ;3305208;SAO PEDRO DA ALDEIA; 101.932.664,12 ; 413.481,14 ; 14.995.825,65 ; -   ; 15.409.306,79 ; 117.341.970,91 ;;;;
RJ;3305307;SAO SEBASTIAO DO ALTO; 6.945.658,20 ; 28.174,47 ; -   ; -   ; 28.174,47 ; 6.973.832,67 ;;;;
RJ;3305406;SAPUCAIA; 17.150.913,56 ; 69.571,21 ; -   ; -   ; 69.571,21 ; 17.220.484,77 ;;;;
RJ;3305505;SAQUAREMA; 144.178.479,08 ; 584.847,67 ; -   ; -   ; 584.847,67 ; 144.763.326,75 ;;;;
RJ;3305554;SEROPEDICA; 95.495.819,22 ; 387.370,62 ; 3.647.718,93 ; -   ; 4.035.089,55 ; 99.530.908,77 ;;;;
RJ;3305604;SILVA JARDIM; 28.736.544,40 ; 116.567,33 ; -   ; -   ; 116.567,33 ; 28.853.111,73 ;;;;
RJ;3305703;SUMIDOURO; 15.691.084,47 ; 63.649,54 ; -   ; -   ; 63.649,54 ; 15.754.734,01 ;;;;
RJ;3305752;TANGUA; 39.568.636,78 ; 160.506,79 ; 4.114.199,42 ; -   ; 4.274.706,21 ; 43.843.342,99 ;;;;
RJ;3305802;TERESOPOLIS; 155.545.504,38 ; 630.957,04 ; -   ; -   ; 630.957,04 ; 156.176.461,42 ;;;;
RJ;3305901;TRAJANO DE MORAES; 8.254.170,15 ; 33.482,34 ; -   ; -   ; 33.482,34 ; 8.287.652,49 ;;;;
RJ;3306008;TRES RIOS; 70.649.911,25 ; 286.585,32 ; -   ; -   ; 286.585,32 ; 70.936.496,57 ;;;;
RJ;3306107;VALENCA; 61.034.246,51 ; 247.580,20 ; -   ; -   ; 247.580,20 ; 61.281.826,71 ;;;;
RJ;3306156;VARRE-SAI; 11.754.682,96 ; 47.681,87 ; -   ; -   ; 47.681,87 ; 11.802.364,83 ;;;;
RJ;3306206;VASSOURAS; 27.359.521,77 ; 110.981,56 ; -   ; -   ; 110.981,56 ; 27.470.503,33 ;;;;
RJ;3306305;VOLTA REDONDA; 230.575.645,18 ; 935.310,39 ; -   ; -   ; 935.310,39 ; 231.510.955,57 ;;;;
RJ;33;GOVERNO DO ESTADO; 4.440.522.828,20 ; 18.012.601,13 ; -   ; -   ; 18.012.601,13 ; 4.458.535.429,33 ;;;;
RN;2400109;ACARI; 10.563.284,66 ; -   ; 1.955.857,39 ; 470.076,69 ; 2.425.934,08 ; 12.989.218,74 ;;;;
RN;2400208;ACU; 45.983.409,74 ; -   ; 682.855,01 ; 3.627.355,88 ; 4.310.210,89 ; 50.293.620,63 ;;;;
RN;2400307;AFONSO BEZERRA; 11.876.217,29 ; -   ; -   ; 412.837,81 ; 412.837,81 ; 12.289.055,10 ;;;;
RN;2400406;AGUA NOVA; 4.511.069,06 ; -   ; 493.153,02 ; -   ; 493.153,02 ; 5.004.222,08 ;;;;
RN;2400505;ALEXANDRIA; 14.658.068,28 ; -   ; 4.901.221,63 ; 1.160.200,61 ; 6.061.422,24 ; 20.719.490,52 ;;;;
RN;2400604;ALMINO AFONSO; 3.052.215,86 ; -   ; -   ; 241.937,99 ; 241.937,99 ; 3.294.153,85 ;;;;
RN;2400703;ALTO DO RODRIGUES; 21.589.868,73 ; -   ; -   ; 1.678.274,46 ; 1.678.274,46 ; 23.268.143,19 ;;;;
RN;2400802;ANGICOS; 9.339.989,57 ; -   ; 1.080.888,01 ; 739.996,60 ; 1.820.884,61 ; 11.160.874,18 ;;;;
RN;2400901;ANTONIO MARTINS; 6.471.104,42 ; -   ; 1.561.727,46 ; 491.638,70 ; 2.053.366,16 ; 8.524.470,58 ;;;;
RN;2401008;APODI; 23.472.468,05 ; -   ; 427.459,52 ; 1.936.224,34 ; 2.363.683,86 ; 25.836.151,91 ;;;;
RN;2401107;AREIA BRANCA; 24.753.493,66 ; -   ; -   ; -   ; -   ; 24.753.493,66 ;;;;
RN;2401206;ARES; 19.483.331,33 ; -   ; 4.086.750,80 ; -   ; 4.086.750,80 ; 23.570.082,13 ;;;;
RN;2401305;AUGUSTO SEVERO; 9.833.226,62 ; -   ; 2.739.951,83 ; 702.622,11 ; 3.442.573,94 ; 13.275.800,56 ;;;;
RN;2401404;BAIA FORMOSA; 13.184.600,05 ; -   ; 3.451.635,94 ; 912.096,90 ; 4.363.732,84 ; 17.548.332,89 ;;;;
RN;2401453;BARAUNA; 35.909.370,64 ; -   ; 10.524.191,84 ; 2.594.334,10 ; 13.118.525,94 ; 49.027.896,58 ;;;;
RN;2401503;BARCELONA; 6.262.943,92 ; -   ; 869.258,45 ; -   ; 869.258,45 ; 7.132.202,37 ;;;;
RN;2401602;BENTO FERNANDES; 7.272.959,71 ; -   ; 928.306,84 ; -   ; 928.306,84 ; 8.201.266,55 ;;;;
RN;2401651;BODO; 5.222.021,40 ; -   ; -   ; -   ; -   ; 5.222.021,40 ;;;;
RN;2401701;BOM JESUS; 14.183.580,12 ; -   ; 4.776.719,78 ; -   ; 4.776.719,78 ; 18.960.299,90 ;;;;
RN;2401800;BREJINHO; 12.198.608,41 ; -   ; 2.917.310,28 ; 922.591,55 ; 3.839.901,83 ; 16.038.510,24 ;;;;
RN;2401859;CAICARA DO NORTE; 6.417.351,73 ; -   ; 858.814,75 ; 453.231,49 ; 1.312.046,24 ; 7.729.397,97 ;;;;
RN;2401909;CAICARA DO RIO DO VENTO; 4.787.866,50 ; -   ; -   ; -   ; -   ; 4.787.866,50 ;;;;
RN;2402006;CAICO; 40.077.946,02 ; -   ; 4.113.334,02 ; 3.287.841,58 ; 7.401.175,60 ; 47.479.121,62 ;;;;
RN;2402105;CAMPO REDONDO; 16.859.857,61 ; -   ; 989.492,88 ; -   ; 989.492,88 ; 17.849.350,49 ;;;;
RN;2402204;CANGUARETAMA; 53.401.009,24 ; -   ; 22.573.329,14 ; 3.758.365,60 ; 26.331.694,74 ; 79.732.703,98 ;;;;
RN;2402303;CARAUBAS; 22.692.488,27 ; -   ; 5.053.870,46 ; 1.723.586,62 ; 6.777.457,08 ; 29.469.945,35 ;;;;
RN;2402402;CARNAUBA DOS DANTAS; 9.840.293,14 ; -   ; 3.046.957,53 ; -   ; 3.046.957,53 ; 12.887.250,67 ;;;;
RN;2402501;CARNAUBAIS; 11.570.099,25 ; -   ; -   ; 876.418,14 ; 876.418,14 ; 12.446.517,39 ;;;;
RN;2402600;CEARA MIRIM; 87.788.098,07 ; -   ; 28.753.426,05 ; 6.435.569,52 ; 35.188.995,57 ; 122.977.093,64 ;;;;
RN;2402709;CERRO CORA; 13.530.633,54 ; -   ; 2.281.809,44 ; 1.106.901,75 ; 3.388.711,19 ; 16.919.344,73 ;;;;
RN;2402808;CORONEL EZEQUIEL; 7.580.726,03 ; -   ; 2.665.597,70 ; 614.836,21 ; 3.280.433,91 ; 10.861.159,94 ;;;;
RN;2402907;CORONEL JOAO PESSOA; 6.326.696,00 ; -   ; 413.885,06 ; -   ; 413.885,06 ; 6.740.581,06 ;;;;
RN;2403004;CRUZETA; 9.652.974,70 ; -   ; 2.564.211,91 ; 726.910,91 ; 3.291.122,82 ; 12.944.097,52 ;;;;
RN;2403103;CURRAIS NOVOS; 36.482.877,79 ; -   ; 4.763.945,72 ; 1.584.910,14 ; 6.348.855,86 ; 42.831.733,65 ;;;;
RN;2403202;DOUTOR SEVERIANO; 13.736.646,89 ; -   ; 4.909.516,68 ; 936.717,32 ; 5.846.234,00 ; 19.582.880,89 ;;;;
RN;2403301;ENCANTO; 9.205.899,87 ; -   ; 2.018.653,84 ; 365.964,07 ; 2.384.617,91 ; 11.590.517,78 ;;;;
RN;2403400;EQUADOR; 7.001.549,56 ; -   ; 793.919,36 ; 608.478,07 ; 1.402.397,43 ; 8.403.946,99 ;;;;
RN;2403509;ESPIRITO SANTO; 10.892.366,17 ; -   ; 1.716.704,94 ; -   ; 1.716.704,94 ; 12.609.071,11 ;;;;
RN;2403608;EXTREMOZ; 81.599.852,09 ; -   ; 47.254.274,60 ; 6.446.628,55 ; 53.700.903,15 ; 135.300.755,24 ;;;;
RN;2403707;FELIPE GUERRA; 7.209.175,85 ; -   ; -   ; 596.904,07 ; 596.904,07 ; 7.806.079,92 ;;;;
RN;2403756;FERNANDO PEDROZA; 4.039.020,26 ; -   ; 645.230,33 ; 316.039,10 ; 961.269,43 ; 5.000.289,69 ;;;;
RN;2403806;FLORANIA; 8.894.835,29 ; -   ; 2.753.118,80 ; -   ; 2.753.118,80 ; 11.647.954,09 ;;;;
RN;2403905;FRANCISCO DANTAS; 3.244.471,89 ; -   ; 319.291,31 ; -   ; 319.291,31 ; 3.563.763,20 ;;;;
RN;2404002;FRUTUOSO GOMES; 4.004.248,87 ; -   ; 468.371,10 ; -   ; 468.371,10 ; 4.472.619,97 ;;;;
RN;2404101;GALINHOS; 4.758.189,24 ; -   ; -   ; 372.274,11 ; 372.274,11 ; 5.130.463,35 ;;;;
RN;2404200;GOIANINHA; 56.129.437,02 ; -   ; 23.690.129,05 ; -   ; 23.690.129,05 ; 79.819.566,07 ;;;;
RN;2404309;GOVERNADOR DIX-SEPT ROSADO; 11.281.607,54 ; -   ; -   ; 413.038,37 ; 413.038,37 ; 11.694.645,91 ;;;;
RN;2404408;GROSSOS; 9.435.017,63 ; -   ; -   ; -   ; -   ; 9.435.017,63 ;;;;
RN;2404507;GUAMARE; 26.061.922,02 ; -   ; -   ; 1.976.367,98 ; 1.976.367,98 ; 28.038.290,00 ;;;;
RN;2404606;IELMO MARINHO; 22.203.654,65 ; -   ; 3.825.166,21 ; -   ; 3.825.166,21 ; 26.028.820,86 ;;;;
RN;2404705;IPANGUACU; 17.035.085,43 ; -   ; 4.983.100,50 ; 1.174.440,42 ; 6.157.540,92 ; 23.192.626,35 ;;;;
RN;2404804;IPUEIRA; 2.914.756,43 ; -   ; -   ; 206.118,37 ; 206.118,37 ; 3.120.874,80 ;;;;
RN;2404853;ITAJA; 11.746.398,53 ; -   ; 3.104.481,35 ; 794.085,58 ; 3.898.566,93 ; 15.644.965,46 ;;;;
RN;2404903;ITAU; 6.822.115,68 ; -   ; 1.688.182,51 ; 227.073,92 ; 1.915.256,43 ; 8.737.372,11 ;;;;
RN;2405009;JACANA; 10.548.669,59 ; -   ; 5.092.263,48 ; 868.493,21 ; 5.960.756,69 ; 16.509.426,28 ;;;;
RN;2405108;JANDAIRA; 10.712.986,09 ; -   ; 253.377,43 ; -   ; 253.377,43 ; 10.966.363,52 ;;;;
RN;2405207;JANDUIS; 8.565.409,22 ; -   ; 2.883.166,39 ; 584.339,18 ; 3.467.505,57 ; 12.032.914,79 ;;;;
RN;2405306;JANUARIO CICCO; 15.253.520,78 ; -   ; 6.236.429,72 ; -   ; 6.236.429,72 ; 21.489.950,50 ;;;;
RN;2405405;JAPI; 7.040.583,23 ; -   ; 2.142.068,43 ; 298.673,72 ; 2.440.742,15 ; 9.481.325,38 ;;;;
RN;2405504;JARDIM DE ANGICOS; 4.998.185,79 ; -   ; -   ; -   ; -   ; 4.998.185,79 ;;;;
RN;2405603;JARDIM DE PIRANHAS; 18.905.666,64 ; -   ; 6.538.232,01 ; -   ; 6.538.232,01 ; 25.443.898,65 ;;;;
RN;2405702;JARDIM DO SERIDO; 9.156.198,73 ; -   ; 1.513.667,24 ; 717.087,49 ; 2.230.754,73 ; 11.386.953,46 ;;;;
RN;2405801;JOAO CAMARA; 40.565.565,94 ; -   ; 8.596.352,65 ; 1.430.409,89 ; 10.026.762,54 ; 50.592.328,48 ;;;;
RN;2405900;JOAO DIAS; 3.582.532,45 ; -   ; 319.906,47 ; 270.770,31 ; 590.676,78 ; 4.173.209,23 ;;;;
RN;2406007;JOSE DA PENHA; 8.540.068,99 ; -   ; 2.509.846,54 ; 525.484,10 ; 3.035.330,64 ; 11.575.399,63 ;;;;
RN;2406106;JUCURUTU; 16.542.582,61 ; -   ; 1.997.714,48 ; -   ; 1.997.714,48 ; 18.540.297,09 ;;;;
RN;2406155;JUNDIA; 7.411.301,83 ; -   ; 3.460.916,32 ; 447.106,44 ; 3.908.022,76 ; 11.319.324,59 ;;;;
RN;2406205;LAGOA DANTA; 9.481.954,82 ; -   ; 3.550.557,71 ; -   ; 3.550.557,71 ; 13.032.512,53 ;;;;
RN;2406304;LAGOA DE PEDRAS; 12.222.586,60 ; -   ; 7.425.229,67 ; 461.917,28 ; 7.887.146,95 ; 20.109.733,55 ;;;;
RN;2406403;LAGOA DE VELHOS; 6.002.286,97 ; -   ; 1.052.233,05 ; 417.487,73 ; 1.469.720,78 ; 7.472.007,75 ;;;;
RN;2406502;LAGOA NOVA; 22.926.579,83 ; -   ; 5.369.743,19 ; 1.828.739,11 ; 7.198.482,30 ; 30.125.062,13 ;;;;
RN;2406601;LAGOA SALGADA; 11.941.540,71 ; -   ; 3.508.180,55 ; 904.239,66 ; 4.412.420,21 ; 16.353.960,92 ;;;;
RN;2406700;LAJES; 12.679.005,90 ; -   ; -   ; -   ; -   ; 12.679.005,90 ;;;;
RN;2406809;LAJES PINTADAS; 8.937.760,82 ; -   ; 710.044,93 ; -   ; 710.044,93 ; 9.647.805,75 ;;;;
RN;2406908;LUCRECIA; 4.210.930,54 ; -   ; 441.588,58 ; 351.795,79 ; 793.384,37 ; 5.004.314,91 ;;;;
RN;2407005;LUIS GOMES; 12.471.263,60 ; -   ; 2.267.303,68 ; 866.347,72 ; 3.133.651,40 ; 15.604.915,00 ;;;;
RN;2407104;MACAIBA; 68.278.218,85 ; -   ; 9.090.644,18 ; -   ; 9.090.644,18 ; 77.368.863,03 ;;;;
RN;2407203;MACAU; 22.121.150,14 ; -   ; -   ; -   ; -   ; 22.121.150,14 ;;;;
RN;2407252;MAJOR SALES; 7.730.814,86 ; -   ; 1.228.866,40 ; 563.484,85 ; 1.792.351,25 ; 9.523.166,11 ;;;;
RN;2407302;MARCELINO VIEIRA; 7.560.042,52 ; -   ; 2.001.252,87 ; 525.545,86 ; 2.526.798,73 ; 10.086.841,25 ;;;;
RN;2407401;MARTINS; 9.548.105,56 ; -   ; 3.167.403,48 ; 735.619,78 ; 3.903.023,26 ; 13.451.128,82 ;;;;
RN;2407500;MAXARANGUAPE; 16.495.053,34 ; -   ; 4.730.990,98 ; -   ; 4.730.990,98 ; 21.226.044,32 ;;;;
RN;2407609;MESSIAS TARGINO; 4.535.056,36 ; -   ; 502.154,72 ; 183.191,61 ; 685.346,33 ; 5.220.402,69 ;;;;
RN;2407708;MONTANHAS; 15.243.919,90 ; -   ; 4.466.601,73 ; 640.197,25 ; 5.106.798,98 ; 20.350.718,88 ;;;;
RN;2407807;MONTE ALEGRE; 41.162.619,33 ; -   ; 15.897.219,54 ; 2.627.615,52 ; 18.524.835,06 ; 59.687.454,39 ;;;;
RN;2407906;MONTE DAS GAMELEIRAS; 5.098.469,93 ; -   ; -   ; 408.798,06 ; 408.798,06 ; 5.507.267,99 ;;;;
RN;2408003;MOSSORO; 157.219.215,94 ; -   ; -   ; -   ; -   ; 157.219.215,94 ;;;;
RN;2408102;NATAL; 424.918.080,53 ; -   ; -   ; -   ; -   ; 424.918.080,53 ;;;;
RN;2408201;NISIA FLORESTA; 55.339.653,71 ; -   ; 30.501.646,63 ; -   ; 30.501.646,63 ; 85.841.300,34 ;;;;
RN;2408300;NOVA CRUZ; 34.319.831,82 ; -   ; 8.605.984,10 ; 1.209.880,53 ; 9.815.864,63 ; 44.135.696,45 ;;;;
RN;2408409;OLHO DAGUA DO BORGES; 3.843.886,03 ; -   ; -   ; 265.753,45 ; 265.753,45 ; 4.109.639,48 ;;;;
RN;2408508;OURO BRANCO; 5.056.492,44 ; -   ; 635.678,45 ; -   ; 635.678,45 ; 5.692.170,89 ;;;;
RN;2408607;PARANA; 5.198.269,25 ; -   ; 254.460,32 ; 379.406,10 ; 633.866,42 ; 5.832.135,67 ;;;;
RN;2408706;PARAU; 2.838.721,37 ; -   ; -   ; -   ; -   ; 2.838.721,37 ;;;;
RN;2408805;PARAZINHO; 8.138.101,23 ; -   ; 465.872,38 ; -   ; 465.872,38 ; 8.603.973,61 ;;;;
RN;2408904;PARELHAS; 16.205.483,83 ; -   ; 2.075.048,27 ; -   ; 2.075.048,27 ; 18.280.532,10 ;;;;
RN;2403251;PARNAMIRIM; 171.984.448,04 ; -   ; -   ; -   ; -   ; 171.984.448,04 ;;;;
RN;2409100;PASSA E FICA; 23.464.894,77 ; -   ; 10.708.782,44 ; -   ; 10.708.782,44 ; 34.173.677,21 ;;;;
RN;2409209;PASSAGEM; 6.676.675,22 ; -   ; 1.658.988,65 ; 216.902,78 ; 1.875.891,43 ; 8.552.566,65 ;;;;
RN;2409308;PATU; 8.896.958,83 ; -   ; 407.129,11 ; -   ; 407.129,11 ; 9.304.087,94 ;;;;
RN;2409407;PAU DOS FERROS; 17.857.134,73 ; -   ; -   ; -   ; -   ; 17.857.134,73 ;;;;
RN;2409506;PEDRA GRANDE; 7.012.198,82 ; -   ; 141.171,20 ; -   ; 141.171,20 ; 7.153.370,02 ;;;;
RN;2409605;PEDRA PRETA; 3.629.149,13 ; -   ; -   ; 267.877,91 ; 267.877,91 ; 3.897.027,04 ;;;;
RN;2409704;PEDRO AVELINO; 8.015.045,03 ; -   ; 43.421,33 ; 569.971,73 ; 613.393,06 ; 8.628.438,09 ;;;;
RN;2409803;PEDRO VELHO; 29.468.363,69 ; -   ; 19.231.779,40 ; -   ; 19.231.779,40 ; 48.700.143,09 ;;;;
RN;2409902;PENDENCIAS; 12.726.181,61 ; -   ; -   ; 976.322,94 ; 976.322,94 ; 13.702.504,55 ;;;;
RN;2410009;PILOES; 2.797.483,10 ; -   ; -   ; -   ; -   ; 2.797.483,10 ;;;;
RN;2410108;POCO BRANCO; 17.114.957,79 ; -   ; 7.850.269,74 ; 564.900,02 ; 8.415.169,76 ; 25.530.127,55 ;;;;
RN;2410207;PORTALEGRE; 10.909.524,36 ; -   ; 3.225.822,42 ; 852.844,08 ; 4.078.666,50 ; 14.988.190,86 ;;;;
RN;2410256;PORTO DO MANGUE; 8.761.451,84 ; -   ; -   ; -   ; -   ; 8.761.451,84 ;;;;
RN;2410306;PRESIDENTE JUSCELINO; 21.578.778,57 ; -   ; 7.462.739,35 ; 1.638.568,24 ; 9.101.307,59 ; 30.680.086,16 ;;;;
RN;2410405;PUREZA; 16.370.064,22 ; -   ; 9.171.966,77 ; -   ; 9.171.966,77 ; 25.542.030,99 ;;;;
RN;2410504;RAFAEL FERNANDES; 4.328.712,81 ; -   ; -   ; -   ; -   ; 4.328.712,81 ;;;;
RN;2410603;RAFAEL GODEIRO; 5.324.657,75 ; -   ; -   ; 479.297,80 ; 479.297,80 ; 5.803.955,55 ;;;;
RN;2410702;RIACHO DA CRUZ; 4.758.971,41 ; -   ; 907.217,25 ; -   ; 907.217,25 ; 5.666.188,66 ;;;;
RN;2410801;RIACHO DE SANTANA; 5.337.558,87 ; -   ; 332.646,34 ; 382.078,13 ; 714.724,47 ; 6.052.283,34 ;;;;
RN;2410900;RIACHUELO; 10.568.083,50 ; -   ; 1.817.462,49 ; 802.421,16 ; 2.619.883,65 ; 13.187.967,15 ;;;;
RN;2408953;RIO DO FOGO; 18.567.459,94 ; -   ; 3.904.924,75 ; -   ; 3.904.924,75 ; 22.472.384,69 ;;;;
RN;2411007;RODOLFO FERNANDES; 5.965.540,97 ; -   ; 792.977,05 ; 472.179,77 ; 1.265.156,82 ; 7.230.697,79 ;;;;
RN;2411106;RUY BARBOSA; 4.907.811,28 ; -   ; -   ; 419.687,01 ; 419.687,01 ; 5.327.498,29 ;;;;
RN;2411205;SANTA CRUZ; 30.736.185,46 ; -   ; 5.785.525,07 ; -   ; 5.785.525,07 ; 36.521.710,53 ;;;;
RN;2409332;SANTA MARIA; 7.827.398,28 ; -   ; 1.662.391,20 ; -   ; 1.662.391,20 ; 9.489.789,48 ;;;;
RN;2411403;SANTANA DO MATOS; 11.415.601,45 ; -   ; 1.609.073,80 ; 428.554,95 ; 2.037.628,75 ; 13.453.230,20 ;;;;
RN;2411429;SANTANA DO SERIDO; 2.546.757,62 ; -   ; -   ; -   ; -   ; 2.546.757,62 ;;;;
RN;2411502;SANTO ANTONIO; 20.444.666,08 ; -   ; 4.578.368,30 ; -   ; 4.578.368,30 ; 25.023.034,38 ;;;;
RN;2411601;SAO BENTO DO NORTE; 6.800.807,29 ; -   ; -   ; 557.135,52 ; 557.135,52 ; 7.357.942,81 ;;;;
RN;2411700;SAO BENTO DO TRAIRI; 5.772.211,41 ; -   ; 891.510,86 ; -   ; 891.510,86 ; 6.663.722,27 ;;;;
RN;2411809;SAO FERNANDO; 4.592.445,61 ; -   ; -   ; -   ; -   ; 4.592.445,61 ;;;;
RN;2411908;SAO FRANCISCO DO OESTE; 6.659.596,85 ; -   ; 81.891,17 ; 511.774,37 ; 593.665,54 ; 7.253.262,39 ;;;;
RN;2412005;SAO GONCALO DO AMARANTE; 109.358.018,26 ; -   ; 20.666.524,61 ; 8.568.245,88 ; 29.234.770,49 ; 138.592.788,75 ;;;;
RN;2412104;SAO JOAO DO SABUGI; 6.642.075,04 ; -   ; 2.055.960,15 ; 568.071,99 ; 2.624.032,14 ; 9.266.107,18 ;;;;
RN;2412203;SAO JOSE DE MIPIBU; 72.374.533,02 ; -   ; 29.702.438,03 ; 5.584.693,25 ; 35.287.131,28 ; 107.661.664,30 ;;;;
RN;2412302;SAO JOSE DO CAMPESTRE; 16.562.356,39 ; -   ; -   ; -   ; -   ; 16.562.356,39 ;;;;
RN;2412401;SAO JOSE DO SERIDO; 5.574.874,41 ; -   ; 361.780,80 ; -   ; 361.780,80 ; 5.936.655,21 ;;;;
RN;2412500;SAO MIGUEL; 30.762.405,47 ; -   ; 7.429.306,64 ; 2.439.860,48 ; 9.869.167,12 ; 40.631.572,59 ;;;;
RN;2412559;SAO MIGUEL DO GOSTOSO; 19.184.039,34 ; -   ; 2.995.951,03 ; -   ; 2.995.951,03 ; 22.179.990,37 ;;;;
RN;2412609;SAO PAULO DO POTENGI; 21.260.890,72 ; -   ; 3.425.837,30 ; -   ; 3.425.837,30 ; 24.686.728,02 ;;;;
RN;2412708;SAO PEDRO; 8.011.355,10 ; -   ; 2.715.296,41 ; 287.792,30 ; 3.003.088,71 ; 11.014.443,81 ;;;;
RN;2412807;SAO RAFAEL; 6.126.250,26 ; -   ; 1.968.339,70 ; -   ; 1.968.339,70 ; 8.094.589,96 ;;;;
RN;2412906;SAO TOME; 18.356.827,08 ; -   ; 929.660,22 ; 1.326.622,17 ; 2.256.282,39 ; 20.613.109,47 ;;;;
RN;2413003;SAO VICENTE; 6.293.256,21 ; -   ; 774.602,77 ; -   ; 774.602,77 ; 7.067.858,98 ;;;;
RN;2413102;SENADOR ELOI DE SOUZA; 8.141.052,66 ; -   ; 2.272.147,21 ; -   ; 2.272.147,21 ; 10.413.199,87 ;;;;
RN;2413201;SENADOR GEORGINO AVELINO; 7.493.534,20 ; -   ; 2.097.180,19 ; 261.356,26 ; 2.358.536,45 ; 9.852.070,65 ;;;;
RN;2413300;SERRA DE SAO BENTO; 6.459.730,04 ; -   ; 948.530,62 ; 581.959,40 ; 1.530.490,02 ; 7.990.220,06 ;;;;
RN;2413359;SERRA DO MEL; 24.584.184,60 ; -   ; 2.482.145,53 ; 1.708.941,78 ; 4.191.087,31 ; 28.775.271,91 ;;;;
RN;2413409;SERRA NEGRA DO NORTE; 7.816.258,81 ; -   ; 799.232,86 ; -   ; 799.232,86 ; 8.615.491,67 ;;;;
RN;2413508;SERRINHA; 10.598.862,75 ; -   ; 3.070.228,92 ; 814.200,27 ; 3.884.429,19 ; 14.483.291,94 ;;;;
RN;2413557;SERRINHA DOS PINTOS; 7.154.663,39 ; -   ; 2.128.699,87 ; 515.239,38 ; 2.643.939,25 ; 9.798.602,64 ;;;;
RN;2413607;SEVERIANO MELO; 7.446.861,37 ; -   ; 1.601.774,03 ; -   ; 1.601.774,03 ; 9.048.635,40 ;;;;
RN;2413706;SITIO NOVO; 9.231.808,37 ; -   ; 2.560.391,46 ; -   ; 2.560.391,46 ; 11.792.199,83 ;;;;
RN;2413805;TABOLEIRO GRANDE; 3.403.983,52 ; -   ; -   ; 267.473,33 ; 267.473,33 ; 3.671.456,85 ;;;;
RN;2413904;TAIPU; 13.846.644,52 ; -   ; 3.716.198,72 ; -   ; 3.716.198,72 ; 17.562.843,24 ;;;;
RN;2414001;TANGARA; 18.686.616,81 ; -   ; 6.765.443,01 ; -   ; 6.765.443,01 ; 25.452.059,82 ;;;;
RN;2414100;TENENTE ANANIAS; 14.559.422,59 ; -   ; 5.357.876,29 ; 1.248.111,54 ; 6.605.987,83 ; 21.165.410,42 ;;;;
RN;2414159;TENENTE LAURENTINO CRUZ; 10.680.311,48 ; -   ; 2.988.315,45 ; 888.747,06 ; 3.877.062,51 ; 14.557.373,99 ;;;;
RN;2411056;TIBAU; 5.486.168,58 ; -   ; -   ; 220.879,53 ; 220.879,53 ; 5.707.048,11 ;;;;
RN;2414209;TIBAU DO SUL; 23.088.112,39 ; -   ; 914.873,34 ; 861.986,14 ; 1.776.859,48 ; 24.864.971,87 ;;;;
RN;2414308;TIMBAUBA DOS BATISTAS; 2.796.441,99 ; -   ; -   ; 102.096,63 ; 102.096,63 ; 2.898.538,62 ;;;;
RN;2414407;TOUROS; 55.301.567,61 ; -   ; 23.887.030,85 ; 3.762.867,09 ; 27.649.897,94 ; 82.951.465,55 ;;;;
RN;2414456;TRIUNFO POTIGUAR; 5.317.769,93 ; -   ; 598.540,07 ; -   ; 598.540,07 ; 5.916.310,00 ;;;;
RN;2414506;UMARIZAL; 7.646.330,37 ; -   ; 1.773.130,21 ; 624.468,76 ; 2.397.598,97 ; 10.043.929,34 ;;;;
RN;2414605;UPANEMA; 14.361.903,71 ; -   ; -   ; -   ; -   ; 14.361.903,71 ;;;;
RN;2414704;VARZEA; 5.247.440,39 ; -   ; 427.790,62 ; 191.591,97 ; 619.382,59 ; 5.866.822,98 ;;;;
RN;2414753;VENHA-VER; 7.459.117,72 ; -   ; 1.287.870,90 ; 533.478,37 ; 1.821.349,27 ; 9.280.466,99 ;;;;
RN;2414803;VERA CRUZ; 21.879.040,78 ; -   ; 6.122.169,16 ; 1.639.592,61 ; 7.761.761,77 ; 29.640.802,55 ;;;;
RN;2414902;VICOSA; 3.293.083,81 ; -   ; -   ; -   ; -   ; 3.293.083,81 ;;;;
RN;2415008;VILA FLOR; 4.952.466,59 ; -   ; 191.136,44 ; -   ; 191.136,44 ; 5.143.603,03 ;;;;
RN;24;GOVERNO DO ESTADO; 1.777.143.424,93 ; -   ; -   ; -   ; -   ; 1.777.143.424,93 ;;;;
RO;1100015;ALTA FLORESTA DOESTE; 28.422.593,71 ; -   ; -   ; 1.941.170,81 ; 1.941.170,81 ; 30.363.764,52 ;;;;
RO;1100379;ALTO ALEGRE DOS PARECIS; 20.426.059,47 ; -   ; -   ; 1.302.463,04 ; 1.302.463,04 ; 21.728.522,51 ;;;;
RO;1100403;ALTO PARAISO; 16.473.818,89 ; -   ; -   ; 1.091.635,63 ; 1.091.635,63 ; 17.565.454,52 ;;;;
RO;1100346;ALVORADA DOESTE; 14.731.358,76 ; -   ; -   ; 510.097,80 ; 510.097,80 ; 15.241.456,56 ;;;;
RO;1100023;ARIQUEMES; 115.391.109,84 ; -   ; -   ; 7.809.185,98 ; 7.809.185,98 ; 123.200.295,82 ;;;;
RO;1100452;BURITIS; 30.470.487,12 ; -   ; -   ; 1.126.795,86 ; 1.126.795,86 ; 31.597.282,98 ;;;;
RO;1100031;CABIXI; 6.401.481,38 ; -   ; -   ; 467.290,50 ; 467.290,50 ; 6.868.771,88 ;;;;
RO;1100601;CACAULANDIA; 5.551.607,74 ; -   ; -   ; 200.316,02 ; 200.316,02 ; 5.751.923,76 ;;;;
RO;1100049;CACOAL; 77.264.987,50 ; -   ; -   ; -   ; -   ; 77.264.987,50 ;;;;
RO;1100700;CAMPO NOVO DE RONDONIA; 13.912.603,89 ; -   ; -   ; -   ; -   ; 13.912.603,89 ;;;;
RO;1100809;CANDEIAS DO JAMARI; 35.806.004,08 ; -   ; 3.370.635,41 ; -   ; 3.370.635,41 ; 39.176.639,49 ;;;;
RO;1100908;CASTANHEIRAS; 5.672.041,66 ; -   ; -   ; 345.532,82 ; 345.532,82 ; 6.017.574,48 ;;;;
RO;1100056;CEREJEIRAS; 19.177.355,82 ; -   ; -   ; -   ; -   ; 19.177.355,82 ;;;;
RO;1100924;CHUPINGUAIA; 14.085.028,94 ; -   ; -   ; 944.300,19 ; 944.300,19 ; 15.029.329,13 ;;;;
RO;1100064;COLORADO DO OESTE; 18.292.743,42 ; -   ; -   ; 1.289.345,09 ; 1.289.345,09 ; 19.582.088,51 ;;;;
RO;1100072;CORUMBIARA; 9.447.250,82 ; -   ; -   ; 334.850,41 ; 334.850,41 ; 9.782.101,23 ;;;;
RO;1100080;COSTA MARQUES; 21.252.256,46 ; -   ; -   ; -   ; -   ; 21.252.256,46 ;;;;
RO;1100940;CUJUBIM; 26.659.821,29 ; -   ; -   ; -   ; -   ; 26.659.821,29 ;;;;
RO;1100098;ESPIGAO DOESTE; 31.071.706,58 ; -   ; -   ; 2.246.372,46 ; 2.246.372,46 ; 33.318.079,04 ;;;;
RO;1101005;GOVERNADOR JORGE TEIXEIRA; 10.430.121,90 ; -   ; -   ; 677.875,15 ; 677.875,15 ; 11.107.997,05 ;;;;
RO;1100106;GUAJARA-MIRIM; 35.379.702,46 ; -   ; -   ; -   ; -   ; 35.379.702,46 ;;;;
RO;1101104;ITAPUA DO OESTE; 12.745.453,53 ; -   ; -   ; 479.687,12 ; 479.687,12 ; 13.225.140,65 ;;;;
RO;1100114;JARU; 57.013.174,81 ; -   ; -   ; -   ; -   ; 57.013.174,81 ;;;;
RO;1100122;JI-PARANA; 92.862.631,50 ; -   ; -   ; -   ; -   ; 92.862.631,50 ;;;;
RO;1100130;MACHADINHO DOESTE; 37.393.996,14 ; -   ; -   ; 2.515.692,14 ; 2.515.692,14 ; 39.909.688,28 ;;;;
RO;1101203;MINISTRO ANDREAZZA; 10.317.028,84 ; -   ; -   ; -   ; -   ; 10.317.028,84 ;;;;
RO;1101302;MIRANTE DA SERRA; 11.301.481,24 ; -   ; -   ; -   ; -   ; 11.301.481,24 ;;;;
RO;1101401;MONTE NEGRO; 18.322.776,47 ; -   ; -   ; 1.213.621,48 ; 1.213.621,48 ; 19.536.397,95 ;;;;
RO;1100148;NOVA BRASILANDIA DOESTE; 23.408.301,80 ; -   ; -   ; -   ; -   ; 23.408.301,80 ;;;;
RO;1100338;NOVA MAMORE; 36.295.919,76 ; -   ; -   ; 2.345.819,43 ; 2.345.819,43 ; 38.641.739,19 ;;;;
RO;1101435;NOVA UNIAO; 9.517.113,83 ; -   ; -   ; 302.916,97 ; 302.916,97 ; 9.820.030,80 ;;;;
RO;1100502;NOVO HORIZONTE DO OESTE; 8.163.530,56 ; -   ; -   ; 278.788,32 ; 278.788,32 ; 8.442.318,88 ;;;;
RO;1100155;OURO PRETO DO OESTE; 35.545.709,47 ; -   ; -   ; -   ; -   ; 35.545.709,47 ;;;;
RO;1101450;PARECIS; 5.167.279,95 ; -   ; -   ; 340.808,70 ; 340.808,70 ; 5.508.088,65 ;;;;
RO;1100189;PIMENTA BUENO; 46.984.445,52 ; -   ; -   ; -   ; -   ; 46.984.445,52 ;;;;
RO;1101468;PIMENTEIRAS DO OESTE; 3.085.391,30 ; -   ; -   ; 232.065,49 ; 232.065,49 ; 3.317.456,79 ;;;;
RO;1100205;PORTO VELHO; 421.115.212,39 ; -   ; -   ; -   ; -   ; 421.115.212,39 ;;;;
RO;1100254;PRESIDENTE MEDICI; 15.061.044,39 ; -   ; -   ; 560.915,84 ; 560.915,84 ; 15.621.960,23 ;;;;
RO;1101476;PRIMAVERA DE RONDONIA; 4.293.187,67 ; -   ; -   ; 304.455,79 ; 304.455,79 ; 4.597.643,46 ;;;;
RO;1100262;RIO CRESPO; 4.395.737,83 ; -   ; -   ; 292.220,79 ; 292.220,79 ; 4.687.958,62 ;;;;
RO;1100288;ROLIM DE MOURA; 57.725.124,26 ; -   ; -   ; 4.314.139,43 ; 4.314.139,43 ; 62.039.263,69 ;;;;
RO;1100296;SANTA LUZIA DOESTE; 9.686.293,72 ; -   ; -   ; -   ; -   ; 9.686.293,72 ;;;;
RO;1101484;SAO FELIPE DOESTE; 5.694.736,62 ; -   ; -   ; 367.589,75 ; 367.589,75 ; 6.062.326,37 ;;;;
RO;1101492;SAO FRANCISCO DO GUAPORE; 26.291.714,40 ; -   ; -   ; 1.824.607,10 ; 1.824.607,10 ; 28.116.321,50 ;;;;
RO;1100320;SAO MIGUEL DO GUAPORE; 28.271.884,81 ; -   ; -   ; 1.890.024,29 ; 1.890.024,29 ; 30.161.909,10 ;;;;
RO;1101500;SERINGUEIRAS; 15.118.569,63 ; -   ; 2.561.028,21 ; 905.411,44 ; 3.466.439,65 ; 18.585.009,28 ;;;;
RO;1101559;TEIXEIROPOLIS; 6.299.055,48 ; -   ; -   ; 210.572,35 ; 210.572,35 ; 6.509.627,83 ;;;;
RO;1101609;THEOBROMA; 12.547.121,56 ; -   ; -   ; -   ; -   ; 12.547.121,56 ;;;;
RO;1101708;URUPA; 16.606.919,29 ; -   ; -   ; -   ; -   ; 16.606.919,29 ;;;;
RO;1101757;VALE DO ANARI; 8.474.042,95 ; -   ; -   ; -   ; -   ; 8.474.042,95 ;;;;
RO;1101807;VALE DO PARAISO; 11.189.933,14 ; -   ; 1.205.420,00 ; 655.351,87 ; 1.860.771,87 ; 13.050.705,01 ;;;;
RO;1100304;VILHENA; 108.401.219,70 ; -   ; -   ; -   ; -   ; 108.401.219,70 ;;;;
RO;11;GOVERNO DO ESTADO; 1.804.586.618,88 ; -   ; -   ; -   ; -   ; 1.804.586.618,88 ;;;;
RR;1400050;ALTO ALEGRE; 27.456.614,71 ; -   ; 5.519.510,41 ; 1.210.285,27 ; 6.729.795,68 ; 34.186.410,39 ;;;;
RR;1400027;AMAJARI; 17.056.638,84 ; -   ; -   ; 900.025,13 ; 900.025,13 ; 17.956.663,97 ;;;;
RR;1400100;BOA VISTA; 588.280.524,78 ; -   ; -   ; -   ; -   ; 588.280.524,78 ;;;;
RR;1400159;BONFIM; 44.287.673,80 ; -   ; 1.232.917,64 ; -   ; 1.232.917,64 ; 45.520.591,44 ;;;;
RR;1400175;CANTA; 33.717.721,23 ; -   ; -   ; 1.823.318,53 ; 1.823.318,53 ; 35.541.039,76 ;;;;
RR;1400209;CARACARAI; 34.865.522,05 ; -   ; -   ; 1.088.801,88 ; 1.088.801,88 ; 35.954.323,93 ;;;;
RR;1400233;CAROEBE; 19.742.749,05 ; -   ; -   ; -   ; -   ; 19.742.749,05 ;;;;
RR;1400282;IRACEMA; 12.678.265,68 ; -   ; -   ; 724.386,19 ; 724.386,19 ; 13.402.651,87 ;;;;
RR;1400308;MUCAJAI; 34.015.087,44 ; -   ; -   ; 1.076.684,17 ; 1.076.684,17 ; 35.091.771,61 ;;;;
RR;1400407;NORMANDIA; 51.699.419,04 ; -   ; 12.211.631,30 ; 2.237.580,62 ; 14.449.211,92 ; 66.148.630,96 ;;;;
RR;1400456;PACARAIMA; 56.268.904,38 ; -   ; 2.755.092,79 ; -   ; 2.755.092,79 ; 59.023.997,17 ;;;;
RR;1400472;RORAINOPOLIS; 63.933.006,37 ; -   ; 4.937.281,25 ; -   ; 4.937.281,25 ; 68.870.287,62 ;;;;
RR;1400506;SAO JOAO DA BALIZA; 16.567.133,24 ; -   ; -   ; -   ; -   ; 16.567.133,24 ;;;;
RR;1400605;SAO LUIZ; 15.245.785,93 ; -   ; -   ; -   ; -   ; 15.245.785,93 ;;;;
RR;1400704;UIRAMUTA; 31.073.217,16 ; -   ; 6.359.473,24 ; -   ; 6.359.473,24 ; 37.432.690,40 ;;;;
RR;14;GOVERNO DO ESTADO; 1.007.363.953,48 ; -   ; -   ; -   ; -   ; 1.007.363.953,48 ;;;;
RS;4300034;ACEGUA; 8.040.171,33 ; -   ; -   ; 275.702,60 ; 275.702,60 ; 8.315.873,93 ;;;;
RS;4300059;AGUA SANTA; 5.324.501,42 ; -   ; -   ; -   ; -   ; 5.324.501,42 ;;;;
RS;4300109;AGUDO; 21.959.832,85 ; -   ; -   ; -   ; -   ; 21.959.832,85 ;;;;
RS;4300208;AJURICABA; 5.997.672,53 ; -   ; -   ; 439.135,29 ; 439.135,29 ; 6.436.807,82 ;;;;
RS;4300307;ALECRIM; 4.596.452,08 ; -   ; -   ; 140.720,32 ; 140.720,32 ; 4.737.172,40 ;;;;
RS;4300406;ALEGRETE; 48.466.893,20 ; -   ; -   ; -   ; -   ; 48.466.893,20 ;;;;
RS;4300455;ALEGRIA; 3.937.275,21 ; -   ; -   ; 246.084,12 ; 246.084,12 ; 4.183.359,33 ;;;;
RS;4300471;ALMIRANTE TAMANDARE DO SUL; 2.693.246,81 ; -   ; -   ; -   ; -   ; 2.693.246,81 ;;;;
RS;4300505;ALPESTRE; 7.515.005,57 ; -   ; -   ; 540.712,23 ; 540.712,23 ; 8.055.717,80 ;;;;
RS;4300554;ALTO ALEGRE; 1.541.442,24 ; -   ; -   ; 48.320,15 ; 48.320,15 ; 1.589.762,39 ;;;;
RS;4300570;ALTO FELIZ; 5.042.061,02 ; -   ; -   ; 308.785,21 ; 308.785,21 ; 5.350.846,23 ;;;;
RS;4300604;ALVORADA; 203.794.949,56 ; -   ; -   ; -   ; -   ; 203.794.949,56 ;;;;
RS;4300638;AMARAL FERRADOR; 6.576.731,87 ; -   ; -   ; -   ; -   ; 6.576.731,87 ;;;;
RS;4300646;AMETISTA DO SUL; 10.421.726,75 ; -   ; -   ; -   ; -   ; 10.421.726,75 ;;;;
RS;4300661;ANDRE DA ROCHA; 1.573.576,75 ; -   ; -   ; -   ; -   ; 1.573.576,75 ;;;;
RS;4300703;ANTA GORDA; 3.142.388,88 ; -   ; -   ; 101.977,34 ; 101.977,34 ; 3.244.366,22 ;;;;
RS;4300802;ANTONIO PRADO; 9.617.067,91 ; -   ; -   ; -   ; -   ; 9.617.067,91 ;;;;
RS;4300851;ARAMBARE; 5.279.372,98 ; -   ; -   ; -   ; -   ; 5.279.372,98 ;;;;
RS;4300877;ARARICA; 20.492.514,02 ; -   ; 795.838,21 ; -   ; 795.838,21 ; 21.288.352,23 ;;;;
RS;4300901;ARATIBA; 6.871.937,85 ; -   ; -   ; 511.357,70 ; 511.357,70 ; 7.383.295,55 ;;;;
RS;4301008;ARROIO DO MEIO; 35.684.565,66 ; -   ; -   ; 2.371.695,15 ; 2.371.695,15 ; 38.056.260,81 ;;;;
RS;4301073;ARROIO DO PADRE; 3.833.108,50 ; -   ; -   ; -   ; -   ; 3.833.108,50 ;;;;
RS;4301057;ARROIO DO SAL; 21.697.409,14 ; -   ; -   ; -   ; -   ; 21.697.409,14 ;;;;
RS;4301206;ARROIO DO TIGRE; 14.935.672,33 ; -   ; -   ; 943.660,42 ; 943.660,42 ; 15.879.332,75 ;;;;
RS;4301107;ARROIO DOS RATOS; 17.419.013,04 ; -   ; -   ; -   ; -   ; 17.419.013,04 ;;;;
RS;4301305;ARROIO GRANDE; 14.348.209,84 ; -   ; -   ; 904.064,19 ; 904.064,19 ; 15.252.274,03 ;;;;
RS;4301404;ARVOREZINHA; 7.877.458,45 ; -   ; -   ; -   ; -   ; 7.877.458,45 ;;;;
RS;4301503;AUGUSTO PESTANA; 5.405.998,67 ; -   ; -   ; -   ; -   ; 5.405.998,67 ;;;;
RS;4301552;AUREA; 3.824.175,15 ; -   ; -   ; -   ; -   ; 3.824.175,15 ;;;;
RS;4301602;BAGE; 107.545.633,06 ; -   ; -   ; -   ; -   ; 107.545.633,06 ;;;;
RS;4301636;BALNEARIO PINHAL; 27.140.545,03 ; -   ; -   ; -   ; -   ; 27.140.545,03 ;;;;
RS;4301651;BARAO; 7.880.374,37 ; -   ; -   ; -   ; -   ; 7.880.374,37 ;;;;
RS;4301701;BARAO DE COTEGIPE; 6.236.420,85 ; -   ; -   ; 222.131,33 ; 222.131,33 ; 6.458.552,18 ;;;;
RS;4301750;BARAO DO TRIUNFO; 6.192.947,96 ; -   ; -   ; -   ; -   ; 6.192.947,96 ;;;;
RS;4301859;BARRA DO GUARITA; 5.021.399,17 ; -   ; -   ; 332.525,52 ; 332.525,52 ; 5.353.924,69 ;;;;
RS;4301875;BARRA DO QUARAI; 7.690.448,72 ; -   ; -   ; -   ; -   ; 7.690.448,72 ;;;;
RS;4301909;BARRA DO RIBEIRO; 9.257.147,29 ; -   ; -   ; 576.977,57 ; 576.977,57 ; 9.834.124,86 ;;;;
RS;4301925;BARRA DO RIO AZUL; 903.479,23 ; -   ; -   ; -   ; -   ; 903.479,23 ;;;;
RS;4301958;BARRA FUNDA; 2.830.209,81 ; -   ; -   ; -   ; -   ; 2.830.209,81 ;;;;
RS;4301800;BARRACAO; 6.211.970,54 ; -   ; -   ; 445.741,47 ; 445.741,47 ; 6.657.712,01 ;;;;
RS;4302006;BARROS CASSAL; 9.366.828,53 ; -   ; -   ; 551.767,39 ; 551.767,39 ; 9.918.595,92 ;;;;
RS;4302055;BENJAMIN CONSTANT DO SUL; 3.501.930,11 ; -   ; 35.769,87 ; 95.543,51 ; 131.313,38 ; 3.633.243,49 ;;;;
RS;4302105;BENTO GONCALVES; 118.137.583,79 ; -   ; -   ; -   ; -   ; 118.137.583,79 ;;;;
RS;4302154;BOA VISTA DAS MISSOES; 3.289.197,73 ; -   ; -   ; 210.634,71 ; 210.634,71 ; 3.499.832,44 ;;;;
RS;4302204;BOA VISTA DO BURICA; 9.381.922,17 ; -   ; -   ; 334.808,46 ; 334.808,46 ; 9.716.730,63 ;;;;
RS;4302220;BOA VISTA DO CADEADO; 3.517.558,72 ; -   ; -   ; 218.318,79 ; 218.318,79 ; 3.735.877,51 ;;;;
RS;4302238;BOA VISTA DO INCRA; 4.352.729,36 ; -   ; -   ; -   ; -   ; 4.352.729,36 ;;;;
RS;4302253;BOA VISTA DO SUL; 3.267.226,19 ; -   ; -   ; -   ; -   ; 3.267.226,19 ;;;;
RS;4302303;BOM JESUS; 12.922.848,09 ; -   ; -   ; -   ; -   ; 12.922.848,09 ;;;;
RS;4302352;BOM PRINCIPIO; 20.914.048,70 ; -   ; -   ; -   ; -   ; 20.914.048,70 ;;;;
RS;4302378;BOM PROGRESSO; 2.875.009,08 ; -   ; -   ; 100.368,96 ; 100.368,96 ; 2.975.378,04 ;;;;
RS;4302402;BOM RETIRO DO SUL; 19.015.032,83 ; -   ; -   ; 1.234.940,20 ; 1.234.940,20 ; 20.249.973,03 ;;;;
RS;4302451;BOQUEIRAO DO LEAO; 4.713.835,99 ; -   ; -   ; -   ; -   ; 4.713.835,99 ;;;;
RS;4302501;BOSSOROCA; 7.220.341,88 ; -   ; -   ; -   ; -   ; 7.220.341,88 ;;;;
RS;4302584;BOZANO; 1.928.095,31 ; -   ; -   ; 61.563,44 ; 61.563,44 ; 1.989.658,75 ;;;;
RS;4302600;BRAGA; 3.065.529,33 ; -   ; -   ; -   ; -   ; 3.065.529,33 ;;;;
RS;4302659;BROCHIER; 5.632.841,96 ; -   ; -   ; 366.251,07 ; 366.251,07 ; 5.999.093,03 ;;;;
RS;4302709;BUTIA; 25.355.892,98 ; -   ; -   ; 1.601.135,73 ; 1.601.135,73 ; 26.957.028,71 ;;;;
RS;4302808;CACAPAVA DO SUL; 36.917.148,94 ; -   ; -   ; -   ; -   ; 36.917.148,94 ;;;;
RS;4302907;CACEQUI; 11.207.986,99 ; -   ; -   ; -   ; -   ; 11.207.986,99 ;;;;
RS;4303004;CACHOEIRA DO SUL; 61.351.735,25 ; -   ; -   ; -   ; -   ; 61.351.735,25 ;;;;
RS;4303103;CACHOEIRINHA; 146.381.496,48 ; -   ; -   ; 10.142.369,11 ; 10.142.369,11 ; 156.523.865,59 ;;;;
RS;4303202;CACIQUE DOBLE; 6.241.686,10 ; -   ; -   ; -   ; -   ; 6.241.686,10 ;;;;
RS;4303301;CAIBATE; 4.935.918,88 ; -   ; -   ; 312.687,50 ; 312.687,50 ; 5.248.606,38 ;;;;
RS;4303400;CAICARA; 1.221.971,69 ; -   ; -   ; 37.244,69 ; 37.244,69 ; 1.259.216,38 ;;;;
RS;4303509;CAMAQUA; 62.375.234,75 ; -   ; -   ; -   ; -   ; 62.375.234,75 ;;;;
RS;4303558;CAMARGO; 4.236.333,89 ; -   ; -   ; 134.222,63 ; 134.222,63 ; 4.370.556,52 ;;;;
RS;4303608;CAMBARA DO SUL; 6.984.308,06 ; -   ; -   ; -   ; -   ; 6.984.308,06 ;;;;
RS;4303673;CAMPESTRE DA SERRA; 4.351.188,41 ; -   ; -   ; -   ; -   ; 4.351.188,41 ;;;;
RS;4303707;CAMPINA DAS MISSOES; 5.855.852,40 ; -   ; -   ; 448.086,79 ; 448.086,79 ; 6.303.939,19 ;;;;
RS;4303806;CAMPINAS DO SUL; 4.503.276,03 ; -   ; -   ; 151.264,47 ; 151.264,47 ; 4.654.540,50 ;;;;
RS;4303905;CAMPO BOM; 102.159.831,83 ; -   ; -   ; 3.445.412,27 ; 3.445.412,27 ; 105.605.244,10 ;;;;
RS;4304002;CAMPO NOVO; 5.088.183,93 ; -   ; -   ; 354.298,08 ; 354.298,08 ; 5.442.482,01 ;;;;
RS;4304101;CAMPOS BORGES; 3.931.137,65 ; -   ; -   ; 266.868,89 ; 266.868,89 ; 4.198.006,54 ;;;;
RS;4304200;CANDELARIA; 27.553.952,01 ; -   ; -   ; 1.890.514,09 ; 1.890.514,09 ; 29.444.466,10 ;;;;
RS;4304309;CANDIDO GODOI; 5.647.419,73 ; -   ; -   ; 414.814,25 ; 414.814,25 ; 6.062.233,98 ;;;;
RS;4304358;CANDIOTA; 8.719.148,57 ; -   ; -   ; -   ; -   ; 8.719.148,57 ;;;;
RS;4304408;CANELA; 70.992.929,86 ; -   ; -   ; 1.929.698,84 ; 1.929.698,84 ; 72.922.628,70 ;;;;
RS;4304507;CANGUCU; 61.345.498,45 ; -   ; -   ; 3.417.365,15 ; 3.417.365,15 ; 64.762.863,60 ;;;;
RS;4304606;CANOAS; 324.316.948,57 ; -   ; -   ; -   ; -   ; 324.316.948,57 ;;;;
RS;4304614;CANUDOS DO VALE; 2.490.501,67 ; -   ; -   ; 147.314,05 ; 147.314,05 ; 2.637.815,72 ;;;;
RS;4304622;CAPAO BONITO DO SUL; 4.186.936,59 ; -   ; -   ; 206.780,34 ; 206.780,34 ; 4.393.716,93 ;;;;
RS;4304630;CAPAO DA CANOA; 99.994.639,81 ; -   ; -   ; -   ; -   ; 99.994.639,81 ;;;;
RS;4304655;CAPAO DO CIPO; 3.784.427,69 ; -   ; -   ; -   ; -   ; 3.784.427,69 ;;;;
RS;4304663;CAPAO DO LEAO; 34.888.405,14 ; -   ; -   ; -   ; -   ; 34.888.405,14 ;;;;
RS;4304689;CAPELA DE SANTANA; 16.264.143,71 ; -   ; -   ; -   ; -   ; 16.264.143,71 ;;;;
RS;4304697;CAPITAO; 5.838.921,51 ; -   ; -   ; -   ; -   ; 5.838.921,51 ;;;;
RS;4304671;CAPIVARI DO SUL; 7.333.586,46 ; -   ; -   ; -   ; -   ; 7.333.586,46 ;;;;
RS;4304713;CARAA; 10.992.803,20 ; -   ; 743.669,82 ; 617.267,92 ; 1.360.937,74 ; 12.353.740,94 ;;;;
RS;4304705;CARAZINHO; 59.875.399,09 ; -   ; -   ; -   ; -   ; 59.875.399,09 ;;;;
RS;4304804;CARLOS BARBOSA; 30.626.155,94 ; -   ; -   ; 2.180.990,90 ; 2.180.990,90 ; 32.807.146,84 ;;;;
RS;4304853;CARLOS GOMES; 1.774.587,15 ; -   ; -   ; 54.046,97 ; 54.046,97 ; 1.828.634,12 ;;;;
RS;4304903;CASCA; 9.100.179,54 ; -   ; -   ; 299.706,30 ; 299.706,30 ; 9.399.885,84 ;;;;
RS;4304952;CASEIROS; 4.718.600,69 ; -   ; -   ; -   ; -   ; 4.718.600,69 ;;;;
RS;4305009;CATUIPE; 9.228.356,72 ; -   ; -   ; -   ; -   ; 9.228.356,72 ;;;;
RS;4305108;CAXIAS DO SUL; 391.145.258,84 ; -   ; -   ; -   ; -   ; 391.145.258,84 ;;;;
RS;4305116;CENTENARIO; 2.094.948,16 ; -   ; -   ; 64.784,79 ; 64.784,79 ; 2.159.732,95 ;;;;
RS;4305124;CERRITO; 6.561.101,04 ; -   ; -   ; -   ; -   ; 6.561.101,04 ;;;;
RS;4305132;CERRO BRANCO; 4.288.049,41 ; -   ; -   ; 132.196,32 ; 132.196,32 ; 4.420.245,73 ;;;;
RS;4305157;CERRO GRANDE; 4.571.837,15 ; -   ; 393.548,71 ; -   ; 393.548,71 ; 4.965.385,86 ;;;;
RS;4305173;CERRO GRANDE DO SUL; 9.528.689,65 ; -   ; -   ; 588.258,81 ; 588.258,81 ; 10.116.948,46 ;;;;
RS;4305207;CERRO LARGO; 13.331.913,23 ; -   ; -   ; -   ; -   ; 13.331.913,23 ;;;;
RS;4305306;CHAPADA; 13.627.475,71 ; -   ; -   ; -   ; -   ; 13.627.475,71 ;;;;
RS;4305355;CHARQUEADAS; 37.097.815,08 ; -   ; -   ; 2.672.449,38 ; 2.672.449,38 ; 39.770.264,46 ;;;;
RS;4305371;CHARRUA; 3.367.688,00 ; -   ; -   ; 100.173,36 ; 100.173,36 ; 3.467.861,36 ;;;;
RS;4305405;CHIAPETTA; 4.459.986,58 ; -   ; -   ; 289.084,61 ; 289.084,61 ; 4.749.071,19 ;;;;
RS;4305439;CHUI; 4.732.129,81 ; -   ; -   ; -   ; -   ; 4.732.129,81 ;;;;
RS;4305447;CHUVISCA; 6.467.296,52 ; -   ; -   ; 197.248,57 ; 197.248,57 ; 6.664.545,09 ;;;;
RS;4305454;CIDREIRA; 24.668.021,84 ; -   ; -   ; -   ; -   ; 24.668.021,84 ;;;;
RS;4305504;CIRIACO; 3.925.531,82 ; -   ; -   ; 123.627,86 ; 123.627,86 ; 4.049.159,68 ;;;;
RS;4305587;COLINAS; 4.426.520,62 ; -   ; -   ; 253.932,73 ; 253.932,73 ; 4.680.453,35 ;;;;
RS;4305603;COLORADO; 3.329.201,65 ; -   ; -   ; -   ; -   ; 3.329.201,65 ;;;;
RS;4305702;CONDOR; 8.600.476,47 ; -   ; -   ; -   ; -   ; 8.600.476,47 ;;;;
RS;4305801;CONSTANTINA; 11.919.137,07 ; -   ; -   ; -   ; -   ; 11.919.137,07 ;;;;
RS;4305835;COQUEIRO BAIXO; 1.948.824,52 ; -   ; -   ; 60.489,66 ; 60.489,66 ; 2.009.314,18 ;;;;
RS;4305850;COQUEIROS DO SUL; 2.342.318,45 ; -   ; -   ; -   ; -   ; 2.342.318,45 ;;;;
RS;4305871;CORONEL BARROS; 4.124.307,81 ; -   ; -   ; 159.246,12 ; 159.246,12 ; 4.283.553,93 ;;;;
RS;4305900;CORONEL BICACO; 7.406.708,23 ; -   ; -   ; -   ; -   ; 7.406.708,23 ;;;;
RS;4305934;CORONEL PILAR; 1.791.308,36 ; -   ; -   ; 58.604,83 ; 58.604,83 ; 1.849.913,19 ;;;;
RS;4305959;COTIPORA; 4.215.408,48 ; -   ; -   ; 316.470,49 ; 316.470,49 ; 4.531.878,97 ;;;;
RS;4305975;COXILHA; 5.357.638,90 ; -   ; -   ; 387.460,89 ; 387.460,89 ; 5.745.099,79 ;;;;
RS;4306007;CRISSIUMAL; 16.120.146,38 ; -   ; -   ; -   ; -   ; 16.120.146,38 ;;;;
RS;4306056;CRISTAL; 7.913.236,29 ; -   ; -   ; 510.234,74 ; 510.234,74 ; 8.423.471,03 ;;;;
RS;4306072;CRISTAL DO SUL; 3.080.922,25 ; -   ; -   ; 98.071,99 ; 98.071,99 ; 3.178.994,24 ;;;;
RS;4306106;CRUZ ALTA; 53.149.026,31 ; -   ; -   ; 3.610.412,30 ; 3.610.412,30 ; 56.759.438,61 ;;;;
RS;4306130;CRUZALTENSE; 2.441.721,83 ; -   ; -   ; -   ; -   ; 2.441.721,83 ;;;;
RS;4306205;CRUZEIRO DO SUL; 12.553.172,73 ; -   ; -   ; -   ; -   ; 12.553.172,73 ;;;;
RS;4306304;DAVID CANABARRO; 2.608.812,23 ; -   ; -   ; 81.965,28 ; 81.965,28 ; 2.690.777,51 ;;;;
RS;4306320;DERRUBADAS; 4.425.077,86 ; -   ; -   ; 294.166,19 ; 294.166,19 ; 4.719.244,05 ;;;;
RS;4306353;DEZESSEIS DE NOVEMBRO; 2.126.161,50 ; -   ; -   ; 66.994,73 ; 66.994,73 ; 2.193.156,23 ;;;;
RS;4306379;DILERMANDO DE AGUIAR; 3.804.587,95 ; -   ; -   ; -   ; -   ; 3.804.587,95 ;;;;
RS;4306403;DOIS IRMAOS; 45.018.865,33 ; -   ; -   ; 3.175.245,87 ; 3.175.245,87 ; 48.194.111,20 ;;;;
RS;4306429;DOIS IRMAOS DAS MISSOES; 3.515.809,55 ; -   ; -   ; 112.609,67 ; 112.609,67 ; 3.628.419,22 ;;;;
RS;4306452;DOIS LAJEADOS; 3.067.557,12 ; -   ; -   ; 109.555,01 ; 109.555,01 ; 3.177.112,13 ;;;;
RS;4306502;DOM FELICIANO; 17.255.780,86 ; -   ; -   ; -   ; -   ; 17.255.780,86 ;;;;
RS;4306601;DOM PEDRITO; 29.067.294,44 ; -   ; -   ; 1.008.373,01 ; 1.008.373,01 ; 30.075.667,45 ;;;;
RS;4306551;DOM PEDRO DE ALCANTARA; 3.888.244,41 ; -   ; -   ; 123.126,88 ; 123.126,88 ; 4.011.371,29 ;;;;
RS;4306700;DONA FRANCISCA; 2.456.668,13 ; -   ; -   ; 85.944,79 ; 85.944,79 ; 2.542.612,92 ;;;;
RS;4306734;DOUTOR MAURICIO CARDOSO; 5.363.735,30 ; -   ; -   ; 399.392,16 ; 399.392,16 ; 5.763.127,46 ;;;;
RS;4306759;DOUTOR RICARDO; 1.637.569,63 ; -   ; -   ; 60.432,95 ; 60.432,95 ; 1.698.002,58 ;;;;
RS;4306767;ELDORADO DO SUL; 56.043.786,55 ; -   ; -   ; 1.781.158,94 ; 1.781.158,94 ; 57.824.945,49 ;;;;
RS;4306809;ENCANTADO; 24.189.601,62 ; -   ; -   ; -   ; -   ; 24.189.601,62 ;;;;
RS;4306908;ENCRUZILHADA DO SUL; 25.484.111,63 ; -   ; -   ; -   ; -   ; 25.484.111,63 ;;;;
RS;4306924;ENGENHO VELHO; 2.431.079,61 ; -   ; -   ; 68.180,58 ; 68.180,58 ; 2.499.260,19 ;;;;
RS;4306957;ENTRE RIOS DO SUL; 3.781.667,61 ; -   ; -   ; -   ; -   ; 3.781.667,61 ;;;;
RS;4306932;ENTRE-IJUIS; 8.612.978,34 ; -   ; -   ; 284.158,33 ; 284.158,33 ; 8.897.136,67 ;;;;
RS;4306973;EREBANGO; 3.046.750,87 ; -   ; -   ; 217.858,40 ; 217.858,40 ; 3.264.609,27 ;;;;
RS;4307005;ERECHIM; 73.272.306,55 ; -   ; -   ; 5.085.990,39 ; 5.085.990,39 ; 78.358.296,94 ;;;;
RS;4307054;ERNESTINA; 4.381.241,27 ; -   ; -   ; -   ; -   ; 4.381.241,27 ;;;;
RS;4307203;ERVAL GRANDE; 7.563.374,11 ; -   ; 1.164.575,72 ; 454.707,51 ; 1.619.283,23 ; 9.182.657,34 ;;;;
RS;4307302;ERVAL SECO; 10.806.147,91 ; -   ; -   ; 641.820,08 ; 641.820,08 ; 11.447.967,99 ;;;;
RS;4307401;ESMERALDA; 3.915.714,88 ; -   ; -   ; 269.880,38 ; 269.880,38 ; 4.185.595,26 ;;;;
RS;4307450;ESPERANCA DO SUL; 6.531.936,01 ; -   ; -   ; 433.004,65 ; 433.004,65 ; 6.964.940,66 ;;;;
RS;4307500;ESPUMOSO; 13.806.377,95 ; -   ; -   ; 824.402,24 ; 824.402,24 ; 14.630.780,19 ;;;;
RS;4307559;ESTACAO; 6.391.567,53 ; -   ; -   ; -   ; -   ; 6.391.567,53 ;;;;
RS;4307609;ESTANCIA VELHA; 70.365.270,29 ; -   ; -   ; -   ; -   ; 70.365.270,29 ;;;;
RS;4307708;ESTEIO; 109.843.093,67 ; -   ; -   ; 7.268.597,36 ; 7.268.597,36 ; 117.111.691,03 ;;;;
RS;4307807;ESTRELA; 45.080.381,75 ; -   ; -   ; -   ; -   ; 45.080.381,75 ;;;;
RS;4307815;ESTRELA VELHA; 3.883.100,46 ; -   ; -   ; 267.162,69 ; 267.162,69 ; 4.150.263,15 ;;;;
RS;4307831;EUGENIO DE CASTRO; 2.627.772,75 ; -   ; -   ; -   ; -   ; 2.627.772,75 ;;;;
RS;4307864;FAGUNDES VARELA; 2.693.237,50 ; -   ; -   ; 189.699,67 ; 189.699,67 ; 2.882.937,17 ;;;;
RS;4307906;FARROUPILHA; 80.300.408,42 ; -   ; -   ; -   ; -   ; 80.300.408,42 ;;;;
RS;4308003;FAXINAL DO SOTURNO; 5.020.774,49 ; -   ; -   ; 321.123,40 ; 321.123,40 ; 5.341.897,89 ;;;;
RS;4308052;FAXINALZINHO; 2.108.526,97 ; -   ; -   ; 71.871,39 ; 71.871,39 ; 2.180.398,36 ;;;;
RS;4308078;FAZENDA VILANOVA; 8.859.307,73 ; -   ; -   ; 580.338,43 ; 580.338,43 ; 9.439.646,16 ;;;;
RS;4308102;FELIZ; 14.899.520,52 ; -   ; -   ; -   ; -   ; 14.899.520,52 ;;;;
RS;4308201;FLORES DA CUNHA; 32.175.738,23 ; -   ; -   ; -   ; -   ; 32.175.738,23 ;;;;
RS;4308250;FLORIANO PEIXOTO; 1.718.638,68 ; -   ; -   ; 63.793,50 ; 63.793,50 ; 1.782.432,18 ;;;;
RS;4308300;FONTOURA XAVIER; 10.343.714,28 ; -   ; -   ; 656.657,93 ; 656.657,93 ; 11.000.372,21 ;;;;
RS;4308409;FORMIGUEIRO; 5.694.395,13 ; -   ; -   ; 177.954,74 ; 177.954,74 ; 5.872.349,87 ;;;;
RS;4308433;FORQUETINHA; 4.440.904,13 ; -   ; -   ; 250.663,92 ; 250.663,92 ; 4.691.568,05 ;;;;
RS;4308458;FORTALEZA DOS VALOS; 5.386.684,09 ; -   ; -   ; 403.625,08 ; 403.625,08 ; 5.790.309,17 ;;;;
RS;4308508;FREDERICO WESTPHALEN; 27.771.303,08 ; -   ; -   ; 1.799.867,80 ; 1.799.867,80 ; 29.571.170,88 ;;;;
RS;4308607;GARIBALDI; 30.872.518,05 ; -   ; -   ; 2.368.981,89 ; 2.368.981,89 ; 33.241.499,94 ;;;;
RS;4308656;GARRUCHOS; 2.502.472,67 ; -   ; -   ; 152.314,02 ; 152.314,02 ; 2.654.786,69 ;;;;
RS;4308706;GAURAMA; 5.747.416,40 ; -   ; -   ; -   ; -   ; 5.747.416,40 ;;;;
RS;4308805;GENERAL CAMARA; 4.771.405,33 ; -   ; -   ; -   ; -   ; 4.771.405,33 ;;;;
RS;4308854;GENTIL; 2.222.043,10 ; -   ; -   ; 71.943,33 ; 71.943,33 ; 2.293.986,43 ;;;;
RS;4308904;GETULIO VARGAS; 16.420.022,05 ; -   ; -   ; 1.208.266,66 ; 1.208.266,66 ; 17.628.288,71 ;;;;
RS;4309001;GIRUA; 18.019.295,17 ; -   ; -   ; 1.162.917,01 ; 1.162.917,01 ; 19.182.212,18 ;;;;
RS;4309050;GLORINHA; 14.230.376,89 ; -   ; -   ; 976.602,62 ; 976.602,62 ; 15.206.979,51 ;;;;
RS;4309100;GRAMADO; 59.621.517,59 ; -   ; -   ; 4.072.713,25 ; 4.072.713,25 ; 63.694.230,84 ;;;;
RS;4309126;GRAMADO DOS LOUREIROS; 2.608.227,82 ; -   ; -   ; -   ; -   ; 2.608.227,82 ;;;;
RS;4309159;GRAMADO XAVIER; 4.335.995,48 ; -   ; -   ; -   ; -   ; 4.335.995,48 ;;;;
RS;4309209;GRAVATAI; 280.041.089,28 ; -   ; -   ; -   ; -   ; 280.041.089,28 ;;;;
RS;4309258;GUABIJU; 895.045,57 ; -   ; -   ; -   ; -   ; 895.045,57 ;;;;
RS;4309308;GUAIBA; 108.639.139,26 ; -   ; -   ; -   ; -   ; 108.639.139,26 ;;;;
RS;4309407;GUAPORE; 30.405.893,83 ; -   ; -   ; -   ; -   ; 30.405.893,83 ;;;;
RS;4309506;GUARANI DAS MISSOES; 8.089.930,86 ; -   ; -   ; -   ; -   ; 8.089.930,86 ;;;;
RS;4309555;HARMONIA; 8.474.298,71 ; -   ; 96.976,70 ; 562.112,19 ; 659.088,89 ; 9.133.387,60 ;;;;
RS;4307104;HERVAL; 6.756.250,27 ; -   ; -   ; -   ; -   ; 6.756.250,27 ;;;;
RS;4309571;HERVEIRAS; 3.916.016,49 ; -   ; -   ; 110.696,53 ; 110.696,53 ; 4.026.713,02 ;;;;
RS;4309605;HORIZONTINA; 26.895.287,74 ; -   ; -   ; 1.938.980,88 ; 1.938.980,88 ; 28.834.268,62 ;;;;
RS;4309654;HULHA NEGRA; 6.926.049,45 ; -   ; -   ; -   ; -   ; 6.926.049,45 ;;;;
RS;4309704;HUMAITA; 6.629.920,08 ; -   ; -   ; 480.777,04 ; 480.777,04 ; 7.110.697,12 ;;;;
RS;4309753;IBARAMA; 4.458.561,05 ; -   ; -   ; -   ; -   ; 4.458.561,05 ;;;;
RS;4309803;IBIACA; 4.291.709,16 ; -   ; -   ; 319.810,49 ; 319.810,49 ; 4.611.519,65 ;;;;
RS;4309902;IBIRAIARAS; 7.374.873,09 ; -   ; -   ; -   ; -   ; 7.374.873,09 ;;;;
RS;4309951;IBIRAPUITA; 5.293.072,41 ; -   ; -   ; 299.622,24 ; 299.622,24 ; 5.592.694,65 ;;;;
RS;4310009;IBIRUBA; 19.363.322,32 ; -   ; -   ; 1.386.826,71 ; 1.386.826,71 ; 20.750.149,03 ;;;;
RS;4310108;IGREJINHA; 56.729.023,37 ; -   ; -   ; -   ; -   ; 56.729.023,37 ;;;;
RS;4310207;IJUI; 76.084.450,20 ; -   ; -   ; -   ; -   ; 76.084.450,20 ;;;;
RS;4310306;ILOPOLIS; 4.227.660,26 ; -   ; -   ; 301.492,92 ; 301.492,92 ; 4.529.153,18 ;;;;
RS;4310330;IMBE; 51.147.804,50 ; -   ; -   ; 3.431.630,58 ; 3.431.630,58 ; 54.579.435,08 ;;;;
RS;4310363;IMIGRANTE; 4.375.388,58 ; -   ; -   ; 292.749,16 ; 292.749,16 ; 4.668.137,74 ;;;;
RS;4310405;INDEPENDENCIA; 8.085.142,69 ; -   ; -   ; -   ; -   ; 8.085.142,69 ;;;;
RS;4310413;INHACORA; 3.281.033,02 ; -   ; -   ; 228.485,09 ; 228.485,09 ; 3.509.518,11 ;;;;
RS;4310439;IPE; 5.824.534,27 ; -   ; -   ; -   ; -   ; 5.824.534,27 ;;;;
RS;4310462;IPIRANGA DO SUL; 2.736.137,96 ; -   ; -   ; 196.284,45 ; 196.284,45 ; 2.932.422,41 ;;;;
RS;4310504;IRAI; 9.947.988,61 ; -   ; 381.465,05 ; 287.267,73 ; 668.732,78 ; 10.616.721,39 ;;;;
RS;4310538;ITAARA; 7.986.449,12 ; -   ; -   ; -   ; -   ; 7.986.449,12 ;;;;
RS;4310553;ITACURUBI; 4.303.815,67 ; -   ; -   ; 138.142,99 ; 138.142,99 ; 4.441.958,66 ;;;;
RS;4310579;ITAPUCA; 3.888.434,58 ; -   ; -   ; 117.400,05 ; 117.400,05 ; 4.005.834,63 ;;;;
RS;4310603;ITAQUI; 34.483.351,31 ; -   ; -   ; -   ; -   ; 34.483.351,31 ;;;;
RS;4310652;ITATI; 4.382.365,60 ; -   ; -   ; 240.941,70 ; 240.941,70 ; 4.623.307,30 ;;;;
RS;4310702;ITATIBA DO SUL; 3.554.985,91 ; -   ; -   ; 174.091,78 ; 174.091,78 ; 3.729.077,69 ;;;;
RS;4310751;IVORA; 1.090.007,35 ; -   ; -   ; 35.076,84 ; 35.076,84 ; 1.125.084,19 ;;;;
RS;4310801;IVOTI; 34.050.466,99 ; -   ; -   ; -   ; -   ; 34.050.466,99 ;;;;
RS;4310850;JABOTICABA; 4.481.958,40 ; -   ; -   ; 140.583,47 ; 140.583,47 ; 4.622.541,87 ;;;;
RS;4310876;JACUIZINHO; 2.995.878,48 ; -   ; -   ; -   ; -   ; 2.995.878,48 ;;;;
RS;4310900;JACUTINGA; 3.383.630,24 ; -   ; -   ; 273.532,63 ; 273.532,63 ; 3.657.162,87 ;;;;
RS;4311007;JAGUARAO; 23.311.211,36 ; -   ; -   ; -   ; -   ; 23.311.211,36 ;;;;
RS;4311106;JAGUARI; 8.304.786,48 ; -   ; -   ; 578.520,36 ; 578.520,36 ; 8.883.306,84 ;;;;
RS;4311122;JAQUIRANA; 4.931.015,76 ; -   ; -   ; -   ; -   ; 4.931.015,76 ;;;;
RS;4311130;JARI; 3.939.748,59 ; -   ; -   ; 294.678,27 ; 294.678,27 ; 4.234.426,86 ;;;;
RS;4311155;JOIA; 5.756.334,63 ; -   ; -   ; 374.626,18 ; 374.626,18 ; 6.130.960,81 ;;;;
RS;4311205;JULIO DE CASTILHOS; 19.198.852,50 ; -   ; -   ; 1.303.070,57 ; 1.303.070,57 ; 20.501.923,07 ;;;;
RS;4311239;LAGOA BONITA DO SUL; 2.711.305,38 ; -   ; -   ; 169.712,35 ; 169.712,35 ; 2.881.017,73 ;;;;
RS;4311270;LAGOA DOS TRES CANTOS; 2.505.984,86 ; -   ; -   ; 73.513,36 ; 73.513,36 ; 2.579.498,22 ;;;;
RS;4311304;LAGOA VERMELHA; 23.332.221,86 ; -   ; -   ; 1.479.943,38 ; 1.479.943,38 ; 24.812.165,24 ;;;;
RS;4311254;LAGOAO; 7.254.132,25 ; -   ; -   ; 408.786,03 ; 408.786,03 ; 7.662.918,28 ;;;;
RS;4311403;LAJEADO; 113.464.332,30 ; -   ; -   ; -   ; -   ; 113.464.332,30 ;;;;
RS;4311429;LAJEADO DO BUGRE; 5.014.263,69 ; -   ; 742.027,51 ; -   ; 742.027,51 ; 5.756.291,20 ;;;;
RS;4311502;LAVRAS DO SUL; 8.284.619,06 ; -   ; -   ; -   ; -   ; 8.284.619,06 ;;;;
RS;4311601;LIBERATO SALZANO; 4.113.406,91 ; -   ; -   ; -   ; -   ; 4.113.406,91 ;;;;
RS;4311627;LINDOLFO COLLOR; 10.444.845,38 ; -   ; -   ; -   ; -   ; 10.444.845,38 ;;;;
RS;4311643;LINHA NOVA; 1.769.404,06 ; -   ; -   ; -   ; -   ; 1.769.404,06 ;;;;
RS;4311718;MACAMBARA; 5.819.496,60 ; -   ; -   ; -   ; -   ; 5.819.496,60 ;;;;
RS;4311700;MACHADINHO; 6.895.004,15 ; -   ; -   ; -   ; -   ; 6.895.004,15 ;;;;
RS;4311734;MAMPITUBA; 4.718.925,17 ; -   ; -   ; 300.037,46 ; 300.037,46 ; 5.018.962,63 ;;;;
RS;4311759;MANOEL VIANA; 5.263.859,89 ; -   ; -   ; -   ; -   ; 5.263.859,89 ;;;;
RS;4311775;MAQUINE; 6.898.982,88 ; -   ; -   ; -   ; -   ; 6.898.982,88 ;;;;
RS;4311791;MARATA; 3.837.712,54 ; -   ; -   ; 103.917,44 ; 103.917,44 ; 3.941.629,98 ;;;;
RS;4311809;MARAU; 56.161.331,51 ; -   ; -   ; -   ; -   ; 56.161.331,51 ;;;;
RS;4311908;MARCELINO RAMOS; 5.232.239,70 ; -   ; -   ; -   ; -   ; 5.232.239,70 ;;;;
RS;4311981;MARIANA PIMENTEL; 5.292.707,69 ; -   ; -   ; -   ; -   ; 5.292.707,69 ;;;;
RS;4312005;MARIANO MORO; 1.476.237,04 ; -   ; -   ; 52.868,63 ; 52.868,63 ; 1.529.105,67 ;;;;
RS;4312054;MARQUES DE SOUZA; 5.137.403,88 ; -   ; -   ; 165.302,82 ; 165.302,82 ; 5.302.706,70 ;;;;
RS;4312104;MATA; 3.995.149,42 ; -   ; -   ; -   ; -   ; 3.995.149,42 ;;;;
RS;4312138;MATO CASTELHANO; 5.618.485,94 ; -   ; 571.700,78 ; -   ; 571.700,78 ; 6.190.186,72 ;;;;
RS;4312153;MATO LEITAO; 7.718.261,72 ; -   ; -   ; -   ; -   ; 7.718.261,72 ;;;;
RS;4312179;MATO QUEIMADO; 2.494.612,46 ; -   ; -   ; 88.407,97 ; 88.407,97 ; 2.583.020,43 ;;;;
RS;4312203;MAXIMILIANO DE ALMEIDA; 4.324.891,78 ; -   ; -   ; 266.768,22 ; 266.768,22 ; 4.591.660,00 ;;;;
RS;4312252;MINAS DO LEAO; 9.770.510,14 ; -   ; -   ; -   ; -   ; 9.770.510,14 ;;;;
RS;4312302;MIRAGUAI; 5.662.834,87 ; -   ; -   ; -   ; -   ; 5.662.834,87 ;;;;
RS;4312351;MONTAURI; 2.066.674,21 ; -   ; -   ; 61.205,52 ; 61.205,52 ; 2.127.879,73 ;;;;
RS;4312377;MONTE ALEGRE DOS CAMPOS; 6.598.860,12 ; -   ; -   ; 394.954,92 ; 394.954,92 ; 6.993.815,04 ;;;;
RS;4312385;MONTE BELO DO SUL; 4.168.248,47 ; -   ; -   ; 257.620,37 ; 257.620,37 ; 4.425.868,84 ;;;;
RS;4312401;MONTENEGRO; 69.305.217,77 ; -   ; -   ; 4.584.904,79 ; 4.584.904,79 ; 73.890.122,56 ;;;;
RS;4312427;MORMACO; 4.257.570,53 ; -   ; -   ; 114.103,66 ; 114.103,66 ; 4.371.674,19 ;;;;
RS;4312443;MORRINHOS DO SUL; 4.004.473,72 ; -   ; -   ; -   ; -   ; 4.004.473,72 ;;;;
RS;4312450;MORRO REDONDO; 6.287.337,22 ; -   ; -   ; 455.389,02 ; 455.389,02 ; 6.742.726,24 ;;;;
RS;4312476;MORRO REUTER; 9.281.793,63 ; -   ; -   ; 517.765,24 ; 517.765,24 ; 9.799.558,87 ;;;;
RS;4312500;MOSTARDAS; 16.915.029,87 ; -   ; -   ; 1.136.073,97 ; 1.136.073,97 ; 18.051.103,84 ;;;;
RS;4312609;MUCUM; 4.429.054,78 ; -   ; -   ; -   ; -   ; 4.429.054,78 ;;;;
RS;4312617;MUITOS CAPOES; 3.519.663,30 ; -   ; -   ; -   ; -   ; 3.519.663,30 ;;;;
RS;4312625;MULITERNO; 905.597,58 ; -   ; -   ; 22.907,33 ; 22.907,33 ; 928.504,91 ;;;;
RS;4312658;NAO-ME-TOQUE; 24.597.043,05 ; -   ; -   ; -   ; -   ; 24.597.043,05 ;;;;
RS;4312674;NICOLAU VERGUEIRO; 2.492.719,93 ; -   ; -   ; 73.017,10 ; 73.017,10 ; 2.565.737,03 ;;;;
RS;4312708;NONOAI; 14.676.785,48 ; -   ; -   ; -   ; -   ; 14.676.785,48 ;;;;
RS;4312757;NOVA ALVORADA; 3.556.591,49 ; -   ; -   ; 121.867,89 ; 121.867,89 ; 3.678.459,38 ;;;;
RS;4312807;NOVA ARACA; 8.283.106,27 ; -   ; -   ; -   ; -   ; 8.283.106,27 ;;;;
RS;4312906;NOVA BASSANO; 10.182.164,66 ; -   ; -   ; 370.555,15 ; 370.555,15 ; 10.552.719,81 ;;;;
RS;4312955;NOVA BOA VISTA; 3.379.464,69 ; -   ; -   ; 260.049,39 ; 260.049,39 ; 3.639.514,08 ;;;;
RS;4313003;NOVA BRESCIA; 3.492.040,37 ; -   ; -   ; 109.063,78 ; 109.063,78 ; 3.601.104,15 ;;;;
RS;4313011;NOVA CANDELARIA; 4.773.675,18 ; -   ; -   ; 356.291,76 ; 356.291,76 ; 5.129.966,94 ;;;;
RS;4313037;NOVA ESPERANCA DO SUL; 6.205.976,54 ; -   ; -   ; -   ; -   ; 6.205.976,54 ;;;;
RS;4313060;NOVA HARTZ; 29.766.838,47 ; -   ; -   ; -   ; -   ; 29.766.838,47 ;;;;
RS;4313086;NOVA PADUA; 2.595.453,23 ; -   ; -   ; 86.504,29 ; 86.504,29 ; 2.681.957,52 ;;;;
RS;4313102;NOVA PALMA; 3.288.076,31 ; -   ; -   ; 109.548,62 ; 109.548,62 ; 3.397.624,93 ;;;;
RS;4313201;NOVA PETROPOLIS; 26.735.130,31 ; -   ; -   ; -   ; -   ; 26.735.130,31 ;;;;
RS;4313300;NOVA PRATA; 27.157.565,04 ; -   ; -   ; 964.187,78 ; 964.187,78 ; 28.121.752,82 ;;;;
RS;4313334;NOVA RAMADA; 3.398.314,18 ; -   ; -   ; -   ; -   ; 3.398.314,18 ;;;;
RS;4313359;NOVA ROMA DO SUL; 3.456.683,10 ; -   ; -   ; 268.462,98 ; 268.462,98 ; 3.725.146,08 ;;;;
RS;4313375;NOVA SANTA RITA; 49.476.562,29 ; -   ; -   ; 3.362.935,54 ; 3.362.935,54 ; 52.839.497,83 ;;;;
RS;4313490;NOVO BARREIRO; 5.144.045,43 ; -   ; -   ; 325.736,03 ; 325.736,03 ; 5.469.781,46 ;;;;
RS;4313391;NOVO CABRAIS; 6.099.575,25 ; -   ; -   ; -   ; -   ; 6.099.575,25 ;;;;
RS;4313409;NOVO HAMBURGO; 230.649.322,09 ; -   ; -   ; -   ; -   ; 230.649.322,09 ;;;;
RS;4313425;NOVO MACHADO; 1.752.637,16 ; -   ; -   ; -   ; -   ; 1.752.637,16 ;;;;
RS;4313441;NOVO TIRADENTES; 3.602.416,07 ; -   ; -   ; 233.880,47 ; 233.880,47 ; 3.836.296,54 ;;;;
RS;4313466;NOVO XINGU; 1.979.186,41 ; -   ; -   ; -   ; -   ; 1.979.186,41 ;;;;
RS;4313508;OSORIO; 44.798.232,83 ; -   ; -   ; -   ; -   ; 44.798.232,83 ;;;;
RS;4313607;PAIM FILHO; 4.138.346,02 ; -   ; -   ; 150.485,54 ; 150.485,54 ; 4.288.831,56 ;;;;
RS;4313656;PALMARES DO SUL; 18.408.652,85 ; -   ; -   ; -   ; -   ; 18.408.652,85 ;;;;
RS;4313706;PALMEIRA DAS MISSOES; 25.687.403,73 ; -   ; -   ; -   ; -   ; 25.687.403,73 ;;;;
RS;4313805;PALMITINHO; 8.449.981,20 ; -   ; -   ; 265.581,87 ; 265.581,87 ; 8.715.563,07 ;;;;
RS;4313904;PANAMBI; 48.937.382,59 ; -   ; -   ; -   ; -   ; 48.937.382,59 ;;;;
RS;4313953;PANTANO GRANDE; 15.562.538,96 ; -   ; -   ; 1.035.423,24 ; 1.035.423,24 ; 16.597.962,20 ;;;;
RS;4314001;PARAI; 7.906.335,82 ; -   ; -   ; -   ; -   ; 7.906.335,82 ;;;;
RS;4314027;PARAISO DO SUL; 6.472.041,53 ; -   ; -   ; 216.759,73 ; 216.759,73 ; 6.688.801,26 ;;;;
RS;4314035;PARECI NOVO; 8.328.784,44 ; -   ; 78.857,40 ; -   ; 78.857,40 ; 8.407.641,84 ;;;;
RS;4314050;PAROBE; 86.482.804,10 ; -   ; -   ; -   ; -   ; 86.482.804,10 ;;;;
RS;4314068;PASSA SETE; 5.911.686,66 ; -   ; -   ; 341.059,03 ; 341.059,03 ; 6.252.745,69 ;;;;
RS;4314076;PASSO DO SOBRADO; 6.792.657,58 ; -   ; -   ; 429.486,14 ; 429.486,14 ; 7.222.143,72 ;;;;
RS;4314100;PASSO FUNDO; 178.261.987,98 ; -   ; -   ; -   ; -   ; 178.261.987,98 ;;;;
RS;4314134;PAULO BENTO; 2.110.406,88 ; -   ; -   ; 160.820,78 ; 160.820,78 ; 2.271.227,66 ;;;;
RS;4314159;PAVERAMA; 10.189.668,55 ; -   ; -   ; -   ; -   ; 10.189.668,55 ;;;;
RS;4314175;PEDRAS ALTAS; 3.042.083,28 ; -   ; -   ; -   ; -   ; 3.042.083,28 ;;;;
RS;4314209;PEDRO OSORIO; 6.733.480,40 ; -   ; -   ; 431.803,11 ; 431.803,11 ; 7.165.283,51 ;;;;
RS;4314308;PEJUCARA; 4.488.330,10 ; -   ; -   ; -   ; -   ; 4.488.330,10 ;;;;
RS;4314407;PELOTAS; 274.812.001,23 ; -   ; -   ; -   ; -   ; 274.812.001,23 ;;;;
RS;4314423;PICADA CAFE; 8.889.536,24 ; -   ; -   ; 519.079,31 ; 519.079,31 ; 9.408.615,55 ;;;;
RS;4314456;PINHAL; 5.248.016,64 ; -   ; -   ; 336.093,23 ; 336.093,23 ; 5.584.109,87 ;;;;
RS;4314464;PINHAL DA SERRA; 3.427.241,21 ; -   ; -   ; 205.947,66 ; 205.947,66 ; 3.633.188,87 ;;;;
RS;4314472;PINHAL GRANDE; 3.343.194,72 ; -   ; -   ; -   ; -   ; 3.343.194,72 ;;;;
RS;4314498;PINHEIRINHO DO VALE; 7.388.732,32 ; -   ; 752.848,14 ; -   ; 752.848,14 ; 8.141.580,46 ;;;;
RS;4314506;PINHEIRO MACHADO; 12.714.537,94 ; -   ; -   ; 441.280,60 ; 441.280,60 ; 13.155.818,54 ;;;;
RS;4314548;PINTO BANDEIRA; 1.955.648,99 ; -   ; -   ; -   ; -   ; 1.955.648,99 ;;;;
RS;4314555;PIRAPO; 1.467.894,66 ; -   ; -   ; 43.318,17 ; 43.318,17 ; 1.511.212,83 ;;;;
RS;4314605;PIRATINI; 14.384.026,97 ; -   ; -   ; 429.030,20 ; 429.030,20 ; 14.813.057,17 ;;;;
RS;4314704;PLANALTO; 11.974.093,43 ; -   ; -   ; 430.329,72 ; 430.329,72 ; 12.404.423,15 ;;;;
RS;4314753;POCO DAS ANTAS; 2.597.167,81 ; -   ; -   ; 178.081,33 ; 178.081,33 ; 2.775.249,14 ;;;;
RS;4314779;PONTAO; 4.700.673,28 ; -   ; -   ; -   ; -   ; 4.700.673,28 ;;;;
RS;4314787;PONTE PRETA; 1.655.764,61 ; -   ; -   ; 54.046,97 ; 54.046,97 ; 1.709.811,58 ;;;;
RS;4314803;PORTAO; 50.710.114,50 ; -   ; -   ; -   ; -   ; 50.710.114,50 ;;;;
RS;4314902;PORTO ALEGRE; 710.037.413,47 ; -   ; -   ; -   ; -   ; 710.037.413,47 ;;;;
RS;4315008;PORTO LUCENA; 2.949.218,63 ; -   ; -   ; 94.842,51 ; 94.842,51 ; 3.044.061,14 ;;;;
RS;4315057;PORTO MAUA; 2.553.129,06 ; -   ; -   ; 166.833,59 ; 166.833,59 ; 2.719.962,65 ;;;;
RS;4315073;PORTO VERA CRUZ; 1.521.774,77 ; -   ; -   ; 52.257,34 ; 52.257,34 ; 1.574.032,11 ;;;;
RS;4315107;PORTO XAVIER; 13.079.890,68 ; -   ; 1.328.407,49 ; -   ; 1.328.407,49 ; 14.408.298,17 ;;;;
RS;4315131;POUSO NOVO; 2.541.130,49 ; -   ; -   ; 71.943,33 ; 71.943,33 ; 2.613.073,82 ;;;;
RS;4315149;PRESIDENTE LUCENA; 5.352.414,46 ; -   ; -   ; 311.677,93 ; 311.677,93 ; 5.664.092,39 ;;;;
RS;4315156;PROGRESSO; 4.995.764,80 ; -   ; -   ; 353.436,99 ; 353.436,99 ; 5.349.201,79 ;;;;
RS;4315172;PROTASIO ALVES; 2.230.960,76 ; -   ; -   ; 162.977,17 ; 162.977,17 ; 2.393.937,93 ;;;;
RS;4315206;PUTINGA; 2.966.924,50 ; -   ; -   ; 219.993,36 ; 219.993,36 ; 3.186.917,86 ;;;;
RS;4315305;QUARAI; 22.228.366,65 ; -   ; -   ; 1.444.146,57 ; 1.444.146,57 ; 23.672.513,22 ;;;;
RS;4315313;QUATRO IRMAOS; 2.263.083,70 ; -   ; -   ; -   ; -   ; 2.263.083,70 ;;;;
RS;4315321;QUEVEDOS; 1.718.041,78 ; -   ; -   ; -   ; -   ; 1.718.041,78 ;;;;
RS;4315354;QUINZE DE NOVEMBRO; 5.816.868,88 ; -   ; -   ; 429.448,54 ; 429.448,54 ; 6.246.317,42 ;;;;
RS;4315404;REDENTORA; 7.664.806,01 ; -   ; -   ; 476.944,97 ; 476.944,97 ; 8.141.750,98 ;;;;
RS;4315453;RELVADO; 1.683.655,85 ; -   ; -   ; 58.700,03 ; 58.700,03 ; 1.742.355,88 ;;;;
RS;4315503;RESTINGA SECA; 14.908.564,38 ; -   ; -   ; -   ; -   ; 14.908.564,38 ;;;;
RS;4315552;RIO DOS INDIOS; 3.552.811,63 ; -   ; -   ; 197.130,59 ; 197.130,59 ; 3.749.942,22 ;;;;
RS;4315602;RIO GRANDE; 232.053.021,89 ; -   ; -   ; -   ; -   ; 232.053.021,89 ;;;;
RS;4315701;RIO PARDO; 25.296.732,85 ; -   ; -   ; -   ; -   ; 25.296.732,85 ;;;;
RS;4315750;RIOZINHO; 6.015.971,06 ; -   ; -   ; 346.677,18 ; 346.677,18 ; 6.362.648,24 ;;;;
RS;4315800;ROCA SALES; 11.448.797,05 ; -   ; -   ; 735.909,60 ; 735.909,60 ; 12.184.706,65 ;;;;
RS;4315909;RODEIO BONITO; 8.211.925,56 ; -   ; -   ; 572.309,19 ; 572.309,19 ; 8.784.234,75 ;;;;
RS;4315958;ROLADOR; 2.265.945,33 ; -   ; -   ; -   ; -   ; 2.265.945,33 ;;;;
RS;4316006;ROLANTE; 33.610.509,91 ; -   ; -   ; 2.115.938,30 ; 2.115.938,30 ; 35.726.448,21 ;;;;
RS;4316105;RONDA ALTA; 6.863.391,06 ; -   ; -   ; -   ; -   ; 6.863.391,06 ;;;;
RS;4316204;RONDINHA; 4.997.959,24 ; -   ; -   ; -   ; -   ; 4.997.959,24 ;;;;
RS;4316303;ROQUE GONZALES; 6.861.435,23 ; -   ; -   ; 421.469,37 ; 421.469,37 ; 7.282.904,60 ;;;;
RS;4316402;ROSARIO DO SUL; 22.145.261,27 ; -   ; -   ; -   ; -   ; 22.145.261,27 ;;;;
RS;4316428;SAGRADA FAMILIA; 3.454.627,78 ; -   ; -   ; 103.635,83 ; 103.635,83 ; 3.558.263,61 ;;;;
RS;4316436;SALDANHA MARINHO; 3.014.561,90 ; -   ; -   ; 215.034,29 ; 215.034,29 ; 3.229.596,19 ;;;;
RS;4316451;SALTO DO JACUI; 11.025.552,33 ; -   ; -   ; 682.539,70 ; 682.539,70 ; 11.708.092,03 ;;;;
RS;4316477;SALVADOR DAS MISSOES; 3.491.334,64 ; -   ; -   ; 107.751,28 ; 107.751,28 ; 3.599.085,92 ;;;;
RS;4316501;SALVADOR DO SUL; 9.311.191,16 ; -   ; -   ; -   ; -   ; 9.311.191,16 ;;;;
RS;4316600;SANANDUVA; 15.367.117,39 ; -   ; -   ; 1.066.373,25 ; 1.066.373,25 ; 16.433.490,64 ;;;;
RS;4316709;SANTA BARBARA DO SUL; 9.050.507,41 ; -   ; -   ; 634.945,21 ; 634.945,21 ; 9.685.452,62 ;;;;
RS;4316733;SANTA CECILIA DO SUL; 2.697.025,23 ; -   ; -   ; 207.095,95 ; 207.095,95 ; 2.904.121,18 ;;;;
RS;4316758;SANTA CLARA DO SUL; 8.993.028,17 ; -   ; -   ; 545.137,52 ; 545.137,52 ; 9.538.165,69 ;;;;
RS;4316808;SANTA CRUZ DO SUL; 120.478.949,45 ; -   ; -   ; 8.046.712,52 ; 8.046.712,52 ; 128.525.661,97 ;;;;
RS;4316972;SANTA MARGARIDA DO SUL; 3.927.115,21 ; -   ; -   ; -   ; -   ; 3.927.115,21 ;;;;
RS;4316907;SANTA MARIA; 200.523.869,57 ; -   ; -   ; -   ; -   ; 200.523.869,57 ;;;;
RS;4316956;SANTA MARIA DO HERVAL; 7.611.521,78 ; -   ; -   ; -   ; -   ; 7.611.521,78 ;;;;
RS;4317202;SANTA ROSA; 78.451.225,21 ; -   ; -   ; -   ; -   ; 78.451.225,21 ;;;;
RS;4317251;SANTA TEREZA; 1.009.214,48 ; -   ; -   ; -   ; -   ; 1.009.214,48 ;;;;
RS;4317301;SANTA VITORIA DO PALMAR; 38.388.202,92 ; -   ; -   ; -   ; -   ; 38.388.202,92 ;;;;
RS;4317004;SANTANA DA BOA VISTA; 5.711.223,24 ; -   ; -   ; 387.367,50 ; 387.367,50 ; 6.098.590,74 ;;;;
RS;4317103;SANTANA DO LIVRAMENTO; 58.650.385,68 ; -   ; -   ; 3.578.655,63 ; 3.578.655,63 ; 62.229.041,31 ;;;;
RS;4317400;SANTIAGO; 44.700.513,27 ; -   ; -   ; -   ; -   ; 44.700.513,27 ;;;;
RS;4317509;SANTO ANGELO; 53.144.889,84 ; -   ; -   ; 3.684.845,34 ; 3.684.845,34 ; 56.829.735,18 ;;;;
RS;4317608;SANTO ANTONIO DA PATRULHA; 39.875.697,81 ; -   ; -   ; 2.636.367,48 ; 2.636.367,48 ; 42.512.065,29 ;;;;
RS;4317707;SANTO ANTONIO DAS MISSOES; 10.974.769,74 ; -   ; -   ; 767.039,01 ; 767.039,01 ; 11.741.808,75 ;;;;
RS;4317558;SANTO ANTONIO DO PALMA; 2.959.365,16 ; -   ; -   ; 151.576,92 ; 151.576,92 ; 3.110.942,08 ;;;;
RS;4317756;SANTO ANTONIO DO PLANALTO; 2.099.241,89 ; -   ; -   ; -   ; -   ; 2.099.241,89 ;;;;
RS;4317806;SANTO AUGUSTO; 15.582.038,02 ; -   ; -   ; -   ; -   ; 15.582.038,02 ;;;;
RS;4317905;SANTO CRISTO; 17.524.205,45 ; -   ; -   ; -   ; -   ; 17.524.205,45 ;;;;
RS;4317954;SANTO EXPEDITO DO SUL; 2.411.715,20 ; -   ; -   ; 82.323,21 ; 82.323,21 ; 2.494.038,41 ;;;;
RS;4318002;SAO BORJA; 54.071.375,20 ; -   ; -   ; -   ; -   ; 54.071.375,20 ;;;;
RS;4318051;SAO DOMINGOS DO SUL; 2.214.121,97 ; -   ; -   ; 69.079,91 ; 69.079,91 ; 2.283.201,88 ;;;;
RS;4318101;SAO FRANCISCO DE ASSIS; 15.655.063,77 ; -   ; -   ; 1.065.427,54 ; 1.065.427,54 ; 16.720.491,31 ;;;;
RS;4318200;SAO FRANCISCO DE PAULA; 17.822.221,59 ; -   ; -   ; -   ; -   ; 17.822.221,59 ;;;;
RS;4318309;SAO GABRIEL; 60.996.267,72 ; -   ; -   ; -   ; -   ; 60.996.267,72 ;;;;
RS;4318408;SAO JERONIMO; 14.987.673,52 ; -   ; -   ; -   ; -   ; 14.987.673,52 ;;;;
RS;4318424;SAO JOAO DA URTIGA; 4.501.583,83 ; -   ; -   ; 302.138,13 ; 302.138,13 ; 4.803.721,96 ;;;;
RS;4318432;SAO JOAO DO POLESINE; 2.162.590,92 ; -   ; -   ; -   ; -   ; 2.162.590,92 ;;;;
RS;4318440;SAO JORGE; 2.474.626,02 ; -   ; -   ; 217.470,81 ; 217.470,81 ; 2.692.096,83 ;;;;
RS;4318457;SAO JOSE DAS MISSOES; 4.095.266,25 ; -   ; -   ; -   ; -   ; 4.095.266,25 ;;;;
RS;4318465;SAO JOSE DO HERVAL; 2.551.069,49 ; -   ; -   ; -   ; -   ; 2.551.069,49 ;;;;
RS;4318481;SAO JOSE DO HORTENCIO; 6.265.741,03 ; -   ; -   ; -   ; -   ; 6.265.741,03 ;;;;
RS;4318499;SAO JOSE DO INHACORA; 3.516.126,10 ; -   ; -   ; -   ; -   ; 3.516.126,10 ;;;;
RS;4318507;SAO JOSE DO NORTE; 28.396.641,78 ; -   ; -   ; 1.915.099,66 ; 1.915.099,66 ; 30.311.741,44 ;;;;
RS;4318606;SAO JOSE DO OURO; 6.318.984,05 ; -   ; -   ; 442.845,46 ; 442.845,46 ; 6.761.829,51 ;;;;
RS;4318614;SAO JOSE DO SUL; 3.793.327,61 ; -   ; -   ; 120.400,02 ; 120.400,02 ; 3.913.727,63 ;;;;
RS;4318622;SAO JOSE DOS AUSENTES; 8.097.427,64 ; -   ; -   ; -   ; -   ; 8.097.427,64 ;;;;
RS;4318705;SAO LEOPOLDO; 241.013.808,47 ; -   ; -   ; -   ; -   ; 241.013.808,47 ;;;;
RS;4318804;SAO LOURENCO DO SUL; 44.458.993,98 ; -   ; -   ; 1.487.382,38 ; 1.487.382,38 ; 45.946.376,36 ;;;;
RS;4318903;SAO LUIZ GONZAGA; 29.394.311,05 ; -   ; -   ; 1.898.884,67 ; 1.898.884,67 ; 31.293.195,72 ;;;;
RS;4319000;SAO MARCOS; 17.874.891,40 ; -   ; -   ; -   ; -   ; 17.874.891,40 ;;;;
RS;4319109;SAO MARTINHO; 8.094.630,53 ; -   ; -   ; 601.356,98 ; 601.356,98 ; 8.695.987,51 ;;;;
RS;4319125;SAO MARTINHO DA SERRA; 2.465.234,02 ; -   ; -   ; 85.902,48 ; 85.902,48 ; 2.551.136,50 ;;;;
RS;4319158;SAO MIGUEL DAS MISSOES; 9.413.152,46 ; -   ; -   ; 612.303,22 ; 612.303,22 ; 10.025.455,68 ;;;;
RS;4319208;SAO NICOLAU; 4.175.714,10 ; -   ; -   ; -   ; -   ; 4.175.714,10 ;;;;
RS;4319307;SAO PAULO DAS MISSOES; 7.728.999,04 ; -   ; -   ; 544.755,28 ; 544.755,28 ; 8.273.754,32 ;;;;
RS;4319356;SAO PEDRO DA SERRA; 5.642.377,62 ; -   ; -   ; 376.572,38 ; 376.572,38 ; 6.018.950,00 ;;;;
RS;4319364;SAO PEDRO DAS MISSOES; 2.586.734,02 ; -   ; -   ; 80.473,77 ; 80.473,77 ; 2.667.207,79 ;;;;
RS;4319372;SAO PEDRO DO BUTIA; 2.653.745,99 ; -   ; -   ; 170.882,89 ; 170.882,89 ; 2.824.628,88 ;;;;
RS;4319406;SAO PEDRO DO SUL; 17.346.278,35 ; -   ; -   ; -   ; -   ; 17.346.278,35 ;;;;
RS;4319505;SAO SEBASTIAO DO CAI; 29.399.947,90 ; -   ; -   ; -   ; -   ; 29.399.947,90 ;;;;
RS;4319604;SAO SEPE; 21.833.934,72 ; -   ; -   ; 740.954,58 ; 740.954,58 ; 22.574.889,30 ;;;;
RS;4319703;SAO VALENTIM; 4.294.777,02 ; -   ; -   ; 342.967,95 ; 342.967,95 ; 4.637.744,97 ;;;;
RS;4319711;SAO VALENTIM DO SUL; 1.520.042,02 ; -   ; -   ; 51.183,56 ; 51.183,56 ; 1.571.225,58 ;;;;
RS;4319737;SAO VALERIO DO SUL; 2.549.115,92 ; -   ; -   ; -   ; -   ; 2.549.115,92 ;;;;
RS;4319752;SAO VENDELINO; 3.143.923,87 ; -   ; -   ; 233.462,06 ; 233.462,06 ; 3.377.385,93 ;;;;
RS;4319802;SAO VICENTE DO SUL; 8.030.053,81 ; -   ; -   ; 555.712,43 ; 555.712,43 ; 8.585.766,24 ;;;;
RS;4319901;SAPIRANGA; 120.745.763,21 ; -   ; -   ; -   ; -   ; 120.745.763,21 ;;;;
RS;4320008;SAPUCAIA DO SUL; 159.998.238,08 ; -   ; -   ; -   ; -   ; 159.998.238,08 ;;;;
RS;4320107;SARANDI; 30.764.958,16 ; -   ; -   ; -   ; -   ; 30.764.958,16 ;;;;
RS;4320206;SEBERI; 12.815.906,47 ; -   ; -   ; 803.244,80 ; 803.244,80 ; 13.619.151,27 ;;;;
RS;4320230;SEDE NOVA; 4.065.053,67 ; -   ; -   ; 282.836,51 ; 282.836,51 ; 4.347.890,18 ;;;;
RS;4320263;SEGREDO; 5.963.830,57 ; -   ; -   ; 352.013,03 ; 352.013,03 ; 6.315.843,60 ;;;;
RS;4320305;SELBACH; 3.722.248,17 ; -   ; -   ; 113.831,11 ; 113.831,11 ; 3.836.079,28 ;;;;
RS;4320321;SENADOR SALGADO FILHO; 2.622.188,34 ; -   ; -   ; 184.649,05 ; 184.649,05 ; 2.806.837,39 ;;;;
RS;4320354;SENTINELA DO SUL; 6.117.561,93 ; -   ; -   ; 409.537,71 ; 409.537,71 ; 6.527.099,64 ;;;;
RS;4320404;SERAFINA CORREA; 22.858.945,65 ; -   ; -   ; -   ; -   ; 22.858.945,65 ;;;;
RS;4320453;SERIO; 1.970.473,30 ; -   ; -   ; 60.190,82 ; 60.190,82 ; 2.030.664,12 ;;;;
RS;4320503;SERTAO; 5.600.122,38 ; -   ; -   ; 403.773,25 ; 403.773,25 ; 6.003.895,63 ;;;;
RS;4320552;SERTAO SANTANA; 7.743.010,48 ; -   ; -   ; 508.261,81 ; 508.261,81 ; 8.251.272,29 ;;;;
RS;4320578;SETE DE SETEMBRO; 1.677.846,69 ; -   ; -   ; -   ; -   ; 1.677.846,69 ;;;;
RS;4320602;SEVERIANO DE ALMEIDA; 2.955.687,07 ; -   ; -   ; 100.219,56 ; 100.219,56 ; 3.055.906,63 ;;;;
RS;4320651;SILVEIRA MARTINS; 2.914.275,74 ; -   ; -   ; -   ; -   ; 2.914.275,74 ;;;;
RS;4320677;SINIMBU; 10.937.145,11 ; -   ; -   ; 687.184,23 ; 687.184,23 ; 11.624.329,34 ;;;;
RS;4320701;SOBRADINHO; 17.709.129,34 ; -   ; -   ; 574.023,83 ; 574.023,83 ; 18.283.153,17 ;;;;
RS;4320800;SOLEDADE; 29.453.083,98 ; -   ; -   ; 1.866.406,59 ; 1.866.406,59 ; 31.319.490,57 ;;;;
RS;4320859;TABAI; 6.764.223,05 ; -   ; -   ; 387.341,09 ; 387.341,09 ; 7.151.564,14 ;;;;
RS;4320909;TAPEJARA; 35.573.589,80 ; -   ; -   ; 2.599.681,84 ; 2.599.681,84 ; 38.173.271,64 ;;;;
RS;4321006;TAPERA; 9.901.680,06 ; -   ; -   ; 642.520,48 ; 642.520,48 ; 10.544.200,54 ;;;;
RS;4321105;TAPES; 15.062.761,61 ; -   ; -   ; 1.036.938,54 ; 1.036.938,54 ; 16.099.700,15 ;;;;
RS;4321204;TAQUARA; 67.314.799,33 ; -   ; -   ; -   ; -   ; 67.314.799,33 ;;;;
RS;4321303;TAQUARI; 22.169.011,02 ; -   ; -   ; -   ; -   ; 22.169.011,02 ;;;;
RS;4321329;TAQUARUCU DO SUL; 4.097.766,54 ; -   ; -   ; -   ; -   ; 4.097.766,54 ;;;;
RS;4321352;TAVARES; 5.296.407,98 ; -   ; -   ; -   ; -   ; 5.296.407,98 ;;;;
RS;4321402;TENENTE PORTELA; 17.271.465,56 ; -   ; -   ; -   ; -   ; 17.271.465,56 ;;;;
RS;4321436;TERRA DE AREIA; 16.207.998,57 ; -   ; -   ; -   ; -   ; 16.207.998,57 ;;;;
RS;4321451;TEUTONIA; 47.608.208,39 ; -   ; -   ; -   ; -   ; 47.608.208,39 ;;;;
RS;4321469;TIO HUGO; 5.883.555,97 ; -   ; -   ; 424.420,03 ; 424.420,03 ; 6.307.976,00 ;;;;
RS;4321477;TIRADENTES DO SUL; 4.361.484,12 ; -   ; -   ; 141.286,28 ; 141.286,28 ; 4.502.770,40 ;;;;
RS;4321493;TOROPI; 2.125.001,31 ; -   ; -   ; -   ; -   ; 2.125.001,31 ;;;;
RS;4321501;TORRES; 48.678.700,24 ; -   ; -   ; -   ; -   ; 48.678.700,24 ;;;;
RS;4321600;TRAMANDAI; 83.278.750,02 ; -   ; -   ; -   ; -   ; 83.278.750,02 ;;;;
RS;4321626;TRAVESSEIRO; 3.129.106,34 ; -   ; -   ; 83.250,83 ; 83.250,83 ; 3.212.357,17 ;;;;
RS;4321634;TRES ARROIOS; 1.826.538,36 ; -   ; -   ; -   ; -   ; 1.826.538,36 ;;;;
RS;4321667;TRES CACHOEIRAS; 13.627.465,61 ; -   ; 366.110,06 ; 941.663,65 ; 1.307.773,71 ; 14.935.239,32 ;;;;
RS;4321709;TRES COROAS; 38.358.909,28 ; -   ; -   ; -   ; -   ; 38.358.909,28 ;;;;
RS;4321808;TRES DE MAIO; 26.584.470,02 ; -   ; -   ; -   ; -   ; 26.584.470,02 ;;;;
RS;4321832;TRES FORQUILHAS; 4.402.435,50 ; -   ; -   ; 198.793,30 ; 198.793,30 ; 4.601.228,80 ;;;;
RS;4321857;TRES PALMEIRAS; 8.411.918,63 ; -   ; -   ; -   ; -   ; 8.411.918,63 ;;;;
RS;4321907;TRES PASSOS; 34.843.980,90 ; -   ; -   ; 2.444.542,91 ; 2.444.542,91 ; 37.288.523,81 ;;;;
RS;4321956;TRINDADE DO SUL; 10.370.975,45 ; -   ; -   ; -   ; -   ; 10.370.975,45 ;;;;
RS;4322004;TRIUNFO; 43.002.613,34 ; -   ; -   ; 2.936.789,68 ; 2.936.789,68 ; 45.939.403,02 ;;;;
RS;4322103;TUCUNDUVA; 3.358.239,90 ; -   ; -   ; 114.577,39 ; 114.577,39 ; 3.472.817,29 ;;;;
RS;4322152;TUNAS; 5.113.126,24 ; -   ; -   ; -   ; -   ; 5.113.126,24 ;;;;
RS;4322186;TUPANCI DO SUL; 1.847.138,10 ; -   ; -   ; 143.100,81 ; 143.100,81 ; 1.990.238,91 ;;;;
RS;4322202;TUPANCIRETA; 21.157.161,86 ; -   ; -   ; -   ; -   ; 21.157.161,86 ;;;;
RS;4322251;TUPANDI; 10.913.245,79 ; -   ; -   ; -   ; -   ; 10.913.245,79 ;;;;
RS;4322301;TUPARENDI; 7.339.199,23 ; -   ; -   ; 245.452,41 ; 245.452,41 ; 7.584.651,64 ;;;;
RS;4322327;TURUCU; 4.873.696,69 ; -   ; -   ; 337.631,14 ; 337.631,14 ; 5.211.327,83 ;;;;
RS;4322343;UBIRETAMA; 1.331.923,18 ; -   ; -   ; 39.729,90 ; 39.729,90 ; 1.371.653,08 ;;;;
RS;4322350;UNIAO DA SERRA; 702.716,62 ; -   ; -   ; -   ; -   ; 702.716,62 ;;;;
RS;4322376;UNISTALDA; 2.488.150,48 ; -   ; -   ; -   ; -   ; 2.488.150,48 ;;;;
RS;4322400;URUGUAIANA; 110.189.849,73 ; -   ; -   ; -   ; -   ; 110.189.849,73 ;;;;
RS;4322509;VACARIA; 73.997.757,74 ; -   ; -   ; -   ; -   ; 73.997.757,74 ;;;;
RS;4322533;VALE DO SOL; 9.323.812,57 ; -   ; -   ; -   ; -   ; 9.323.812,57 ;;;;
RS;4322541;VALE REAL; 7.860.521,58 ; -   ; -   ; -   ; -   ; 7.860.521,58 ;;;;
RS;4322525;VALE VERDE; 4.686.700,80 ; -   ; -   ; 252.237,95 ; 252.237,95 ; 4.938.938,75 ;;;;
RS;4322558;VANINI; 2.116.442,61 ; -   ; -   ; 71.823,69 ; 71.823,69 ; 2.188.266,30 ;;;;
RS;4322608;VENANCIO AIRES; 63.311.350,50 ; -   ; -   ; 4.028.172,10 ; 4.028.172,10 ; 67.339.522,60 ;;;;
RS;4322707;VERA CRUZ; 30.856.104,92 ; -   ; -   ; 1.996.424,58 ; 1.996.424,58 ; 32.852.529,50 ;;;;
RS;4322806;VERANOPOLIS; 27.970.905,45 ; -   ; -   ; -   ; -   ; 27.970.905,45 ;;;;
RS;4322855;VESPASIANO CORREA; 1.993.874,53 ; -   ; -   ; -   ; -   ; 1.993.874,53 ;;;;
RS;4322905;VIADUTOS; 3.967.981,40 ; -   ; -   ; 326.747,52 ; 326.747,52 ; 4.294.728,92 ;;;;
RS;4323002;VIAMAO; 269.159.768,44 ; -   ; -   ; -   ; -   ; 269.159.768,44 ;;;;
RS;4323101;VICENTE DUTRA; 6.484.449,81 ; -   ; -   ; 428.402,43 ; 428.402,43 ; 6.912.852,24 ;;;;
RS;4323200;VICTOR GRAEFF; 4.130.209,59 ; -   ; -   ; 133.063,56 ; 133.063,56 ; 4.263.273,15 ;;;;
RS;4323309;VILA FLORES; 4.844.573,64 ; -   ; -   ; 381.389,16 ; 381.389,16 ; 5.225.962,80 ;;;;
RS;4323358;VILA LANGARO; 3.226.525,43 ; -   ; -   ; 108.451,87 ; 108.451,87 ; 3.334.977,30 ;;;;
RS;4323408;VILA MARIA; 4.268.630,27 ; -   ; -   ; -   ; -   ; 4.268.630,27 ;;;;
RS;4323457;VILA NOVA DO SUL; 4.358.555,30 ; -   ; -   ; 300.865,57 ; 300.865,57 ; 4.659.420,87 ;;;;
RS;4323507;VISTA ALEGRE; 2.848.690,93 ; -   ; -   ; 97.014,63 ; 97.014,63 ; 2.945.705,56 ;;;;
RS;4323606;VISTA ALEGRE DO PRATA; 1.472.707,47 ; -   ; -   ; 104.630,40 ; 104.630,40 ; 1.577.337,87 ;;;;
RS;4323705;VISTA GAUCHA; 4.343.862,02 ; -   ; -   ; 285.764,48 ; 285.764,48 ; 4.629.626,50 ;;;;
RS;4323754;VITORIA DAS MISSOES; 3.072.862,70 ; -   ; -   ; 97.172,70 ; 97.172,70 ; 3.170.035,40 ;;;;
RS;4323770;WESTFALIA; 5.369.098,45 ; -   ; -   ; 186.255,95 ; 186.255,95 ; 5.555.354,40 ;;;;
RS;4323804;XANGRI-LA; 30.883.234,01 ; -   ; -   ; -   ; -   ; 30.883.234,01 ;;;;
RS;43;GOVERNO DO ESTADO; 6.394.808.320,76 ; -   ; -   ; -   ; -   ; 6.394.808.320,76 ;;;;
SC;4200051;ABDON BATISTA; 3.253.583,74 ; -   ; -   ; 228.647,85 ; 228.647,85 ; 3.482.231,59 ;;;;
SC;4200101;ABELARDO LUZ; 25.397.226,51 ; -   ; -   ; 1.054.683,21 ; 1.054.683,21 ; 26.451.909,72 ;;;;
SC;4200200;AGROLANDIA; 15.799.376,92 ; -   ; 39.320,10 ; 1.249.033,87 ; 1.288.353,97 ; 17.087.730,89 ;;;;
SC;4200309;AGRONOMICA; 7.156.032,53 ; -   ; -   ; 508.658,43 ; 508.658,43 ; 7.664.690,96 ;;;;
SC;4200408;AGUA DOCE; 8.339.499,73 ; -   ; -   ; -   ; -   ; 8.339.499,73 ;;;;
SC;4200507;AGUAS DE CHAPECO; 4.505.560,80 ; -   ; -   ; 314.690,30 ; 314.690,30 ; 4.820.251,10 ;;;;
SC;4200556;AGUAS FRIAS; 3.282.723,61 ; -   ; -   ; 269.813,61 ; 269.813,61 ; 3.552.537,22 ;;;;
SC;4200606;AGUAS MORNAS; 7.166.727,76 ; -   ; -   ; -   ; -   ; 7.166.727,76 ;;;;
SC;4200705;ALFREDO WAGNER; 10.232.530,14 ; -   ; -   ; -   ; -   ; 10.232.530,14 ;;;;
SC;4200754;ALTO BELA VISTA; 1.590.116,04 ; -   ; -   ; -   ; -   ; 1.590.116,04 ;;;;
SC;4200804;ANCHIETA; 6.182.092,95 ; -   ; -   ; -   ; -   ; 6.182.092,95 ;;;;
SC;4200903;ANGELINA; 3.996.491,50 ; -   ; -   ; 301.827,43 ; 301.827,43 ; 4.298.318,93 ;;;;
SC;4201000;ANITA GARIBALDI; 9.204.148,58 ; -   ; 234.276,90 ; -   ; 234.276,90 ; 9.438.425,48 ;;;;
SC;4201109;ANITAPOLIS; 3.339.065,10 ; -   ; -   ; 272.500,53 ; 272.500,53 ; 3.611.565,63 ;;;;
SC;4201208;ANTONIO CARLOS; 12.693.676,11 ; -   ; -   ; -   ; -   ; 12.693.676,11 ;;;;
SC;4201257;APIUNA; 16.835.208,60 ; -   ; -   ; 625.023,20 ; 625.023,20 ; 17.460.231,80 ;;;;
SC;4201273;ARABUTA; 5.644.745,40 ; -   ; -   ; -   ; -   ; 5.644.745,40 ;;;;
SC;4201307;ARAQUARI; 66.463.600,19 ; -   ; -   ; -   ; -   ; 66.463.600,19 ;;;;
SC;4201406;ARARANGUA; 58.720.850,59 ; -   ; -   ; -   ; -   ; 58.720.850,59 ;;;;
SC;4201505;ARMAZEM; 10.611.143,00 ; -   ; 951.870,28 ; -   ; 951.870,28 ; 11.563.013,28 ;;;;
SC;4201604;ARROIO TRINTA; 4.038.611,13 ; -   ; -   ; -   ; -   ; 4.038.611,13 ;;;;
SC;4201653;ARVOREDO; 2.861.502,31 ; -   ; -   ; -   ; -   ; 2.861.502,31 ;;;;
SC;4201703;ASCURRA; 5.937.738,36 ; -   ; -   ; 471.522,65 ; 471.522,65 ; 6.409.261,01 ;;;;
SC;4201802;ATALANTA; 4.042.691,26 ; -   ; -   ; 274.230,58 ; 274.230,58 ; 4.316.921,84 ;;;;
SC;4201901;AURORA; 7.783.847,42 ; -   ; -   ; -   ; -   ; 7.783.847,42 ;;;;
SC;4201950;BALNEARIO ARROIO DO SILVA; 19.244.539,84 ; -   ; -   ; -   ; -   ; 19.244.539,84 ;;;;
SC;4202057;BALNEARIO BARRA DO SUL; 15.340.534,93 ; -   ; -   ; -   ; -   ; 15.340.534,93 ;;;;
SC;4202008;BALNEARIO CAMBORIU; 145.125.885,27 ; -   ; -   ; -   ; -   ; 145.125.885,27 ;;;;
SC;4202073;BALNEARIO GAIVOTA; 23.546.115,52 ; -   ; 1.591.168,16 ; -   ; 1.591.168,16 ; 25.137.283,68 ;;;;
SC;4212809;BALNEARIO PICARRAS; 53.241.964,55 ; -   ; -   ; -   ; -   ; 53.241.964,55 ;;;;
SC;4220000;BALNEARIO RINCAO; 19.484.372,09 ; -   ; 773.192,04 ; -   ; 773.192,04 ; 20.257.564,13 ;;;;
SC;4202081;BANDEIRANTE; 5.448.387,73 ; -   ; -   ; -   ; -   ; 5.448.387,73 ;;;;
SC;4202099;BARRA BONITA; 1.747.752,32 ; -   ; -   ; 61.921,37 ; 61.921,37 ; 1.809.673,69 ;;;;
SC;4202107;BARRA VELHA; 77.706.391,87 ; -   ; -   ; -   ; -   ; 77.706.391,87 ;;;;
SC;4202131;BELA VISTA DO TOLDO; 11.213.169,31 ; -   ; 231.417,79 ; 758.121,88 ; 989.539,67 ; 12.202.708,98 ;;;;
SC;4202156;BELMONTE; 2.948.841,51 ; -   ; -   ; 275.073,10 ; 275.073,10 ; 3.223.914,61 ;;;;
SC;4202206;BENEDITO NOVO; 7.032.811,92 ; -   ; -   ; 548.771,63 ; 548.771,63 ; 7.581.583,55 ;;;;
SC;4202305;BIGUACU; 53.693.155,48 ; -   ; -   ; 2.075.798,76 ; 2.075.798,76 ; 55.768.954,24 ;;;;
SC;4202404;BLUMENAU; 335.994.229,69 ; -   ; -   ; -   ; -   ; 335.994.229,69 ;;;;
SC;4202438;BOCAINA DO SUL; 6.025.338,57 ; -   ; -   ; 232.184,23 ; 232.184,23 ; 6.257.522,80 ;;;;
SC;4202503;BOM JARDIM DA SERRA; 5.472.904,61 ; -   ; -   ; -   ; -   ; 5.472.904,61 ;;;;
SC;4202537;BOM JESUS; 2.890.724,02 ; -   ; -   ; -   ; -   ; 2.890.724,02 ;;;;
SC;4202578;BOM JESUS DO OESTE; 2.616.203,79 ; -   ; -   ; -   ; -   ; 2.616.203,79 ;;;;
SC;4202602;BOM RETIRO; 7.800.277,45 ; -   ; -   ; 598.553,54 ; 598.553,54 ; 8.398.830,99 ;;;;
SC;4202453;BOMBINHAS; 41.862.025,42 ; -   ; -   ; -   ; -   ; 41.862.025,42 ;;;;
SC;4202701;BOTUVERA; 5.249.436,09 ; -   ; -   ; 387.511,71 ; 387.511,71 ; 5.636.947,80 ;;;;
SC;4202800;BRACO DO NORTE; 39.429.862,82 ; -   ; -   ; 2.939.126,73 ; 2.939.126,73 ; 42.368.989,55 ;;;;
SC;4202859;BRACO DO TROMBUDO; 5.770.370,51 ; -   ; -   ; 208.597,30 ; 208.597,30 ; 5.978.967,81 ;;;;
SC;4202875;BRUNOPOLIS; 2.762.266,01 ; -   ; -   ; 101.293,34 ; 101.293,34 ; 2.863.559,35 ;;;;
SC;4202909;BRUSQUE; 159.691.252,93 ; -   ; -   ; 12.477.042,07 ; 12.477.042,07 ; 172.168.295,00 ;;;;
SC;4203006;CACADOR; 87.028.774,71 ; -   ; -   ; 6.326.660,58 ; 6.326.660,58 ; 93.355.435,29 ;;;;
SC;4203105;CAIBI; 5.867.456,29 ; -   ; -   ; 227.255,10 ; 227.255,10 ; 6.094.711,39 ;;;;
SC;4203154;CALMON; 6.625.123,67 ; -   ; -   ; 469.188,23 ; 469.188,23 ; 7.094.311,90 ;;;;
SC;4203204;CAMBORIU; 162.467.403,13 ; -   ; 24.526.766,31 ; -   ; 24.526.766,31 ; 186.994.169,44 ;;;;
SC;4203303;CAMPO ALEGRE; 19.460.821,11 ; -   ; -   ; -   ; -   ; 19.460.821,11 ;;;;
SC;4203402;CAMPO BELO DO SUL; 6.855.460,39 ; -   ; -   ; 523.090,16 ; 523.090,16 ; 7.378.550,55 ;;;;
SC;4203501;CAMPO ERE; 14.485.761,32 ; -   ; 1.425.201,49 ; 1.057.895,99 ; 2.483.097,48 ; 16.968.858,80 ;;;;
SC;4203600;CAMPOS NOVOS; 42.722.451,24 ; -   ; -   ; -   ; -   ; 42.722.451,24 ;;;;
SC;4203709;CANELINHA; 14.584.410,27 ; -   ; -   ; 561.746,64 ; 561.746,64 ; 15.146.156,91 ;;;;
SC;4203808;CANOINHAS; 59.464.192,64 ; -   ; -   ; 2.229.802,11 ; 2.229.802,11 ; 61.693.994,75 ;;;;
SC;4203253;CAPAO ALTO; 4.822.572,19 ; -   ; -   ; -   ; -   ; 4.822.572,19 ;;;;
SC;4203907;CAPINZAL; 31.603.625,66 ; -   ; -   ; -   ; -   ; 31.603.625,66 ;;;;
SC;4203956;CAPIVARI DE BAIXO; 25.717.486,93 ; -   ; -   ; -   ; -   ; 25.717.486,93 ;;;;
SC;4204004;CATANDUVAS; 12.990.260,35 ; -   ; -   ; 1.027.215,81 ; 1.027.215,81 ; 14.017.476,16 ;;;;
SC;4204103;CAXAMBU DO SUL; 4.454.040,44 ; -   ; -   ; 380.012,01 ; 380.012,01 ; 4.834.052,45 ;;;;
SC;4204152;CELSO RAMOS; 4.301.495,13 ; -   ; -   ; -   ; -   ; 4.301.495,13 ;;;;
SC;4204178;CERRO NEGRO; 4.265.279,58 ; -   ; -   ; 306.208,19 ; 306.208,19 ; 4.571.487,77 ;;;;
SC;4204194;CHAPADAO DO LAGEADO; 3.808.866,79 ; -   ; -   ; 130.915,86 ; 130.915,86 ; 3.939.782,65 ;;;;
SC;4204202;CHAPECO; 252.446.736,58 ; -   ; -   ; -   ; -   ; 252.446.736,58 ;;;;
SC;4204251;COCAL DO SUL; 19.568.462,57 ; -   ; -   ; 774.286,15 ; 774.286,15 ; 20.342.748,72 ;;;;
SC;4204301;CONCORDIA; 97.152.797,47 ; -   ; -   ; -   ; -   ; 97.152.797,47 ;;;;
SC;4204350;CORDILHEIRA ALTA; 7.403.070,76 ; -   ; -   ; 590.249,93 ; 590.249,93 ; 7.993.320,69 ;;;;
SC;4204400;CORONEL FREITAS; 9.888.350,71 ; -   ; -   ; 786.192,19 ; 786.192,19 ; 10.674.542,90 ;;;;
SC;4204459;CORONEL MARTINS; 2.819.417,24 ; -   ; -   ; 232.668,46 ; 232.668,46 ; 3.052.085,70 ;;;;
SC;4204558;CORREIA PINTO; 18.024.868,22 ; -   ; -   ; 1.373.769,34 ; 1.373.769,34 ; 19.398.637,56 ;;;;
SC;4204509;CORUPA; 22.736.733,66 ; -   ; -   ; -   ; -   ; 22.736.733,66 ;;;;
SC;4204608;CRICIUMA; 255.210.283,04 ; -   ; -   ; -   ; -   ; 255.210.283,04 ;;;;
SC;4204707;CUNHA PORA; 11.137.428,52 ; -   ; -   ; -   ; -   ; 11.137.428,52 ;;;;
SC;4204756;CUNHATAI; 2.380.605,02 ; -   ; -   ; -   ; -   ; 2.380.605,02 ;;;;
SC;4204806;CURITIBANOS; 39.623.843,56 ; -   ; -   ; 3.006.464,69 ; 3.006.464,69 ; 42.630.308,25 ;;;;
SC;4204905;DESCANSO; 7.491.891,20 ; -   ; -   ; 289.254,61 ; 289.254,61 ; 7.781.145,81 ;;;;
SC;4205001;DIONISIO CERQUEIRA; 13.867.018,86 ; -   ; -   ; -   ; -   ; 13.867.018,86 ;;;;
SC;4205100;DONA EMMA; 4.510.531,10 ; -   ; -   ; 174.243,34 ; 174.243,34 ; 4.684.774,44 ;;;;
SC;4205159;DOUTOR PEDRINHO; 3.702.573,66 ; -   ; -   ; 283.396,37 ; 283.396,37 ; 3.985.970,03 ;;;;
SC;4205175;ENTRE RIOS; 3.705.486,09 ; -   ; -   ; 280.255,03 ; 280.255,03 ; 3.985.741,12 ;;;;
SC;4205191;ERMO; 4.337.476,49 ; -   ; -   ; 269.063,22 ; 269.063,22 ; 4.606.539,71 ;;;;
SC;4205209;ERVAL VELHO; 4.946.771,22 ; -   ; -   ; -   ; -   ; 4.946.771,22 ;;;;
SC;4205308;FAXINAL DOS GUEDES; 16.983.688,41 ; -   ; 536.207,86 ; 1.358.007,81 ; 1.894.215,67 ; 18.877.904,08 ;;;;
SC;4205357;FLOR DO SERTAO; 3.034.451,06 ; -   ; -   ; 90.015,04 ; 90.015,04 ; 3.124.466,10 ;;;;
SC;4205407;FLORIANOPOLIS; 357.590.115,14 ; -   ; -   ; -   ; -   ; 357.590.115,14 ;;;;
SC;4205431;FORMOSA DO SUL; 2.794.082,97 ; -   ; -   ; -   ; -   ; 2.794.082,97 ;;;;
SC;4205456;FORQUILHINHA; 38.477.694,60 ; -   ; 419.729,27 ; -   ; 419.729,27 ; 38.897.423,87 ;;;;
SC;4205506;FRAIBURGO; 59.189.904,10 ; -   ; 3.731.515,07 ; -   ; 3.731.515,07 ; 62.921.419,17 ;;;;
SC;4205555;FREI ROGERIO; 3.368.432,01 ; -   ; -   ; 233.237,83 ; 233.237,83 ; 3.601.669,84 ;;;;
SC;4205605;GALVAO; 4.387.123,49 ; -   ; -   ; 334.249,86 ; 334.249,86 ; 4.721.373,35 ;;;;
SC;4205704;GAROPABA; 31.124.731,64 ; -   ; -   ; -   ; -   ; 31.124.731,64 ;;;;
SC;4205803;GARUVA; 34.140.334,17 ; -   ; -   ; -   ; -   ; 34.140.334,17 ;;;;
SC;4205902;GASPAR; 92.037.481,77 ; -   ; -   ; 7.053.613,81 ; 7.053.613,81 ; 99.091.095,58 ;;;;
SC;4206009;GOVERNADOR CELSO RAMOS; 29.563.417,31 ; -   ; -   ; 2.411.845,15 ; 2.411.845,15 ; 31.975.262,46 ;;;;
SC;4206108;GRAO PARA; 6.896.760,99 ; -   ; -   ; -   ; -   ; 6.896.760,99 ;;;;
SC;4206207;GRAVATAL; 10.819.687,96 ; -   ; 1.537.669,50 ; 670.913,09 ; 2.208.582,59 ; 13.028.270,55 ;;;;
SC;4206306;GUABIRUBA; 42.187.212,46 ; -   ; 3.983.089,68 ; 3.440.997,66 ; 7.424.087,34 ; 49.611.299,80 ;;;;
SC;4206405;GUARACIABA; 11.745.316,72 ; -   ; -   ; -   ; -   ; 11.745.316,72 ;;;;
SC;4206504;GUARAMIRIM; 54.499.356,84 ; -   ; -   ; -   ; -   ; 54.499.356,84 ;;;;
SC;4206603;GUARUJA DO SUL; 7.228.054,37 ; -   ; -   ; 279.365,54 ; 279.365,54 ; 7.507.419,91 ;;;;
SC;4206652;GUATAMBU; 10.397.592,58 ; -   ; -   ; 861.966,40 ; 861.966,40 ; 11.259.558,98 ;;;;
SC;4206702;HERVAL DOESTE; 23.019.780,42 ; -   ; -   ; 1.806.070,91 ; 1.806.070,91 ; 24.825.851,33 ;;;;
SC;4206751;IBIAM; 2.331.686,19 ; -   ; -   ; 92.933,44 ; 92.933,44 ; 2.424.619,63 ;;;;
SC;4206801;IBICARE; 3.580.832,71 ; -   ; -   ; 293.986,98 ; 293.986,98 ; 3.874.819,69 ;;;;
SC;4206900;IBIRAMA; 22.364.790,12 ; -   ; -   ; -   ; -   ; 22.364.790,12 ;;;;
SC;4207007;ICARA; 68.617.572,66 ; -   ; -   ; 5.381.791,24 ; 5.381.791,24 ; 73.999.363,90 ;;;;
SC;4207106;ILHOTA; 31.941.973,68 ; -   ; 6.330.331,19 ; 2.342.784,34 ; 8.673.115,53 ; 40.615.089,21 ;;;;
SC;4207205;IMARUI; 16.012.363,83 ; -   ; 3.159.220,72 ; -   ; 3.159.220,72 ; 19.171.584,55 ;;;;
SC;4207304;IMBITUBA; 40.678.578,88 ; -   ; -   ; 3.298.378,34 ; 3.298.378,34 ; 43.976.957,22 ;;;;
SC;4207403;IMBUIA; 8.340.165,45 ; -   ; 399.564,64 ; -   ; 399.564,64 ; 8.739.730,09 ;;;;
SC;4207502;INDAIAL; 89.710.540,45 ; -   ; -   ; -   ; -   ; 89.710.540,45 ;;;;
SC;4207577;IOMERE; 5.265.102,23 ; -   ; -   ; 369.944,46 ; 369.944,46 ; 5.635.046,69 ;;;;
SC;4207601;IPIRA; 6.794.938,58 ; -   ; -   ; -   ; -   ; 6.794.938,58 ;;;;
SC;4207650;IPORA DO OESTE; 9.136.796,07 ; -   ; -   ; 830.478,06 ; 830.478,06 ; 9.967.274,13 ;;;;
SC;4207684;IPUACU; 6.565.439,99 ; -   ; -   ; 504.091,07 ; 504.091,07 ; 7.069.531,06 ;;;;
SC;4207700;IPUMIRIM; 9.595.428,44 ; -   ; -   ; 768.738,55 ; 768.738,55 ; 10.364.166,99 ;;;;
SC;4207759;IRACEMINHA; 3.332.994,74 ; -   ; -   ; 117.963,43 ; 117.963,43 ; 3.450.958,17 ;;;;
SC;4207809;IRANI; 13.106.253,10 ; -   ; -   ; -   ; -   ; 13.106.253,10 ;;;;
SC;4207858;IRATI; 2.377.575,48 ; -   ; -   ; 183.863,92 ; 183.863,92 ; 2.561.439,40 ;;;;
SC;4207908;IRINEOPOLIS; 20.384.852,83 ; -   ; 1.311.421,82 ; -   ; 1.311.421,82 ; 21.696.274,65 ;;;;
SC;4208005;ITA; 11.407.123,61 ; -   ; -   ; -   ; -   ; 11.407.123,61 ;;;;
SC;4208104;ITAIOPOLIS; 22.821.130,94 ; -   ; -   ; -   ; -   ; 22.821.130,94 ;;;;
SC;4208203;ITAJAI; 337.254.694,40 ; -   ; -   ; -   ; -   ; 337.254.694,40 ;;;;
SC;4208302;ITAPEMA; 117.249.894,42 ; -   ; -   ; -   ; -   ; 117.249.894,42 ;;;;
SC;4208401;ITAPIRANGA; 21.447.941,87 ; -   ; -   ; 1.608.812,14 ; 1.608.812,14 ; 23.056.754,01 ;;;;
SC;4208450;ITAPOA; 53.417.666,47 ; -   ; -   ; 4.387.234,09 ; 4.387.234,09 ; 57.804.900,56 ;;;;
SC;4208500;ITUPORANGA; 23.206.491,97 ; -   ; -   ; -   ; -   ; 23.206.491,97 ;;;;
SC;4208609;JABORA; 5.525.876,39 ; -   ; -   ; -   ; -   ; 5.525.876,39 ;;;;
SC;4208708;JACINTO MACHADO; 14.407.449,29 ; -   ; -   ; -   ; -   ; 14.407.449,29 ;;;;
SC;4208807;JAGUARUNA; 24.893.884,11 ; -   ; -   ; -   ; -   ; 24.893.884,11 ;;;;
SC;4208906;JARAGUA DO SUL; 197.566.306,76 ; -   ; -   ; -   ; -   ; 197.566.306,76 ;;;;
SC;4208955;JARDINOPOLIS; 1.845.138,83 ; -   ; -   ; 153.763,34 ; 153.763,34 ; 1.998.902,17 ;;;;
SC;4209003;JOACABA; 30.703.390,46 ; -   ; -   ; 1.134.028,27 ; 1.134.028,27 ; 31.837.418,73 ;;;;
SC;4209102;JOINVILLE; 635.474.966,38 ; -   ; -   ; -   ; -   ; 635.474.966,38 ;;;;
SC;4209151;JOSE BOITEUX; 8.969.733,06 ; -   ; -   ; 624.632,78 ; 624.632,78 ; 9.594.365,84 ;;;;
SC;4209177;JUPIA; 2.435.332,53 ; -   ; -   ; 99.145,77 ; 99.145,77 ; 2.534.478,30 ;;;;
SC;4209201;LACERDOPOLIS; 2.470.522,06 ; -   ; -   ; 92.809,85 ; 92.809,85 ; 2.563.331,91 ;;;;
SC;4209300;LAGES; 154.708.219,03 ; -   ; -   ; -   ; -   ; 154.708.219,03 ;;;;
SC;4209409;LAGUNA; 22.494.925,77 ; -   ; -   ; -   ; -   ; 22.494.925,77 ;;;;
SC;4209458;LAJEADO GRANDE; 2.221.704,79 ; -   ; -   ; 192.013,62 ; 192.013,62 ; 2.413.718,41 ;;;;
SC;4209508;LAURENTINO; 8.403.533,32 ; -   ; -   ; 672.710,75 ; 672.710,75 ; 9.076.244,07 ;;;;
SC;4209607;LAURO MULLER; 17.031.740,72 ; -   ; -   ; 1.363.967,53 ; 1.363.967,53 ; 18.395.708,25 ;;;;
SC;4209706;LEBON REGIS; 15.742.587,56 ; -   ; -   ; -   ; -   ; 15.742.587,56 ;;;;
SC;4209805;LEOBERTO LEAL; 3.521.482,09 ; -   ; -   ; 293.951,08 ; 293.951,08 ; 3.815.433,17 ;;;;
SC;4209854;LINDOIA DO SUL; 4.391.877,23 ; -   ; -   ; 376.046,78 ; 376.046,78 ; 4.767.924,01 ;;;;
SC;4209904;LONTRAS; 19.244.645,69 ; -   ; 2.474.373,96 ; 1.323.861,24 ; 3.798.235,20 ; 23.042.880,89 ;;;;
SC;4210001;LUIZ ALVES; 16.816.625,10 ; -   ; 430.930,88 ; 1.355.386,71 ; 1.786.317,59 ; 18.602.942,69 ;;;;
SC;4210035;LUZERNA; 9.179.012,07 ; -   ; -   ; 365.443,45 ; 365.443,45 ; 9.544.455,52 ;;;;
SC;4210050;MACIEIRA; 2.407.163,01 ; -   ; -   ; 196.642,02 ; 196.642,02 ; 2.603.805,03 ;;;;
SC;4210100;MAFRA; 54.755.521,51 ; -   ; -   ; -   ; -   ; 54.755.521,51 ;;;;
SC;4210209;MAJOR GERCINO; 3.116.052,34 ; -   ; -   ; -   ; -   ; 3.116.052,34 ;;;;
SC;4210308;MAJOR VIEIRA; 8.945.518,40 ; -   ; -   ; -   ; -   ; 8.945.518,40 ;;;;
SC;4210407;MARACAJA; 14.762.501,75 ; -   ; -   ; -   ; -   ; 14.762.501,75 ;;;;
SC;4210506;MARAVILHA; 29.509.189,62 ; -   ; -   ; 2.449.952,53 ; 2.449.952,53 ; 31.959.142,15 ;;;;
SC;4210555;MAREMA; 2.344.569,87 ; -   ; -   ; 85.544,55 ; 85.544,55 ; 2.430.114,42 ;;;;
SC;4210605;MASSARANDUBA; 21.872.149,93 ; -   ; -   ; -   ; -   ; 21.872.149,93 ;;;;
SC;4210704;MATOS COSTA; 3.467.825,50 ; -   ; -   ; 124.570,13 ; 124.570,13 ; 3.592.395,63 ;;;;
SC;4210803;MELEIRO; 9.986.138,40 ; -   ; -   ; -   ; -   ; 9.986.138,40 ;;;;
SC;4210852;MIRIM DOCE; 4.329.991,88 ; -   ; -   ; -   ; -   ; 4.329.991,88 ;;;;
SC;4210902;MODELO; 4.522.305,73 ; -   ; -   ; 180.395,20 ; 180.395,20 ; 4.702.700,93 ;;;;
SC;4211009;MONDAI; 12.707.111,72 ; -   ; -   ; 506.624,13 ; 506.624,13 ; 13.213.735,85 ;;;;
SC;4211058;MONTE CARLO; 15.400.062,36 ; -   ; 309.794,56 ; -   ; 309.794,56 ; 15.709.856,92 ;;;;
SC;4211108;MONTE CASTELO; 8.995.360,59 ; -   ; -   ; -   ; -   ; 8.995.360,59 ;;;;
SC;4211207;MORRO DA FUMACA; 26.356.129,16 ; -   ; -   ; -   ; -   ; 26.356.129,16 ;;;;
SC;4211256;MORRO GRANDE; 3.427.250,95 ; -   ; -   ; 229.059,49 ; 229.059,49 ; 3.656.310,44 ;;;;
SC;4211306;NAVEGANTES; 181.010.155,63 ; -   ; -   ; -   ; -   ; 181.010.155,63 ;;;;
SC;4211405;NOVA ERECHIM; 5.967.960,14 ; -   ; -   ; 512.973,20 ; 512.973,20 ; 6.480.933,34 ;;;;
SC;4211454;NOVA ITABERABA; 4.548.584,18 ; -   ; -   ; 346.598,82 ; 346.598,82 ; 4.895.183,00 ;;;;
SC;4211504;NOVA TRENTO; 16.658.928,03 ; -   ; -   ; 641.701,78 ; 641.701,78 ; 17.300.629,81 ;;;;
SC;4211603;NOVA VENEZA; 16.974.849,83 ; -   ; -   ; 1.287.756,36 ; 1.287.756,36 ; 18.262.606,19 ;;;;
SC;4211652;NOVO HORIZONTE; 2.142.075,18 ; -   ; -   ; 171.832,78 ; 171.832,78 ; 2.313.907,96 ;;;;
SC;4211702;ORLEANS; 19.253.887,77 ; -   ; -   ; 1.430.462,86 ; 1.430.462,86 ; 20.684.350,63 ;;;;
SC;4211751;OTACILIO COSTA; 23.698.065,84 ; -   ; -   ; 907.676,44 ; 907.676,44 ; 24.605.742,28 ;;;;
SC;4211801;OURO; 7.039.954,19 ; -   ; -   ; -   ; -   ; 7.039.954,19 ;;;;
SC;4211850;OURO VERDE; 2.394.300,10 ; -   ; -   ; -   ; -   ; 2.394.300,10 ;;;;
SC;4211876;PAIAL; 2.472.862,22 ; -   ; -   ; -   ; -   ; 2.472.862,22 ;;;;
SC;4211892;PAINEL; 1.815.486,67 ; -   ; -   ; 63.542,66 ; 63.542,66 ; 1.879.029,33 ;;;;
SC;4211900;PALHOCA; 189.811.818,09 ; -   ; -   ; -   ; -   ; 189.811.818,09 ;;;;
SC;4212007;PALMA SOLA; 9.089.017,16 ; -   ; -   ; -   ; -   ; 9.089.017,16 ;;;;
SC;4212056;PALMEIRA; 3.027.893,31 ; -   ; -   ; -   ; -   ; 3.027.893,31 ;;;;
SC;4212106;PALMITOS; 14.382.283,90 ; -   ; -   ; 531.067,73 ; 531.067,73 ; 14.913.351,63 ;;;;
SC;4212205;PAPANDUVA; 17.305.599,74 ; -   ; -   ; 674.848,22 ; 674.848,22 ; 17.980.447,96 ;;;;
SC;4212239;PARAISO; 4.359.288,24 ; -   ; -   ; 362.676,78 ; 362.676,78 ; 4.721.965,02 ;;;;
SC;4212254;PASSO DE TORRES; 23.481.057,72 ; -   ; -   ; 1.778.691,71 ; 1.778.691,71 ; 25.259.749,43 ;;;;
SC;4212270;PASSOS MAIA; 4.350.136,56 ; -   ; -   ; 292.554,24 ; 292.554,24 ; 4.642.690,80 ;;;;
SC;4212304;PAULO LOPES; 12.455.535,09 ; -   ; -   ; 1.007.560,77 ; 1.007.560,77 ; 13.463.095,86 ;;;;
SC;4212403;PEDRAS GRANDES; 4.090.694,14 ; -   ; -   ; 338.796,49 ; 338.796,49 ; 4.429.490,63 ;;;;
SC;4212502;PENHA; 50.988.989,83 ; -   ; -   ; -   ; -   ; 50.988.989,83 ;;;;
SC;4212601;PERITIBA; 4.663.962,71 ; -   ; 109.426,08 ; 168.553,03 ; 277.979,11 ; 4.941.941,82 ;;;;
SC;4212650;PESCARIA BRAVA; 14.027.447,97 ; -   ; 329.189,57 ; 940.848,63 ; 1.270.038,20 ; 15.297.486,17 ;;;;
SC;4212700;PETROLANDIA; 8.553.224,10 ; -   ; 239.984,75 ; 641.532,07 ; 881.516,82 ; 9.434.740,92 ;;;;
SC;4212908;PINHALZINHO; 24.909.606,56 ; -   ; -   ; -   ; -   ; 24.909.606,56 ;;;;
SC;4213005;PINHEIRO PRETO; 4.369.957,58 ; -   ; -   ; 345.721,07 ; 345.721,07 ; 4.715.678,65 ;;;;
SC;4213104;PIRATUBA; 9.019.341,15 ; -   ; -   ; -   ; -   ; 9.019.341,15 ;;;;
SC;4213153;PLANALTO ALEGRE; 3.859.932,88 ; -   ; -   ; -   ; -   ; 3.859.932,88 ;;;;
SC;4213203;POMERODE; 46.464.275,71 ; -   ; -   ; -   ; -   ; 46.464.275,71 ;;;;
SC;4213302;PONTE ALTA; 5.128.282,08 ; -   ; -   ; -   ; -   ; 5.128.282,08 ;;;;
SC;4213351;PONTE ALTA DO NORTE; 3.867.374,00 ; -   ; -   ; -   ; -   ; 3.867.374,00 ;;;;
SC;4213401;PONTE SERRADA; 12.465.763,38 ; -   ; -   ; -   ; -   ; 12.465.763,38 ;;;;
SC;4213500;PORTO BELO; 45.984.462,49 ; -   ; -   ; -   ; -   ; 45.984.462,49 ;;;;
SC;4213609;PORTO UNIAO; 23.372.904,98 ; -   ; -   ; 1.691.245,57 ; 1.691.245,57 ; 25.064.150,55 ;;;;
SC;4213708;POUSO REDONDO; 18.346.213,93 ; -   ; -   ; 1.222.314,31 ; 1.222.314,31 ; 19.568.528,24 ;;;;
SC;4213807;PRAIA GRANDE; 10.142.757,00 ; -   ; -   ; -   ; -   ; 10.142.757,00 ;;;;
SC;4213906;PRESIDENTE CASTELLO BRANCO; 2.469.687,63 ; -   ; -   ; 86.813,52 ; 86.813,52 ; 2.556.501,15 ;;;;
SC;4214003;PRESIDENTE GETULIO; 24.813.839,06 ; -   ; 492.765,07 ; -   ; 492.765,07 ; 25.306.604,13 ;;;;
SC;4214102;PRESIDENTE NEREU; 2.880.702,81 ; -   ; -   ; -   ; -   ; 2.880.702,81 ;;;;
SC;4214151;PRINCESA; 3.571.636,01 ; -   ; -   ; 139.233,60 ; 139.233,60 ; 3.710.869,61 ;;;;
SC;4214201;QUILOMBO; 11.209.326,25 ; -   ; -   ; 949.671,22 ; 949.671,22 ; 12.158.997,47 ;;;;
SC;4214300;RANCHO QUEIMADO; 3.852.320,29 ; -   ; -   ; -   ; -   ; 3.852.320,29 ;;;;
SC;4214409;RIO DAS ANTAS; 11.413.649,22 ; -   ; -   ; -   ; -   ; 11.413.649,22 ;;;;
SC;4214508;RIO DO CAMPO; 7.403.283,11 ; -   ; 102.220,40 ; 507.543,06 ; 609.763,46 ; 8.013.046,57 ;;;;
SC;4214607;RIO DO OESTE; 7.923.804,73 ; -   ; -   ; 620.759,50 ; 620.759,50 ; 8.544.564,23 ;;;;
SC;4214805;RIO DO SUL; 69.594.357,63 ; -   ; -   ; -   ; -   ; 69.594.357,63 ;;;;
SC;4214706;RIO DOS CEDROS; 15.806.521,16 ; -   ; -   ; -   ; -   ; 15.806.521,16 ;;;;
SC;4214904;RIO FORTUNA; 5.524.718,75 ; -   ; -   ; -   ; -   ; 5.524.718,75 ;;;;
SC;4215000;RIO NEGRINHO; 56.026.532,47 ; -   ; -   ; -   ; -   ; 56.026.532,47 ;;;;
SC;4215059;RIO RUFINO; 2.997.963,29 ; -   ; -   ; 106.181,09 ; 106.181,09 ; 3.104.144,38 ;;;;
SC;4215075;RIQUEZA; 5.149.615,52 ; -   ; -   ; 442.699,64 ; 442.699,64 ; 5.592.315,16 ;;;;
SC;4215109;RODEIO; 14.232.218,81 ; -   ; -   ; 1.113.704,64 ; 1.113.704,64 ; 15.345.923,45 ;;;;
SC;4215208;ROMELANDIA; 3.549.122,06 ; -   ; -   ; 270.484,72 ; 270.484,72 ; 3.819.606,78 ;;;;
SC;4215307;SALETE; 9.398.873,06 ; -   ; -   ; -   ; -   ; 9.398.873,06 ;;;;
SC;4215356;SALTINHO; 4.358.674,56 ; -   ; -   ; -   ; -   ; 4.358.674,56 ;;;;
SC;4215406;SALTO VELOSO; 7.850.395,31 ; -   ; -   ; 656.072,91 ; 656.072,91 ; 8.506.468,22 ;;;;
SC;4215455;SANGAO; 10.126.685,11 ; -   ; -   ; 730.676,07 ; 730.676,07 ; 10.857.361,18 ;;;;
SC;4215505;SANTA CECILIA; 18.735.719,63 ; -   ; -   ; 1.445.572,17 ; 1.445.572,17 ; 20.181.291,80 ;;;;
SC;4215554;SANTA HELENA; 2.531.607,27 ; -   ; -   ; 210.394,56 ; 210.394,56 ; 2.742.001,83 ;;;;
SC;4215604;SANTA ROSA DE LIMA; 4.083.791,84 ; -   ; -   ; -   ; -   ; 4.083.791,84 ;;;;
SC;4215653;SANTA ROSA DO SUL; 14.322.286,48 ; -   ; 1.245.977,73 ; 1.112.335,93 ; 2.358.313,66 ; 16.680.600,14 ;;;;
SC;4215679;SANTA TEREZINHA; 9.018.760,47 ; -   ; 432.721,46 ; -   ; 432.721,46 ; 9.451.481,93 ;;;;
SC;4215687;SANTA TEREZINHA DO PROGRESSO; 3.106.770,25 ; -   ; -   ; 109.883,59 ; 109.883,59 ; 3.216.653,84 ;;;;
SC;4215695;SANTIAGO DO SUL; 1.667.867,91 ; -   ; -   ; 131.772,90 ; 131.772,90 ; 1.799.640,81 ;;;;
SC;4215703;SANTO AMARO DA IMPERATRIZ; 36.390.727,26 ; -   ; 2.004.308,32 ; 2.819.753,36 ; 4.824.061,68 ; 41.214.788,94 ;;;;
SC;4215802;SAO BENTO DO SUL; 105.041.636,47 ; -   ; -   ; 7.956.838,16 ; 7.956.838,16 ; 112.998.474,63 ;;;;
SC;4215752;SAO BERNARDINO; 2.941.041,05 ; -   ; -   ; 253.385,45 ; 253.385,45 ; 3.194.426,50 ;;;;
SC;4215901;SAO BONIFACIO; 2.005.534,70 ; -   ; -   ; -   ; -   ; 2.005.534,70 ;;;;
SC;4216008;SAO CARLOS; 9.307.202,08 ; -   ; -   ; 347.214,17 ; 347.214,17 ; 9.654.416,25 ;;;;
SC;4216057;SAO CRISTOVAO DO SUL; 6.210.647,50 ; -   ; -   ; 486.534,98 ; 486.534,98 ; 6.697.182,48 ;;;;
SC;4216107;SAO DOMINGOS; 8.122.220,52 ; -   ; -   ; 669.553,05 ; 669.553,05 ; 8.791.773,57 ;;;;
SC;4216206;SAO FRANCISCO DO SUL; 66.212.267,14 ; -   ; -   ; -   ; -   ; 66.212.267,14 ;;;;
SC;4216305;SAO JOAO BATISTA; 40.707.591,10 ; -   ; -   ; -   ; -   ; 40.707.591,10 ;;;;
SC;4216354;SAO JOAO DO ITAPERIU; 7.736.507,78 ; -   ; 435.772,72 ; 555.024,70 ; 990.797,42 ; 8.727.305,20 ;;;;
SC;4216255;SAO JOAO DO OESTE; 6.454.697,96 ; -   ; -   ; 531.858,70 ; 531.858,70 ; 6.986.556,66 ;;;;
SC;4216404;SAO JOAO DO SUL; 16.172.478,86 ; -   ; 3.711.224,18 ; 1.083.421,59 ; 4.794.645,77 ; 20.967.124,63 ;;;;
SC;4216503;SAO JOAQUIM; 25.931.915,18 ; -   ; -   ; 1.832.996,39 ; 1.832.996,39 ; 27.764.911,57 ;;;;
SC;4216602;SAO JOSE; 221.038.848,57 ; -   ; -   ; -   ; -   ; 221.038.848,57 ;;;;
SC;4216701;SAO JOSE DO CEDRO; 16.876.637,29 ; -   ; -   ; -   ; -   ; 16.876.637,29 ;;;;
SC;4216800;SAO JOSE DO CERRITO; 6.373.262,38 ; -   ; -   ; 239.985,45 ; 239.985,45 ; 6.613.247,83 ;;;;
SC;4216909;SAO LOURENCO DO OESTE; 38.092.417,54 ; -   ; -   ; -   ; -   ; 38.092.417,54 ;;;;
SC;4217006;SAO LUDGERO; 17.723.334,83 ; -   ; 93.679,19 ; -   ; 93.679,19 ; 17.817.014,02 ;;;;
SC;4217105;SAO MARTINHO; 3.463.763,39 ; -   ; -   ; 133.148,84 ; 133.148,84 ; 3.596.912,23 ;;;;
SC;4217154;SAO MIGUEL DA BOA VISTA; 2.380.205,39 ; -   ; -   ; 160.496,23 ; 160.496,23 ; 2.540.701,62 ;;;;
SC;4217204;SAO MIGUEL DO OESTE; 44.455.652,06 ; -   ; -   ; -   ; -   ; 44.455.652,06 ;;;;
SC;4217253;SAO PEDRO DE ALCANTARA; 6.240.494,98 ; -   ; -   ; -   ; -   ; 6.240.494,98 ;;;;
SC;4217303;SAUDADES; 10.960.071,74 ; -   ; -   ; 932.147,72 ; 932.147,72 ; 11.892.219,46 ;;;;
SC;4217402;SCHROEDER; 26.439.594,98 ; -   ; -   ; -   ; -   ; 26.439.594,98 ;;;;
SC;4217501;SEARA; 22.124.125,30 ; -   ; 1.836.118,95 ; -   ; 1.836.118,95 ; 23.960.244,25 ;;;;
SC;4217550;SERRA ALTA; 3.948.698,49 ; -   ; -   ; 156.772,02 ; 156.772,02 ; 4.105.470,51 ;;;;
SC;4217600;SIDEROPOLIS; 13.791.403,91 ; -   ; -   ; -   ; -   ; 13.791.403,91 ;;;;
SC;4217709;SOMBRIO; 41.434.143,80 ; -   ; 381.641,85 ; -   ; 381.641,85 ; 41.815.785,65 ;;;;
SC;4217758;SUL BRASIL; 3.218.260,08 ; -   ; -   ; -   ; -   ; 3.218.260,08 ;;;;
SC;4217808;TAIO; 25.632.182,64 ; -   ; 749.081,40 ; -   ; 749.081,40 ; 26.381.264,04 ;;;;
SC;4217907;TANGARA; 9.899.554,09 ; -   ; -   ; 718.165,87 ; 718.165,87 ; 10.617.719,96 ;;;;
SC;4217956;TIGRINHOS; 3.403.557,83 ; -   ; -   ; 120.103,34 ; 120.103,34 ; 3.523.661,17 ;;;;
SC;4218004;TIJUCAS; 65.862.333,05 ; -   ; -   ; -   ; -   ; 65.862.333,05 ;;;;
SC;4218103;TIMBE DO SUL; 5.639.242,51 ; -   ; -   ; 455.333,59 ; 455.333,59 ; 6.094.576,10 ;;;;
SC;4218202;TIMBO; 42.781.051,25 ; -   ; -   ; -   ; -   ; 42.781.051,25 ;;;;
SC;4218251;TIMBO GRANDE; 13.308.708,38 ; -   ; 1.188.771,60 ; 987.827,09 ; 2.176.598,69 ; 15.485.307,07 ;;;;
SC;4218301;TRES BARRAS; 29.335.158,78 ; -   ; -   ; 2.170.544,98 ; 2.170.544,98 ; 31.505.703,76 ;;;;
SC;4218350;TREVISO; 3.279.028,70 ; -   ; -   ; 287.918,23 ; 287.918,23 ; 3.566.946,93 ;;;;
SC;4218400;TREZE DE MAIO; 9.120.126,72 ; -   ; -   ; 701.896,60 ; 701.896,60 ; 9.822.023,32 ;;;;
SC;4218509;TREZE TILIAS; 15.120.366,24 ; -   ; -   ; -   ; -   ; 15.120.366,24 ;;;;
SC;4218608;TROMBUDO CENTRAL; 9.001.957,61 ; -   ; -   ; -   ; -   ; 9.001.957,61 ;;;;
SC;4218707;TUBARAO; 69.274.339,14 ; -   ; -   ; 4.872.025,68 ; 4.872.025,68 ; 74.146.364,82 ;;;;
SC;4218756;TUNAPOLIS; 4.584.218,20 ; -   ; -   ; 410.076,74 ; 410.076,74 ; 4.994.294,94 ;;;;
SC;4218806;TURVO; 12.740.445,13 ; -   ; -   ; -   ; -   ; 12.740.445,13 ;;;;
SC;4218855;UNIAO DO OESTE; 2.914.454,72 ; -   ; -   ; 112.747,01 ; 112.747,01 ; 3.027.201,73 ;;;;
SC;4218905;URUBICI; 14.423.502,02 ; -   ; -   ; 1.028.899,17 ; 1.028.899,17 ; 15.452.401,19 ;;;;
SC;4218954;URUPEMA; 2.790.629,84 ; -   ; -   ; 94.314,33 ; 94.314,33 ; 2.884.944,17 ;;;;
SC;4219002;URUSSANGA; 16.826.722,24 ; -   ; -   ; -   ; -   ; 16.826.722,24 ;;;;
SC;4219101;VARGEAO; 5.169.103,68 ; -   ; -   ; -   ; -   ; 5.169.103,68 ;;;;
SC;4219150;VARGEM; 2.798.665,93 ; -   ; -   ; -   ; -   ; 2.798.665,93 ;;;;
SC;4219176;VARGEM BONITA; 4.423.148,87 ; -   ; -   ; 184.378,12 ; 184.378,12 ; 4.607.526,99 ;;;;
SC;4219200;VIDAL RAMOS; 6.950.575,55 ; -   ; -   ; -   ; -   ; 6.950.575,55 ;;;;
SC;4219309;VIDEIRA; 67.534.827,76 ; -   ; -   ; 5.195.780,66 ; 5.195.780,66 ; 72.730.608,42 ;;;;
SC;4219358;VITOR MEIRELES; 6.081.727,99 ; -   ; -   ; 480.054,98 ; 480.054,98 ; 6.561.782,97 ;;;;
SC;4219408;WITMARSUM; 5.821.804,82 ; -   ; 406.068,67 ; 426.307,59 ; 832.376,26 ; 6.654.181,08 ;;;;
SC;4219507;XANXERE; 37.616.455,05 ; -   ; -   ; 3.214.610,24 ; 3.214.610,24 ; 40.831.065,29 ;;;;
SC;4219606;XAVANTINA; 2.785.257,34 ; -   ; -   ; -   ; -   ; 2.785.257,34 ;;;;
SC;4219705;XAXIM; 44.316.634,93 ; -   ; -   ; -   ; -   ; 44.316.634,93 ;;;;
SC;4219853;ZORTEA; 7.923.129,10 ; -   ; -   ; -   ; -   ; 7.923.129,10 ;;;;
SC;42;GOVERNO DO ESTADO; 4.925.590.029,20 ; -   ; -   ; -   ; -   ; 4.925.590.029,20 ;;;;
SE;2800100;AMPARO DE SAO FRANCISCO; 7.075.177,10 ; -   ; 2.006.917,74 ; -   ; 2.006.917,74 ; 9.082.094,84 ;;;;
SE;2800209;AQUIDABA; 34.828.181,26 ; -   ; 5.368.940,39 ; 2.265.981,98 ; 7.634.922,37 ; 42.463.103,63 ;;;;
SE;2800308;ARACAJU; 283.818.416,17 ; -   ; -   ; 23.053.824,07 ; 23.053.824,07 ; 306.872.240,24 ;;;;
SE;2800407;ARAUA; 21.091.392,31 ; -   ; 4.790.233,80 ; 1.401.475,52 ; 6.191.709,32 ; 27.283.101,63 ;;;;
SE;2800506;AREIA BRANCA; 32.232.181,76 ; -   ; 2.029.449,77 ; -   ; 2.029.449,77 ; 34.261.631,53 ;;;;
SE;2800605;BARRA DOS COQUEIROS; 38.306.884,45 ; -   ; -   ; 2.921.850,06 ; 2.921.850,06 ; 41.228.734,51 ;;;;
SE;2800670;BOQUIM; 28.790.364,84 ; -   ; 1.515.730,71 ; 940.960,01 ; 2.456.690,72 ; 31.247.055,56 ;;;;
SE;2800704;BREJO GRANDE; 17.662.873,87 ; -   ; 5.146.411,27 ; 412.683,79 ; 5.559.095,06 ; 23.221.968,93 ;;;;
SE;2801009;CAMPO DO BRITO; 18.873.657,81 ; -   ; 1.641.752,56 ; 1.290.943,05 ; 2.932.695,61 ; 21.806.353,42 ;;;;
SE;2801108;CANHOBA; 10.251.167,89 ; -   ; 3.546.905,98 ; 540.023,94 ; 4.086.929,92 ; 14.338.097,81 ;;;;
SE;2801207;CANINDE DE SAO FRANCISCO; 67.594.195,19 ; -   ; 17.954.366,06 ; 4.559.420,00 ; 22.513.786,06 ; 90.107.981,25 ;;;;
SE;2801306;CAPELA; 63.921.260,88 ; -   ; 18.666.915,01 ; 3.607.010,79 ; 22.273.925,80 ; 86.195.186,68 ;;;;
SE;2801405;CARIRA; 40.615.798,59 ; -   ; 14.930.938,95 ; 2.424.587,19 ; 17.355.526,14 ; 57.971.324,73 ;;;;
SE;2801504;CARMOPOLIS; 19.126.577,84 ; -   ; -   ; 1.347.007,13 ; 1.347.007,13 ; 20.473.584,97 ;;;;
SE;2801603;CEDRO DE SAO JOAO; 8.019.773,56 ; -   ; -   ; 496.983,32 ; 496.983,32 ; 8.516.756,88 ;;;;
SE;2801702;CRISTINAPOLIS; 32.738.638,93 ; -   ; 3.597.421,48 ; 1.232.169,22 ; 4.829.590,70 ; 37.568.229,63 ;;;;
SE;2801900;CUMBE; 3.809.446,76 ; -   ; -   ; 272.585,15 ; 272.585,15 ; 4.082.031,91 ;;;;
SE;2802007;DIVINA PASTORA; 12.731.901,59 ; -   ; 1.107.628,45 ; 698.064,05 ; 1.805.692,50 ; 14.537.594,09 ;;;;
SE;2802106;ESTANCIA; 76.520.047,40 ; -   ; 519.457,08 ; -   ; 519.457,08 ; 77.039.504,48 ;;;;
SE;2802205;FEIRA NOVA; 6.775.682,75 ; -   ; -   ; 527.105,29 ; 527.105,29 ; 7.302.788,04 ;;;;
SE;2802304;FREI PAULO; 23.712.207,49 ; -   ; 8.232.808,90 ; 1.310.145,79 ; 9.542.954,69 ; 33.255.162,18 ;;;;
SE;2802403;GARARU; 20.891.286,94 ; -   ; 8.368.118,26 ; -   ; 8.368.118,26 ; 29.259.405,20 ;;;;
SE;2802502;GENERAL MAYNARD; 5.243.748,03 ; -   ; -   ; 347.551,67 ; 347.551,67 ; 5.591.299,70 ;;;;
SE;2802601;GRACHO CARDOSO; 11.866.674,20 ; -   ; 7.105.068,22 ; -   ; 7.105.068,22 ; 18.971.742,42 ;;;;
SE;2802700;ILHA DAS FLORES; 24.712.201,26 ; -   ; 7.032.522,95 ; 1.486.255,90 ; 8.518.778,85 ; 33.230.980,11 ;;;;
SE;2802809;INDIAROBA; 42.737.176,11 ; -   ; 21.000.339,88 ; 2.723.918,54 ; 23.724.258,42 ; 66.461.434,53 ;;;;
SE;2802908;ITABAIANA; 94.948.959,39 ; -   ; 14.979.203,39 ; -   ; 14.979.203,39 ; 109.928.162,78 ;;;;
SE;2803005;ITABAIANINHA; 67.197.099,75 ; -   ; 11.580.133,42 ; -   ; 11.580.133,42 ; 78.777.233,17 ;;;;
SE;2803104;ITABI; 6.420.763,53 ; -   ; 51.657,89 ; 417.309,19 ; 468.967,08 ; 6.889.730,61 ;;;;
SE;2803203;ITAPORANGA DAJUDA; 60.612.553,60 ; -   ; 11.615.210,47 ; 3.605.729,09 ; 15.220.939,56 ; 75.833.493,16 ;;;;
SE;2803302;JAPARATUBA; 33.266.914,08 ; -   ; 4.532.043,63 ; -   ; 4.532.043,63 ; 37.798.957,71 ;;;;
SE;2803401;JAPOATA; 23.149.610,56 ; -   ; 374.501,61 ; 1.658.058,50 ; 2.032.560,11 ; 25.182.170,67 ;;;;
SE;2803500;LAGARTO; 116.726.376,44 ; -   ; 11.146.744,27 ; -   ; 11.146.744,27 ; 127.873.120,71 ;;;;
SE;2803609;LARANJEIRAS; 80.259.919,30 ; -   ; 41.593.527,95 ; 5.074.978,76 ; 46.668.506,71 ; 126.928.426,01 ;;;;
SE;2803708;MACAMBIRA; 10.174.455,13 ; -   ; 1.538.315,98 ; -   ; 1.538.315,98 ; 11.712.771,11 ;;;;
SE;2803807;MALHADA DOS BOIS; 10.653.708,43 ; -   ; 4.126.979,14 ; 317.120,28 ; 4.444.099,42 ; 15.097.807,85 ;;;;
SE;2803906;MALHADOR; 18.905.464,04 ; -   ; 4.551.239,84 ; 1.198.950,19 ; 5.750.190,03 ; 24.655.654,07 ;;;;
SE;2804003;MARUIM; 23.956.728,51 ; -   ; 1.019.758,16 ; -   ; 1.019.758,16 ; 24.976.486,67 ;;;;
SE;2804102;MOITA BONITA; 16.671.730,78 ; -   ; 3.788.408,02 ; -   ; 3.788.408,02 ; 20.460.138,80 ;;;;
SE;2804201;MONTE ALEGRE DE SERGIPE; 23.961.612,05 ; -   ; 7.431.312,23 ; 1.395.902,80 ; 8.827.215,03 ; 32.788.827,08 ;;;;
SE;2804300;MURIBECA; 12.088.423,90 ; -   ; 3.321.037,46 ; 766.831,49 ; 4.087.868,95 ; 16.176.292,85 ;;;;
SE;2804409;NEOPOLIS; 21.201.658,60 ; -   ; 1.282.888,97 ; 1.490.017,86 ; 2.772.906,83 ; 23.974.565,43 ;;;;
SE;2804458;NOSSA SENHORA APARECIDA; 9.824.189,77 ; -   ; 1.366.975,38 ; 675.161,57 ; 2.042.136,95 ; 11.866.326,72 ;;;;
SE;2804508;NOSSA SENHORA DA GLORIA; 68.536.425,50 ; -   ; 20.659.928,08 ; 4.248.372,03 ; 24.908.300,11 ; 93.444.725,61 ;;;;
SE;2804607;NOSSA SENHORA DAS DORES; 37.787.084,28 ; -   ; 5.251.361,54 ; 2.286.604,64 ; 7.537.966,18 ; 45.325.050,46 ;;;;
SE;2804706;NOSSA SENHORA DE LOURDES; 9.025.672,86 ; -   ; 2.943.294,31 ; 627.411,13 ; 3.570.705,44 ; 12.596.378,30 ;;;;
SE;2804805;NOSSA SENHORA DO SOCORRO; 161.636.197,24 ; -   ; 9.661.410,45 ; -   ; 9.661.410,45 ; 171.297.607,69 ;;;;
SE;2804904;PACATUBA; 26.481.158,23 ; -   ; 3.736.206,21 ; 1.772.806,35 ; 5.509.012,56 ; 31.990.170,79 ;;;;
SE;2805000;PEDRA MOLE; 6.927.930,23 ; -   ; 1.252.034,29 ; 416.922,79 ; 1.668.957,08 ; 8.596.887,31 ;;;;
SE;2805109;PEDRINHAS; 15.267.935,03 ; -   ; 371.876,25 ; -   ; 371.876,25 ; 15.639.811,28 ;;;;
SE;2805208;PINHAO; 7.456.169,13 ; -   ; -   ; 275.308,42 ; 275.308,42 ; 7.731.477,55 ;;;;
SE;2805307;PIRAMBU; 15.179.058,69 ; -   ; 5.065,36 ; -   ; 5.065,36 ; 15.184.124,05 ;;;;
SE;2805406;POCO REDONDO; 49.071.355,92 ; -   ; 7.852.398,29 ; -   ; 7.852.398,29 ; 56.923.754,21 ;;;;
SE;2805505;POCO VERDE; 23.127.295,21 ; -   ; 3.566.878,35 ; 1.577.675,74 ; 5.144.554,09 ; 28.271.849,30 ;;;;
SE;2805604;PORTO DA FOLHA; 44.483.691,41 ; -   ; 18.098.218,44 ; 2.550.862,00 ; 20.649.080,44 ; 65.132.771,85 ;;;;
SE;2805703;PROPRIA; 19.529.904,15 ; -   ; 2.174.438,52 ; 1.190.510,27 ; 3.364.948,79 ; 22.894.852,94 ;;;;
SE;2805802;RIACHAO DO DANTAS; 33.313.730,60 ; -   ; 6.428.485,45 ; 2.006.775,64 ; 8.435.261,09 ; 41.748.991,69 ;;;;
SE;2805901;RIACHUELO; 17.957.012,14 ; -   ; 3.710.360,45 ; -   ; 3.710.360,45 ; 21.667.372,59 ;;;;
SE;2806008;RIBEIROPOLIS; 15.040.543,57 ; -   ; -   ; -   ; -   ; 15.040.543,57 ;;;;
SE;2806107;ROSARIO DO CATETE; 15.870.625,88 ; -   ; -   ; 1.087.218,81 ; 1.087.218,81 ; 16.957.844,69 ;;;;
SE;2806206;SALGADO; 23.127.987,31 ; -   ; 3.487.205,79 ; 1.566.660,60 ; 5.053.866,39 ; 28.181.853,70 ;;;;
SE;2806305;SANTA LUZIA DO ITANHY; 36.391.287,58 ; -   ; 8.787.064,46 ; 2.211.446,43 ; 10.998.510,89 ; 47.389.798,47 ;;;;
SE;2806503;SANTA ROSA DE LIMA; 7.600.256,60 ; -   ; -   ; 573.345,93 ; 573.345,93 ; 8.173.602,53 ;;;;
SE;2806404;SANTANA DO SAO FRANCISCO; 15.622.881,02 ; -   ; 4.776.341,38 ; 923.166,43 ; 5.699.507,81 ; 21.322.388,83 ;;;;
SE;2806602;SANTO AMARO DAS BROTAS; 14.157.165,75 ; -   ; -   ; 985.011,18 ; 985.011,18 ; 15.142.176,93 ;;;;
SE;2806701;SAO CRISTOVAO; 78.308.382,04 ; -   ; 8.326.311,36 ; 6.350.012,78 ; 14.676.324,14 ; 92.984.706,18 ;;;;
SE;2806800;SAO DOMINGOS; 15.314.174,68 ; -   ; 2.500.635,03 ; -   ; 2.500.635,03 ; 17.814.809,71 ;;;;
SE;2806909;SAO FRANCISCO; 5.913.396,83 ; -   ; -   ; 373.999,75 ; 373.999,75 ; 6.287.396,58 ;;;;
SE;2807006;SAO MIGUEL DO ALEIXO; 4.799.638,47 ; -   ; -   ; 318.796,55 ; 318.796,55 ; 5.118.435,02 ;;;;
SE;2807105;SIMAO DIAS; 43.253.917,60 ; -   ; 6.185.660,15 ; 3.066.003,93 ; 9.251.664,08 ; 52.505.581,68 ;;;;
SE;2807204;SIRIRI; 12.653.960,64 ; -   ; 482.083,61 ; -   ; 482.083,61 ; 13.136.044,25 ;;;;
SE;2807303;TELHA; 5.826.019,34 ; -   ; 317.139,02 ; -   ; 317.139,02 ; 6.143.158,36 ;;;;
SE;2807402;TOBIAS BARRETO; 70.402.375,94 ; -   ; 21.970.960,87 ; 4.523.510,74 ; 26.494.471,61 ; 96.896.847,55 ;;;;
SE;2807501;TOMAR DO GERU; 21.926.432,16 ; -   ; 5.829.700,92 ; -   ; 5.829.700,92 ; 27.756.133,08 ;;;;
SE;2807600;UMBAUBA; 40.764.450,06 ; -   ; 11.062.057,98 ; 2.990.647,52 ; 14.052.705,50 ; 54.817.155,56 ;;;;
SE;28;GOVERNO DO ESTADO; 1.369.304.857,29 ; -   ; -   ; 92.984.942,66 ; 92.984.942,66 ; 1.462.289.799,95 ;;;;
SP;3500105;ADAMANTINA; 23.331.881,05 ; -   ; -   ; -   ; -   ; 23.331.881,05 ;;;;
SP;3500204;ADOLFO; 6.071.414,72 ; -   ; -   ; -   ; -   ; 6.071.414,72 ;;;;
SP;3500303;AGUAI; 30.860.628,70 ; -   ; -   ; -   ; -   ; 30.860.628,70 ;;;;
SP;3500402;AGUAS DA PRATA; 3.648.924,16 ; -   ; -   ; -   ; -   ; 3.648.924,16 ;;;;
SP;3500501;AGUAS DE LINDOIA; 20.309.997,81 ; -   ; -   ; 1.657.528,07 ; 1.657.528,07 ; 21.967.525,88 ;;;;
SP;3500550;AGUAS DE SANTA BARBARA; 6.743.063,87 ; -   ; -   ; -   ; -   ; 6.743.063,87 ;;;;
SP;3500600;AGUAS DE SAO PEDRO; 6.947.997,32 ; -   ; -   ; -   ; -   ; 6.947.997,32 ;;;;
SP;3500709;AGUDOS; 32.705.765,55 ; -   ; -   ; -   ; -   ; 32.705.765,55 ;;;;
SP;3500758;ALAMBARI; 5.274.889,66 ; -   ; -   ; -   ; -   ; 5.274.889,66 ;;;;
SP;3500808;ALFREDO MARCONDES; 1.962.739,67 ; -   ; -   ; -   ; -   ; 1.962.739,67 ;;;;
SP;3500907;ALTAIR; 3.266.949,04 ; -   ; -   ; 279.494,52 ; 279.494,52 ; 3.546.443,56 ;;;;
SP;3501004;ALTINOPOLIS; 19.866.701,88 ; -   ; -   ; 1.490.515,65 ; 1.490.515,65 ; 21.357.217,53 ;;;;
SP;3501103;ALTO ALEGRE; 2.497.988,76 ; -   ; -   ; 256.599,09 ; 256.599,09 ; 2.754.587,85 ;;;;
SP;3501152;ALUMINIO; 22.637.679,40 ; -   ; -   ; -   ; -   ; 22.637.679,40 ;;;;
SP;3501202;ALVARES FLORENCE; 3.815.897,52 ; -   ; -   ; -   ; -   ; 3.815.897,52 ;;;;
SP;3501301;ALVARES MACHADO; 28.490.618,60 ; -   ; 1.822.834,55 ; 2.611.475,97 ; 4.434.310,52 ; 32.924.929,12 ;;;;
SP;3501400;ALVARO DE CARVALHO; 2.976.319,00 ; -   ; -   ; -   ; -   ; 2.976.319,00 ;;;;
SP;3501509;ALVINLANDIA; 3.339.240,77 ; -   ; -   ; 296.544,71 ; 296.544,71 ; 3.635.785,48 ;;;;
SP;3501608;AMERICANA; 115.600.197,09 ; -   ; -   ; -   ; -   ; 115.600.197,09 ;;;;
SP;3501707;AMERICO BRASILIENSE; 39.409.176,85 ; -   ; -   ; -   ; -   ; 39.409.176,85 ;;;;
SP;3501806;AMERICO DE CAMPOS; 7.249.623,02 ; -   ; -   ; 573.301,26 ; 573.301,26 ; 7.822.924,28 ;;;;
SP;3501905;AMPARO; 44.375.923,15 ; -   ; -   ; -   ; -   ; 44.375.923,15 ;;;;
SP;3502002;ANALANDIA; 6.929.259,08 ; -   ; -   ; -   ; -   ; 6.929.259,08 ;;;;
SP;3502101;ANDRADINA; 40.385.166,29 ; -   ; -   ; -   ; -   ; 40.385.166,29 ;;;;
SP;3502200;ANGATUBA; 31.621.035,78 ; -   ; 1.369.693,37 ; -   ; 1.369.693,37 ; 32.990.729,15 ;;;;
SP;3502309;ANHEMBI; 8.619.298,32 ; -   ; -   ; -   ; -   ; 8.619.298,32 ;;;;
SP;3502408;ANHUMAS; 3.835.359,48 ; -   ; -   ; 354.113,00 ; 354.113,00 ; 4.189.472,48 ;;;;
SP;3502507;APARECIDA; 37.461.824,38 ; -   ; -   ; -   ; -   ; 37.461.824,38 ;;;;
SP;3502606;APARECIDA DOESTE; 3.176.555,58 ; -   ; -   ; -   ; -   ; 3.176.555,58 ;;;;
SP;3502705;APIAI; 20.124.763,94 ; -   ; 1.319.472,92 ; 1.694.422,31 ; 3.013.895,23 ; 23.138.659,17 ;;;;
SP;3502754;ARACARIGUAMA; 33.214.572,79 ; -   ; -   ; -   ; -   ; 33.214.572,79 ;;;;
SP;3502804;ARACATUBA; 145.542.647,42 ; -   ; -   ; -   ; -   ; 145.542.647,42 ;;;;
SP;3502903;ARACOIABA DA SERRA; 42.044.860,85 ; -   ; -   ; -   ; -   ; 42.044.860,85 ;;;;
SP;3503000;ARAMINA; 4.438.924,19 ; -   ; -   ; -   ; -   ; 4.438.924,19 ;;;;
SP;3503109;ARANDU; 6.758.524,48 ; -   ; -   ; 305.134,49 ; 305.134,49 ; 7.063.658,97 ;;;;
SP;3503158;ARAPEI; 2.795.342,33 ; -   ; -   ; 253.062,58 ; 253.062,58 ; 3.048.404,91 ;;;;
SP;3503208;ARARAQUARA; 156.921.816,27 ; -   ; -   ; -   ; -   ; 156.921.816,27 ;;;;
SP;3503307;ARARAS; 120.044.957,00 ; -   ; -   ; -   ; -   ; 120.044.957,00 ;;;;
SP;3503356;ARCO-IRIS; 1.772.746,01 ; -   ; -   ; -   ; -   ; 1.772.746,01 ;;;;
SP;3503406;AREALVA; 6.937.822,47 ; -   ; -   ; 613.206,46 ; 613.206,46 ; 7.551.028,93 ;;;;
SP;3503505;AREIAS; 4.326.195,80 ; -   ; -   ; 210.042,88 ; 210.042,88 ; 4.536.238,68 ;;;;
SP;3503604;AREIOPOLIS; 13.880.256,63 ; -   ; 1.539.183,83 ; 1.202.197,23 ; 2.741.381,06 ; 16.621.637,69 ;;;;
SP;3503703;ARIRANHA; 5.792.702,85 ; -   ; -   ; -   ; -   ; 5.792.702,85 ;;;;
SP;3503802;ARTUR NOGUEIRA; 44.114.917,75 ; -   ; -   ; -   ; -   ; 44.114.917,75 ;;;;
SP;3503901;ARUJA; 84.615.671,98 ; -   ; -   ; -   ; -   ; 84.615.671,98 ;;;;
SP;3503950;ASPASIA; 1.021.553,62 ; -   ; -   ; 39.901,80 ; 39.901,80 ; 1.061.455,42 ;;;;
SP;3504008;ASSIS; 82.704.170,14 ; -   ; -   ; -   ; -   ; 82.704.170,14 ;;;;
SP;3504107;ATIBAIA; 144.970.053,71 ; -   ; -   ; -   ; -   ; 144.970.053,71 ;;;;
SP;3504206;AURIFLAMA; 9.436.832,55 ; -   ; -   ; -   ; -   ; 9.436.832,55 ;;;;
SP;3504305;AVAI; 3.823.578,43 ; -   ; -   ; -   ; -   ; 3.823.578,43 ;;;;
SP;3504404;AVANHANDAVA; 10.258.130,71 ; -   ; -   ; 887.454,50 ; 887.454,50 ; 11.145.585,21 ;;;;
SP;3504503;AVARE; 67.759.259,53 ; -   ; -   ; -   ; -   ; 67.759.259,53 ;;;;
SP;3504602;BADY BASSITT; 32.406.604,33 ; -   ; 2.927.063,45 ; -   ; 2.927.063,45 ; 35.333.667,78 ;;;;
SP;3504701;BALBINOS; 1.200.433,59 ; -   ; -   ; -   ; -   ; 1.200.433,59 ;;;;
SP;3504800;BALSAMO; 6.915.512,33 ; -   ; -   ; -   ; -   ; 6.915.512,33 ;;;;
SP;3504909;BANANAL; 10.188.586,01 ; -   ; -   ; -   ; -   ; 10.188.586,01 ;;;;
SP;3505005;BARAO DE ANTONINA; 2.590.712,27 ; -   ; -   ; -   ; -   ; 2.590.712,27 ;;;;
SP;3505104;BARBOSA; 7.616.192,51 ; -   ; 48.876,77 ; -   ; 48.876,77 ; 7.665.069,28 ;;;;
SP;3505203;BARIRI; 29.844.981,22 ; -   ; -   ; 1.376.718,39 ; 1.376.718,39 ; 31.221.699,61 ;;;;
SP;3505302;BARRA BONITA; 19.791.276,02 ; -   ; -   ; 1.964.777,85 ; 1.964.777,85 ; 21.756.053,87 ;;;;
SP;3505351;BARRA DO CHAPEU; 7.242.684,83 ; -   ; 1.641.795,96 ; -   ; 1.641.795,96 ; 8.884.480,79 ;;;;
SP;3505401;BARRA DO TURVO; 5.932.447,90 ; -   ; -   ; 532.056,20 ; 532.056,20 ; 6.464.504,10 ;;;;
SP;3505500;BARRETOS; 120.932.648,56 ; -   ; -   ; 10.181.088,98 ; 10.181.088,98 ; 131.113.737,54 ;;;;
SP;3505609;BARRINHA; 42.698.220,17 ; -   ; 765.143,65 ; -   ; 765.143,65 ; 43.463.363,82 ;;;;
SP;3505708;BARUERI; 507.564.266,81 ; -   ; -   ; -   ; -   ; 507.564.266,81 ;;;;
SP;3505807;BASTOS; 18.130.981,13 ; -   ; -   ; -   ; -   ; 18.130.981,13 ;;;;
SP;3505906;BATATAIS; 41.159.586,09 ; -   ; -   ; 3.702.195,92 ; 3.702.195,92 ; 44.861.782,01 ;;;;
SP;3506003;BAURU; 198.687.118,75 ; -   ; -   ; -   ; -   ; 198.687.118,75 ;;;;
SP;3506102;BEBEDOURO; 56.599.356,67 ; -   ; -   ; -   ; -   ; 56.599.356,67 ;;;;
SP;3506201;BENTO DE ABREU; 2.308.646,67 ; -   ; -   ; -   ; -   ; 2.308.646,67 ;;;;
SP;3506300;BERNARDINO DE CAMPOS; 8.834.725,21 ; -   ; -   ; 394.077,62 ; 394.077,62 ; 9.228.802,83 ;;;;
SP;3506359;BERTIOGA; 82.893.849,56 ; -   ; -   ; -   ; -   ; 82.893.849,56 ;;;;
SP;3506409;BILAC; 6.000.261,32 ; -   ; -   ; -   ; -   ; 6.000.261,32 ;;;;
SP;3506508;BIRIGUI; 88.674.111,24 ; -   ; -   ; -   ; -   ; 88.674.111,24 ;;;;
SP;3506607;BIRITIBA MIRIM; 23.391.786,26 ; -   ; -   ; -   ; -   ; 23.391.786,26 ;;;;
SP;3506706;BOA ESPERANCA DO SUL; 18.448.012,18 ; -   ; -   ; -   ; -   ; 18.448.012,18 ;;;;
SP;3506805;BOCAINA; 7.685.589,63 ; -   ; -   ; -   ; -   ; 7.685.589,63 ;;;;
SP;3506904;BOFETE; 11.570.845,47 ; -   ; -   ; -   ; -   ; 11.570.845,47 ;;;;
SP;3507001;BOITUVA; 76.823.895,56 ; -   ; -   ; -   ; -   ; 76.823.895,56 ;;;;
SP;3507100;BOM JESUS DOS PERDOES; 22.600.426,13 ; -   ; -   ; -   ; -   ; 22.600.426,13 ;;;;
SP;3507159;BOM SUCESSO DE ITARARE; 3.964.682,07 ; -   ; -   ; -   ; -   ; 3.964.682,07 ;;;;
SP;3507209;BORA; 767.786,45 ; -   ; -   ; -   ; -   ; 767.786,45 ;;;;
SP;3507308;BORACEIA; 5.090.976,89 ; -   ; -   ; -   ; -   ; 5.090.976,89 ;;;;
SP;3507407;BORBOREMA; 9.289.392,31 ; -   ; -   ; -   ; -   ; 9.289.392,31 ;;;;
SP;3507456;BOREBI; 6.005.474,46 ; -   ; -   ; -   ; -   ; 6.005.474,46 ;;;;
SP;3507506;BOTUCATU; 139.709.655,49 ; -   ; -   ; -   ; -   ; 139.709.655,49 ;;;;
SP;3507605;BRAGANCA PAULISTA; 134.333.439,86 ; -   ; -   ; -   ; -   ; 134.333.439,86 ;;;;
SP;3507704;BRAUNA; 5.482.811,30 ; -   ; -   ; 468.790,23 ; 468.790,23 ; 5.951.601,53 ;;;;
SP;3507753;BREJO ALEGRE; 2.988.388,44 ; -   ; -   ; -   ; -   ; 2.988.388,44 ;;;;
SP;3507803;BRODOWSKY; 28.245.497,09 ; -   ; -   ; 2.416.710,73 ; 2.416.710,73 ; 30.662.207,82 ;;;;
SP;3507902;BROTAS; 21.963.676,39 ; -   ; -   ; -   ; -   ; 21.963.676,39 ;;;;
SP;3508009;BURI; 33.812.254,63 ; -   ; 3.201.131,67 ; 2.962.869,93 ; 6.164.001,60 ; 39.976.256,23 ;;;;
SP;3508108;BURITAMA; 12.501.074,74 ; -   ; -   ; -   ; -   ; 12.501.074,74 ;;;;
SP;3508207;BURITIZAL; 5.126.456,32 ; -   ; -   ; 226.617,57 ; 226.617,57 ; 5.353.073,89 ;;;;
SP;3508306;CABRALIA PAULISTA; 3.562.604,73 ; -   ; -   ; -   ; -   ; 3.562.604,73 ;;;;
SP;3508405;CABREUVA; 50.485.216,54 ; -   ; -   ; -   ; -   ; 50.485.216,54 ;;;;
SP;3508504;CACAPAVA; 73.692.159,53 ; -   ; -   ; -   ; -   ; 73.692.159,53 ;;;;
SP;3508603;CACHOEIRA PAULISTA; 19.440.981,28 ; -   ; -   ; -   ; -   ; 19.440.981,28 ;;;;
SP;3508702;CACONDE; 11.932.147,95 ; -   ; -   ; -   ; -   ; 11.932.147,95 ;;;;
SP;3508801;CAFELANDIA; 12.829.604,96 ; -   ; -   ; -   ; -   ; 12.829.604,96 ;;;;
SP;3508900;CAIABU; 2.826.946,41 ; -   ; -   ; -   ; -   ; 2.826.946,41 ;;;;
SP;3509007;CAIEIRAS; 71.081.473,35 ; -   ; -   ; -   ; -   ; 71.081.473,35 ;;;;
SP;3509106;CAIUA; 2.795.684,46 ; -   ; -   ; 255.091,55 ; 255.091,55 ; 3.050.776,01 ;;;;
SP;3509205;CAJAMAR; 139.116.568,10 ; -   ; -   ; 12.188.108,87 ; 12.188.108,87 ; 151.304.676,97 ;;;;
SP;3509254;CAJATI; 28.422.945,28 ; -   ; -   ; -   ; -   ; 28.422.945,28 ;;;;
SP;3509304;CAJOBI; 10.895.785,36 ; -   ; 417.299,63 ; -   ; 417.299,63 ; 11.313.084,99 ;;;;
SP;3509403;CAJURU; 21.944.393,65 ; -   ; -   ; -   ; -   ; 21.944.393,65 ;;;;
SP;3509452;CAMPINA DO MONTE ALEGRE; 8.451.623,28 ; -   ; -   ; -   ; -   ; 8.451.623,28 ;;;;
SP;3509502;CAMPINAS; 533.671.302,86 ; -   ; -   ; -   ; -   ; 533.671.302,86 ;;;;
SP;3509601;CAMPO LIMPO PAULISTA; 77.499.935,49 ; -   ; -   ; -   ; -   ; 77.499.935,49 ;;;;
SP;3509700;CAMPOS DO JORDAO; 64.479.794,14 ; -   ; -   ; -   ; -   ; 64.479.794,14 ;;;;
SP;3509809;CAMPOS NOVOS PAULISTA; 4.805.479,22 ; -   ; -   ; -   ; -   ; 4.805.479,22 ;;;;
SP;3509908;CANANEIA; 10.361.374,89 ; -   ; -   ; -   ; -   ; 10.361.374,89 ;;;;
SP;3509957;CANAS; 6.968.606,95 ; -   ; -   ; -   ; -   ; 6.968.606,95 ;;;;
SP;3510005;CANDIDO MOTA; 21.271.814,72 ; -   ; -   ; -   ; -   ; 21.271.814,72 ;;;;
SP;3510104;CANDIDO RODRIGUES; 4.097.881,38 ; -   ; -   ; -   ; -   ; 4.097.881,38 ;;;;
SP;3510153;CANITAR; 8.795.733,87 ; -   ; 505.688,07 ; -   ; 505.688,07 ; 9.301.421,94 ;;;;
SP;3510203;CAPAO BONITO; 57.212.377,91 ; -   ; 1.981.986,40 ; -   ; 1.981.986,40 ; 59.194.364,31 ;;;;
SP;3510302;CAPELA DO ALTO; 30.844.812,55 ; -   ; 3.661.765,10 ; -   ; 3.661.765,10 ; 34.506.577,65 ;;;;
SP;3510401;CAPIVARI; 53.783.947,04 ; -   ; -   ; 2.340.584,84 ; 2.340.584,84 ; 56.124.531,88 ;;;;
SP;3510500;CARAGUATATUBA; 179.262.765,53 ; -   ; -   ; -   ; -   ; 179.262.765,53 ;;;;
SP;3510609;CARAPICUIBA; 160.221.356,45 ; -   ; -   ; -   ; -   ; 160.221.356,45 ;;;;
SP;3510708;CARDOSO; 9.836.198,38 ; -   ; -   ; 895.155,15 ; 895.155,15 ; 10.731.353,53 ;;;;
SP;3510807;CASA BRANCA; 22.951.097,72 ; -   ; -   ; 935.102,40 ; 935.102,40 ; 23.886.200,12 ;;;;
SP;3510906;CASSIA DOS COQUEIROS; 3.494.486,42 ; -   ; -   ; -   ; -   ; 3.494.486,42 ;;;;
SP;3511003;CASTILHO; 18.311.028,94 ; -   ; -   ; 823.656,31 ; 823.656,31 ; 19.134.685,25 ;;;;
SP;3511102;CATANDUVA; 88.950.441,90 ; -   ; -   ; 7.489.409,44 ; 7.489.409,44 ; 96.439.851,34 ;;;;
SP;3511201;CATIGUA; 4.716.420,99 ; -   ; -   ; -   ; -   ; 4.716.420,99 ;;;;
SP;3511300;CEDRAL; 16.187.344,91 ; -   ; -   ; -   ; -   ; 16.187.344,91 ;;;;
SP;3511409;CERQUEIRA CESAR; 17.624.127,60 ; -   ; -   ; -   ; -   ; 17.624.127,60 ;;;;
SP;3511508;CERQUILHO; 47.925.460,86 ; -   ; -   ; -   ; -   ; 47.925.460,86 ;;;;
SP;3511607;CESARIO LANGE; 27.561.628,41 ; -   ; 453.299,31 ; -   ; 453.299,31 ; 28.014.927,72 ;;;;
SP;3511706;CHARQUEADA; 19.895.045,43 ; -   ; 1.419.110,87 ; 1.744.285,96 ; 3.163.396,83 ; 23.058.442,26 ;;;;
SP;3557204;CHAVANTES; 10.634.097,54 ; -   ; -   ; -   ; -   ; 10.634.097,54 ;;;;
SP;3511904;CLEMENTINA; 7.936.454,71 ; -   ; -   ; -   ; -   ; 7.936.454,71 ;;;;
SP;3512001;COLINA; 23.086.658,58 ; -   ; -   ; 968.419,19 ; 968.419,19 ; 24.055.077,77 ;;;;
SP;3512100;COLOMBIA; 12.939.919,91 ; -   ; -   ; 1.096.211,34 ; 1.096.211,34 ; 14.036.131,25 ;;;;
SP;3512209;CONCHAL; 30.295.803,50 ; -   ; -   ; -   ; -   ; 30.295.803,50 ;;;;
SP;3512308;CONCHAS; 18.177.253,83 ; -   ; -   ; -   ; -   ; 18.177.253,83 ;;;;
SP;3512407;CORDEIROPOLIS; 28.034.058,28 ; -   ; -   ; -   ; -   ; 28.034.058,28 ;;;;
SP;3512506;COROADOS; 4.317.124,15 ; -   ; -   ; -   ; -   ; 4.317.124,15 ;;;;
SP;3512605;CORONEL MACEDO; 4.586.169,29 ; -   ; -   ; 328.949,57 ; 328.949,57 ; 4.915.118,86 ;;;;
SP;3512704;CORUMBATAI; 6.432.299,77 ; -   ; -   ; -   ; -   ; 6.432.299,77 ;;;;
SP;3512803;COSMOPOLIS; 64.442.785,33 ; -   ; -   ; -   ; -   ; 64.442.785,33 ;;;;
SP;3512902;COSMORAMA; 9.483.361,82 ; -   ; -   ; -   ; -   ; 9.483.361,82 ;;;;
SP;3513009;COTIA; 240.903.002,46 ; -   ; -   ; -   ; -   ; 240.903.002,46 ;;;;
SP;3513108;CRAVINHOS; 30.226.316,74 ; -   ; -   ; -   ; -   ; 30.226.316,74 ;;;;
SP;3513207;CRISTAIS PAULISTA; 12.591.788,30 ; -   ; -   ; -   ; -   ; 12.591.788,30 ;;;;
SP;3513306;CRUZALIA; 2.257.527,55 ; -   ; -   ; 80.533,57 ; 80.533,57 ; 2.338.061,12 ;;;;
SP;3513405;CRUZEIRO; 55.322.423,22 ; -   ; -   ; -   ; -   ; 55.322.423,22 ;;;;
SP;3513504;CUBATAO; 113.822.894,31 ; -   ; -   ; -   ; -   ; 113.822.894,31 ;;;;
SP;3513603;CUNHA; 14.580.661,30 ; -   ; -   ; -   ; -   ; 14.580.661,30 ;;;;
SP;3513702;DESCALVADO; 32.593.925,29 ; -   ; -   ; -   ; -   ; 32.593.925,29 ;;;;
SP;3513801;DIADEMA; 260.799.457,77 ; -   ; -   ; -   ; -   ; 260.799.457,77 ;;;;
SP;3513850;DIRCE REIS; 1.093.739,20 ; -   ; -   ; -   ; -   ; 1.093.739,20 ;;;;
SP;3513900;DIVINOLANDIA; 11.535.258,57 ; -   ; -   ; -   ; -   ; 11.535.258,57 ;;;;
SP;3514007;DOBRADA; 5.741.429,04 ; -   ; -   ; 212.250,71 ; 212.250,71 ; 5.953.679,75 ;;;;
SP;3514106;DOIS CORREGOS; 25.299.744,82 ; -   ; -   ; -   ; -   ; 25.299.744,82 ;;;;
SP;3514205;DOLCINOPOLIS; 2.386.314,51 ; -   ; -   ; -   ; -   ; 2.386.314,51 ;;;;
SP;3514304;DOURADO; 8.132.122,81 ; -   ; -   ; -   ; -   ; 8.132.122,81 ;;;;
SP;3514403;DRACENA; 32.260.873,02 ; -   ; -   ; 2.915.462,89 ; 2.915.462,89 ; 35.176.335,91 ;;;;
SP;3514502;DUARTINA; 10.207.637,31 ; -   ; -   ; -   ; -   ; 10.207.637,31 ;;;;
SP;3514601;DUMONT; 12.072.977,47 ; -   ; -   ; -   ; -   ; 12.072.977,47 ;;;;
SP;3514700;ECHAPORA; 5.884.177,81 ; -   ; -   ; 269.519,02 ; 269.519,02 ; 6.153.696,83 ;;;;
SP;3514809;ELDORADO; 14.360.777,94 ; -   ; 36.967,91 ; -   ; 36.967,91 ; 14.397.745,85 ;;;;
SP;3514908;ELIAS FAUSTO; 23.464.991,18 ; -   ; -   ; 2.137.134,15 ; 2.137.134,15 ; 25.602.125,33 ;;;;
SP;3514924;ELISIARIO; 3.385.725,84 ; -   ; -   ; -   ; -   ; 3.385.725,84 ;;;;
SP;3514957;EMBAUBA; 2.104.746,31 ; -   ; -   ; 176.185,06 ; 176.185,06 ; 2.280.931,37 ;;;;
SP;3515004;EMBU; 195.111.569,12 ; -   ; -   ; -   ; -   ; 195.111.569,12 ;;;;
SP;3515103;EMBU-GUACU; 40.477.160,23 ; -   ; -   ; -   ; -   ; 40.477.160,23 ;;;;
SP;3515129;EMILIANOPOLIS; 4.726.776,64 ; -   ; -   ; 342.750,48 ; 342.750,48 ; 5.069.527,12 ;;;;
SP;3515152;ENGENHEIRO COELHO; 18.555.712,70 ; -   ; -   ; -   ; -   ; 18.555.712,70 ;;;;
SP;3515186;ESPIRITO SANTO DO PINHAL; 19.567.547,97 ; -   ; -   ; 827.550,72 ; 827.550,72 ; 20.395.098,69 ;;;;
SP;3515194;ESPIRITO SANTO DO TURVO; 5.738.791,06 ; -   ; -   ; 450.890,62 ; 450.890,62 ; 6.189.681,68 ;;;;
SP;3557303;ESTIVA GERBI; 16.153.961,13 ; -   ; -   ; -   ; -   ; 16.153.961,13 ;;;;
SP;3515301;ESTRELA DO NORTE; 2.424.540,17 ; -   ; -   ; 231.519,89 ; 231.519,89 ; 2.656.060,06 ;;;;
SP;3515202;ESTRELA DOESTE; 7.294.344,17 ; -   ; -   ; -   ; -   ; 7.294.344,17 ;;;;
SP;3515350;EUCLIDES DA CUNHA PAULISTA; 6.353.818,97 ; -   ; -   ; 268.961,17 ; 268.961,17 ; 6.622.780,14 ;;;;
SP;3515400;FARTURA; 16.459.509,39 ; -   ; -   ; -   ; -   ; 16.459.509,39 ;;;;
SP;3515608;FERNANDO PRESTES; 8.467.565,64 ; -   ; -   ; 628.185,15 ; 628.185,15 ; 9.095.750,79 ;;;;
SP;3515509;FERNANDOPOLIS; 54.174.944,15 ; -   ; -   ; -   ; -   ; 54.174.944,15 ;;;;
SP;3515657;FERNAO; 1.831.623,32 ; -   ; -   ; 148.149,19 ; 148.149,19 ; 1.979.772,51 ;;;;
SP;3515707;FERRAZ DE VASCONCELOS; 155.242.859,68 ; -   ; 14.068.380,53 ; -   ; 14.068.380,53 ; 169.311.240,21 ;;;;
SP;3515806;FLORA RICA; 1.540.115,46 ; -   ; -   ; -   ; -   ; 1.540.115,46 ;;;;
SP;3515905;FLOREAL; 2.244.470,52 ; -   ; -   ; 79.665,31 ; 79.665,31 ; 2.324.135,83 ;;;;
SP;3516002;FLORIDA PAULISTA; 7.966.549,07 ; -   ; -   ; -   ; -   ; 7.966.549,07 ;;;;
SP;3516101;FLORINIA; 1.552.479,55 ; -   ; -   ; 61.205,52 ; 61.205,52 ; 1.613.685,07 ;;;;
SP;3516200;FRANCA; 232.807.881,75 ; -   ; -   ; -   ; -   ; 232.807.881,75 ;;;;
SP;3516309;FRANCISCO MORATO; 177.179.927,96 ; -   ; 24.816.375,94 ; -   ; 24.816.375,94 ; 201.996.303,90 ;;;;
SP;3516408;FRANCO DA ROCHA; 138.023.606,74 ; -   ; -   ; -   ; -   ; 138.023.606,74 ;;;;
SP;3516507;GABRIEL MONTEIRO; 2.830.015,70 ; -   ; -   ; -   ; -   ; 2.830.015,70 ;;;;
SP;3516606;GALIA; 4.531.823,57 ; -   ; -   ; -   ; -   ; 4.531.823,57 ;;;;
SP;3516705;GARCA; 32.538.615,20 ; -   ; -   ; 2.664.772,21 ; 2.664.772,21 ; 35.203.387,41 ;;;;
SP;3516804;GASTAO VIDIGAL; 1.801.604,92 ; -   ; -   ; 75.190,24 ; 75.190,24 ; 1.876.795,16 ;;;;
SP;3516853;GAVIAO PEIXOTO; 9.127.892,87 ; -   ; -   ; 359.773,50 ; 359.773,50 ; 9.487.666,37 ;;;;
SP;3516903;GENERAL SALGADO; 10.433.946,72 ; -   ; -   ; -   ; -   ; 10.433.946,72 ;;;;
SP;3517000;GETULINA; 5.437.142,75 ; -   ; -   ; -   ; -   ; 5.437.142,75 ;;;;
SP;3517109;GLICERIO; 4.257.649,07 ; -   ; -   ; -   ; -   ; 4.257.649,07 ;;;;
SP;3517208;GUAICARA; 10.782.024,20 ; -   ; 892.243,88 ; -   ; 892.243,88 ; 11.674.268,08 ;;;;
SP;3517307;GUAIMBE; 5.661.901,13 ; -   ; -   ; 435.005,57 ; 435.005,57 ; 6.096.906,70 ;;;;
SP;3517406;GUAIRA; 27.705.913,01 ; -   ; -   ; -   ; -   ; 27.705.913,01 ;;;;
SP;3517505;GUAPIACU; 24.855.266,24 ; -   ; -   ; -   ; -   ; 24.855.266,24 ;;;;
SP;3517604;GUAPIARA; 18.138.705,25 ; -   ; 1.303.486,21 ; -   ; 1.303.486,21 ; 19.442.191,46 ;;;;
SP;3517703;GUARA; 22.906.920,14 ; -   ; -   ; -   ; -   ; 22.906.920,14 ;;;;
SP;3517802;GUARACAI; 4.306.063,13 ; -   ; -   ; 421.935,77 ; 421.935,77 ; 4.727.998,90 ;;;;
SP;3517901;GUARACI; 13.414.383,42 ; -   ; -   ; 1.159.470,32 ; 1.159.470,32 ; 14.573.853,74 ;;;;
SP;3518008;GUARANI DOESTE; 1.974.033,12 ; -   ; -   ; -   ; -   ; 1.974.033,12 ;;;;
SP;3518107;GUARANTA; 4.791.086,83 ; -   ; -   ; 446.792,67 ; 446.792,67 ; 5.237.879,50 ;;;;
SP;3518206;GUARARAPES; 23.587.670,74 ; -   ; -   ; 1.063.123,57 ; 1.063.123,57 ; 24.650.794,31 ;;;;
SP;3518305;GUARAREMA; 34.454.256,19 ; -   ; -   ; 3.040.226,73 ; 3.040.226,73 ; 37.494.482,92 ;;;;
SP;3518404;GUARATINGUETA; 102.143.210,60 ; -   ; -   ; -   ; -   ; 102.143.210,60 ;;;;
SP;3518503;GUAREI; 11.297.275,78 ; -   ; -   ; 1.033.116,89 ; 1.033.116,89 ; 12.330.392,67 ;;;;
SP;3518602;GUARIBA; 45.874.180,49 ; -   ; -   ; 4.066.840,16 ; 4.066.840,16 ; 49.941.020,65 ;;;;
SP;3518701;GUARUJA; 266.840.565,69 ; -   ; -   ; -   ; -   ; 266.840.565,69 ;;;;
SP;3518800;GUARULHOS; 889.282.576,48 ; -   ; -   ; -   ; -   ; 889.282.576,48 ;;;;
SP;3518859;GUATAPARA; 9.049.719,99 ; -   ; -   ; -   ; -   ; 9.049.719,99 ;;;;
SP;3518909;GUZOLANDIA; 3.373.019,23 ; -   ; -   ; -   ; -   ; 3.373.019,23 ;;;;
SP;3519006;HERCULANDIA; 7.516.683,73 ; -   ; -   ; 320.892,27 ; 320.892,27 ; 7.837.576,00 ;;;;
SP;3519055;HOLAMBRA; 22.107.410,90 ; -   ; -   ; -   ; -   ; 22.107.410,90 ;;;;
SP;3519071;HORTOLANDIA; 210.383.494,45 ; -   ; -   ; -   ; -   ; 210.383.494,45 ;;;;
SP;3519105;IACANGA; 12.856.814,92 ; -   ; -   ; 1.153.773,56 ; 1.153.773,56 ; 14.010.588,48 ;;;;
SP;3519204;IACRI; 2.873.341,12 ; -   ; -   ; 121.695,18 ; 121.695,18 ; 2.995.036,30 ;;;;
SP;3519253;IARAS; 8.944.432,52 ; -   ; -   ; -   ; -   ; 8.944.432,52 ;;;;
SP;3519303;IBATE; 33.849.180,38 ; -   ; -   ; -   ; -   ; 33.849.180,38 ;;;;
SP;3519402;IBIRA; 13.716.753,15 ; -   ; -   ; -   ; -   ; 13.716.753,15 ;;;;
SP;3519501;IBIRAREMA; 5.586.035,61 ; -   ; -   ; 504.109,98 ; 504.109,98 ; 6.090.145,59 ;;;;
SP;3519600;IBITINGA; 46.746.820,72 ; -   ; 3.021.344,29 ; -   ; 3.021.344,29 ; 49.768.165,01 ;;;;
SP;3519709;IBIUNA; 71.650.464,53 ; -   ; -   ; -   ; -   ; 71.650.464,53 ;;;;
SP;3519808;ICEM; 7.787.508,90 ; -   ; -   ; 661.298,47 ; 661.298,47 ; 8.448.807,37 ;;;;
SP;3519907;IEPE; 6.055.759,90 ; -   ; -   ; -   ; -   ; 6.055.759,90 ;;;;
SP;3520004;IGARACU DO TIETE; 16.640.250,28 ; -   ; -   ; 1.517.582,17 ; 1.517.582,17 ; 18.157.832,45 ;;;;
SP;3520103;IGARAPAVA; 26.474.235,94 ; -   ; -   ; -   ; -   ; 26.474.235,94 ;;;;
SP;3520202;IGARATA; 15.183.446,78 ; -   ; -   ; 1.246.408,77 ; 1.246.408,77 ; 16.429.855,55 ;;;;
SP;3520301;IGUAPE; 22.535.651,95 ; -   ; -   ; -   ; -   ; 22.535.651,95 ;;;;
SP;3520426;ILHA COMPRIDA; 21.858.187,74 ; -   ; -   ; 1.839.748,56 ; 1.839.748,56 ; 23.697.936,30 ;;;;
SP;3520442;ILHA SOLTEIRA; 19.578.120,59 ; -   ; -   ; -   ; -   ; 19.578.120,59 ;;;;
SP;3520400;ILHABELA; 61.992.604,90 ; -   ; -   ; -   ; -   ; 61.992.604,90 ;;;;
SP;3520509;INDAIATUBA; 223.129.878,41 ; -   ; -   ; -   ; -   ; 223.129.878,41 ;;;;
SP;3520608;INDIANA; 3.776.724,01 ; -   ; -   ; -   ; -   ; 3.776.724,01 ;;;;
SP;3520707;INDIAPORA; 3.562.481,42 ; -   ; -   ; -   ; -   ; 3.562.481,42 ;;;;
SP;3520806;INUBIA PAULISTA; 2.722.836,86 ; -   ; -   ; -   ; -   ; 2.722.836,86 ;;;;
SP;3520905;IPAUSSU; 16.647.646,21 ; -   ; -   ; -   ; -   ; 16.647.646,21 ;;;;
SP;3521002;IPERO; 49.217.089,03 ; -   ; 4.209.272,92 ; -   ; 4.209.272,92 ; 53.426.361,95 ;;;;
SP;3521101;IPEUNA; 7.046.987,26 ; -   ; -   ; -   ; -   ; 7.046.987,26 ;;;;
SP;3521150;IPIGUA; 5.679.598,07 ; -   ; -   ; -   ; -   ; 5.679.598,07 ;;;;
SP;3521200;IPORANGA; 3.609.386,48 ; -   ; -   ; 296.229,67 ; 296.229,67 ; 3.905.616,15 ;;;;
SP;3521309;IPUA; 17.099.231,54 ; -   ; -   ; 1.418.780,24 ; 1.418.780,24 ; 18.518.011,78 ;;;;
SP;3521408;IRACEMAPOLIS; 18.768.037,67 ; -   ; -   ; -   ; -   ; 18.768.037,67 ;;;;
SP;3521507;IRAPUA; 6.870.956,91 ; -   ; -   ; 291.024,67 ; 291.024,67 ; 7.161.981,58 ;;;;
SP;3521606;IRAPURU; 3.843.914,66 ; -   ; -   ; -   ; -   ; 3.843.914,66 ;;;;
SP;3521705;ITABERA; 11.257.973,09 ; -   ; -   ; 399.804,45 ; 399.804,45 ; 11.657.777,54 ;;;;
SP;3521804;ITAI; 22.123.753,26 ; -   ; -   ; -   ; -   ; 22.123.753,26 ;;;;
SP;3521903;ITAJOBI; 20.186.957,83 ; -   ; -   ; -   ; -   ; 20.186.957,83 ;;;;
SP;3522000;ITAJU; 3.860.675,50 ; -   ; -   ; -   ; -   ; 3.860.675,50 ;;;;
SP;3522109;ITANHAEM; 144.457.227,02 ; -   ; -   ; -   ; -   ; 144.457.227,02 ;;;;
SP;3522158;ITAOCA; 3.942.939,25 ; -   ; 77.677,96 ; 127.062,53 ; 204.740,49 ; 4.147.679,74 ;;;;
SP;3522208;ITAPECERICA DA SERRA; 125.329.655,11 ; -   ; -   ; -   ; -   ; 125.329.655,11 ;;;;
SP;3522307;ITAPETININGA; 127.168.161,97 ; -   ; -   ; -   ; -   ; 127.168.161,97 ;;;;
SP;3522406;ITAPEVA; 120.674.056,47 ; -   ; -   ; -   ; -   ; 120.674.056,47 ;;;;
SP;3522505;ITAPEVI; 238.085.175,32 ; -   ; 5.893.180,78 ; -   ; 5.893.180,78 ; 243.978.356,10 ;;;;
SP;3522604;ITAPIRA; 45.904.719,78 ; -   ; -   ; -   ; -   ; 45.904.719,78 ;;;;
SP;3522653;ITAPIRAPUA PAULISTA; 4.406.504,84 ; -   ; -   ; 198.649,48 ; 198.649,48 ; 4.605.154,32 ;;;;
SP;3522703;ITAPOLIS; 28.949.165,20 ; -   ; -   ; 1.244.575,19 ; 1.244.575,19 ; 30.193.740,39 ;;;;
SP;3522802;ITAPORANGA; 11.145.459,89 ; -   ; -   ; -   ; -   ; 11.145.459,89 ;;;;
SP;3522901;ITAPUI; 16.609.890,47 ; -   ; 717.851,59 ; -   ; 717.851,59 ; 17.327.742,06 ;;;;
SP;3523008;ITAPURA; 3.825.503,87 ; -   ; -   ; 328.787,62 ; 328.787,62 ; 4.154.291,49 ;;;;
SP;3523107;ITAQUAQUECETUBA; 344.201.089,90 ; -   ; 63.794.368,89 ; 30.984.988,02 ; 94.779.356,91 ; 438.980.446,81 ;;;;
SP;3523206;ITARARE; 42.295.169,13 ; -   ; -   ; -   ; -   ; 42.295.169,13 ;;;;
SP;3523305;ITARIRI; 12.739.562,97 ; -   ; -   ; -   ; -   ; 12.739.562,97 ;;;;
SP;3523404;ITATIBA; 125.803.206,08 ; -   ; -   ; -   ; -   ; 125.803.206,08 ;;;;
SP;3523503;ITATINGA; 20.456.060,26 ; -   ; -   ; -   ; -   ; 20.456.060,26 ;;;;
SP;3523602;ITIRAPINA; 17.080.041,26 ; -   ; -   ; -   ; -   ; 17.080.041,26 ;;;;
SP;3523701;ITIRAPUA; 5.378.250,70 ; -   ; -   ; -   ; -   ; 5.378.250,70 ;;;;
SP;3523800;ITOBI; 3.108.663,18 ; -   ; -   ; -   ; -   ; 3.108.663,18 ;;;;
SP;3523909;ITU; 143.474.193,30 ; -   ; -   ; 11.999.828,60 ; 11.999.828,60 ; 155.474.021,90 ;;;;
SP;3524006;ITUPEVA; 54.623.860,40 ; -   ; -   ; -   ; -   ; 54.623.860,40 ;;;;
SP;3524105;ITUVERAVA; 36.660.490,13 ; -   ; -   ; 3.018.890,62 ; 3.018.890,62 ; 39.679.380,75 ;;;;
SP;3524204;JABORANDI; 9.693.223,17 ; -   ; -   ; 668.628,46 ; 668.628,46 ; 10.361.851,63 ;;;;
SP;3524303;JABOTICABAL; 50.967.908,73 ; -   ; -   ; -   ; -   ; 50.967.908,73 ;;;;
SP;3524402;JACAREI; 172.581.037,39 ; -   ; -   ; -   ; -   ; 172.581.037,39 ;;;;
SP;3524501;JACI; 7.633.940,87 ; -   ; -   ; 671.865,80 ; 671.865,80 ; 8.305.806,67 ;;;;
SP;3524600;JACUPIRANGA; 14.723.307,54 ; -   ; -   ; -   ; -   ; 14.723.307,54 ;;;;
SP;3524709;JAGUARIUNA; 66.687.539,11 ; -   ; -   ; -   ; -   ; 66.687.539,11 ;;;;
SP;3524808;JALES; 33.756.674,76 ; -   ; -   ; -   ; -   ; 33.756.674,76 ;;;;
SP;3524907;JAMBEIRO; 8.580.941,26 ; -   ; -   ; -   ; -   ; 8.580.941,26 ;;;;
SP;3525003;JANDIRA; 86.900.295,83 ; -   ; -   ; -   ; -   ; 86.900.295,83 ;;;;
SP;3525102;JARDINOPOLIS; 51.463.689,01 ; -   ; -   ; -   ; -   ; 51.463.689,01 ;;;;
SP;3525201;JARINU; 40.371.130,17 ; -   ; -   ; -   ; -   ; 40.371.130,17 ;;;;
SP;3525300;JAU; 85.693.275,92 ; -   ; -   ; -   ; -   ; 85.693.275,92 ;;;;
SP;3525409;JERIQUARA; 5.924.850,39 ; -   ; -   ; 259.139,15 ; 259.139,15 ; 6.183.989,54 ;;;;
SP;3525508;JOANOPOLIS; 15.263.385,22 ; -   ; -   ; -   ; -   ; 15.263.385,22 ;;;;
SP;3525607;JOAO RAMALHO; 4.135.585,43 ; -   ; -   ; -   ; -   ; 4.135.585,43 ;;;;
SP;3525706;JOSE BONIFACIO; 26.227.271,66 ; -   ; -   ; -   ; -   ; 26.227.271,66 ;;;;
SP;3525805;JULIO MESQUITA; 4.626.338,81 ; -   ; 133.341,16 ; 421.017,42 ; 554.358,58 ; 5.180.697,39 ;;;;
SP;3525854;JUMIRIM; 5.383.051,74 ; -   ; -   ; -   ; -   ; 5.383.051,74 ;;;;
SP;3525904;JUNDIAI; 261.726.136,07 ; -   ; -   ; 12.188.228,95 ; 12.188.228,95 ; 273.914.365,02 ;;;;
SP;3526001;JUNQUEIROPOLIS; 19.884.756,00 ; -   ; -   ; 1.557.502,65 ; 1.557.502,65 ; 21.442.258,65 ;;;;
SP;3526100;JUQUIA; 16.821.679,89 ; -   ; 1.143.893,88 ; -   ; 1.143.893,88 ; 17.965.573,77 ;;;;
SP;3526209;JUQUITIBA; 20.319.049,27 ; -   ; -   ; -   ; -   ; 20.319.049,27 ;;;;
SP;3526308;LAGOINHA; 3.979.554,31 ; -   ; -   ; -   ; -   ; 3.979.554,31 ;;;;
SP;3526407;LARANJAL PAULISTA; 31.703.038,89 ; -   ; -   ; -   ; -   ; 31.703.038,89 ;;;;
SP;3526506;LAVINIA; 4.727.844,26 ; -   ; -   ; -   ; -   ; 4.727.844,26 ;;;;
SP;3526605;LAVRINHAS; 7.802.213,56 ; -   ; -   ; -   ; -   ; 7.802.213,56 ;;;;
SP;3526704;LEME; 88.121.717,81 ; -   ; -   ; -   ; -   ; 88.121.717,81 ;;;;
SP;3526803;LENCOIS PAULISTA; 71.124.919,59 ; -   ; -   ; -   ; -   ; 71.124.919,59 ;;;;
SP;3526902;LIMEIRA; 200.389.587,06 ; -   ; -   ; -   ; -   ; 200.389.587,06 ;;;;
SP;3527009;LINDOIA; 8.802.138,08 ; -   ; -   ; -   ; -   ; 8.802.138,08 ;;;;
SP;3527108;LINS; 39.617.069,88 ; -   ; -   ; -   ; -   ; 39.617.069,88 ;;;;
SP;3527207;LORENA; 64.041.369,56 ; -   ; -   ; -   ; -   ; 64.041.369,56 ;;;;
SP;3527256;LOURDES; 2.413.573,27 ; -   ; -   ; -   ; -   ; 2.413.573,27 ;;;;
SP;3527306;LOUVEIRA; 56.638.569,12 ; -   ; -   ; -   ; -   ; 56.638.569,12 ;;;;
SP;3527405;LUCELIA; 17.657.433,38 ; -   ; -   ; 1.576.817,04 ; 1.576.817,04 ; 19.234.250,42 ;;;;
SP;3527504;LUCIANOPOLIS; 1.770.409,65 ; -   ; -   ; -   ; -   ; 1.770.409,65 ;;;;
SP;3527603;LUIS ANTONIO; 17.389.620,02 ; -   ; -   ; -   ; -   ; 17.389.620,02 ;;;;
SP;3527702;LUIZIANIA; 5.859.127,69 ; -   ; -   ; -   ; -   ; 5.859.127,69 ;;;;
SP;3527801;LUPERCIO; 3.689.497,96 ; -   ; -   ; 166.793,98 ; 166.793,98 ; 3.856.291,94 ;;;;
SP;3527900;LUTECIA; 2.525.321,64 ; -   ; -   ; 242.327,05 ; 242.327,05 ; 2.767.648,69 ;;;;
SP;3528007;MACATUBA; 16.707.757,14 ; -   ; -   ; -   ; -   ; 16.707.757,14 ;;;;
SP;3528106;MACAUBAL; 4.673.836,06 ; -   ; -   ; -   ; -   ; 4.673.836,06 ;;;;
SP;3528205;MACEDONIA; 3.609.636,40 ; -   ; -   ; 278.241,56 ; 278.241,56 ; 3.887.877,96 ;;;;
SP;3528304;MAGDA; 3.026.296,84 ; -   ; -   ; -   ; -   ; 3.026.296,84 ;;;;
SP;3528403;MAIRINQUE; 62.306.768,58 ; -   ; -   ; -   ; -   ; 62.306.768,58 ;;;;
SP;3528502;MAIRIPORA; 69.013.535,12 ; -   ; -   ; -   ; -   ; 69.013.535,12 ;;;;
SP;3528601;MANDURI; 7.420.197,01 ; -   ; -   ; -   ; -   ; 7.420.197,01 ;;;;
SP;3528700;MARABA PAULISTA; 2.640.008,62 ; -   ; -   ; 123.126,88 ; 123.126,88 ; 2.763.135,50 ;;;;
SP;3528809;MARACAI; 9.930.721,06 ; -   ; -   ; 905.332,61 ; 905.332,61 ; 10.836.053,67 ;;;;
SP;3528858;MARAPOAMA; 3.289.593,61 ; -   ; -   ; -   ; -   ; 3.289.593,61 ;;;;
SP;3528908;MARIAPOLIS; 2.852.211,79 ; -   ; -   ; 238.672,06 ; 238.672,06 ; 3.090.883,85 ;;;;
SP;3529005;MARILIA; 159.894.735,43 ; -   ; -   ; -   ; -   ; 159.894.735,43 ;;;;
SP;3529104;MARINOPOLIS; 1.952.398,10 ; -   ; -   ; 69.437,84 ; 69.437,84 ; 2.021.835,94 ;;;;
SP;3529203;MARTINOPOLIS; 18.149.330,42 ; -   ; -   ; -   ; -   ; 18.149.330,42 ;;;;
SP;3529302;MATAO; 49.998.200,25 ; -   ; -   ; -   ; -   ; 49.998.200,25 ;;;;
SP;3529401;MAUA; 150.195.542,58 ; -   ; -   ; -   ; -   ; 150.195.542,58 ;;;;
SP;3529500;MENDONCA; 7.799.721,39 ; -   ; 610.185,92 ; 614.572,06 ; 1.224.757,98 ; 9.024.479,37 ;;;;
SP;3529609;MERIDIANO; 5.122.216,29 ; -   ; -   ; -   ; -   ; 5.122.216,29 ;;;;
SP;3529658;MESOPOLIS; 2.178.969,72 ; -   ; -   ; -   ; -   ; 2.178.969,72 ;;;;
SP;3529708;MIGUELOPOLIS; 21.103.196,56 ; -   ; -   ; 937.452,39 ; 937.452,39 ; 22.040.648,95 ;;;;
SP;3529807;MINEIROS DO TIETE; 9.427.135,97 ; -   ; -   ; 389.022,23 ; 389.022,23 ; 9.816.158,20 ;;;;
SP;3530003;MIRA ESTRELA; 2.731.539,74 ; -   ; -   ; -   ; -   ; 2.731.539,74 ;;;;
SP;3529906;MIRACATU; 21.800.412,05 ; -   ; 2.724.239,15 ; -   ; 2.724.239,15 ; 24.524.651,20 ;;;;
SP;3530102;MIRANDOPOLIS; 14.151.242,27 ; -   ; -   ; -   ; -   ; 14.151.242,27 ;;;;
SP;3530201;MIRANTE DO PARANAPANEMA; 10.380.239,21 ; -   ; -   ; -   ; -   ; 10.380.239,21 ;;;;
SP;3530300;MIRASSOL; 42.736.080,95 ; -   ; -   ; 3.899.451,08 ; 3.899.451,08 ; 46.635.532,03 ;;;;
SP;3530409;MIRASSOLANDIA; 4.642.488,73 ; -   ; -   ; 427.623,74 ; 427.623,74 ; 5.070.112,47 ;;;;
SP;3530508;MOCOCA; 36.172.668,31 ; -   ; -   ; -   ; -   ; 36.172.668,31 ;;;;
SP;3530607;MOGI DAS CRUZES; 412.870.596,97 ; -   ; -   ; -   ; -   ; 412.870.596,97 ;;;;
SP;3530805;MOGI MIRIM; 69.422.727,10 ; -   ; -   ; -   ; -   ; 69.422.727,10 ;;;;
SP;3530706;MOGI-GUACU; 132.545.702,57 ; -   ; -   ; -   ; -   ; 132.545.702,57 ;;;;
SP;3530904;MOMBUCA; 7.028.282,49 ; -   ; -   ; -   ; -   ; 7.028.282,49 ;;;;
SP;3531001;MONCOES; 1.950.339,94 ; -   ; -   ; 69.795,77 ; 69.795,77 ; 2.020.135,71 ;;;;
SP;3531100;MONGAGUA; 78.994.168,12 ; -   ; -   ; -   ; -   ; 78.994.168,12 ;;;;
SP;3531209;MONTE ALEGRE DO SUL; 7.957.722,28 ; -   ; -   ; -   ; -   ; 7.957.722,28 ;;;;
SP;3531308;MONTE ALTO; 37.985.922,34 ; -   ; -   ; 3.193.397,65 ; 3.193.397,65 ; 41.179.319,99 ;;;;
SP;3531407;MONTE APRAZIVEL; 21.692.545,73 ; -   ; -   ; 1.822.570,28 ; 1.822.570,28 ; 23.515.116,01 ;;;;
SP;3531506;MONTE AZUL PAULISTA; 17.938.780,86 ; -   ; -   ; -   ; -   ; 17.938.780,86 ;;;;
SP;3531605;MONTE CASTELO; 3.258.481,08 ; -   ; -   ; 153.192,75 ; 153.192,75 ; 3.411.673,83 ;;;;
SP;3531803;MONTE MOR; 84.094.477,83 ; -   ; -   ; -   ; -   ; 84.094.477,83 ;;;;
SP;3531704;MONTEIRO LOBATO; 4.317.127,50 ; -   ; -   ; -   ; -   ; 4.317.127,50 ;;;;
SP;3531902;MORRO AGUDO; 31.202.084,94 ; -   ; -   ; -   ; -   ; 31.202.084,94 ;;;;
SP;3532009;MORUNGABA; 15.729.229,75 ; -   ; 47.414,27 ; -   ; 47.414,27 ; 15.776.644,02 ;;;;
SP;3532058;MOTUCA; 4.960.896,52 ; -   ; -   ; -   ; -   ; 4.960.896,52 ;;;;
SP;3532108;MURUTINGA DO SUL; 3.377.674,39 ; -   ; -   ; -   ; -   ; 3.377.674,39 ;;;;
SP;3532157;NANTES; 2.411.184,68 ; -   ; -   ; -   ; -   ; 2.411.184,68 ;;;;
SP;3532207;NARANDIBA; 10.232.338,40 ; -   ; -   ; -   ; -   ; 10.232.338,40 ;;;;
SP;3532306;NATIVIDADE DA SERRA; 5.339.251,93 ; -   ; -   ; -   ; -   ; 5.339.251,93 ;;;;
SP;3532405;NAZARE PAULISTA; 15.143.865,90 ; -   ; -   ; -   ; -   ; 15.143.865,90 ;;;;
SP;3532504;NEVES PAULISTA; 6.536.248,07 ; -   ; -   ; -   ; -   ; 6.536.248,07 ;;;;
SP;3532603;NHANDEARA; 6.003.233,27 ; -   ; -   ; 243.706,92 ; 243.706,92 ; 6.246.940,19 ;;;;
SP;3532702;NIPOA; 5.227.170,05 ; -   ; -   ; 238.546,26 ; 238.546,26 ; 5.465.716,31 ;;;;
SP;3532801;NOVA ALIANCA; 7.616.832,50 ; -   ; -   ; -   ; -   ; 7.616.832,50 ;;;;
SP;3532827;NOVA CAMPINA; 12.881.887,14 ; -   ; -   ; 1.093.605,56 ; 1.093.605,56 ; 13.975.492,70 ;;;;
SP;3532843;NOVA CANAA PAULISTA; 1.672.946,40 ; -   ; -   ; 136.892,22 ; 136.892,22 ; 1.809.838,62 ;;;;
SP;3532868;NOVA CASTILHO; 1.322.180,62 ; -   ; -   ; 47.246,36 ; 47.246,36 ; 1.369.426,98 ;;;;
SP;3532900;NOVA EUROPA; 11.935.988,24 ; -   ; -   ; -   ; -   ; 11.935.988,24 ;;;;
SP;3533007;NOVA GRANADA; 14.187.938,29 ; -   ; -   ; -   ; -   ; 14.187.938,29 ;;;;
SP;3533106;NOVA GUATAPORANGA; 1.886.080,72 ; -   ; -   ; -   ; -   ; 1.886.080,72 ;;;;
SP;3533205;NOVA INDEPENDENCIA; 7.595.407,61 ; -   ; -   ; -   ; -   ; 7.595.407,61 ;;;;
SP;3533304;NOVA LUZITANIA; 2.911.538,63 ; -   ; -   ; 102.243,47 ; 102.243,47 ; 3.013.782,10 ;;;;
SP;3533403;NOVA ODESSA; 43.015.128,90 ; -   ; -   ; -   ; -   ; 43.015.128,90 ;;;;
SP;3533254;NOVAIS; 6.863.382,15 ; -   ; -   ; -   ; -   ; 6.863.382,15 ;;;;
SP;3533502;NOVO HORIZONTE; 38.920.358,44 ; -   ; -   ; -   ; -   ; 38.920.358,44 ;;;;
SP;3533601;NUPORANGA; 9.778.232,23 ; -   ; -   ; -   ; -   ; 9.778.232,23 ;;;;
SP;3533700;OCAUCU; 4.547.049,71 ; -   ; -   ; 411.007,81 ; 411.007,81 ; 4.958.057,52 ;;;;
SP;3533809;OLEO; 2.503.605,86 ; -   ; -   ; 188.201,65 ; 188.201,65 ; 2.691.807,51 ;;;;
SP;3533908;OLIMPIA; 52.627.011,18 ; -   ; -   ; -   ; -   ; 52.627.011,18 ;;;;
SP;3534005;ONDA VERDE; 4.654.750,49 ; -   ; -   ; 207.725,56 ; 207.725,56 ; 4.862.476,05 ;;;;
SP;3534104;ORIENTE; 5.361.479,53 ; -   ; -   ; 196.859,85 ; 196.859,85 ; 5.558.339,38 ;;;;
SP;3534203;ORINDIUVA; 10.564.262,87 ; -   ; -   ; 377.386,15 ; 377.386,15 ; 10.941.649,02 ;;;;
SP;3534302;ORLANDIA; 45.392.897,18 ; -   ; -   ; -   ; -   ; 45.392.897,18 ;;;;
SP;3534401;OSASCO; 534.068.622,31 ; -   ; -   ; -   ; -   ; 534.068.622,31 ;;;;
SP;3534500;OSCAR BRESSANE; 2.680.096,98 ; -   ; -   ; -   ; -   ; 2.680.096,98 ;;;;
SP;3534609;OSVALDO CRUZ; 18.811.340,80 ; -   ; -   ; -   ; -   ; 18.811.340,80 ;;;;
SP;3534708;OURINHOS; 78.480.640,60 ; -   ; -   ; -   ; -   ; 78.480.640,60 ;;;;
SP;3534807;OURO VERDE; 10.493.251,46 ; -   ; 114.151,23 ; 980.365,87 ; 1.094.517,10 ; 11.587.768,56 ;;;;
SP;3534757;OUROESTE; 11.489.182,91 ; -   ; -   ; -   ; -   ; 11.489.182,91 ;;;;
SP;3534906;PACAEMBU; 6.462.845,05 ; -   ; -   ; -   ; -   ; 6.462.845,05 ;;;;
SP;3535002;PALESTINA; 13.275.551,23 ; -   ; -   ; 607.341,75 ; 607.341,75 ; 13.882.892,98 ;;;;
SP;3535101;PALMARES PAULISTA; 8.466.829,49 ; -   ; -   ; 821.908,59 ; 821.908,59 ; 9.288.738,08 ;;;;
SP;3535200;PALMEIRA DOESTE; 5.105.299,57 ; -   ; -   ; 478.902,49 ; 478.902,49 ; 5.584.202,06 ;;;;
SP;3535309;PALMITAL; 16.470.738,64 ; -   ; -   ; 1.344.825,25 ; 1.344.825,25 ; 17.815.563,89 ;;;;
SP;3535408;PANORAMA; 11.994.657,92 ; -   ; -   ; -   ; -   ; 11.994.657,92 ;;;;
SP;3535507;PARAGUACU PAULISTA; 45.471.262,43 ; -   ; -   ; -   ; -   ; 45.471.262,43 ;;;;
SP;3535606;PARAIBUNA; 12.970.292,02 ; -   ; -   ; -   ; -   ; 12.970.292,02 ;;;;
SP;3535705;PARAISO; 7.127.957,27 ; -   ; -   ; -   ; -   ; 7.127.957,27 ;;;;
SP;3535804;PARANAPANEMA; 27.563.661,31 ; -   ; -   ; 1.180.425,76 ; 1.180.425,76 ; 28.744.087,07 ;;;;
SP;3535903;PARANAPUA; 4.260.010,03 ; -   ; -   ; -   ; -   ; 4.260.010,03 ;;;;
SP;3536000;PARAPUA; 7.725.841,62 ; -   ; -   ; -   ; -   ; 7.725.841,62 ;;;;
SP;3536109;PARDINHO; 9.557.617,52 ; -   ; -   ; -   ; -   ; 9.557.617,52 ;;;;
SP;3536208;PARIQUERA-ACU; 14.496.177,60 ; -   ; -   ; 624.505,74 ; 624.505,74 ; 15.120.683,34 ;;;;
SP;3536257;PARISI; 3.342.693,75 ; -   ; -   ; 275.487,44 ; 275.487,44 ; 3.618.181,19 ;;;;
SP;3536307;PATROCINIO PAULISTA; 13.716.542,62 ; -   ; -   ; -   ; -   ; 13.716.542,62 ;;;;
SP;3536406;PAULICEIA; 7.981.814,35 ; -   ; -   ; 797.731,97 ; 797.731,97 ; 8.779.546,32 ;;;;
SP;3536505;PAULINIA; 110.311.667,83 ; -   ; -   ; -   ; -   ; 110.311.667,83 ;;;;
SP;3536570;PAULISTANIA; 2.337.333,32 ; -   ; -   ; -   ; -   ; 2.337.333,32 ;;;;
SP;3536604;PAULO DE FARIA; 7.925.105,75 ; -   ; -   ; -   ; -   ; 7.925.105,75 ;;;;
SP;3536703;PEDERNEIRAS; 37.718.822,04 ; -   ; -   ; -   ; -   ; 37.718.822,04 ;;;;
SP;3536802;PEDRA BELA; 7.932.350,22 ; -   ; 232.255,37 ; -   ; 232.255,37 ; 8.164.605,59 ;;;;
SP;3536901;PEDRANOPOLIS; 2.245.591,54 ; -   ; -   ; -   ; -   ; 2.245.591,54 ;;;;
SP;3537008;PEDREGULHO; 13.523.882,84 ; -   ; -   ; 1.284.620,72 ; 1.284.620,72 ; 14.808.503,56 ;;;;
SP;3537107;PEDREIRA; 37.254.481,83 ; -   ; -   ; -   ; -   ; 37.254.481,83 ;;;;
SP;3537156;PEDRINHAS PAULISTA; 3.086.101,22 ; -   ; -   ; 236.128,86 ; 236.128,86 ; 3.322.230,08 ;;;;
SP;3537206;PEDRO DE TOLEDO; 9.543.329,31 ; -   ; -   ; -   ; -   ; 9.543.329,31 ;;;;
SP;3537305;PENAPOLIS; 50.457.242,55 ; -   ; -   ; 4.221.924,90 ; 4.221.924,90 ; 54.679.167,45 ;;;;
SP;3537404;PEREIRA BARRETO; 20.927.728,53 ; -   ; -   ; 850.783,71 ; 850.783,71 ; 21.778.512,24 ;;;;
SP;3537503;PEREIRAS; 7.628.594,02 ; -   ; -   ; -   ; -   ; 7.628.594,02 ;;;;
SP;3537602;PERUIBE; 65.938.056,84 ; -   ; -   ; -   ; -   ; 65.938.056,84 ;;;;
SP;3537701;PIACATU; 4.979.515,46 ; -   ; -   ; -   ; -   ; 4.979.515,46 ;;;;
SP;3537800;PIEDADE; 43.718.137,81 ; -   ; -   ; -   ; -   ; 43.718.137,81 ;;;;
SP;3537909;PILAR DO SUL; 28.135.008,12 ; -   ; -   ; -   ; -   ; 28.135.008,12 ;;;;
SP;3538006;PINDAMONHANGABA; 117.170.605,94 ; -   ; -   ; -   ; -   ; 117.170.605,94 ;;;;
SP;3538105;PINDORAMA; 13.982.779,19 ; -   ; -   ; -   ; -   ; 13.982.779,19 ;;;;
SP;3538204;PINHALZINHO; 18.606.555,13 ; -   ; 323.751,90 ; -   ; 323.751,90 ; 18.930.307,03 ;;;;
SP;3538303;PIQUEROBI; 2.849.979,54 ; -   ; -   ; -   ; -   ; 2.849.979,54 ;;;;
SP;3538501;PIQUETE; 7.652.347,25 ; -   ; -   ; 673.647,98 ; 673.647,98 ; 8.325.995,23 ;;;;
SP;3538600;PIRACAIA; 28.477.681,47 ; -   ; -   ; -   ; -   ; 28.477.681,47 ;;;;
SP;3538709;PIRACICABA; 294.574.512,53 ; -   ; -   ; -   ; -   ; 294.574.512,53 ;;;;
SP;3538808;PIRAJU; 25.606.970,31 ; -   ; -   ; -   ; -   ; 25.606.970,31 ;;;;
SP;3538907;PIRAJUI; 14.241.368,19 ; -   ; -   ; 627.507,79 ; 627.507,79 ; 14.868.875,98 ;;;;
SP;3539004;PIRANGI; 7.060.597,20 ; -   ; -   ; 329.883,63 ; 329.883,63 ; 7.390.480,83 ;;;;
SP;3539103;PIRAPORA DO BOM JESUS; 29.374.787,02 ; -   ; 799.969,30 ; 2.420.725,59 ; 3.220.694,89 ; 32.595.481,91 ;;;;
SP;3539202;PIRAPOZINHO; 19.410.216,47 ; -   ; -   ; 871.217,49 ; 871.217,49 ; 20.281.433,96 ;;;;
SP;3539301;PIRASSUNUNGA; 46.491.347,77 ; -   ; -   ; -   ; -   ; 46.491.347,77 ;;;;
SP;3539400;PIRATININGA; 10.395.537,70 ; -   ; -   ; -   ; -   ; 10.395.537,70 ;;;;
SP;3539509;PITANGUEIRAS; 31.404.854,40 ; -   ; -   ; 1.390.807,33 ; 1.390.807,33 ; 32.795.661,73 ;;;;
SP;3539608;PLANALTO; 3.435.450,34 ; -   ; -   ; -   ; -   ; 3.435.450,34 ;;;;
SP;3539707;PLATINA; 3.354.265,26 ; -   ; -   ; 280.843,87 ; 280.843,87 ; 3.635.109,13 ;;;;
SP;3539806;POA; 105.764.623,32 ; -   ; -   ; -   ; -   ; 105.764.623,32 ;;;;
SP;3539905;POLONI; 2.883.079,79 ; -   ; -   ; -   ; -   ; 2.883.079,79 ;;;;
SP;3540002;POMPEIA; 17.664.869,37 ; -   ; -   ; -   ; -   ; 17.664.869,37 ;;;;
SP;3540101;PONGAI; 2.543.140,97 ; -   ; -   ; -   ; -   ; 2.543.140,97 ;;;;
SP;3540200;PONTAL; 35.956.616,16 ; -   ; -   ; -   ; -   ; 35.956.616,16 ;;;;
SP;3540259;PONTALINDA; 4.294.804,48 ; -   ; -   ; -   ; -   ; 4.294.804,48 ;;;;
SP;3540309;PONTES GESTAL; 2.851.663,35 ; -   ; -   ; 219.254,48 ; 219.254,48 ; 3.070.917,83 ;;;;
SP;3540408;POPULINA; 3.687.045,58 ; -   ; -   ; -   ; -   ; 3.687.045,58 ;;;;
SP;3540507;PORANGABA; 9.566.187,49 ; -   ; -   ; -   ; -   ; 9.566.187,49 ;;;;
SP;3540606;PORTO FELIZ; 62.532.193,92 ; -   ; -   ; -   ; -   ; 62.532.193,92 ;;;;
SP;3540705;PORTO FERREIRA; 43.039.363,95 ; -   ; -   ; -   ; -   ; 43.039.363,95 ;;;;
SP;3540754;POTIM; 23.281.049,34 ; -   ; 2.572.349,35 ; -   ; 2.572.349,35 ; 25.853.398,69 ;;;;
SP;3540804;POTIRENDABA; 22.594.719,72 ; -   ; -   ; -   ; -   ; 22.594.719,72 ;;;;
SP;3540853;PRACINHA; 1.297.973,26 ; -   ; -   ; -   ; -   ; 1.297.973,26 ;;;;
SP;3540903;PRADOPOLIS; 21.956.859,48 ; -   ; -   ; 914.670,66 ; 914.670,66 ; 22.871.530,14 ;;;;
SP;3541000;PRAIA GRANDE; 431.226.738,53 ; -   ; -   ; -   ; -   ; 431.226.738,53 ;;;;
SP;3541059;PRATANIA; 7.235.957,50 ; -   ; 1.135.301,02 ; -   ; 1.135.301,02 ; 8.371.258,52 ;;;;
SP;3541109;PRESIDENTE ALVES; 1.365.525,51 ; -   ; -   ; -   ; -   ; 1.365.525,51 ;;;;
SP;3541208;PRESIDENTE BERNARDES; 11.011.701,62 ; -   ; -   ; -   ; -   ; 11.011.701,62 ;;;;
SP;3541307;PRESIDENTE EPITACIO; 24.611.025,31 ; -   ; -   ; 2.125.436,79 ; 2.125.436,79 ; 26.736.462,10 ;;;;
SP;3541406;PRESIDENTE PRUDENTE; 159.563.056,34 ; -   ; -   ; -   ; -   ; 159.563.056,34 ;;;;
SP;3541505;PRESIDENTE VENCESLAU; 21.444.595,91 ; -   ; -   ; -   ; -   ; 21.444.595,91 ;;;;
SP;3541604;PROMISSAO; 21.092.038,40 ; -   ; -   ; -   ; -   ; 21.092.038,40 ;;;;
SP;3541653;QUADRA; 6.807.902,91 ; -   ; -   ; -   ; -   ; 6.807.902,91 ;;;;
SP;3541703;QUATA; 10.946.553,61 ; -   ; -   ; -   ; -   ; 10.946.553,61 ;;;;
SP;3541802;QUEIROZ; 3.965.313,97 ; -   ; -   ; -   ; -   ; 3.965.313,97 ;;;;
SP;3541901;QUELUZ; 10.544.733,62 ; -   ; -   ; -   ; -   ; 10.544.733,62 ;;;;
SP;3542008;QUINTANA; 8.193.823,24 ; -   ; -   ; -   ; -   ; 8.193.823,24 ;;;;
SP;3542107;RAFARD; 9.468.195,79 ; -   ; -   ; -   ; -   ; 9.468.195,79 ;;;;
SP;3542206;RANCHARIA; 25.267.296,53 ; -   ; -   ; -   ; -   ; 25.267.296,53 ;;;;
SP;3542305;REDENCAO DA SERRA; 3.278.007,37 ; -   ; -   ; -   ; -   ; 3.278.007,37 ;;;;
SP;3542404;REGENTE FEIJO; 15.356.445,86 ; -   ; -   ; -   ; -   ; 15.356.445,86 ;;;;
SP;3542503;REGINOPOLIS; 5.075.244,86 ; -   ; -   ; -   ; -   ; 5.075.244,86 ;;;;
SP;3542602;REGISTRO; 47.244.392,92 ; -   ; -   ; -   ; -   ; 47.244.392,92 ;;;;
SP;3542701;RESTINGA; 10.288.477,70 ; -   ; -   ; -   ; -   ; 10.288.477,70 ;;;;
SP;3542800;RIBEIRA; 3.218.484,74 ; -   ; -   ; 132.790,92 ; 132.790,92 ; 3.351.275,66 ;;;;
SP;3542909;RIBEIRAO BONITO; 13.600.637,88 ; -   ; 162.952,44 ; -   ; 162.952,44 ; 13.763.590,32 ;;;;
SP;3543006;RIBEIRAO BRANCO; 20.256.715,89 ; -   ; 3.279.187,30 ; 887.715,28 ; 4.166.902,58 ; 24.423.618,47 ;;;;
SP;3543105;RIBEIRAO CORRENTE; 7.810.736,17 ; -   ; -   ; 677.635,75 ; 677.635,75 ; 8.488.371,92 ;;;;
SP;3543204;RIBEIRAO DO SUL; 3.708.058,96 ; -   ; -   ; -   ; -   ; 3.708.058,96 ;;;;
SP;3543238;RIBEIRAO DOS INDIOS; 1.313.656,49 ; -   ; -   ; 53.331,12 ; 53.331,12 ; 1.366.987,61 ;;;;
SP;3543253;RIBEIRAO GRANDE; 6.868.616,67 ; -   ; -   ; -   ; -   ; 6.868.616,67 ;;;;
SP;3543303;RIBEIRAO PIRES; 63.191.531,14 ; -   ; -   ; -   ; -   ; 63.191.531,14 ;;;;
SP;3543402;RIBEIRAO PRETO; 377.399.392,41 ; -   ; -   ; -   ; -   ; 377.399.392,41 ;;;;
SP;3543600;RIFAINA; 4.181.608,67 ; -   ; -   ; 170.132,58 ; 170.132,58 ; 4.351.741,25 ;;;;
SP;3543709;RINCAO; 8.531.782,50 ; -   ; -   ; 723.394,40 ; 723.394,40 ; 9.255.176,90 ;;;;
SP;3543808;RINOPOLIS; 4.005.469,87 ; -   ; -   ; -   ; -   ; 4.005.469,87 ;;;;
SP;3543907;RIO CLARO; 145.897.674,14 ; -   ; -   ; -   ; -   ; 145.897.674,14 ;;;;
SP;3544004;RIO DAS PEDRAS; 34.022.445,68 ; -   ; -   ; -   ; -   ; 34.022.445,68 ;;;;
SP;3544103;RIO GRANDE DA SERRA; 16.447.367,86 ; -   ; -   ; -   ; -   ; 16.447.367,86 ;;;;
SP;3544202;RIOLANDIA; 12.829.849,29 ; -   ; -   ; -   ; -   ; 12.829.849,29 ;;;;
SP;3543501;RIVERSUL; 6.482.159,56 ; -   ; 45.625,69 ; 242.491,64 ; 288.117,33 ; 6.770.276,89 ;;;;
SP;3544251;ROSANA; 12.338.412,77 ; -   ; -   ; 496.963,23 ; 496.963,23 ; 12.835.376,00 ;;;;
SP;3544301;ROSEIRA; 17.227.440,66 ; -   ; -   ; -   ; -   ; 17.227.440,66 ;;;;
SP;3544400;RUBIACEA; 3.059.987,10 ; -   ; -   ; 261.119,54 ; 261.119,54 ; 3.321.106,64 ;;;;
SP;3544509;RUBINEIA; 4.277.463,81 ; -   ; -   ; 326.788,32 ; 326.788,32 ; 4.604.252,13 ;;;;
SP;3544608;SABINO; 3.967.737,80 ; -   ; -   ; 326.734,68 ; 326.734,68 ; 4.294.472,48 ;;;;
SP;3544707;SAGRES; 2.694.745,41 ; -   ; -   ; 204.260,27 ; 204.260,27 ; 2.899.005,68 ;;;;
SP;3544806;SALES; 6.317.292,63 ; -   ; -   ; 485.565,88 ; 485.565,88 ; 6.802.858,51 ;;;;
SP;3544905;SALES OLIVEIRA; 8.401.113,96 ; -   ; -   ; 360.432,48 ; 360.432,48 ; 8.761.546,44 ;;;;
SP;3545001;SALESOPOLIS; 13.730.283,71 ; -   ; 1.095.934,45 ; 1.310.548,84 ; 2.406.483,29 ; 16.136.767,00 ;;;;
SP;3545100;SALMOURAO; 4.511.659,86 ; -   ; -   ; -   ; -   ; 4.511.659,86 ;;;;
SP;3545159;SALTINHO; 7.836.751,51 ; -   ; -   ; 723.031,15 ; 723.031,15 ; 8.559.782,66 ;;;;
SP;3545209;SALTO; 86.330.716,03 ; -   ; -   ; -   ; -   ; 86.330.716,03 ;;;;
SP;3545308;SALTO DE PIRAPORA; 36.872.872,78 ; -   ; -   ; -   ; -   ; 36.872.872,78 ;;;;
SP;3545407;SALTO GRANDE; 9.527.082,44 ; -   ; -   ; -   ; -   ; 9.527.082,44 ;;;;
SP;3545506;SANDOVALINA; 5.603.938,01 ; -   ; -   ; -   ; -   ; 5.603.938,01 ;;;;
SP;3545605;SANTA ADELIA; 13.239.844,11 ; -   ; -   ; -   ; -   ; 13.239.844,11 ;;;;
SP;3545704;SANTA ALBERTINA; 5.633.732,34 ; -   ; -   ; -   ; -   ; 5.633.732,34 ;;;;
SP;3545803;SANTA BARBARA DOESTE; 137.055.261,71 ; -   ; -   ; -   ; -   ; 137.055.261,71 ;;;;
SP;3546009;SANTA BRANCA; 15.886.924,88 ; -   ; -   ; -   ; -   ; 15.886.924,88 ;;;;
SP;3546108;SANTA CLARA DOESTE; 3.142.381,72 ; -   ; -   ; -   ; -   ; 3.142.381,72 ;;;;
SP;3546207;SANTA CRUZ DA CONCEICAO; 3.143.149,57 ; -   ; -   ; -   ; -   ; 3.143.149,57 ;;;;
SP;3546256;SANTA CRUZ DA ESPERANCA; 3.030.658,14 ; -   ; -   ; 275.965,57 ; 275.965,57 ; 3.306.623,71 ;;;;
SP;3546306;SANTA CRUZ DAS PALMEIRAS; 22.042.302,88 ; -   ; -   ; -   ; -   ; 22.042.302,88 ;;;;
SP;3546405;SANTA CRUZ DO RIO PARDO; 41.105.613,66 ; -   ; -   ; -   ; -   ; 41.105.613,66 ;;;;
SP;3546504;SANTA ERNESTINA; 5.538.454,44 ; -   ; -   ; -   ; -   ; 5.538.454,44 ;;;;
SP;3546603;SANTA FE DO SUL; 42.269.119,14 ; -   ; -   ; -   ; -   ; 42.269.119,14 ;;;;
SP;3546702;SANTA GERTRUDES; 34.341.550,35 ; -   ; -   ; -   ; -   ; 34.341.550,35 ;;;;
SP;3546801;SANTA ISABEL; 41.376.380,89 ; -   ; -   ; -   ; -   ; 41.376.380,89 ;;;;
SP;3546900;SANTA LUCIA; 5.573.055,60 ; -   ; -   ; 270.431,44 ; 270.431,44 ; 5.843.487,04 ;;;;
SP;3547007;SANTA MARIA DA SERRA; 7.406.864,41 ; -   ; 1.473.450,84 ; -   ; 1.473.450,84 ; 8.880.315,25 ;;;;
SP;3547106;SANTA MERCEDES; 2.938.543,78 ; -   ; -   ; 271.861,78 ; 271.861,78 ; 3.210.405,56 ;;;;
SP;3547502;SANTA RITA DO PASSA QUATRO; 16.511.922,90 ; -   ; -   ; 1.368.857,92 ; 1.368.857,92 ; 17.880.780,82 ;;;;
SP;3547403;SANTA RITA DOESTE; 1.960.563,39 ; -   ; -   ; -   ; -   ; 1.960.563,39 ;;;;
SP;3547601;SANTA ROSA DE VITERBO; 17.302.944,71 ; -   ; -   ; -   ; -   ; 17.302.944,71 ;;;;
SP;3547650;SANTA SALETE; 905.218,88 ; -   ; -   ; 37.224,41 ; 37.224,41 ; 942.443,29 ;;;;
SP;3547205;SANTANA DA PONTE PENSA; 715.338,01 ; -   ; -   ; -   ; -   ; 715.338,01 ;;;;
SP;3547304;SANTANA DE PARNAIBA; 213.903.362,13 ; -   ; -   ; 18.721.332,13 ; 18.721.332,13 ; 232.624.694,26 ;;;;
SP;3547700;SANTO ANASTACIO; 10.411.012,97 ; -   ; -   ; -   ; -   ; 10.411.012,97 ;;;;
SP;3547809;SANTO ANDRE; 358.054.496,72 ; -   ; -   ; -   ; -   ; 358.054.496,72 ;;;;
SP;3547908;SANTO ANTONIO DA ALEGRIA; 9.467.692,40 ; -   ; -   ; -   ; -   ; 9.467.692,40 ;;;;
SP;3548005;SANTO ANTONIO DE POSSE; 34.492.402,20 ; -   ; 787.285,04 ; -   ; 787.285,04 ; 35.279.687,24 ;;;;
SP;3548054;SANTO ANTONIO DO ARACANGUA; 10.396.720,74 ; -   ; -   ; -   ; -   ; 10.396.720,74 ;;;;
SP;3548104;SANTO ANTONIO DO JARDIM; 4.666.792,97 ; -   ; -   ; -   ; -   ; 4.666.792,97 ;;;;
SP;3548203;SANTO ANTONIO DO PINHAL; 10.848.989,01 ; -   ; 400.117,39 ; -   ; 400.117,39 ; 11.249.106,40 ;;;;
SP;3548302;SANTO EXPEDITO; 2.720.771,13 ; -   ; -   ; 244.835,34 ; 244.835,34 ; 2.965.606,47 ;;;;
SP;3548401;SANTOPOLIS DO AGUAPEI; 5.006.683,52 ; -   ; -   ; -   ; -   ; 5.006.683,52 ;;;;
SP;3548500;SANTOS; 279.020.068,65 ; -   ; -   ; 21.352.720,80 ; 21.352.720,80 ; 300.372.789,45 ;;;;
SP;3548609;SAO BENTO DO SAPUCAI; 6.688.832,19 ; -   ; -   ; 652.901,88 ; 652.901,88 ; 7.341.734,07 ;;;;
SP;3548708;SAO BERNARDO DO CAMPO; 593.815.379,23 ; -   ; -   ; -   ; -   ; 593.815.379,23 ;;;;
SP;3548807;SAO CAETANO DO SUL; 151.689.086,68 ; -   ; -   ; -   ; -   ; 151.689.086,68 ;;;;
SP;3548906;SAO CARLOS; 138.975.504,58 ; -   ; -   ; -   ; -   ; 138.975.504,58 ;;;;
SP;3549003;SAO FRANCISCO; 1.304.721,71 ; -   ; -   ; -   ; -   ; 1.304.721,71 ;;;;
SP;3549102;SAO JOAO DA BOA VISTA; 63.869.405,35 ; -   ; -   ; -   ; -   ; 63.869.405,35 ;;;;
SP;3549201;SAO JOAO DAS DUAS PONTES; 1.894.900,41 ; -   ; -   ; -   ; -   ; 1.894.900,41 ;;;;
SP;3549250;SAO JOAO DE IRACEMA; 2.235.507,25 ; -   ; -   ; 77.152,45 ; 77.152,45 ; 2.312.659,70 ;;;;
SP;3549300;SAO JOAO DO PAU DALHO; 1.774.532,42 ; -   ; -   ; -   ; -   ; 1.774.532,42 ;;;;
SP;3549409;SAO JOAQUIM DA BARRA; 27.163.660,03 ; -   ; -   ; 2.317.831,54 ; 2.317.831,54 ; 29.481.491,57 ;;;;
SP;3549508;SAO JOSE DA BELA VISTA; 6.089.156,70 ; -   ; -   ; 264.082,20 ; 264.082,20 ; 6.353.238,90 ;;;;
SP;3549607;SAO JOSE DO BARREIRO; 5.357.211,74 ; -   ; -   ; -   ; -   ; 5.357.211,74 ;;;;
SP;3549706;SAO JOSE DO RIO PARDO; 30.376.656,91 ; -   ; -   ; 2.526.870,66 ; 2.526.870,66 ; 32.903.527,57 ;;;;
SP;3549805;SAO JOSE DO RIO PRETO; 311.928.206,36 ; -   ; -   ; -   ; -   ; 311.928.206,36 ;;;;
SP;3549904;SAO JOSE DOS CAMPOS; 641.022.751,44 ; -   ; -   ; -   ; -   ; 641.022.751,44 ;;;;
SP;3549953;SAO LOURENCO DA SERRA; 12.162.311,92 ; -   ; -   ; -   ; -   ; 12.162.311,92 ;;;;
SP;3550001;SAO LUIS DO PARAITINGA; 12.059.201,52 ; -   ; -   ; 1.076.753,33 ; 1.076.753,33 ; 13.135.954,85 ;;;;
SP;3550100;SAO MANUEL; 29.204.000,46 ; -   ; -   ; -   ; -   ; 29.204.000,46 ;;;;
SP;3550209;SAO MIGUEL ARCANJO; 27.369.605,33 ; -   ; -   ; 1.193.756,35 ; 1.193.756,35 ; 28.563.361,68 ;;;;
SP;3550308;SAO PAULO; 8.270.886.425,65 ; -   ; -   ; -   ; -   ; 8.270.886.425,65 ;;;;
SP;3550407;SAO PEDRO; 43.072.569,56 ; -   ; -   ; -   ; -   ; 43.072.569,56 ;;;;
SP;3550506;SAO PEDRO DO TURVO; 7.386.570,61 ; -   ; -   ; -   ; -   ; 7.386.570,61 ;;;;
SP;3550605;SAO ROQUE; 106.163.799,80 ; -   ; -   ; -   ; -   ; 106.163.799,80 ;;;;
SP;3550704;SAO SEBASTIAO; 131.967.647,24 ; -   ; -   ; -   ; -   ; 131.967.647,24 ;;;;
SP;3550803;SAO SEBASTIAO DA GRAMA; 10.064.878,74 ; -   ; -   ; 431.960,47 ; 431.960,47 ; 10.496.839,21 ;;;;
SP;3550902;SAO SIMAO; 7.488.649,89 ; -   ; -   ; 567.417,98 ; 567.417,98 ; 8.056.067,87 ;;;;
SP;3551009;SAO VICENTE; 309.097.676,74 ; -   ; -   ; -   ; -   ; 309.097.676,74 ;;;;
SP;3551108;SARAPUI; 9.949.526,45 ; -   ; -   ; -   ; -   ; 9.949.526,45 ;;;;
SP;3551207;SARUTAIA; 3.480.733,69 ; -   ; -   ; -   ; -   ; 3.480.733,69 ;;;;
SP;3551306;SEBASTIANOPOLIS DO SUL; 3.202.382,10 ; -   ; -   ; 136.621,41 ; 136.621,41 ; 3.339.003,51 ;;;;
SP;3551405;SERRA AZUL; 7.678.183,24 ; -   ; -   ; -   ; -   ; 7.678.183,24 ;;;;
SP;3551603;SERRA NEGRA; 15.285.191,04 ; -   ; -   ; 565.844,95 ; 565.844,95 ; 15.851.035,99 ;;;;
SP;3551504;SERRANA; 51.750.081,72 ; -   ; 2.656.377,34 ; -   ; 2.656.377,34 ; 54.406.459,06 ;;;;
SP;3551702;SERTAOZINHO; 122.602.263,85 ; -   ; -   ; -   ; -   ; 122.602.263,85 ;;;;
SP;3551801;SETE BARRAS; 13.910.675,76 ; -   ; 1.167.440,24 ; -   ; 1.167.440,24 ; 15.078.116,00 ;;;;
SP;3551900;SEVERINIA; 18.835.051,67 ; -   ; 824.333,53 ; 806.595,31 ; 1.630.928,84 ; 20.465.980,51 ;;;;
SP;3552007;SILVEIRAS; 5.587.379,33 ; -   ; -   ; -   ; -   ; 5.587.379,33 ;;;;
SP;3552106;SOCORRO; 25.637.301,05 ; -   ; -   ; -   ; -   ; 25.637.301,05 ;;;;
SP;3552205;SOROCABA; 491.868.681,08 ; -   ; -   ; -   ; -   ; 491.868.681,08 ;;;;
SP;3552304;SUD MENNUCCI; 10.473.967,53 ; -   ; -   ; -   ; -   ; 10.473.967,53 ;;;;
SP;3552403;SUMARE; 201.626.329,69 ; -   ; -   ; -   ; -   ; 201.626.329,69 ;;;;
SP;3552551;SUZANAPOLIS; 3.005.560,08 ; -   ; -   ; 311.311,20 ; 311.311,20 ; 3.316.871,28 ;;;;
SP;3552502;SUZANO; 216.981.161,52 ; -   ; -   ; -   ; -   ; 216.981.161,52 ;;;;
SP;3552601;TABAPUA; 11.950.034,37 ; -   ; -   ; 498.927,42 ; 498.927,42 ; 12.448.961,79 ;;;;
SP;3552700;TABATINGA; 15.500.923,42 ; -   ; 395.260,96 ; -   ; 395.260,96 ; 15.896.184,38 ;;;;
SP;3552809;TABOAO DA SERRA; 191.421.669,26 ; -   ; -   ; -   ; -   ; 191.421.669,26 ;;;;
SP;3552908;TACIBA; 6.873.470,19 ; -   ; -   ; 616.489,22 ; 616.489,22 ; 7.489.959,41 ;;;;
SP;3553005;TAGUAI; 14.973.665,54 ; -   ; 1.375.555,10 ; -   ; 1.375.555,10 ; 16.349.220,64 ;;;;
SP;3553104;TAIACU; 5.978.792,69 ; -   ; 280.373,18 ; -   ; 280.373,18 ; 6.259.165,87 ;;;;
SP;3553203;TAIUVA; 5.822.882,26 ; -   ; -   ; -   ; -   ; 5.822.882,26 ;;;;
SP;3553302;TAMBAU; 16.680.846,17 ; -   ; -   ; 1.414.659,90 ; 1.414.659,90 ; 18.095.506,07 ;;;;
SP;3553401;TANABI; 22.370.840,00 ; -   ; -   ; -   ; -   ; 22.370.840,00 ;;;;
SP;3553500;TAPIRAI; 9.738.476,59 ; -   ; 1.594.874,19 ; -   ; 1.594.874,19 ; 11.333.350,78 ;;;;
SP;3553609;TAPIRATIBA; 15.206.089,90 ; -   ; 849.761,21 ; -   ; 849.761,21 ; 16.055.851,11 ;;;;
SP;3553658;TAQUARAL; 2.046.050,06 ; -   ; -   ; 82.681,13 ; 82.681,13 ; 2.128.731,19 ;;;;
SP;3553708;TAQUARITINGA; 37.696.792,74 ; -   ; -   ; 3.246.850,06 ; 3.246.850,06 ; 40.943.642,80 ;;;;
SP;3553807;TAQUARITUBA; 22.020.677,98 ; -   ; -   ; 946.815,93 ; 946.815,93 ; 22.967.493,91 ;;;;
SP;3553856;TAQUARIVAI; 10.224.468,80 ; -   ; 840.183,79 ; 454.377,51 ; 1.294.561,30 ; 11.519.030,10 ;;;;
SP;3553906;TARABAI; 9.284.993,12 ; -   ; -   ; -   ; -   ; 9.284.993,12 ;;;;
SP;3553955;TARUMA; 17.386.956,52 ; -   ; -   ; 842.939,79 ; 842.939,79 ; 18.229.896,31 ;;;;
SP;3554003;TATUI; 111.628.848,93 ; -   ; -   ; -   ; -   ; 111.628.848,93 ;;;;
SP;3554102;TAUBATE; 338.944.026,28 ; -   ; -   ; -   ; -   ; 338.944.026,28 ;;;;
SP;3554201;TEJUPA; 4.757.698,64 ; -   ; -   ; 424.117,05 ; 424.117,05 ; 5.181.815,69 ;;;;
SP;3554300;TEODORO SAMPAIO; 21.325.670,28 ; -   ; -   ; -   ; -   ; 21.325.670,28 ;;;;
SP;3554409;TERRA ROXA; 9.327.675,85 ; -   ; 138.959,76 ; 399.423,70 ; 538.383,46 ; 9.866.059,31 ;;;;
SP;3554508;TIETE; 44.344.709,01 ; -   ; -   ; -   ; -   ; 44.344.709,01 ;;;;
SP;3554607;TIMBURI; 2.142.712,65 ; -   ; -   ; 187.083,29 ; 187.083,29 ; 2.329.795,94 ;;;;
SP;3554656;TORRE DE PEDRA; 2.463.349,79 ; -   ; -   ; -   ; -   ; 2.463.349,79 ;;;;
SP;3554706;TORRINHA; 6.439.362,20 ; -   ; -   ; -   ; -   ; 6.439.362,20 ;;;;
SP;3554755;TRABIJU; 2.345.444,76 ; -   ; -   ; -   ; -   ; 2.345.444,76 ;;;;
SP;3554805;TREMEMBE; 40.574.243,47 ; -   ; -   ; -   ; -   ; 40.574.243,47 ;;;;
SP;3554904;TRES FRONTEIRAS; 4.917.775,05 ; -   ; -   ; -   ; -   ; 4.917.775,05 ;;;;
SP;3554953;TUIUTI; 9.361.207,81 ; -   ; 866.801,55 ; -   ; 866.801,55 ; 10.228.009,36 ;;;;
SP;3555000;TUPA; 40.448.091,72 ; -   ; -   ; 1.577.713,61 ; 1.577.713,61 ; 42.025.805,33 ;;;;
SP;3555109;TUPI PAULISTA; 14.482.422,90 ; -   ; 2.338.339,98 ; 665.637,80 ; 3.003.977,78 ; 17.486.400,68 ;;;;
SP;3555208;TURIUBA; 1.743.084,47 ; -   ; -   ; 62.279,30 ; 62.279,30 ; 1.805.363,77 ;;;;
SP;3555307;TURMALINA; 1.614.351,63 ; -   ; -   ; -   ; -   ; 1.614.351,63 ;;;;
SP;3555356;UBARANA; 8.188.461,85 ; -   ; -   ; -   ; -   ; 8.188.461,85 ;;;;
SP;3555406;UBATUBA; 106.156.982,17 ; -   ; -   ; -   ; -   ; 106.156.982,17 ;;;;
SP;3555505;UBIRAJARA; 5.014.431,78 ; -   ; -   ; -   ; -   ; 5.014.431,78 ;;;;
SP;3555604;UCHOA; 11.524.289,30 ; -   ; -   ; -   ; -   ; 11.524.289,30 ;;;;
SP;3555703;UNIAO PAULISTA; 953.257,93 ; -   ; -   ; -   ; -   ; 953.257,93 ;;;;
SP;3555802;URANIA; 4.040.946,01 ; -   ; -   ; -   ; -   ; 4.040.946,01 ;;;;
SP;3555901;URU; 1.834.246,89 ; -   ; -   ; -   ; -   ; 1.834.246,89 ;;;;
SP;3556008;URUPES; 15.397.859,91 ; -   ; -   ; 1.471.933,45 ; 1.471.933,45 ; 16.869.793,36 ;;;;
SP;3556107;VALENTIM GENTIL; 11.851.462,19 ; -   ; -   ; 545.386,13 ; 545.386,13 ; 12.396.848,32 ;;;;
SP;3556206;VALINHOS; 78.733.574,43 ; -   ; -   ; -   ; -   ; 78.733.574,43 ;;;;
SP;3556305;VALPARAISO; 21.316.164,42 ; -   ; -   ; -   ; -   ; 21.316.164,42 ;;;;
SP;3556354;VARGEM; 12.721.732,72 ; -   ; 154.936,73 ; -   ; 154.936,73 ; 12.876.669,45 ;;;;
SP;3556404;VARGEM GRANDE DO SUL; 31.134.196,28 ; -   ; -   ; -   ; -   ; 31.134.196,28 ;;;;
SP;3556453;VARGEM GRANDE PAULISTA; 39.530.330,45 ; -   ; -   ; -   ; -   ; 39.530.330,45 ;;;;
SP;3556503;VARZEA PAULISTA; 84.442.584,25 ; -   ; -   ; -   ; -   ; 84.442.584,25 ;;;;
SP;3556602;VERA CRUZ; 7.434.235,10 ; -   ; -   ; 688.532,47 ; 688.532,47 ; 8.122.767,57 ;;;;
SP;3556701;VINHEDO; 94.831.281,75 ; -   ; -   ; -   ; -   ; 94.831.281,75 ;;;;
SP;3556800;VIRADOURO; 18.982.786,68 ; -   ; -   ; 1.545.387,69 ; 1.545.387,69 ; 20.528.174,37 ;;;;
SP;3556909;VISTA ALEGRE DO ALTO; 8.118.753,65 ; -   ; -   ; 725.963,36 ; 725.963,36 ; 8.844.717,01 ;;;;
SP;3556958;VITORIA BRASIL; 1.571.025,36 ; -   ; -   ; -   ; -   ; 1.571.025,36 ;;;;
SP;3557006;VOTORANTIM; 94.893.060,71 ; -   ; -   ; -   ; -   ; 94.893.060,71 ;;;;
SP;3557105;VOTUPORANGA; 78.098.323,03 ; -   ; -   ; 3.075.417,83 ; 3.075.417,83 ; 81.173.740,86 ;;;;
SP;3557154;ZACARIAS; 2.245.865,21 ; -   ; -   ; 216.462,82 ; 216.462,82 ; 2.462.328,03 ;;;;
SP;35;GOVERNO DO ESTADO; 30.674.592.447,22 ; -   ; -   ; -   ; -   ; 30.674.592.447,22 ;;;;
TO;1700251;ABREULANDIA; 5.933.999,99 ; -   ; -   ; 356.087,06 ; 356.087,06 ; 6.290.087,05 ;;;;
TO;1700301;AGUIARNOPOLIS; 7.148.335,16 ; -   ; -   ; 262.883,13 ; 262.883,13 ; 7.411.218,29 ;;;;
TO;1700350;ALIANCA DO TOCANTINS; 8.145.534,00 ; -   ; -   ; 454.291,84 ; 454.291,84 ; 8.599.825,84 ;;;;
TO;1700400;ALMAS; 11.642.321,78 ; -   ; -   ; -   ; -   ; 11.642.321,78 ;;;;
TO;1700707;ALVORADA; 13.921.246,93 ; -   ; -   ; -   ; -   ; 13.921.246,93 ;;;;
TO;1701002;ANANAS; 15.928.035,02 ; -   ; 2.553.514,24 ; 933.875,71 ; 3.487.389,95 ; 19.415.424,97 ;;;;
TO;1701051;ANGICO; 4.378.835,35 ; -   ; -   ; 265.315,37 ; 265.315,37 ; 4.644.150,72 ;;;;
TO;1701101;APARECIDA DO RIO NEGRO; 9.535.802,65 ; -   ; -   ; -   ; -   ; 9.535.802,65 ;;;;
TO;1701309;ARAGOMINAS; 6.077.177,42 ; -   ; -   ; 366.041,48 ; 366.041,48 ; 6.443.218,90 ;;;;
TO;1701903;ARAGUACEMA; 8.311.390,24 ; -   ; -   ; -   ; -   ; 8.311.390,24 ;;;;
TO;1702000;ARAGUACU; 11.001.645,10 ; -   ; -   ; -   ; -   ; 11.001.645,10 ;;;;
TO;1702109;ARAGUAINA; 222.995.474,08 ; -   ; -   ; -   ; -   ; 222.995.474,08 ;;;;
TO;1702158;ARAGUANA; 6.101.287,64 ; -   ; -   ; -   ; -   ; 6.101.287,64 ;;;;
TO;1702208;ARAGUATINS; 38.591.557,11 ; -   ; -   ; 1.070.294,94 ; 1.070.294,94 ; 39.661.852,05 ;;;;
TO;1702307;ARAPOEMA; 7.688.690,49 ; -   ; -   ; -   ; -   ; 7.688.690,49 ;;;;
TO;1702406;ARRAIAS; 13.170.978,46 ; -   ; -   ; -   ; -   ; 13.170.978,46 ;;;;
TO;1702554;AUGUSTINOPOLIS; 27.416.017,85 ; -   ; 4.082.474,17 ; -   ; 4.082.474,17 ; 31.498.492,02 ;;;;
TO;1702703;AURORA DO TOCANTINS; 3.810.750,13 ; -   ; -   ; -   ; -   ; 3.810.750,13 ;;;;
TO;1702901;AXIXA DO TOCANTINS; 28.405.912,24 ; -   ; 3.417.854,17 ; 1.488.018,77 ; 4.905.872,94 ; 33.311.785,18 ;;;;
TO;1703008;BABACULANDIA; 10.899.348,03 ; -   ; -   ; 676.366,37 ; 676.366,37 ; 11.575.714,40 ;;;;
TO;1703057;BANDEIRANTES DO TOCANTINS; 7.182.305,03 ; -   ; -   ; 404.260,03 ; 404.260,03 ; 7.586.565,06 ;;;;
TO;1703073;BARRA DO OURO; 7.936.710,87 ; -   ; 339.227,85 ; 454.934,99 ; 794.162,84 ; 8.730.873,71 ;;;;
TO;1703107;BARROLANDIA; 7.044.604,05 ; -   ; -   ; -   ; -   ; 7.044.604,05 ;;;;
TO;1703206;BERNARDO SAYAO; 8.768.233,32 ; -   ; -   ; 288.265,27 ; 288.265,27 ; 9.056.498,59 ;;;;
TO;1703305;BOM JESUS DO TOCANTINS; 6.666.599,96 ; -   ; -   ; -   ; -   ; 6.666.599,96 ;;;;
TO;1703602;BRASILANDIA DO TOCANTINS; 2.882.585,49 ; -   ; -   ; -   ; -   ; 2.882.585,49 ;;;;
TO;1703701;BREJINHO DE NAZARE; 9.188.762,37 ; -   ; -   ; 251.395,62 ; 251.395,62 ; 9.440.157,99 ;;;;
TO;1703800;BURITI DO TOCANTINS; 16.468.947,70 ; -   ; 1.857.680,75 ; 918.337,96 ; 2.776.018,71 ; 19.244.966,41 ;;;;
TO;1703826;CACHOEIRINHA; 4.092.636,72 ; -   ; 386.429,35 ; 136.181,07 ; 522.610,42 ; 4.615.247,14 ;;;;
TO;1703842;CAMPOS LINDOS; 22.015.117,75 ; -   ; -   ; 1.356.907,64 ; 1.356.907,64 ; 23.372.025,39 ;;;;
TO;1703867;CARIRI DO TOCANTINS; 7.926.728,02 ; -   ; -   ; 223.946,02 ; 223.946,02 ; 8.150.674,04 ;;;;
TO;1703883;CARMOLANDIA; 5.089.178,25 ; -   ; -   ; -   ; -   ; 5.089.178,25 ;;;;
TO;1703891;CARRASCO BONITO; 6.934.879,79 ; -   ; -   ; 351.078,99 ; 351.078,99 ; 7.285.958,78 ;;;;
TO;1703909;CASEARA; 8.926.815,98 ; -   ; 761.866,16 ; 572.632,03 ; 1.334.498,19 ; 10.261.314,17 ;;;;
TO;1704105;CENTENARIO; 2.737.887,50 ; -   ; -   ; 192.191,60 ; 192.191,60 ; 2.930.079,10 ;;;;
TO;1705102;CHAPADA DA NATIVIDADE; 5.812.208,45 ; -   ; 307.380,18 ; 249.217,19 ; 556.597,37 ; 6.368.805,82 ;;;;
TO;1704600;CHAPADA DE AREIA; 3.167.132,54 ; -   ; -   ; 185.168,97 ; 185.168,97 ; 3.352.301,51 ;;;;
TO;1705508;COLINAS DO TOCANTINS; 64.260.365,86 ; -   ; 4.146.727,40 ; 3.809.082,48 ; 7.955.809,88 ; 72.216.175,74 ;;;;
TO;1716703;COLMEIA; 10.475.096,89 ; -   ; 1.340.430,59 ; -   ; 1.340.430,59 ; 11.815.527,48 ;;;;
TO;1705557;COMBINADO; 5.105.286,33 ; -   ; -   ; -   ; -   ; 5.105.286,33 ;;;;
TO;1705607;CONCEICAO DO TOCANTINS; 7.189.216,34 ; -   ; -   ; -   ; -   ; 7.189.216,34 ;;;;
TO;1706001;COUTO DE MAGALHAES; 12.850.667,89 ; -   ; 1.146.097,53 ; 342.456,27 ; 1.488.553,80 ; 14.339.221,69 ;;;;
TO;1706100;CRISTALANDIA; 6.984.609,49 ; -   ; -   ; 459.576,50 ; 459.576,50 ; 7.444.185,99 ;;;;
TO;1706258;CRIXAS DO TOCANTINS; 3.421.244,61 ; -   ; -   ; 183.606,99 ; 183.606,99 ; 3.604.851,60 ;;;;
TO;1706506;DARCINOPOLIS; 7.782.385,63 ; -   ; 648.756,30 ; -   ; 648.756,30 ; 8.431.141,93 ;;;;
TO;1707009;DIANOPOLIS; 27.964.830,90 ; -   ; -   ; 1.887.140,28 ; 1.887.140,28 ; 29.851.971,18 ;;;;
TO;1707108;DIVINOPOLIS DO TOCANTINS; 9.855.726,22 ; -   ; -   ; -   ; -   ; 9.855.726,22 ;;;;
TO;1707207;DOIS IRMAOS DO TOCANTINS; 8.457.174,07 ; -   ; -   ; -   ; -   ; 8.457.174,07 ;;;;
TO;1707306;DUERE; 5.109.967,14 ; -   ; -   ; 195.667,49 ; 195.667,49 ; 5.305.634,63 ;;;;
TO;1707405;ESPERANTINA; 16.771.726,92 ; -   ; 248.027,25 ; 1.004.090,83 ; 1.252.118,08 ; 18.023.845,00 ;;;;
TO;1707553;FATIMA; 4.730.133,56 ; -   ; -   ; -   ; -   ; 4.730.133,56 ;;;;
TO;1707652;FIGUEIROPOLIS; 5.406.862,02 ; -   ; -   ; -   ; -   ; 5.406.862,02 ;;;;
TO;1707702;FILADELFIA; 10.978.902,47 ; -   ; 787.816,97 ; 600.825,11 ; 1.388.642,08 ; 12.367.544,55 ;;;;
TO;1708205;FORMOSO DO ARAGUAIA; 21.563.036,99 ; -   ; -   ; -   ; -   ; 21.563.036,99 ;;;;
TO;1708254;FORTALEZA DO TABOCAO; 8.129.920,55 ; -   ; -   ; 237.499,16 ; 237.499,16 ; 8.367.419,71 ;;;;
TO;1708304;GOIANORTE; 6.909.233,43 ; -   ; -   ; -   ; -   ; 6.909.233,43 ;;;;
TO;1709005;GOIATINS; 23.868.595,01 ; -   ; -   ; 1.434.755,41 ; 1.434.755,41 ; 25.303.350,42 ;;;;
TO;1709302;GUARAI; 21.807.710,39 ; -   ; -   ; -   ; -   ; 21.807.710,39 ;;;;
TO;1709500;GURUPI; 103.200.457,89 ; -   ; -   ; -   ; -   ; 103.200.457,89 ;;;;
TO;1709807;IPUEIRAS; 3.430.165,93 ; -   ; -   ; 212.767,37 ; 212.767,37 ; 3.642.933,30 ;;;;
TO;1710508;ITACAJA; 8.746.168,79 ; -   ; -   ; -   ; -   ; 8.746.168,79 ;;;;
TO;1710706;ITAGUATINS; 11.228.963,60 ; -   ; -   ; 543.038,36 ; 543.038,36 ; 11.772.001,96 ;;;;
TO;1710904;ITAPIRATINS; 5.623.580,62 ; -   ; -   ; 328.628,31 ; 328.628,31 ; 5.952.208,93 ;;;;
TO;1711100;ITAPORA DO TOCANTINS; 2.995.563,78 ; -   ; -   ; 216.696,90 ; 216.696,90 ; 3.212.260,68 ;;;;
TO;1711506;JAU DO TOCANTINS; 6.159.145,09 ; -   ; -   ; 206.684,07 ; 206.684,07 ; 6.365.829,16 ;;;;
TO;1711803;JUARINA; 5.603.470,06 ; -   ; -   ; 290.329,56 ; 290.329,56 ; 5.893.799,62 ;;;;
TO;1711902;LAGOA DA CONFUSAO; 24.021.002,86 ; -   ; 648.688,89 ; -   ; 648.688,89 ; 24.669.691,75 ;;;;
TO;1711951;LAGOA DO TOCANTINS; 7.932.957,90 ; -   ; -   ; 428.238,49 ; 428.238,49 ; 8.361.196,39 ;;;;
TO;1712009;LAJEADO; 9.311.099,05 ; -   ; -   ; -   ; -   ; 9.311.099,05 ;;;;
TO;1712157;LAVANDEIRA; 2.715.743,30 ; -   ; -   ; -   ; -   ; 2.715.743,30 ;;;;
TO;1712405;LIZARDA; 4.137.540,36 ; -   ; -   ; -   ; -   ; 4.137.540,36 ;;;;
TO;1712454;LUZINOPOLIS; 5.106.552,33 ; -   ; 435.140,11 ; -   ; 435.140,11 ; 5.541.692,44 ;;;;
TO;1712504;MARIANOPOLIS DO TOCANTINS; 11.894.327,60 ; -   ; 1.657.637,29 ; -   ; 1.657.637,29 ; 13.551.964,89 ;;;;
TO;1712702;MATEIROS; 3.849.554,01 ; -   ; -   ; -   ; -   ; 3.849.554,01 ;;;;
TO;1712801;MAURILANDIA DO TOCANTINS; 7.740.816,35 ; -   ; -   ; 422.238,30 ; 422.238,30 ; 8.163.054,65 ;;;;
TO;1713205;MIRACEMA DO TOCANTINS; 18.800.464,23 ; -   ; -   ; 1.143.688,68 ; 1.143.688,68 ; 19.944.152,91 ;;;;
TO;1713304;MIRANORTE; 16.826.738,83 ; -   ; -   ; -   ; -   ; 16.826.738,83 ;;;;
TO;1713601;MONTE DO CARMO; 11.693.807,74 ; -   ; 1.166.570,00 ; 343.324,42 ; 1.509.894,42 ; 13.203.702,16 ;;;;
TO;1713700;MONTE SANTO DO TOCANTINS; 3.369.804,56 ; -   ; -   ; 236.328,08 ; 236.328,08 ; 3.606.132,64 ;;;;
TO;1713957;MURICILANDIA; 5.380.926,39 ; -   ; 205.077,03 ; 242.780,56 ; 447.857,59 ; 5.828.783,98 ;;;;
TO;1714203;NATIVIDADE; 13.203.185,99 ; -   ; 749.663,41 ; -   ; 749.663,41 ; 13.952.849,40 ;;;;
TO;1714302;NAZARE; 7.118.033,58 ; -   ; 942.174,18 ; 401.373,90 ; 1.343.548,08 ; 8.461.581,66 ;;;;
TO;1714880;NOVA OLINDA; 18.331.442,58 ; -   ; 376.006,73 ; -   ; 376.006,73 ; 18.707.449,31 ;;;;
TO;1715002;NOVA ROSALANDIA; 3.450.984,57 ; -   ; -   ; 128.354,51 ; 128.354,51 ; 3.579.339,08 ;;;;
TO;1715101;NOVO ACORDO; 6.110.559,72 ; -   ; -   ; 420.353,51 ; 420.353,51 ; 6.530.913,23 ;;;;
TO;1715150;NOVO ALEGRE; 1.488.947,26 ; -   ; -   ; 54.749,06 ; 54.749,06 ; 1.543.696,32 ;;;;
TO;1715259;NOVO JARDIM; 2.941.459,44 ; -   ; -   ; -   ; -   ; 2.941.459,44 ;;;;
TO;1715507;OLIVEIRA DE FATIMA; 3.116.998,14 ; -   ; -   ; 171.568,64 ; 171.568,64 ; 3.288.566,78 ;;;;
TO;1721000;PALMAS; 466.539.480,95 ; -   ; -   ; -   ; -   ; 466.539.480,95 ;;;;
TO;1715705;PALMEIRANTE; 9.148.601,16 ; -   ; -   ; 549.839,11 ; 549.839,11 ; 9.698.440,27 ;;;;
TO;1713809;PALMEIRAS DO TOCANTINS; 8.104.595,49 ; -   ; -   ; 409.930,77 ; 409.930,77 ; 8.514.526,26 ;;;;
TO;1715754;PALMEIROPOLIS; 12.853.918,99 ; -   ; 1.956.456,66 ; 776.753,96 ; 2.733.210,62 ; 15.587.129,61 ;;;;
TO;1716109;PARAISO DO TOCANTINS; 56.950.490,51 ; -   ; -   ; -   ; -   ; 56.950.490,51 ;;;;
TO;1716208;PARANA; 19.890.417,37 ; -   ; 1.014.374,77 ; 977.267,52 ; 1.991.642,29 ; 21.882.059,66 ;;;;
TO;1716307;PAU DARCO; 6.849.804,76 ; -   ; 166.575,49 ; -   ; 166.575,49 ; 7.016.380,25 ;;;;
TO;1716505;PEDRO AFONSO; 21.012.718,77 ; -   ; -   ; 1.375.127,21 ; 1.375.127,21 ; 22.387.845,98 ;;;;
TO;1716604;PEIXE; 11.955.929,26 ; -   ; -   ; -   ; -   ; 11.955.929,26 ;;;;
TO;1716653;PEQUIZEIRO; 10.621.377,44 ; -   ; 395.955,13 ; 288.518,99 ; 684.474,12 ; 11.305.851,56 ;;;;
TO;1717008;PINDORAMA DO TOCANTINS; 5.163.598,26 ; -   ; -   ; 193.513,09 ; 193.513,09 ; 5.357.111,35 ;;;;
TO;1717206;PIRAQUE; 4.991.662,70 ; -   ; 521.050,11 ; -   ; 521.050,11 ; 5.512.712,81 ;;;;
TO;1717503;PIUM; 11.778.994,05 ; -   ; -   ; -   ; -   ; 11.778.994,05 ;;;;
TO;1717800;PONTE ALTA DO BOM JESUS; 4.335.573,99 ; -   ; -   ; 295.157,14 ; 295.157,14 ; 4.630.731,13 ;;;;
TO;1717909;PONTE ALTA DO TOCANTINS; 9.710.030,29 ; -   ; -   ; -   ; -   ; 9.710.030,29 ;;;;
TO;1718006;PORTO ALEGRE DO TOCANTINS; 4.065.027,33 ; -   ; -   ; 151.800,78 ; 151.800,78 ; 4.216.828,11 ;;;;
TO;1718204;PORTO NACIONAL; 87.329.857,04 ; -   ; -   ; -   ; -   ; 87.329.857,04 ;;;;
TO;1718303;PRAIA NORTE; 16.146.301,62 ; -   ; -   ; 1.005.755,54 ; 1.005.755,54 ; 17.152.057,16 ;;;;
TO;1718402;PRESIDENTE KENNEDY; 3.797.939,14 ; -   ; -   ; 231.110,15 ; 231.110,15 ; 4.029.049,29 ;;;;
TO;1718451;PUGMIL; 4.267.642,89 ; -   ; -   ; -   ; -   ; 4.267.642,89 ;;;;
TO;1718501;RECURSOLANDIA; 6.803.975,85 ; -   ; -   ; -   ; -   ; 6.803.975,85 ;;;;
TO;1718550;RIACHINHO; 8.193.643,13 ; -   ; -   ; 258.390,57 ; 258.390,57 ; 8.452.033,70 ;;;;
TO;1718659;RIO DA CONCEICAO; 3.070.772,33 ; -   ; -   ; -   ; -   ; 3.070.772,33 ;;;;
TO;1718709;RIO DOS BOIS; 4.171.840,30 ; -   ; -   ; 254.602,27 ; 254.602,27 ; 4.426.442,57 ;;;;
TO;1718758;RIO SONO; 8.660.742,44 ; -   ; -   ; 497.141,15 ; 497.141,15 ; 9.157.883,59 ;;;;
TO;1718808;SAMPAIO; 8.772.910,40 ; -   ; 210.917,70 ; 263.122,28 ; 474.039,98 ; 9.246.950,38 ;;;;
TO;1718840;SANDOLANDIA; 3.909.699,12 ; -   ; -   ; -   ; -   ; 3.909.699,12 ;;;;
TO;1718865;SANTA FE DO ARAGUAIA; 11.017.369,92 ; -   ; 1.474.563,39 ; 330.572,33 ; 1.805.135,72 ; 12.822.505,64 ;;;;
TO;1718881;SANTA MARIA DO TOCANTINS; 4.568.934,48 ; -   ; -   ; 270.403,53 ; 270.403,53 ; 4.839.338,01 ;;;;
TO;1718899;SANTA RITA DO TOCANTINS; 4.122.242,69 ; -   ; -   ; -   ; -   ; 4.122.242,69 ;;;;
TO;1718907;SANTA ROSA DO TOCANTINS; 11.951.796,42 ; -   ; 1.309.310,99 ; 570.179,04 ; 1.879.490,03 ; 13.831.286,45 ;;;;
TO;1719004;SANTA TEREZA DO TOCANTINS; 5.670.506,89 ; -   ; 3.909,19 ; -   ; 3.909,19 ; 5.674.416,08 ;;;;
TO;1720002;SANTA TEREZINHA DO TOCANTINS; 5.037.834,42 ; -   ; -   ; 266.520,19 ; 266.520,19 ; 5.304.354,61 ;;;;
TO;1720101;SAO BENTO DO TOCANTINS; 15.480.186,45 ; -   ; 4.789.734,10 ; 822.683,57 ; 5.612.417,67 ; 21.092.604,12 ;;;;
TO;1720150;SAO FELIX DO TOCANTINS; 3.322.518,13 ; -   ; -   ; 84.280,65 ; 84.280,65 ; 3.406.798,78 ;;;;
TO;1720200;SAO MIGUEL DO TOCANTINS; 30.140.071,93 ; -   ; 5.200.754,07 ; 1.685.524,65 ; 6.886.278,72 ; 37.026.350,65 ;;;;
TO;1720259;SAO SALVADOR DO TOCANTINS; 4.706.247,61 ; -   ; -   ; 237.226,84 ; 237.226,84 ; 4.943.474,45 ;;;;
TO;1720309;SAO SEBASTIAO DO TOCANTINS; 9.834.642,77 ; -   ; 1.202.976,02 ; 536.001,81 ; 1.738.977,83 ; 11.573.620,60 ;;;;
TO;1720499;SAO VALERIO; 8.760.487,28 ; -   ; -   ; 257.327,53 ; 257.327,53 ; 9.017.814,81 ;;;;
TO;1720655;SILVANOPOLIS; 8.058.723,05 ; -   ; -   ; -   ; -   ; 8.058.723,05 ;;;;
TO;1720804;SITIO NOVO DO TOCANTINS; 29.031.926,22 ; -   ; 6.560.224,26 ; 1.500.052,26 ; 8.060.276,52 ; 37.092.202,74 ;;;;
TO;1720853;SUCUPIRA; 1.932.428,15 ; -   ; -   ; -   ; -   ; 1.932.428,15 ;;;;
TO;1720903;TAGUATINGA; 18.121.992,16 ; -   ; -   ; -   ; -   ; 18.121.992,16 ;;;;
TO;1720937;TAIPAS DO TOCANTINS; 2.779.269,09 ; -   ; -   ; 182.987,17 ; 182.987,17 ; 2.962.256,26 ;;;;
TO;1720978;TALISMA; 4.253.430,37 ; -   ; -   ; 149.762,60 ; 149.762,60 ; 4.403.192,97 ;;;;
TO;1721109;TOCANTINIA; 15.292.036,52 ; -   ; 1.110.275,32 ; -   ; 1.110.275,32 ; 16.402.311,84 ;;;;
TO;1721208;TOCANTINOPOLIS; 27.945.502,98 ; -   ; -   ; 1.897.258,90 ; 1.897.258,90 ; 29.842.761,88 ;;;;
TO;1721257;TUPIRAMA; 2.123.742,78 ; -   ; -   ; -   ; -   ; 2.123.742,78 ;;;;
TO;1721307;TUPIRATINS; 2.590.761,66 ; -   ; -   ; -   ; -   ; 2.590.761,66 ;;;;
TO;1722081;WANDERLANDIA; 15.299.887,57 ; -   ; 423.145,38 ; 911.433,10 ; 1.334.578,48 ; 16.634.466,05 ;;;;
TO;1722107;XAMBIOA; 17.154.194,09 ; -   ; -   ; 1.132.368,26 ; 1.132.368,26 ; 18.286.562,35 ;;;;
TO;17;GOVERNO DO ESTADO; 1.533.933.457,31 ; -   ; -   ; -   ; -   ; 1.533.933.457,31 ;;;;
;;TOTAL; 301.044.720.646,24 ; 30.104.472.064,85 ; 31.609.695.667,85 ; 7.526.118.016,16 ; 69.240.285.748,86 ; 370.285.006.395,10 ;;;;
;;;;;;;;;;;;
