ANEXO IV;;;;;;
Portaria Interministerial MEC/MF nº 14, de 29 de dezembro de 2025;;;;;;
Demonstrativo da Distribuição da Complementação da União-VAAT ao Fundeb no Ano de 2026 (art. 16, incisos V a VII da Lei nº 14.113/2020);;;;;;
UF;Ente Federado;Código IBGE; VAAT anterior à Complementação-VAAT (art. 16, IV) (R$) ;" VAAT com a Complementação da União-VAAT
(art. 16, V) (R$) ";" Complementação da União-VAAT
(art. 16, VI) (R$) ";Indicador de Educação Infantil (IEI) - Percentual da Complementação da União-VAAT vinculado à Educação Infantil (art. 16, VII) (%)
AC;Acre;12; 11.421,84 ; 11.421,84 ; -   ;0%
AC;ACRELANDIA;1200013; 9.342,37 ; 10.194,38 ; 2.414.802,26 ;54%
AC;ASSIS BRASIL;1200054; 9.192,18 ; 10.194,38 ; 1.893.458,75 ;67%
AC;BRASILEIA;1200104; 8.570,65 ; 10.194,38 ; 8.067.731,51 ;59%
AC;BUJARI;1200138; 7.579,62 ; 10.194,38 ; 7.059.361,50 ;56%
AC;CAPIXABA;1200179; 9.377,44 ; 10.194,38 ; 2.207.975,63 ;56%
AC;CRUZEIRO DO SUL;1200203; 8.250,54 ; 10.194,38 ; 36.784.673,02 ;55%
AC;EPITACIOLANDIA;1200252; 8.038,77 ; 10.194,38 ; 8.810.533,77 ;57%
AC;FEIJO;1200302; 7.051,31 ; 10.194,38 ; 23.532.821,64 ;60%
AC;JORDAO;1200328; 9.116,16 ; 10.194,38 ; 4.657.658,54 ;57%
AC;MANCIO LIMA;1200336; 8.500,84 ; 10.194,38 ; 8.070.728,80 ;49%
AC;MANOEL URBANO;1200344; 8.466,91 ; 10.194,38 ; 5.938.561,09 ;56%
AC;MARECHAL THAUMATURGO;1200351; 9.395,25 ; 10.194,38 ; 5.411.238,45 ;59%
AC;PLACIDO DE CASTRO;1200385; 9.199,62 ; 10.194,38 ; 3.049.419,97 ;55%
AC;PORTO ACRE;1200807; 7.267,67 ; 10.194,38 ; 12.322.202,99 ;53%
AC;PORTO WALTER;1200393; 10.911,43 ; 10.911,43 ; -   ;0%
AC;RIO BRANCO;1200401; 12.598,04 ; 12.598,04 ; -   ;0%
AC;RODRIGUES ALVES;1200427; 10.296,02 ; 10.296,02 ; -   ;0%
AC;SANTA ROSA DO PURUS;1200435; 9.628,88 ; 10.194,38 ; 1.611.612,57 ;63%
AC;SENA MADUREIRA;1200500; 9.107,18 ; 10.194,38 ; 8.298.509,53 ;61%
AC;SENADOR GUIOMARD;1200450; 8.717,15 ; 10.194,38 ; 5.055.441,91 ;54%
AC;TARAUACA;1200609; 8.304,15 ; 10.194,38 ; 20.340.321,77 ;60%
AC;XAPURI;1200708; 7.893,93 ; 10.194,38 ; 6.206.467,69 ;58%
AL;AGUA BRANCA;2700102; 7.737,20 ; 10.194,38 ; 18.418.226,14 ;51%
AL;Alagoas;27; 10.939,88 ; 10.939,88 ; -   ;0%
AL;ANADIA;2700201; 6.984,83 ; 10.194,38 ; 15.599.373,79 ;50%
AL;ARAPIRACA;2700300; 7.523,93 ; 10.194,38 ; 122.655.599,21 ;54%
AL;ATALAIA;2700409; 7.874,30 ; 10.194,38 ; 29.148.966,69 ;51%
AL;BARRA DE SANTO ANTONIO;2700508; 7.995,24 ; 10.194,38 ; 11.230.179,03 ;55%
AL;BARRA DE SAO MIGUEL;2700607; 9.443,10 ; 10.194,38 ; 2.323.346,97 ;43%
AL;BATALHA;2700706; 9.865,18 ; 10.194,38 ; 1.635.394,71 ;49%
AL;BELEM;2700805; 7.867,17 ; 10.194,38 ; 6.006.231,10 ;48%
AL;BELO MONTE;2700904; 6.667,02 ; 10.194,38 ; 11.805.552,03 ;37%
AL;BOCA DA MATA;2701001; 7.707,04 ; 10.194,38 ; 18.795.809,30 ;48%
AL;BRANQUINHA;2701100; 7.970,86 ; 10.194,38 ; 10.697.284,97 ;42%
AL;CACIMBINHAS;2701209; 9.880,37 ; 10.194,38 ; 1.136.361,14 ;47%
AL;CAJUEIRO;2701308; 7.179,35 ; 10.194,38 ; 19.318.409,26 ;46%
AL;CAMPESTRE;2701357; 7.696,91 ; 10.194,38 ; 6.195.983,33 ;46%
AL;CAMPO ALEGRE;2701407; 5.936,13 ; 10.194,38 ; 81.292.338,09 ;45%
AL;CAMPO GRANDE;2701506; 8.583,20 ; 10.194,38 ; 5.567.188,90 ;56%
AL;CANAPI;2701605; 7.786,47 ; 10.194,38 ; 20.460.329,93 ;46%
AL;CAPELA;2701704; 7.852,07 ; 10.194,38 ; 13.327.295,16 ;44%
AL;CARNEIROS;2701803; 7.558,85 ; 10.194,38 ; 9.601.557,08 ;51%
AL;CHA PRETA;2701902; 8.408,10 ; 10.194,38 ; 3.450.669,61 ;42%
AL;COITE DO NOIA;2702009; 7.519,01 ; 10.194,38 ; 9.983.674,37 ;51%
AL;COLONIA LEOPOLDINA;2702108; 7.199,89 ; 10.194,38 ; 18.006.123,68 ;48%
AL;COQUEIRO SECO;2702207; 9.907,86 ; 10.194,38 ; 470.975,36 ;48%
AL;CORURIPE;2702306; 7.084,93 ; 10.194,38 ; 61.119.640,22 ;45%
AL;CRAIBAS;2702355; 7.491,72 ; 10.194,38 ; 26.585.777,32 ;51%
AL;DELMIRO GOUVEIA;2702405; 7.836,17 ; 10.194,38 ; 31.418.638,05 ;54%
AL;DOIS RIACHOS;2702504; 8.501,96 ; 10.194,38 ; 7.406.049,39 ;52%
AL;ESTRELA DE ALAGOAS;2702553; 7.369,10 ; 10.194,38 ; 13.799.211,85 ;44%
AL;FEIRA GRANDE;2702603; 7.481,66 ; 10.194,38 ; 18.860.962,38 ;56%
AL;FELIZ DESERTO;2702702; 10.086,73 ; 10.194,38 ; 160.619,38 ;52%
AL;FLEXEIRAS;2702801; 8.930,06 ; 10.194,38 ; 4.352.127,24 ;51%
AL;GIRAU DO PONCIANO;2702900; 9.735,72 ; 10.194,38 ; 6.884.801,86 ;49%
AL;IBATEGUARA;2703007; 5.985,73 ; 10.194,38 ; 22.648.767,18 ;45%
AL;IGACI;2703106; 7.511,61 ; 10.194,38 ; 17.013.314,68 ;55%
AL;IGREJA NOVA;2703205; 7.961,86 ; 10.194,38 ; 16.050.944,17 ;54%
AL;INHAPI;2703304; 7.800,21 ; 10.194,38 ; 16.750.782,67 ;54%
AL;JACARE DOS HOMENS;2703403; 6.766,98 ; 10.194,38 ; 11.646.196,29 ;32%
AL;JACUIPE;2703502; 10.156,58 ; 10.194,38 ; 79.570,57 ;43%
AL;JAPARATINGA;2703601; 8.403,10 ; 10.194,38 ; 5.728.102,86 ;55%
AL;JARAMATAIA;2703700; 7.877,45 ; 10.194,38 ; 4.730.449,37 ;44%
AL;JEQUIA DA PRAIA;2703759; 9.233,00 ; 10.194,38 ; 3.150.501,64 ;48%
AL;JOAQUIM GOMES;2703809; 8.090,73 ; 10.194,38 ; 9.838.827,04 ;51%
AL;JUNDIA;2703908; 8.207,92 ; 10.194,38 ; 4.698.510,67 ;50%
AL;JUNQUEIRO;2704005; 8.293,06 ; 10.194,38 ; 13.089.460,76 ;48%
AL;LAGOA DA CANOA;2704104; 9.077,32 ; 10.194,38 ; 8.386.276,11 ;48%
AL;LIMOEIRO DE ANADIA;2704203; 5.821,26 ; 10.194,38 ; 56.235.100,16 ;47%
AL;MACEIO;2704302; 11.554,76 ; 11.554,76 ; -   ;0%
AL;MAJOR ISIDORO;2704401; 7.696,44 ; 10.194,38 ; 17.314.376,09 ;44%
AL;MAR VERMELHO;2704906; 9.157,97 ; 10.194,38 ; 1.041.958,89 ;45%
AL;MARAGOGI;2704500; 9.120,82 ; 10.194,38 ; 9.836.974,58 ;55%
AL;MARAVILHA;2704609; 7.534,33 ; 10.194,38 ; 13.056.244,35 ;43%
AL;MARECHAL DEODORO;2704708; 8.926,98 ; 10.194,38 ; 21.730.862,57 ;50%
AL;MARIBONDO;2704807; 7.375,08 ; 10.194,38 ; 9.201.133,60 ;47%
AL;MATA GRANDE;2705002; 8.656,18 ; 10.194,38 ; 10.848.504,23 ;46%
AL;MATRIZ DE CAMARAGIBE;2705101; 8.633,52 ; 10.194,38 ; 10.407.811,01 ;54%
AL;MESSIAS;2705200; 8.318,82 ; 10.194,38 ; 8.912.093,90 ;53%
AL;MINADOR DO NEGRAO;2705309; 8.442,85 ; 10.194,38 ; 3.859.271,58 ;44%
AL;MONTEIROPOLIS;2705408; 6.666,13 ; 10.194,38 ; 12.210.355,98 ;50%
AL;MURICI;2705507; 7.754,23 ; 10.194,38 ; 24.006.653,24 ;49%
AL;NOVO LINO;2705606; 8.699,58 ; 10.194,38 ; 7.234.109,54 ;46%
AL;OLHO DAGUA DAS FLORES;2705705; 7.847,02 ; 10.194,38 ; 14.094.219,62 ;45%
AL;OLHO DAGUA DO CASADO;2705804; 7.262,81 ; 10.194,38 ; 8.645.609,45 ;58%
AL;OLHO DAGUA GRANDE;2705903; 9.313,91 ; 10.194,38 ; 1.774.153,71 ;62%
AL;OLIVENCA;2706000; 7.212,69 ; 10.194,38 ; 13.598.025,11 ;47%
AL;OURO BRANCO;2706109; 7.927,11 ; 10.194,38 ; 9.862.320,56 ;51%
AL;PALESTINA;2706208; 7.249,69 ; 10.194,38 ; 5.490.699,85 ;47%
AL;PALMEIRA DOS INDIOS;2706307; 8.030,07 ; 10.194,38 ; 32.395.656,45 ;49%
AL;PAO DE ACUCAR;2706406; 8.065,05 ; 10.194,38 ; 14.662.109,29 ;50%
AL;PARICONHA;2706422; 7.731,18 ; 10.194,38 ; 7.986.689,71 ;55%
AL;PARIPUEIRA;2706448; 8.777,16 ; 10.194,38 ; 5.773.300,09 ;51%
AL;PASSO DE CAMARAGIBE;2706505; 7.942,66 ; 10.194,38 ; 10.035.620,37 ;48%
AL;PAULO JACINTO;2706604; 8.215,85 ; 10.194,38 ; 3.219.522,29 ;46%
AL;PENEDO;2706703; 6.859,19 ; 10.194,38 ; 49.521.141,94 ;54%
AL;PIACABUCU;2706802; 8.212,78 ; 10.194,38 ; 9.677.615,56 ;53%
AL;PILAR;2706901; 7.886,80 ; 10.194,38 ; 30.259.038,59 ;50%
AL;PINDOBA;2707008; 9.745,51 ; 10.194,38 ; 362.906,82 ;32%
AL;PIRANHAS;2707107; 7.641,77 ; 10.194,38 ; 17.593.232,78 ;53%
AL;POCO DAS TRINCHEIRAS;2707206; 10.698,89 ; 10.698,89 ; -   ;0%
AL;PORTO CALVO;2707305; 6.693,07 ; 10.194,38 ; 32.980.504,47 ;38%
AL;PORTO DE PEDRAS;2707404; 9.590,33 ; 10.194,38 ; 1.952.372,12 ;48%
AL;PORTO REAL DO COLEGIO;2707503; 7.213,72 ; 10.194,38 ; 15.429.165,12 ;51%
AL;QUEBRANGULO;2707602; 7.694,14 ; 10.194,38 ; 12.166.383,30 ;44%
AL;RIO LARGO;2707701; 7.988,48 ; 10.194,38 ; 49.702.225,18 ;55%
AL;ROTEIRO;2707800; 9.519,48 ; 10.194,38 ; 1.558.860,12 ;45%
AL;SANTA LUZIA DO NORTE;2707909; 8.067,07 ; 10.194,38 ; 5.217.112,40 ;46%
AL;SANTANA DO IPANEMA;2708006; 7.325,44 ; 10.194,38 ; 29.821.120,65 ;54%
AL;SANTANA DO MUNDAU;2708105; 7.535,60 ; 10.194,38 ; 14.879.241,46 ;36%
AL;SAO BRAS;2708204; 7.642,46 ; 10.194,38 ; 4.911.554,97 ;47%
AL;SAO JOSE DA LAJE;2708303; 7.632,04 ; 10.194,38 ; 15.577.831,24 ;47%
AL;SAO JOSE DA TAPERA;2708402; 7.266,06 ; 10.194,38 ; 32.082.300,59 ;49%
AL;SAO LUIS DO QUITUNDE;2708501; 8.617,45 ; 10.194,38 ; 11.652.483,26 ;56%
AL;SAO MIGUEL DOS CAMPOS;2708600; 8.356,89 ; 10.194,38 ; 24.889.485,30 ;45%
AL;SAO MIGUEL DOS MILAGRES;2708709; 8.924,45 ; 10.194,38 ; 3.952.278,88 ;43%
AL;SAO SEBASTIAO;2708808; 8.223,92 ; 10.194,38 ; 19.102.924,59 ;57%
AL;SATUBA;2708907; 6.651,72 ; 10.194,38 ; 20.879.261,48 ;56%
AL;SENADOR RUI PALMEIRA;2708956; 8.106,61 ; 10.194,38 ; 9.543.298,00 ;52%
AL;TANQUE DARCA;2709004; 9.374,34 ; 10.194,38 ; 1.801.747,72 ;38%
AL;TAQUARANA;2709103; 7.923,29 ; 10.194,38 ; 18.559.945,36 ;45%
AL;TEOTONIO VILELA;2709152; 7.460,67 ; 10.194,38 ; 48.872.083,16 ;39%
AL;TRAIPU;2709202; 6.582,81 ; 10.194,38 ; 41.786.370,76 ;38%
AL;UNIAO DOS PALMARES;2709301; 7.027,39 ; 10.194,38 ; 60.826.700,93 ;52%
AL;VICOSA;2709400; 8.604,86 ; 10.194,38 ; 9.377.942,44 ;53%
AM;ALVARAES;1300029; 7.438,34 ; 10.194,38 ; 19.143.725,42 ;46%
AM;AMATURA;1300060; 6.486,85 ; 10.194,38 ; 18.518.841,86 ;54%
AM;Amazonas;13; 11.223,72 ; 11.223,72 ; -   ;0%
AM;ANAMA;1300086; 9.111,81 ; 10.194,38 ; 2.827.003,00 ;60%
AM;ANORI;1300102; 8.626,32 ; 10.194,38 ; 5.218.577,23 ;58%
AM;APUI;1300144; 8.392,71 ; 10.194,38 ; 5.632.018,06 ;54%
AM;ATALAIA DO NORTE;1300201; 6.742,41 ; 10.194,38 ; 25.002.511,64 ;53%
AM;AUTAZES;1300300; 7.338,75 ; 10.194,38 ; 32.504.402,77 ;59%
AM;BARCELOS;1300409; 7.024,72 ; 10.194,38 ; 15.616.172,85 ;60%
AM;BARREIRINHA;1300508; 7.449,80 ; 10.194,38 ; 36.468.132,25 ;55%
AM;BENJAMIN CONSTANT;1300607; 6.335,46 ; 10.194,38 ; 75.743.650,19 ;55%
AM;BERURI;1300631; 7.360,47 ; 10.194,38 ; 22.408.059,25 ;61%
AM;BOA VISTA DO RAMOS;1300680; 8.543,56 ; 10.194,38 ; 8.485.590,45 ;47%
AM;BOCA DO ACRE;1300706; 7.705,97 ; 10.194,38 ; 18.376.429,65 ;62%
AM;BORBA;1300805; 6.865,19 ; 10.194,38 ; 35.173.062,85 ;53%
AM;CAAPIRANGA;1300839; 9.116,60 ; 10.194,38 ; 3.605.231,43 ;49%
AM;CANUTAMA;1300904; 8.693,01 ; 10.194,38 ; 5.006.277,45 ;60%
AM;CARAUARI;1301001; 7.064,97 ; 10.194,38 ; 23.730.492,83 ;54%
AM;CAREIRO;1301100; 7.655,34 ; 10.194,38 ; 26.211.104,17 ;55%
AM;CAREIRO DA VARZEA;1301159; 7.697,23 ; 10.194,38 ; 12.731.475,04 ;57%
AM;COARI;1301209; 9.309,10 ; 10.194,38 ; 13.300.610,90 ;62%
AM;CODAJAS;1301308; 8.749,97 ; 10.194,38 ; 6.644.348,20 ;58%
AM;EIRUNEPE;1301407; 8.238,63 ; 10.194,38 ; 15.884.831,37 ;58%
AM;ENVIRA;1301506; 9.676,87 ; 10.194,38 ; 2.107.120,20 ;59%
AM;FONTE BOA;1301605; 7.381,19 ; 10.194,38 ; 25.528.172,58 ;51%
AM;GUAJARA;1301654; 7.527,46 ; 10.194,38 ; 9.089.903,93 ;53%
AM;HUMAITA;1301704; 8.001,01 ; 10.194,38 ; 28.333.740,54 ;60%
AM;IPIXUNA;1301803; 7.129,64 ; 10.194,38 ; 16.443.484,59 ;60%
AM;IRANDUBA;1301852; 7.369,88 ; 10.194,38 ; 45.290.025,59 ;57%
AM;ITACOATIARA;1301902; 8.865,87 ; 10.194,38 ; 28.670.552,35 ;61%
AM;ITAMARATI;1301951; 7.886,19 ; 10.194,38 ; 9.424.202,38 ;58%
AM;ITAPIRANGA;1302009; 7.016,47 ; 10.194,38 ; 9.175.127,92 ;55%
AM;JAPURA;1302108; 6.979,81 ; 10.194,38 ; 15.555.103,81 ;50%
AM;JURUA;1302207; 8.028,82 ; 10.194,38 ; 8.125.837,03 ;50%
AM;JUTAI;1302306; 7.231,23 ; 10.194,38 ; 34.384.529,44 ;51%
AM;LABREA;1302405; 7.523,11 ; 10.194,38 ; 31.294.584,05 ;58%
AM;MANACAPURU;1302504; 7.844,59 ; 10.194,38 ; 58.093.228,18 ;57%
AM;MANAQUIRI;1302553; 8.788,60 ; 10.194,38 ; 7.841.234,89 ;59%
AM;MANAUS;1302603; 10.369,69 ; 10.369,69 ; -   ;0%
AM;MANICORE;1302702; 8.383,01 ; 10.194,38 ; 27.827.064,74 ;53%
AM;MARAA;1302801; 7.484,16 ; 10.194,38 ; 18.777.936,04 ;50%
AM;MAUES;1302900; 7.649,89 ; 10.194,38 ; 41.436.096,79 ;62%
AM;NHAMUNDA;1303007; 8.164,83 ; 10.194,38 ; 10.150.464,50 ;56%
AM;NOVA OLINDA DO NORTE;1303106; 7.643,07 ; 10.194,38 ; 22.566.854,65 ;57%
AM;NOVO AIRAO;1303205; 8.763,43 ; 10.194,38 ; 5.495.304,75 ;60%
AM;NOVO ARIPUANA;1303304; 7.798,70 ; 10.194,38 ; 10.025.457,25 ;54%
AM;PARINTINS;1303403; 7.737,83 ; 10.194,38 ; 57.835.718,45 ;56%
AM;PAUINI;1303502; 7.766,30 ; 10.194,38 ; 12.080.220,79 ;60%
AM;PRESIDENTE FIGUEIREDO;1303536; 9.906,98 ; 10.194,38 ; 2.974.397,00 ;56%
AM;RIO PRETO DA EVA;1303569; 8.118,25 ; 10.194,38 ; 17.117.056,55 ;55%
AM;SANTA ISABEL DO RIO NEGRO;1303601; 6.510,20 ; 10.194,38 ; 20.381.498,73 ;48%
AM;SANTO ANTONIO DO ICA;1303700; 6.414,86 ; 10.194,38 ; 49.461.023,05 ;47%
AM;SAO GABRIEL DA CACHOEIRA;1303809; 6.378,89 ; 10.194,38 ; 78.492.420,21 ;59%
AM;SAO PAULO DE OLIVENCA;1303908; 6.776,33 ; 10.194,38 ; 50.380.814,36 ;61%
AM;SAO SEBASTIAO DO UATUMA;1303957; 7.944,02 ; 10.194,38 ; 5.743.211,08 ;55%
AM;SILVES;1304005; 8.652,64 ; 10.194,38 ; 6.199.237,13 ;59%
AM;TABATINGA;1304062; 6.691,16 ; 10.194,38 ; 95.576.973,41 ;50%
AM;TAPAUA;1304104; 7.264,86 ; 10.194,38 ; 21.957.152,34 ;55%
AM;TEFE;1304203; 7.272,72 ; 10.194,38 ; 69.906.019,53 ;54%
AM;TONANTINS;1304237; 7.375,08 ; 10.194,38 ; 20.404.227,88 ;51%
AM;UARINI;1304260; 7.774,36 ; 10.194,38 ; 12.746.072,11 ;52%
AM;URUCARA;1304302; 8.427,37 ; 10.194,38 ; 6.752.863,07 ;55%
AM;URUCURITUBA;1304401; 7.227,90 ; 10.194,38 ; 14.877.955,50 ;53%
AP;AMAPA;1600105; 10.121,20 ; 10.194,38 ; 123.242,89 ;56%
AP;Amapá;16; 15.225,28 ; 15.225,28 ; -   ;0%
AP;CALCOENE;1600204; 8.417,07 ; 10.194,38 ; 4.911.922,94 ;53%
AP;FERREIRA GOMES;1600238; 12.051,81 ; 12.051,81 ; -   ;0%
AP;ITAUBAL;1600253; 9.028,75 ; 10.194,38 ; 1.942.899,37 ;59%
AP;LARANJAL DO JARI;1600279; 10.079,71 ; 10.194,38 ; 1.041.162,51 ;57%
AP;MACAPA;1600303; 11.810,86 ; 11.810,86 ; -   ;0%
AP;MAZAGAO;1600402; 8.718,71 ; 10.194,38 ; 12.088.204,42 ;50%
AP;OIAPOQUE;1600501; 9.897,21 ; 10.194,38 ; 1.927.070,57 ;55%
AP;PEDRA BRANCA DO AMAPARI;1600154; 12.519,36 ; 12.519,36 ; -   ;0%
AP;PORTO GRANDE;1600535; 10.338,80 ; 10.338,80 ; -   ;0%
AP;PRACUUBA;1600550; 11.133,62 ; 11.133,62 ; -   ;0%
AP;SANTANA;1600600; 10.234,33 ; 10.234,33 ; -   ;0%
AP;SERRA DO NAVIO;1600055; 11.735,39 ; 11.735,39 ; -   ;0%
AP;TARTARUGALZINHO;1600709; 7.985,62 ; 10.194,38 ; 8.362.099,28 ;60%
AP;VITORIA DO JARI;1600808; 9.850,71 ; 10.194,38 ; 1.209.025,68 ;56%
BA;ABAIRA;2900108; 8.518,79 ; 10.194,38 ; 2.171.803,11 ;50%
BA;ABARE;2900207; 7.188,24 ; 10.194,38 ; 17.338.790,92 ;50%
BA;ACAJUTIBA;2900306; 6.045,83 ; 10.194,38 ; 28.112.136,81 ;48%
BA;ADUSTINA;2900355; 8.383,92 ; 10.194,38 ; 7.104.330,00 ;55%
BA;AGUA FRIA;2900405; 8.632,60 ; 10.194,38 ; 6.446.213,44 ;52%
BA;AIQUARA;2900603; 11.709,73 ; 11.709,73 ; -   ;0%
BA;ALAGOINHAS;2900702; 10.802,56 ; 10.802,56 ; -   ;0%
BA;ALCOBACA;2900801; 8.470,42 ; 10.194,38 ; 12.116.379,53 ;58%
BA;ALMADINA;2900900; 5.841,84 ; 10.194,38 ; 8.606.582,06 ;48%
BA;AMARGOSA;2901007; 7.288,63 ; 10.194,38 ; 25.306.706,59 ;50%
BA;AMELIA RODRIGUES;2901106; 8.126,15 ; 10.194,38 ; 11.627.570,61 ;46%
BA;AMERICA DOURADA;2901155; 7.696,07 ; 10.194,38 ; 12.806.007,90 ;44%
BA;ANAGE;2901205; 8.864,19 ; 10.194,38 ; 5.833.342,79 ;50%
BA;ANDARAI;2901304; 8.205,61 ; 10.194,38 ; 7.171.999,11 ;51%
BA;ANDORINHA;2901353; 7.693,49 ; 10.194,38 ; 14.802.728,17 ;53%
BA;ANGICAL;2901403; 8.089,78 ; 10.194,38 ; 7.448.204,82 ;51%
BA;ANGUERA;2901502; 7.423,77 ; 10.194,38 ; 11.172.124,44 ;49%
BA;ANTAS;2901601; 7.615,29 ; 10.194,38 ; 15.047.304,08 ;33%
BA;ANTONIO CARDOSO;2901700; 7.386,64 ; 10.194,38 ; 9.763.968,14 ;50%
BA;ANTONIO GONCALVES;2901809; 6.788,62 ; 10.194,38 ; 12.241.702,25 ;48%
BA;APORA;2901908; 6.273,39 ; 10.194,38 ; 21.069.018,78 ;44%
BA;APUAREMA;2901957; 7.236,69 ; 10.194,38 ; 6.699.406,27 ;47%
BA;ARACAS;2902054; 9.819,67 ; 10.194,38 ; 1.239.404,27 ;53%
BA;ARACATU;2902005; 4.793,20 ; 10.194,38 ; 30.890.456,31 ;48%
BA;ARACI;2902104; 6.876,35 ; 10.194,38 ; 72.039.581,01 ;48%
BA;ARAMARI;2902203; 5.512,76 ; 10.194,38 ; 24.565.307,28 ;43%
BA;ARATACA;2902252; 8.251,16 ; 10.194,38 ; 4.950.157,45 ;50%
BA;ARATUIPE;2902302; 7.167,96 ; 10.194,38 ; 7.677.849,30 ;50%
BA;AURELINO LEAL;2902401; 9.521,12 ; 10.194,38 ; 2.442.730,47 ;44%
BA;Bahia;29; 11.173,70 ; 11.173,70 ; -   ;0%
BA;BAIANOPOLIS;2902500; 7.343,04 ; 10.194,38 ; 11.090.038,42 ;51%
BA;BAIXA GRANDE;2902609; 7.718,28 ; 10.194,38 ; 11.894.551,56 ;53%
BA;BANZAE;2902658; 7.605,05 ; 10.194,38 ; 11.799.053,71 ;41%
BA;BARRA;2902708; 7.366,47 ; 10.194,38 ; 45.057.350,81 ;58%
BA;BARRA DA ESTIVA;2902807; 7.703,56 ; 10.194,38 ; 14.532.011,56 ;56%
BA;BARRA DO CHOCA;2902906; 7.716,49 ; 10.194,38 ; 25.325.188,17 ;49%
BA;BARRA DO MENDES;2903003; 7.302,66 ; 10.194,38 ; 10.630.651,67 ;51%
BA;BARRA DO ROCHA;2903102; 12.031,79 ; 12.031,79 ; -   ;0%
BA;BARREIRAS;2903201; 9.317,32 ; 10.194,38 ; 29.249.471,39 ;53%
BA;BARRO ALTO;2903235; 6.581,44 ; 10.194,38 ; 15.980.133,16 ;54%
BA;BARRO PRETO;2903300; 7.602,21 ; 10.194,38 ; 7.827.877,13 ;47%
BA;BARROCAS;2903276; 7.265,48 ; 10.194,38 ; 16.858.881,80 ;49%
BA;BELMONTE;2903409; 7.431,50 ; 10.194,38 ; 15.973.605,75 ;54%
BA;BELO CAMPO;2903508; 7.258,16 ; 10.194,38 ; 14.775.468,73 ;54%
BA;BIRITINGA;2903607; 8.202,47 ; 10.194,38 ; 13.267.332,30 ;51%
BA;BOA NOVA;2903706; 6.970,73 ; 10.194,38 ; 13.889.460,59 ;58%
BA;BOA VISTA DO TUPIM;2903805; 8.717,49 ; 10.194,38 ; 6.644.236,17 ;55%
BA;BOM JESUS DA LAPA;2903904; 6.988,78 ; 10.194,38 ; 65.625.119,38 ;50%
BA;BOM JESUS DA SERRA;2903953; 6.821,56 ; 10.194,38 ; 9.633.225,01 ;56%
BA;BONINAL;2904001; 8.366,96 ; 10.194,38 ; 5.810.362,49 ;55%
BA;BONITO;2904050; 6.947,77 ; 10.194,38 ; 19.574.522,43 ;52%
BA;BOQUIRA;2904100; 5.809,38 ; 10.194,38 ; 24.271.528,31 ;53%
BA;BOTUPORA;2904209; 7.188,68 ; 10.194,38 ; 10.917.916,21 ;51%
BA;BREJOES;2904308; 8.197,99 ; 10.194,38 ; 7.255.435,46 ;49%
BA;BREJOLANDIA;2904407; 8.287,39 ; 10.194,38 ; 3.654.370,19 ;63%
BA;BROTAS DE MACAUBAS;2904506; 7.985,36 ; 10.194,38 ; 7.025.253,72 ;54%
BA;BRUMADO;2904605; 7.973,82 ; 10.194,38 ; 35.242.978,11 ;51%
BA;BUERAREMA;2904704; 7.931,58 ; 10.194,38 ; 7.998.670,30 ;57%
BA;BURITIRAMA;2904753; 7.883,28 ; 10.194,38 ; 12.467.745,64 ;57%
BA;CAATIBA;2904803; 8.064,24 ; 10.194,38 ; 4.084.329,14 ;40%
BA;CABACEIRAS DO PARAGUACU;2904852; 6.926,83 ; 10.194,38 ; 22.443.592,38 ;48%
BA;CACHOEIRA;2904902; 7.182,09 ; 10.194,38 ; 20.527.934,76 ;52%
BA;CACULE;2905008; 7.426,86 ; 10.194,38 ; 16.040.670,84 ;48%
BA;CAEM;2905107; 7.234,16 ; 10.194,38 ; 11.751.868,91 ;49%
BA;CAETANOS;2905156; 6.895,37 ; 10.194,38 ; 10.647.852,77 ;55%
BA;CAETITE;2905206; 8.890,80 ; 10.194,38 ; 12.254.891,70 ;55%
BA;CAFARNAUM;2905305; 7.429,86 ; 10.194,38 ; 15.459.370,61 ;54%
BA;CAIRU;2905404; 7.455,33 ; 10.194,38 ; 22.320.035,75 ;51%
BA;CALDEIRAO GRANDE;2905503; 6.793,34 ; 10.194,38 ; 20.217.757,05 ;42%
BA;CAMACAN;2905602; 9.707,43 ; 10.194,38 ; 2.321.347,69 ;54%
BA;CAMACARI;2905701; 13.606,93 ; 13.606,93 ; -   ;0%
BA;CAMAMU;2905800; 8.987,91 ; 10.194,38 ; 10.034.353,01 ;54%
BA;CAMPO ALEGRE DE LOURDES;2905909; 7.667,45 ; 10.194,38 ; 20.099.339,62 ;57%
BA;CAMPO FORMOSO;2906006; 7.728,00 ; 10.194,38 ; 51.191.418,86 ;53%
BA;CANAPOLIS;2906105; 9.063,88 ; 10.194,38 ; 2.480.522,52 ;57%
BA;CANARANA;2906204; 7.032,70 ; 10.194,38 ; 27.902.883,58 ;48%
BA;CANAVIEIRAS;2906303; 7.873,52 ; 10.194,38 ; 17.152.359,84 ;54%
BA;CANDEAL;2906402; 8.609,66 ; 10.194,38 ; 2.723.458,99 ;56%
BA;CANDEIAS;2906501; 13.243,12 ; 13.243,12 ; -   ;0%
BA;CANDIBA;2906600; 9.572,51 ; 10.194,38 ; 1.510.228,84 ;51%
BA;CANDIDO SALES;2906709; 7.639,31 ; 10.194,38 ; 18.788.602,90 ;51%
BA;CANSANCAO;2906808; 8.763,01 ; 10.194,38 ; 24.076.305,88 ;47%
BA;CANUDOS;2906824; 8.368,62 ; 10.194,38 ; 9.006.497,79 ;47%
BA;CAPELA DO ALTO ALEGRE;2906857; 6.290,05 ; 10.194,38 ; 10.697.557,96 ;56%
BA;CAPIM GROSSO;2906873; 6.769,87 ; 10.194,38 ; 33.419.057,79 ;52%
BA;CARAIBAS;2906899; 8.455,39 ; 10.194,38 ; 4.039.193,26 ;51%
BA;CARAVELAS;2906907; 8.814,69 ; 10.194,38 ; 7.464.487,96 ;51%
BA;CARDEAL DA SILVA;2907004; 7.925,08 ; 10.194,38 ; 6.613.439,70 ;54%
BA;CARINHANHA;2907103; 7.692,87 ; 10.194,38 ; 19.869.274,09 ;56%
BA;CASA NOVA;2907202; 8.077,21 ; 10.194,38 ; 33.929.113,39 ;57%
BA;CASTRO ALVES;2907301; 6.794,00 ; 10.194,38 ; 28.319.293,14 ;49%
BA;CATOLANDIA;2907400; 9.926,99 ; 10.194,38 ; 232.446,51 ;44%
BA;CATU;2907509; 10.314,43 ; 10.314,43 ; -   ;0%
BA;CATURAMA;2907558; 5.528,16 ; 10.194,38 ; 16.379.033,83 ;45%
BA;CENTRAL;2907608; 7.588,43 ; 10.194,38 ; 10.190.292,00 ;53%
BA;CHORROCHO;2907707; 7.171,07 ; 10.194,38 ; 11.378.501,16 ;48%
BA;CICERO DANTAS;2907806; 9.070,39 ; 10.194,38 ; 9.794.459,42 ;44%
BA;CIPO;2907905; 7.997,12 ; 10.194,38 ; 17.911.953,90 ;54%
BA;COARACI;2908002; 9.450,96 ; 10.194,38 ; 2.574.101,36 ;48%
BA;COCOS;2908101; 8.868,53 ; 10.194,38 ; 6.175.564,47 ;56%
BA;CONCEICAO DA FEIRA;2908200; 7.241,78 ; 10.194,38 ; 17.734.735,89 ;52%
BA;CONCEICAO DO ALMEIDA;2908309; 9.533,94 ; 10.194,38 ; 1.695.101,82 ;50%
BA;CONCEICAO DO COITE;2908408; 6.878,77 ; 10.194,38 ; 49.003.697,08 ;54%
BA;CONCEICAO DO JACUIPE;2908507; 7.364,81 ; 10.194,38 ; 29.968.798,55 ;50%
BA;CONDE;2908606; 7.811,15 ; 10.194,38 ; 17.559.156,56 ;53%
BA;CONDEUBA;2908705; 7.533,81 ; 10.194,38 ; 10.680.552,96 ;51%
BA;CONTENDAS DO SINCORA;2908804; 9.734,49 ; 10.194,38 ; 503.806,08 ;38%
BA;CORACAO DE MARIA;2908903; 6.788,59 ; 10.194,38 ; 30.735.372,72 ;53%
BA;CORDEIROS;2909000; 6.386,53 ; 10.194,38 ; 8.142.224,70 ;48%
BA;CORIBE;2909109; 6.214,77 ; 10.194,38 ; 18.392.651,91 ;59%
BA;CORONEL JOAO SA;2909208; 7.398,01 ; 10.194,38 ; 26.083.214,53 ;48%
BA;CORRENTINA;2909307; 9.734,24 ; 10.194,38 ; 3.850.188,77 ;57%
BA;COTEGIPE;2909406; 8.374,95 ; 10.194,38 ; 5.989.531,02 ;55%
BA;CRAVOLANDIA;2909505; 6.855,59 ; 10.194,38 ; 5.727.410,05 ;50%
BA;CRISOPOLIS;2909604; 7.216,69 ; 10.194,38 ; 28.169.918,52 ;48%
BA;CRISTOPOLIS;2909703; 8.142,73 ; 10.194,38 ; 6.754.546,29 ;57%
BA;CRUZ DAS ALMAS;2909802; 8.409,03 ; 10.194,38 ; 17.881.820,56 ;51%
BA;CURACA;2909901; 7.669,70 ; 10.194,38 ; 26.014.862,53 ;53%
BA;DARIO MEIRA;2910008; 8.038,54 ; 10.194,38 ; 9.837.066,89 ;37%
BA;DIAS DAVILA;2910057; 9.444,26 ; 10.194,38 ; 10.870.430,73 ;54%
BA;DOM BASILIO;2910107; 7.550,90 ; 10.194,38 ; 8.220.111,41 ;55%
BA;DOM MACEDO COSTA;2910206; 8.355,19 ; 10.194,38 ; 2.084.712,38 ;52%
BA;ELISIO MEDRADO;2910305; 7.614,54 ; 10.194,38 ; 6.665.339,15 ;44%
BA;ENCRUZILHADA;2910404; 7.456,19 ; 10.194,38 ; 14.647.565,31 ;55%
BA;ENTRE RIOS;2910503; 8.790,84 ; 10.194,38 ; 12.303.290,13 ;54%
BA;ERICO CARDOSO;2900504; 6.834,59 ; 10.194,38 ; 11.200.821,85 ;50%
BA;ESPLANADA;2910602; 8.357,72 ; 10.194,38 ; 15.821.533,88 ;56%
BA;EUCLIDES DA CUNHA;2910701; 7.611,07 ; 10.194,38 ; 50.483.751,98 ;50%
BA;EUNAPOLIS;2910727; 9.870,13 ; 10.194,38 ; 6.599.943,45 ;57%
BA;FATIMA;2910750; 6.757,37 ; 10.194,38 ; 24.318.012,78 ;48%
BA;FEIRA DA MATA;2910776; 7.153,03 ; 10.194,38 ; 5.195.238,96 ;48%
BA;FEIRA DE SANTANA;2910800; 9.448,47 ; 10.194,38 ; 55.748.022,44 ;58%
BA;FILADELFIA;2910859; 6.508,83 ; 10.194,38 ; 26.497.261,32 ;54%
BA;FIRMINO ALVES;2910909; 8.979,58 ; 10.194,38 ; 1.567.714,50 ;49%
BA;FLORESTA AZUL;2911006; 8.074,71 ; 10.194,38 ; 4.315.468,82 ;47%
BA;FORMOSA DO RIO PRETO;2911105; 10.826,32 ; 10.826,32 ; -   ;0%
BA;GANDU;2911204; 7.547,70 ; 10.194,38 ; 26.826.934,45 ;54%
BA;GAVIAO;2911253; 7.114,72 ; 10.194,38 ; 6.055.224,00 ;41%
BA;GENTIO DO OURO;2911303; 11.919,14 ; 11.919,14 ; -   ;0%
BA;GLORIA;2911402; 7.946,29 ; 10.194,38 ; 9.043.663,06 ;55%
BA;GONGOGI;2911501; 11.573,11 ; 11.573,11 ; -   ;0%
BA;GOVERNADOR MANGABEIRA;2911600; 8.160,72 ; 10.194,38 ; 11.073.309,35 ;49%
BA;GUAJERU;2911659; 8.728,93 ; 10.194,38 ; 2.513.613,44 ;64%
BA;GUANAMBI;2911709; 8.886,23 ; 10.194,38 ; 21.845.353,62 ;55%
BA;GUARATINGA;2911808; 7.836,16 ; 10.194,38 ; 10.387.324,03 ;52%
BA;HELIOPOLIS;2911857; 8.424,62 ; 10.194,38 ; 6.426.435,65 ;43%
BA;IACU;2911907; 6.962,64 ; 10.194,38 ; 30.022.612,72 ;50%
BA;IBIASSUCE;2912004; 7.883,83 ; 10.194,38 ; 5.092.431,65 ;56%
BA;IBICARAI;2912103; 8.786,37 ; 10.194,38 ; 5.498.098,96 ;51%
BA;IBICOARA;2912202; 7.417,80 ; 10.194,38 ; 18.074.598,57 ;50%
BA;IBICUI;2912301; 7.102,09 ; 10.194,38 ; 12.948.926,84 ;43%
BA;IBIPEBA;2912400; 7.926,95 ; 10.194,38 ; 8.104.435,39 ;56%
BA;IBIPITANGA;2912509; 9.916,91 ; 10.194,38 ; 1.268.757,86 ;51%
BA;IBIQUERA;2912608; 10.100,30 ; 10.194,38 ; 86.339,36 ;51%
BA;IBIRAPITANGA;2912707; 6.602,96 ; 10.194,38 ; 29.512.135,24 ;49%
BA;IBIRAPUA;2912806; 9.210,51 ; 10.194,38 ; 2.298.165,68 ;52%
BA;IBIRATAIA;2912905; 8.021,86 ; 10.194,38 ; 11.261.274,70 ;56%
BA;IBITIARA;2913002; 8.774,84 ; 10.194,38 ; 4.404.022,05 ;55%
BA;IBITITA;2913101; 7.254,83 ; 10.194,38 ; 13.585.798,03 ;49%
BA;IBOTIRAMA;2913200; 7.731,61 ; 10.194,38 ; 18.766.358,38 ;51%
BA;ICHU;2913309; 7.323,45 ; 10.194,38 ; 5.879.541,15 ;46%
BA;IGAPORA;2913408; 7.444,07 ; 10.194,38 ; 9.918.785,81 ;57%
BA;IGRAPIUNA;2913457; 7.977,96 ; 10.194,38 ; 8.530.961,37 ;54%
BA;IGUAI;2913507; 9.747,36 ; 10.194,38 ; 2.068.290,90 ;55%
BA;ILHEUS;2913606; 9.833,07 ; 10.194,38 ; 9.038.472,07 ;58%
BA;INHAMBUPE;2913705; 7.141,06 ; 10.194,38 ; 31.216.410,32 ;54%
BA;IPECAETA;2913804; 6.853,48 ; 10.194,38 ; 21.125.365,97 ;44%
BA;IPIAU;2913903; 9.084,75 ; 10.194,38 ; 9.158.314,63 ;45%
BA;IPIRA;2914000; 7.780,42 ; 10.194,38 ; 32.360.499,41 ;57%
BA;IPUPIARA;2914109; 7.900,46 ; 10.194,38 ; 5.636.554,33 ;54%
BA;IRAJUBA;2914208; 9.435,24 ; 10.194,38 ; 1.583.737,46 ;47%
BA;IRAMAIA;2914307; 8.463,30 ; 10.194,38 ; 5.027.177,68 ;51%
BA;IRAQUARA;2914406; 7.334,76 ; 10.194,38 ; 21.234.739,24 ;51%
BA;IRARA;2914505; 6.887,56 ; 10.194,38 ; 29.135.027,78 ;48%
BA;IRECE;2914604; 8.344,35 ; 10.194,38 ; 28.445.025,47 ;56%
BA;ITABELA;2914653; 8.610,05 ; 10.194,38 ; 11.197.356,23 ;58%
BA;ITABERABA;2914703; 7.193,37 ; 10.194,38 ; 47.628.610,94 ;54%
BA;ITABUNA;2914802; 10.166,11 ; 10.194,38 ; 731.828,61 ;56%
BA;ITACARE;2914901; 7.849,46 ; 10.194,38 ; 20.144.105,22 ;51%
BA;ITAETE;2915007; 7.320,89 ; 10.194,38 ; 13.021.499,30 ;51%
BA;ITAGI;2915106; 9.761,88 ; 10.194,38 ; 1.792.924,59 ;54%
BA;ITAGIBA;2915205; 9.914,13 ; 10.194,38 ; 1.267.851,52 ;57%
BA;ITAGIMIRIM;2915304; 7.944,15 ; 10.194,38 ; 5.585.817,93 ;50%
BA;ITAGUACU DA BAHIA;2915353; 8.102,28 ; 10.194,38 ; 8.733.298,08 ;54%
BA;ITAJU DO COLONIA;2915403; 7.012,24 ; 10.194,38 ; 7.219.494,93 ;54%
BA;ITAJUIPE;2915502; 8.102,19 ; 10.194,38 ; 10.386.443,47 ;55%
BA;ITAMARAJU;2915601; 8.320,40 ; 10.194,38 ; 25.181.174,88 ;54%
BA;ITAMARI;2915700; 6.830,12 ; 10.194,38 ; 7.500.517,70 ;50%
BA;ITAMBE;2915809; 8.547,50 ; 10.194,38 ; 9.442.383,58 ;53%
BA;ITANAGRA;2915908; 9.456,28 ; 10.194,38 ; 1.520.695,39 ;50%
BA;ITANHEM;2916005; 9.431,12 ; 10.194,38 ; 2.440.730,27 ;54%
BA;ITAPARICA;2916104; 9.021,33 ; 10.194,38 ; 6.382.071,32 ;50%
BA;ITAPE;2916203; 7.611,73 ; 10.194,38 ; 7.692.769,49 ;49%
BA;ITAPEBI;2916302; 10.084,69 ; 10.194,38 ; 236.186,32 ;49%
BA;ITAPETINGA;2916401; 8.629,70 ; 10.194,38 ; 21.511.958,64 ;51%
BA;ITAPICURU;2916500; 6.909,80 ; 10.194,38 ; 46.193.520,65 ;52%
BA;ITAPITANGA;2916609; 9.333,52 ; 10.194,38 ; 2.206.619,44 ;43%
BA;ITAQUARA;2916708; 5.528,87 ; 10.194,38 ; 12.378.338,49 ;35%
BA;ITARANTIM;2916807; 8.628,26 ; 10.194,38 ; 6.037.811,12 ;54%
BA;ITATIM;2916856; 7.203,44 ; 10.194,38 ; 19.161.574,66 ;46%
BA;ITIRUCU;2916906; 6.410,50 ; 10.194,38 ; 11.137.307,20 ;42%
BA;ITIUBA;2917003; 7.387,96 ; 10.194,38 ; 36.555.035,96 ;50%
BA;ITORORO;2917102; 7.759,05 ; 10.194,38 ; 9.448.640,38 ;53%
BA;ITUACU;2917201; 8.246,25 ; 10.194,38 ; 8.869.153,81 ;47%
BA;ITUBERA;2917300; 7.844,92 ; 10.194,38 ; 14.583.785,60 ;54%
BA;IUIU;2917334; 7.803,47 ; 10.194,38 ; 7.128.221,32 ;44%
BA;JABORANDI;2917359; 9.978,58 ; 10.194,38 ; 526.806,54 ;64%
BA;JACARACI;2917409; 6.914,90 ; 10.194,38 ; 15.210.951,32 ;45%
BA;JACOBINA;2917508; 8.985,35 ; 10.194,38 ; 18.194.697,79 ;54%
BA;JAGUAQUARA;2917607; 7.943,70 ; 10.194,38 ; 25.178.115,15 ;53%
BA;JAGUARARI;2917706; 8.382,46 ; 10.194,38 ; 14.057.554,19 ;53%
BA;JAGUARIPE;2917805; 8.361,19 ; 10.194,38 ; 10.355.418,60 ;51%
BA;JANDAIRA;2917904; 6.478,68 ; 10.194,38 ; 18.291.158,61 ;50%
BA;JEQUIE;2918001; 8.709,03 ; 10.194,38 ; 40.744.151,62 ;54%
BA;JEREMOABO;2918100; 7.801,10 ; 10.194,38 ; 25.834.635,05 ;47%
BA;JIQUIRICA;2918209; 8.479,39 ; 10.194,38 ; 8.305.880,31 ;51%
BA;JITAUNA;2918308; 7.240,81 ; 10.194,38 ; 20.417.203,55 ;45%
BA;JOAO DOURADO;2918357; 7.470,25 ; 10.194,38 ; 20.130.290,23 ;52%
BA;JUAZEIRO;2918407; 7.765,09 ; 10.194,38 ; 128.794.918,50 ;52%
BA;JUCURUCU;2918456; 8.378,06 ; 10.194,38 ; 3.914.741,20 ;52%
BA;JUSSARA;2918506; 5.838,26 ; 10.194,38 ; 24.780.490,51 ;52%
BA;JUSSARI;2918555; 8.243,31 ; 10.194,38 ; 5.221.629,73 ;46%
BA;JUSSIAPE;2918605; 7.021,91 ; 10.194,38 ; 5.203.808,10 ;52%
BA;LAFAIETE COUTINHO;2918704; 8.059,91 ; 10.194,38 ; 3.449.141,13 ;49%
BA;LAGOA REAL;2918753; 5.756,09 ; 10.194,38 ; 15.725.897,44 ;56%
BA;LAJE;2918803; 8.917,89 ; 10.194,38 ; 7.468.340,83 ;49%
BA;LAJEDAO;2918902; 9.939,39 ; 10.194,38 ; 227.841,11 ;42%
BA;LAJEDINHO;2919009; 9.980,13 ; 10.194,38 ; 187.715,98 ;53%
BA;LAJEDO DO TABOCAL;2919058; 8.008,49 ; 10.194,38 ; 5.552.704,54 ;42%
BA;LAMARAO;2919108; 8.292,95 ; 10.194,38 ; 4.321.461,27 ;55%
BA;LAPAO;2919157; 7.180,84 ; 10.194,38 ; 25.025.869,80 ;47%
BA;LAURO DE FREITAS;2919207; 11.325,80 ; 11.325,80 ; -   ;0%
BA;LENCOIS;2919306; 9.649,88 ; 10.194,38 ; 1.432.184,09 ;56%
BA;LICINIO DE ALMEIDA;2919405; 4.438,81 ; 10.194,38 ; 29.453.293,84 ;41%
BA;LIVRAMENTO DE NOSSA SENHORA;2919504; 7.582,96 ; 10.194,38 ; 31.785.909,77 ;57%
BA;LUIS EDUARDO MAGALHAES;2919553; 10.160,14 ; 10.194,38 ; 931.043,10 ;55%
BA;MACAJUBA;2919603; 8.090,34 ; 10.194,38 ; 7.892.029,67 ;52%
BA;MACARANI;2919702; 7.858,50 ; 10.194,38 ; 8.914.084,30 ;45%
BA;MACAUBAS;2919801; 7.990,07 ; 10.194,38 ; 20.370.994,67 ;50%
BA;MACURURE;2919900; 8.206,71 ; 10.194,38 ; 4.375.119,32 ;54%
BA;MADRE DE DEUS;2919926; 21.509,02 ; 21.509,02 ; -   ;0%
BA;MAETINGA;2919959; 7.902,32 ; 10.194,38 ; 3.850.470,96 ;44%
BA;MAIQUINIQUE;2920007; 7.435,79 ; 10.194,38 ; 7.809.602,51 ;44%
BA;MAIRI;2920106; 7.692,05 ; 10.194,38 ; 10.431.848,41 ;52%
BA;MALHADA;2920205; 7.108,19 ; 10.194,38 ; 15.007.775,94 ;56%
BA;MALHADA DE PEDRAS;2920304; 8.025,37 ; 10.194,38 ; 7.528.852,34 ;56%
BA;MANOEL VITORINO;2920403; 5.864,67 ; 10.194,38 ; 19.659.021,07 ;58%
BA;MANSIDAO;2920452; 6.689,00 ; 10.194,38 ; 11.755.669,34 ;54%
BA;MARACAS;2920502; 8.967,91 ; 10.194,38 ; 7.843.470,28 ;52%
BA;MARAGOGIPE;2920601; 8.132,82 ; 10.194,38 ; 18.898.518,91 ;50%
BA;MARAU;2920700; 8.016,93 ; 10.194,38 ; 17.124.711,36 ;57%
BA;MARCIONILIO SOUZA;2920809; 7.616,50 ; 10.194,38 ; 9.023.606,42 ;51%
BA;MASCOTE;2920908; 9.034,76 ; 10.194,38 ; 3.848.730,50 ;52%
BA;MATA DE SAO JOAO;2921005; 10.637,19 ; 10.637,19 ; -   ;0%
BA;MATINA;2921054; 7.332,28 ; 10.194,38 ; 9.262.157,40 ;48%
BA;MEDEIROS NETO;2921104; 6.853,46 ; 10.194,38 ; 21.072.012,60 ;50%
BA;MIGUEL CALMON;2921203; 8.026,82 ; 10.194,38 ; 12.441.949,85 ;51%
BA;MILAGRES;2921302; 7.866,45 ; 10.194,38 ; 6.110.846,30 ;51%
BA;MIRANGABA;2921401; 6.894,49 ; 10.194,38 ; 21.463.693,97 ;45%
BA;MIRANTE;2921450; 8.315,45 ; 10.194,38 ; 3.805.539,12 ;60%
BA;MONTE SANTO;2921500; 7.249,83 ; 10.194,38 ; 60.288.845,89 ;50%
BA;MORPARA;2921609; 9.430,08 ; 10.194,38 ; 1.540.778,81 ;56%
BA;MORRO DO CHAPEU;2921708; 8.502,29 ; 10.194,38 ; 16.088.668,89 ;51%
BA;MORTUGABA;2921807; 6.490,24 ; 10.194,38 ; 12.396.037,48 ;48%
BA;MUCUGE;2921906; 9.294,95 ; 10.194,38 ; 2.470.274,73 ;61%
BA;MUCURI;2922003; 10.341,03 ; 10.341,03 ; -   ;0%
BA;MULUNGU DO MORRO;2922052; 7.151,52 ; 10.194,38 ; 15.090.730,62 ;54%
BA;MUNDO NOVO;2922102; 9.008,73 ; 10.194,38 ; 5.797.927,35 ;53%
BA;MUNIZ FERREIRA;2922201; 9.572,32 ; 10.194,38 ; 984.094,16 ;57%
BA;MUQUEM DE SAO FRANCISCO;2922250; 7.230,27 ; 10.194,38 ; 13.620.453,84 ;50%
BA;MURITIBA;2922300; 6.909,32 ; 10.194,38 ; 26.875.517,68 ;47%
BA;MUTUIPE;2922409; 8.663,67 ; 10.194,38 ; 7.349.288,36 ;56%
BA;NAZARE;2922508; 17.225,06 ; 17.225,06 ; -   ;0%
BA;NILO PECANHA;2922607; 6.250,60 ; 10.194,38 ; 22.391.021,40 ;52%
BA;NORDESTINA;2922656; 7.129,84 ; 10.194,38 ; 20.359.508,18 ;50%
BA;NOVA CANAA;2922706; 7.568,79 ; 10.194,38 ; 13.887.826,03 ;38%
BA;NOVA FATIMA;2922730; 6.085,81 ; 10.194,38 ; 11.178.283,15 ;49%
BA;NOVA IBIA;2922755; 8.516,41 ; 10.194,38 ; 3.831.422,85 ;46%
BA;NOVA ITARANA;2922805; 7.156,65 ; 10.194,38 ; 9.460.776,10 ;49%
BA;NOVA REDENCAO;2922854; 6.965,56 ; 10.194,38 ; 6.696.332,67 ;54%
BA;NOVA SOURE;2922904; 7.734,52 ; 10.194,38 ; 16.430.437,73 ;54%
BA;NOVA VICOSA;2923001; 8.443,33 ; 10.194,38 ; 17.803.768,45 ;51%
BA;NOVO HORIZONTE;2923035; 6.024,40 ; 10.194,38 ; 19.308.836,26 ;48%
BA;NOVO TRIUNFO;2923050; 9.091,41 ; 10.194,38 ; 4.542.224,96 ;46%
BA;OLINDINA;2923100; 6.719,24 ; 10.194,38 ; 25.429.519,09 ;55%
BA;OLIVEIRA DOS BREJINHOS;2923209; 6.989,07 ; 10.194,38 ; 21.927.578,44 ;48%
BA;OURICANGAS;2923308; 8.200,82 ; 10.194,38 ; 5.146.354,98 ;49%
BA;OUROLANDIA;2923357; 7.745,78 ; 10.194,38 ; 14.851.622,52 ;56%
BA;PALMAS DE MONTE ALTO;2923407; 8.560,51 ; 10.194,38 ; 7.609.071,74 ;54%
BA;PALMEIRAS;2923506; 9.110,82 ; 10.194,38 ; 2.412.891,27 ;53%
BA;PARAMIRIM;2923605; 6.562,29 ; 10.194,38 ; 19.266.905,40 ;46%
BA;PARATINGA;2923704; 7.772,47 ; 10.194,38 ; 19.624.034,61 ;57%
BA;PARIPIRANGA;2923803; 7.695,45 ; 10.194,38 ; 16.906.883,65 ;49%
BA;PAU BRASIL;2923902; 6.332,04 ; 10.194,38 ; 10.514.336,26 ;51%
BA;PAULO AFONSO;2924009; 9.449,55 ; 10.194,38 ; 14.508.622,43 ;58%
BA;PE DE SERRA;2924058; 5.849,79 ; 10.194,38 ; 24.309.456,76 ;49%
BA;PEDRAO;2924108; 6.682,76 ; 10.194,38 ; 7.210.078,70 ;54%
BA;PEDRO ALEXANDRE;2924207; 7.115,56 ; 10.194,38 ; 15.533.484,49 ;49%
BA;PIATA;2924306; 8.782,12 ; 10.194,38 ; 7.143.421,96 ;50%
BA;PILAO ARCADO;2924405; 8.128,80 ; 10.194,38 ; 19.170.536,37 ;57%
BA;PINDAI;2924504; 6.067,50 ; 10.194,38 ; 24.795.356,34 ;45%
BA;PINDOBACU;2924603; 5.831,20 ; 10.194,38 ; 44.242.654,33 ;40%
BA;PINTADAS;2924652; 5.319,93 ; 10.194,38 ; 17.904.062,55 ;51%
BA;PIRAI DO NORTE;2924678; 7.284,10 ; 10.194,38 ; 7.139.982,14 ;54%
BA;PIRIPA;2924702; 7.306,72 ; 10.194,38 ; 7.896.970,95 ;49%
BA;PIRITIBA;2924801; 7.948,99 ; 10.194,38 ; 9.767.434,49 ;53%
BA;PLANALTINO;2924900; 8.339,60 ; 10.194,38 ; 4.264.711,62 ;54%
BA;PLANALTO;2925006; 8.528,56 ; 10.194,38 ; 8.167.362,98 ;53%
BA;POCOES;2925105; 7.945,47 ; 10.194,38 ; 25.190.702,90 ;57%
BA;POJUCA;2925204; 11.340,57 ; 11.340,57 ; -   ;0%
BA;PONTO NOVO;2925253; 5.119,18 ; 10.194,38 ; 53.555.387,19 ;48%
BA;PORTO SEGURO;2925303; 9.382,09 ; 10.194,38 ; 33.750.968,18 ;57%
BA;POTIRAGUA;2925402; 7.090,32 ; 10.194,38 ; 8.875.314,61 ;52%
BA;PRADO;2925501; 8.565,33 ; 10.194,38 ; 13.076.495,23 ;53%
BA;PRESIDENTE DUTRA;2925600; 8.482,66 ; 10.194,38 ; 5.229.507,20 ;51%
BA;PRESIDENTE JANIO QUADROS;2925709; 8.056,14 ; 10.194,38 ; 6.662.167,04 ;50%
BA;PRESIDENTE TANCREDO NEVES;2925758; 8.073,92 ; 10.194,38 ; 16.276.979,58 ;54%
BA;QUEIMADAS;2925808; 6.186,76 ; 10.194,38 ; 34.254.936,44 ;48%
BA;QUIJINGUE;2925907; 4.794,24 ; 10.194,38 ; 67.213.199,03 ;44%
BA;QUIXABEIRA;2925931; 5.775,41 ; 10.194,38 ; 33.413.628,19 ;42%
BA;RAFAEL JAMBEIRO;2925956; 6.525,53 ; 10.194,38 ; 22.688.290,72 ;51%
BA;REMANSO;2926004; 7.553,83 ; 10.194,38 ; 30.008.735,79 ;51%
BA;RETIROLANDIA;2926103; 7.538,87 ; 10.194,38 ; 9.066.142,51 ;46%
BA;RIACHAO DAS NEVES;2926202; 9.386,41 ; 10.194,38 ; 4.364.356,73 ;62%
BA;RIACHAO DO JACUIPE;2926301; 7.002,46 ; 10.194,38 ; 21.052.569,45 ;51%
BA;RIACHO DE SANTANA;2926400; 8.437,46 ; 10.194,38 ; 10.666.041,87 ;55%
BA;RIBEIRA DO AMPARO;2926509; 5.984,40 ; 10.194,38 ; 28.115.139,73 ;50%
BA;RIBEIRA DO POMBAL;2926608; 7.608,27 ; 10.194,38 ; 39.452.434,08 ;52%
BA;RIBEIRAO DO LARGO;2926657; 7.826,01 ; 10.194,38 ; 6.547.892,51 ;52%
BA;RIO DE CONTAS;2926707; 8.004,89 ; 10.194,38 ; 5.727.289,86 ;55%
BA;RIO DO ANTONIO;2926806; 6.928,20 ; 10.194,38 ; 17.562.308,18 ;46%
BA;RIO DO PIRES;2926905; 6.955,92 ; 10.194,38 ; 11.731.144,04 ;44%
BA;RIO REAL;2927002; 6.530,14 ; 10.194,38 ; 39.088.461,97 ;49%
BA;RODELAS;2927101; 8.481,65 ; 10.194,38 ; 4.365.016,76 ;55%
BA;RUY BARBOSA;2927200; 8.334,11 ; 10.194,38 ; 11.056.535,23 ;53%
BA;SALINAS DA MARGARIDA;2927309; 8.518,96 ; 10.194,38 ; 8.221.613,93 ;44%
BA;SALVADOR;2927408; 13.569,61 ; 13.569,61 ; -   ;0%
BA;SANTA BARBARA;2927507; 7.152,94 ; 10.194,38 ; 18.108.392,04 ;54%
BA;SANTA BRIGIDA;2927606; 8.575,46 ; 10.194,38 ; 5.711.671,72 ;56%
BA;SANTA CRUZ CABRALIA;2927705; 9.114,51 ; 10.194,38 ; 10.620.992,25 ;52%
BA;SANTA CRUZ DA VITORIA;2927804; 8.148,00 ; 10.194,38 ; 3.544.604,61 ;44%
BA;SANTA INES;2927903; 7.909,14 ; 10.194,38 ; 7.976.408,33 ;48%
BA;SANTA LUZIA;2928059; 7.254,28 ; 10.194,38 ; 11.727.845,96 ;57%
BA;SANTA MARIA DA VITORIA;2928109; 7.440,50 ; 10.194,38 ; 27.787.525,76 ;50%
BA;SANTA RITA DE CASSIA;2928406; 7.214,19 ; 10.194,38 ; 21.669.856,44 ;51%
BA;SANTA TERESINHA;2928505; 7.491,43 ; 10.194,38 ; 8.257.253,85 ;50%
BA;SANTALUZ;2928000; 8.456,13 ; 10.194,38 ; 19.956.674,33 ;47%
BA;SANTANA;2928208; 8.342,49 ; 10.194,38 ; 9.137.595,73 ;56%
BA;SANTANOPOLIS;2928307; 7.921,80 ; 10.194,38 ; 5.361.573,52 ;51%
BA;SANTO AMARO;2928604; 8.229,40 ; 10.194,38 ; 26.179.481,95 ;46%
BA;SANTO ANTONIO DE JESUS;2928703; 8.785,36 ; 10.194,38 ; 22.133.979,47 ;52%
BA;SANTO ESTEVAO;2928802; 7.867,91 ; 10.194,38 ; 28.842.920,67 ;53%
BA;SAO DESIDERIO;2928901; 11.524,05 ; 11.524,05 ; -   ;0%
BA;SAO DOMINGOS;2928950; 7.638,27 ; 10.194,38 ; 5.831.089,52 ;45%
BA;SAO FELIPE;2929107; 7.403,05 ; 10.194,38 ; 22.592.343,90 ;53%
BA;SAO FELIX;2929008; 8.271,74 ; 10.194,38 ; 6.430.430,64 ;47%
BA;SAO FELIX DO CORIBE;2929057; 6.792,70 ; 10.194,38 ; 17.584.528,97 ;49%
BA;SAO FRANCISCO DO CONDE;2929206; 14.830,07 ; 14.830,07 ; -   ;0%
BA;SAO GABRIEL;2929255; 7.547,52 ; 10.194,38 ; 13.186.804,42 ;53%
BA;SAO GONCALO DOS CAMPOS;2929305; 9.439,52 ; 10.194,38 ; 4.253.784,51 ;53%
BA;SAO JOSE DA VITORIA;2929354; 7.406,00 ; 10.194,38 ; 4.054.812,64 ;61%
BA;SAO JOSE DO JACUIPE;2929370; 8.027,09 ; 10.194,38 ; 8.227.465,47 ;43%
BA;SAO MIGUEL DAS MATAS;2929404; 7.999,23 ; 10.194,38 ; 4.833.410,63 ;51%
BA;SAO SEBASTIAO DO PASSE;2929503; 9.933,53 ; 10.194,38 ; 1.884.641,82 ;56%
BA;SAPEACU;2929602; 8.940,55 ; 10.194,38 ; 8.711.699,73 ;43%
BA;SATIRO DIAS;2929701; 7.811,65 ; 10.194,38 ; 17.354.560,77 ;45%
BA;SAUBARA;2929750; 8.874,14 ; 10.194,38 ; 3.579.549,41 ;42%
BA;SAUDE;2929800; 7.398,20 ; 10.194,38 ; 8.074.419,16 ;49%
BA;SEABRA;2929909; 7.930,40 ; 10.194,38 ; 24.260.151,00 ;51%
BA;SEBASTIAO LARANJEIRAS;2930006; 5.897,90 ; 10.194,38 ; 12.545.070,37 ;55%
BA;SENHOR DO BONFIM;2930105; 5.620,50 ; 10.194,38 ; 92.362.722,56 ;52%
BA;SENTO SE;2930204; 8.008,63 ; 10.194,38 ; 26.460.242,11 ;54%
BA;SERRA DO RAMALHO;2930154; 7.764,61 ; 10.194,38 ; 26.063.166,61 ;51%
BA;SERRA DOURADA;2930303; 7.498,53 ; 10.194,38 ; 9.985.293,77 ;58%
BA;SERRA PRETA;2930402; 7.429,73 ; 10.194,38 ; 12.554.764,77 ;54%
BA;SERRINHA;2930501; 8.182,76 ; 10.194,38 ; 47.199.918,21 ;46%
BA;SERROLANDIA;2930600; 7.656,30 ; 10.194,38 ; 9.745.122,05 ;49%
BA;SIMOES FILHO;2930709; 10.355,86 ; 10.355,86 ; -   ;0%
BA;SITIO DO MATO;2930758; 6.159,49 ; 10.194,38 ; 19.373.558,48 ;57%
BA;SITIO DO QUINTO;2930766; 7.657,61 ; 10.194,38 ; 9.787.965,74 ;52%
BA;SOBRADINHO;2930774; 8.228,09 ; 10.194,38 ; 12.536.511,02 ;54%
BA;SOUTO SOARES;2930808; 7.071,05 ; 10.194,38 ; 17.331.076,79 ;53%
BA;TABOCAS DO BREJO VELHO;2930907; 9.008,63 ; 10.194,38 ; 2.979.608,42 ;56%
BA;TANHACU;2931004; 4.739,42 ; 10.194,38 ; 40.085.612,50 ;48%
BA;TANQUE NOVO;2931053; 7.147,04 ; 10.194,38 ; 15.227.260,86 ;51%
BA;TANQUINHO;2931103; 6.603,49 ; 10.194,38 ; 9.111.261,99 ;57%
BA;TAPEROA;2931202; 8.867,16 ; 10.194,38 ; 7.701.051,65 ;54%
BA;TAPIRAMUTA;2931301; 6.480,05 ; 10.194,38 ; 19.061.899,17 ;52%
BA;TEIXEIRA DE FREITAS;2931350; 9.039,33 ; 10.194,38 ; 29.525.533,61 ;56%
BA;TEODORO SAMPAIO;2931400; 11.235,83 ; 11.235,83 ; -   ;0%
BA;TEOFILANDIA;2931509; 7.743,93 ; 10.194,38 ; 16.536.190,64 ;48%
BA;TEOLANDIA;2931608; 11.584,52 ; 11.584,52 ; -   ;0%
BA;TERRA NOVA;2931707; 8.427,52 ; 10.194,38 ; 4.906.690,50 ;51%
BA;TREMEDAL;2931806; 8.192,84 ; 10.194,38 ; 9.115.030,38 ;50%
BA;TUCANO;2931905; 6.650,64 ; 10.194,38 ; 59.940.657,18 ;49%
BA;UAUA;2932002; 8.035,18 ; 10.194,38 ; 17.913.520,11 ;51%
BA;UBAIRA;2932101; 8.255,26 ; 10.194,38 ; 10.661.950,04 ;50%
BA;UBAITABA;2932200; 8.217,73 ; 10.194,38 ; 9.211.031,39 ;53%
BA;UBATA;2932309; 8.580,68 ; 10.194,38 ; 6.914.677,07 ;52%
BA;UIBAI;2932408; 6.464,09 ; 10.194,38 ; 12.302.661,77 ;56%
BA;UMBURANAS;2932457; 7.830,69 ; 10.194,38 ; 9.471.622,05 ;53%
BA;UNA;2932507; 7.940,57 ; 10.194,38 ; 15.386.361,65 ;49%
BA;URANDI;2932606; 7.765,14 ; 10.194,38 ; 13.198.923,54 ;51%
BA;URUCUCA;2932705; 9.118,66 ; 10.194,38 ; 5.559.114,40 ;57%
BA;UTINGA;2932804; 7.948,78 ; 10.194,38 ; 7.267.213,32 ;53%
BA;VALENCA;2932903; 8.494,06 ; 10.194,38 ; 31.136.584,91 ;53%
BA;VALENTE;2933000; 7.127,48 ; 10.194,38 ; 23.916.285,39 ;48%
BA;VARZEA DA ROCA;2933059; 5.025,08 ; 10.194,38 ; 31.635.003,48 ;46%
BA;VARZEA DO POCO;2933109; 6.031,21 ; 10.194,38 ; 11.111.064,57 ;37%
BA;VARZEA NOVA;2933158; 8.595,76 ; 10.194,38 ; 5.599.634,98 ;53%
BA;VARZEDO;2933174; 7.903,99 ; 10.194,38 ; 5.061.882,65 ;51%
BA;VERA CRUZ;2933208; 8.556,12 ; 10.194,38 ; 17.146.400,55 ;49%
BA;VEREDA;2933257; 8.358,00 ; 10.194,38 ; 3.008.726,99 ;53%
BA;VITORIA DA CONQUISTA;2933307; 9.141,37 ; 10.194,38 ; 61.821.664,76 ;58%
BA;WAGNER;2933406; 7.151,12 ; 10.194,38 ; 6.740.815,31 ;56%
BA;WANDERLEY;2933455; 7.935,40 ; 10.194,38 ; 9.028.308,31 ;48%
BA;WENCESLAU GUIMARAES;2933505; 7.861,06 ; 10.194,38 ; 15.854.266,75 ;54%
BA;XIQUE-XIQUE;2933604; 8.506,81 ; 10.194,38 ; 23.189.723,35 ;50%
CE;ABAIARA;2300101; 7.421,61 ; 10.194,38 ; 7.332.934,49 ;47%
CE;ACARAPE;2300150; 7.469,70 ; 10.194,38 ; 12.205.740,29 ;45%
CE;ACARAU;2300200; 7.688,13 ; 10.194,38 ; 42.101.754,93 ;53%
CE;ACOPIARA;2300309; 7.470,50 ; 10.194,38 ; 30.274.740,11 ;54%
CE;AIUABA;2300408; 7.619,01 ; 10.194,38 ; 9.330.679,49 ;51%
CE;ALCANTARAS;2300507; 6.994,97 ; 10.194,38 ; 10.445.691,43 ;48%
CE;ALTANEIRA;2300606; 7.356,22 ; 10.194,38 ; 7.950.542,38 ;43%
CE;ALTO SANTO;2300705; 8.046,38 ; 10.194,38 ; 9.266.877,02 ;48%
CE;AMONTADA;2300754; 7.028,45 ; 10.194,38 ; 47.340.020,63 ;53%
CE;ANTONINA DO NORTE;2300804; 8.172,58 ; 10.194,38 ; 4.417.482,47 ;53%
CE;APUIARES;2300903; 8.139,94 ; 10.194,38 ; 6.388.023,92 ;46%
CE;AQUIRAZ;2301000; 8.047,53 ; 10.194,38 ; 55.087.908,35 ;51%
CE;ARACATI;2301109; 8.201,10 ; 10.194,38 ; 35.709.180,81 ;51%
CE;ARACOIABA;2301208; 7.028,39 ; 10.194,38 ; 29.187.897,43 ;53%
CE;ARARENDA;2301257; 5.927,77 ; 10.194,38 ; 24.609.283,70 ;41%
CE;ARARIPE;2301307; 8.178,77 ; 10.194,38 ; 12.086.430,53 ;53%
CE;ARATUBA;2301406; 6.875,10 ; 10.194,38 ; 15.525.315,46 ;52%
CE;ARNEIROZ;2301505; 8.685,67 ; 10.194,38 ; 2.562.035,54 ;50%
CE;ASSARE;2301604; 6.564,69 ; 10.194,38 ; 24.192.831,63 ;50%
CE;AURORA;2301703; 7.980,45 ; 10.194,38 ; 9.439.170,09 ;50%
CE;BAIXIO;2301802; 8.317,46 ; 10.194,38 ; 2.585.395,81 ;45%
CE;BANABUIU;2301851; 8.095,79 ; 10.194,38 ; 11.065.322,55 ;55%
CE;BARBALHA;2301901; 7.853,40 ; 10.194,38 ; 34.260.112,54 ;51%
CE;BARREIRA;2301950; 7.211,39 ; 10.194,38 ; 21.215.279,43 ;51%
CE;BARRO;2302008; 8.218,43 ; 10.194,38 ; 7.876.039,16 ;53%
CE;BARROQUINHA;2302057; 7.937,58 ; 10.194,38 ; 9.929.051,63 ;51%
CE;BATURITE;2302107; 7.356,36 ; 10.194,38 ; 28.487.358,77 ;53%
CE;BEBERIBE;2302206; 7.315,92 ; 10.194,38 ; 43.119.550,69 ;51%
CE;BELA CRUZ;2302305; 7.392,42 ; 10.194,38 ; 20.758.610,40 ;52%
CE;BOA VIAGEM;2302404; 6.683,97 ; 10.194,38 ; 55.798.560,66 ;47%
CE;BREJO SANTO;2302503; 9.466,08 ; 10.194,38 ; 9.690.867,75 ;47%
CE;CAMOCIM;2302602; 7.919,27 ; 10.194,38 ; 32.318.069,73 ;53%
CE;CAMPOS SALES;2302701; 7.637,91 ; 10.194,38 ; 14.494.158,90 ;51%
CE;CANINDE;2302800; 7.508,05 ; 10.194,38 ; 57.690.114,13 ;47%
CE;CAPISTRANO;2302909; 7.393,82 ; 10.194,38 ; 12.323.669,93 ;50%
CE;CARIDADE;2303006; 9.097,36 ; 10.194,38 ; 6.100.821,04 ;48%
CE;CARIRE;2303105; 7.929,81 ; 10.194,38 ; 12.199.029,75 ;47%
CE;CARIRIACU;2303204; 7.540,54 ; 10.194,38 ; 18.639.517,83 ;52%
CE;CARIUS;2303303; 6.711,92 ; 10.194,38 ; 17.218.501,06 ;50%
CE;CARNAUBAL;2303402; 6.345,75 ; 10.194,38 ; 24.368.161,17 ;44%
CE;CASCAVEL;2303501; 7.479,18 ; 10.194,38 ; 53.357.044,83 ;52%
CE;CATARINA;2303600; 8.216,86 ; 10.194,38 ; 5.523.166,46 ;50%
CE;CATUNDA;2303659; 8.208,58 ; 10.194,38 ; 8.394.762,32 ;35%
CE;CAUCAIA;2303709; 8.190,72 ; 10.194,38 ; 155.556.752,17 ;50%
CE;Ceará;23; 10.282,19 ; 10.282,19 ; -   ;0%
CE;CEDRO;2303808; 8.840,65 ; 10.194,38 ; 5.672.831,53 ;53%
CE;CHAVAL;2303907; 8.356,77 ; 10.194,38 ; 6.577.614,79 ;48%
CE;CHORO;2303931; 6.999,50 ; 10.194,38 ; 12.733.046,68 ;55%
CE;CHOROZINHO;2303956; 7.842,35 ; 10.194,38 ; 13.700.308,21 ;51%
CE;COREAU;2304004; 7.061,49 ; 10.194,38 ; 27.935.893,72 ;46%
CE;CRATEUS;2304103; 6.569,83 ; 10.194,38 ; 75.116.544,57 ;51%
CE;CRATO;2304202; 8.412,68 ; 10.194,38 ; 43.656.626,81 ;53%
CE;CROATA;2304236; 8.150,46 ; 10.194,38 ; 13.510.444,32 ;52%
CE;CRUZ;2304251; 7.576,13 ; 10.194,38 ; 23.669.303,94 ;52%
CE;DEPUTADO IRAPUAN PINHEIRO;2304269; 6.912,56 ; 10.194,38 ; 9.948.165,46 ;41%
CE;ERERE;2304277; 8.156,20 ; 10.194,38 ; 3.531.732,01 ;52%
CE;EUSEBIO;2304285; 10.648,02 ; 10.648,02 ; -   ;0%
CE;FARIAS BRITO;2304301; 7.141,45 ; 10.194,38 ; 16.859.711,39 ;54%
CE;FORQUILHA;2304350; 6.800,99 ; 10.194,38 ; 24.762.837,45 ;48%
CE;FORTALEZA;2304400; 10.165,40 ; 10.194,38 ; 11.047.217,61 ;54%
CE;FORTIM;2304459; 8.066,94 ; 10.194,38 ; 9.015.106,38 ;56%
CE;FRECHEIRINHA;2304509; 7.136,90 ; 10.194,38 ; 15.757.266,05 ;51%
CE;GENERAL SAMPAIO;2304608; 9.490,39 ; 10.194,38 ; 1.755.541,74 ;55%
CE;GRACA;2304657; 8.678,76 ; 10.194,38 ; 7.844.244,99 ;47%
CE;GRANJA;2304707; 7.331,87 ; 10.194,38 ; 46.687.989,31 ;51%
CE;GRANJEIRO;2304806; 7.743,23 ; 10.194,38 ; 4.146.609,95 ;50%
CE;GROAIRAS;2304905; 8.661,57 ; 10.194,38 ; 4.358.068,65 ;44%
CE;GUAIUBA;2304954; 6.785,02 ; 10.194,38 ; 24.838.703,56 ;50%
CE;GUARACIABA DO NORTE;2305001; 7.155,62 ; 10.194,38 ; 41.012.953,23 ;54%
CE;GUARAMIRANGA;2305100; 7.727,75 ; 10.194,38 ; 5.127.518,40 ;45%
CE;HIDROLANDIA;2305209; 7.755,51 ; 10.194,38 ; 10.340.202,95 ;52%
CE;HORIZONTE;2305233; 8.055,74 ; 10.194,38 ; 41.253.410,54 ;56%
CE;IBARETAMA;2305266; 7.703,85 ; 10.194,38 ; 8.950.594,73 ;54%
CE;IBIAPINA;2305308; 7.886,51 ; 10.194,38 ; 15.957.138,75 ;49%
CE;IBICUITINGA;2305332; 7.470,22 ; 10.194,38 ; 12.250.073,97 ;45%
CE;ICAPUI;2305357; 9.112,24 ; 10.194,38 ; 5.792.574,52 ;52%
CE;ICO;2305407; 7.245,06 ; 10.194,38 ; 49.094.288,52 ;53%
CE;IGUATU;2305506; 7.674,71 ; 10.194,38 ; 49.777.596,18 ;51%
CE;INDEPENDENCIA;2305605; 6.683,80 ; 10.194,38 ; 20.589.145,88 ;49%
CE;IPAPORANGA;2305654; 6.814,55 ; 10.194,38 ; 13.975.887,12 ;46%
CE;IPAUMIRIM;2305704; 8.452,77 ; 10.194,38 ; 4.869.893,55 ;53%
CE;IPU;2305803; 7.696,50 ; 10.194,38 ; 28.637.018,93 ;51%
CE;IPUEIRAS;2305902; 6.830,54 ; 10.194,38 ; 38.346.295,54 ;51%
CE;IRACEMA;2306009; 8.085,67 ; 10.194,38 ; 7.377.305,60 ;48%
CE;IRAUCUBA;2306108; 7.242,35 ; 10.194,38 ; 25.774.793,69 ;52%
CE;ITAICABA;2306207; 7.627,27 ; 10.194,38 ; 4.836.803,10 ;49%
CE;ITAITINGA;2306256; 7.213,93 ; 10.194,38 ; 51.817.137,10 ;53%
CE;ITAPAJE;2306306; 7.216,54 ; 10.194,38 ; 37.161.896,28 ;54%
CE;ITAPIPOCA;2306405; 6.435,46 ; 10.194,38 ; 178.905.357,16 ;50%
CE;ITAPIUNA;2306504; 8.860,32 ; 10.194,38 ; 5.228.113,95 ;53%
CE;ITAREMA;2306553; 8.074,29 ; 10.194,38 ; 22.215.285,82 ;54%
CE;ITATIRA;2306603; 8.444,95 ; 10.194,38 ; 16.655.761,25 ;47%
CE;JAGUARETAMA;2306702; 7.813,45 ; 10.194,38 ; 11.111.761,32 ;53%
CE;JAGUARIBARA;2306801; 7.692,64 ; 10.194,38 ; 9.927.436,81 ;42%
CE;JAGUARIBE;2306900; 7.948,65 ; 10.194,38 ; 22.661.716,89 ;49%
CE;JAGUARUANA;2307007; 7.497,23 ; 10.194,38 ; 22.861.199,44 ;50%
CE;JARDIM;2307106; 7.692,27 ; 10.194,38 ; 17.889.462,62 ;48%
CE;JATI;2307205; 9.277,16 ; 10.194,38 ; 1.883.427,14 ;53%
CE;JIJOCA DE JERICOACOARA;2307254; 7.863,16 ; 10.194,38 ; 19.822.424,76 ;53%
CE;JUAZEIRO DO NORTE;2307304; 8.693,11 ; 10.194,38 ; 67.728.833,77 ;52%
CE;JUCAS;2307403; 7.445,56 ; 10.194,38 ; 18.428.301,70 ;55%
CE;LAVRAS DA MANGABEIRA;2307502; 7.883,53 ; 10.194,38 ; 13.361.156,58 ;52%
CE;LIMOEIRO DO NORTE;2307601; 7.708,30 ; 10.194,38 ; 29.384.249,59 ;50%
CE;MADALENA;2307635; 6.921,18 ; 10.194,38 ; 22.590.792,94 ;53%
CE;MARACANAU;2307650; 7.942,17 ; 10.194,38 ; 134.835.257,21 ;52%
CE;MARANGUAPE;2307700; 7.525,22 ; 10.194,38 ; 61.218.594,49 ;54%
CE;MARCO;2307809; 7.579,01 ; 10.194,38 ; 22.790.421,27 ;54%
CE;MARTINOPOLE;2307908; 8.121,61 ; 10.194,38 ; 6.913.601,52 ;48%
CE;MASSAPE;2308005; 7.330,22 ; 10.194,38 ; 34.185.289,17 ;50%
CE;MAURITI;2308104; 7.961,25 ; 10.194,38 ; 27.146.315,25 ;49%
CE;MERUOCA;2308203; 7.695,32 ; 10.194,38 ; 11.000.096,15 ;53%
CE;MILAGRES;2308302; 7.753,13 ; 10.194,38 ; 15.181.828,37 ;53%
CE;MILHA;2308351; 7.770,69 ; 10.194,38 ; 8.564.372,58 ;44%
CE;MIRAIMA;2308377; 7.385,26 ; 10.194,38 ; 11.008.668,78 ;56%
CE;MISSAO VELHA;2308401; 7.725,82 ; 10.194,38 ; 23.162.700,62 ;48%
CE;MOMBACA;2308500; 7.256,59 ; 10.194,38 ; 31.639.263,57 ;52%
CE;MONSENHOR TABOSA;2308609; 8.905,17 ; 10.194,38 ; 7.245.261,50 ;39%
CE;MORADA NOVA;2308708; 9.602,34 ; 10.194,38 ; 6.836.518,46 ;50%
CE;MORAUJO;2308807; 6.090,97 ; 10.194,38 ; 13.229.811,85 ;47%
CE;MORRINHOS;2308906; 7.820,95 ; 10.194,38 ; 13.335.842,54 ;52%
CE;MUCAMBO;2309003; 7.700,63 ; 10.194,38 ; 10.104.140,25 ;47%
CE;MULUNGU;2309102; 6.453,34 ; 10.194,38 ; 14.570.579,85 ;43%
CE;NOVA OLINDA;2309201; 7.049,23 ; 10.194,38 ; 13.774.243,69 ;54%
CE;NOVA RUSSAS;2309300; 7.253,06 ; 10.194,38 ; 26.957.391,08 ;49%
CE;NOVO ORIENTE;2309409; 7.893,13 ; 10.194,38 ; 20.668.058,25 ;42%
CE;OCARA;2309458; 7.344,04 ; 10.194,38 ; 18.578.459,43 ;55%
CE;OROS;2309508; 8.579,53 ; 10.194,38 ; 8.219.224,96 ;51%
CE;PACAJUS;2309607; 7.730,53 ; 10.194,38 ; 39.661.944,80 ;51%
CE;PACATUBA;2309706; 7.601,66 ; 10.194,38 ; 43.430.006,96 ;53%
CE;PACOTI;2309805; 7.207,73 ; 10.194,38 ; 10.271.313,41 ;52%
CE;PACUJA;2309904; 9.343,04 ; 10.194,38 ; 1.727.531,66 ;47%
CE;PALHANO;2310001; 8.029,59 ; 10.194,38 ; 4.745.166,89 ;48%
CE;PALMACIA;2310100; 8.282,01 ; 10.194,38 ; 5.001.060,31 ;52%
CE;PARACURU;2310209; 7.415,98 ; 10.194,38 ; 31.343.000,63 ;53%
CE;PARAIPABA;2310258; 6.393,73 ; 10.194,38 ; 42.946.673,39 ;50%
CE;PARAMBU;2310308; 7.647,71 ; 10.194,38 ; 19.236.662,91 ;50%
CE;PARAMOTI;2310407; 7.425,09 ; 10.194,38 ; 9.155.025,02 ;53%
CE;PEDRA BRANCA;2310506; 7.694,33 ; 10.194,38 ; 26.458.294,09 ;49%
CE;PENAFORTE;2310605; 8.165,64 ; 10.194,38 ; 4.789.361,37 ;50%
CE;PENTECOSTE;2310704; 7.873,97 ; 10.194,38 ; 21.851.837,95 ;51%
CE;PEREIRO;2310803; 7.578,44 ; 10.194,38 ; 16.039.800,33 ;49%
CE;PINDORETAMA;2310852; 6.938,17 ; 10.194,38 ; 24.868.966,47 ;50%
CE;PIQUET CARNEIRO;2310902; 7.779,43 ; 10.194,38 ; 9.994.408,42 ;50%
CE;PIRES FERREIRA;2310951; 7.215,41 ; 10.194,38 ; 8.477.726,61 ;54%
CE;PORANGA;2311009; 6.094,11 ; 10.194,38 ; 19.382.332,21 ;52%
CE;PORTEIRAS;2311108; 6.904,72 ; 10.194,38 ; 21.073.438,87 ;43%
CE;POTENGI;2311207; 6.244,07 ; 10.194,38 ; 11.375.927,33 ;51%
CE;POTIRETAMA;2311231; 7.453,98 ; 10.194,38 ; 7.036.491,87 ;45%
CE;QUITERIANOPOLIS;2311264; 7.369,17 ; 10.194,38 ; 21.897.186,23 ;48%
CE;QUIXADA;2311306; 7.553,99 ; 10.194,38 ; 49.351.973,68 ;55%
CE;QUIXELO;2311355; 7.374,15 ; 10.194,38 ; 14.103.765,92 ;54%
CE;QUIXERAMOBIM;2311405; 7.001,26 ; 10.194,38 ; 71.958.703,62 ;51%
CE;QUIXERE;2311504; 8.532,05 ; 10.194,38 ; 7.656.009,81 ;48%
CE;REDENCAO;2311603; 7.431,47 ; 10.194,38 ; 20.583.109,65 ;51%
CE;RERIUTABA;2311702; 7.174,87 ; 10.194,38 ; 17.644.384,81 ;50%
CE;RUSSAS;2311801; 7.352,91 ; 10.194,38 ; 55.034.015,01 ;51%
CE;SABOEIRO;2311900; 7.362,10 ; 10.194,38 ; 11.395.045,90 ;51%
CE;SALITRE;2311959; 6.591,31 ; 10.194,38 ; 24.424.736,72 ;49%
CE;SANTA QUITERIA;2312205; 7.228,21 ; 10.194,38 ; 33.877.976,51 ;51%
CE;SANTANA DO ACARAU;2312007; 8.266,68 ; 10.194,38 ; 12.439.491,52 ;51%
CE;SANTANA DO CARIRI;2312106; 7.818,18 ; 10.194,38 ; 10.631.356,77 ;50%
CE;SAO BENEDITO;2312304; 6.707,53 ; 10.194,38 ; 52.686.451,93 ;50%
CE;SAO GONCALO DO AMARANTE;2312403; 10.254,66 ; 10.254,66 ; -   ;0%
CE;SAO JOAO DO JAGUARIBE;2312502; 8.811,15 ; 10.194,38 ; 1.892.995,29 ;54%
CE;SAO LUIS DO CURU;2312601; 5.969,40 ; 10.194,38 ; 14.230.294,86 ;52%
CE;SENADOR POMPEU;2312700; 8.716,80 ; 10.194,38 ; 6.303.851,72 ;53%
CE;SENADOR SA;2312809; 6.871,09 ; 10.194,38 ; 10.033.613,67 ;44%
CE;SOBRAL;2312908; 8.221,92 ; 10.194,38 ; 96.417.750,45 ;50%
CE;SOLONOPOLE;2313005; 9.900,90 ; 10.194,38 ; 1.322.189,33 ;44%
CE;TABULEIRO DO NORTE;2313104; 8.323,93 ; 10.194,38 ; 10.474.357,43 ;50%
CE;TAMBORIL;2313203; 7.346,45 ; 10.194,38 ; 21.032.711,62 ;46%
CE;TARRAFAS;2313252; 7.657,98 ; 10.194,38 ; 4.900.543,66 ;46%
CE;TAUA;2313302; 7.268,62 ; 10.194,38 ; 48.480.813,10 ;49%
CE;TEJUCUOCA;2313351; 7.117,88 ; 10.194,38 ; 22.412.316,32 ;53%
CE;TIANGUA;2313401; 7.111,49 ; 10.194,38 ; 73.101.213,96 ;49%
CE;TRAIRI;2313500; 7.560,74 ; 10.194,38 ; 44.998.190,26 ;55%
CE;TURURU;2313559; 6.891,08 ; 10.194,38 ; 18.630.020,39 ;53%
CE;UBAJARA;2313609; 7.031,05 ; 10.194,38 ; 34.190.732,37 ;50%
CE;UMARI;2313708; 7.573,19 ; 10.194,38 ; 4.632.838,55 ;51%
CE;UMIRIM;2313757; 6.604,12 ; 10.194,38 ; 21.304.101,68 ;54%
CE;URUBURETAMA;2313807; 7.007,60 ; 10.194,38 ; 22.788.231,81 ;52%
CE;URUOCA;2313906; 7.846,26 ; 10.194,38 ; 10.138.220,29 ;48%
CE;VARJOTA;2313955; 8.094,00 ; 10.194,38 ; 13.236.446,08 ;46%
CE;VARZEA ALEGRE;2314003; 6.953,13 ; 10.194,38 ; 31.517.606,12 ;53%
CE;VICOSA DO CEARA;2314102; 6.327,64 ; 10.194,38 ; 84.958.883,93 ;52%
DF;Distrito Federal;53; 15.855,66 ; 15.855,66 ; -   ;0%
ES;AFONSO CLAUDIO;3200102; 9.069,62 ; 10.194,38 ; 5.936.974,38 ;51%
ES;AGUA DOCE DO NORTE;3200169; 9.669,58 ; 10.194,38 ; 1.095.189,38 ;53%
ES;AGUIA BRANCA;3200136; 9.909,31 ; 10.194,38 ; 584.675,84 ;54%
ES;ALEGRE;3200201; 10.106,31 ; 10.194,38 ; 305.142,24 ;48%
ES;ALFREDO CHAVES;3200300; 10.124,13 ; 10.194,38 ; 206.532,85 ;51%
ES;ALTO RIO NOVO;3200359; 9.837,09 ; 10.194,38 ; 476.929,47 ;54%
ES;ANCHIETA;3200409; 11.737,89 ; 11.737,89 ; -   ;0%
ES;APIACA;3200508; 9.687,18 ; 10.194,38 ; 665.124,44 ;47%
ES;ARACRUZ;3200607; 11.203,50 ; 11.203,50 ; -   ;0%
ES;ATILIO VIVACQUA;3200706; 9.152,40 ; 10.194,38 ; 3.109.400,46 ;45%
ES;BAIXO GUANDU;3200805; 9.886,16 ; 10.194,38 ; 1.695.539,14 ;47%
ES;BARRA DE SAO FRANCISCO;3200904; 8.769,43 ; 10.194,38 ; 11.029.951,04 ;53%
ES;BOA ESPERANCA;3201001; 9.622,69 ; 10.194,38 ; 1.615.305,09 ;54%
ES;BOM JESUS DO NORTE;3201100; 9.917,57 ; 10.194,38 ; 488.209,34 ;41%
ES;BREJETUBA;3201159; 8.497,37 ; 10.194,38 ; 4.540.519,32 ;57%
ES;CACHOEIRO DE ITAPEMIRIM;3201209; 9.183,67 ; 10.194,38 ; 33.221.144,17 ;47%
ES;CARIACICA;3201308; 8.793,54 ; 10.194,38 ; 96.054.947,28 ;56%
ES;CASTELO;3201407; 8.889,89 ; 10.194,38 ; 9.349.324,60 ;51%
ES;COLATINA;3201506; 9.894,10 ; 10.194,38 ; 6.222.988,88 ;50%
ES;CONCEICAO DA BARRA;3201605; 8.409,07 ; 10.194,38 ; 13.930.620,99 ;47%
ES;CONCEICAO DO CASTELO;3201704; 9.350,12 ; 10.194,38 ; 1.843.481,39 ;47%
ES;DIVINO DE SAO LOURENCO;3201803; 13.735,83 ; 13.735,83 ; -   ;0%
ES;DOMINGOS MARTINS;3201902; 9.227,46 ; 10.194,38 ; 7.369.116,86 ;52%
ES;DORES DO RIO PRETO;3202009; 8.590,28 ; 10.194,38 ; 2.246.368,19 ;54%
ES;ECOPORANGA;3202108; 10.518,26 ; 10.518,26 ; -   ;0%
ES;Espírito Santo;32; 13.554,38 ; 13.554,38 ; -   ;0%
ES;FUNDAO;3202207; 10.120,35 ; 10.194,38 ; 267.564,78 ;45%
ES;GOVERNADOR LINDENBERG;3202256; 7.686,41 ; 10.194,38 ; 4.840.540,11 ;49%
ES;GUACUI;3202306; 9.093,30 ; 10.194,38 ; 6.807.376,02 ;40%
ES;GUARAPARI;3202405; 9.673,53 ; 10.194,38 ; 14.493.556,20 ;49%
ES;IBATIBA;3202454; 8.329,25 ; 10.194,38 ; 11.267.774,51 ;50%
ES;IBIRACU;3202504; 10.883,25 ; 10.883,25 ; -   ;0%
ES;IBITIRAMA;3202553; 8.135,36 ; 10.194,38 ; 4.999.933,89 ;58%
ES;ICONHA;3202603; 10.481,51 ; 10.481,51 ; -   ;0%
ES;IRUPI;3202652; 8.787,49 ; 10.194,38 ; 3.810.815,53 ;52%
ES;ITAGUACU;3202702; 10.151,11 ; 10.194,38 ; 86.633,46 ;52%
ES;ITAPEMIRIM;3202801; 11.320,37 ; 11.320,37 ; -   ;0%
ES;ITARANA;3202900; 9.302,35 ; 10.194,38 ; 1.452.551,61 ;49%
ES;IUNA;3203007; 10.425,12 ; 10.425,12 ; -   ;0%
ES;JAGUARE;3203056; 8.523,04 ; 10.194,38 ; 13.883.143,49 ;49%
ES;JERONIMO MONTEIRO;3203106; 10.345,05 ; 10.345,05 ; -   ;0%
ES;JOAO NEIVA;3203130; 11.707,01 ; 11.707,01 ; -   ;0%
ES;LARANJA DA TERRA;3203163; 8.293,53 ; 10.194,38 ; 4.274.576,47 ;53%
ES;LINHARES;3203205; 10.012,78 ; 10.194,38 ; 6.463.534,57 ;48%
ES;MANTENOPOLIS;3203304; 9.557,44 ; 10.194,38 ; 1.363.082,96 ;55%
ES;MARATAIZES;3203320; 9.597,46 ; 10.194,38 ; 6.772.067,11 ;50%
ES;MARECHAL FLORIANO;3203346; 8.784,44 ; 10.194,38 ; 5.384.972,91 ;50%
ES;MARILANDIA;3203353; 9.480,10 ; 10.194,38 ; 1.572.607,02 ;49%
ES;MIMOSO DO SUL;3203403; 10.307,24 ; 10.307,24 ; -   ;0%
ES;MONTANHA;3203502; 9.054,75 ; 10.194,38 ; 4.768.121,59 ;49%
ES;MUCURICI;3203601; 10.121,98 ; 10.194,38 ; 83.562,55 ;55%
ES;MUNIZ FREIRE;3203700; 9.070,34 ; 10.194,38 ; 4.129.456,45 ;54%
ES;MUQUI;3203809; 9.939,84 ; 10.194,38 ; 533.850,50 ;54%
ES;NOVA VENECIA;3203908; 9.564,43 ; 10.194,38 ; 6.267.127,96 ;52%
ES;PANCAS;3204005; 8.305,80 ; 10.194,38 ; 6.321.856,63 ;56%
ES;PEDRO CANARIO;3204054; 10.037,91 ; 10.194,38 ; 635.287,27 ;50%
ES;PINHEIROS;3204104; 9.036,40 ; 10.194,38 ; 6.358.733,73 ;54%
ES;PIUMA;3204203; 8.968,38 ; 10.194,38 ; 7.358.214,85 ;49%
ES;PONTO BELO;3204252; 9.315,88 ; 10.194,38 ; 1.135.355,18 ;48%
ES;PRESIDENTE KENNEDY;3204302; 13.197,50 ; 13.197,50 ; -   ;0%
ES;RIO BANANAL;3204351; 9.540,13 ; 10.194,38 ; 3.222.747,67 ;51%
ES;RIO NOVO DO SUL;3204401; 9.547,26 ; 10.194,38 ; 1.199.668,21 ;51%
ES;SANTA LEOPOLDINA;3204500; 10.097,12 ; 10.194,38 ; 196.889,37 ;56%
ES;SANTA MARIA DE JETIBA;3204559; 9.518,83 ; 10.194,38 ; 4.485.727,92 ;55%
ES;SANTA TERESA;3204609; 10.423,46 ; 10.423,46 ; -   ;0%
ES;SAO DOMINGOS DO NORTE;3204658; 9.366,65 ; 10.194,38 ; 1.682.976,78 ;55%
ES;SAO GABRIEL DA PALHA;3204708; 9.171,85 ; 10.194,38 ; 5.919.201,23 ;52%
ES;SAO JOSE DO CALCADO;3204807; 8.242,14 ; 10.194,38 ; 5.229.390,30 ;47%
ES;SAO MATEUS;3204906; 9.986,32 ; 10.194,38 ; 4.623.357,90 ;53%
ES;SAO ROQUE DO CANAA;3204955; 8.017,29 ; 10.194,38 ; 4.348.233,80 ;47%
ES;SERRA;3205002; 10.723,26 ; 10.723,26 ; -   ;0%
ES;SOORETAMA;3205010; 9.105,93 ; 10.194,38 ; 8.123.081,03 ;46%
ES;VARGEM ALTA;3205036; 10.334,66 ; 10.334,66 ; -   ;0%
ES;VENDA NOVA DO IMIGRANTE;3205069; 8.068,35 ; 10.194,38 ; 9.195.380,50 ;43%
ES;VIANA;3205101; 9.663,86 ; 10.194,38 ; 9.790.584,11 ;50%
ES;VILA PAVAO;3205150; 8.046,19 ; 10.194,38 ; 4.593.536,86 ;58%
ES;VILA VALERIO;3205176; 8.750,24 ; 10.194,38 ; 5.220.151,84 ;50%
ES;VILA VELHA;3205200; 11.045,79 ; 11.045,79 ; -   ;0%
ES;VITORIA;3205309; 15.938,15 ; 15.938,15 ; -   ;0%
GO;ABADIA DE GOIAS;5200050; 8.406,89 ; 10.194,38 ; 8.421.122,58 ;57%
GO;ABADIANIA;5200100; 14.685,83 ; 14.685,83 ; -   ;0%
GO;ACREUNA;5200134; 12.786,05 ; 12.786,05 ; -   ;0%
GO;ADELANDIA;5200159; 13.640,19 ; 13.640,19 ; -   ;0%
GO;AGUA FRIA DE GOIAS;5200175; 11.659,70 ; 11.659,70 ; -   ;0%
GO;AGUA LIMPA;5200209; 16.569,98 ; 16.569,98 ; -   ;0%
GO;AGUAS LINDAS DE GOIAS;5200258; 8.261,59 ; 10.194,38 ; 62.409.484,08 ;58%
GO;ALEXANIA;5200308; 10.622,52 ; 10.622,52 ; -   ;0%
GO;ALOANDIA;5200506; 17.620,90 ; 17.620,90 ; -   ;0%
GO;ALTO HORIZONTE;5200555; 17.313,52 ; 17.313,52 ; -   ;0%
GO;ALTO PARAISO DE GOIAS;5200605; 11.329,10 ; 11.329,10 ; -   ;0%
GO;ALVORADA DO NORTE;5200803; 10.440,38 ; 10.440,38 ; -   ;0%
GO;AMARALINA;5200829; 15.048,18 ; 15.048,18 ; -   ;0%
GO;AMERICANO DO BRASIL;5200852; 10.526,13 ; 10.526,13 ; -   ;0%
GO;AMORINOPOLIS;5200902; 15.324,22 ; 15.324,22 ; -   ;0%
GO;ANAPOLIS;5201108; 10.967,93 ; 10.967,93 ; -   ;0%
GO;ANHANGUERA;5201207; 20.502,38 ; 20.502,38 ; -   ;0%
GO;ANICUNS;5201306; 11.476,91 ; 11.476,91 ; -   ;0%
GO;APARECIDA DE GOIANIA;5201405; 10.493,62 ; 10.493,62 ; -   ;0%
GO;APARECIDA DO RIO DOCE;5201454; 12.899,93 ; 12.899,93 ; -   ;0%
GO;APORE;5201504; 13.701,07 ; 13.701,07 ; -   ;0%
GO;ARACU;5201603; 13.664,45 ; 13.664,45 ; -   ;0%
GO;ARAGARCAS;5201702; 9.798,28 ; 10.194,38 ; 1.106.922,81 ;50%
GO;ARAGOIANIA;5201801; 10.434,57 ; 10.434,57 ; -   ;0%
GO;ARAGUAPAZ;5202155; 11.040,25 ; 11.040,25 ; -   ;0%
GO;ARENOPOLIS;5202353; 12.774,21 ; 12.774,21 ; -   ;0%
GO;ARUANA;5202502; 10.755,87 ; 10.755,87 ; -   ;0%
GO;AURILANDIA;5202601; 14.659,91 ; 14.659,91 ; -   ;0%
GO;AVELINOPOLIS;5202809; 9.637,67 ; 10.194,38 ; 373.455,71 ;50%
GO;BALIZA;5203104; 15.186,05 ; 15.186,05 ; -   ;0%
GO;BARRO ALTO;5203203; 15.508,86 ; 15.508,86 ; -   ;0%
GO;BELA VISTA DE GOIAS;5203302; 10.262,64 ; 10.262,64 ; -   ;0%
GO;BOM JARDIM DE GOIAS;5203401; 12.251,32 ; 12.251,32 ; -   ;0%
GO;BOM JESUS DE GOIAS;5203500; 11.380,47 ; 11.380,47 ; -   ;0%
GO;BONFINOPOLIS;5203559; 9.993,57 ; 10.194,38 ; 315.313,45 ;56%
GO;BONOPOLIS;5203575; 15.723,02 ; 15.723,02 ; -   ;0%
GO;BRAZABRANTES;5203609; 14.061,33 ; 14.061,33 ; -   ;0%
GO;BRITANIA;5203807; 11.559,84 ; 11.559,84 ; -   ;0%
GO;BURITI ALEGRE;5203906; 9.530,43 ; 10.194,38 ; 1.113.450,70 ;46%
GO;BURITI DE GOIAS;5203939; 10.065,93 ; 10.194,38 ; 73.186,99 ;54%
GO;BURITINOPOLIS;5203962; 12.958,30 ; 12.958,30 ; -   ;0%
GO;CABECEIRAS;5204003; 11.065,30 ; 11.065,30 ; -   ;0%
GO;CACHOEIRA ALTA;5204102; 13.353,92 ; 13.353,92 ; -   ;0%
GO;CACHOEIRA DE GOIAS;5204201; 23.966,47 ; 23.966,47 ; -   ;0%
GO;CACHOEIRA DOURADA;5204250; 11.141,49 ; 11.141,49 ; -   ;0%
GO;CACU;5204300; 12.156,98 ; 12.156,98 ; -   ;0%
GO;CAIAPONIA;5204409; 12.849,19 ; 12.849,19 ; -   ;0%
GO;CALDAS NOVAS;5204508; 11.280,74 ; 11.280,74 ; -   ;0%
GO;CALDAZINHA;5204557; 10.609,39 ; 10.609,39 ; -   ;0%
GO;CAMPESTRE DE GOIAS;5204607; 10.837,58 ; 10.837,58 ; -   ;0%
GO;CAMPINACU;5204656; 11.495,94 ; 11.495,94 ; -   ;0%
GO;CAMPINORTE;5204706; 9.809,70 ; 10.194,38 ; 751.142,62 ;61%
GO;CAMPO ALEGRE DE GOIAS;5204805; 12.880,01 ; 12.880,01 ; -   ;0%
GO;CAMPO LIMPO DE GOIAS;5204854; 8.142,13 ; 10.194,38 ; 3.317.312,28 ;51%
GO;CAMPOS BELOS;5204904; 9.559,23 ; 10.194,38 ; 2.157.045,55 ;52%
GO;CARMO DO RIO VERDE;5205000; 11.570,79 ; 11.570,79 ; -   ;0%
GO;CASTELANDIA;5205059; 12.979,94 ; 12.979,94 ; -   ;0%
GO;CATALAO;5205109; 13.111,75 ; 13.111,75 ; -   ;0%
GO;CATURAI;5205208; 12.773,09 ; 12.773,09 ; -   ;0%
GO;CAVALCANTE;5205307; 9.723,87 ; 10.194,38 ; 842.377,54 ;61%
GO;CERES;5205406; 9.979,39 ; 10.194,38 ; 637.771,24 ;50%
GO;CEZARINA;5205455; 12.246,15 ; 12.246,15 ; -   ;0%
GO;CHAPADAO DO CEU;5205471; 10.998,69 ; 10.998,69 ; -   ;0%
GO;CIDADE OCIDENTAL;5205497; 9.047,08 ; 10.194,38 ; 20.295.704,18 ;56%
GO;COCALZINHO DE GOIAS;5205513; 9.947,70 ; 10.194,38 ; 896.193,17 ;54%
GO;COLINAS DO SUL;5205521; 10.848,36 ; 10.848,36 ; -   ;0%
GO;CORREGO DO OURO;5205703; 14.283,95 ; 14.283,95 ; -   ;0%
GO;CORUMBA DE GOIAS;5205802; 12.942,90 ; 12.942,90 ; -   ;0%
GO;CORUMBAIBA;5205901; 10.329,39 ; 10.329,39 ; -   ;0%
GO;CRISTALINA;5206206; 10.988,58 ; 10.988,58 ; -   ;0%
GO;CRISTIANOPOLIS;5206305; 10.558,49 ; 10.558,49 ; -   ;0%
GO;CRIXAS;5206404; 16.232,31 ; 16.232,31 ; -   ;0%
GO;CROMINIA;5206503; 13.856,27 ; 13.856,27 ; -   ;0%
GO;CUMARI;5206602; 13.436,07 ; 13.436,07 ; -   ;0%
GO;DAMIANOPOLIS;5206701; 11.221,22 ; 11.221,22 ; -   ;0%
GO;DAMOLANDIA;5206800; 11.268,01 ; 11.268,01 ; -   ;0%
GO;DAVINOPOLIS;5206909; 19.479,78 ; 19.479,78 ; -   ;0%
GO;DIORAMA;5207105; 14.928,86 ; 14.928,86 ; -   ;0%
GO;DIVINOPOLIS DE GOIAS;5208301; 10.421,77 ; 10.421,77 ; -   ;0%
GO;DOVERLANDIA;5207253; 11.686,73 ; 11.686,73 ; -   ;0%
GO;EDEALINA;5207352; 12.574,41 ; 12.574,41 ; -   ;0%
GO;EDEIA;5207402; 15.553,35 ; 15.553,35 ; -   ;0%
GO;ESTRELA DO NORTE;5207501; 11.751,61 ; 11.751,61 ; -   ;0%
GO;FAINA;5207535; 12.093,25 ; 12.093,25 ; -   ;0%
GO;FAZENDA NOVA;5207600; 13.616,51 ; 13.616,51 ; -   ;0%
GO;FIRMINOPOLIS;5207808; 11.278,79 ; 11.278,79 ; -   ;0%
GO;FLORES DE GOIAS;5207907; 10.136,64 ; 10.194,38 ; 109.012,28 ;57%
GO;FORMOSA;5208004; 10.885,59 ; 10.885,59 ; -   ;0%
GO;FORMOSO;5208103; 13.833,33 ; 13.833,33 ; -   ;0%
GO;GAMELEIRA DE GOIAS;5208152; 10.051,82 ; 10.194,38 ; 138.939,80 ;55%
GO;GOIANAPOLIS;5208400; 9.789,82 ; 10.194,38 ; 853.107,72 ;54%
GO;GOIANDIRA;5208509; 11.446,37 ; 11.446,37 ; -   ;0%
GO;GOIANESIA;5208608; 9.392,76 ; 10.194,38 ; 9.252.456,76 ;52%
GO;GOIANIA;5208707; 15.837,37 ; 15.837,37 ; -   ;0%
GO;GOIANIRA;5208806; 8.909,26 ; 10.194,38 ; 14.466.624,18 ;57%
GO;GOIAS;5208905; 10.889,48 ; 10.889,48 ; -   ;0%
GO;Goiás;52; 11.005,84 ; 11.005,84 ; -   ;0%
GO;GOIATUBA;5209101; 12.362,27 ; 12.362,27 ; -   ;0%
GO;GOUVELANDIA;5209150; 11.080,09 ; 11.080,09 ; -   ;0%
GO;GUAPO;5209200; 9.909,81 ; 10.194,38 ; 847.072,04 ;56%
GO;GUARAITA;5209291; 16.635,32 ; 16.635,32 ; -   ;0%
GO;GUARANI DE GOIAS;5209408; 14.648,76 ; 14.648,76 ; -   ;0%
GO;GUARINOS;5209457; 20.553,68 ; 20.553,68 ; -   ;0%
GO;HIDROLANDIA;5209705; 9.694,37 ; 10.194,38 ; 2.894.506,75 ;48%
GO;HIDROLINA;5209804; 13.752,04 ; 13.752,04 ; -   ;0%
GO;IACIARA;5209903; 10.432,04 ; 10.432,04 ; -   ;0%
GO;INACIOLANDIA;5209937; 10.753,11 ; 10.753,11 ; -   ;0%
GO;INDIARA;5209952; 10.355,48 ; 10.355,48 ; -   ;0%
GO;INHUMAS;5210000; 11.325,03 ; 11.325,03 ; -   ;0%
GO;IPAMERI;5210109; 11.495,23 ; 11.495,23 ; -   ;0%
GO;IPIRANGA DE GOIAS;5210158; 12.968,54 ; 12.968,54 ; -   ;0%
GO;IPORA;5210208; 10.075,32 ; 10.194,38 ; 547.420,65 ;48%
GO;ISRAELANDIA;5210307; 18.338,38 ; 18.338,38 ; -   ;0%
GO;ITABERAI;5210406; 9.029,17 ; 10.194,38 ; 10.259.531,18 ;55%
GO;ITAGUARI;5210562; 10.878,67 ; 10.878,67 ; -   ;0%
GO;ITAGUARU;5210604; 13.753,93 ; 13.753,93 ; -   ;0%
GO;ITAJA;5210802; 13.203,07 ; 13.203,07 ; -   ;0%
GO;ITAPACI;5210901; 9.879,50 ; 10.194,38 ; 1.067.946,48 ;52%
GO;ITAPIRAPUA;5211008; 12.647,25 ; 12.647,25 ; -   ;0%
GO;ITAPURANGA;5211206; 11.405,88 ; 11.405,88 ; -   ;0%
GO;ITARUMA;5211305; 13.252,45 ; 13.252,45 ; -   ;0%
GO;ITAUCU;5211404; 10.318,08 ; 10.318,08 ; -   ;0%
GO;ITUMBIARA;5211503; 10.428,61 ; 10.428,61 ; -   ;0%
GO;IVOLANDIA;5211602; 17.918,28 ; 17.918,28 ; -   ;0%
GO;JANDAIA;5211701; 12.831,67 ; 12.831,67 ; -   ;0%
GO;JARAGUA;5211800; 10.046,83 ; 10.194,38 ; 877.401,39 ;57%
GO;JATAI;5211909; 12.503,12 ; 12.503,12 ; -   ;0%
GO;JAUPACI;5212006; 14.383,67 ; 14.383,67 ; -   ;0%
GO;JESUPOLIS;5212055; 14.677,23 ; 14.677,23 ; -   ;0%
GO;JOVIANIA;5212105; 10.886,40 ; 10.886,40 ; -   ;0%
GO;JUSSARA;5212204; 12.035,34 ; 12.035,34 ; -   ;0%
GO;LAGOA SANTA;5212253; 16.746,34 ; 16.746,34 ; -   ;0%
GO;LEOPOLDO DE BULHOES;5212303; 10.812,17 ; 10.812,17 ; -   ;0%
GO;LUZIANIA;5212501; 8.754,28 ; 10.194,38 ; 44.832.387,15 ;56%
GO;MAIRIPOTABA;5212600; 16.137,91 ; 16.137,91 ; -   ;0%
GO;MAMBAI;5212709; 9.753,98 ; 10.194,38 ; 556.023,47 ;60%
GO;MARA ROSA;5212808; 13.036,61 ; 13.036,61 ; -   ;0%
GO;MARZAGAO;5212907; 12.062,66 ; 12.062,66 ; -   ;0%
GO;MATRINCHA;5212956; 12.822,81 ; 12.822,81 ; -   ;0%
GO;MAURILANDIA;5213004; 10.122,12 ; 10.194,38 ; 119.713,95 ;56%
GO;MIMOSO DE GOIAS;5213053; 14.101,99 ; 14.101,99 ; -   ;0%
GO;MINACU;5213087; 10.743,98 ; 10.743,98 ; -   ;0%
GO;MINEIROS;5213103; 12.811,74 ; 12.811,74 ; -   ;0%
GO;MOIPORA;5213400; 19.184,94 ; 19.184,94 ; -   ;0%
GO;MONTE ALEGRE DE GOIAS;5213509; 11.433,81 ; 11.433,81 ; -   ;0%
GO;MONTES CLAROS DE GOIAS;5213707; 14.955,13 ; 14.955,13 ; -   ;0%
GO;MONTIVIDIU;5213756; 12.924,03 ; 12.924,03 ; -   ;0%
GO;MONTIVIDIU DO NORTE;5213772; 10.947,70 ; 10.947,70 ; -   ;0%
GO;MORRINHOS;5213806; 11.462,28 ; 11.462,28 ; -   ;0%
GO;MORRO AGUDO DE GOIAS;5213855; 10.473,36 ; 10.473,36 ; -   ;0%
GO;MOSSAMEDES;5213905; 9.449,72 ; 10.194,38 ; 717.567,46 ;51%
GO;MOZARLANDIA;5214002; 10.762,58 ; 10.762,58 ; -   ;0%
GO;MUNDO NOVO;5214051; 11.759,33 ; 11.759,33 ; -   ;0%
GO;MUTUNOPOLIS;5214101; 13.081,54 ; 13.081,54 ; -   ;0%
GO;NAZARIO;5214408; 10.399,63 ; 10.399,63 ; -   ;0%
GO;NEROPOLIS;5214507; 10.302,69 ; 10.302,69 ; -   ;0%
GO;NIQUELANDIA;5214606; 11.472,85 ; 11.472,85 ; -   ;0%
GO;NOVA AMERICA;5214705; 13.127,02 ; 13.127,02 ; -   ;0%
GO;NOVA AURORA;5214804; 16.856,55 ; 16.856,55 ; -   ;0%
GO;NOVA CRIXAS;5214838; 12.725,12 ; 12.725,12 ; -   ;0%
GO;NOVA GLORIA;5214861; 11.489,11 ; 11.489,11 ; -   ;0%
GO;NOVA IGUACU DE GOIAS;5214879; 15.900,28 ; 15.900,28 ; -   ;0%
GO;NOVA ROMA;5214903; 15.854,79 ; 15.854,79 ; -   ;0%
GO;NOVA VENEZA;5215009; 10.641,79 ; 10.641,79 ; -   ;0%
GO;NOVO BRASIL;5215207; 14.749,25 ; 14.749,25 ; -   ;0%
GO;NOVO GAMA;5215231; 9.438,65 ; 10.194,38 ; 9.663.067,56 ;57%
GO;NOVO PLANALTO;5215256; 16.430,77 ; 16.430,77 ; -   ;0%
GO;ORIZONA;5215306; 9.139,59 ; 10.194,38 ; 2.947.387,65 ;52%
GO;OURO VERDE DE GOIAS;5215405; 11.913,87 ; 11.913,87 ; -   ;0%
GO;OUVIDOR;5215504; 15.894,26 ; 15.894,26 ; -   ;0%
GO;PADRE BERNARDO;5215603; 9.761,97 ; 10.194,38 ; 2.574.440,41 ;58%
GO;PALESTINA DE GOIAS;5215652; 17.301,17 ; 17.301,17 ; -   ;0%
GO;PALMEIRAS DE GOIAS;5215702; 8.464,43 ; 10.194,38 ; 9.189.737,12 ;56%
GO;PALMELO;5215801; 19.705,90 ; 19.705,90 ; -   ;0%
GO;PALMINOPOLIS;5215900; 12.920,94 ; 12.920,94 ; -   ;0%
GO;PANAMA;5216007; 17.422,80 ; 17.422,80 ; -   ;0%
GO;PARANAIGUARA;5216304; 9.353,23 ; 10.194,38 ; 994.660,75 ;53%
GO;PARAUNA;5216403; 14.602,66 ; 14.602,66 ; -   ;0%
GO;PEROLANDIA;5216452; 18.918,41 ; 18.918,41 ; -   ;0%
GO;PETROLINA DE GOIAS;5216809; 14.715,71 ; 14.715,71 ; -   ;0%
GO;PILAR DE GOIAS;5216908; 16.390,72 ; 16.390,72 ; -   ;0%
GO;PIRACANJUBA;5217104; 12.812,70 ; 12.812,70 ; -   ;0%
GO;PIRANHAS;5217203; 11.717,61 ; 11.717,61 ; -   ;0%
GO;PIRENOPOLIS;5217302; 11.365,22 ; 11.365,22 ; -   ;0%
GO;PIRES DO RIO;5217401; 12.225,29 ; 12.225,29 ; -   ;0%
GO;PLANALTINA;5217609; 7.997,55 ; 10.194,38 ; 57.337.081,79 ;55%
GO;PONTALINA;5217708; 11.098,60 ; 11.098,60 ; -   ;0%
GO;PORANGATU;5218003; 11.201,77 ; 11.201,77 ; -   ;0%
GO;PORTEIRAO;5218052; 12.861,87 ; 12.861,87 ; -   ;0%
GO;PORTELANDIA;5218102; 12.393,65 ; 12.393,65 ; -   ;0%
GO;POSSE;5218300; 10.193,50 ; 10.194,38 ; 4.708,40 ;56%
GO;PROFESSOR JAMIL;5218391; 13.322,57 ; 13.322,57 ; -   ;0%
GO;QUIRINOPOLIS;5218508; 11.413,56 ; 11.413,56 ; -   ;0%
GO;RIALMA;5218607; 9.598,11 ; 10.194,38 ; 1.128.135,98 ;35%
GO;RIANAPOLIS;5218706; 10.824,59 ; 10.824,59 ; -   ;0%
GO;RIO QUENTE;5218789; 11.374,00 ; 11.374,00 ; -   ;0%
GO;RIO VERDE;5218805; 12.498,09 ; 12.498,09 ; -   ;0%
GO;RUBIATABA;5218904; 10.168,73 ; 10.194,38 ; 73.448,62 ;48%
GO;SANTA BARBARA DE GOIAS;5219100; 11.183,36 ; 11.183,36 ; -   ;0%
GO;SANTA CRUZ DE GOIAS;5219209; 21.945,09 ; 21.945,09 ; -   ;0%
GO;SANTA FE DE GOIAS;5219258; 15.544,09 ; 15.544,09 ; -   ;0%
GO;SANTA HELENA DE GOIAS;5219308; 9.834,69 ; 10.194,38 ; 1.677.743,34 ;52%
GO;SANTA ISABEL;5219357; 16.162,20 ; 16.162,20 ; -   ;0%
GO;SANTA RITA DO ARAGUAIA;5219407; 11.105,01 ; 11.105,01 ; -   ;0%
GO;SANTA RITA DO NOVO DESTINO;5219456; 17.999,97 ; 17.999,97 ; -   ;0%
GO;SANTA ROSA DE GOIAS;5219506; 13.118,87 ; 13.118,87 ; -   ;0%
GO;SANTA TEREZA DE GOIAS;5219605; 13.277,75 ; 13.277,75 ; -   ;0%
GO;SANTA TEREZINHA DE GOIAS;5219704; 13.684,39 ; 13.684,39 ; -   ;0%
GO;SANTO ANTONIO DA BARRA;5219712; 13.118,46 ; 13.118,46 ; -   ;0%
GO;SANTO ANTONIO DE GOIAS;5219738; 11.815,19 ; 11.815,19 ; -   ;0%
GO;SANTO ANTONIO DO DESCOBERTO;5219753; 9.547,07 ; 10.194,38 ; 7.599.990,82 ;60%
GO;SAO DOMINGOS;5219803; 10.869,15 ; 10.869,15 ; -   ;0%
GO;SAO FRANCISCO DE GOIAS;5219902; 11.283,16 ; 11.283,16 ; -   ;0%
GO;SAO JOAO DA PARAUNA;5220058; 20.626,70 ; 20.626,70 ; -   ;0%
GO;SAO JOAO DALIANCA;5220009; 10.715,03 ; 10.715,03 ; -   ;0%
GO;SAO LUIS DE MONTES BELOS;5220108; 11.334,23 ; 11.334,23 ; -   ;0%
GO;SAO LUIZ DO NORTE;5220157; 12.545,99 ; 12.545,99 ; -   ;0%
GO;SAO MIGUEL DO ARAGUAIA;5220207; 11.549,13 ; 11.549,13 ; -   ;0%
GO;SAO MIGUEL DO PASSA QUATRO;5220264; 12.753,31 ; 12.753,31 ; -   ;0%
GO;SAO PATRICIO;5220280; 16.707,10 ; 16.707,10 ; -   ;0%
GO;SAO SIMAO;5220405; 12.948,70 ; 12.948,70 ; -   ;0%
GO;SENADOR CANEDO;5220454; 10.538,84 ; 10.538,84 ; -   ;0%
GO;SERRANOPOLIS;5220504; 13.370,48 ; 13.370,48 ; -   ;0%
GO;SILVANIA;5220603; 11.008,16 ; 11.008,16 ; -   ;0%
GO;SIMOLANDIA;5220686; 11.728,15 ; 11.728,15 ; -   ;0%
GO;SITIO DABADIA;5220702; 12.363,27 ; 12.363,27 ; -   ;0%
GO;TAQUARAL DE GOIAS;5221007; 10.920,08 ; 10.920,08 ; -   ;0%
GO;TERESINA DE GOIAS;5221080; 12.448,74 ; 12.448,74 ; -   ;0%
GO;TEREZOPOLIS DE GOIAS;5221197; 11.210,40 ; 11.210,40 ; -   ;0%
GO;TRES RANCHOS;5221304; 12.852,68 ; 12.852,68 ; -   ;0%
GO;TRINDADE;5221403; 9.654,82 ; 10.194,38 ; 10.637.880,56 ;55%
GO;TROMBAS;5221452; 11.290,25 ; 11.290,25 ; -   ;0%
GO;TURVANIA;5221502; 9.491,37 ; 10.194,38 ; 532.473,23 ;56%
GO;TURVELANDIA;5221551; 13.362,36 ; 13.362,36 ; -   ;0%
GO;UIRAPURU;5221577; 14.083,22 ; 14.083,22 ; -   ;0%
GO;URUACU;5221601; 9.855,86 ; 10.194,38 ; 1.863.314,95 ;51%
GO;URUANA;5221700; 10.887,16 ; 10.887,16 ; -   ;0%
GO;URUTAI;5221809; 14.515,54 ; 14.515,54 ; -   ;0%
GO;VALPARAISO DE GOIAS;5221858; 9.229,46 ; 10.194,38 ; 31.252.414,37 ;56%
GO;VARJAO;5221908; 14.592,49 ; 14.592,49 ; -   ;0%
GO;VIANOPOLIS;5222005; 11.591,82 ; 11.591,82 ; -   ;0%
GO;VICENTINOPOLIS;5222054; 10.732,63 ; 10.732,63 ; -   ;0%
GO;VILA BOA;5222203; 12.510,80 ; 12.510,80 ; -   ;0%
GO;VILA PROPICIO;5222302; 11.412,78 ; 11.412,78 ; -   ;0%
MA;ACAILANDIA;2100055; 8.296,37 ; 10.194,38 ; 50.538.625,10 ;54%
MA;AFONSO CUNHA;2100105; 7.656,72 ; 10.194,38 ; 10.308.372,25 ;57%
MA;AGUA DOCE DO MARANHAO;2100154; 8.435,69 ; 10.194,38 ; 8.107.037,02 ;56%
MA;ALCANTARA;2100204; 8.195,20 ; 10.194,38 ; 10.809.008,70 ;53%
MA;ALDEIAS ALTAS;2100303; 8.949,48 ; 10.194,38 ; 12.742.777,50 ;50%
MA;ALTAMIRA DO MARANHAO;2100402; 10.163,16 ; 10.194,38 ; 74.429,64 ;49%
MA;ALTO ALEGRE DO MARANHAO;2100436; 8.195,89 ; 10.194,38 ; 14.417.931,66 ;52%
MA;ALTO ALEGRE DO PINDARE;2100477; 7.182,90 ; 10.194,38 ; 34.777.794,52 ;46%
MA;ALTO PARNAIBA;2100501; 7.119,38 ; 10.194,38 ; 10.030.180,23 ;49%
MA;AMAPA DO MARANHAO;2100550; 8.362,34 ; 10.194,38 ; 6.677.064,06 ;49%
MA;AMARANTE DO MARANHAO;2100600; 6.884,69 ; 10.194,38 ; 39.077.214,93 ;53%
MA;ANAJATUBA;2100709; 7.807,45 ; 10.194,38 ; 16.955.886,53 ;51%
MA;ANAPURUS;2100808; 7.539,54 ; 10.194,38 ; 15.594.386,90 ;46%
MA;APICUM-ACU;2100832; 6.985,90 ; 10.194,38 ; 20.550.594,22 ;55%
MA;ARAGUANA;2100873; 8.088,85 ; 10.194,38 ; 11.448.322,86 ;40%
MA;ARAIOSES;2100907; 7.456,45 ; 10.194,38 ; 33.188.304,13 ;56%
MA;ARAME;2100956; 7.972,51 ; 10.194,38 ; 15.845.241,66 ;54%
MA;ARARI;2101004; 7.645,72 ; 10.194,38 ; 20.805.344,31 ;52%
MA;AXIXA;2101103; 6.405,06 ; 10.194,38 ; 16.147.108,29 ;51%
MA;BACABAL;2101202; 7.384,76 ; 10.194,38 ; 79.131.609,38 ;50%
MA;BACABEIRA;2101251; 6.862,27 ; 10.194,38 ; 20.410.814,40 ;53%
MA;BACURI;2101301; 8.232,79 ; 10.194,38 ; 13.941.360,97 ;46%
MA;BACURITUBA;2101350; 7.458,04 ; 10.194,38 ; 5.627.457,41 ;44%
MA;BALSAS;2101400; 8.834,87 ; 10.194,38 ; 29.959.798,81 ;58%
MA;BARAO DE GRAJAU;2101509; 6.914,49 ; 10.194,38 ; 15.557.916,86 ;55%
MA;BARRA DO CORDA;2101608; 7.443,99 ; 10.194,38 ; 66.379.292,00 ;54%
MA;BARREIRINHAS;2101707; 7.388,03 ; 10.194,38 ; 60.679.685,89 ;57%
MA;BELA VISTA DO MARANHAO;2101772; 8.430,79 ; 10.194,38 ; 10.235.202,43 ;38%
MA;BELAGUA;2101731; 7.803,35 ; 10.194,38 ; 13.483.094,54 ;50%
MA;BENEDITO LEITE;2101806; 6.156,20 ; 10.194,38 ; 7.433.062,40 ;46%
MA;BEQUIMAO;2101905; 8.511,59 ; 10.194,38 ; 6.861.014,93 ;60%
MA;BERNARDO DO MEARIM;2101939; 10.237,85 ; 10.237,85 ; -   ;0%
MA;BOA VISTA DO GURUPI;2101970; 7.627,25 ; 10.194,38 ; 9.295.365,64 ;41%
MA;BOM JARDIM;2102002; 7.854,88 ; 10.194,38 ; 32.147.113,00 ;46%
MA;BOM JESUS DAS SELVAS;2102036; 7.639,53 ; 10.194,38 ; 26.242.345,22 ;54%
MA;BOM LUGAR;2102077; 7.420,49 ; 10.194,38 ; 11.222.080,17 ;51%
MA;BREJO;2102101; 8.283,13 ; 10.194,38 ; 22.410.917,96 ;51%
MA;BREJO DE AREIA;2102150; 6.140,96 ; 10.194,38 ; 14.424.276,38 ;45%
MA;BURITI;2102200; 7.527,74 ; 10.194,38 ; 33.193.541,74 ;49%
MA;BURITI BRAVO;2102309; 7.326,50 ; 10.194,38 ; 19.977.114,37 ;53%
MA;BURITICUPU;2102325; 8.356,10 ; 10.194,38 ; 31.722.889,99 ;50%
MA;BURITIRANA;2102358; 8.276,98 ; 10.194,38 ; 7.733.444,55 ;56%
MA;CACHOEIRA GRANDE;2102374; 7.741,39 ; 10.194,38 ; 9.678.651,97 ;54%
MA;CAJAPIO;2102408; 8.674,32 ; 10.194,38 ; 3.930.112,62 ;55%
MA;CAJARI;2102507; 7.405,81 ; 10.194,38 ; 17.896.655,93 ;58%
MA;CAMPESTRE DO MARANHAO;2102556; 8.951,17 ; 10.194,38 ; 3.847.649,85 ;54%
MA;CANDIDO MENDES;2102606; 7.317,08 ; 10.194,38 ; 27.716.413,10 ;44%
MA;CANTANHEDE;2102705; 6.523,86 ; 10.194,38 ; 34.472.713,23 ;41%
MA;CAPINZAL DO NORTE;2102754; 9.300,53 ; 10.194,38 ; 2.908.135,91 ;53%
MA;CAROLINA;2102804; 12.167,91 ; 12.167,91 ; -   ;0%
MA;CARUTAPERA;2102903; 7.537,44 ; 10.194,38 ; 22.821.212,72 ;54%
MA;CAXIAS;2103000; 8.497,01 ; 10.194,38 ; 62.727.908,13 ;57%
MA;CEDRAL;2103109; 7.253,98 ; 10.194,38 ; 9.843.332,03 ;50%
MA;CENTRAL DO MARANHAO;2103125; 8.039,00 ; 10.194,38 ; 6.542.032,92 ;51%
MA;CENTRO DO GUILHERME;2103158; 7.861,59 ; 10.194,38 ; 20.061.330,40 ;42%
MA;CENTRO NOVO DO MARANHAO;2103174; 7.706,04 ; 10.194,38 ; 22.433.965,60 ;43%
MA;CHAPADINHA;2103208; 8.366,28 ; 10.194,38 ; 42.349.915,06 ;52%
MA;CIDELANDIA;2103257; 8.816,36 ; 10.194,38 ; 5.297.163,63 ;55%
MA;CODO;2103307; 7.992,95 ; 10.194,38 ; 70.673.688,02 ;54%
MA;COELHO NETO;2103406; 9.082,90 ; 10.194,38 ; 13.609.582,08 ;55%
MA;COLINAS;2103505; 7.690,38 ; 10.194,38 ; 29.390.971,42 ;49%
MA;CONCEICAO DO LAGO-ACU;2103554; 7.552,30 ; 10.194,38 ; 20.214.492,04 ;51%
MA;COROATA;2103604; 7.663,19 ; 10.194,38 ; 46.266.912,46 ;53%
MA;CURURUPU;2103703; 7.327,43 ; 10.194,38 ; 25.951.719,17 ;56%
MA;DAVINOPOLIS;2103752; 7.697,36 ; 10.194,38 ; 10.001.024,21 ;55%
MA;DOM PEDRO;2103802; 8.467,92 ; 10.194,38 ; 8.360.708,09 ;52%
MA;DUQUE BACELAR;2103901; 7.657,47 ; 10.194,38 ; 12.325.366,77 ;51%
MA;ESPERANTINOPOLIS;2104008; 7.291,59 ; 10.194,38 ; 17.032.886,82 ;53%
MA;ESTREITO;2104057; 8.597,81 ; 10.194,38 ; 12.809.972,76 ;57%
MA;FEIRA NOVA DO MARANHAO;2104073; 8.163,76 ; 10.194,38 ; 4.401.860,76 ;54%
MA;FERNANDO FALCAO;2104081; 7.428,17 ; 10.194,38 ; 9.013.830,04 ;52%
MA;FORMOSA DA SERRA NEGRA;2104099; 8.600,11 ; 10.194,38 ; 8.304.085,99 ;50%
MA;FORTALEZA DOS NOGUEIRAS;2104107; 7.847,43 ; 10.194,38 ; 9.646.348,44 ;51%
MA;FORTUNA;2104206; 8.562,60 ; 10.194,38 ; 8.826.134,70 ;56%
MA;GODOFREDO VIANA;2104305; 7.610,19 ; 10.194,38 ; 11.464.509,74 ;47%
MA;GONCALVES DIAS;2104404; 6.927,74 ; 10.194,38 ; 15.214.645,86 ;50%
MA;GOVERNADOR ARCHER;2104503; 8.547,62 ; 10.194,38 ; 4.845.769,17 ;52%
MA;GOVERNADOR EDISON LOBAO;2104552; 7.933,18 ; 10.194,38 ; 12.621.510,52 ;55%
MA;GOVERNADOR EUGENIO BARROS;2104602; 7.762,32 ; 10.194,38 ; 10.741.883,17 ;51%
MA;GOVERNADOR LUIZ ROCHA;2104628; 8.466,30 ; 10.194,38 ; 3.763.721,92 ;47%
MA;GOVERNADOR NEWTON BELLO;2104651; 7.002,58 ; 10.194,38 ; 14.665.153,08 ;40%
MA;GOVERNADOR NUNES FREIRE;2104677; 6.357,91 ; 10.194,38 ; 46.270.933,78 ;37%
MA;GRACA ARANHA;2104701; 9.576,90 ; 10.194,38 ; 927.437,23 ;52%
MA;GRAJAU;2104800; 8.902,27 ; 10.194,38 ; 30.003.579,34 ;55%
MA;GUIMARAES;2104909; 8.669,58 ; 10.194,38 ; 4.155.535,42 ;55%
MA;HUMBERTO DE CAMPOS;2105005; 7.537,47 ; 10.194,38 ; 28.573.076,42 ;56%
MA;ICATU;2105104; 8.325,64 ; 10.194,38 ; 13.474.319,10 ;51%
MA;IGARAPE DO MEIO;2105153; 9.573,39 ; 10.194,38 ; 4.140.529,46 ;45%
MA;IGARAPE GRANDE;2105203; 7.575,07 ; 10.194,38 ; 9.656.474,21 ;41%
MA;IMPERATRIZ;2105302; 9.266,91 ; 10.194,38 ; 46.813.044,27 ;52%
MA;ITAIPAVA DO GRAJAU;2105351; 7.950,91 ; 10.194,38 ; 9.982.007,76 ;57%
MA;ITAPECURU MIRIM;2105401; 6.940,68 ; 10.194,38 ; 71.137.257,85 ;55%
MA;ITINGA DO MARANHAO;2105427; 8.531,99 ; 10.194,38 ; 11.403.349,93 ;50%
MA;JATOBA;2105450; 5.668,17 ; 10.194,38 ; 15.301.131,46 ;48%
MA;JENIPAPO DOS VIEIRAS;2105476; 7.085,20 ; 10.194,38 ; 17.094.589,44 ;43%
MA;JOAO LISBOA;2105500; 7.600,17 ; 10.194,38 ; 22.015.140,99 ;52%
MA;JOSELANDIA;2105609; 7.833,20 ; 10.194,38 ; 9.592.568,62 ;57%
MA;JUNCO DO MARANHAO;2105658; 6.915,45 ; 10.194,38 ; 8.484.489,01 ;52%
MA;LAGO DA PEDRA;2105708; 7.573,34 ; 10.194,38 ; 32.068.430,07 ;55%
MA;LAGO DO JUNCO;2105807; 8.299,64 ; 10.194,38 ; 7.433.072,74 ;48%
MA;LAGO DOS RODRIGUES;2105948; 7.214,86 ; 10.194,38 ; 8.925.038,49 ;53%
MA;LAGO VERDE;2105906; 7.651,52 ; 10.194,38 ; 13.237.765,34 ;58%
MA;LAGOA DO MATO;2105922; 7.824,67 ; 10.194,38 ; 6.846.332,02 ;49%
MA;LAGOA GRANDE DO MARANHAO;2105963; 8.259,95 ; 10.194,38 ; 6.842.854,30 ;56%
MA;LAJEADO NOVO;2105989; 7.015,21 ; 10.194,38 ; 9.532.933,54 ;45%
MA;LIMA CAMPOS;2106003; 9.098,22 ; 10.194,38 ; 3.794.056,15 ;52%
MA;LORETO;2106102; 8.233,06 ; 10.194,38 ; 6.486.842,99 ;52%
MA;LUIS DOMINGUES;2106201; 9.163,18 ; 10.194,38 ; 2.338.234,57 ;49%
MA;MAGALHAES DE ALMEIDA;2106300; 10.287,16 ; 10.287,16 ; -   ;0%
MA;MARACACUME;2106326; 7.807,31 ; 10.194,38 ; 18.297.747,60 ;50%
MA;MARAJA DO SENA;2106359; 7.415,20 ; 10.194,38 ; 9.109.187,74 ;44%
MA;Maranhão;21; 9.469,61 ; 10.194,38 ; 401.682.693,99 ;0%
MA;MARANHAOZINHO;2106375; 8.748,05 ; 10.194,38 ; 10.495.959,33 ;32%
MA;MATA ROMA;2106409; 7.024,14 ; 10.194,38 ; 22.991.342,62 ;45%
MA;MATINHA;2106508; 7.266,88 ; 10.194,38 ; 21.962.479,81 ;54%
MA;MATOES;2106607; 7.741,33 ; 10.194,38 ; 27.990.854,45 ;53%
MA;MATOES DO NORTE;2106631; 6.796,79 ; 10.194,38 ; 19.495.239,87 ;32%
MA;MILAGRES DO MARANHAO;2106672; 6.976,16 ; 10.194,38 ; 14.450.090,28 ;32%
MA;MIRADOR;2106706; 8.236,22 ; 10.194,38 ; 10.374.162,63 ;53%
MA;MIRANDA DO NORTE;2106755; 8.004,46 ; 10.194,38 ; 13.674.608,81 ;50%
MA;MIRINZAL;2106805; 8.194,00 ; 10.194,38 ; 8.621.172,66 ;55%
MA;MONCAO;2106904; 7.124,88 ; 10.194,38 ; 34.882.153,64 ;51%
MA;MONTES ALTOS;2107001; 8.067,46 ; 10.194,38 ; 4.864.308,62 ;54%
MA;MORROS;2107100; 7.719,65 ; 10.194,38 ; 17.271.766,47 ;54%
MA;NINA RODRIGUES;2107209; 8.520,86 ; 10.194,38 ; 8.002.955,34 ;50%
MA;NOVA COLINAS;2107258; 8.998,33 ; 10.194,38 ; 1.771.182,55 ;59%
MA;NOVA IORQUE;2107308; 12.102,13 ; 12.102,13 ; -   ;0%
MA;NOVA OLINDA DO MARANHAO;2107357; 7.888,80 ; 10.194,38 ; 15.112.905,38 ;46%
MA;OLHO DAGUA DAS CUNHAS;2107407; 9.235,34 ; 10.194,38 ; 6.051.289,13 ;47%
MA;OLINDA NOVA DO MARANHAO;2107456; 7.830,63 ; 10.194,38 ; 9.476.564,02 ;53%
MA;PACO DO LUMIAR;2107506; 6.173,51 ; 10.194,38 ; 155.449.144,07 ;49%
MA;PALMEIRANDIA;2107605; 8.165,36 ; 10.194,38 ; 10.059.591,77 ;52%
MA;PARAIBANO;2107704; 8.870,67 ; 10.194,38 ; 5.997.216,41 ;53%
MA;PARNARAMA;2107803; 7.286,21 ; 10.194,38 ; 37.063.867,35 ;51%
MA;PASSAGEM FRANCA;2107902; 7.125,51 ; 10.194,38 ; 17.134.806,86 ;53%
MA;PASTOS BONS;2108009; 9.251,05 ; 10.194,38 ; 7.102.641,71 ;40%
MA;PAULINO NEVES;2108058; 8.063,88 ; 10.194,38 ; 14.071.434,83 ;53%
MA;PAULO RAMOS;2108108; 8.194,06 ; 10.194,38 ; 16.141.935,10 ;54%
MA;PEDREIRAS;2108207; 9.455,49 ; 10.194,38 ; 5.119.752,30 ;50%
MA;PEDRO DO ROSARIO;2108256; 8.111,14 ; 10.194,38 ; 23.054.040,46 ;51%
MA;PENALVA;2108306; 7.547,08 ; 10.194,38 ; 30.107.728,59 ;53%
MA;PERI MIRIM;2108405; 8.233,38 ; 10.194,38 ; 6.790.299,96 ;52%
MA;PERITORO;2108454; 7.337,14 ; 10.194,38 ; 25.922.007,83 ;52%
MA;PINDARE MIRIM;2108504; 7.829,95 ; 10.194,38 ; 30.491.048,58 ;54%
MA;PINHEIRO;2108603; 7.111,88 ; 10.194,38 ; 69.691.356,54 ;53%
MA;PIO XII;2108702; 8.816,68 ; 10.194,38 ; 12.108.995,41 ;49%
MA;PIRAPEMAS;2108801; 7.137,04 ; 10.194,38 ; 19.840.864,21 ;41%
MA;POCAO DE PEDRAS;2108900; 8.445,30 ; 10.194,38 ; 9.490.839,02 ;46%
MA;PORTO FRANCO;2109007; 7.918,48 ; 10.194,38 ; 20.745.586,50 ;42%
MA;PORTO RICO DO MARANHAO;2109056; 8.250,12 ; 10.194,38 ; 4.035.740,84 ;53%
MA;PRESIDENTE DUTRA;2109106; 8.104,42 ; 10.194,38 ; 22.711.412,33 ;51%
MA;PRESIDENTE JUSCELINO;2109205; 7.529,54 ; 10.194,38 ; 11.435.588,81 ;56%
MA;PRESIDENTE MEDICI;2109239; 8.962,28 ; 10.194,38 ; 2.497.001,32 ;51%
MA;PRESIDENTE SARNEY;2109270; 8.523,39 ; 10.194,38 ; 13.359.933,84 ;49%
MA;PRESIDENTE VARGAS;2109304; 8.740,85 ; 10.194,38 ; 6.583.680,77 ;44%
MA;PRIMEIRA CRUZ;2109403; 10.517,37 ; 10.517,37 ; -   ;0%
MA;RAPOSA;2109452; 7.573,37 ; 10.194,38 ; 24.394.161,18 ;56%
MA;RIACHAO;2109502; 8.730,00 ; 10.194,38 ; 7.546.657,63 ;56%
MA;RIBAMAR FIQUENE;2109551; 8.399,64 ; 10.194,38 ; 3.645.225,04 ;52%
MA;ROSARIO;2109601; 7.541,78 ; 10.194,38 ; 36.973.011,11 ;51%
MA;SAMBAIBA;2109700; 8.336,98 ; 10.194,38 ; 3.237.223,00 ;58%
MA;SANTA FILOMENA DO MARANHAO;2109759; 8.390,13 ; 10.194,38 ; 3.522.071,73 ;49%
MA;SANTA HELENA;2109809; 7.792,34 ; 10.194,38 ; 38.835.122,77 ;50%
MA;SANTA INES;2109908; 8.796,33 ; 10.194,38 ; 28.243.295,21 ;53%
MA;SANTA LUZIA;2110005; 7.393,57 ; 10.194,38 ; 59.175.962,03 ;50%
MA;SANTA LUZIA DO PARUA;2110039; 7.768,85 ; 10.194,38 ; 17.343.449,85 ;47%
MA;SANTA QUITERIA DO MARANHAO;2110104; 9.282,89 ; 10.194,38 ; 10.325.640,14 ;47%
MA;SANTA RITA;2110203; 6.366,92 ; 10.194,38 ; 52.545.222,62 ;51%
MA;SANTANA DO MARANHAO;2110237; 9.013,48 ; 10.194,38 ; 4.000.799,62 ;51%
MA;SANTO AMARO DO MARANHAO;2110278; 8.526,33 ; 10.194,38 ; 6.554.772,94 ;61%
MA;SANTO ANTONIO DOS LOPES;2110302; 10.487,34 ; 10.487,34 ; -   ;0%
MA;SAO BENEDITO DO RIO PRETO;2110401; 8.471,34 ; 10.194,38 ; 12.259.594,62 ;48%
MA;SAO BENTO;2110500; 8.709,90 ; 10.194,38 ; 17.382.080,51 ;52%
MA;SAO BERNARDO;2110609; 9.743,64 ; 10.194,38 ; 5.539.816,86 ;47%
MA;SAO DOMINGOS DO AZEITAO;2110658; 8.307,94 ; 10.194,38 ; 4.245.898,71 ;51%
MA;SAO DOMINGOS DO MARANHAO;2110708; 8.457,42 ; 10.194,38 ; 16.126.424,03 ;49%
MA;SAO FELIX DE BALSAS;2110807; 7.966,55 ; 10.194,38 ; 2.637.025,08 ;55%
MA;SAO FRANCISCO DO BREJAO;2110856; 8.396,49 ; 10.194,38 ; 4.676.247,23 ;51%
MA;SAO FRANCISCO DO MARANHAO;2110906; 8.390,71 ; 10.194,38 ; 7.245.905,41 ;53%
MA;SAO JOAO BATISTA;2111003; 8.259,90 ; 10.194,38 ; 10.050.725,49 ;54%
MA;SAO JOAO DO CARU;2111029; 7.890,32 ; 10.194,38 ; 10.843.825,60 ;52%
MA;SAO JOAO DO PARAISO;2111052; 7.353,83 ; 10.194,38 ; 10.690.835,70 ;47%
MA;SAO JOAO DO SOTER;2111078; 7.382,93 ; 10.194,38 ; 18.854.558,37 ;50%
MA;SAO JOAO DOS PATOS;2111102; 8.416,32 ; 10.194,38 ; 11.882.879,67 ;51%
MA;SAO JOSE DE RIBAMAR;2111201; 6.726,02 ; 10.194,38 ; 221.209.660,23 ;38%
MA;SAO JOSE DOS BASILIOS;2111250; 7.745,12 ; 10.194,38 ; 5.627.067,19 ;50%
MA;SAO LUIS;2111300; 11.846,22 ; 11.846,22 ; -   ;0%
MA;SAO LUIS GONZAGA DO MARANHAO;2111409; 7.551,71 ; 10.194,38 ; 20.202.581,47 ;52%
MA;SAO MATEUS DO MARANHAO;2111508; 7.409,87 ; 10.194,38 ; 35.343.070,28 ;54%
MA;SAO PEDRO DA AGUA BRANCA;2111532; 9.242,95 ; 10.194,38 ; 3.026.101,98 ;52%
MA;SAO PEDRO DOS CRENTES;2111573; 8.277,46 ; 10.194,38 ; 3.130.489,38 ;54%
MA;SAO RAIMUNDO DAS MANGABEIRAS;2111607; 8.081,10 ; 10.194,38 ; 10.658.800,78 ;55%
MA;SAO RAIMUNDO DO DOCA BEZERRA;2111631; 7.733,57 ; 10.194,38 ; 4.673.721,96 ;53%
MA;SAO ROBERTO;2111672; 8.945,47 ; 10.194,38 ; 2.367.984,34 ;50%
MA;SAO VICENTE FERRER;2111706; 7.702,42 ; 10.194,38 ; 13.918.566,66 ;52%
MA;SATUBINHA;2111722; 9.268,26 ; 10.194,38 ; 3.989.758,24 ;49%
MA;SENADOR ALEXANDRE COSTA;2111748; 7.649,65 ; 10.194,38 ; 9.814.521,64 ;53%
MA;SENADOR LA ROCQUE;2111763; 8.176,31 ; 10.194,38 ; 9.342.488,40 ;49%
MA;SERRANO DO MARANHAO;2111789; 7.663,98 ; 10.194,38 ; 17.622.730,63 ;41%
MA;SITIO NOVO;2111805; 7.613,35 ; 10.194,38 ; 15.709.193,60 ;49%
MA;SUCUPIRA DO NORTE;2111904; 7.680,40 ; 10.194,38 ; 8.620.217,40 ;50%
MA;SUCUPIRA DO RIACHAO;2111953; 9.319,50 ; 10.194,38 ; 1.173.580,04 ;51%
MA;TASSO FRAGOSO;2112001; 9.128,16 ; 10.194,38 ; 2.888.116,43 ;52%
MA;TIMBIRAS;2112100; 8.039,41 ; 10.194,38 ; 16.348.538,20 ;50%
MA;TIMON;2112209; 7.333,29 ; 10.194,38 ; 126.628.337,68 ;54%
MA;TRIZIDELA DO VALE;2112233; 9.281,73 ; 10.194,38 ; 5.411.395,63 ;49%
MA;TUFILANDIA;2112274; 7.597,95 ; 10.194,38 ; 5.981.614,78 ;51%
MA;TUNTUM;2112308; 6.752,36 ; 10.194,38 ; 38.963.560,06 ;48%
MA;TURIACU;2112407; 7.365,28 ; 10.194,38 ; 41.897.887,43 ;48%
MA;TURILANDIA;2112456; 7.597,15 ; 10.194,38 ; 30.153.399,70 ;53%
MA;TUTOIA;2112506; 7.715,16 ; 10.194,38 ; 43.935.683,17 ;53%
MA;URBANO SANTOS;2112605; 7.808,74 ; 10.194,38 ; 30.044.976,86 ;47%
MA;VARGEM GRANDE;2112704; 7.187,58 ; 10.194,38 ; 67.782.961,98 ;42%
MA;VIANA;2112803; 7.420,76 ; 10.194,38 ; 45.305.109,30 ;52%
MA;VILA NOVA DOS MARTIRIOS;2112852; 8.556,18 ; 10.194,38 ; 6.855.494,87 ;42%
MA;VITORIA DO MEARIM;2112902; 8.308,24 ; 10.194,38 ; 15.401.728,22 ;54%
MA;VITORINO FREIRE;2113009; 7.153,69 ; 10.194,38 ; 29.019.430,18 ;50%
MA;ZE DOCA;2114007; 8.084,12 ; 10.194,38 ; 44.024.280,66 ;36%
MG;ABADIA DOS DOURADOS;3100104; 10.997,44 ; 10.997,44 ; -   ;0%
MG;ABAETE;3100203; 9.844,81 ; 10.194,38 ; 919.634,33 ;51%
MG;ABRE CAMPO;3100302; 11.394,18 ; 11.394,18 ; -   ;0%
MG;ACAIACA;3100401; 11.952,26 ; 11.952,26 ; -   ;0%
MG;ACUCENA;3100500; 12.831,21 ; 12.831,21 ; -   ;0%
MG;AGUA BOA;3100609; 12.116,11 ; 12.116,11 ; -   ;0%
MG;AGUA COMPRIDA;3100708; 17.500,73 ; 17.500,73 ; -   ;0%
MG;AGUANIL;3100807; 10.311,27 ; 10.311,27 ; -   ;0%
MG;AGUAS FORMOSAS;3100906; 10.424,87 ; 10.424,87 ; -   ;0%
MG;AGUAS VERMELHAS;3101003; 9.259,46 ; 10.194,38 ; 1.899.235,45 ;49%
MG;AIMORES;3101102; 10.695,91 ; 10.695,91 ; -   ;0%
MG;AIURUOCA;3101201; 12.704,03 ; 12.704,03 ; -   ;0%
MG;ALAGOA;3101300; 14.796,36 ; 14.796,36 ; -   ;0%
MG;ALBERTINA;3101409; 10.423,84 ; 10.423,84 ; -   ;0%
MG;ALEM PARAIBA;3101508; 10.416,97 ; 10.416,97 ; -   ;0%
MG;ALFENAS;3101607; 10.917,30 ; 10.917,30 ; -   ;0%
MG;ALFREDO VASCONCELOS;3101631; 13.515,57 ; 13.515,57 ; -   ;0%
MG;ALMENARA;3101706; 10.044,61 ; 10.194,38 ; 831.410,40 ;52%
MG;ALPERCATA;3101805; 10.136,14 ; 10.194,38 ; 65.005,11 ;49%
MG;ALPINOPOLIS;3101904; 10.734,08 ; 10.734,08 ; -   ;0%
MG;ALTEROSA;3102001; 10.941,62 ; 10.941,62 ; -   ;0%
MG;ALTO CAPARAO;3102050; 10.230,41 ; 10.230,41 ; -   ;0%
MG;ALTO JEQUITIBA;3153509; 9.421,66 ; 10.194,38 ; 757.549,42 ;57%
MG;ALTO RIO DOCE;3102100; 9.804,69 ; 10.194,38 ; 422.622,25 ;52%
MG;ALVARENGA;3102209; 10.907,23 ; 10.907,23 ; -   ;0%
MG;ALVINOPOLIS;3102308; 10.474,61 ; 10.474,61 ; -   ;0%
MG;ALVORADA DE MINAS;3102407; 20.358,89 ; 20.358,89 ; -   ;0%
MG;AMPARO DO SERRA;3102506; 12.436,78 ; 12.436,78 ; -   ;0%
MG;ANDRADAS;3102605; 10.104,33 ; 10.194,38 ; 432.112,96 ;46%
MG;ANDRELANDIA;3102803; 10.363,54 ; 10.363,54 ; -   ;0%
MG;ANGELANDIA;3102852; 9.233,01 ; 10.194,38 ; 1.271.161,31 ;48%
MG;ANTONIO CARLOS;3102902; 9.792,24 ; 10.194,38 ; 426.364,35 ;55%
MG;ANTONIO DIAS;3103009; 17.864,69 ; 17.864,69 ; -   ;0%
MG;ANTONIO PRADO DE MINAS;3103108; 13.672,45 ; 13.672,45 ; -   ;0%
MG;ARACAI;3103207; 12.421,75 ; 12.421,75 ; -   ;0%
MG;ARACITABA;3103306; 17.485,10 ; 17.485,10 ; -   ;0%
MG;ARACUAI;3103405; 10.650,28 ; 10.650,28 ; -   ;0%
MG;ARAGUARI;3103504; 11.583,46 ; 11.583,46 ; -   ;0%
MG;ARANTINA;3103603; 13.226,87 ; 13.226,87 ; -   ;0%
MG;ARAPONGA;3103702; 12.056,67 ; 12.056,67 ; -   ;0%
MG;ARAPORA;3103751; 10.791,84 ; 10.791,84 ; -   ;0%
MG;ARAPUA;3103801; 15.001,79 ; 15.001,79 ; -   ;0%
MG;ARAUJOS;3103900; 9.704,96 ; 10.194,38 ; 675.551,11 ;46%
MG;ARAXA;3104007; 10.543,47 ; 10.543,47 ; -   ;0%
MG;ARCEBURGO;3104106; 12.161,45 ; 12.161,45 ; -   ;0%
MG;ARCOS;3104205; 11.548,75 ; 11.548,75 ; -   ;0%
MG;AREADO;3104304; 11.279,15 ; 11.279,15 ; -   ;0%
MG;ARGIRITA;3104403; 10.593,95 ; 10.593,95 ; -   ;0%
MG;ARICANDUVA;3104452; 10.403,65 ; 10.403,65 ; -   ;0%
MG;ARINOS;3104502; 12.411,46 ; 12.411,46 ; -   ;0%
MG;ASTOLFO DUTRA;3104601; 10.486,02 ; 10.486,02 ; -   ;0%
MG;ATALEIA;3104700; 10.724,73 ; 10.724,73 ; -   ;0%
MG;AUGUSTO DE LIMA;3104809; 11.566,31 ; 11.566,31 ; -   ;0%
MG;BAEPENDI;3104908; 10.428,92 ; 10.428,92 ; -   ;0%
MG;BALDIM;3105004; 11.622,64 ; 11.622,64 ; -   ;0%
MG;BAMBUI;3105103; 11.891,31 ; 11.891,31 ; -   ;0%
MG;BANDEIRA;3105202; 10.926,94 ; 10.926,94 ; -   ;0%
MG;BANDEIRA DO SUL;3105301; 10.075,23 ; 10.194,38 ; 125.797,75 ;42%
MG;BARAO DE COCAIS;3105400; 15.321,94 ; 15.321,94 ; -   ;0%
MG;BARAO DE MONTE ALTO;3105509; 10.798,48 ; 10.798,48 ; -   ;0%
MG;BARBACENA;3105608; 11.508,12 ; 11.508,12 ; -   ;0%
MG;BARRA LONGA;3105707; 14.584,29 ; 14.584,29 ; -   ;0%
MG;BARROSO;3105905; 9.997,91 ; 10.194,38 ; 503.456,27 ;50%
MG;BELA VISTA DE MINAS;3106002; 11.224,01 ; 11.224,01 ; -   ;0%
MG;BELMIRO BRAGA;3106101; 20.950,28 ; 20.950,28 ; -   ;0%
MG;BELO HORIZONTE;3106200; 15.291,64 ; 15.291,64 ; -   ;0%
MG;BELO ORIENTE;3106309; 11.057,12 ; 11.057,12 ; -   ;0%
MG;BELO VALE;3106408; 12.795,57 ; 12.795,57 ; -   ;0%
MG;BERILO;3106507; 12.387,82 ; 12.387,82 ; -   ;0%
MG;BERIZAL;3106655; 12.657,58 ; 12.657,58 ; -   ;0%
MG;BERTOPOLIS;3106606; 12.096,57 ; 12.096,57 ; -   ;0%
MG;BETIM;3106705; 10.776,55 ; 10.776,55 ; -   ;0%
MG;BIAS FORTES;3106804; 13.731,39 ; 13.731,39 ; -   ;0%
MG;BICAS;3106903; 10.187,12 ; 10.194,38 ; 14.595,89 ;50%
MG;BIQUINHAS;3107000; 11.748,88 ; 11.748,88 ; -   ;0%
MG;BOA ESPERANCA;3107109; 8.782,17 ; 10.194,38 ; 8.261.491,22 ;49%
MG;BOCAINA DE MINAS;3107208; 12.647,39 ; 12.647,39 ; -   ;0%
MG;BOCAIUVA;3107307; 10.103,93 ; 10.194,38 ; 429.447,59 ;50%
MG;BOM DESPACHO;3107406; 11.051,99 ; 11.051,99 ; -   ;0%
MG;BOM JARDIM DE MINAS;3107505; 10.658,12 ; 10.658,12 ; -   ;0%
MG;BOM JESUS DA PENHA;3107604; 11.125,18 ; 11.125,18 ; -   ;0%
MG;BOM JESUS DO AMPARO;3107703; 8.441,32 ; 10.194,38 ; 1.744.238,73 ;40%
MG;BOM JESUS DO GALHO;3107802; 10.927,77 ; 10.927,77 ; -   ;0%
MG;BOM REPOUSO;3107901; 8.607,98 ; 10.194,38 ; 3.303.213,17 ;52%
MG;BOM SUCESSO;3108008; 10.610,31 ; 10.610,31 ; -   ;0%
MG;BONFIM;3108107; 11.341,08 ; 11.341,08 ; -   ;0%
MG;BONFINOPOLIS DE MINAS;3108206; 12.484,94 ; 12.484,94 ; -   ;0%
MG;BONITO DE MINAS;3108255; 9.972,12 ; 10.194,38 ; 300.742,17 ;59%
MG;BORDA DA MATA;3108305; 10.301,32 ; 10.301,32 ; -   ;0%
MG;BOTELHOS;3108404; 10.187,33 ; 10.194,38 ; 13.250,72 ;45%
MG;BOTUMIRIM;3108503; 14.467,54 ; 14.467,54 ; -   ;0%
MG;BRAS PIRES;3108701; 10.630,25 ; 10.630,25 ; -   ;0%
MG;BRASILANDIA DE MINAS;3108552; 9.284,09 ; 10.194,38 ; 2.453.408,03 ;51%
MG;BRASILIA DE MINAS;3108602; 9.956,92 ; 10.194,38 ; 663.759,17 ;54%
MG;BRAUNAS;3108800; 13.898,60 ; 13.898,60 ; -   ;0%
MG;BRAZOPOLIS;3108909; 10.160,73 ; 10.194,38 ; 56.281,02 ;52%
MG;BRUMADINHO;3109006; 14.396,38 ; 14.396,38 ; -   ;0%
MG;BUENO BRANDAO;3109105; 10.499,39 ; 10.499,39 ; -   ;0%
MG;BUENOPOLIS;3109204; 12.064,45 ; 12.064,45 ; -   ;0%
MG;BUGRE;3109253; 10.180,58 ; 10.194,38 ; 6.549,89 ;56%
MG;BURITIS;3109303; 10.215,55 ; 10.215,55 ; -   ;0%
MG;BURITIZEIRO;3109402; 10.079,99 ; 10.194,38 ; 419.419,58 ;54%
MG;CABECEIRA GRANDE;3109451; 10.574,32 ; 10.574,32 ; -   ;0%
MG;CABO VERDE;3109501; 10.738,83 ; 10.738,83 ; -   ;0%
MG;CACHOEIRA DA PRATA;3109600; 10.496,93 ; 10.496,93 ; -   ;0%
MG;CACHOEIRA DE MINAS;3109709; 10.205,87 ; 10.205,87 ; -   ;0%
MG;CACHOEIRA DE PAJEU;3102704; 9.798,06 ; 10.194,38 ; 367.455,56 ;61%
MG;CACHOEIRA DOURADA;3109808; 19.703,62 ; 19.703,62 ; -   ;0%
MG;CAETANOPOLIS;3109907; 10.456,91 ; 10.456,91 ; -   ;0%
MG;CAETE;3110004; 11.263,52 ; 11.263,52 ; -   ;0%
MG;CAIANA;3110103; 10.335,48 ; 10.335,48 ; -   ;0%
MG;CAJURI;3110202; 10.346,43 ; 10.346,43 ; -   ;0%
MG;CALDAS;3110301; 10.016,24 ; 10.194,38 ; 314.555,54 ;52%
MG;CAMACHO;3110400; 13.261,35 ; 13.261,35 ; -   ;0%
MG;CAMANDUCAIA;3110509; 9.961,47 ; 10.194,38 ; 1.082.456,24 ;48%
MG;CAMBUI;3110608; 10.832,82 ; 10.832,82 ; -   ;0%
MG;CAMBUQUIRA;3110707; 10.485,57 ; 10.485,57 ; -   ;0%
MG;CAMPANARIO;3110806; 13.173,33 ; 13.173,33 ; -   ;0%
MG;CAMPANHA;3110905; 9.952,86 ; 10.194,38 ; 531.982,26 ;46%
MG;CAMPESTRE;3111002; 9.285,58 ; 10.194,38 ; 3.243.698,56 ;52%
MG;CAMPINA VERDE;3111101; 12.696,73 ; 12.696,73 ; -   ;0%
MG;CAMPO AZUL;3111150; 9.889,59 ; 10.194,38 ; 207.037,48 ;46%
MG;CAMPO BELO;3111200; 10.229,06 ; 10.229,06 ; -   ;0%
MG;CAMPO DO MEIO;3111309; 10.190,14 ; 10.194,38 ; 6.044,39 ;54%
MG;CAMPO FLORIDO;3111408; 10.879,46 ; 10.879,46 ; -   ;0%
MG;CAMPOS ALTOS;3111507; 10.337,09 ; 10.337,09 ; -   ;0%
MG;CAMPOS GERAIS;3111606; 9.730,89 ; 10.194,38 ; 1.733.540,12 ;49%
MG;CANA VERDE;3111903; 11.368,72 ; 11.368,72 ; -   ;0%
MG;CANAA;3111705; 13.543,86 ; 13.543,86 ; -   ;0%
MG;CANAPOLIS;3111804; 13.811,27 ; 13.811,27 ; -   ;0%
MG;CANDEIAS;3112000; 11.591,41 ; 11.591,41 ; -   ;0%
MG;CANTAGALO;3112059; 13.192,44 ; 13.192,44 ; -   ;0%
MG;CAPARAO;3112109; 10.295,24 ; 10.295,24 ; -   ;0%
MG;CAPELA NOVA;3112208; 12.415,85 ; 12.415,85 ; -   ;0%
MG;CAPELINHA;3112307; 9.083,48 ; 10.194,38 ; 5.547.843,31 ;49%
MG;CAPETINGA;3112406; 10.074,40 ; 10.194,38 ; 105.232,81 ;50%
MG;CAPIM BRANCO;3112505; 11.026,70 ; 11.026,70 ; -   ;0%
MG;CAPINOPOLIS;3112604; 11.720,35 ; 11.720,35 ; -   ;0%
MG;CAPITAO ANDRADE;3112653; 9.812,49 ; 10.194,38 ; 299.569,11 ;35%
MG;CAPITAO ENEAS;3112703; 10.040,90 ; 10.194,38 ; 335.945,53 ;59%
MG;CAPITOLIO;3112802; 14.008,24 ; 14.008,24 ; -   ;0%
MG;CAPUTIRA;3112901; 9.501,68 ; 10.194,38 ; 987.970,86 ;50%
MG;CARAI;3113008; 10.830,22 ; 10.830,22 ; -   ;0%
MG;CARANAIBA;3113107; 14.753,60 ; 14.753,60 ; -   ;0%
MG;CARANDAI;3113206; 11.024,52 ; 11.024,52 ; -   ;0%
MG;CARANGOLA;3113305; 10.652,91 ; 10.652,91 ; -   ;0%
MG;CARATINGA;3113404; 10.321,83 ; 10.321,83 ; -   ;0%
MG;CARBONITA;3113503; 10.915,12 ; 10.915,12 ; -   ;0%
MG;CAREACU;3113602; 12.550,98 ; 12.550,98 ; -   ;0%
MG;CARLOS CHAGAS;3113701; 10.801,03 ; 10.801,03 ; -   ;0%
MG;CARMESIA;3113800; 13.870,05 ; 13.870,05 ; -   ;0%
MG;CARMO DA CACHOEIRA;3113909; 9.952,92 ; 10.194,38 ; 368.039,83 ;51%
MG;CARMO DA MATA;3114006; 10.489,12 ; 10.489,12 ; -   ;0%
MG;CARMO DE MINAS;3114105; 11.515,44 ; 11.515,44 ; -   ;0%
MG;CARMO DO CAJURU;3114204; 10.175,48 ; 10.194,38 ; 64.095,22 ;49%
MG;CARMO DO PARANAIBA;3114303; 11.516,59 ; 11.516,59 ; -   ;0%
MG;CARMO DO RIO CLARO;3114402; 9.507,81 ; 10.194,38 ; 1.644.505,30 ;55%
MG;CARMOPOLIS DE MINAS;3114501; 10.720,95 ; 10.720,95 ; -   ;0%
MG;CARNEIRINHO;3114550; 19.710,24 ; 19.710,24 ; -   ;0%
MG;CARRANCAS;3114600; 14.128,38 ; 14.128,38 ; -   ;0%
MG;CARVALHOPOLIS;3114709; 11.310,21 ; 11.310,21 ; -   ;0%
MG;CARVALHOS;3114808; 13.111,95 ; 13.111,95 ; -   ;0%
MG;CASA GRANDE;3114907; 15.841,29 ; 15.841,29 ; -   ;0%
MG;CASCALHO RICO;3115003; 11.327,08 ; 11.327,08 ; -   ;0%
MG;CASSIA;3115102; 8.577,20 ; 10.194,38 ; 3.752.559,60 ;44%
MG;CATAGUASES;3115300; 11.688,64 ; 11.688,64 ; -   ;0%
MG;CATAS ALTAS;3115359; 15.358,34 ; 15.358,34 ; -   ;0%
MG;CATAS ALTAS DA NORUEGA;3115409; 15.049,79 ; 15.049,79 ; -   ;0%
MG;CATUJI;3115458; 8.885,02 ; 10.194,38 ; 1.734.601,53 ;60%
MG;CATUTI;3115474; 9.387,76 ; 10.194,38 ; 702.161,77 ;48%
MG;CAXAMBU;3115508; 11.382,10 ; 11.382,10 ; -   ;0%
MG;CEDRO DO ABAETE;3115607; 19.643,28 ; 19.643,28 ; -   ;0%
MG;CENTRAL DE MINAS;3115706; 9.600,78 ; 10.194,38 ; 441.515,08 ;60%
MG;CENTRALINA;3115805; 10.944,18 ; 10.944,18 ; -   ;0%
MG;CHACARA;3115904; 9.711,18 ; 10.194,38 ; 404.262,43 ;53%
MG;CHALE;3116001; 9.458,87 ; 10.194,38 ; 554.005,15 ;52%
MG;CHAPADA DO NORTE;3116100; 10.448,89 ; 10.448,89 ; -   ;0%
MG;CHAPADA GAUCHA;3116159; 8.401,18 ; 10.194,38 ; 5.099.579,19 ;52%
MG;CHIADOR;3116209; 10.278,63 ; 10.278,63 ; -   ;0%
MG;CIPOTANEA;3116308; 14.441,80 ; 14.441,80 ; -   ;0%
MG;CLARAVAL;3116407; 11.540,40 ; 11.540,40 ; -   ;0%
MG;CLARO DOS POCOES;3116506; 10.794,05 ; 10.794,05 ; -   ;0%
MG;CLAUDIO;3116605; 10.059,01 ; 10.194,38 ; 655.433,53 ;49%
MG;COIMBRA;3116704; 11.610,92 ; 11.610,92 ; -   ;0%
MG;COLUNA;3116803; 10.249,77 ; 10.249,77 ; -   ;0%
MG;COMENDADOR GOMES;3116902; 14.592,43 ; 14.592,43 ; -   ;0%
MG;COMERCINHO;3117009; 10.022,96 ; 10.194,38 ; 161.799,17 ;48%
MG;CONCEICAO DA APARECIDA;3117108; 10.042,95 ; 10.194,38 ; 202.024,31 ;55%
MG;CONCEICAO DA BARRA DE MINAS;3115201; 14.428,57 ; 14.428,57 ; -   ;0%
MG;CONCEICAO DAS ALAGOAS;3117306; 11.560,81 ; 11.560,81 ; -   ;0%
MG;CONCEICAO DAS PEDRAS;3117207; 12.227,34 ; 12.227,34 ; -   ;0%
MG;CONCEICAO DE IPANEMA;3117405; 9.512,97 ; 10.194,38 ; 543.103,22 ;60%
MG;CONCEICAO DO MATO DENTRO;3117504; 21.825,03 ; 21.825,03 ; -   ;0%
MG;CONCEICAO DO PARA;3117603; 14.692,50 ; 14.692,50 ; -   ;0%
MG;CONCEICAO DO RIO VERDE;3117702; 10.753,99 ; 10.753,99 ; -   ;0%
MG;CONCEICAO DOS OUROS;3117801; 9.485,74 ; 10.194,38 ; 1.206.308,61 ;43%
MG;CONEGO MARINHO;3117836; 9.259,08 ; 10.194,38 ; 784.552,20 ;56%
MG;CONFINS;3117876; 15.470,82 ; 15.470,82 ; -   ;0%
MG;CONGONHAL;3117900; 10.380,92 ; 10.380,92 ; -   ;0%
MG;CONGONHAS;3118007; 17.025,85 ; 17.025,85 ; -   ;0%
MG;CONGONHAS DO NORTE;3118106; 12.515,66 ; 12.515,66 ; -   ;0%
MG;CONQUISTA;3118205; 12.118,21 ; 12.118,21 ; -   ;0%
MG;CONSELHEIRO LAFAIETE;3118304; 10.296,26 ; 10.296,26 ; -   ;0%
MG;CONSELHEIRO PENA;3118403; 10.405,37 ; 10.405,37 ; -   ;0%
MG;CONSOLACAO;3118502; 15.867,47 ; 15.867,47 ; -   ;0%
MG;CONTAGEM;3118601; 12.918,06 ; 12.918,06 ; -   ;0%
MG;COQUEIRAL;3118700; 10.585,78 ; 10.585,78 ; -   ;0%
MG;CORACAO DE JESUS;3118809; 9.627,39 ; 10.194,38 ; 1.382.187,46 ;52%
MG;CORDISBURGO;3118908; 15.226,00 ; 15.226,00 ; -   ;0%
MG;CORDISLANDIA;3119005; 12.424,02 ; 12.424,02 ; -   ;0%
MG;CORINTO;3119104; 10.658,70 ; 10.658,70 ; -   ;0%
MG;COROACI;3119203; 10.149,59 ; 10.194,38 ; 55.131,97 ;51%
MG;COROMANDEL;3119302; 10.167,70 ; 10.194,38 ; 74.452,47 ;53%
MG;CORONEL FABRICIANO;3119401; 9.605,69 ; 10.194,38 ; 9.534.348,30 ;44%
MG;CORONEL MURTA;3119500; 8.936,29 ; 10.194,38 ; 1.893.859,28 ;47%
MG;CORONEL PACHECO;3119609; 11.006,08 ; 11.006,08 ; -   ;0%
MG;CORONEL XAVIER CHAVES;3119708; 16.052,87 ; 16.052,87 ; -   ;0%
MG;CORREGO DANTA;3119807; 16.439,77 ; 16.439,77 ; -   ;0%
MG;CORREGO DO BOM JESUS;3119906; 12.917,32 ; 12.917,32 ; -   ;0%
MG;CORREGO FUNDO;3119955; 11.305,43 ; 11.305,43 ; -   ;0%
MG;CORREGO NOVO;3120003; 12.907,73 ; 12.907,73 ; -   ;0%
MG;COUTO DE MAGALHAES DE MINAS;3120102; 11.583,40 ; 11.583,40 ; -   ;0%
MG;CRISOLITA;3120151; 10.700,67 ; 10.700,67 ; -   ;0%
MG;CRISTAIS;3120201; 10.443,49 ; 10.443,49 ; -   ;0%
MG;CRISTALIA;3120300; 10.930,05 ; 10.930,05 ; -   ;0%
MG;CRISTIANO OTONI;3120409; 11.324,60 ; 11.324,60 ; -   ;0%
MG;CRISTINA;3120508; 9.969,12 ; 10.194,38 ; 309.057,03 ;47%
MG;CRUCILANDIA;3120607; 10.469,11 ; 10.469,11 ; -   ;0%
MG;CRUZEIRO DA FORTALEZA;3120706; 10.070,95 ; 10.194,38 ; 150.211,54 ;48%
MG;CRUZILIA;3120805; 11.349,98 ; 11.349,98 ; -   ;0%
MG;CUPARAQUE;3120839; 12.054,32 ; 12.054,32 ; -   ;0%
MG;CURRAL DE DENTRO;3120870; 9.112,57 ; 10.194,38 ; 1.348.861,54 ;55%
MG;CURVELO;3120904; 10.115,52 ; 10.194,38 ; 726.763,50 ;51%
MG;DATAS;3121001; 9.668,19 ; 10.194,38 ; 554.634,39 ;50%
MG;DELFIM MOREIRA;3121100; 10.252,42 ; 10.252,42 ; -   ;0%
MG;DELFINOPOLIS;3121209; 8.838,99 ; 10.194,38 ; 1.823.681,84 ;43%
MG;DELTA;3121258; 9.391,76 ; 10.194,38 ; 2.145.153,96 ;50%
MG;DESCOBERTO;3121308; 11.351,72 ; 11.351,72 ; -   ;0%
MG;DESTERRO DE ENTRE RIOS;3121407; 12.178,03 ; 12.178,03 ; -   ;0%
MG;DESTERRO DO MELO;3121506; 11.765,39 ; 11.765,39 ; -   ;0%
MG;DIAMANTINA;3121605; 10.493,05 ; 10.493,05 ; -   ;0%
MG;DIOGO DE VASCONCELOS;3121704; 10.263,52 ; 10.263,52 ; -   ;0%
MG;DIONISIO;3121803; 9.946,51 ; 10.194,38 ; 161.247,12 ;54%
MG;DIVINESIA;3121902; 10.270,59 ; 10.270,59 ; -   ;0%
MG;DIVINO;3122009; 9.087,46 ; 10.194,38 ; 2.613.042,71 ;58%
MG;DIVINO DAS LARANJEIRAS;3122108; 11.545,21 ; 11.545,21 ; -   ;0%
MG;DIVINOLANDIA DE MINAS;3122207; 6.313,44 ; 10.194,38 ; 6.176.852,07 ;47%
MG;DIVINOPOLIS;3122306; 12.425,80 ; 12.425,80 ; -   ;0%
MG;DIVISA ALEGRE;3122355; 10.352,22 ; 10.352,22 ; -   ;0%
MG;DIVISA NOVA;3122405; 9.294,35 ; 10.194,38 ; 912.861,35 ;49%
MG;DIVISOPOLIS;3122454; 8.339,19 ; 10.194,38 ; 2.486.723,76 ;53%
MG;DOM BOSCO;3122470; 11.252,71 ; 11.252,71 ; -   ;0%
MG;DOM CAVATI;3122504; 13.131,48 ; 13.131,48 ; -   ;0%
MG;DOM JOAQUIM;3122603; 12.018,01 ; 12.018,01 ; -   ;0%
MG;DOM SILVERIO;3122702; 11.718,61 ; 11.718,61 ; -   ;0%
MG;DOM VICOSO;3122801; 14.215,02 ; 14.215,02 ; -   ;0%
MG;DONA EUZEBIA;3122900; 9.343,58 ; 10.194,38 ; 725.119,39 ;45%
MG;DORES DE CAMPOS;3123007; 10.339,29 ; 10.339,29 ; -   ;0%
MG;DORES DE GUANHAES;3123106; 11.061,84 ; 11.061,84 ; -   ;0%
MG;DORES DO INDAIA;3123205; 12.428,17 ; 12.428,17 ; -   ;0%
MG;DORES DO TURVO;3123304; 10.786,18 ; 10.786,18 ; -   ;0%
MG;DORESOPOLIS;3123403; 16.685,25 ; 16.685,25 ; -   ;0%
MG;DOURADOQUARA;3123502; 40.433,94 ; 40.433,94 ; -   ;0%
MG;DURANDE;3123528; 10.623,40 ; 10.623,40 ; -   ;0%
MG;ELOI MENDES;3123601; 10.020,01 ; 10.194,38 ; 628.575,76 ;49%
MG;ENGENHEIRO CALDAS;3123700; 10.918,21 ; 10.918,21 ; -   ;0%
MG;ENGENHEIRO NAVARRO;3123809; 9.913,57 ; 10.194,38 ; 235.568,10 ;57%
MG;ENTRE FOLHAS;3123858; 9.443,21 ; 10.194,38 ; 645.034,63 ;43%
MG;ENTRE RIOS DE MINAS;3123908; 10.691,26 ; 10.691,26 ; -   ;0%
MG;ERVALIA;3124005; 9.557,96 ; 10.194,38 ; 1.637.669,98 ;51%
MG;ESMERALDAS;3124104; 9.240,77 ; 10.194,38 ; 10.769.719,98 ;58%
MG;ESPERA FELIZ;3124203; 10.452,89 ; 10.452,89 ; -   ;0%
MG;ESPINOSA;3124302; 9.985,27 ; 10.194,38 ; 709.134,43 ;54%
MG;ESPIRITO SANTO DO DOURADO;3124401; 9.083,10 ; 10.194,38 ; 1.372.514,08 ;53%
MG;ESTIVA;3124500; 11.467,36 ; 11.467,36 ; -   ;0%
MG;ESTRELA DALVA;3124609; 14.275,03 ; 14.275,03 ; -   ;0%
MG;ESTRELA DO INDAIA;3124708; 15.034,68 ; 15.034,68 ; -   ;0%
MG;ESTRELA DO SUL;3124807; 12.714,28 ; 12.714,28 ; -   ;0%
MG;EUGENOPOLIS;3124906; 10.914,15 ; 10.914,15 ; -   ;0%
MG;EWBANK DA CAMARA;3125002; 11.128,35 ; 11.128,35 ; -   ;0%
MG;EXTREMA;3125101; 11.171,43 ; 11.171,43 ; -   ;0%
MG;FAMA;3125200; 14.370,64 ; 14.370,64 ; -   ;0%
MG;FARIA LEMOS;3125309; 11.475,07 ; 11.475,07 ; -   ;0%
MG;FELICIO DOS SANTOS;3125408; 10.619,34 ; 10.619,34 ; -   ;0%
MG;FELISBURGO;3125606; 9.775,35 ; 10.194,38 ; 467.907,39 ;53%
MG;FELIXLANDIA;3125705; 12.136,58 ; 12.136,58 ; -   ;0%
MG;FERNANDES TOURINHO;3125804; 13.846,19 ; 13.846,19 ; -   ;0%
MG;FERROS;3125903; 12.128,81 ; 12.128,81 ; -   ;0%
MG;FERVEDOURO;3125952; 10.125,62 ; 10.194,38 ; 99.063,94 ;56%
MG;FLORESTAL;3126000; 10.231,49 ; 10.231,49 ; -   ;0%
MG;FORMIGA;3126109; 10.914,06 ; 10.914,06 ; -   ;0%
MG;FORMOSO;3126208; 9.751,29 ; 10.194,38 ; 568.502,94 ;49%
MG;FORTALEZA DE MINAS;3126307; 15.772,74 ; 15.772,74 ; -   ;0%
MG;FORTUNA DE MINAS;3126406; 11.180,05 ; 11.180,05 ; -   ;0%
MG;FRANCISCO BADARO;3126505; 12.060,09 ; 12.060,09 ; -   ;0%
MG;FRANCISCO DUMONT;3126604; 10.552,02 ; 10.552,02 ; -   ;0%
MG;FRANCISCO SA;3126703; 11.507,22 ; 11.507,22 ; -   ;0%
MG;FRANCISCOPOLIS;3126752; 10.892,50 ; 10.892,50 ; -   ;0%
MG;FREI GASPAR;3126802; 8.581,57 ; 10.194,38 ; 1.893.195,59 ;40%
MG;FREI INOCENCIO;3126901; 8.993,53 ; 10.194,38 ; 1.543.129,78 ;46%
MG;FREI LAGONEGRO;3126950; 10.495,87 ; 10.495,87 ; -   ;0%
MG;FRONTEIRA;3127008; 12.215,92 ; 12.215,92 ; -   ;0%
MG;FRONTEIRA DOS VALES;3127057; 12.632,51 ; 12.632,51 ; -   ;0%
MG;FRUTA DE LEITE;3127073; 11.736,61 ; 11.736,61 ; -   ;0%
MG;FRUTAL;3127107; 10.462,07 ; 10.462,07 ; -   ;0%
MG;FUNILANDIA;3127206; 12.668,24 ; 12.668,24 ; -   ;0%
MG;GALILEIA;3127305; 10.324,71 ; 10.324,71 ; -   ;0%
MG;GAMELEIRAS;3127339; 8.089,65 ; 10.194,38 ; 2.164.342,13 ;38%
MG;GLAUCILANDIA;3127354; 12.972,71 ; 12.972,71 ; -   ;0%
MG;GOIABEIRA;3127370; 10.853,10 ; 10.853,10 ; -   ;0%
MG;GOIANA;3127388; 14.576,16 ; 14.576,16 ; -   ;0%
MG;GONCALVES;3127404; 11.996,57 ; 11.996,57 ; -   ;0%
MG;GONZAGA;3127503; 9.987,53 ; 10.194,38 ; 156.887,27 ;48%
MG;GOUVEIA;3127602; 10.347,19 ; 10.347,19 ; -   ;0%
MG;GOVERNADOR VALADARES;3127701; 12.511,51 ; 12.511,51 ; -   ;0%
MG;GRAO MOGOL;3127800; 10.731,45 ; 10.731,45 ; -   ;0%
MG;GRUPIARA;3127909; 31.265,87 ; 31.265,87 ; -   ;0%
MG;GUANHAES;3128006; 11.445,24 ; 11.445,24 ; -   ;0%
MG;GUAPE;3128105; 10.901,27 ; 10.901,27 ; -   ;0%
MG;GUARACIABA;3128204; 12.171,51 ; 12.171,51 ; -   ;0%
MG;GUARACIAMA;3128253; 11.139,56 ; 11.139,56 ; -   ;0%
MG;GUARANESIA;3128303; 9.002,37 ; 10.194,38 ; 3.140.388,06 ;51%
MG;GUARANI;3128402; 12.254,96 ; 12.254,96 ; -   ;0%
MG;GUARARA;3128501; 9.700,51 ; 10.194,38 ; 404.713,96 ;36%
MG;GUARDA-MOR;3128600; 14.027,73 ; 14.027,73 ; -   ;0%
MG;GUAXUPE;3128709; 11.992,89 ; 11.992,89 ; -   ;0%
MG;GUIDOVAL;3128808; 10.032,81 ; 10.194,38 ; 147.994,23 ;48%
MG;GUIMARANIA;3128907; 10.755,57 ; 10.755,57 ; -   ;0%
MG;GUIRICEMA;3129004; 11.022,09 ; 11.022,09 ; -   ;0%
MG;GURINHATA;3129103; 13.980,61 ; 13.980,61 ; -   ;0%
MG;HELIODORA;3129202; 11.554,13 ; 11.554,13 ; -   ;0%
MG;IAPU;3129301; 9.892,54 ; 10.194,38 ; 385.265,77 ;48%
MG;IBERTIOGA;3129400; 11.339,02 ; 11.339,02 ; -   ;0%
MG;IBIA;3129509; 10.963,69 ; 10.963,69 ; -   ;0%
MG;IBIAI;3129608; 11.254,22 ; 11.254,22 ; -   ;0%
MG;IBIRACATU;3129657; 9.708,91 ; 10.194,38 ; 427.298,06 ;46%
MG;IBIRACI;3129707; 11.828,36 ; 11.828,36 ; -   ;0%
MG;IBIRITE;3129806; 9.889,65 ; 10.194,38 ; 6.263.051,00 ;56%
MG;IBITIURA DE MINAS;3129905; 11.393,92 ; 11.393,92 ; -   ;0%
MG;IBITURUNA;3130002; 14.276,03 ; 14.276,03 ; -   ;0%
MG;ICARAI DE MINAS;3130051; 9.768,81 ; 10.194,38 ; 490.452,63 ;57%
MG;IGARAPE;3130101; 10.850,53 ; 10.850,53 ; -   ;0%
MG;IGARATINGA;3130200; 10.148,27 ; 10.194,38 ; 68.935,89 ;49%
MG;IGUATAMA;3130309; 13.475,59 ; 13.475,59 ; -   ;0%
MG;IJACI;3130408; 12.408,68 ; 12.408,68 ; -   ;0%
MG;ILICINEA;3130507; 10.748,78 ; 10.748,78 ; -   ;0%
MG;IMBE DE MINAS;3130556; 9.806,70 ; 10.194,38 ; 353.632,68 ;49%
MG;INCONFIDENTES;3130606; 10.282,81 ; 10.282,81 ; -   ;0%
MG;INDAIABIRA;3130655; 9.531,04 ; 10.194,38 ; 710.468,98 ;48%
MG;INDIANOPOLIS;3130705; 15.304,04 ; 15.304,04 ; -   ;0%
MG;INGAI;3130804; 13.180,39 ; 13.180,39 ; -   ;0%
MG;INHAPIM;3130903; 9.899,53 ; 10.194,38 ; 769.227,56 ;50%
MG;INHAUMA;3131000; 11.556,54 ; 11.556,54 ; -   ;0%
MG;INIMUTABA;3131109; 10.727,80 ; 10.727,80 ; -   ;0%
MG;IPABA;3131158; 8.740,35 ; 10.194,38 ; 3.366.235,18 ;55%
MG;IPANEMA;3131208; 7.887,11 ; 10.194,38 ; 8.357.392,45 ;54%
MG;IPATINGA;3131307; 12.213,39 ; 12.213,39 ; -   ;0%
MG;IPIACU;3131406; 10.636,13 ; 10.636,13 ; -   ;0%
MG;IPUIUNA;3131505; 10.015,20 ; 10.194,38 ; 207.081,19 ;48%
MG;IRAI DE MINAS;3131604; 11.847,24 ; 11.847,24 ; -   ;0%
MG;ITABIRA;3131703; 14.510,42 ; 14.510,42 ; -   ;0%
MG;ITABIRINHA;3131802; 9.129,67 ; 10.194,38 ; 1.423.661,40 ;51%
MG;ITABIRITO;3131901; 13.304,41 ; 13.304,41 ; -   ;0%
MG;ITACAMBIRA;3132008; 14.436,12 ; 14.436,12 ; -   ;0%
MG;ITACARAMBI;3132107; 9.328,13 ; 10.194,38 ; 3.202.203,28 ;44%
MG;ITAGUARA;3132206; 12.135,12 ; 12.135,12 ; -   ;0%
MG;ITAIPE;3132305; 10.558,06 ; 10.558,06 ; -   ;0%
MG;ITAJUBA;3132404; 11.869,13 ; 11.869,13 ; -   ;0%
MG;ITAMARANDIBA;3132503; 8.772,96 ; 10.194,38 ; 7.591.339,24 ;44%
MG;ITAMARATI DE MINAS;3132602; 10.445,71 ; 10.445,71 ; -   ;0%
MG;ITAMBACURI;3132701; 8.601,96 ; 10.194,38 ; 4.940.067,52 ;50%
MG;ITAMBE DO MATO DENTRO;3132800; 15.106,21 ; 15.106,21 ; -   ;0%
MG;ITAMOGI;3132909; 10.247,41 ; 10.247,41 ; -   ;0%
MG;ITAMONTE;3133006; 11.426,71 ; 11.426,71 ; -   ;0%
MG;ITANHANDU;3133105; 11.806,15 ; 11.806,15 ; -   ;0%
MG;ITANHOMI;3133204; 10.000,21 ; 10.194,38 ; 273.268,07 ;43%
MG;ITAOBIM;3133303; 9.064,58 ; 10.194,38 ; 3.056.300,39 ;46%
MG;ITAPAGIPE;3133402; 12.031,24 ; 12.031,24 ; -   ;0%
MG;ITAPECERICA;3133501; 14.145,88 ; 14.145,88 ; -   ;0%
MG;ITAPEVA;3133600; 8.530,87 ; 10.194,38 ; 5.577.769,53 ;45%
MG;ITATIAIUCU;3133709; 17.553,93 ; 17.553,93 ; -   ;0%
MG;ITAU DE MINAS;3133758; 10.899,08 ; 10.899,08 ; -   ;0%
MG;ITAUNA;3133808; 11.808,56 ; 11.808,56 ; -   ;0%
MG;ITAVERAVA;3133907; 12.010,80 ; 12.010,80 ; -   ;0%
MG;ITINGA;3134004; 10.969,48 ; 10.969,48 ; -   ;0%
MG;ITUETA;3134103; 10.677,80 ; 10.677,80 ; -   ;0%
MG;ITUIUTABA;3134202; 10.711,25 ; 10.711,25 ; -   ;0%
MG;ITUMIRIM;3134301; 13.635,12 ; 13.635,12 ; -   ;0%
MG;ITURAMA;3134400; 12.482,82 ; 12.482,82 ; -   ;0%
MG;ITUTINGA;3134509; 13.390,78 ; 13.390,78 ; -   ;0%
MG;JABOTICATUBAS;3134608; 11.462,74 ; 11.462,74 ; -   ;0%
MG;JACINTO;3134707; 11.123,30 ; 11.123,30 ; -   ;0%
MG;JACUI;3134806; 10.557,44 ; 10.557,44 ; -   ;0%
MG;JACUTINGA;3134905; 10.346,33 ; 10.346,33 ; -   ;0%
MG;JAGUARACU;3135001; 12.309,62 ; 12.309,62 ; -   ;0%
MG;JAIBA;3135050; 10.091,47 ; 10.194,38 ; 460.966,88 ;54%
MG;JAMPRUCA;3135076; 11.867,52 ; 11.867,52 ; -   ;0%
MG;JANAUBA;3135100; 10.645,09 ; 10.645,09 ; -   ;0%
MG;JANUARIA;3135209; 9.158,69 ; 10.194,38 ; 7.584.764,27 ;57%
MG;JAPARAIBA;3135308; 10.437,57 ; 10.437,57 ; -   ;0%
MG;JAPONVAR;3135357; 6.971,68 ; 10.194,38 ; 5.607.827,70 ;48%
MG;JECEABA;3135407; 16.242,18 ; 16.242,18 ; -   ;0%
MG;JENIPAPO DE MINAS;3135456; 12.412,40 ; 12.412,40 ; -   ;0%
MG;JEQUERI;3135506; 11.060,22 ; 11.060,22 ; -   ;0%
MG;JEQUITAI;3135605; 10.504,68 ; 10.504,68 ; -   ;0%
MG;JEQUITIBA;3135704; 11.759,19 ; 11.759,19 ; -   ;0%
MG;JEQUITINHONHA;3135803; 9.195,54 ; 10.194,38 ; 2.848.551,98 ;49%
MG;JESUANIA;3135902; 12.120,23 ; 12.120,23 ; -   ;0%
MG;JOAIMA;3136009; 9.018,10 ; 10.194,38 ; 2.842.387,17 ;55%
MG;JOANESIA;3136108; 13.361,08 ; 13.361,08 ; -   ;0%
MG;JOAO MONLEVADE;3136207; 11.765,09 ; 11.765,09 ; -   ;0%
MG;JOAO PINHEIRO;3136306; 13.001,55 ; 13.001,55 ; -   ;0%
MG;JOAQUIM FELICIO;3136405; 11.697,38 ; 11.697,38 ; -   ;0%
MG;JORDANIA;3136504; 10.853,88 ; 10.853,88 ; -   ;0%
MG;JOSE GONCALVES DE MINAS;3136520; 15.374,14 ; 15.374,14 ; -   ;0%
MG;JOSE RAYDAN;3136553; 11.340,99 ; 11.340,99 ; -   ;0%
MG;JOSENOPOLIS;3136579; 12.323,49 ; 12.323,49 ; -   ;0%
MG;JUATUBA;3136652; 9.667,99 ; 10.194,38 ; 3.629.232,61 ;49%
MG;JUIZ DE FORA;3136702; 12.999,37 ; 12.999,37 ; -   ;0%
MG;JURAMENTO;3136801; 12.573,40 ; 12.573,40 ; -   ;0%
MG;JURUAIA;3136900; 10.182,79 ; 10.194,38 ; 18.827,15 ;48%
MG;JUVENILIA;3136959; 10.303,46 ; 10.303,46 ; -   ;0%
MG;LADAINHA;3137007; 10.361,47 ; 10.361,47 ; -   ;0%
MG;LAGAMAR;3137106; 12.284,42 ; 12.284,42 ; -   ;0%
MG;LAGOA DA PRATA;3137205; 10.126,56 ; 10.194,38 ; 321.815,07 ;49%
MG;LAGOA DOS PATOS;3137304; 11.751,93 ; 11.751,93 ; -   ;0%
MG;LAGOA DOURADA;3137403; 10.026,86 ; 10.194,38 ; 410.216,92 ;53%
MG;LAGOA FORMOSA;3137502; 10.623,47 ; 10.623,47 ; -   ;0%
MG;LAGOA GRANDE;3137536; 11.068,70 ; 11.068,70 ; -   ;0%
MG;LAGOA SANTA;3137601; 11.342,87 ; 11.342,87 ; -   ;0%
MG;LAJINHA;3137700; 9.180,91 ; 10.194,38 ; 3.704.296,67 ;52%
MG;LAMBARI;3137809; 12.108,39 ; 12.108,39 ; -   ;0%
MG;LAMIM;3137908; 17.198,66 ; 17.198,66 ; -   ;0%
MG;LARANJAL;3138005; 11.705,66 ; 11.705,66 ; -   ;0%
MG;LASSANCE;3138104; 13.368,36 ; 13.368,36 ; -   ;0%
MG;LAVRAS;3138203; 10.803,38 ; 10.803,38 ; -   ;0%
MG;LEANDRO FERREIRA;3138302; 17.325,38 ; 17.325,38 ; -   ;0%
MG;LEME DO PRADO;3138351; 10.142,68 ; 10.194,38 ; 37.089,64 ;40%
MG;LEOPOLDINA;3138401; 10.450,40 ; 10.450,40 ; -   ;0%
MG;LIBERDADE;3138500; 13.886,99 ; 13.886,99 ; -   ;0%
MG;LIMA DUARTE;3138609; 10.810,44 ; 10.810,44 ; -   ;0%
MG;LIMEIRA DO OESTE;3138625; 12.824,51 ; 12.824,51 ; -   ;0%
MG;LONTRA;3138658; 9.226,27 ; 10.194,38 ; 1.638.191,00 ;49%
MG;LUISBURGO;3138674; 9.698,77 ; 10.194,38 ; 554.381,21 ;55%
MG;LUISLANDIA;3138682; 12.095,20 ; 12.095,20 ; -   ;0%
MG;LUMINARIAS;3138708; 12.128,23 ; 12.128,23 ; -   ;0%
MG;LUZ;3138807; 11.882,69 ; 11.882,69 ; -   ;0%
MG;MACHACALIS;3138906; 11.011,46 ; 11.011,46 ; -   ;0%
MG;MACHADO;3139003; 9.821,27 ; 10.194,38 ; 1.759.651,82 ;45%
MG;MADRE DE DEUS DE MINAS;3139102; 11.286,38 ; 11.286,38 ; -   ;0%
MG;MALACACHETA;3139201; 11.350,04 ; 11.350,04 ; -   ;0%
MG;MAMONAS;3139250; 11.012,26 ; 11.012,26 ; -   ;0%
MG;MANGA;3139300; 9.782,69 ; 10.194,38 ; 1.092.247,84 ;51%
MG;MANHUACU;3139409; 9.890,55 ; 10.194,38 ; 3.036.141,85 ;54%
MG;MANHUMIRIM;3139508; 10.895,24 ; 10.895,24 ; -   ;0%
MG;MANTENA;3139607; 9.716,65 ; 10.194,38 ; 1.607.600,30 ;50%
MG;MAR DE ESPANHA;3139805; 11.345,96 ; 11.345,96 ; -   ;0%
MG;MARAVILHAS;3139706; 9.623,68 ; 10.194,38 ; 722.224,02 ;47%
MG;MARIA DA FE;3139904; 9.533,66 ; 10.194,38 ; 1.755.536,34 ;51%
MG;MARIANA;3140001; 14.454,31 ; 14.454,31 ; -   ;0%
MG;MARILAC;3140100; 8.502,57 ; 10.194,38 ; 1.857.815,13 ;35%
MG;MARIO CAMPOS;3140159; 10.381,86 ; 10.381,86 ; -   ;0%
MG;MARIPA DE MINAS;3140209; 10.858,49 ; 10.858,49 ; -   ;0%
MG;MARLIERIA;3140308; 12.077,06 ; 12.077,06 ; -   ;0%
MG;MARMELOPOLIS;3140407; 12.715,38 ; 12.715,38 ; -   ;0%
MG;MARTINHO CAMPOS;3140506; 10.140,82 ; 10.194,38 ; 110.378,03 ;41%
MG;MARTINS SOARES;3140530; 8.958,81 ; 10.194,38 ; 2.229.967,66 ;56%
MG;MATA VERDE;3140555; 8.998,51 ; 10.194,38 ; 1.514.549,27 ;49%
MG;MATERLANDIA;3140605; 10.595,66 ; 10.595,66 ; -   ;0%
MG;MATEUS LEME;3140704; 9.662,44 ; 10.194,38 ; 3.875.497,33 ;56%
MG;MATHIAS LOBATO;3171501; 10.683,18 ; 10.683,18 ; -   ;0%
MG;MATIAS BARBOSA;3140803; 11.275,21 ; 11.275,21 ; -   ;0%
MG;MATIAS CARDOSO;3140852; 9.214,65 ; 10.194,38 ; 2.033.677,57 ;49%
MG;MATIPO;3140902; 9.971,90 ; 10.194,38 ; 458.149,16 ;55%
MG;MATO VERDE;3141009; 9.607,97 ; 10.194,38 ; 746.893,53 ;51%
MG;MATOZINHOS;3141108; 11.317,63 ; 11.317,63 ; -   ;0%
MG;MATUTINA;3141207; 11.214,61 ; 11.214,61 ; -   ;0%
MG;MEDEIROS;3141306; 11.635,54 ; 11.635,54 ; -   ;0%
MG;MEDINA;3141405; 9.571,64 ; 10.194,38 ; 1.429.924,46 ;51%
MG;MENDES PIMENTEL;3141504; 13.018,31 ; 13.018,31 ; -   ;0%
MG;MERCES;3141603; 11.263,37 ; 11.263,37 ; -   ;0%
MG;MESQUITA;3141702; 11.644,33 ; 11.644,33 ; -   ;0%
MG;MINAS NOVAS;3141801; 9.689,21 ; 10.194,38 ; 1.848.073,15 ;54%
MG;MINDURI;3141900; 13.690,78 ; 13.690,78 ; -   ;0%
MG;MIRABELA;3142007; 9.442,61 ; 10.194,38 ; 1.333.352,77 ;48%
MG;MIRADOURO;3142106; 10.522,44 ; 10.522,44 ; -   ;0%
MG;MIRAI;3142205; 10.735,96 ; 10.735,96 ; -   ;0%
MG;MIRAVANIA;3142254; 9.012,35 ; 10.194,38 ; 1.000.500,75 ;43%
MG;MOEDA;3142304; 10.347,05 ; 10.347,05 ; -   ;0%
MG;MOEMA;3142403; 10.679,79 ; 10.679,79 ; -   ;0%
MG;MONJOLOS;3142502; 17.231,51 ; 17.231,51 ; -   ;0%
MG;MONSENHOR PAULO;3142601; 9.302,14 ; 10.194,38 ; 1.370.679,02 ;51%
MG;MONTALVANIA;3142700; 8.900,08 ; 10.194,38 ; 2.186.265,99 ;50%
MG;MONTE ALEGRE DE MINAS;3142809; 11.136,29 ; 11.136,29 ; -   ;0%
MG;MONTE AZUL;3142908; 9.695,93 ; 10.194,38 ; 843.744,08 ;55%
MG;MONTE BELO;3143005; 10.111,92 ; 10.194,38 ; 136.923,74 ;51%
MG;MONTE CARMELO;3143104; 11.618,11 ; 11.618,11 ; -   ;0%
MG;MONTE FORMOSO;3143153; 10.313,16 ; 10.313,16 ; -   ;0%
MG;MONTE SANTO DE MINAS;3143203; 10.213,48 ; 10.213,48 ; -   ;0%
MG;MONTE SIAO;3143401; 10.721,74 ; 10.721,74 ; -   ;0%
MG;MONTES CLAROS;3143302; 10.299,51 ; 10.299,51 ; -   ;0%
MG;MONTEZUMA;3143450; 10.330,24 ; 10.330,24 ; -   ;0%
MG;MORADA NOVA DE MINAS;3143500; 9.864,60 ; 10.194,38 ; 632.729,69 ;45%
MG;MORRO DA GARCA;3143609; 12.133,49 ; 12.133,49 ; -   ;0%
MG;MORRO DO PILAR;3143708; 14.811,33 ; 14.811,33 ; -   ;0%
MG;MUNHOZ;3143807; 10.395,65 ; 10.395,65 ; -   ;0%
MG;MURIAE;3143906; 10.204,77 ; 10.204,77 ; -   ;0%
MG;MUTUM;3144003; 9.192,00 ; 10.194,38 ; 2.570.932,29 ;57%
MG;MUZAMBINHO;3144102; 11.395,05 ; 11.395,05 ; -   ;0%
MG;NACIP RAYDAN;3144201; 13.095,08 ; 13.095,08 ; -   ;0%
MG;NANUQUE;3144300; 10.729,52 ; 10.729,52 ; -   ;0%
MG;NAQUE;3144359; 9.010,88 ; 10.194,38 ; 1.452.864,97 ;46%
MG;NATALANDIA;3144375; 5.984,26 ; 10.194,38 ; 5.112.139,01 ;38%
MG;NATERCIA;3144409; 11.400,76 ; 11.400,76 ; -   ;0%
MG;NAZARENO;3144508; 14.923,55 ; 14.923,55 ; -   ;0%
MG;NEPOMUCENO;3144607; 10.779,08 ; 10.779,08 ; -   ;0%
MG;NINHEIRA;3144656; 9.291,95 ; 10.194,38 ; 1.181.296,80 ;52%
MG;NOVA BELEM;3144672; 10.757,72 ; 10.757,72 ; -   ;0%
MG;NOVA ERA;3144706; 11.688,26 ; 11.688,26 ; -   ;0%
MG;NOVA LIMA;3144805; 23.429,44 ; 23.429,44 ; -   ;0%
MG;NOVA MODICA;3144904; 9.661,66 ; 10.194,38 ; 304.389,52 ;40%
MG;NOVA PONTE;3145000; 11.173,69 ; 11.173,69 ; -   ;0%
MG;NOVA PORTEIRINHA;3145059; 9.988,19 ; 10.194,38 ; 241.456,90 ;41%
MG;NOVA RESENDE;3145109; 10.236,90 ; 10.236,90 ; -   ;0%
MG;NOVA SERRANA;3145208; 8.610,59 ; 10.194,38 ; 38.324.584,35 ;48%
MG;NOVA UNIAO;3136603; 11.121,67 ; 11.121,67 ; -   ;0%
MG;NOVO CRUZEIRO;3145307; 9.495,91 ; 10.194,38 ; 2.366.768,45 ;55%
MG;NOVO ORIENTE DE MINAS;3145356; 9.906,47 ; 10.194,38 ; 382.698,62 ;57%
MG;NOVORIZONTE;3145372; 9.039,18 ; 10.194,38 ; 1.047.692,62 ;45%
MG;OLARIA;3145406; 13.250,40 ; 13.250,40 ; -   ;0%
MG;OLHOS-DAGUA;3145455; 11.156,54 ; 11.156,54 ; -   ;0%
MG;OLIMPIO NORONHA;3145505; 11.915,21 ; 11.915,21 ; -   ;0%
MG;OLIVEIRA;3145604; 11.641,61 ; 11.641,61 ; -   ;0%
MG;OLIVEIRA FORTES;3145703; 16.371,88 ; 16.371,88 ; -   ;0%
MG;ONCA DE PITANGUI;3145802; 16.830,52 ; 16.830,52 ; -   ;0%
MG;ORATORIOS;3145851; 11.042,71 ; 11.042,71 ; -   ;0%
MG;ORIZANIA;3145877; 9.496,32 ; 10.194,38 ; 1.229.092,97 ;55%
MG;OURO BRANCO;3145901; 12.981,78 ; 12.981,78 ; -   ;0%
MG;OURO FINO;3146008; 11.446,69 ; 11.446,69 ; -   ;0%
MG;OURO PRETO;3146107; 18.250,26 ; 18.250,26 ; -   ;0%
MG;OURO VERDE DE MINAS;3146206; 9.168,89 ; 10.194,38 ; 1.129.925,32 ;54%
MG;PADRE CARVALHO;3146255; 12.947,93 ; 12.947,93 ; -   ;0%
MG;PADRE PARAISO;3146305; 8.695,48 ; 10.194,38 ; 4.834.167,20 ;46%
MG;PAI PEDRO;3146552; 9.653,26 ; 10.194,38 ; 592.310,01 ;49%
MG;PAINEIRAS;3146404; 13.412,89 ; 13.412,89 ; -   ;0%
MG;PAINS;3146503; 12.605,15 ; 12.605,15 ; -   ;0%
MG;PAIVA;3146602; 16.277,38 ; 16.277,38 ; -   ;0%
MG;PALMA;3146701; 10.796,88 ; 10.796,88 ; -   ;0%
MG;PALMOPOLIS;3146750; 10.283,58 ; 10.283,58 ; -   ;0%
MG;PAPAGAIOS;3146909; 10.488,70 ; 10.488,70 ; -   ;0%
MG;PARA DE MINAS;3147105; 10.627,75 ; 10.627,75 ; -   ;0%
MG;PARACATU;3147006; 13.046,52 ; 13.046,52 ; -   ;0%
MG;PARAGUACU;3147204; 10.083,62 ; 10.194,38 ; 300.494,89 ;48%
MG;PARAISOPOLIS;3147303; 11.185,90 ; 11.185,90 ; -   ;0%
MG;PARAOPEBA;3147402; 11.119,52 ; 11.119,52 ; -   ;0%
MG;PASSA QUATRO;3147600; 12.388,65 ; 12.388,65 ; -   ;0%
MG;PASSA TEMPO;3147709; 10.488,53 ; 10.488,53 ; -   ;0%
MG;PASSA VINTE;3147808; 13.360,73 ; 13.360,73 ; -   ;0%
MG;PASSABEM;3147501; 14.785,48 ; 14.785,48 ; -   ;0%
MG;PASSOS;3147907; 10.397,93 ; 10.397,93 ; -   ;0%
MG;PATIS;3147956; 10.957,59 ; 10.957,59 ; -   ;0%
MG;PATOS DE MINAS;3148004; 13.821,15 ; 13.821,15 ; -   ;0%
MG;PATROCINIO;3148103; 10.333,09 ; 10.333,09 ; -   ;0%
MG;PATROCINIO DO MURIAE;3148202; 10.483,61 ; 10.483,61 ; -   ;0%
MG;PAULA CANDIDO;3148301; 10.378,36 ; 10.378,36 ; -   ;0%
MG;PAULISTAS;3148400; 11.705,08 ; 11.705,08 ; -   ;0%
MG;PAVAO;3148509; 10.561,43 ; 10.561,43 ; -   ;0%
MG;PECANHA;3148608; 10.651,63 ; 10.651,63 ; -   ;0%
MG;PEDRA AZUL;3148707; 8.692,81 ; 10.194,38 ; 4.946.447,58 ;52%
MG;PEDRA BONITA;3148756; 9.212,87 ; 10.194,38 ; 1.242.769,68 ;57%
MG;PEDRA DO ANTA;3148806; 14.139,90 ; 14.139,90 ; -   ;0%
MG;PEDRA DO INDAIA;3148905; 12.290,16 ; 12.290,16 ; -   ;0%
MG;PEDRA DOURADA;3149002; 11.907,67 ; 11.907,67 ; -   ;0%
MG;PEDRALVA;3149101; 10.871,52 ; 10.871,52 ; -   ;0%
MG;PEDRAS DE MARIA DA CRUZ;3149150; 9.445,62 ; 10.194,38 ; 1.129.518,32 ;49%
MG;PEDRINOPOLIS;3149200; 12.733,31 ; 12.733,31 ; -   ;0%
MG;PEDRO LEOPOLDO;3149309; 11.439,76 ; 11.439,76 ; -   ;0%
MG;PEDRO TEIXEIRA;3149408; 18.172,07 ; 18.172,07 ; -   ;0%
MG;PEQUERI;3149507; 10.197,08 ; 10.197,08 ; -   ;0%
MG;PEQUI;3149606; 12.129,45 ; 12.129,45 ; -   ;0%
MG;PERDIGAO;3149705; 7.815,98 ; 10.194,38 ; 6.191.787,74 ;43%
MG;PERDIZES;3149804; 11.114,99 ; 11.114,99 ; -   ;0%
MG;PERDOES;3149903; 11.168,45 ; 11.168,45 ; -   ;0%
MG;PERIQUITO;3149952; 9.253,98 ; 10.194,38 ; 1.821.204,93 ;36%
MG;PESCADOR;3150000; 12.622,26 ; 12.622,26 ; -   ;0%
MG;PIAU;3150109; 14.116,06 ; 14.116,06 ; -   ;0%
MG;PIEDADE DE CARATINGA;3150158; 9.124,42 ; 10.194,38 ; 1.448.617,53 ;54%
MG;PIEDADE DE PONTE NOVA;3150208; 10.152,90 ; 10.194,38 ; 32.705,37 ;46%
MG;PIEDADE DO RIO GRANDE;3150307; 11.742,32 ; 11.742,32 ; -   ;0%
MG;PIEDADE DOS GERAIS;3150406; 13.985,84 ; 13.985,84 ; -   ;0%
MG;PIMENTA;3150505; 10.446,64 ; 10.446,64 ; -   ;0%
MG;PINGO DAGUA;3150539; 11.211,87 ; 11.211,87 ; -   ;0%
MG;PINTOPOLIS;3150570; 9.043,84 ; 10.194,38 ; 1.336.049,55 ;57%
MG;PIRACEMA;3150604; 11.764,03 ; 11.764,03 ; -   ;0%
MG;PIRAJUBA;3150703; 12.677,65 ; 12.677,65 ; -   ;0%
MG;PIRANGA;3150802; 12.043,54 ; 12.043,54 ; -   ;0%
MG;PIRANGUCU;3150901; 11.928,11 ; 11.928,11 ; -   ;0%
MG;PIRANGUINHO;3151008; 9.504,76 ; 10.194,38 ; 842.639,37 ;46%
MG;PIRAPETINGA;3151107; 11.543,36 ; 11.543,36 ; -   ;0%
MG;PIRAPORA;3151206; 10.748,96 ; 10.748,96 ; -   ;0%
MG;PIRAUBA;3151305; 10.461,89 ; 10.461,89 ; -   ;0%
MG;PITANGUI;3151404; 9.866,45 ; 10.194,38 ; 980.570,28 ;47%
MG;PIUMHI;3151503; 11.498,92 ; 11.498,92 ; -   ;0%
MG;PLANURA;3151602; 11.081,95 ; 11.081,95 ; -   ;0%
MG;POCO FUNDO;3151701; 11.741,06 ; 11.741,06 ; -   ;0%
MG;POCOS DE CALDAS;3151800; 11.916,09 ; 11.916,09 ; -   ;0%
MG;POCRANE;3151909; 12.421,23 ; 12.421,23 ; -   ;0%
MG;POMPEU;3152006; 10.691,15 ; 10.691,15 ; -   ;0%
MG;PONTE NOVA;3152105; 11.154,95 ; 11.154,95 ; -   ;0%
MG;PONTO CHIQUE;3152131; 11.351,56 ; 11.351,56 ; -   ;0%
MG;PONTO DOS VOLANTES;3152170; 11.684,11 ; 11.684,11 ; -   ;0%
MG;PORTEIRINHA;3152204; 9.557,95 ; 10.194,38 ; 2.654.524,48 ;50%
MG;PORTO FIRME;3152303; 10.836,93 ; 10.836,93 ; -   ;0%
MG;POTE;3152402; 9.328,95 ; 10.194,38 ; 1.585.895,55 ;53%
MG;POUSO ALEGRE;3152501; 12.504,96 ; 12.504,96 ; -   ;0%
MG;POUSO ALTO;3152600; 12.383,83 ; 12.383,83 ; -   ;0%
MG;PRADOS;3152709; 10.972,82 ; 10.972,82 ; -   ;0%
MG;PRATA;3152808; 10.911,76 ; 10.911,76 ; -   ;0%
MG;PRATAPOLIS;3152907; 12.063,91 ; 12.063,91 ; -   ;0%
MG;PRATINHA;3153004; 13.611,94 ; 13.611,94 ; -   ;0%
MG;PRESIDENTE BERNARDES;3153103; 9.626,24 ; 10.194,38 ; 286.165,33 ;57%
MG;PRESIDENTE JUSCELINO;3153202; 14.798,56 ; 14.798,56 ; -   ;0%
MG;PRESIDENTE KUBITSCHEK;3153301; 11.709,52 ; 11.709,52 ; -   ;0%
MG;PRESIDENTE OLEGARIO;3153400; 10.342,40 ; 10.342,40 ; -   ;0%
MG;PRUDENTE DE MORAIS;3153608; 9.076,99 ; 10.194,38 ; 1.914.783,98 ;46%
MG;QUARTEL GERAL;3153707; 13.514,64 ; 13.514,64 ; -   ;0%
MG;QUELUZITO;3153806; 23.432,84 ; 23.432,84 ; -   ;0%
MG;RAPOSOS;3153905; 10.799,08 ; 10.799,08 ; -   ;0%
MG;RAUL SOARES;3154002; 10.931,53 ; 10.931,53 ; -   ;0%
MG;RECREIO;3154101; 10.339,86 ; 10.339,86 ; -   ;0%
MG;REDUTO;3154150; 9.586,26 ; 10.194,38 ; 693.693,34 ;49%
MG;RESENDE COSTA;3154200; 11.076,36 ; 11.076,36 ; -   ;0%
MG;RESPLENDOR;3154309; 10.995,82 ; 10.995,82 ; -   ;0%
MG;RESSAQUINHA;3154408; 15.901,45 ; 15.901,45 ; -   ;0%
MG;RIACHINHO;3154457; 9.282,50 ; 10.194,38 ; 918.093,99 ;52%
MG;RIACHO DOS MACHADOS;3154507; 9.635,81 ; 10.194,38 ; 972.870,83 ;49%
MG;RIBEIRAO DAS NEVES;3154606; 9.115,15 ; 10.194,38 ; 44.185.091,55 ;52%
MG;RIBEIRAO VERMELHO;3154705; 12.014,05 ; 12.014,05 ; -   ;0%
MG;RIO ACIMA;3154804; 13.442,46 ; 13.442,46 ; -   ;0%
MG;RIO CASCA;3154903; 10.308,91 ; 10.308,91 ; -   ;0%
MG;RIO DO PRADO;3155108; 8.747,38 ; 10.194,38 ; 1.073.646,08 ;57%
MG;RIO DOCE;3155009; 15.838,29 ; 15.838,29 ; -   ;0%
MG;RIO ESPERA;3155207; 13.248,59 ; 13.248,59 ; -   ;0%
MG;RIO MANSO;3155306; 11.320,66 ; 11.320,66 ; -   ;0%
MG;RIO NOVO;3155405; 9.898,00 ; 10.194,38 ; 316.555,63 ;46%
MG;RIO PARANAIBA;3155504; 10.526,63 ; 10.526,63 ; -   ;0%
MG;RIO PARDO DE MINAS;3155603; 9.327,95 ; 10.194,38 ; 3.388.321,61 ;55%
MG;RIO PIRACICABA;3155702; 11.638,00 ; 11.638,00 ; -   ;0%
MG;RIO POMBA;3155801; 11.591,93 ; 11.591,93 ; -   ;0%
MG;RIO PRETO;3155900; 11.129,02 ; 11.129,02 ; -   ;0%
MG;RIO VERMELHO;3156007; 8.851,56 ; 10.194,38 ; 2.034.506,37 ;51%
MG;RITAPOLIS;3156106; 12.311,98 ; 12.311,98 ; -   ;0%
MG;ROCHEDO DE MINAS;3156205; 10.340,20 ; 10.340,20 ; -   ;0%
MG;RODEIRO;3156304; 9.907,46 ; 10.194,38 ; 358.099,06 ;51%
MG;ROMARIA;3156403; 14.369,28 ; 14.369,28 ; -   ;0%
MG;ROSARIO DA LIMEIRA;3156452; 9.781,66 ; 10.194,38 ; 410.404,86 ;53%
MG;RUBELITA;3156502; 11.801,53 ; 11.801,53 ; -   ;0%
MG;RUBIM;3156601; 9.914,50 ; 10.194,38 ; 473.497,86 ;34%
MG;SABARA;3156700; 9.755,37 ; 10.194,38 ; 7.562.410,33 ;52%
MG;SABINOPOLIS;3156809; 12.482,88 ; 12.482,88 ; -   ;0%
MG;SACRAMENTO;3156908; 11.926,63 ; 11.926,63 ; -   ;0%
MG;SALINAS;3157005; 9.959,04 ; 10.194,38 ; 1.107.855,77 ;53%
MG;SALTO DA DIVISA;3157104; 10.934,62 ; 10.934,62 ; -   ;0%
MG;SANTA BARBARA;3157203; 12.898,54 ; 12.898,54 ; -   ;0%
MG;SANTA BARBARA DO LESTE;3157252; 9.781,18 ; 10.194,38 ; 522.048,48 ;53%
MG;SANTA BARBARA DO MONTE VERDE;3157278; 12.746,79 ; 12.746,79 ; -   ;0%
MG;SANTA BARBARA DO TUGURIO;3157302; 8.440,61 ; 10.194,38 ; 1.892.884,70 ;51%
MG;SANTA CRUZ DE MINAS;3157336; 10.310,57 ; 10.310,57 ; -   ;0%
MG;SANTA CRUZ DE SALINAS;3157377; 11.334,80 ; 11.334,80 ; -   ;0%
MG;SANTA CRUZ DO ESCALVADO;3157401; 13.542,85 ; 13.542,85 ; -   ;0%
MG;SANTA EFIGENIA DE MINAS;3157500; 10.572,50 ; 10.572,50 ; -   ;0%
MG;SANTA FE DE MINAS;3157609; 14.038,27 ; 14.038,27 ; -   ;0%
MG;SANTA HELENA DE MINAS;3157658; 10.857,85 ; 10.857,85 ; -   ;0%
MG;SANTA JULIANA;3157708; 10.967,80 ; 10.967,80 ; -   ;0%
MG;SANTA LUZIA;3157807; 10.421,07 ; 10.421,07 ; -   ;0%
MG;SANTA MARGARIDA;3157906; 8.409,41 ; 10.194,38 ; 5.607.869,45 ;55%
MG;SANTA MARIA DE ITABIRA;3158003; 10.530,31 ; 10.530,31 ; -   ;0%
MG;SANTA MARIA DO SALTO;3158102; 8.042,99 ; 10.194,38 ; 1.680.074,84 ;57%
MG;SANTA MARIA DO SUACUI;3158201; 9.665,84 ; 10.194,38 ; 724.636,18 ;50%
MG;SANTA RITA DE CALDAS;3159209; 11.303,47 ; 11.303,47 ; -   ;0%
MG;SANTA RITA DE IBITIPOCA;3159407; 14.865,93 ; 14.865,93 ; -   ;0%
MG;SANTA RITA DE JACUTINGA;3159308; 11.056,67 ; 11.056,67 ; -   ;0%
MG;SANTA RITA DE MINAS;3159357; 10.113,21 ; 10.194,38 ; 76.305,46 ;50%
MG;SANTA RITA DO ITUETO;3159506; 10.122,74 ; 10.194,38 ; 76.302,84 ;49%
MG;SANTA RITA DO SAPUCAI;3159605; 11.273,00 ; 11.273,00 ; -   ;0%
MG;SANTA ROSA DA SERRA;3159704; 10.066,10 ; 10.194,38 ; 87.285,60 ;43%
MG;SANTA VITORIA;3159803; 12.694,25 ; 12.694,25 ; -   ;0%
MG;SANTANA DA VARGEM;3158300; 12.032,21 ; 12.032,21 ; -   ;0%
MG;SANTANA DE CATAGUASES;3158409; 12.555,80 ; 12.555,80 ; -   ;0%
MG;SANTANA DE PIRAPAMA;3158508; 12.268,07 ; 12.268,07 ; -   ;0%
MG;SANTANA DO DESERTO;3158607; 10.981,01 ; 10.981,01 ; -   ;0%
MG;SANTANA DO GARAMBEU;3158706; 14.143,55 ; 14.143,55 ; -   ;0%
MG;SANTANA DO JACARE;3158805; 12.548,18 ; 12.548,18 ; -   ;0%
MG;SANTANA DO MANHUACU;3158904; 9.021,35 ; 10.194,38 ; 1.625.566,96 ;53%
MG;SANTANA DO PARAISO;3158953; 10.009,22 ; 10.194,38 ; 867.684,65 ;49%
MG;SANTANA DO RIACHO;3159001; 10.945,42 ; 10.945,42 ; -   ;0%
MG;SANTANA DOS MONTES;3159100; 11.522,82 ; 11.522,82 ; -   ;0%
MG;SANTO ANTONIO DO AMPARO;3159902; 9.913,45 ; 10.194,38 ; 656.746,26 ;46%
MG;SANTO ANTONIO DO AVENTUREIRO;3160009; 10.894,88 ; 10.894,88 ; -   ;0%
MG;SANTO ANTONIO DO GRAMA;3160108; 11.801,30 ; 11.801,30 ; -   ;0%
MG;SANTO ANTONIO DO ITAMBE;3160207; 12.731,75 ; 12.731,75 ; -   ;0%
MG;SANTO ANTONIO DO JACINTO;3160306; 9.836,98 ; 10.194,38 ; 525.245,29 ;57%
MG;SANTO ANTONIO DO MONTE;3160405; 9.669,32 ; 10.194,38 ; 1.900.542,98 ;46%
MG;SANTO ANTONIO DO RETIRO;3160454; 9.444,06 ; 10.194,38 ; 993.926,48 ;52%
MG;SANTO ANTONIO DO RIO ABAIXO;3160504; 17.570,19 ; 17.570,19 ; -   ;0%
MG;SANTO HIPOLITO;3160603; 18.982,48 ; 18.982,48 ; -   ;0%
MG;SANTOS DUMONT;3160702; 10.613,81 ; 10.613,81 ; -   ;0%
MG;SAO BENTO ABADE;3160801; 9.483,45 ; 10.194,38 ; 693.821,68 ;46%
MG;SAO BRAS DO SUACUI;3160900; 14.952,46 ; 14.952,46 ; -   ;0%
MG;SAO DOMINGOS DAS DORES;3160959; 9.229,65 ; 10.194,38 ; 1.148.049,86 ;48%
MG;SAO DOMINGOS DO PRATA;3161007; 10.550,47 ; 10.550,47 ; -   ;0%
MG;SAO FELIX DE MINAS;3161056; 11.514,63 ; 11.514,63 ; -   ;0%
MG;SAO FRANCISCO;3161106; 9.755,90 ; 10.194,38 ; 2.928.506,93 ;61%
MG;SAO FRANCISCO DE PAULA;3161205; 9.258,52 ; 10.194,38 ; 896.201,50 ;47%
MG;SAO FRANCISCO DE SALES;3161304; 12.201,41 ; 12.201,41 ; -   ;0%
MG;SAO FRANCISCO DO GLORIA;3161403; 10.897,58 ; 10.897,58 ; -   ;0%
MG;SAO GERALDO;3161502; 9.245,28 ; 10.194,38 ; 1.185.101,27 ;46%
MG;SAO GERALDO DA PIEDADE;3161601; 12.700,69 ; 12.700,69 ; -   ;0%
MG;SAO GERALDO DO BAIXIO;3161650; 11.126,28 ; 11.126,28 ; -   ;0%
MG;SAO GONCALO DO ABAETE;3161700; 11.527,42 ; 11.527,42 ; -   ;0%
MG;SAO GONCALO DO PARA;3161809; 9.752,40 ; 10.194,38 ; 724.721,27 ;49%
MG;SAO GONCALO DO RIO ABAIXO;3161908; 15.915,80 ; 15.915,80 ; -   ;0%
MG;SAO GONCALO DO RIO PRETO;3125507; 13.867,15 ; 13.867,15 ; -   ;0%
MG;SAO GONCALO DO SAPUCAI;3162005; 10.083,59 ; 10.194,38 ; 375.390,31 ;46%
MG;SAO GOTARDO;3162104; 9.756,37 ; 10.194,38 ; 2.582.638,34 ;54%
MG;SAO JOAO BATISTA DO GLORIA;3162203; 11.939,35 ; 11.939,35 ; -   ;0%
MG;SAO JOAO DA LAGOA;3162252; 10.722,91 ; 10.722,91 ; -   ;0%
MG;SAO JOAO DA MATA;3162302; 12.246,65 ; 12.246,65 ; -   ;0%
MG;SAO JOAO DA PONTE;3162401; 8.711,39 ; 10.194,38 ; 7.202.081,10 ;53%
MG;SAO JOAO DAS MISSOES;3162450; 12.208,18 ; 12.208,18 ; -   ;0%
MG;SAO JOAO DEL REI;3162500; 12.716,28 ; 12.716,28 ; -   ;0%
MG;SAO JOAO DO MANHUACU;3162559; 9.075,33 ; 10.194,38 ; 2.835.966,22 ;55%
MG;SAO JOAO DO MANTENINHA;3162575; 10.374,82 ; 10.374,82 ; -   ;0%
MG;SAO JOAO DO ORIENTE;3162609; 9.623,22 ; 10.194,38 ; 578.922,24 ;55%
MG;SAO JOAO DO PACUI;3162658; 12.542,08 ; 12.542,08 ; -   ;0%
MG;SAO JOAO DO PARAISO;3162708; 9.508,28 ; 10.194,38 ; 1.866.111,76 ;54%
MG;SAO JOAO EVANGELISTA;3162807; 9.506,63 ; 10.194,38 ; 1.577.241,83 ;47%
MG;SAO JOAO NEPOMUCENO;3162906; 9.040,15 ; 10.194,38 ; 5.351.259,47 ;42%
MG;SAO JOAQUIM DE BICAS;3162922; 9.391,23 ; 10.194,38 ; 5.769.117,97 ;51%
MG;SAO JOSE DA BARRA;3162948; 13.069,86 ; 13.069,86 ; -   ;0%
MG;SAO JOSE DA LAPA;3162955; 9.838,31 ; 10.194,38 ; 1.920.079,58 ;38%
MG;SAO JOSE DA SAFIRA;3163003; 11.064,05 ; 11.064,05 ; -   ;0%
MG;SAO JOSE DA VARGINHA;3163102; 12.203,63 ; 12.203,63 ; -   ;0%
MG;SAO JOSE DO ALEGRE;3163201; 11.192,96 ; 11.192,96 ; -   ;0%
MG;SAO JOSE DO DIVINO;3163300; 13.010,55 ; 13.010,55 ; -   ;0%
MG;SAO JOSE DO GOIABAL;3163409; 11.552,09 ; 11.552,09 ; -   ;0%
MG;SAO JOSE DO JACURI;3163508; 9.862,05 ; 10.194,38 ; 298.128,14 ;59%
MG;SAO JOSE DO MANTIMENTO;3163607; 11.467,25 ; 11.467,25 ; -   ;0%
MG;SAO LOURENCO;3163706; 12.150,13 ; 12.150,13 ; -   ;0%
MG;SAO MIGUEL DO ANTA;3163805; 10.579,19 ; 10.579,19 ; -   ;0%
MG;SAO PEDRO DA UNIAO;3163904; 11.147,17 ; 11.147,17 ; -   ;0%
MG;SAO PEDRO DO SUACUI;3164100; 10.955,77 ; 10.955,77 ; -   ;0%
MG;SAO PEDRO DOS FERROS;3164001; 10.857,37 ; 10.857,37 ; -   ;0%
MG;SAO ROMAO;3164209; 11.923,23 ; 11.923,23 ; -   ;0%
MG;SAO ROQUE DE MINAS;3164308; 11.313,52 ; 11.313,52 ; -   ;0%
MG;SAO SEBASTIAO DA BELA VISTA;3164407; 10.286,40 ; 10.286,40 ; -   ;0%
MG;SAO SEBASTIAO DA VARGEM ALEGRE;3164431; 12.117,14 ; 12.117,14 ; -   ;0%
MG;SAO SEBASTIAO DO ANTA;3164472; 8.927,41 ; 10.194,38 ; 1.781.811,89 ;51%
MG;SAO SEBASTIAO DO MARANHAO;3164506; 11.586,59 ; 11.586,59 ; -   ;0%
MG;SAO SEBASTIAO DO OESTE;3164605; 8.458,65 ; 10.194,38 ; 4.090.430,59 ;48%
MG;SAO SEBASTIAO DO PARAISO;3164704; 11.097,61 ; 11.097,61 ; -   ;0%
MG;SAO SEBASTIAO DO RIO PRETO;3164803; 19.880,40 ; 19.880,40 ; -   ;0%
MG;SAO SEBASTIAO DO RIO VERDE;3164902; 12.198,74 ; 12.198,74 ; -   ;0%
MG;SAO THOME DAS LETRAS;3165206; 9.949,61 ; 10.194,38 ; 229.574,12 ;51%
MG;SAO TIAGO;3165008; 10.295,21 ; 10.295,21 ; -   ;0%
MG;SAO TOMAS DE AQUINO;3165107; 10.595,24 ; 10.595,24 ; -   ;0%
MG;SAO VICENTE DE MINAS;3165305; 11.161,04 ; 11.161,04 ; -   ;0%
MG;SAPUCAI-MIRIM;3165404; 12.224,15 ; 12.224,15 ; -   ;0%
MG;SARDOA;3165503; 8.514,88 ; 10.194,38 ; 2.042.682,13 ;45%
MG;SARZEDO;3165537; 10.371,86 ; 10.371,86 ; -   ;0%
MG;SEM-PEIXE;3165560; 12.627,81 ; 12.627,81 ; -   ;0%
MG;SENADOR AMARAL;3165578; 8.720,14 ; 10.194,38 ; 1.827.028,59 ;51%
MG;SENADOR CORTES;3165602; 10.982,77 ; 10.982,77 ; -   ;0%
MG;SENADOR FIRMINO;3165701; 10.371,73 ; 10.371,73 ; -   ;0%
MG;SENADOR JOSE BENTO;3165800; 17.910,87 ; 17.910,87 ; -   ;0%
MG;SENADOR MODESTINO GONCALVES;3165909; 11.900,44 ; 11.900,44 ; -   ;0%
MG;SENHORA DE OLIVEIRA;3166006; 12.141,77 ; 12.141,77 ; -   ;0%
MG;SENHORA DO PORTO;3166105; 13.223,32 ; 13.223,32 ; -   ;0%
MG;SENHORA DOS REMEDIOS;3166204; 10.391,02 ; 10.391,02 ; -   ;0%
MG;SERICITA;3166303; 9.233,58 ; 10.194,38 ; 1.077.386,07 ;53%
MG;SERITINGA;3166402; 13.653,84 ; 13.653,84 ; -   ;0%
MG;SERRA AZUL DE MINAS;3166501; 13.458,39 ; 13.458,39 ; -   ;0%
MG;SERRA DA SAUDADE;3166600; 23.562,03 ; 23.562,03 ; -   ;0%
MG;SERRA DO SALITRE;3166808; 14.576,07 ; 14.576,07 ; -   ;0%
MG;SERRA DOS AIMORES;3166709; 8.323,14 ; 10.194,38 ; 1.951.971,29 ;51%
MG;SERRANIA;3166907; 9.111,57 ; 10.194,38 ; 1.200.434,85 ;41%
MG;SERRANOPOLIS DE MINAS;3166956; 11.764,96 ; 11.764,96 ; -   ;0%
MG;SERRANOS;3167004; 14.551,32 ; 14.551,32 ; -   ;0%
MG;SERRO;3167103; 12.164,24 ; 12.164,24 ; -   ;0%
MG;SETE LAGOAS;3167202; 12.770,52 ; 12.770,52 ; -   ;0%
MG;SETUBINHA;3165552; 10.615,23 ; 10.615,23 ; -   ;0%
MG;SILVEIRANIA;3167301; 11.851,76 ; 11.851,76 ; -   ;0%
MG;SILVIANOPOLIS;3167400; 10.758,59 ; 10.758,59 ; -   ;0%
MG;SIMAO PEREIRA;3167509; 12.644,82 ; 12.644,82 ; -   ;0%
MG;SIMONESIA;3167608; 7.613,54 ; 10.194,38 ; 9.184.169,23 ;53%
MG;SOBRALIA;3167707; 11.384,58 ; 11.384,58 ; -   ;0%
MG;SOLEDADE DE MINAS;3167806; 12.961,25 ; 12.961,25 ; -   ;0%
MG;TABULEIRO;3167905; 12.062,20 ; 12.062,20 ; -   ;0%
MG;TAIOBEIRAS;3168002; 9.620,58 ; 10.194,38 ; 2.867.331,20 ;48%
MG;TAPARUBA;3168051; 11.484,40 ; 11.484,40 ; -   ;0%
MG;TAPIRA;3168101; 13.341,10 ; 13.341,10 ; -   ;0%
MG;TAPIRAI;3168200; 15.038,98 ; 15.038,98 ; -   ;0%
MG;TAQUARACU DE MINAS;3168309; 12.121,12 ; 12.121,12 ; -   ;0%
MG;TARUMIRIM;3168408; 12.101,75 ; 12.101,75 ; -   ;0%
MG;TEIXEIRAS;3168507; 9.942,70 ; 10.194,38 ; 341.440,69 ;44%
MG;TEOFILO OTONI;3168606; 9.858,21 ; 10.194,38 ; 5.014.253,64 ;52%
MG;TIMOTEO;3168705; 11.674,81 ; 11.674,81 ; -   ;0%
MG;TIRADENTES;3168804; 11.518,98 ; 11.518,98 ; -   ;0%
MG;TIROS;3168903; 11.613,17 ; 11.613,17 ; -   ;0%
MG;TOCANTINS;3169000; 11.187,39 ; 11.187,39 ; -   ;0%
MG;TOCOS DO MOJI;3169059; 11.663,03 ; 11.663,03 ; -   ;0%
MG;TOLEDO;3169109; 8.682,86 ; 10.194,38 ; 2.213.229,35 ;40%
MG;TOMBOS;3169208; 10.416,00 ; 10.416,00 ; -   ;0%
MG;TRES CORACOES;3169307; 11.541,48 ; 11.541,48 ; -   ;0%
MG;TRES MARIAS;3169356; 11.176,44 ; 11.176,44 ; -   ;0%
MG;TRES PONTAS;3169406; 10.454,34 ; 10.454,34 ; -   ;0%
MG;TUMIRITINGA;3169505; 9.633,78 ; 10.194,38 ; 542.123,29 ;49%
MG;TUPACIGUARA;3169604; 10.945,85 ; 10.945,85 ; -   ;0%
MG;TURMALINA;3169703; 9.754,29 ; 10.194,38 ; 1.042.794,08 ;45%
MG;TURVOLANDIA;3169802; 9.745,11 ; 10.194,38 ; 409.594,05 ;44%
MG;UBA;3169901; 10.737,47 ; 10.737,47 ; -   ;0%
MG;UBAI;3170008; 9.759,43 ; 10.194,38 ; 637.944,62 ;48%
MG;UBAPORANGA;3170057; 9.149,65 ; 10.194,38 ; 1.615.292,56 ;52%
MG;UBERABA;3170107; 11.827,23 ; 11.827,23 ; -   ;0%
MG;UBERLANDIA;3170206; 11.538,33 ; 11.538,33 ; -   ;0%
MG;UMBURATIBA;3170305; 15.088,09 ; 15.088,09 ; -   ;0%
MG;UNAI;3170404; 12.490,56 ; 12.490,56 ; -   ;0%
MG;UNIAO DE MINAS;3170438; 16.837,01 ; 16.837,01 ; -   ;0%
MG;URUANA DE MINAS;3170479; 10.593,10 ; 10.593,10 ; -   ;0%
MG;URUCANIA;3170503; 8.899,37 ; 10.194,38 ; 1.835.342,79 ;41%
MG;URUCUIA;3170529; 9.013,72 ; 10.194,38 ; 3.122.308,71 ;57%
MG;VARGEM ALEGRE;3170578; 11.412,29 ; 11.412,29 ; -   ;0%
MG;VARGEM BONITA;3170602; 16.724,38 ; 16.724,38 ; -   ;0%
MG;VARGEM GRANDE DO RIO PARDO;3170651; 10.004,37 ; 10.194,38 ; 147.081,41 ;56%
MG;VARGINHA;3170701; 66.346,93 ; 66.346,93 ; -   ;0%
MG;VARJAO DE MINAS;3170750; 10.955,49 ; 10.955,49 ; -   ;0%
MG;VARZEA DA PALMA;3170800; 9.363,47 ; 10.194,38 ; 3.680.396,69 ;50%
MG;VARZELANDIA;3170909; 8.819,81 ; 10.194,38 ; 3.650.349,78 ;52%
MG;VAZANTE;3171006; 12.272,39 ; 12.272,39 ; -   ;0%
MG;VERDELANDIA;3171030; 9.539,94 ; 10.194,38 ; 779.749,52 ;46%
MG;VEREDINHA;3171071; 11.719,91 ; 11.719,91 ; -   ;0%
MG;VERISSIMO;3171105; 13.061,43 ; 13.061,43 ; -   ;0%
MG;VERMELHO NOVO;3171154; 9.899,08 ; 10.194,38 ; 224.974,26 ;56%
MG;VESPASIANO;3171204; 9.236,36 ; 10.194,38 ; 20.855.319,82 ;54%
MG;VICOSA;3171303; 10.640,52 ; 10.640,52 ; -   ;0%
MG;VIEIRAS;3171402; 11.125,43 ; 11.125,43 ; -   ;0%
MG;VIRGEM DA LAPA;3171600; 10.057,71 ; 10.194,38 ; 234.668,60 ;55%
MG;VIRGINIA;3171709; 11.223,93 ; 11.223,93 ; -   ;0%
MG;VIRGINOPOLIS;3171808; 10.100,47 ; 10.194,38 ; 156.538,07 ;48%
MG;VIRGOLANDIA;3171907; 12.781,50 ; 12.781,50 ; -   ;0%
MG;VISCONDE DO RIO BRANCO;3172004; 10.842,69 ; 10.842,69 ; -   ;0%
MG;VOLTA GRANDE;3172103; 11.040,18 ; 11.040,18 ; -   ;0%
MG;WENCESLAU BRAZ;3172202; 14.524,09 ; 14.524,09 ; -   ;0%
MS;AGUA CLARA;5000203; 14.154,60 ; 14.154,60 ; -   ;0%
MS;ALCINOPOLIS;5000252; 15.870,26 ; 15.870,26 ; -   ;0%
MS;AMAMBAI;5000609; 10.809,49 ; 10.809,49 ; -   ;0%
MS;ANASTACIO;5000708; 11.935,08 ; 11.935,08 ; -   ;0%
MS;ANAURILANDIA;5000807; 12.815,42 ; 12.815,42 ; -   ;0%
MS;ANGELICA;5000856; 12.182,06 ; 12.182,06 ; -   ;0%
MS;ANTONIO JOAO;5000906; 10.813,22 ; 10.813,22 ; -   ;0%
MS;APARECIDA DO TABOADO;5001003; 11.912,62 ; 11.912,62 ; -   ;0%
MS;AQUIDAUANA;5001102; 10.447,14 ; 10.447,14 ; -   ;0%
MS;ARAL MOREIRA;5001243; 11.532,67 ; 11.532,67 ; -   ;0%
MS;BANDEIRANTES;5001508; 13.979,88 ; 13.979,88 ; -   ;0%
MS;BATAGUASSU;5001904; 11.063,77 ; 11.063,77 ; -   ;0%
MS;BATAYPORA;5002001; 11.042,66 ; 11.042,66 ; -   ;0%
MS;BELA VISTA;5002100; 10.354,10 ; 10.354,10 ; -   ;0%
MS;BODOQUENA;5002159; 13.635,12 ; 13.635,12 ; -   ;0%
MS;BONITO;5002209; 13.372,76 ; 13.372,76 ; -   ;0%
MS;BRASILANDIA;5002308; 13.230,12 ; 13.230,12 ; -   ;0%
MS;CAARAPO;5002407; 10.934,47 ; 10.934,47 ; -   ;0%
MS;CAMAPUA;5002605; 13.611,00 ; 13.611,00 ; -   ;0%
MS;CAMPO GRANDE;5002704; 12.578,45 ; 12.578,45 ; -   ;0%
MS;CARACOL;5002803; 13.339,53 ; 13.339,53 ; -   ;0%
MS;CASSILANDIA;5002902; 13.547,10 ; 13.547,10 ; -   ;0%
MS;CHAPADAO DO SUL;5002951; 11.678,17 ; 11.678,17 ; -   ;0%
MS;CORGUINHO;5003108; 13.677,10 ; 13.677,10 ; -   ;0%
MS;CORONEL SAPUCAIA;5003157; 8.917,00 ; 10.194,38 ; 5.920.668,59 ;53%
MS;CORUMBA;5003207; 12.613,64 ; 12.613,64 ; -   ;0%
MS;COSTA RICA;5003256; 10.713,46 ; 10.713,46 ; -   ;0%
MS;COXIM;5003306; 12.142,81 ; 12.142,81 ; -   ;0%
MS;DEODAPOLIS;5003454; 10.900,67 ; 10.900,67 ; -   ;0%
MS;DOIS IRMAOS DO BURITI;5003488; 10.665,92 ; 10.665,92 ; -   ;0%
MS;DOURADINA;5003504; 12.656,56 ; 12.656,56 ; -   ;0%
MS;DOURADOS;5003702; 12.354,36 ; 12.354,36 ; -   ;0%
MS;ELDORADO;5003751; 12.407,91 ; 12.407,91 ; -   ;0%
MS;FATIMA DO SUL;5003801; 10.779,03 ; 10.779,03 ; -   ;0%
MS;FIGUEIRAO;5003900; 23.362,46 ; 23.362,46 ; -   ;0%
MS;GLORIA DE DOURADOS;5004007; 12.158,86 ; 12.158,86 ; -   ;0%
MS;GUIA LOPES DA LAGUNA;5004106; 11.920,92 ; 11.920,92 ; -   ;0%
MS;IGUATEMI;5004304; 11.150,98 ; 11.150,98 ; -   ;0%
MS;INOCENCIA;5004403; 20.863,97 ; 20.863,97 ; -   ;0%
MS;ITAPORA;5004502; 11.805,21 ; 11.805,21 ; -   ;0%
MS;ITAQUIRAI;5004601; 9.212,67 ; 10.194,38 ; 3.815.070,43 ;52%
MS;IVINHEMA;5004700; 12.176,26 ; 12.176,26 ; -   ;0%
MS;JAPORA;5004809; 9.696,98 ; 10.194,38 ; 1.538.295,14 ;50%
MS;JARAGUARI;5004908; 15.325,34 ; 15.325,34 ; -   ;0%
MS;JARDIM;5005004; 10.996,51 ; 10.996,51 ; -   ;0%
MS;JATEI;5005103; 18.930,29 ; 18.930,29 ; -   ;0%
MS;JUTI;5005152; 11.642,15 ; 11.642,15 ; -   ;0%
MS;LADARIO;5005202; 10.508,62 ; 10.508,62 ; -   ;0%
MS;LAGUNA CARAPA;5005251; 12.249,65 ; 12.249,65 ; -   ;0%
MS;MARACAJU;5005400; 12.312,30 ; 12.312,30 ; -   ;0%
MS;Mato Grosso do Sul;50; 13.324,18 ; 13.324,18 ; -   ;0%
MS;MIRANDA;5005608; 9.561,48 ; 10.194,38 ; 4.235.919,40 ;58%
MS;MUNDO NOVO;5005681; 9.911,55 ; 10.194,38 ; 888.807,72 ;47%
MS;NAVIRAI;5005707; 11.511,71 ; 11.511,71 ; -   ;0%
MS;NIOAQUE;5005806; 12.187,70 ; 12.187,70 ; -   ;0%
MS;NOVA ALVORADA DO SUL;5006002; 12.317,24 ; 12.317,24 ; -   ;0%
MS;NOVA ANDRADINA;5006200; 11.345,72 ; 11.345,72 ; -   ;0%
MS;NOVO HORIZONTE DO SUL;5006259; 12.507,60 ; 12.507,60 ; -   ;0%
MS;PARAISO DAS AGUAS;5006275; 12.947,15 ; 12.947,15 ; -   ;0%
MS;PARANAIBA;5006309; 12.002,83 ; 12.002,83 ; -   ;0%
MS;PARANHOS;5006358; 9.452,05 ; 10.194,38 ; 4.003.212,28 ;54%
MS;PEDRO GOMES;5006408; 14.597,73 ; 14.597,73 ; -   ;0%
MS;PONTA PORA;5006606; 10.409,23 ; 10.409,23 ; -   ;0%
MS;PORTO MURTINHO;5006903; 9.667,54 ; 10.194,38 ; 1.968.821,52 ;52%
MS;RIBAS DO RIO PARDO;5007109; 14.593,69 ; 14.593,69 ; -   ;0%
MS;RIO BRILHANTE;5007208; 11.930,81 ; 11.930,81 ; -   ;0%
MS;RIO NEGRO;5007307; 13.256,99 ; 13.256,99 ; -   ;0%
MS;RIO VERDE DE MATO GROSSO;5007406; 12.011,44 ; 12.011,44 ; -   ;0%
MS;ROCHEDO;5007505; 13.875,48 ; 13.875,48 ; -   ;0%
MS;SANTA RITA DO PARDO;5007554; 14.054,42 ; 14.054,42 ; -   ;0%
MS;SAO GABRIEL DO OESTE;5007695; 12.632,31 ; 12.632,31 ; -   ;0%
MS;SELVIRIA;5007802; 15.506,78 ; 15.506,78 ; -   ;0%
MS;SETE QUEDAS;5007703; 11.117,60 ; 11.117,60 ; -   ;0%
MS;SIDROLANDIA;5007901; 11.304,09 ; 11.304,09 ; -   ;0%
MS;SONORA;5007935; 11.419,48 ; 11.419,48 ; -   ;0%
MS;TACURU;5007950; 10.551,90 ; 10.551,90 ; -   ;0%
MS;TAQUARUSSU;5007976; 14.850,51 ; 14.850,51 ; -   ;0%
MS;TERENOS;5008008; 11.410,99 ; 11.410,99 ; -   ;0%
MS;TRES LAGOAS;5008305; 13.933,52 ; 13.933,52 ; -   ;0%
MS;VICENTINA;5008404; 11.486,65 ; 11.486,65 ; -   ;0%
MT;ACORIZAL;5100102; 12.508,49 ; 12.508,49 ; -   ;0%
MT;AGUA BOA;5100201; 11.826,64 ; 11.826,64 ; -   ;0%
MT;ALTA FLORESTA;5100250; 10.085,50 ; 10.194,38 ; 928.858,55 ;50%
MT;ALTO ARAGUAIA;5100300; 14.915,59 ; 14.915,59 ; -   ;0%
MT;ALTO BOA VISTA;5100359; 10.569,31 ; 10.569,31 ; -   ;0%
MT;ALTO GARCAS;5100409; 11.691,41 ; 11.691,41 ; -   ;0%
MT;ALTO PARAGUAI;5100508; 9.681,30 ; 10.194,38 ; 610.421,29 ;51%
MT;ALTO TAQUARI;5100607; 13.506,21 ; 13.506,21 ; -   ;0%
MT;APIACAS;5100805; 12.394,88 ; 12.394,88 ; -   ;0%
MT;ARAGUAIANA;5101001; 15.135,24 ; 15.135,24 ; -   ;0%
MT;ARAGUAINHA;5101209; 28.973,76 ; 28.973,76 ; -   ;0%
MT;ARAPUTANGA;5101258; 11.546,48 ; 11.546,48 ; -   ;0%
MT;ARENAPOLIS;5101308; 10.935,42 ; 10.935,42 ; -   ;0%
MT;ARIPUANA;5101407; 10.972,71 ; 10.972,71 ; -   ;0%
MT;BARAO DE MELGACO;5101605; 9.696,24 ; 10.194,38 ; 458.963,39 ;56%
MT;BARRA DO BUGRES;5101704; 11.116,71 ; 11.116,71 ; -   ;0%
MT;BARRA DO GARCAS;5101803; 10.821,52 ; 10.821,52 ; -   ;0%
MT;BOM JESUS DO ARAGUAIA;5101852; 11.714,74 ; 11.714,74 ; -   ;0%
MT;BRASNORTE;5101902; 12.874,53 ; 12.874,53 ; -   ;0%
MT;CACERES;5102504; 11.352,82 ; 11.352,82 ; -   ;0%
MT;CAMPINAPOLIS;5102603; 9.242,84 ; 10.194,38 ; 5.769.527,01 ;56%
MT;CAMPO NOVO DO PARECIS;5102637; 11.364,59 ; 11.364,59 ; -   ;0%
MT;CAMPO VERDE;5102678; 12.682,37 ; 12.682,37 ; -   ;0%
MT;CAMPOS DE JULIO;5102686; 13.247,38 ; 13.247,38 ; -   ;0%
MT;CANABRAVA DO NORTE;5102694; 14.485,46 ; 14.485,46 ; -   ;0%
MT;CANARANA;5102702; 11.188,55 ; 11.188,55 ; -   ;0%
MT;CARLINDA;5102793; 10.810,46 ; 10.810,46 ; -   ;0%
MT;CASTANHEIRA;5102850; 12.754,59 ; 12.754,59 ; -   ;0%
MT;CHAPADA DOS GUIMARAES;5103007; 12.837,65 ; 12.837,65 ; -   ;0%
MT;CLAUDIA;5103056; 11.188,84 ; 11.188,84 ; -   ;0%
MT;COCALINHO;5103106; 13.557,19 ; 13.557,19 ; -   ;0%
MT;COLIDER;5103205; 11.384,58 ; 11.384,58 ; -   ;0%
MT;COLNIZA;5103254; 11.086,24 ; 11.086,24 ; -   ;0%
MT;COMODORO;5103304; 12.236,34 ; 12.236,34 ; -   ;0%
MT;CONFRESA;5103353; 9.295,22 ; 10.194,38 ; 5.734.650,36 ;56%
MT;CONQUISTA DOESTE;5103361; 13.569,68 ; 13.569,68 ; -   ;0%
MT;COTRIGUACU;5103379; 13.180,50 ; 13.180,50 ; -   ;0%
MT;CUIABA;5103403; 13.922,68 ; 13.922,68 ; -   ;0%
MT;CURVELANDIA;5103437; 11.861,41 ; 11.861,41 ; -   ;0%
MT;DENISE;5103452; 11.556,09 ; 11.556,09 ; -   ;0%
MT;DIAMANTINO;5103502; 12.779,60 ; 12.779,60 ; -   ;0%
MT;DOM AQUINO;5103601; 11.923,49 ; 11.923,49 ; -   ;0%
MT;FELIZ NATAL;5103700; 11.889,25 ; 11.889,25 ; -   ;0%
MT;FIGUEIROPOLIS DOESTE;5103809; 14.052,03 ; 14.052,03 ; -   ;0%
MT;GAUCHA DO NORTE;5103858; 12.782,61 ; 12.782,61 ; -   ;0%
MT;GENERAL CARNEIRO;5103908; 13.956,18 ; 13.956,18 ; -   ;0%
MT;GLORIA DOESTE;5103957; 13.590,78 ; 13.590,78 ; -   ;0%
MT;GUARANTA DO NORTE;5104104; 11.856,16 ; 11.856,16 ; -   ;0%
MT;GUIRATINGA;5104203; 12.559,78 ; 12.559,78 ; -   ;0%
MT;INDIAVAI;5104500; 15.612,33 ; 15.612,33 ; -   ;0%
MT;IPIRANGA DO NORTE;5104526; 12.417,31 ; 12.417,31 ; -   ;0%
MT;ITANHANGA;5104542; 12.256,40 ; 12.256,40 ; -   ;0%
MT;ITAUBA;5104559; 12.371,74 ; 12.371,74 ; -   ;0%
MT;ITIQUIRA;5104609; 13.089,16 ; 13.089,16 ; -   ;0%
MT;JACIARA;5104807; 10.360,53 ; 10.360,53 ; -   ;0%
MT;JANGADA;5104906; 11.392,86 ; 11.392,86 ; -   ;0%
MT;JAURU;5105002; 11.185,26 ; 11.185,26 ; -   ;0%
MT;JUARA;5105101; 8.877,70 ; 10.194,38 ; 7.188.440,01 ;49%
MT;JUINA;5105150; 10.075,58 ; 10.194,38 ; 870.026,03 ;49%
MT;JURUENA;5105176; 10.437,13 ; 10.437,13 ; -   ;0%
MT;JUSCIMEIRA;5105200; 11.509,67 ; 11.509,67 ; -   ;0%
MT;LAMBARI DOESTE;5105234; 11.308,56 ; 11.308,56 ; -   ;0%
MT;LUCAS DO RIO VERDE;5105259; 11.912,44 ; 11.912,44 ; -   ;0%
MT;LUCIARA;5105309; 13.914,32 ; 13.914,32 ; -   ;0%
MT;MARCELANDIA;5105580; 11.526,00 ; 11.526,00 ; -   ;0%
MT;Mato Grosso;51; 14.926,56 ; 14.926,56 ; -   ;0%
MT;MATUPA;5105606; 10.363,29 ; 10.363,29 ; -   ;0%
MT;MIRASSOL DOESTE;5105622; 11.108,66 ; 11.108,66 ; -   ;0%
MT;NOBRES;5105903; 9.272,51 ; 10.194,38 ; 2.758.570,39 ;54%
MT;NORTELANDIA;5106000; 13.395,33 ; 13.395,33 ; -   ;0%
MT;NOSSA SENHORA DO LIVRAMENTO;5106109; 10.491,73 ; 10.491,73 ; -   ;0%
MT;NOVA BANDEIRANTES;5106158; 11.014,64 ; 11.014,64 ; -   ;0%
MT;NOVA BRASILANDIA;5106208; 12.362,97 ; 12.362,97 ; -   ;0%
MT;NOVA CANAA DO NORTE;5106216; 12.847,52 ; 12.847,52 ; -   ;0%
MT;NOVA GUARITA;5108808; 11.886,17 ; 11.886,17 ; -   ;0%
MT;NOVA LACERDA;5106182; 11.729,99 ; 11.729,99 ; -   ;0%
MT;NOVA MARILANDIA;5108857; 15.341,05 ; 15.341,05 ; -   ;0%
MT;NOVA MARINGA;5108907; 13.368,14 ; 13.368,14 ; -   ;0%
MT;NOVA MONTE VERDE;5108956; 10.706,52 ; 10.706,52 ; -   ;0%
MT;NOVA MUTUM;5106224; 11.627,59 ; 11.627,59 ; -   ;0%
MT;NOVA NAZARE;5106174; 10.709,97 ; 10.709,97 ; -   ;0%
MT;NOVA OLIMPIA;5106232; 11.502,55 ; 11.502,55 ; -   ;0%
MT;NOVA SANTA HELENA;5106190; 16.683,47 ; 16.683,47 ; -   ;0%
MT;NOVA UBIRATA;5106240; 17.207,92 ; 17.207,92 ; -   ;0%
MT;NOVA XAVANTINA;5106257; 12.595,77 ; 12.595,77 ; -   ;0%
MT;NOVO HORIZONTE DO NORTE;5106273; 12.303,02 ; 12.303,02 ; -   ;0%
MT;NOVO MUNDO;5106265; 10.449,48 ; 10.449,48 ; -   ;0%
MT;NOVO SANTO ANTONIO;5106315; 13.320,05 ; 13.320,05 ; -   ;0%
MT;NOVO SAO JOAQUIM;5106281; 14.534,63 ; 14.534,63 ; -   ;0%
MT;PARANAITA;5106299; 12.599,94 ; 12.599,94 ; -   ;0%
MT;PARANATINGA;5106307; 12.776,49 ; 12.776,49 ; -   ;0%
MT;PEDRA PRETA;5106372; 12.029,06 ; 12.029,06 ; -   ;0%
MT;PEIXOTO DE AZEVEDO;5106422; 9.857,66 ; 10.194,38 ; 2.206.114,28 ;53%
MT;PLANALTO DA SERRA;5106455; 12.236,42 ; 12.236,42 ; -   ;0%
MT;POCONE;5106505; 10.261,36 ; 10.261,36 ; -   ;0%
MT;PONTAL DO ARAGUAIA;5106653; 12.533,67 ; 12.533,67 ; -   ;0%
MT;PONTE BRANCA;5106703; 17.918,44 ; 17.918,44 ; -   ;0%
MT;PONTES E LACERDA;5106752; 10.994,11 ; 10.994,11 ; -   ;0%
MT;PORTO ALEGRE DO NORTE;5106778; 11.950,77 ; 11.950,77 ; -   ;0%
MT;PORTO DOS GAUCHOS;5106802; 15.101,16 ; 15.101,16 ; -   ;0%
MT;PORTO ESPERIDIAO;5106828; 12.346,58 ; 12.346,58 ; -   ;0%
MT;PORTO ESTRELA;5106851; 14.929,56 ; 14.929,56 ; -   ;0%
MT;POXOREU;5107008; 11.336,11 ; 11.336,11 ; -   ;0%
MT;PRIMAVERA DO LESTE;5107040; 10.701,69 ; 10.701,69 ; -   ;0%
MT;QUERENCIA;5107065; 12.547,34 ; 12.547,34 ; -   ;0%
MT;RESERVA DO CABACAL;5107156; 13.984,50 ; 13.984,50 ; -   ;0%
MT;RIBEIRAO CASCALHEIRA;5107180; 11.652,49 ; 11.652,49 ; -   ;0%
MT;RIBEIRAOZINHO;5107198; 12.766,28 ; 12.766,28 ; -   ;0%
MT;RIO BRANCO;5107206; 11.291,64 ; 11.291,64 ; -   ;0%
MT;RONDOLANDIA;5107578; 12.180,93 ; 12.180,93 ; -   ;0%
MT;RONDONOPOLIS;5107602; 12.474,53 ; 12.474,53 ; -   ;0%
MT;ROSARIO OESTE;5107701; 10.993,91 ; 10.993,91 ; -   ;0%
MT;SALTO DO CEU;5107750; 10.645,16 ; 10.645,16 ; -   ;0%
MT;SANTA CARMEM;5107248; 11.304,15 ; 11.304,15 ; -   ;0%
MT;SANTA CRUZ DO XINGU;5107743; 16.453,68 ; 16.453,68 ; -   ;0%
MT;SANTA RITA DO TRIVELATO;5107768; 15.585,03 ; 15.585,03 ; -   ;0%
MT;SANTA TEREZINHA;5107776; 10.381,76 ; 10.381,76 ; -   ;0%
MT;SANTO AFONSO;5107263; 14.522,61 ; 14.522,61 ; -   ;0%
MT;SANTO ANTONIO DO LESTE;5107792; 14.058,75 ; 14.058,75 ; -   ;0%
MT;SANTO ANTONIO DO LEVERGER;5107800; 9.979,62 ; 10.194,38 ; 483.098,93 ;48%
MT;SAO FELIX DO ARAGUAIA;5107859; 15.420,83 ; 15.420,83 ; -   ;0%
MT;SAO JOSE DO POVO;5107297; 17.582,22 ; 17.582,22 ; -   ;0%
MT;SAO JOSE DO RIO CLARO;5107305; 11.748,22 ; 11.748,22 ; -   ;0%
MT;SAO JOSE DO XINGU;5107354; 13.595,41 ; 13.595,41 ; -   ;0%
MT;SAO JOSE DOS QUATRO MARCOS;5107107; 10.504,09 ; 10.504,09 ; -   ;0%
MT;SAO PEDRO DA CIPA;5107404; 12.031,91 ; 12.031,91 ; -   ;0%
MT;SAPEZAL;5107875; 12.136,29 ; 12.136,29 ; -   ;0%
MT;SERRA NOVA DOURADA;5107883; 16.965,30 ; 16.965,30 ; -   ;0%
MT;SINOP;5107909; 11.563,95 ; 11.563,95 ; -   ;0%
MT;SORRISO;5107925; 12.251,12 ; 12.251,12 ; -   ;0%
MT;TABAPORA;5107941; 12.279,24 ; 12.279,24 ; -   ;0%
MT;TANGARA DA SERRA;5107958; 11.372,98 ; 11.372,98 ; -   ;0%
MT;TAPURAH;5108006; 13.447,42 ; 13.447,42 ; -   ;0%
MT;TERRA NOVA DO NORTE;5108055; 11.861,52 ; 11.861,52 ; -   ;0%
MT;TESOURO;5108105; 13.217,61 ; 13.217,61 ; -   ;0%
MT;TORIXOREU;5108204; 15.362,80 ; 15.362,80 ; -   ;0%
MT;UNIAO DO SUL;5108303; 12.050,37 ; 12.050,37 ; -   ;0%
MT;VALE DE SAO DOMINGOS;5108352; 12.984,10 ; 12.984,10 ; -   ;0%
MT;VARZEA GRANDE;5108402; 10.522,83 ; 10.522,83 ; -   ;0%
MT;VERA;5108501; 11.263,32 ; 11.263,32 ; -   ;0%
MT;VILA BELA DA SANTISSIMA TRINDADE;5105507; 11.159,92 ; 11.159,92 ; -   ;0%
MT;VILA RICA;5108600; 11.424,55 ; 11.424,55 ; -   ;0%
PA;ABAETETUBA;1500107; 6.919,93 ; 10.194,38 ; 116.826.061,08 ;54%
PA;ABEL FIGUEIREDO;1500131; 8.762,56 ; 10.194,38 ; 2.573.084,06 ;60%
PA;ACARA;1500206; 8.153,09 ; 10.194,38 ; 48.309.155,74 ;53%
PA;AFUA;1500305; 7.559,61 ; 10.194,38 ; 44.247.648,26 ;63%
PA;AGUA AZUL DO NORTE;1500347; 9.412,84 ; 10.194,38 ; 3.136.079,05 ;55%
PA;ALENQUER;1500404; 7.557,86 ; 10.194,38 ; 42.320.018,56 ;63%
PA;ALMEIRIM;1500503; 7.382,62 ; 10.194,38 ; 38.862.908,94 ;47%
PA;ALTAMIRA;1500602; 7.972,06 ; 10.194,38 ; 73.590.814,79 ;55%
PA;ANAJAS;1500701; 7.424,56 ; 10.194,38 ; 37.809.887,49 ;61%
PA;ANANINDEUA;1500800; 8.472,92 ; 10.194,38 ; 89.613.411,80 ;59%
PA;ANAPU;1500859; 7.159,77 ; 10.194,38 ; 34.365.971,36 ;59%
PA;AUGUSTO CORREA;1500909; 7.751,55 ; 10.194,38 ; 37.161.339,21 ;59%
PA;AURORA DO PARA;1500958; 7.503,63 ; 10.194,38 ; 20.518.534,72 ;57%
PA;AVEIRO;1501006; 6.969,04 ; 10.194,38 ; 18.303.175,29 ;53%
PA;BAGRE;1501105; 7.105,16 ; 10.194,38 ; 27.699.165,70 ;63%
PA;BAIAO;1501204; 7.998,09 ; 10.194,38 ; 22.707.058,91 ;55%
PA;BANNACH;1501253; 8.708,13 ; 10.194,38 ; 1.716.096,36 ;50%
PA;BARCARENA;1501303; 12.504,02 ; 12.504,02 ; -   ;0%
PA;BELEM;1501402; 13.307,26 ; 13.307,26 ; -   ;0%
PA;BELTERRA;1501451; 7.926,34 ; 10.194,38 ; 12.518.603,32 ;57%
PA;BENEVIDES;1501501; 6.781,07 ; 10.194,38 ; 51.424.362,38 ;54%
PA;BOM JESUS DO TOCANTINS;1501576; 8.568,50 ; 10.194,38 ; 6.634.564,84 ;56%
PA;BONITO;1501600; 6.781,99 ; 10.194,38 ; 9.089.551,34 ;60%
PA;BRAGANCA;1501709; 7.802,87 ; 10.194,38 ; 57.568.592,46 ;62%
PA;BRASIL NOVO;1501725; 6.461,11 ; 10.194,38 ; 30.843.289,55 ;59%
PA;BREJO GRANDE DO ARAGUAIA;1501758; 8.578,28 ; 10.194,38 ; 4.024.585,11 ;51%
PA;BREU BRANCO;1501782; 8.136,75 ; 10.194,38 ; 25.705.002,85 ;54%
PA;BREVES;1501808; 8.109,88 ; 10.194,38 ; 91.285.714,84 ;57%
PA;BUJARU;1501907; 7.221,47 ; 10.194,38 ; 29.975.568,54 ;54%
PA;CACHOEIRA DO ARARI;1502004; 7.352,14 ; 10.194,38 ; 16.194.966,54 ;55%
PA;CACHOEIRA DO PIRIA;1501956; 7.370,40 ; 10.194,38 ; 19.986.906,15 ;56%
PA;CAMETA;1502103; 7.887,69 ; 10.194,38 ; 91.782.497,18 ;57%
PA;CANAA DOS CARAJAS;1502152; 12.312,09 ; 12.312,09 ; -   ;0%
PA;CAPANEMA;1502202; 7.972,50 ; 10.194,38 ; 23.116.693,97 ;54%
PA;CAPITAO POCO;1502301; 6.630,19 ; 10.194,38 ; 47.937.267,46 ;58%
PA;CASTANHAL;1502400; 8.594,40 ; 10.194,38 ; 54.016.297,85 ;59%
PA;CHAVES;1502509; 6.713,55 ; 10.194,38 ; 38.746.711,28 ;57%
PA;COLARES;1502608; 6.874,83 ; 10.194,38 ; 10.020.024,63 ;57%
PA;CONCEICAO DO ARAGUAIA;1502707; 8.955,15 ; 10.194,38 ; 10.337.375,68 ;55%
PA;CONCORDIA DO PARA;1502756; 7.489,36 ; 10.194,38 ; 38.931.428,38 ;47%
PA;CUMARU DO NORTE;1502764; 7.133,62 ; 10.194,38 ; 16.861.215,46 ;46%
PA;CURIONOPOLIS;1502772; 8.608,28 ; 10.194,38 ; 12.115.315,54 ;46%
PA;CURRALINHO;1502806; 7.941,19 ; 10.194,38 ; 30.694.203,56 ;62%
PA;CURUA;1502855; 7.379,14 ; 10.194,38 ; 13.348.998,86 ;57%
PA;CURUCA;1502905; 7.606,56 ; 10.194,38 ; 26.113.244,50 ;54%
PA;DOM ELISEU;1502939; 7.468,63 ; 10.194,38 ; 35.831.232,21 ;53%
PA;ELDORADO DO CARAJAS;1502954; 8.430,30 ; 10.194,38 ; 15.073.596,04 ;56%
PA;FARO;1503002; 8.424,53 ; 10.194,38 ; 5.624.452,50 ;50%
PA;FLORESTA DO ARAGUAIA;1503044; 7.305,22 ; 10.194,38 ; 17.017.354,88 ;54%
PA;GARRAFAO DO NORTE;1503077; 8.052,23 ; 10.194,38 ; 17.255.271,25 ;56%
PA;GOIANESIA DO PARA;1503093; 8.704,32 ; 10.194,38 ; 11.491.040,39 ;54%
PA;GURUPA;1503101; 7.004,72 ; 10.194,38 ; 68.796.055,76 ;60%
PA;IGARAPE-ACU;1503200; 7.799,25 ; 10.194,38 ; 15.076.937,40 ;57%
PA;IGARAPE-MIRI;1503309; 7.864,75 ; 10.194,38 ; 47.446.634,73 ;59%
PA;INHANGAPI;1503408; 7.088,06 ; 10.194,38 ; 6.348.204,10 ;56%
PA;IPIXUNA DO PARA;1503457; 8.270,70 ; 10.194,38 ; 26.010.012,59 ;52%
PA;IRITUIA;1503507; 7.695,30 ; 10.194,38 ; 15.298.269,88 ;56%
PA;ITAITUBA;1503606; 8.085,88 ; 10.194,38 ; 72.754.412,04 ;54%
PA;ITUPIRANGA;1503705; 7.095,99 ; 10.194,38 ; 47.477.503,39 ;54%
PA;JACAREACANGA;1503754; 8.009,39 ; 10.194,38 ; 23.420.299,13 ;55%
PA;JACUNDA;1503804; 8.421,74 ; 10.194,38 ; 17.647.477,36 ;52%
PA;JURUTI;1503903; 9.519,05 ; 10.194,38 ; 10.851.989,35 ;63%
PA;LIMOEIRO DO AJURU;1504000; 7.880,26 ; 10.194,38 ; 20.319.206,56 ;55%
PA;MAE DO RIO;1504059; 7.709,10 ; 10.194,38 ; 24.905.466,50 ;56%
PA;MAGALHAES BARATA;1504109; 8.217,41 ; 10.194,38 ; 4.562.275,73 ;43%
PA;MARABA;1504208; 9.108,98 ; 10.194,38 ; 68.788.453,40 ;57%
PA;MARACANA;1504307; 7.490,80 ; 10.194,38 ; 25.041.227,10 ;54%
PA;MARAPANIM;1504406; 7.946,47 ; 10.194,38 ; 14.917.884,01 ;54%
PA;MARITUBA;1504422; 8.697,24 ; 10.194,38 ; 42.268.683,10 ;54%
PA;MEDICILANDIA;1504455; 7.857,77 ; 10.194,38 ; 18.104.246,74 ;59%
PA;MELGACO;1504505; 6.880,41 ; 10.194,38 ; 47.157.575,55 ;59%
PA;MOCAJUBA;1504604; 7.437,28 ; 10.194,38 ; 29.558.632,74 ;51%
PA;MOJU;1504703; 7.444,66 ; 10.194,38 ; 75.833.937,46 ;56%
PA;MOJUI DOS CAMPOS;1504752; 7.427,48 ; 10.194,38 ; 17.710.370,39 ;62%
PA;MONTE ALEGRE;1504802; 7.637,36 ; 10.194,38 ; 48.835.429,37 ;55%
PA;MUANA;1504901; 7.405,52 ; 10.194,38 ; 39.389.942,07 ;61%
PA;NOVA ESPERANCA DO PIRIA;1504950; 7.895,86 ; 10.194,38 ; 15.156.081,62 ;57%
PA;NOVA IPIXUNA;1504976; 8.567,88 ; 10.194,38 ; 5.719.909,22 ;56%
PA;NOVA TIMBOTEUA;1505007; 7.522,24 ; 10.194,38 ; 9.110.291,45 ;52%
PA;NOVO PROGRESSO;1505031; 7.699,38 ; 10.194,38 ; 28.002.657,11 ;50%
PA;NOVO REPARTIMENTO;1505064; 7.570,94 ; 10.194,38 ; 51.850.637,47 ;58%
PA;OBIDOS;1505106; 7.781,75 ; 10.194,38 ; 37.319.715,71 ;58%
PA;OEIRAS DO PARA;1505205; 7.580,50 ; 10.194,38 ; 35.536.046,32 ;57%
PA;ORIXIMINA;1505304; 7.809,93 ; 10.194,38 ; 56.330.861,66 ;58%
PA;OUREM;1505403; 8.180,45 ; 10.194,38 ; 7.403.734,61 ;52%
PA;OURILANDIA DO NORTE;1505437; 9.204,51 ; 10.194,38 ; 9.720.895,01 ;55%
PA;PACAJA;1505486; 7.168,19 ; 10.194,38 ; 51.746.547,99 ;54%
PA;PALESTINA DO PARA;1505494; 8.491,51 ; 10.194,38 ; 3.237.520,00 ;51%
PA;Pará;15; 11.248,58 ; 11.248,58 ; -   ;0%
PA;PARAGOMINAS;1505502; 8.196,72 ; 10.194,38 ; 57.760.624,11 ;57%
PA;PARAUAPEBAS;1505536; 10.648,35 ; 10.648,35 ; -   ;0%
PA;PAU DARCO;1505551; 8.126,46 ; 10.194,38 ; 5.251.691,52 ;51%
PA;PEIXE-BOI;1505601; 8.979,56 ; 10.194,38 ; 3.712.164,95 ;46%
PA;PICARRA;1505635; 6.340,72 ; 10.194,38 ; 23.708.555,53 ;45%
PA;PLACAS;1505650; 6.788,99 ; 10.194,38 ; 36.721.122,32 ;59%
PA;PONTA DE PEDRAS;1505700; 8.208,44 ; 10.194,38 ; 14.037.689,68 ;58%
PA;PORTEL;1505809; 7.216,53 ; 10.194,38 ; 84.994.569,09 ;61%
PA;PORTO DE MOZ;1505908; 7.486,21 ; 10.194,38 ; 58.261.075,69 ;59%
PA;PRAINHA;1506005; 7.734,12 ; 10.194,38 ; 34.099.903,33 ;55%
PA;PRIMAVERA;1506104; 8.895,41 ; 10.194,38 ; 3.017.295,98 ;54%
PA;QUATIPURU;1506112; 8.407,09 ; 10.194,38 ; 3.622.400,59 ;60%
PA;REDENCAO;1506138; 7.974,15 ; 10.194,38 ; 45.903.660,60 ;54%
PA;RIO MARIA;1506161; 8.643,22 ; 10.194,38 ; 6.038.432,55 ;56%
PA;RONDON DO PARA;1506187; 8.557,52 ; 10.194,38 ; 15.016.874,58 ;56%
PA;RUROPOLIS;1506195; 5.802,79 ; 10.194,38 ; 48.868.680,77 ;54%
PA;SALINOPOLIS;1506203; 7.966,21 ; 10.194,38 ; 19.630.138,91 ;56%
PA;SALVATERRA;1506302; 7.517,46 ; 10.194,38 ; 19.402.988,01 ;58%
PA;SANTA BARBARA DO PARA;1506351; 7.819,12 ; 10.194,38 ; 9.109.936,01 ;56%
PA;SANTA CRUZ DO ARARI;1506401; 7.514,27 ; 10.194,38 ; 6.714.813,81 ;53%
PA;SANTA IZABEL DO PARA;1506500; 7.999,32 ; 10.194,38 ; 33.213.482,97 ;57%
PA;SANTA LUZIA DO PARA;1506559; 7.810,50 ; 10.194,38 ; 14.081.177,59 ;60%
PA;SANTA MARIA DAS BARREIRAS;1506583; 7.637,31 ; 10.194,38 ; 14.952.235,44 ;54%
PA;SANTA MARIA DO PARA;1506609; 8.052,47 ; 10.194,38 ; 9.736.404,40 ;54%
PA;SANTANA DO ARAGUAIA;1506708; 7.778,87 ; 10.194,38 ; 46.008.510,24 ;44%
PA;SANTAREM;1506807; 7.739,89 ; 10.194,38 ; 204.148.454,99 ;57%
PA;SANTAREM NOVO;1506906; 7.621,36 ; 10.194,38 ; 5.588.541,54 ;52%
PA;SANTO ANTONIO DO TAUA;1507003; 6.917,23 ; 10.194,38 ; 27.823.943,32 ;58%
PA;SAO CAETANO DE ODIVELAS;1507102; 7.445,99 ; 10.194,38 ; 13.327.733,40 ;54%
PA;SAO DOMINGOS DO ARAGUAIA;1507151; 8.554,14 ; 10.194,38 ; 9.163.286,27 ;55%
PA;SAO DOMINGOS DO CAPIM;1507201; 7.718,90 ; 10.194,38 ; 26.500.859,33 ;52%
PA;SAO FELIX DO XINGU;1507300; 8.232,84 ; 10.194,38 ; 40.241.302,73 ;54%
PA;SAO FRANCISCO DO PARA;1507409; 7.395,82 ; 10.194,38 ; 11.067.657,15 ;62%
PA;SAO GERALDO DO ARAGUAIA;1507458; 7.389,47 ; 10.194,38 ; 22.119.980,58 ;55%
PA;SAO JOAO DE PIRABAS;1507474; 7.616,83 ; 10.194,38 ; 14.895.504,70 ;64%
PA;SAO JOAO DO ARAGUAIA;1507508; 8.281,54 ; 10.194,38 ; 7.827.605,17 ;57%
PA;SAO MIGUEL DO GUAMA;1507607; 7.507,32 ; 10.194,38 ; 49.259.304,48 ;55%
PA;SAO SEBASTIAO DA BOA VISTA;1507706; 7.555,99 ; 10.194,38 ; 24.314.778,12 ;54%
PA;SAPUCAIA;1507755; 7.429,90 ; 10.194,38 ; 7.029.431,63 ;44%
PA;SENADOR JOSE PORFIRIO;1507805; 6.880,38 ; 10.194,38 ; 33.273.278,59 ;55%
PA;SOURE;1507904; 7.929,27 ; 10.194,38 ; 13.453.657,34 ;49%
PA;TAILANDIA;1507953; 7.528,95 ; 10.194,38 ; 60.328.837,53 ;54%
PA;TERRA ALTA;1507961; 7.021,09 ; 10.194,38 ; 8.491.215,33 ;53%
PA;TERRA SANTA;1507979; 7.976,25 ; 10.194,38 ; 13.932.886,32 ;57%
PA;TOME-ACU;1508001; 7.851,84 ; 10.194,38 ; 58.196.608,55 ;56%
PA;TRACUATEUA;1508035; 8.161,41 ; 10.194,38 ; 15.990.377,89 ;62%
PA;TRAIRAO;1508050; 8.191,90 ; 10.194,38 ; 9.992.215,93 ;54%
PA;TUCUMA;1508084; 8.909,47 ; 10.194,38 ; 13.200.292,40 ;50%
PA;TUCURUI;1508100; 6.575,86 ; 10.194,38 ; 109.065.488,52 ;54%
PA;ULIANOPOLIS;1508126; 8.101,84 ; 10.194,38 ; 18.215.055,50 ;52%
PA;URUARA;1508159; 7.457,68 ; 10.194,38 ; 46.203.669,34 ;64%
PA;VIGIA;1508209; 7.279,64 ; 10.194,38 ; 28.640.053,54 ;57%
PA;VISEU;1508308; 7.909,38 ; 10.194,38 ; 47.726.642,47 ;53%
PA;VITORIA DO XINGU;1508357; 9.324,98 ; 10.194,38 ; 5.799.516,00 ;56%
PA;XINGUARA;1508407; 8.228,47 ; 10.194,38 ; 24.289.820,68 ;52%
PB;AGUA BRANCA;2500106; 8.121,25 ; 10.194,38 ; 5.792.919,70 ;44%
PB;AGUIAR;2500205; 7.834,47 ; 10.194,38 ; 4.211.073,65 ;35%
PB;ALAGOA GRANDE;2500304; 7.795,01 ; 10.194,38 ; 13.493.183,33 ;56%
PB;ALAGOA NOVA;2500403; 7.178,93 ; 10.194,38 ; 15.841.325,71 ;56%
PB;ALAGOINHA;2500502; 9.263,37 ; 10.194,38 ; 2.580.243,80 ;56%
PB;ALCANTIL;2500536; 7.919,91 ; 10.194,38 ; 3.708.903,39 ;47%
PB;ALGODAO DE JANDAIRA;2500577; 9.699,89 ; 10.194,38 ; 379.588,70 ;58%
PB;ALHANDRA;2500601; 9.460,13 ; 10.194,38 ; 3.997.087,16 ;53%
PB;AMPARO;2500734; 10.694,38 ; 10.694,38 ; -   ;0%
PB;APARECIDA;2500775; 7.436,66 ; 10.194,38 ; 5.720.501,15 ;54%
PB;ARACAGI;2500809; 8.215,94 ; 10.194,38 ; 8.069.168,42 ;50%
PB;ARARA;2500908; 9.562,05 ; 10.194,38 ; 1.365.452,88 ;55%
PB;ARARUNA;2501005; 7.912,24 ; 10.194,38 ; 10.928.370,01 ;56%
PB;AREIA;2501104; 7.261,61 ; 10.194,38 ; 16.624.721,81 ;55%
PB;AREIA DE BARAUNAS;2501153; 10.841,22 ; 10.841,22 ; -   ;0%
PB;AREIAL;2501203; 7.988,65 ; 10.194,38 ; 4.961.827,03 ;51%
PB;AROEIRAS;2501302; 7.360,31 ; 10.194,38 ; 14.674.100,23 ;50%
PB;ASSUNCAO;2501351; 9.004,62 ; 10.194,38 ; 1.545.606,62 ;48%
PB;BAIA DA TRAICAO;2501401; 5.999,57 ; 10.194,38 ; 19.949.522,12 ;51%
PB;BANANEIRAS;2501500; 8.462,91 ; 10.194,38 ; 8.486.840,90 ;53%
PB;BARAUNA;2501534; 8.796,12 ; 10.194,38 ; 1.812.317,78 ;47%
PB;BARRA DE SANTA ROSA;2501609; 8.274,14 ; 10.194,38 ; 5.924.111,13 ;47%
PB;BARRA DE SANTANA;2501575; 7.020,09 ; 10.194,38 ; 7.766.874,87 ;56%
PB;BARRA DE SAO MIGUEL;2501708; 6.560,43 ; 10.194,38 ; 11.360.037,87 ;41%
PB;BAYEUX;2501807; 9.577,66 ; 10.194,38 ; 6.660.347,98 ;57%
PB;BELEM;2501906; 8.914,07 ; 10.194,38 ; 3.457.518,35 ;57%
PB;BELEM DO BREJO DO CRUZ;2502003; 9.056,32 ; 10.194,38 ; 2.061.443,97 ;46%
PB;BERNARDINO BATISTA;2502052; 8.015,81 ; 10.194,38 ; 4.889.839,09 ;45%
PB;BOA VENTURA;2502102; 9.092,08 ; 10.194,38 ; 1.134.281,24 ;59%
PB;BOA VISTA;2502151; 8.973,69 ; 10.194,38 ; 2.154.936,52 ;55%
PB;BOM JESUS;2502201; 8.137,93 ; 10.194,38 ; 2.294.810,42 ;39%
PB;BOM SUCESSO;2502300; 10.503,68 ; 10.503,68 ; -   ;0%
PB;BONITO DE SANTA FE;2502409; 8.140,57 ; 10.194,38 ; 4.884.157,65 ;53%
PB;BOQUEIRAO;2502508; 8.581,91 ; 10.194,38 ; 5.062.660,00 ;58%
PB;BORBOREMA;2502706; 9.078,31 ; 10.194,38 ; 1.103.125,19 ;56%
PB;BREJO DO CRUZ;2502805; 9.274,46 ; 10.194,38 ; 3.568.980,41 ;47%
PB;BREJO DOS SANTOS;2502904; 9.517,81 ; 10.194,38 ; 787.891,22 ;55%
PB;CAAPORA;2503001; 7.590,79 ; 10.194,38 ; 15.127.935,25 ;53%
PB;CABACEIRAS;2503100; 7.849,21 ; 10.194,38 ; 4.690.509,12 ;53%
PB;CABEDELO;2503209; 12.244,18 ; 12.244,18 ; -   ;0%
PB;CACHOEIRA DOS INDIOS;2503308; 7.477,41 ; 10.194,38 ; 6.196.832,08 ;50%
PB;CACIMBA DE AREIA;2503407; 9.082,67 ; 10.194,38 ; 830.053,21 ;59%
PB;CACIMBA DE DENTRO;2503506; 7.811,90 ; 10.194,38 ; 7.867.037,34 ;52%
PB;CACIMBAS;2503555; 7.480,86 ; 10.194,38 ; 7.670.406,44 ;56%
PB;CAICARA;2503605; 8.288,20 ; 10.194,38 ; 3.309.756,13 ;47%
PB;CAJAZEIRAS;2503704; 7.783,55 ; 10.194,38 ; 31.224.920,38 ;49%
PB;CAJAZEIRINHAS;2503753; 10.144,91 ; 10.194,38 ; 36.533,76 ;36%
PB;CALDAS BRANDAO;2503803; 9.955,05 ; 10.194,38 ; 362.836,12 ;57%
PB;CAMALAU;2503902; 8.254,85 ; 10.194,38 ; 3.053.199,30 ;51%
PB;CAMPINA GRANDE;2504009; 9.027,35 ; 10.194,38 ; 59.896.395,50 ;53%
PB;CAPIM;2504033; 8.244,81 ; 10.194,38 ; 3.640.782,73 ;56%
PB;CARAUBAS;2504074; 10.196,82 ; 10.196,82 ; -   ;0%
PB;CARRAPATEIRA;2504108; 10.055,71 ; 10.194,38 ; 129.316,00 ;45%
PB;CASSERENGUE;2504157; 8.764,38 ; 10.194,38 ; 2.381.935,79 ;56%
PB;CATINGUEIRA;2504207; 9.561,03 ; 10.194,38 ; 688.028,89 ;48%
PB;CATOLE DO ROCHA;2504306; 8.763,74 ; 10.194,38 ; 7.054.615,99 ;53%
PB;CATURITE;2504355; 7.775,64 ; 10.194,38 ; 3.969.119,68 ;52%
PB;CONCEICAO;2504405; 8.148,39 ; 10.194,38 ; 8.038.071,69 ;57%
PB;CONDADO;2504504; 9.843,93 ; 10.194,38 ; 402.816,85 ;61%
PB;CONDE;2504603; 8.986,59 ; 10.194,38 ; 10.456.410,59 ;56%
PB;CONGO;2504702; 8.907,76 ; 10.194,38 ; 1.792.035,94 ;50%
PB;COREMAS;2504801; 8.127,88 ; 10.194,38 ; 5.498.158,47 ;57%
PB;COXIXOLA;2504850; 11.722,59 ; 11.722,59 ; -   ;0%
PB;CRUZ DO ESPIRITO SANTO;2504900; 8.583,47 ; 10.194,38 ; 6.886.474,34 ;55%
PB;CUBATI;2505006; 7.908,39 ; 10.194,38 ; 5.998.877,78 ;49%
PB;CUITE;2505105; 7.530,28 ; 10.194,38 ; 10.764.402,01 ;48%
PB;CUITE DE MAMANGUAPE;2505238; 8.963,87 ; 10.194,38 ; 2.684.528,01 ;46%
PB;CUITEGI;2505204; 8.493,24 ; 10.194,38 ; 2.983.157,36 ;47%
PB;CURRAL DE CIMA;2505279; 7.979,23 ; 10.194,38 ; 4.411.683,69 ;51%
PB;CURRAL VELHO;2505303; 9.054,58 ; 10.194,38 ; 824.778,13 ;32%
PB;DAMIAO;2505352; 8.587,45 ; 10.194,38 ; 2.272.923,89 ;43%
PB;DESTERRO;2505402; 8.694,53 ; 10.194,38 ; 2.363.556,75 ;50%
PB;DIAMANTE;2505600; 7.155,05 ; 10.194,38 ; 3.692.814,71 ;52%
PB;DONA INES;2505709; 8.414,95 ; 10.194,38 ; 4.847.259,46 ;52%
PB;DUAS ESTRADAS;2505808; 10.008,31 ; 10.194,38 ; 171.354,26 ;55%
PB;EMAS;2505907; 9.593,42 ; 10.194,38 ; 483.048,88 ;55%
PB;ESPERANCA;2506004; 7.890,73 ; 10.194,38 ; 20.025.908,22 ;56%
PB;FAGUNDES;2506103; 9.305,97 ; 10.194,38 ; 1.906.522,83 ;54%
PB;FREI MARTINHO;2506202; 9.623,31 ; 10.194,38 ; 334.717,72 ;39%
PB;GADO BRAVO;2506251; 6.835,85 ; 10.194,38 ; 11.614.932,09 ;50%
PB;GUARABIRA;2506301; 8.176,14 ; 10.194,38 ; 17.858.108,47 ;53%
PB;GURINHEM;2506400; 7.146,67 ; 10.194,38 ; 14.503.838,56 ;47%
PB;GURJAO;2506509; 8.841,90 ; 10.194,38 ; 1.268.834,19 ;44%
PB;IBIARA;2506608; 8.187,68 ; 10.194,38 ; 2.183.658,91 ;47%
PB;IGARACY;2502607; 8.770,55 ; 10.194,38 ; 1.658.592,13 ;53%
PB;IMACULADA;2506707; 9.152,00 ; 10.194,38 ; 2.249.343,97 ;53%
PB;INGA;2506806; 7.995,06 ; 10.194,38 ; 9.843.699,15 ;55%
PB;ITABAIANA;2506905; 7.740,18 ; 10.194,38 ; 8.497.901,20 ;50%
PB;ITAPORANGA;2507002; 8.370,76 ; 10.194,38 ; 5.996.880,05 ;55%
PB;ITAPOROROCA;2507101; 8.759,60 ; 10.194,38 ; 7.044.225,85 ;52%
PB;ITATUBA;2507200; 9.049,11 ; 10.194,38 ; 2.478.275,39 ;55%
PB;JACARAU;2507309; 8.456,00 ; 10.194,38 ; 7.821.279,06 ;49%
PB;JERICO;2507408; 8.235,73 ; 10.194,38 ; 3.945.253,82 ;33%
PB;JOAO PESSOA;2507507; 10.273,44 ; 10.273,44 ; -   ;0%
PB;JOCA CLAUDINO;2513653; 7.628,61 ; 10.194,38 ; 3.881.099,34 ;41%
PB;JUAREZ TAVORA;2507606; 8.152,83 ; 10.194,38 ; 3.733.390,16 ;52%
PB;JUAZEIRINHO;2507705; 8.601,21 ; 10.194,38 ; 6.592.202,91 ;58%
PB;JUNCO DO SERIDO;2507804; 8.487,77 ; 10.194,38 ; 2.572.041,74 ;56%
PB;JURIPIRANGA;2507903; 8.476,82 ; 10.194,38 ; 4.963.569,14 ;51%
PB;JURU;2508000; 8.376,99 ; 10.194,38 ; 4.012.532,43 ;55%
PB;LAGOA;2508109; 13.822,44 ; 13.822,44 ; -   ;0%
PB;LAGOA DE DENTRO;2508208; 8.322,11 ; 10.194,38 ; 4.538.739,90 ;51%
PB;LAGOA SECA;2508307; 7.268,27 ; 10.194,38 ; 18.625.730,74 ;53%
PB;LASTRO;2508406; 9.152,40 ; 10.194,38 ; 1.004.745,70 ;58%
PB;LIVRAMENTO;2508505; 8.373,16 ; 10.194,38 ; 3.154.271,30 ;54%
PB;LOGRADOURO;2508554; 7.906,53 ; 10.194,38 ; 3.224.855,64 ;53%
PB;LUCENA;2508604; 7.972,99 ; 10.194,38 ; 7.687.463,09 ;53%
PB;MAE DAGUA;2508703; 9.851,77 ; 10.194,38 ; 271.742,63 ;54%
PB;MALTA;2508802; 7.879,57 ; 10.194,38 ; 3.673.317,95 ;54%
PB;MAMANGUAPE;2508901; 8.131,10 ; 10.194,38 ; 16.031.704,92 ;60%
PB;MANAIRA;2509008; 8.042,21 ; 10.194,38 ; 5.085.258,04 ;49%
PB;MARCACAO;2509057; 7.979,41 ; 10.194,38 ; 6.306.695,94 ;54%
PB;MARI;2509107; 8.710,31 ; 10.194,38 ; 7.925.271,04 ;52%
PB;MARIZOPOLIS;2509156; 7.132,76 ; 10.194,38 ; 7.218.253,66 ;33%
PB;MASSARANDUBA;2509206; 7.489,76 ; 10.194,38 ; 8.248.614,66 ;59%
PB;MATARACA;2509305; 7.830,05 ; 10.194,38 ; 7.236.119,71 ;51%
PB;MATINHAS;2509339; 8.138,80 ; 10.194,38 ; 2.638.239,06 ;50%
PB;MATO GROSSO;2509370; 8.954,99 ; 10.194,38 ; 1.555.195,98 ;32%
PB;MATUREIA;2509396; 7.995,69 ; 10.194,38 ; 3.946.340,45 ;51%
PB;MOGEIRO;2509404; 7.495,50 ; 10.194,38 ; 10.680.860,83 ;53%
PB;MONTADAS;2509503; 7.322,07 ; 10.194,38 ; 4.927.223,26 ;50%
PB;MONTE HOREBE;2509602; 9.823,04 ; 10.194,38 ; 630.282,13 ;53%
PB;MONTEIRO;2509701; 7.811,60 ; 10.194,38 ; 16.687.769,47 ;51%
PB;MULUNGU;2509800; 6.794,66 ; 10.194,38 ; 8.241.810,26 ;58%
PB;NATUBA;2509909; 7.732,88 ; 10.194,38 ; 7.353.666,51 ;48%
PB;NAZAREZINHO;2510006; 9.567,89 ; 10.194,38 ; 909.013,96 ;60%
PB;NOVA FLORESTA;2510105; 7.803,29 ; 10.194,38 ; 4.908.454,47 ;52%
PB;NOVA OLINDA;2510204; 8.449,31 ; 10.194,38 ; 2.864.496,26 ;46%
PB;NOVA PALMEIRA;2510303; 17.737,18 ; 17.737,18 ; -   ;0%
PB;OLHO DAGUA;2510402; 8.196,99 ; 10.194,38 ; 2.715.217,90 ;55%
PB;OLIVEDOS;2510501; 8.608,23 ; 10.194,38 ; 1.639.586,77 ;55%
PB;OURO VELHO;2510600; 10.548,67 ; 10.548,67 ; -   ;0%
PB;Paraíba;25; 11.618,11 ; 11.618,11 ; -   ;0%
PB;PARARI;2510659; 11.263,98 ; 11.263,98 ; -   ;0%
PB;PASSAGEM;2510709; 7.911,63 ; 10.194,38 ; 1.782.253,82 ;56%
PB;PATOS;2510808; 7.872,50 ; 10.194,38 ; 37.469.242,19 ;53%
PB;PAULISTA;2510907; 8.851,67 ; 10.194,38 ; 4.886.364,28 ;50%
PB;PEDRA BRANCA;2511004; 7.906,59 ; 10.194,38 ; 2.537.674,75 ;45%
PB;PEDRA LAVRADA;2511103; 8.594,03 ; 10.194,38 ; 3.446.978,37 ;41%
PB;PEDRAS DE FOGO;2511202; 8.575,21 ; 10.194,38 ; 13.370.658,54 ;56%
PB;PEDRO REGIS;2512721; 8.084,99 ; 10.194,38 ; 3.220.511,59 ;52%
PB;PIANCO;2511301; 7.083,85 ; 10.194,38 ; 6.516.716,88 ;55%
PB;PICUI;2511400; 8.226,77 ; 10.194,38 ; 8.885.873,56 ;48%
PB;PILAR;2511509; 6.845,26 ; 10.194,38 ; 10.771.040,77 ;49%
PB;PILOES;2511608; 7.523,38 ; 10.194,38 ; 5.623.529,33 ;55%
PB;PILOEZINHOS;2511707; 8.648,26 ; 10.194,38 ; 2.176.765,12 ;57%
PB;PIRPIRITUBA;2511806; 8.081,05 ; 10.194,38 ; 3.811.032,32 ;56%
PB;PITIMBU;2511905; 9.323,09 ; 10.194,38 ; 3.932.894,70 ;51%
PB;POCINHOS;2512002; 7.612,54 ; 10.194,38 ; 14.670.086,11 ;54%
PB;POCO DANTAS;2512036; 9.077,09 ; 10.194,38 ; 2.095.151,02 ;38%
PB;POCO DE JOSE DE MOURA;2512077; 6.763,93 ; 10.194,38 ; 9.259.268,41 ;33%
PB;POMBAL;2512101; 7.433,00 ; 10.194,38 ; 20.211.225,67 ;51%
PB;PRATA;2512200; 9.474,43 ; 10.194,38 ; 630.312,17 ;48%
PB;PRINCESA ISABEL;2512309; 8.160,95 ; 10.194,38 ; 7.265.135,52 ;54%
PB;PUXINANA;2512408; 6.625,01 ; 10.194,38 ; 19.146.316,91 ;47%
PB;QUEIMADAS;2512507; 7.277,89 ; 10.194,38 ; 38.023.445,42 ;51%
PB;QUIXABA;2512606; 11.372,14 ; 11.372,14 ; -   ;0%
PB;REMIGIO;2512705; 7.689,65 ; 10.194,38 ; 10.500.293,42 ;52%
PB;RIACHAO;2512747; 9.996,10 ; 10.194,38 ; 168.848,88 ;46%
PB;RIACHAO DO BACAMARTE;2512754; 8.455,16 ; 10.194,38 ; 3.300.837,33 ;45%
PB;RIACHAO DO POCO;2512762; 7.923,46 ; 10.194,38 ; 3.501.786,61 ;50%
PB;RIACHO DE SANTO ANTONIO;2512788; 9.415,73 ; 10.194,38 ; 555.243,34 ;45%
PB;RIACHO DOS CAVALOS;2512804; 7.995,74 ; 10.194,38 ; 6.154.708,37 ;53%
PB;RIO TINTO;2512903; 7.239,44 ; 10.194,38 ; 15.557.914,17 ;51%
PB;SALGADINHO;2513000; 10.183,22 ; 10.194,38 ; 9.039,37 ;53%
PB;SALGADO DE SAO FELIX;2513109; 8.358,57 ; 10.194,38 ; 5.148.763,01 ;42%
PB;SANTA CECILIA;2513158; 8.067,56 ; 10.194,38 ; 4.008.843,16 ;47%
PB;SANTA CRUZ;2513208; 9.569,67 ; 10.194,38 ; 614.287,54 ;58%
PB;SANTA HELENA;2513307; 11.202,77 ; 11.202,77 ; -   ;0%
PB;SANTA INES;2513356; 10.629,22 ; 10.629,22 ; -   ;0%
PB;SANTA LUZIA;2513406; 8.515,09 ; 10.194,38 ; 4.323.275,78 ;52%
PB;SANTA RITA;2513703; 9.416,50 ; 10.194,38 ; 13.748.926,02 ;59%
PB;SANTA TERESINHA;2513802; 10.461,40 ; 10.461,40 ; -   ;0%
PB;SANTANA DE MANGUEIRA;2513505; 7.264,99 ; 10.194,38 ; 3.782.251,69 ;51%
PB;SANTANA DOS GARROTES;2513604; 9.624,72 ; 10.194,38 ; 881.312,39 ;54%
PB;SANTO ANDRE;2513851; 9.918,55 ; 10.194,38 ; 175.856,22 ;47%
PB;SAO BENTINHO;2513927; 8.905,81 ; 10.194,38 ; 1.447.144,36 ;43%
PB;SAO BENTO;2513901; 8.071,01 ; 10.194,38 ; 24.735.186,19 ;50%
PB;SAO DOMINGOS;2513968; 10.521,10 ; 10.521,10 ; -   ;0%
PB;SAO DOMINGOS DO CARIRI;2513943; 8.443,85 ; 10.194,38 ; 1.366.610,93 ;49%
PB;SAO FRANCISCO;2513984; 7.546,58 ; 10.194,38 ; 3.201.917,24 ;48%
PB;SAO JOAO DO CARIRI;2514008; 7.637,62 ; 10.194,38 ; 3.506.564,53 ;50%
PB;SAO JOAO DO RIO DO PEIXE;2500700; 9.798,19 ; 10.194,38 ; 2.251.821,91 ;41%
PB;SAO JOAO DO TIGRE;2514107; 8.872,77 ; 10.194,38 ; 1.486.575,17 ;56%
PB;SAO JOSE DA LAGOA TAPADA;2514206; 7.978,63 ; 10.194,38 ; 4.730.735,71 ;59%
PB;SAO JOSE DE CAIANA;2514305; 9.025,78 ; 10.194,38 ; 1.762.652,81 ;49%
PB;SAO JOSE DE ESPINHARAS;2514404; 9.905,10 ; 10.194,38 ; 218.181,03 ;50%
PB;SAO JOSE DE PIRANHAS;2514503; 9.046,67 ; 10.194,38 ; 5.388.032,31 ;55%
PB;SAO JOSE DE PRINCESA;2514552; 8.284,92 ; 10.194,38 ; 1.361.041,86 ;41%
PB;SAO JOSE DO BONFIM;2514602; 9.287,48 ; 10.194,38 ; 761.687,88 ;50%
PB;SAO JOSE DO BREJO DO CRUZ;2514651; 9.995,88 ; 10.194,38 ; 163.021,40 ;34%
PB;SAO JOSE DO SABUGI;2514701; 9.355,56 ; 10.194,38 ; 895.334,44 ;40%
PB;SAO JOSE DOS CORDEIROS;2514800; 9.650,77 ; 10.194,38 ; 382.819,87 ;53%
PB;SAO JOSE DOS RAMOS;2514453; 8.274,80 ; 10.194,38 ; 4.011.477,14 ;46%
PB;SAO MAMEDE;2514909; 8.308,59 ; 10.194,38 ; 3.035.329,67 ;47%
PB;SAO MIGUEL DE TAIPU;2515005; 8.411,66 ; 10.194,38 ; 3.721.249,80 ;48%
PB;SAO SEBASTIAO DE LAGOA DE ROCA;2515104; 8.436,56 ; 10.194,38 ; 3.669.726,81 ;58%
PB;SAO SEBASTIAO DO UMBUZEIRO;2515203; 8.798,07 ; 10.194,38 ; 1.316.382,13 ;49%
PB;SAO VICENTE DO SERIDO;2515401; 7.322,51 ; 10.194,38 ; 7.905.561,06 ;58%
PB;SAPE;2515302; 8.150,84 ; 10.194,38 ; 18.748.672,42 ;54%
PB;SERRA BRANCA;2515500; 9.315,61 ; 10.194,38 ; 1.543.167,94 ;55%
PB;SERRA DA RAIZ;2515609; 8.244,66 ; 10.194,38 ; 2.152.148,79 ;41%
PB;SERRA GRANDE;2515708; 10.110,88 ; 10.194,38 ; 65.752,55 ;44%
PB;SERRA REDONDA;2515807; 7.130,82 ; 10.194,38 ; 4.455.530,75 ;59%
PB;SERRARIA;2515906; 8.430,80 ; 10.194,38 ; 1.934.522,22 ;53%
PB;SERTAOZINHO;2515930; 8.503,40 ; 10.194,38 ; 2.745.286,00 ;38%
PB;SOBRADO;2515971; 7.491,74 ; 10.194,38 ; 6.853.560,42 ;52%
PB;SOLANEA;2516003; 9.030,14 ; 10.194,38 ; 5.065.143,99 ;56%
PB;SOLEDADE;2516102; 8.036,84 ; 10.194,38 ; 7.471.030,74 ;50%
PB;SOSSEGO;2516151; 8.385,17 ; 10.194,38 ; 2.026.622,66 ;51%
PB;SOUSA;2516201; 8.712,98 ; 10.194,38 ; 11.280.275,63 ;59%
PB;SUME;2516300; 8.221,29 ; 10.194,38 ; 6.398.474,88 ;53%
PB;TACIMA;2516409; 8.997,01 ; 10.194,38 ; 2.226.515,11 ;43%
PB;TAPEROA;2516508; 7.261,38 ; 10.194,38 ; 9.304.923,35 ;54%
PB;TAVARES;2516607; 8.529,20 ; 10.194,38 ; 4.786.779,55 ;52%
PB;TEIXEIRA;2516706; 7.129,14 ; 10.194,38 ; 12.415.003,54 ;52%
PB;TENORIO;2516755; 9.920,41 ; 10.194,38 ; 222.245,87 ;50%
PB;TRIUNFO;2516805; 6.217,64 ; 10.194,38 ; 16.244.825,77 ;32%
PB;UIRAUNA;2516904; 9.408,12 ; 10.194,38 ; 2.911.372,62 ;49%
PB;UMBUZEIRO;2517001; 7.456,56 ; 10.194,38 ; 10.784.139,81 ;45%
PB;VARZEA;2517100; 10.334,83 ; 10.334,83 ; -   ;0%
PB;VIEIROPOLIS;2517209; 5.814,71 ; 10.194,38 ; 6.287.110,88 ;38%
PB;VISTA SERRANA;2505501; 9.660,03 ; 10.194,38 ; 514.810,15 ;58%
PB;ZABELE;2517407; 9.272,21 ; 10.194,38 ; 675.807,41 ;45%
PE;ABREU E LIMA;2600054; 9.360,56 ; 10.194,38 ; 7.178.334,34 ;61%
PE;AFOGADOS DA INGAZEIRA;2600104; 8.525,81 ; 10.194,38 ; 14.115.050,37 ;55%
PE;AFRANIO;2600203; 8.176,07 ; 10.194,38 ; 7.607.225,90 ;58%
PE;AGRESTINA;2600302; 8.823,36 ; 10.194,38 ; 6.366.345,20 ;53%
PE;AGUA PRETA;2600401; 8.659,46 ; 10.194,38 ; 7.549.370,69 ;57%
PE;AGUAS BELAS;2600500; 8.285,74 ; 10.194,38 ; 16.580.675,70 ;62%
PE;ALAGOINHA;2600609; 8.170,78 ; 10.194,38 ; 6.556.758,57 ;54%
PE;ALIANCA;2600708; 8.268,26 ; 10.194,38 ; 13.046.575,10 ;53%
PE;ALTINHO;2600807; 8.510,42 ; 10.194,38 ; 5.141.687,18 ;54%
PE;AMARAJI;2600906; 8.355,00 ; 10.194,38 ; 6.748.665,69 ;55%
PE;ANGELIM;2601003; 8.827,62 ; 10.194,38 ; 3.194.415,66 ;60%
PE;ARACOIABA;2601052; 8.764,47 ; 10.194,38 ; 6.310.533,08 ;55%
PE;ARARIPINA;2601102; 7.890,53 ; 10.194,38 ; 38.884.711,12 ;56%
PE;ARCOVERDE;2601201; 9.232,28 ; 10.194,38 ; 9.054.832,12 ;58%
PE;BARRA DE GUABIRABA;2601300; 8.470,99 ; 10.194,38 ; 4.422.663,81 ;55%
PE;BARREIROS;2601409; 7.590,38 ; 10.194,38 ; 24.410.824,79 ;59%
PE;BELEM DE MARIA;2601508; 8.288,35 ; 10.194,38 ; 5.220.054,65 ;55%
PE;BELEM DO SAO FRANCISCO;2601607; 8.147,00 ; 10.194,38 ; 7.330.796,55 ;53%
PE;BELO JARDIM;2601706; 7.935,89 ; 10.194,38 ; 33.201.717,87 ;54%
PE;BETANIA;2601805; 7.530,26 ; 10.194,38 ; 9.372.844,38 ;49%
PE;BEZERROS;2601904; 8.293,86 ; 10.194,38 ; 16.610.153,16 ;55%
PE;BODOCO;2602001; 8.832,98 ; 10.194,38 ; 9.332.788,23 ;58%
PE;BOM CONSELHO;2602100; 8.469,18 ; 10.194,38 ; 14.702.945,63 ;60%
PE;BOM JARDIM;2602209; 7.999,89 ; 10.194,38 ; 16.076.285,91 ;51%
PE;BONITO;2602308; 8.711,56 ; 10.194,38 ; 10.813.595,34 ;57%
PE;BREJAO;2602407; 7.603,37 ; 10.194,38 ; 7.836.065,80 ;52%
PE;BREJINHO;2602506; 9.557,40 ; 10.194,38 ; 1.169.602,47 ;64%
PE;BREJO DA MADRE DE DEUS;2602605; 8.459,50 ; 10.194,38 ; 17.486.463,37 ;53%
PE;BUENOS AIRES;2602704; 8.434,47 ; 10.194,38 ; 4.634.958,44 ;55%
PE;BUIQUE;2602803; 8.262,55 ; 10.194,38 ; 21.529.285,10 ;60%
PE;CABO DE SANTO AGOSTINHO;2602902; 10.875,98 ; 10.875,98 ; -   ;0%
PE;CABROBO;2603009; 7.800,56 ; 10.194,38 ; 16.748.949,95 ;53%
PE;CACHOEIRINHA;2603108; 7.975,11 ; 10.194,38 ; 7.193.366,75 ;59%
PE;CAETES;2603207; 8.170,96 ; 10.194,38 ; 13.270.932,24 ;61%
PE;CALCADO;2603306; 9.650,24 ; 10.194,38 ; 1.172.141,56 ;51%
PE;CALUMBI;2603405; 7.749,11 ; 10.194,38 ; 4.541.739,58 ;51%
PE;CAMARAGIBE;2603454; 10.532,79 ; 10.532,79 ; -   ;0%
PE;CAMOCIM DE SAO FELIX;2603504; 7.865,16 ; 10.194,38 ; 8.202.741,52 ;50%
PE;CAMUTANGA;2603603; 9.544,24 ; 10.194,38 ; 963.172,25 ;56%
PE;CANHOTINHO;2603702; 8.534,23 ; 10.194,38 ; 8.702.775,47 ;53%
PE;CAPOEIRAS;2603801; 7.944,59 ; 10.194,38 ; 10.438.046,08 ;52%
PE;CARNAIBA;2603900; 7.665,44 ; 10.194,38 ; 14.388.224,12 ;48%
PE;CARNAUBEIRA DA PENHA;2603926; 10.559,76 ; 10.559,76 ; -   ;0%
PE;CARPINA;2604007; 8.879,92 ; 10.194,38 ; 13.943.140,34 ;51%
PE;CARUARU;2604106; 8.468,85 ; 10.194,38 ; 114.710.614,06 ;56%
PE;CASINHAS;2604155; 7.556,51 ; 10.194,38 ; 10.418.162,14 ;51%
PE;CATENDE;2604205; 7.993,02 ; 10.194,38 ; 13.363.294,40 ;56%
PE;CEDRO;2604304; 8.086,76 ; 10.194,38 ; 4.884.025,06 ;54%
PE;CHA DE ALEGRIA;2604403; 7.908,00 ; 10.194,38 ; 6.740.699,04 ;56%
PE;CHA GRANDE;2604502; 8.976,84 ; 10.194,38 ; 7.108.118,66 ;57%
PE;CONDADO;2604601; 8.398,89 ; 10.194,38 ; 8.705.411,36 ;57%
PE;CORRENTES;2604700; 8.595,77 ; 10.194,38 ; 5.556.819,46 ;57%
PE;CORTES;2604809; 9.797,45 ; 10.194,38 ; 956.969,28 ;58%
PE;CUMARU;2604908; 7.769,65 ; 10.194,38 ; 10.136.208,91 ;48%
PE;CUPIRA;2605004; 7.295,75 ; 10.194,38 ; 19.995.567,06 ;53%
PE;CUSTODIA;2605103; 9.184,13 ; 10.194,38 ; 8.806.725,40 ;53%
PE;DORMENTES;2605152; 9.124,93 ; 10.194,38 ; 3.943.110,92 ;59%
PE;ESCADA;2605202; 8.618,20 ; 10.194,38 ; 13.685.659,78 ;54%
PE;EXU;2605301; 7.951,99 ; 10.194,38 ; 15.604.440,71 ;58%
PE;FEIRA NOVA;2605400; 8.272,56 ; 10.194,38 ; 8.043.979,75 ;54%
PE;FERREIROS;2605509; 8.989,56 ; 10.194,38 ; 2.438.086,24 ;48%
PE;FLORES;2605608; 7.952,55 ; 10.194,38 ; 8.892.269,00 ;52%
PE;FLORESTA;2605707; 8.744,71 ; 10.194,38 ; 9.031.770,58 ;50%
PE;FREI MIGUELINHO;2605806; 8.668,32 ; 10.194,38 ; 4.171.044,28 ;53%
PE;GAMELEIRA;2605905; 8.745,82 ; 10.194,38 ; 5.975.058,48 ;53%
PE;GARANHUNS;2606002; 8.905,04 ; 10.194,38 ; 28.987.802,06 ;55%
PE;GLORIA DO GOITA;2606101; 8.547,24 ; 10.194,38 ; 8.845.864,50 ;59%
PE;GOIANA;2606200; 11.679,06 ; 11.679,06 ; -   ;0%
PE;GRANITO;2606309; 7.589,58 ; 10.194,38 ; 5.372.819,89 ;58%
PE;GRAVATA;2606408; 9.680,64 ; 10.194,38 ; 5.694.140,82 ;62%
PE;IATI;2606507; 9.137,29 ; 10.194,38 ; 4.255.433,19 ;57%
PE;IBIMIRIM;2606606; 8.284,50 ; 10.194,38 ; 9.049.709,26 ;60%
PE;IBIRAJUBA;2606705; 9.709,90 ; 10.194,38 ; 730.137,34 ;55%
PE;IGARASSU;2606804; 8.744,02 ; 10.194,38 ; 27.570.621,99 ;60%
PE;IGUARACY;2606903; 9.116,50 ; 10.194,38 ; 2.576.811,37 ;47%
PE;ILHA DE ITAMARACA;2607604; 9.832,53 ; 10.194,38 ; 935.517,60 ;60%
PE;INAJA;2607000; 7.765,28 ; 10.194,38 ; 12.727.719,89 ;55%
PE;INGAZEIRA;2607109; 9.233,89 ; 10.194,38 ; 1.161.891,77 ;50%
PE;IPOJUCA;2607208; 15.429,13 ; 15.429,13 ; -   ;0%
PE;IPUBI;2607307; 7.228,46 ; 10.194,38 ; 26.359.900,82 ;52%
PE;ITACURUBA;2607406; 11.085,89 ; 11.085,89 ; -   ;0%
PE;ITAIBA;2607505; 6.904,89 ; 10.194,38 ; 23.197.283,24 ;57%
PE;ITAMBE;2607653; 9.542,24 ; 10.194,38 ; 3.276.922,96 ;55%
PE;ITAPETIM;2607703; 9.316,47 ; 10.194,38 ; 2.416.438,54 ;53%
PE;ITAPISSUMA;2607752; 9.024,42 ; 10.194,38 ; 6.428.062,57 ;56%
PE;ITAQUITINGA;2607802; 11.041,94 ; 11.041,94 ; -   ;0%
PE;JABOATAO DOS GUARARAPES;2607901; 10.158,78 ; 10.194,38 ; 2.619.265,00 ;61%
PE;JAQUEIRA;2607950; 7.951,95 ; 10.194,38 ; 6.422.144,43 ;52%
PE;JATAUBA;2608008; 8.913,12 ; 10.194,38 ; 5.261.109,40 ;51%
PE;JATOBA;2608057; 10.250,49 ; 10.250,49 ; -   ;0%
PE;JOAO ALFREDO;2608107; 7.690,05 ; 10.194,38 ; 15.072.291,13 ;54%
PE;JOAQUIM NABUCO;2608206; 6.587,34 ; 10.194,38 ; 12.603.354,86 ;51%
PE;JUCATI;2608255; 8.659,97 ; 10.194,38 ; 4.841.184,75 ;51%
PE;JUPI;2608305; 7.575,39 ; 10.194,38 ; 13.495.017,44 ;49%
PE;JUREMA;2608404; 7.519,00 ; 10.194,38 ; 10.829.193,54 ;54%
PE;LAGOA DE ITAENGA;2608503; 8.969,43 ; 10.194,38 ; 4.125.563,21 ;51%
PE;LAGOA DO CARRO;2608453; 8.670,92 ; 10.194,38 ; 5.254.427,69 ;50%
PE;LAGOA DO OURO;2608602; 8.501,01 ; 10.194,38 ; 5.156.577,51 ;49%
PE;LAGOA DOS GATOS;2608701; 8.876,54 ; 10.194,38 ; 4.152.528,17 ;55%
PE;LAGOA GRANDE;2608750; 7.252,40 ; 10.194,38 ; 22.273.446,94 ;51%
PE;LAJEDO;2608800; 8.412,10 ; 10.194,38 ; 17.153.069,76 ;53%
PE;LIMOEIRO;2608909; 8.024,15 ; 10.194,38 ; 18.332.821,60 ;54%
PE;MACAPARANA;2609006; 8.645,61 ; 10.194,38 ; 7.420.274,65 ;50%
PE;MACHADOS;2609105; 8.487,30 ; 10.194,38 ; 4.812.458,13 ;50%
PE;MANARI;2609154; 6.762,61 ; 10.194,38 ; 20.652.590,72 ;57%
PE;MARAIAL;2609204; 8.396,88 ; 10.194,38 ; 4.631.321,93 ;53%
PE;MIRANDIBA;2609303; 8.117,43 ; 10.194,38 ; 7.259.035,22 ;51%
PE;MOREILANDIA;2614303; 8.536,27 ; 10.194,38 ; 3.657.620,29 ;49%
PE;MORENO;2609402; 9.508,83 ; 10.194,38 ; 4.979.898,87 ;62%
PE;NAZARE DA MATA;2609501; 9.098,55 ; 10.194,38 ; 3.831.778,65 ;53%
PE;OLINDA;2609600; 10.386,66 ; 10.386,66 ; -   ;0%
PE;OROBO;2609709; 8.361,26 ; 10.194,38 ; 9.905.054,15 ;52%
PE;OROCO;2609808; 7.917,25 ; 10.194,38 ; 9.096.771,16 ;53%
PE;OURICURI;2609907; 8.814,35 ; 10.194,38 ; 14.928.947,59 ;62%
PE;PALMARES;2610004; 8.182,87 ; 10.194,38 ; 18.924.513,98 ;55%
PE;PALMEIRINA;2610103; 9.186,73 ; 10.194,38 ; 1.537.974,21 ;54%
PE;PANELAS;2610202; 8.671,06 ; 10.194,38 ; 10.921.983,35 ;53%
PE;PARANATAMA;2610301; 8.982,13 ; 10.194,38 ; 3.801.212,74 ;62%
PE;PARNAMIRIM;2610400; 7.981,58 ; 10.194,38 ; 9.577.645,30 ;56%
PE;PASSIRA;2610509; 8.653,40 ; 10.194,38 ; 7.554.611,61 ;54%
PE;PAUDALHO;2610608; 7.830,20 ; 10.194,38 ; 26.764.799,45 ;56%
PE;PAULISTA;2610707; 9.166,01 ; 10.194,38 ; 29.126.814,64 ;60%
PE;PEDRA;2610806; 8.090,81 ; 10.194,38 ; 8.345.199,40 ;54%
PE;Pernambuco;26; 11.056,87 ; 11.056,87 ; -   ;0%
PE;PESQUEIRA;2610905; 8.410,80 ; 10.194,38 ; 21.874.275,01 ;52%
PE;PETROLANDIA;2611002; 8.466,16 ; 10.194,38 ; 13.943.525,21 ;59%
PE;PETROLINA;2611101; 7.659,91 ; 10.194,38 ; 214.856.296,65 ;50%
PE;POCAO;2611200; 8.982,26 ; 10.194,38 ; 2.875.024,35 ;54%
PE;POMBOS;2611309; 10.259,98 ; 10.259,98 ; -   ;0%
PE;PRIMAVERA;2611408; 8.980,20 ; 10.194,38 ; 2.750.514,31 ;52%
PE;QUIPAPA;2611507; 8.692,00 ; 10.194,38 ; 6.087.333,03 ;56%
PE;QUIXABA;2611533; 7.937,76 ; 10.194,38 ; 5.798.469,94 ;55%
PE;RECIFE;2611606; 13.401,40 ; 13.401,40 ; -   ;0%
PE;RIACHO DAS ALMAS;2611705; 7.766,97 ; 10.194,38 ; 13.202.171,44 ;52%
PE;RIBEIRAO;2611804; 9.670,99 ; 10.194,38 ; 2.755.954,80 ;50%
PE;RIO FORMOSO;2611903; 8.582,07 ; 10.194,38 ; 9.126.207,71 ;48%
PE;SAIRE;2612000; 9.082,39 ; 10.194,38 ; 2.170.383,14 ;53%
PE;SALGADINHO;2612109; 10.439,51 ; 10.439,51 ; -   ;0%
PE;SALGUEIRO;2612208; 8.442,24 ; 10.194,38 ; 19.820.342,73 ;54%
PE;SALOA;2612307; 8.146,40 ; 10.194,38 ; 7.542.609,30 ;56%
PE;SANHARO;2612406; 8.143,77 ; 10.194,38 ; 8.745.122,24 ;47%
PE;SANTA CRUZ;2612455; 8.678,24 ; 10.194,38 ; 5.903.423,07 ;48%
PE;SANTA CRUZ DA BAIXA VERDE;2612471; 8.543,43 ; 10.194,38 ; 4.246.272,82 ;56%
PE;SANTA CRUZ DO CAPIBARIBE;2612505; 8.181,59 ; 10.194,38 ; 38.017.724,07 ;55%
PE;SANTA FILOMENA;2612554; 8.450,69 ; 10.194,38 ; 5.303.275,21 ;59%
PE;SANTA MARIA DA BOA VISTA;2612604; 7.306,02 ; 10.194,38 ; 33.265.932,23 ;52%
PE;SANTA MARIA DO CAMBUCA;2612703; 8.585,07 ; 10.194,38 ; 4.463.540,40 ;56%
PE;SANTA TEREZINHA;2612802; 9.437,18 ; 10.194,38 ; 1.600.159,22 ;61%
PE;SAO BENEDITO DO SUL;2612901; 9.051,24 ; 10.194,38 ; 2.763.219,40 ;51%
PE;SAO BENTO DO UNA;2613008; 8.368,74 ; 10.194,38 ; 20.087.046,69 ;58%
PE;SAO CAITANO;2613107; 8.163,58 ; 10.194,38 ; 13.616.805,18 ;59%
PE;SAO JOAO;2613206; 8.583,64 ; 10.194,38 ; 8.579.935,68 ;55%
PE;SAO JOAQUIM DO MONTE;2613305; 8.675,44 ; 10.194,38 ; 6.417.364,23 ;56%
PE;SAO JOSE DA COROA GRANDE;2613404; 8.260,62 ; 10.194,38 ; 9.546.709,30 ;55%
PE;SAO JOSE DO BELMONTE;2613503; 8.643,01 ; 10.194,38 ; 10.117.929,89 ;59%
PE;SAO JOSE DO EGITO;2613602; 7.844,10 ; 10.194,38 ; 14.430.077,59 ;48%
PE;SAO LOURENCO DA MATA;2613701; 8.082,78 ; 10.194,38 ; 33.729.714,23 ;59%
PE;SAO VICENTE FERRER;2613800; 8.800,07 ; 10.194,38 ; 4.505.933,58 ;57%
PE;SERRA TALHADA;2613909; 8.630,63 ; 10.194,38 ; 24.625.919,06 ;57%
PE;SERRITA;2614006; 8.083,69 ; 10.194,38 ; 10.318.569,69 ;51%
PE;SERTANIA;2614105; 8.495,87 ; 10.194,38 ; 9.633.485,08 ;56%
PE;SIRINHAEM;2614204; 9.431,84 ; 10.194,38 ; 6.070.729,91 ;51%
PE;SOLIDAO;2614402; 8.624,40 ; 10.194,38 ; 2.696.891,47 ;55%
PE;SURUBIM;2614501; 7.628,02 ; 10.194,38 ; 23.627.214,85 ;54%
PE;TABIRA;2614600; 8.345,59 ; 10.194,38 ; 10.620.747,86 ;57%
PE;TACAIMBO;2614709; 9.832,66 ; 10.194,38 ; 800.885,15 ;53%
PE;TACARATU;2614808; 9.340,87 ; 10.194,38 ; 3.583.293,85 ;52%
PE;TAMANDARE;2614857; 9.700,93 ; 10.194,38 ; 2.607.027,95 ;56%
PE;TAQUARITINGA DO NORTE;2615003; 9.051,54 ; 10.194,38 ; 5.351.651,71 ;55%
PE;TEREZINHA;2615102; 8.777,15 ; 10.194,38 ; 2.666.906,73 ;55%
PE;TERRA NOVA;2615201; 8.491,53 ; 10.194,38 ; 3.878.786,77 ;50%
PE;TIMBAUBA;2615300; 9.650,71 ; 10.194,38 ; 3.728.789,07 ;51%
PE;TORITAMA;2615409; 7.896,13 ; 10.194,38 ; 23.331.820,19 ;51%
PE;TRACUNHAEM;2615508; 8.573,87 ; 10.194,38 ; 3.694.597,87 ;50%
PE;TRINDADE;2615607; 7.746,27 ; 10.194,38 ; 17.483.931,07 ;52%
PE;TRIUNFO;2615706; 8.777,69 ; 10.194,38 ; 4.745.407,56 ;49%
PE;TUPANATINGA;2615805; 8.286,75 ; 10.194,38 ; 11.481.919,72 ;56%
PE;TUPARETAMA;2615904; 7.713,61 ; 10.194,38 ; 4.949.453,54 ;53%
PE;VENTUROSA;2616001; 8.674,89 ; 10.194,38 ; 4.857.465,94 ;56%
PE;VERDEJANTE;2616100; 8.754,86 ; 10.194,38 ; 3.210.612,44 ;54%
PE;VERTENTE DO LERIO;2616183; 7.616,07 ; 10.194,38 ; 6.137.356,26 ;50%
PE;VERTENTES;2616209; 8.111,37 ; 10.194,38 ; 8.671.171,47 ;55%
PE;VICENCIA;2616308; 7.925,57 ; 10.194,38 ; 14.204.847,83 ;54%
PE;VITORIA DE SANTO ANTAO;2616407; 9.112,22 ; 10.194,38 ; 20.467.227,57 ;60%
PE;XEXEU;2616506; 8.098,64 ; 10.194,38 ; 8.625.964,59 ;49%
PI;ACAUA;2200053; 6.986,30 ; 10.194,38 ; 5.946.250,49 ;54%
PI;AGRICOLANDIA;2200103; 7.094,01 ; 10.194,38 ; 5.163.168,95 ;46%
PI;AGUA BRANCA;2200202; 7.394,04 ; 10.194,38 ; 13.758.206,94 ;52%
PI;ALAGOINHA DO PIAUI;2200251; 6.408,60 ; 10.194,38 ; 5.130.546,31 ;47%
PI;ALEGRETE DO PIAUI;2200277; 7.578,04 ; 10.194,38 ; 3.799.145,51 ;47%
PI;ALTO LONGA;2200301; 7.413,74 ; 10.194,38 ; 7.622.328,66 ;51%
PI;ALTOS;2200400; 6.636,16 ; 10.194,38 ; 50.004.472,69 ;55%
PI;ALVORADA DO GURGUEIA;2200459; 8.023,17 ; 10.194,38 ; 3.614.212,03 ;56%
PI;AMARANTE;2200509; 7.197,87 ; 10.194,38 ; 17.125.928,56 ;52%
PI;ANGICAL DO PIAUI;2200608; 5.189,67 ; 10.194,38 ; 11.334.414,85 ;46%
PI;ANISIO DE ABREU;2200707; 7.384,37 ; 10.194,38 ; 8.546.458,23 ;45%
PI;ANTONIO ALMEIDA;2200806; 8.875,60 ; 10.194,38 ; 1.353.071,81 ;50%
PI;AROAZES;2200905; 7.645,80 ; 10.194,38 ; 4.011.147,57 ;54%
PI;AROEIRAS DO ITAIM;2200954; 6.717,59 ; 10.194,38 ; 4.413.489,37 ;52%
PI;ARRAIAL;2201002; 7.131,11 ; 10.194,38 ; 5.578.798,36 ;36%
PI;ASSUNCAO DO PIAUI;2201051; 7.814,84 ; 10.194,38 ; 6.818.788,62 ;49%
PI;AVELINO LOPES;2201101; 7.697,25 ; 10.194,38 ; 7.597.017,47 ;53%
PI;BAIXA GRANDE DO RIBEIRO;2201150; 7.482,76 ; 10.194,38 ; 16.794.299,75 ;46%
PI;BARRA DALCANTARA;2201176; 8.199,81 ; 10.194,38 ; 2.041.988,90 ;53%
PI;BARRAS;2201200; 6.501,99 ; 10.194,38 ; 67.896.577,90 ;49%
PI;BARREIRAS DO PIAUI;2201309; 8.968,00 ; 10.194,38 ; 1.106.402,18 ;53%
PI;BARRO DURO;2201408; 8.556,35 ; 10.194,38 ; 2.341.094,59 ;51%
PI;BATALHA;2201507; 7.573,53 ; 10.194,38 ; 16.970.753,94 ;54%
PI;BELA VISTA DO PIAUI;2201556; 6.286,00 ; 10.194,38 ; 4.842.068,59 ;55%
PI;BELEM DO PIAUI;2201572; 8.259,44 ; 10.194,38 ; 2.906.307,94 ;34%
PI;BENEDITINOS;2201606; 7.252,52 ; 10.194,38 ; 10.814.941,28 ;51%
PI;BERTOLINIA;2201705; 8.170,70 ; 10.194,38 ; 3.546.158,99 ;47%
PI;BETANIA DO PIAUI;2201739; 6.261,12 ; 10.194,38 ; 11.028.632,55 ;50%
PI;BOA HORA;2201770; 7.860,43 ; 10.194,38 ; 4.799.520,71 ;54%
PI;BOCAINA;2201804; 9.141,25 ; 10.194,38 ; 809.918,13 ;54%
PI;BOM JESUS;2201903; 7.297,30 ; 10.194,38 ; 27.185.518,63 ;52%
PI;BOM PRINCIPIO DO PIAUI;2201919; 7.833,84 ; 10.194,38 ; 3.996.660,98 ;56%
PI;BONFIM DO PIAUI;2201929; 8.236,91 ; 10.194,38 ; 2.889.622,87 ;56%
PI;BOQUEIRAO DO PIAUI;2201945; 7.414,32 ; 10.194,38 ; 5.264.383,91 ;45%
PI;BRASILEIRA;2201960; 7.481,24 ; 10.194,38 ; 7.562.738,91 ;51%
PI;BREJO DO PIAUI;2201988; 7.777,18 ; 10.194,38 ; 3.178.831,66 ;50%
PI;BURITI DOS LOPES;2202000; 6.985,14 ; 10.194,38 ; 21.683.222,98 ;55%
PI;BURITI DOS MONTES;2202026; 7.267,44 ; 10.194,38 ; 10.550.650,64 ;46%
PI;CABECEIRAS DO PIAUI;2202059; 6.723,87 ; 10.194,38 ; 11.707.833,17 ;48%
PI;CAJAZEIRAS DO PIAUI;2202075; 7.748,13 ; 10.194,38 ; 2.719.212,96 ;38%
PI;CAJUEIRO DA PRAIA;2202083; 7.044,68 ; 10.194,38 ; 9.166.160,15 ;46%
PI;CALDEIRAO GRANDE DO PIAUI;2202091; 8.488,49 ; 10.194,38 ; 2.845.901,28 ;46%
PI;CAMPINAS DO PIAUI;2202109; 10.431,66 ; 10.431,66 ; -   ;0%
PI;CAMPO ALEGRE DO FIDALGO;2202117; 7.006,14 ; 10.194,38 ; 6.158.084,14 ;39%
PI;CAMPO GRANDE DO PIAUI;2202133; 6.941,21 ; 10.194,38 ; 5.754.250,13 ;55%
PI;CAMPO LARGO DO PIAUI;2202174; 7.057,84 ; 10.194,38 ; 10.492.418,48 ;32%
PI;CAMPO MAIOR;2202208; 8.151,55 ; 10.194,38 ; 24.766.826,87 ;53%
PI;CANAVIEIRA;2202251; 8.958,36 ; 10.194,38 ; 1.100.476,57 ;52%
PI;CANTO DO BURITI;2202307; 7.190,85 ; 10.194,38 ; 13.686.369,13 ;55%
PI;CAPITAO DE CAMPOS;2202406; 7.636,80 ; 10.194,38 ; 9.658.097,77 ;49%
PI;CAPITAO GERVASIO OLIVEIRA;2202455; 10.114,19 ; 10.194,38 ; 83.781,70 ;51%
PI;CARACOL;2202505; 8.155,94 ; 10.194,38 ; 7.046.688,37 ;53%
PI;CARAUBAS DO PIAUI;2202539; 8.290,95 ; 10.194,38 ; 3.154.066,00 ;53%
PI;CARIDADE DO PIAUI;2202554; 6.231,54 ; 10.194,38 ; 10.658.076,55 ;33%
PI;CASTELO DO PIAUI;2202604; 6.562,38 ; 10.194,38 ; 21.208.577,15 ;53%
PI;CAXINGO;2202653; 6.811,79 ; 10.194,38 ; 6.927.886,30 ;49%
PI;COCAL;2202703; 6.269,21 ; 10.194,38 ; 33.196.607,06 ;54%
PI;COCAL DE TELHA;2202711; 7.748,01 ; 10.194,38 ; 4.484.821,28 ;53%
PI;COCAL DOS ALVES;2202729; 6.042,95 ; 10.194,38 ; 8.600.910,59 ;55%
PI;COIVARAS;2202737; 7.760,55 ; 10.194,38 ; 3.536.284,91 ;56%
PI;COLONIA DO GURGUEIA;2202752; 7.814,31 ; 10.194,38 ; 4.913.992,87 ;45%
PI;COLONIA DO PIAUI;2202778; 7.200,56 ; 10.194,38 ; 6.230.147,40 ;44%
PI;CONCEICAO DO CANINDE;2202802; 6.835,72 ; 10.194,38 ; 5.168.258,21 ;46%
PI;CORONEL JOSE DIAS;2202851; 5.566,87 ; 10.194,38 ; 7.355.446,45 ;46%
PI;CORRENTE;2202901; 8.171,11 ; 10.194,38 ; 12.712.794,05 ;54%
PI;CRISTALANDIA DO PIAUI;2203008; 6.537,56 ; 10.194,38 ; 9.459.205,27 ;50%
PI;CRISTINO CASTRO;2203107; 6.770,37 ; 10.194,38 ; 12.673.090,63 ;51%
PI;CURIMATA;2203206; 6.791,12 ; 10.194,38 ; 12.432.326,94 ;46%
PI;CURRAIS;2203230; 7.533,43 ; 10.194,38 ; 6.997.658,23 ;32%
PI;CURRAL NOVO DO PIAUI;2203271; 6.322,38 ; 10.194,38 ; 9.199.705,97 ;40%
PI;CURRALINHOS;2203255; 7.320,49 ; 10.194,38 ; 4.848.748,23 ;48%
PI;DEMERVAL LOBAO;2203305; 7.159,84 ; 10.194,38 ; 16.419.125,81 ;54%
PI;DIRCEU ARCOVERDE;2203354; 7.763,98 ; 10.194,38 ; 6.521.299,08 ;53%
PI;DOM EXPEDITO LOPES;2203404; 7.010,79 ; 10.194,38 ; 5.391.498,99 ;52%
PI;DOM INOCENCIO;2203453; 7.618,46 ; 10.194,38 ; 6.440.549,92 ;46%
PI;DOMINGOS MOURAO;2203420; 7.600,13 ; 10.194,38 ; 4.715.286,97 ;48%
PI;ELESBAO VELOSO;2203503; 8.259,58 ; 10.194,38 ; 4.858.384,84 ;52%
PI;ELISEU MARTINS;2203602; 8.117,80 ; 10.194,38 ; 1.946.779,08 ;51%
PI;ESPERANTINA;2203701; 6.854,63 ; 10.194,38 ; 39.813.673,51 ;53%
PI;FARTURA DO PIAUI;2203750; 7.143,50 ; 10.194,38 ; 7.001.583,04 ;42%
PI;FLORES DO PIAUI;2203800; 6.880,10 ; 10.194,38 ; 4.251.982,20 ;52%
PI;FLORESTA DO PIAUI;2203859; 8.233,79 ; 10.194,38 ; 1.710.095,89 ;36%
PI;FLORIANO;2203909; 7.913,14 ; 10.194,38 ; 25.294.376,68 ;54%
PI;FRANCINOPOLIS;2204006; 7.783,77 ; 10.194,38 ; 3.338.106,71 ;49%
PI;FRANCISCO AYRES;2204105; 8.631,76 ; 10.194,38 ; 1.614.760,66 ;52%
PI;FRANCISCO MACEDO;2204154; 7.212,09 ; 10.194,38 ; 3.438.666,39 ;32%
PI;FRANCISCO SANTOS;2204204; 6.592,50 ; 10.194,38 ; 6.679.351,83 ;47%
PI;FRONTEIRAS;2204303; 6.773,48 ; 10.194,38 ; 9.924.174,70 ;49%
PI;GEMINIANO;2204352; 4.642,18 ; 10.194,38 ; 11.675.224,23 ;52%
PI;GILBUES;2204402; 7.270,55 ; 10.194,38 ; 10.999.932,40 ;50%
PI;GUADALUPE;2204501; 7.664,07 ; 10.194,38 ; 7.831.368,03 ;50%
PI;GUARIBAS;2204550; 7.686,29 ; 10.194,38 ; 4.273.368,04 ;32%
PI;HUGO NAPOLEAO;2204600; 7.572,18 ; 10.194,38 ; 2.733.184,54 ;45%
PI;ILHA GRANDE;2204659; 8.081,18 ; 10.194,38 ; 5.055.982,86 ;55%
PI;INHUMA;2204709; 6.909,87 ; 10.194,38 ; 9.684.431,70 ;53%
PI;IPIRANGA DO PIAUI;2204808; 6.197,85 ; 10.194,38 ; 11.720.313,29 ;47%
PI;ISAIAS COELHO;2204907; 6.997,72 ; 10.194,38 ; 7.312.356,99 ;56%
PI;ITAINOPOLIS;2205003; 6.899,14 ; 10.194,38 ; 7.570.033,56 ;54%
PI;ITAUEIRA;2205102; 9.194,27 ; 10.194,38 ; 1.598.678,74 ;59%
PI;JACOBINA DO PIAUI;2205151; 7.786,46 ; 10.194,38 ; 7.351.636,38 ;35%
PI;JAICOS;2205201; 7.574,74 ; 10.194,38 ; 10.509.260,22 ;53%
PI;JARDIM DO MULATO;2205250; 8.373,77 ; 10.194,38 ; 2.049.000,36 ;56%
PI;JATOBA DO PIAUI;2205276; 5.954,43 ; 10.194,38 ; 7.941.661,74 ;55%
PI;JERUMENHA;2205300; 7.622,80 ; 10.194,38 ; 3.399.220,47 ;53%
PI;JOAO COSTA;2205359; 7.225,77 ; 10.194,38 ; 2.811.150,18 ;60%
PI;JOAQUIM PIRES;2205409; 7.657,22 ; 10.194,38 ; 9.789.410,77 ;54%
PI;JOCA MARQUES;2205458; 6.161,74 ; 10.194,38 ; 10.793.027,98 ;42%
PI;JOSE DE FREITAS;2205508; 7.414,89 ; 10.194,38 ; 25.542.453,87 ;56%
PI;JUAZEIRO DO PIAUI;2205516; 6.817,94 ; 10.194,38 ; 6.575.223,57 ;48%
PI;JULIO BORGES;2205524; 7.105,48 ; 10.194,38 ; 6.489.132,07 ;44%
PI;JUREMA;2205532; 9.552,32 ; 10.194,38 ; 897.235,74 ;52%
PI;LAGOA ALEGRE;2205557; 6.768,86 ; 10.194,38 ; 11.495.776,74 ;57%
PI;LAGOA DE SAO FRANCISCO;2205573; 7.011,56 ; 10.194,38 ; 7.757.335,67 ;52%
PI;LAGOA DO BARRO DO PIAUI;2205565; 12.220,88 ; 12.220,88 ; -   ;0%
PI;LAGOA DO PIAUI;2205581; 6.238,46 ; 10.194,38 ; 6.722.442,30 ;49%
PI;LAGOA DO SITIO;2205599; 8.716,21 ; 10.194,38 ; 1.709.577,96 ;44%
PI;LAGOINHA DO PIAUI;2205540; 8.466,06 ; 10.194,38 ; 1.381.480,57 ;54%
PI;LANDRI SALES;2205607; 8.298,41 ; 10.194,38 ; 3.756.837,60 ;51%
PI;LUIS CORREIA;2205706; 7.818,03 ; 10.194,38 ; 17.064.384,93 ;55%
PI;LUZILANDIA;2205805; 7.873,79 ; 10.194,38 ; 18.751.212,78 ;50%
PI;MADEIRO;2205854; 9.232,84 ; 10.194,38 ; 2.766.117,49 ;50%
PI;MANOEL EMIDIO;2205904; 5.829,02 ; 10.194,38 ; 7.250.088,46 ;43%
PI;MARCOLANDIA;2205953; 7.892,28 ; 10.194,38 ; 6.832.995,61 ;53%
PI;MARCOS PARENTE;2206001; 8.097,00 ; 10.194,38 ; 2.562.180,58 ;52%
PI;MASSAPE DO PIAUI;2206050; 6.899,20 ; 10.194,38 ; 5.988.314,86 ;46%
PI;MATIAS OLIMPIO;2206100; 7.217,93 ; 10.194,38 ; 9.250.809,65 ;51%
PI;MIGUEL ALVES;2206209; 6.454,37 ; 10.194,38 ; 54.251.739,85 ;56%
PI;MIGUEL LEAO;2206308; 11.048,91 ; 11.048,91 ; -   ;0%
PI;MILTON BRANDAO;2206357; 8.824,97 ; 10.194,38 ; 1.892.129,49 ;57%
PI;MONSENHOR GIL;2206407; 5.922,47 ; 10.194,38 ; 15.154.772,91 ;53%
PI;MONSENHOR HIPOLITO;2206506; 6.538,13 ; 10.194,38 ; 9.771.451,72 ;48%
PI;MONTE ALEGRE DO PIAUI;2206605; 7.614,60 ; 10.194,38 ; 8.492.772,69 ;52%
PI;MORRO CABECA NO TEMPO;2206654; 7.281,10 ; 10.194,38 ; 5.354.332,99 ;40%
PI;MORRO DO CHAPEU DO PIAUI;2206670; 7.009,76 ; 10.194,38 ; 8.449.613,57 ;54%
PI;MURICI DOS PORTELAS;2206696; 7.484,33 ; 10.194,38 ; 6.622.950,26 ;49%
PI;NAZARE DO PIAUI;2206704; 8.200,27 ; 10.194,38 ; 3.060.943,67 ;58%
PI;NAZARIA;2206720; 8.221,70 ; 10.194,38 ; 5.217.681,62 ;57%
PI;NOSSA SENHORA DE NAZARE;2206753; 8.416,61 ; 10.194,38 ; 4.707.746,40 ;55%
PI;NOSSA SENHORA DOS REMEDIOS;2206803; 8.025,93 ; 10.194,38 ; 10.911.143,54 ;42%
PI;NOVA SANTA RITA;2207959; 7.644,16 ; 10.194,38 ; 2.828.785,80 ;47%
PI;NOVO ORIENTE DO PIAUI;2206902; 7.786,91 ; 10.194,38 ; 2.948.554,05 ;54%
PI;NOVO SANTO ANTONIO;2206951; 7.756,72 ; 10.194,38 ; 2.593.973,22 ;52%
PI;OEIRAS;2207009; 7.640,52 ; 10.194,38 ; 21.072.067,07 ;50%
PI;OLHO DAGUA DO PIAUI;2207108; 9.273,83 ; 10.194,38 ; 749.459,95 ;51%
PI;PADRE MARCOS;2207207; 7.307,65 ; 10.194,38 ; 6.652.019,34 ;36%
PI;PAES LANDIM;2207306; 8.438,15 ; 10.194,38 ; 2.156.073,32 ;53%
PI;PAJEU DO PIAUI;2207355; 8.895,45 ; 10.194,38 ; 928.589,83 ;51%
PI;PALMEIRA DO PIAUI;2207405; 7.362,74 ; 10.194,38 ; 4.999.894,50 ;51%
PI;PALMEIRAIS;2207504; 8.175,66 ; 10.194,38 ; 8.449.447,08 ;50%
PI;PAQUETA;2207553; 10.004,52 ; 10.194,38 ; 323.868,13 ;56%
PI;PARNAGUA;2207603; 7.701,46 ; 10.194,38 ; 6.746.126,11 ;60%
PI;PARNAIBA;2207702; 7.787,66 ; 10.194,38 ; 63.487.274,54 ;57%
PI;PASSAGEM FRANCA DO PIAUI;2207751; 6.969,65 ; 10.194,38 ; 5.846.693,63 ;47%
PI;PATOS DO PIAUI;2207777; 7.100,70 ; 10.194,38 ; 5.810.410,84 ;40%
PI;PAU DARCO DO PIAUI;2207793; 7.936,23 ; 10.194,38 ; 2.365.106,72 ;44%
PI;PAULISTANA;2207801; 7.677,22 ; 10.194,38 ; 14.395.708,41 ;51%
PI;PAVUSSU;2207850; 7.811,18 ; 10.194,38 ; 2.598.810,91 ;54%
PI;PEDRO II;2207900; 7.509,94 ; 10.194,38 ; 23.210.571,34 ;56%
PI;PEDRO LAURENTINO;2207934; 9.632,26 ; 10.194,38 ; 327.425,98 ;57%
PI;Piauí;22; 8.373,56 ; 10.194,38 ; 758.835.285,05 ;0%
PI;PICOS;2208007; 7.120,55 ; 10.194,38 ; 40.722.840,79 ;53%
PI;PIMENTEIRAS;2208106; 7.683,98 ; 10.194,38 ; 5.745.786,65 ;52%
PI;PIO IX;2208205; 7.388,35 ; 10.194,38 ; 13.092.488,54 ;52%
PI;PIRACURUCA;2208304; 6.611,80 ; 10.194,38 ; 24.434.510,44 ;55%
PI;PIRIPIRI;2208403; 7.048,88 ; 10.194,38 ; 50.008.241,02 ;51%
PI;PORTO;2208502; 5.734,93 ; 10.194,38 ; 28.152.293,05 ;42%
PI;PORTO ALEGRE DO PIAUI;2208551; 8.327,45 ; 10.194,38 ; 1.497.043,57 ;57%
PI;PRATA DO PIAUI;2208601; 8.762,37 ; 10.194,38 ; 1.322.467,27 ;52%
PI;QUEIMADA NOVA;2208650; 7.000,03 ; 10.194,38 ; 8.700.894,43 ;50%
PI;REDENCAO DO GURGUEIA;2208700; 6.939,46 ; 10.194,38 ; 9.572.823,87 ;55%
PI;REGENERACAO;2208809; 5.918,44 ; 10.194,38 ; 24.006.105,10 ;56%
PI;RIACHO FRIO;2208858; 7.954,69 ; 10.194,38 ; 5.751.050,89 ;50%
PI;RIBEIRA DO PIAUI;2208874; 7.920,31 ; 10.194,38 ; 2.740.599,01 ;47%
PI;RIBEIRO GONCALVES;2208908; 10.529,60 ; 10.529,60 ; -   ;0%
PI;RIO GRANDE DO PIAUI;2209005; 7.171,06 ; 10.194,38 ; 4.794.040,29 ;53%
PI;SANTA CRUZ DO PIAUI;2209104; 6.802,64 ; 10.194,38 ; 6.471.077,55 ;45%
PI;SANTA CRUZ DOS MILAGRES;2209153; 8.730,80 ; 10.194,38 ; 1.439.312,22 ;46%
PI;SANTA FILOMENA;2209203; 8.854,54 ; 10.194,38 ; 2.306.023,94 ;47%
PI;SANTA LUZ;2209302; 7.390,09 ; 10.194,38 ; 4.770.784,22 ;56%
PI;SANTA ROSA DO PIAUI;2209377; 6.707,47 ; 10.194,38 ; 4.659.234,81 ;44%
PI;SANTANA DO PIAUI;2209351; 8.075,78 ; 10.194,38 ; 2.479.451,77 ;56%
PI;SANTO ANTONIO DE LISBOA;2209401; 7.273,02 ; 10.194,38 ; 3.348.255,25 ;59%
PI;SANTO ANTONIO DOS MILAGRES;2209450; 11.289,16 ; 11.289,16 ; -   ;0%
PI;SANTO INACIO DO PIAUI;2209500; 7.920,54 ; 10.194,38 ; 2.880.999,50 ;38%
PI;SAO BRAZ DO PIAUI;2209559; 7.663,70 ; 10.194,38 ; 3.591.463,66 ;47%
PI;SAO FELIX DO PIAUI;2209609; 8.990,07 ; 10.194,38 ; 1.054.760,91 ;32%
PI;SAO FRANCISCO DE ASSIS DO PIAUI;2209658; 7.505,12 ; 10.194,38 ; 4.765.102,91 ;50%
PI;SAO FRANCISCO DO PIAUI;2209708; 8.971,77 ; 10.194,38 ; 1.670.750,20 ;51%
PI;SAO GONCALO DO GURGUEIA;2209757; 7.928,74 ; 10.194,38 ; 2.438.913,41 ;57%
PI;SAO GONCALO DO PIAUI;2209807; 7.195,25 ; 10.194,38 ; 3.441.778,39 ;49%
PI;SAO JOAO DA CANABRAVA;2209856; 9.285,29 ; 10.194,38 ; 1.574.348,03 ;49%
PI;SAO JOAO DA FRONTEIRA;2209872; 6.016,62 ; 10.194,38 ; 8.292.118,20 ;47%
PI;SAO JOAO DA SERRA;2209906; 7.422,57 ; 10.194,38 ; 3.488.219,96 ;57%
PI;SAO JOAO DA VARJOTA;2209955; 6.076,37 ; 10.194,38 ; 7.276.200,90 ;48%
PI;SAO JOAO DO ARRAIAL;2209971; 7.446,24 ; 10.194,38 ; 9.800.292,75 ;48%
PI;SAO JOAO DO PIAUI;2210003; 7.126,25 ; 10.194,38 ; 18.677.278,48 ;54%
PI;SAO JOSE DO DIVINO;2210052; 7.196,57 ; 10.194,38 ; 4.496.495,58 ;50%
PI;SAO JOSE DO PEIXE;2210102; 8.937,90 ; 10.194,38 ; 1.142.115,85 ;49%
PI;SAO JOSE DO PIAUI;2210201; 7.588,37 ; 10.194,38 ; 3.295.236,38 ;60%
PI;SAO JULIAO;2210300; 3.964,62 ; 10.194,38 ; 13.842.072,09 ;49%
PI;SAO LOURENCO DO PIAUI;2210359; 10.268,75 ; 10.268,75 ; -   ;0%
PI;SAO LUIS DO PIAUI;2210375; 7.610,64 ; 10.194,38 ; 1.881.196,36 ;46%
PI;SAO MIGUEL DA BAIXA GRANDE;2210383; 8.996,22 ; 10.194,38 ; 742.493,59 ;50%
PI;SAO MIGUEL DO FIDALGO;2210391; 8.070,49 ; 10.194,38 ; 1.985.901,41 ;55%
PI;SAO MIGUEL DO TAPUIO;2210409; 7.046,49 ; 10.194,38 ; 20.420.450,33 ;49%
PI;SAO PEDRO DO PIAUI;2210508; 6.958,39 ; 10.194,38 ; 15.373.865,55 ;46%
PI;SAO RAIMUNDO NONATO;2210607; 7.460,66 ; 10.194,38 ; 25.792.298,69 ;53%
PI;SEBASTIAO BARROS;2210623; 8.109,81 ; 10.194,38 ; 3.002.253,50 ;56%
PI;SEBASTIAO LEAL;2210631; 9.314,59 ; 10.194,38 ; 1.119.850,09 ;42%
PI;SIGEFREDO PACHECO;2210656; 8.350,60 ; 10.194,38 ; 3.656.067,29 ;52%
PI;SIMOES;2210706; 7.561,54 ; 10.194,38 ; 13.270.432,80 ;54%
PI;SIMPLICIO MENDES;2210805; 7.134,66 ; 10.194,38 ; 11.170.929,12 ;49%
PI;SOCORRO DO PIAUI;2210904; 7.143,73 ; 10.194,38 ; 4.644.229,83 ;42%
PI;SUSSUAPARA;2210938; 6.536,07 ; 10.194,38 ; 6.467.448,75 ;52%
PI;TAMBORIL DO PIAUI;2210953; 7.885,43 ; 10.194,38 ; 2.451.281,67 ;54%
PI;TANQUE DO PIAUI;2210979; 8.749,70 ; 10.194,38 ; 1.076.270,03 ;58%
PI;TERESINA;2211001; 10.340,70 ; 10.340,70 ; -   ;0%
PI;UNIAO;2211100; 7.636,09 ; 10.194,38 ; 34.820.846,67 ;55%
PI;URUCUI;2211209; 10.042,21 ; 10.194,38 ; 806.636,46 ;53%
PI;VALENCA DO PIAUI;2211308; 6.122,41 ; 10.194,38 ; 20.414.074,59 ;51%
PI;VARZEA BRANCA;2211357; 7.284,88 ; 10.194,38 ; 5.010.454,20 ;50%
PI;VARZEA GRANDE;2211407; 6.670,85 ; 10.194,38 ; 5.744.418,81 ;41%
PI;VERA MENDES;2211506; 6.982,45 ; 10.194,38 ; 4.781.392,87 ;43%
PI;VILA NOVA DO PIAUI;2211605; 5.109,80 ; 10.194,38 ; 8.845.819,74 ;42%
PI;WALL FERRAZ;2211704; 6.994,03 ; 10.194,38 ; 7.391.497,28 ;32%
PR;ABATIA;4100103; 11.490,31 ; 11.490,31 ; -   ;0%
PR;ADRIANOPOLIS;4100202; 12.339,85 ; 12.339,85 ; -   ;0%
PR;AGUDOS DO SUL;4100301; 9.679,95 ; 10.194,38 ; 814.673,80 ;53%
PR;ALMIRANTE TAMANDARE;4100400; 10.566,31 ; 10.566,31 ; -   ;0%
PR;ALTAMIRA DO PARANA;4100459; 12.870,08 ; 12.870,08 ; -   ;0%
PR;ALTO PARAISO;4128625; 14.296,75 ; 14.296,75 ; -   ;0%
PR;ALTO PARANA;4100608; 10.912,64 ; 10.912,64 ; -   ;0%
PR;ALTO PIQUIRI;4100707; 10.488,31 ; 10.488,31 ; -   ;0%
PR;ALTONIA;4100509; 10.435,65 ; 10.435,65 ; -   ;0%
PR;ALVORADA DO SUL;4100806; 11.385,76 ; 11.385,76 ; -   ;0%
PR;AMAPORA;4100905; 11.768,51 ; 11.768,51 ; -   ;0%
PR;AMPERE;4101002; 10.225,39 ; 10.225,39 ; -   ;0%
PR;ANAHY;4101051; 13.153,38 ; 13.153,38 ; -   ;0%
PR;ANDIRA;4101101; 11.110,62 ; 11.110,62 ; -   ;0%
PR;ANGULO;4101150; 11.477,22 ; 11.477,22 ; -   ;0%
PR;ANTONINA;4101200; 14.029,45 ; 14.029,45 ; -   ;0%
PR;ANTONIO OLINTO;4101309; 11.512,57 ; 11.512,57 ; -   ;0%
PR;APUCARANA;4101408; 10.271,61 ; 10.271,61 ; -   ;0%
PR;ARAPONGAS;4101507; 11.458,51 ; 11.458,51 ; -   ;0%
PR;ARAPOTI;4101606; 10.367,60 ; 10.367,60 ; -   ;0%
PR;ARAPUA;4101655; 12.867,28 ; 12.867,28 ; -   ;0%
PR;ARARUNA;4101705; 11.057,41 ; 11.057,41 ; -   ;0%
PR;ARAUCARIA;4101804; 14.192,98 ; 14.192,98 ; -   ;0%
PR;ARIRANHA DO IVAI;4101853; 16.470,40 ; 16.470,40 ; -   ;0%
PR;ASSAI;4101903; 11.920,91 ; 11.920,91 ; -   ;0%
PR;ASSIS CHATEAUBRIAND;4102000; 10.415,63 ; 10.415,63 ; -   ;0%
PR;ASTORGA;4102109; 11.343,05 ; 11.343,05 ; -   ;0%
PR;ATALAIA;4102208; 9.590,55 ; 10.194,38 ; 502.357,81 ;46%
PR;BALSA NOVA;4102307; 10.909,26 ; 10.909,26 ; -   ;0%
PR;BANDEIRANTES;4102406; 10.251,23 ; 10.251,23 ; -   ;0%
PR;BARBOSA FERRAZ;4102505; 11.585,28 ; 11.585,28 ; -   ;0%
PR;BARRA DO JACARE;4102703; 12.527,26 ; 12.527,26 ; -   ;0%
PR;BARRACAO;4102604; 11.168,96 ; 11.168,96 ; -   ;0%
PR;BELA VISTA DA CAROBA;4102752; 10.388,37 ; 10.388,37 ; -   ;0%
PR;BELA VISTA DO PARAISO;4102802; 10.397,32 ; 10.397,32 ; -   ;0%
PR;BITURUNA;4102901; 9.435,42 ; 10.194,38 ; 2.212.873,75 ;51%
PR;BOA ESPERANCA;4103008; 13.679,52 ; 13.679,52 ; -   ;0%
PR;BOA ESPERANCA DO IGUACU;4103024; 14.650,91 ; 14.650,91 ; -   ;0%
PR;BOA VENTURA DE SAO ROQUE;4103040; 11.808,00 ; 11.808,00 ; -   ;0%
PR;BOA VISTA DA APARECIDA;4103057; 10.690,86 ; 10.690,86 ; -   ;0%
PR;BOCAIUVA DO SUL;4103107; 10.385,95 ; 10.385,95 ; -   ;0%
PR;BOM JESUS DO SUL;4103156; 9.248,84 ; 10.194,38 ; 954.350,73 ;47%
PR;BOM SUCESSO;4103206; 10.693,98 ; 10.693,98 ; -   ;0%
PR;BOM SUCESSO DO SUL;4103222; 13.432,59 ; 13.432,59 ; -   ;0%
PR;BORRAZOPOLIS;4103305; 11.992,83 ; 11.992,83 ; -   ;0%
PR;BRAGANEY;4103354; 10.078,71 ; 10.194,38 ; 108.961,38 ;43%
PR;BRASILANDIA DO SUL;4103370; 11.656,26 ; 11.656,26 ; -   ;0%
PR;CAFEARA;4103404; 13.089,48 ; 13.089,48 ; -   ;0%
PR;CAFELANDIA;4103453; 9.769,46 ; 10.194,38 ; 1.563.427,23 ;46%
PR;CAFEZAL DO SUL;4103479; 11.235,17 ; 11.235,17 ; -   ;0%
PR;CALIFORNIA;4103503; 9.363,26 ; 10.194,38 ; 1.287.443,06 ;48%
PR;CAMBARA;4103602; 11.520,42 ; 11.520,42 ; -   ;0%
PR;CAMBE;4103701; 11.151,63 ; 11.151,63 ; -   ;0%
PR;CAMBIRA;4103800; 10.372,44 ; 10.372,44 ; -   ;0%
PR;CAMPINA DA LAGOA;4103909; 9.791,33 ; 10.194,38 ; 1.063.031,20 ;49%
PR;CAMPINA DO SIMAO;4103958; 11.529,05 ; 11.529,05 ; -   ;0%
PR;CAMPINA GRANDE DO SUL;4104006; 11.320,89 ; 11.320,89 ; -   ;0%
PR;CAMPO BONITO;4104055; 11.848,92 ; 11.848,92 ; -   ;0%
PR;CAMPO DO TENENTE;4104105; 10.375,78 ; 10.375,78 ; -   ;0%
PR;CAMPO LARGO;4104204; 10.820,03 ; 10.820,03 ; -   ;0%
PR;CAMPO MAGRO;4104253; 10.440,39 ; 10.440,39 ; -   ;0%
PR;CAMPO MOURAO;4104303; 12.190,70 ; 12.190,70 ; -   ;0%
PR;CANDIDO DE ABREU;4104402; 11.499,25 ; 11.499,25 ; -   ;0%
PR;CANDOI;4104428; 11.129,99 ; 11.129,99 ; -   ;0%
PR;CANTAGALO;4104451; 9.570,76 ; 10.194,38 ; 1.322.605,22 ;49%
PR;CAPANEMA;4104501; 10.188,40 ; 10.194,38 ; 19.292,20 ;42%
PR;CAPITAO LEONIDAS MARQUES;4104600; 10.815,32 ; 10.815,32 ; -   ;0%
PR;CARAMBEI;4104659; 11.314,99 ; 11.314,99 ; -   ;0%
PR;CARLOPOLIS;4104709; 10.286,79 ; 10.286,79 ; -   ;0%
PR;CASCAVEL;4104808; 11.144,31 ; 11.144,31 ; -   ;0%
PR;CASTRO;4104907; 10.844,43 ; 10.844,43 ; -   ;0%
PR;CATANDUVAS;4105003; 10.957,85 ; 10.957,85 ; -   ;0%
PR;CENTENARIO DO SUL;4105102; 10.080,13 ; 10.194,38 ; 197.057,38 ;48%
PR;CEU AZUL;4105300; 11.044,18 ; 11.044,18 ; -   ;0%
PR;CHOPINZINHO;4105409; 11.010,80 ; 11.010,80 ; -   ;0%
PR;CIANORTE;4105508; 11.310,60 ; 11.310,60 ; -   ;0%
PR;CIDADE GAUCHA;4105607; 10.090,79 ; 10.194,38 ; 204.850,88 ;47%
PR;CLEVELANDIA;4105706; 10.378,25 ; 10.378,25 ; -   ;0%
PR;COLOMBO;4105805; 9.972,27 ; 10.194,38 ; 7.361.009,64 ;51%
PR;COLORADO;4105904; 11.106,12 ; 11.106,12 ; -   ;0%
PR;CONGONHINHAS;4106001; 10.823,12 ; 10.823,12 ; -   ;0%
PR;CONSELHEIRO MAIRINCK;4106100; 12.591,31 ; 12.591,31 ; -   ;0%
PR;CONTENDA;4106209; 10.479,12 ; 10.479,12 ; -   ;0%
PR;CORBELIA;4106308; 10.193,98 ; 10.194,38 ; 1.232,59 ;40%
PR;CORNELIO PROCOPIO;4106407; 12.890,32 ; 12.890,32 ; -   ;0%
PR;CORONEL DOMINGOS SOARES;4106456; 11.040,24 ; 11.040,24 ; -   ;0%
PR;CORONEL VIVIDA;4106506; 11.231,03 ; 11.231,03 ; -   ;0%
PR;CORUMBATAI DO SUL;4106555; 12.341,31 ; 12.341,31 ; -   ;0%
PR;CRUZ MACHADO;4106803; 11.348,87 ; 11.348,87 ; -   ;0%
PR;CRUZEIRO DO IGUACU;4106571; 12.604,71 ; 12.604,71 ; -   ;0%
PR;CRUZEIRO DO OESTE;4106605; 10.360,34 ; 10.360,34 ; -   ;0%
PR;CRUZEIRO DO SUL;4106704; 12.251,17 ; 12.251,17 ; -   ;0%
PR;CRUZMALTINA;4106852; 13.401,40 ; 13.401,40 ; -   ;0%
PR;CURITIBA;4106902; 17.603,13 ; 17.603,13 ; -   ;0%
PR;CURIUVA;4107009; 11.050,66 ; 11.050,66 ; -   ;0%
PR;DIAMANTE DO NORTE;4107108; 12.895,32 ; 12.895,32 ; -   ;0%
PR;DIAMANTE DO SUL;4107124; 10.725,17 ; 10.725,17 ; -   ;0%
PR;DIAMANTE DOESTE;4107157; 11.474,84 ; 11.474,84 ; -   ;0%
PR;DOIS VIZINHOS;4107207; 10.363,17 ; 10.363,17 ; -   ;0%
PR;DOURADINA;4107256; 11.103,03 ; 11.103,03 ; -   ;0%
PR;DOUTOR CAMARGO;4107306; 11.186,18 ; 11.186,18 ; -   ;0%
PR;DOUTOR ULYSSES;4128633; 9.842,65 ; 10.194,38 ; 318.003,86 ;59%
PR;ENEAS MARQUES;4107405; 12.301,61 ; 12.301,61 ; -   ;0%
PR;ENGENHEIRO BELTRAO;4107504; 10.906,92 ; 10.906,92 ; -   ;0%
PR;ENTRE RIOS DO OESTE;4107538; 10.977,51 ; 10.977,51 ; -   ;0%
PR;ESPERANCA NOVA;4107520; 16.835,06 ; 16.835,06 ; -   ;0%
PR;ESPIGAO ALTO DO IGUACU;4107546; 12.653,49 ; 12.653,49 ; -   ;0%
PR;FAROL;4107553; 15.744,73 ; 15.744,73 ; -   ;0%
PR;FAXINAL;4107603; 12.080,62 ; 12.080,62 ; -   ;0%
PR;FAZENDA RIO GRANDE;4107652; 10.053,46 ; 10.194,38 ; 3.122.670,89 ;55%
PR;FENIX;4107702; 11.883,32 ; 11.883,32 ; -   ;0%
PR;FERNANDES PINHEIRO;4107736; 11.835,86 ; 11.835,86 ; -   ;0%
PR;FIGUEIRA;4107751; 11.893,91 ; 11.893,91 ; -   ;0%
PR;FLOR DA SERRA DO SUL;4107850; 11.118,94 ; 11.118,94 ; -   ;0%
PR;FLORAI;4107801; 11.698,24 ; 11.698,24 ; -   ;0%
PR;FLORESTA;4107900; 8.580,49 ; 10.194,38 ; 3.705.248,21 ;46%
PR;FLORESTOPOLIS;4108007; 12.271,99 ; 12.271,99 ; -   ;0%
PR;FLORIDA;4108106; 15.149,32 ; 15.149,32 ; -   ;0%
PR;FORMOSA DO OESTE;4108205; 10.943,10 ; 10.943,10 ; -   ;0%
PR;FOZ DO IGUACU;4108304; 12.696,27 ; 12.696,27 ; -   ;0%
PR;FOZ DO JORDAO;4108452; 10.647,62 ; 10.647,62 ; -   ;0%
PR;FRANCISCO ALVES;4108320; 8.897,73 ; 10.194,38 ; 1.895.236,06 ;51%
PR;FRANCISCO BELTRAO;4108403; 10.137,34 ; 10.194,38 ; 871.941,00 ;44%
PR;GENERAL CARNEIRO;4108502; 10.426,14 ; 10.426,14 ; -   ;0%
PR;GODOY MOREIRA;4108551; 14.306,88 ; 14.306,88 ; -   ;0%
PR;GOIOERE;4108601; 10.715,17 ; 10.715,17 ; -   ;0%
PR;GOIOXIM;4108650; 10.741,80 ; 10.741,80 ; -   ;0%
PR;GRANDES RIOS;4108700; 10.730,82 ; 10.730,82 ; -   ;0%
PR;GUAIRA;4108809; 10.903,22 ; 10.903,22 ; -   ;0%
PR;GUAIRACA;4108908; 10.574,28 ; 10.574,28 ; -   ;0%
PR;GUAMIRANGA;4108957; 10.302,64 ; 10.302,64 ; -   ;0%
PR;GUAPIRAMA;4109005; 11.342,27 ; 11.342,27 ; -   ;0%
PR;GUAPOREMA;4109104; 13.620,18 ; 13.620,18 ; -   ;0%
PR;GUARACI;4109203; 12.897,51 ; 12.897,51 ; -   ;0%
PR;GUARANIACU;4109302; 10.452,38 ; 10.452,38 ; -   ;0%
PR;GUARAPUAVA;4109401; 10.624,05 ; 10.624,05 ; -   ;0%
PR;GUARAQUECABA;4109500; 10.900,99 ; 10.900,99 ; -   ;0%
PR;HONORIO SERPA;4109658; 12.816,53 ; 12.816,53 ; -   ;0%
PR;IBAITI;4109708; 10.295,97 ; 10.295,97 ; -   ;0%
PR;IBEMA;4109757; 11.680,01 ; 11.680,01 ; -   ;0%
PR;IBIPORA;4109807; 11.291,32 ; 11.291,32 ; -   ;0%
PR;ICARAIMA;4109906; 11.234,68 ; 11.234,68 ; -   ;0%
PR;IGUARACU;4110003; 13.429,83 ; 13.429,83 ; -   ;0%
PR;IGUATU;4110052; 15.297,60 ; 15.297,60 ; -   ;0%
PR;IMBAU;4110078; 11.689,07 ; 11.689,07 ; -   ;0%
PR;IMBITUVA;4110102; 10.200,29 ; 10.200,29 ; -   ;0%
PR;INACIO MARTINS;4110201; 10.353,84 ; 10.353,84 ; -   ;0%
PR;INAJA;4110300; 12.654,72 ; 12.654,72 ; -   ;0%
PR;INDIANOPOLIS;4110409; 12.315,13 ; 12.315,13 ; -   ;0%
PR;IPIRANGA;4110508; 11.101,10 ; 11.101,10 ; -   ;0%
PR;IPORA;4110607; 12.090,11 ; 12.090,11 ; -   ;0%
PR;IRACEMA DO OESTE;4110656; 13.601,42 ; 13.601,42 ; -   ;0%
PR;IRATI;4110706; 10.839,39 ; 10.839,39 ; -   ;0%
PR;IRETAMA;4110805; 11.096,07 ; 11.096,07 ; -   ;0%
PR;ITAGUAJE;4110904; 12.244,40 ; 12.244,40 ; -   ;0%
PR;ITAIPULANDIA;4110953; 10.427,69 ; 10.427,69 ; -   ;0%
PR;ITAMBARACA;4111001; 10.805,18 ; 10.805,18 ; -   ;0%
PR;ITAMBE;4111100; 11.209,87 ; 11.209,87 ; -   ;0%
PR;ITAPEJARA DOESTE;4111209; 9.979,25 ; 10.194,38 ; 475.497,10 ;44%
PR;ITAPERUCU;4111258; 9.316,36 ; 10.194,38 ; 4.084.993,07 ;53%
PR;ITAUNA DO SUL;4111308; 13.165,46 ; 13.165,46 ; -   ;0%
PR;IVAI;4111407; 10.989,95 ; 10.989,95 ; -   ;0%
PR;IVAIPORA;4111506; 11.350,54 ; 11.350,54 ; -   ;0%
PR;IVATE;4111555; 10.349,56 ; 10.349,56 ; -   ;0%
PR;IVATUBA;4111605; 17.032,78 ; 17.032,78 ; -   ;0%
PR;JABOTI;4111704; 10.240,22 ; 10.240,22 ; -   ;0%
PR;JACAREZINHO;4111803; 11.133,16 ; 11.133,16 ; -   ;0%
PR;JAGUAPITA;4111902; 10.156,15 ; 10.194,38 ; 99.257,17 ;43%
PR;JAGUARIAIVA;4112009; 11.141,26 ; 11.141,26 ; -   ;0%
PR;JANDAIA DO SUL;4112108; 10.747,60 ; 10.747,60 ; -   ;0%
PR;JANIOPOLIS;4112207; 12.426,13 ; 12.426,13 ; -   ;0%
PR;JAPIRA;4112306; 11.516,30 ; 11.516,30 ; -   ;0%
PR;JAPURA;4112405; 11.185,35 ; 11.185,35 ; -   ;0%
PR;JARDIM ALEGRE;4112504; 10.627,53 ; 10.627,53 ; -   ;0%
PR;JARDIM OLINDA;4112603; 17.480,77 ; 17.480,77 ; -   ;0%
PR;JATAIZINHO;4112702; 10.492,99 ; 10.492,99 ; -   ;0%
PR;JESUITAS;4112751; 12.592,21 ; 12.592,21 ; -   ;0%
PR;JOAQUIM TAVORA;4112801; 10.239,69 ; 10.239,69 ; -   ;0%
PR;JUNDIAI DO SUL;4112900; 12.330,47 ; 12.330,47 ; -   ;0%
PR;JURANDA;4112959; 10.353,88 ; 10.353,88 ; -   ;0%
PR;JUSSARA;4113007; 13.111,54 ; 13.111,54 ; -   ;0%
PR;KALORE;4113106; 12.315,27 ; 12.315,27 ; -   ;0%
PR;LAPA;4113205; 10.810,36 ; 10.810,36 ; -   ;0%
PR;LARANJAL;4113254; 10.982,36 ; 10.982,36 ; -   ;0%
PR;LARANJEIRAS DO SUL;4113304; 9.952,16 ; 10.194,38 ; 1.361.147,69 ;46%
PR;LEOPOLIS;4113403; 11.936,34 ; 11.936,34 ; -   ;0%
PR;LIDIANOPOLIS;4113429; 12.653,84 ; 12.653,84 ; -   ;0%
PR;LINDOESTE;4113452; 10.482,03 ; 10.482,03 ; -   ;0%
PR;LOANDA;4113502; 10.756,93 ; 10.756,93 ; -   ;0%
PR;LOBATO;4113601; 12.771,89 ; 12.771,89 ; -   ;0%
PR;LONDRINA;4113700; 14.790,83 ; 14.790,83 ; -   ;0%
PR;LUIZIANA;4113734; 13.738,94 ; 13.738,94 ; -   ;0%
PR;LUNARDELLI;4113759; 11.725,47 ; 11.725,47 ; -   ;0%
PR;LUPIONOPOLIS;4113809; 11.168,03 ; 11.168,03 ; -   ;0%
PR;MALLET;4113908; 11.230,19 ; 11.230,19 ; -   ;0%
PR;MAMBORE;4114005; 12.235,59 ; 12.235,59 ; -   ;0%
PR;MANDAGUACU;4114104; 9.814,87 ; 10.194,38 ; 1.868.152,16 ;48%
PR;MANDAGUARI;4114203; 10.154,23 ; 10.194,38 ; 232.398,76 ;44%
PR;MANDIRITUBA;4114302; 10.569,87 ; 10.569,87 ; -   ;0%
PR;MANFRINOPOLIS;4114351; 13.526,02 ; 13.526,02 ; -   ;0%
PR;MANGUEIRINHA;4114401; 11.375,12 ; 11.375,12 ; -   ;0%
PR;MANOEL RIBAS;4114500; 11.236,83 ; 11.236,83 ; -   ;0%
PR;MARECHAL CANDIDO RONDON;4114609; 11.733,70 ; 11.733,70 ; -   ;0%
PR;MARIA HELENA;4114708; 11.653,35 ; 11.653,35 ; -   ;0%
PR;MARIALVA;4114807; 11.431,19 ; 11.431,19 ; -   ;0%
PR;MARILANDIA DO SUL;4114906; 11.164,66 ; 11.164,66 ; -   ;0%
PR;MARILENA;4115002; 11.146,86 ; 11.146,86 ; -   ;0%
PR;MARILUZ;4115101; 10.784,03 ; 10.784,03 ; -   ;0%
PR;MARINGA;4115200; 14.948,07 ; 14.948,07 ; -   ;0%
PR;MARIOPOLIS;4115309; 12.004,43 ; 12.004,43 ; -   ;0%
PR;MARIPA;4115358; 12.538,01 ; 12.538,01 ; -   ;0%
PR;MARMELEIRO;4115408; 11.013,06 ; 11.013,06 ; -   ;0%
PR;MARQUINHO;4115457; 11.260,15 ; 11.260,15 ; -   ;0%
PR;MARUMBI;4115507; 11.400,16 ; 11.400,16 ; -   ;0%
PR;MATELANDIA;4115606; 10.318,56 ; 10.318,56 ; -   ;0%
PR;MATINHOS;4115705; 13.837,21 ; 13.837,21 ; -   ;0%
PR;MATO RICO;4115739; 13.319,25 ; 13.319,25 ; -   ;0%
PR;MAUA DA SERRA;4115754; 10.830,35 ; 10.830,35 ; -   ;0%
PR;MEDIANEIRA;4115804; 11.264,31 ; 11.264,31 ; -   ;0%
PR;MERCEDES;4115853; 11.302,16 ; 11.302,16 ; -   ;0%
PR;MIRADOR;4115903; 13.854,53 ; 13.854,53 ; -   ;0%
PR;MIRASELVA;4116000; 15.505,35 ; 15.505,35 ; -   ;0%
PR;MISSAL;4116059; 11.616,75 ; 11.616,75 ; -   ;0%
PR;MOREIRA SALES;4116109; 10.529,90 ; 10.529,90 ; -   ;0%
PR;MORRETES;4116208; 11.095,53 ; 11.095,53 ; -   ;0%
PR;MUNHOZ DE MELO;4116307; 11.357,24 ; 11.357,24 ; -   ;0%
PR;NOSSA SENHORA DAS GRACAS;4116406; 11.264,02 ; 11.264,02 ; -   ;0%
PR;NOVA ALIANCA DO IVAI;4116505; 16.764,25 ; 16.764,25 ; -   ;0%
PR;NOVA AMERICA DA COLINA;4116604; 14.238,91 ; 14.238,91 ; -   ;0%
PR;NOVA AURORA;4116703; 11.552,09 ; 11.552,09 ; -   ;0%
PR;NOVA CANTU;4116802; 11.218,36 ; 11.218,36 ; -   ;0%
PR;NOVA ESPERANCA;4116901; 11.013,91 ; 11.013,91 ; -   ;0%
PR;NOVA ESPERANCA DO SUDOESTE;4116950; 10.973,62 ; 10.973,62 ; -   ;0%
PR;NOVA FATIMA;4117008; 11.410,77 ; 11.410,77 ; -   ;0%
PR;NOVA LARANJEIRAS;4117057; 11.294,06 ; 11.294,06 ; -   ;0%
PR;NOVA LONDRINA;4117107; 10.573,88 ; 10.573,88 ; -   ;0%
PR;NOVA OLIMPIA;4117206; 10.823,52 ; 10.823,52 ; -   ;0%
PR;NOVA PRATA DO IGUACU;4117255; 10.773,38 ; 10.773,38 ; -   ;0%
PR;NOVA SANTA BARBARA;4117214; 10.296,38 ; 10.296,38 ; -   ;0%
PR;NOVA SANTA ROSA;4117222; 10.812,07 ; 10.812,07 ; -   ;0%
PR;NOVA TEBAS;4117271; 10.495,52 ; 10.495,52 ; -   ;0%
PR;ORTIGUEIRA;4117305; 14.695,97 ; 14.695,97 ; -   ;0%
PR;OURIZONA;4117404; 14.102,33 ; 14.102,33 ; -   ;0%
PR;OURO VERDE DO OESTE;4117453; 10.837,79 ; 10.837,79 ; -   ;0%
PR;PAICANDU;4117503; 9.780,84 ; 10.194,38 ; 2.914.923,56 ;45%
PR;PALMAS;4117602; 9.828,08 ; 10.194,38 ; 2.822.100,50 ;51%
PR;PALMEIRA;4117701; 12.029,41 ; 12.029,41 ; -   ;0%
PR;PALMITAL;4117800; 10.455,38 ; 10.455,38 ; -   ;0%
PR;PALOTINA;4117909; 12.184,10 ; 12.184,10 ; -   ;0%
PR;PARAISO DO NORTE;4118006; 9.255,31 ; 10.194,38 ; 2.475.348,61 ;42%
PR;Paraná;41; 12.354,43 ; 12.354,43 ; -   ;0%
PR;PARANACITY;4118105; 11.573,12 ; 11.573,12 ; -   ;0%
PR;PARANAGUA;4118204; 17.700,56 ; 17.700,56 ; -   ;0%
PR;PARANAPOEMA;4118303; 12.828,42 ; 12.828,42 ; -   ;0%
PR;PARANAVAI;4118402; 10.628,50 ; 10.628,50 ; -   ;0%
PR;PATO BRAGADO;4118451; 9.529,35 ; 10.194,38 ; 867.964,06 ;40%
PR;PATO BRANCO;4118501; 11.462,02 ; 11.462,02 ; -   ;0%
PR;PAULA FREITAS;4118600; 11.051,00 ; 11.051,00 ; -   ;0%
PR;PAULO FRONTIN;4118709; 12.942,95 ; 12.942,95 ; -   ;0%
PR;PEABIRU;4118808; 11.174,66 ; 11.174,66 ; -   ;0%
PR;PEROBAL;4118857; 10.315,63 ; 10.315,63 ; -   ;0%
PR;PEROLA;4118907; 10.312,33 ; 10.312,33 ; -   ;0%
PR;PEROLA DOESTE;4119004; 10.890,99 ; 10.890,99 ; -   ;0%
PR;PIEN;4119103; 9.469,51 ; 10.194,38 ; 1.919.767,68 ;49%
PR;PINHAIS;4119152; 12.686,51 ; 12.686,51 ; -   ;0%
PR;PINHAL DE SAO BENTO;4119251; 10.741,53 ; 10.741,53 ; -   ;0%
PR;PINHALAO;4119202; 10.769,50 ; 10.769,50 ; -   ;0%
PR;PINHAO;4119301; 11.057,18 ; 11.057,18 ; -   ;0%
PR;PIRAI DO SUL;4119400; 10.943,57 ; 10.943,57 ; -   ;0%
PR;PIRAQUARA;4119509; 9.594,40 ; 10.194,38 ; 9.732.584,67 ;52%
PR;PITANGA;4119608; 11.040,21 ; 11.040,21 ; -   ;0%
PR;PITANGUEIRAS;4119657; 12.614,45 ; 12.614,45 ; -   ;0%
PR;PLANALTINA DO PARANA;4119707; 10.948,89 ; 10.948,89 ; -   ;0%
PR;PLANALTO;4119806; 9.999,77 ; 10.194,38 ; 399.397,99 ;48%
PR;PONTA GROSSA;4119905; 10.640,08 ; 10.640,08 ; -   ;0%
PR;PONTAL DO PARANA;4119954; 11.596,08 ; 11.596,08 ; -   ;0%
PR;PORECATU;4120002; 11.593,63 ; 11.593,63 ; -   ;0%
PR;PORTO AMAZONAS;4120101; 12.754,78 ; 12.754,78 ; -   ;0%
PR;PORTO BARREIRO;4120150; 14.292,67 ; 14.292,67 ; -   ;0%
PR;PORTO RICO;4120200; 17.710,94 ; 17.710,94 ; -   ;0%
PR;PORTO VITORIA;4120309; 11.878,43 ; 11.878,43 ; -   ;0%
PR;PRADO FERREIRA;4120333; 11.733,04 ; 11.733,04 ; -   ;0%
PR;PRANCHITA;4120358; 11.385,23 ; 11.385,23 ; -   ;0%
PR;PRESIDENTE CASTELO BRANCO;4120408; 12.694,92 ; 12.694,92 ; -   ;0%
PR;PRIMEIRO DE MAIO;4120507; 13.027,37 ; 13.027,37 ; -   ;0%
PR;PRUDENTOPOLIS;4120606; 10.464,95 ; 10.464,95 ; -   ;0%
PR;QUARTO CENTENARIO;4120655; 13.344,38 ; 13.344,38 ; -   ;0%
PR;QUATIGUA;4120705; 10.481,33 ; 10.481,33 ; -   ;0%
PR;QUATRO BARRAS;4120804; 13.623,51 ; 13.623,51 ; -   ;0%
PR;QUATRO PONTES;4120853; 12.379,41 ; 12.379,41 ; -   ;0%
PR;QUEDAS DO IGUACU;4120903; 9.752,58 ; 10.194,38 ; 2.119.991,13 ;50%
PR;QUERENCIA DO NORTE;4121000; 11.457,64 ; 11.457,64 ; -   ;0%
PR;QUINTA DO SOL;4121109; 10.476,92 ; 10.476,92 ; -   ;0%
PR;QUITANDINHA;4121208; 9.228,77 ; 10.194,38 ; 3.060.800,72 ;52%
PR;RAMILANDIA;4121257; 11.655,48 ; 11.655,48 ; -   ;0%
PR;RANCHO ALEGRE;4121307; 12.039,37 ; 12.039,37 ; -   ;0%
PR;RANCHO ALEGRE DOESTE;4121356; 17.078,80 ; 17.078,80 ; -   ;0%
PR;REALEZA;4121406; 9.746,76 ; 10.194,38 ; 1.379.036,07 ;43%
PR;REBOUCAS;4121505; 9.798,38 ; 10.194,38 ; 951.834,77 ;54%
PR;RENASCENCA;4121604; 12.059,76 ; 12.059,76 ; -   ;0%
PR;RESERVA;4121703; 9.509,11 ; 10.194,38 ; 2.757.850,99 ;52%
PR;RESERVA DO IGUACU;4121752; 10.689,72 ; 10.689,72 ; -   ;0%
PR;RIBEIRAO CLARO;4121802; 11.842,91 ; 11.842,91 ; -   ;0%
PR;RIBEIRAO DO PINHAL;4121901; 9.516,64 ; 10.194,38 ; 1.535.161,97 ;47%
PR;RIO AZUL;4122008; 10.933,47 ; 10.933,47 ; -   ;0%
PR;RIO BOM;4122107; 12.211,14 ; 12.211,14 ; -   ;0%
PR;RIO BONITO DO IGUACU;4122156; 10.107,35 ; 10.194,38 ; 192.346,77 ;53%
PR;RIO BRANCO DO IVAI;4122172; 11.851,12 ; 11.851,12 ; -   ;0%
PR;RIO BRANCO DO SUL;4122206; 10.769,31 ; 10.769,31 ; -   ;0%
PR;RIO NEGRO;4122305; 10.469,57 ; 10.469,57 ; -   ;0%
PR;ROLANDIA;4122404; 10.980,42 ; 10.980,42 ; -   ;0%
PR;RONCADOR;4122503; 11.472,68 ; 11.472,68 ; -   ;0%
PR;RONDON;4122602; 10.135,94 ; 10.194,38 ; 82.477,09 ;40%
PR;ROSARIO DO IVAI;4122651; 11.670,24 ; 11.670,24 ; -   ;0%
PR;SABAUDIA;4122701; 9.572,71 ; 10.194,38 ; 1.190.415,45 ;43%
PR;SALGADO FILHO;4122800; 12.571,08 ; 12.571,08 ; -   ;0%
PR;SALTO DO ITARARE;4122909; 10.412,77 ; 10.412,77 ; -   ;0%
PR;SALTO DO LONTRA;4123006; 9.848,59 ; 10.194,38 ; 754.956,08 ;41%
PR;SANTA AMELIA;4123105; 11.882,55 ; 11.882,55 ; -   ;0%
PR;SANTA CECILIA DO PAVAO;4123204; 12.634,05 ; 12.634,05 ; -   ;0%
PR;SANTA CRUZ DE MONTE CASTELO;4123303; 10.343,38 ; 10.343,38 ; -   ;0%
PR;SANTA FE;4123402; 10.501,84 ; 10.501,84 ; -   ;0%
PR;SANTA HELENA;4123501; 11.182,24 ; 11.182,24 ; -   ;0%
PR;SANTA INES;4123600; 13.528,01 ; 13.528,01 ; -   ;0%
PR;SANTA ISABEL DO IVAI;4123709; 11.096,85 ; 11.096,85 ; -   ;0%
PR;SANTA IZABEL DO OESTE;4123808; 10.569,30 ; 10.569,30 ; -   ;0%
PR;SANTA LUCIA;4123824; 12.900,53 ; 12.900,53 ; -   ;0%
PR;SANTA MARIA DO OESTE;4123857; 10.550,62 ; 10.550,62 ; -   ;0%
PR;SANTA MARIANA;4123907; 12.011,80 ; 12.011,80 ; -   ;0%
PR;SANTA MONICA;4123956; 12.200,56 ; 12.200,56 ; -   ;0%
PR;SANTA TEREZA DO OESTE;4124020; 10.487,09 ; 10.487,09 ; -   ;0%
PR;SANTA TEREZINHA DE ITAIPU;4124053; 10.349,74 ; 10.349,74 ; -   ;0%
PR;SANTANA DO ITARARE;4124004; 10.880,84 ; 10.880,84 ; -   ;0%
PR;SANTO ANTONIO DA PLATINA;4124103; 10.975,27 ; 10.975,27 ; -   ;0%
PR;SANTO ANTONIO DO CAIUA;4124202; 13.162,84 ; 13.162,84 ; -   ;0%
PR;SANTO ANTONIO DO PARAISO;4124301; 15.556,51 ; 15.556,51 ; -   ;0%
PR;SANTO ANTONIO DO SUDOESTE;4124400; 9.397,01 ; 10.194,38 ; 2.751.730,02 ;45%
PR;SANTO INACIO;4124509; 11.221,41 ; 11.221,41 ; -   ;0%
PR;SAO CARLOS DO IVAI;4124608; 10.273,87 ; 10.273,87 ; -   ;0%
PR;SAO JERONIMO DA SERRA;4124707; 12.153,11 ; 12.153,11 ; -   ;0%
PR;SAO JOAO;4124806; 10.388,13 ; 10.388,13 ; -   ;0%
PR;SAO JOAO DO CAIUA;4124905; 9.635,93 ; 10.194,38 ; 651.009,12 ;51%
PR;SAO JOAO DO IVAI;4125001; 9.717,80 ; 10.194,38 ; 809.314,85 ;41%
PR;SAO JOAO DO TRIUNFO;4125100; 10.216,89 ; 10.216,89 ; -   ;0%
PR;SAO JORGE DO IVAI;4125308; 13.436,07 ; 13.436,07 ; -   ;0%
PR;SAO JORGE DO PATROCINIO;4125357; 10.443,01 ; 10.443,01 ; -   ;0%
PR;SAO JORGE DOESTE;4125209; 11.508,28 ; 11.508,28 ; -   ;0%
PR;SAO JOSE DA BOA VISTA;4125407; 11.188,67 ; 11.188,67 ; -   ;0%
PR;SAO JOSE DAS PALMEIRAS;4125456; 11.781,48 ; 11.781,48 ; -   ;0%
PR;SAO JOSE DOS PINHAIS;4125506; 11.056,22 ; 11.056,22 ; -   ;0%
PR;SAO MANOEL DO PARANA;4125555; 14.687,47 ; 14.687,47 ; -   ;0%
PR;SAO MATEUS DO SUL;4125605; 10.484,27 ; 10.484,27 ; -   ;0%
PR;SAO MIGUEL DO IGUACU;4125704; 10.630,59 ; 10.630,59 ; -   ;0%
PR;SAO PEDRO DO IGUACU;4125753; 12.034,10 ; 12.034,10 ; -   ;0%
PR;SAO PEDRO DO IVAI;4125803; 11.222,00 ; 11.222,00 ; -   ;0%
PR;SAO PEDRO DO PARANA;4125902; 16.229,82 ; 16.229,82 ; -   ;0%
PR;SAO SEBASTIAO DA AMOREIRA;4126009; 10.781,11 ; 10.781,11 ; -   ;0%
PR;SAO TOME;4126108; 11.939,97 ; 11.939,97 ; -   ;0%
PR;SAPOPEMA;4126207; 9.404,41 ; 10.194,38 ; 1.020.908,87 ;46%
PR;SARANDI;4126256; 9.468,56 ; 10.194,38 ; 11.119.553,96 ;49%
PR;SAUDADE DO IGUACU;4126272; 11.821,33 ; 11.821,33 ; -   ;0%
PR;SENGES;4126306; 10.959,04 ; 10.959,04 ; -   ;0%
PR;SERRANOPOLIS DO IGUACU;4126355; 13.207,47 ; 13.207,47 ; -   ;0%
PR;SERTANEJA;4126405; 14.295,43 ; 14.295,43 ; -   ;0%
PR;SERTANOPOLIS;4126504; 12.005,59 ; 12.005,59 ; -   ;0%
PR;SIQUEIRA CAMPOS;4126603; 9.788,90 ; 10.194,38 ; 1.489.364,10 ;47%
PR;SULINA;4126652; 11.844,26 ; 11.844,26 ; -   ;0%
PR;TAMARANA;4126678; 12.821,75 ; 12.821,75 ; -   ;0%
PR;TAMBOARA;4126702; 11.382,05 ; 11.382,05 ; -   ;0%
PR;TAPEJARA;4126801; 11.109,66 ; 11.109,66 ; -   ;0%
PR;TAPIRA;4126900; 11.900,86 ; 11.900,86 ; -   ;0%
PR;TEIXEIRA SOARES;4127007; 12.056,94 ; 12.056,94 ; -   ;0%
PR;TELEMACO BORBA;4127106; 11.024,42 ; 11.024,42 ; -   ;0%
PR;TERRA BOA;4127205; 10.409,19 ; 10.409,19 ; -   ;0%
PR;TERRA RICA;4127304; 11.172,67 ; 11.172,67 ; -   ;0%
PR;TERRA ROXA;4127403; 10.703,89 ; 10.703,89 ; -   ;0%
PR;TIBAGI;4127502; 12.489,09 ; 12.489,09 ; -   ;0%
PR;TIJUCAS DO SUL;4127601; 10.117,55 ; 10.194,38 ; 241.769,94 ;55%
PR;TOLEDO;4127700; 11.956,46 ; 11.956,46 ; -   ;0%
PR;TOMAZINA;4127809; 12.548,30 ; 12.548,30 ; -   ;0%
PR;TRES BARRAS DO PARANA;4127858; 10.778,03 ; 10.778,03 ; -   ;0%
PR;TUNAS DO PARANA;4127882; 10.055,99 ; 10.194,38 ; 177.416,41 ;57%
PR;TUNEIRAS DO OESTE;4127908; 10.554,77 ; 10.554,77 ; -   ;0%
PR;TUPASSI;4127957; 11.549,24 ; 11.549,24 ; -   ;0%
PR;TURVO;4127965; 10.447,98 ; 10.447,98 ; -   ;0%
PR;UBIRATA;4128005; 10.755,03 ; 10.755,03 ; -   ;0%
PR;UMUARAMA;4128104; 11.391,53 ; 11.391,53 ; -   ;0%
PR;UNIAO DA VITORIA;4128203; 10.710,04 ; 10.710,04 ; -   ;0%
PR;UNIFLOR;4128302; 16.478,01 ; 16.478,01 ; -   ;0%
PR;URAI;4128401; 12.142,08 ; 12.142,08 ; -   ;0%
PR;VENTANIA;4128534; 11.220,23 ; 11.220,23 ; -   ;0%
PR;VERA CRUZ DO OESTE;4128559; 11.200,72 ; 11.200,72 ; -   ;0%
PR;VERE;4128609; 11.659,27 ; 11.659,27 ; -   ;0%
PR;VIRMOND;4128658; 12.402,25 ; 12.402,25 ; -   ;0%
PR;VITORINO;4128708; 10.518,69 ; 10.518,69 ; -   ;0%
PR;WENCESLAU BRAZ;4128500; 10.334,10 ; 10.334,10 ; -   ;0%
PR;XAMBRE;4128807; 11.393,90 ; 11.393,90 ; -   ;0%
RJ;ANGRA DOS REIS;3300100; 14.564,84 ; 14.564,84 ; -   ;0%
RJ;APERIBE;3300159; 14.601,44 ; 14.601,44 ; -   ;0%
RJ;ARARUAMA;3300209; 22.638,56 ; 22.638,56 ; -   ;0%
RJ;AREAL;3300225; 13.131,36 ; 13.131,36 ; -   ;0%
RJ;ARMACAO DOS BUZIOS;3300233; 13.968,34 ; 13.968,34 ; -   ;0%
RJ;ARRAIAL DO CABO;3300258; 50.152,13 ; 50.152,13 ; -   ;0%
RJ;BARRA DO PIRAI;3300308; 11.924,66 ; 11.924,66 ; -   ;0%
RJ;BARRA MANSA;3300407; 10.803,94 ; 10.803,94 ; -   ;0%
RJ;BELFORD ROXO;3300456; 9.070,30 ; 10.194,38 ; 58.152.565,46 ;57%
RJ;BOM JARDIM;3300506; 12.131,68 ; 12.131,68 ; -   ;0%
RJ;BOM JESUS DO ITABAPOANA;3300605; 10.975,98 ; 10.975,98 ; -   ;0%
RJ;CACHOEIRAS DE MACACU;3300803; 15.031,11 ; 15.031,11 ; -   ;0%
RJ;CAMBUCI;3300902; 12.853,64 ; 12.853,64 ; -   ;0%
RJ;CAMPOS DOS GOYTACAZES;3301009; 11.028,74 ; 11.028,74 ; -   ;0%
RJ;CANTAGALO;3301108; 15.703,76 ; 15.703,76 ; -   ;0%
RJ;CARAPEBUS;3300936; 24.320,56 ; 24.320,56 ; -   ;0%
RJ;CARDOSO MOREIRA;3301157; 11.326,81 ; 11.326,81 ; -   ;0%
RJ;CARMO;3301207; 12.961,96 ; 12.961,96 ; -   ;0%
RJ;CASIMIRO DE ABREU;3301306; 17.121,95 ; 17.121,95 ; -   ;0%
RJ;COMENDADOR LEVY GASPARIAN;3300951; 12.880,94 ; 12.880,94 ; -   ;0%
RJ;CONCEICAO DE MACABU;3301405; 12.248,17 ; 12.248,17 ; -   ;0%
RJ;CORDEIRO;3301504; 13.535,08 ; 13.535,08 ; -   ;0%
RJ;DUAS BARRAS;3301603; 12.700,88 ; 12.700,88 ; -   ;0%
RJ;DUQUE DE CAXIAS;3301702; 11.687,14 ; 11.687,14 ; -   ;0%
RJ;ENGENHEIRO PAULO DE FRONTIN;3301801; 12.741,45 ; 12.741,45 ; -   ;0%
RJ;GUAPIMIRIM;3301850; 14.504,71 ; 14.504,71 ; -   ;0%
RJ;IGUABA GRANDE;3301876; 19.730,07 ; 19.730,07 ; -   ;0%
RJ;ITABORAI;3301900; 9.823,07 ; 10.194,38 ; 13.376.389,20 ;56%
RJ;ITAGUAI;3302007; 14.079,37 ; 14.079,37 ; -   ;0%
RJ;ITALVA;3302056; 12.901,19 ; 12.901,19 ; -   ;0%
RJ;ITAOCARA;3302106; 13.761,23 ; 13.761,23 ; -   ;0%
RJ;ITAPERUNA;3302205; 10.840,67 ; 10.840,67 ; -   ;0%
RJ;ITATIAIA;3302254; 13.427,09 ; 13.427,09 ; -   ;0%
RJ;JAPERI;3302270; 9.876,83 ; 10.194,38 ; 4.726.302,25 ;63%
RJ;LAJE DO MURIAE;3302304; 13.378,52 ; 13.378,52 ; -   ;0%
RJ;MACAE;3302403; 24.525,62 ; 24.525,62 ; -   ;0%
RJ;MACUCO;3302452; 17.004,13 ; 17.004,13 ; -   ;0%
RJ;MAGE;3302502; 9.334,08 ; 10.194,38 ; 42.470.825,44 ;53%
RJ;MANGARATIBA;3302601; 17.978,68 ; 17.978,68 ; -   ;0%
RJ;MARICA;3302700; 39.392,38 ; 39.392,38 ; -   ;0%
RJ;MENDES;3302809; 12.055,39 ; 12.055,39 ; -   ;0%
RJ;MESQUITA;3302858; 9.807,66 ; 10.194,38 ; 7.308.264,69 ;53%
RJ;MIGUEL PEREIRA;3302908; 11.542,29 ; 11.542,29 ; -   ;0%
RJ;MIRACEMA;3303005; 11.852,70 ; 11.852,70 ; -   ;0%
RJ;NATIVIDADE;3303104; 13.178,57 ; 13.178,57 ; -   ;0%
RJ;NILOPOLIS;3303203; 10.528,09 ; 10.528,09 ; -   ;0%
RJ;NITEROI;3303302; 23.848,00 ; 23.848,00 ; -   ;0%
RJ;NOVA FRIBURGO;3303401; 10.151,69 ; 10.194,38 ; 1.081.247,76 ;46%
RJ;NOVA IGUACU;3303500; 9.268,67 ; 10.194,38 ; 72.261.453,76 ;63%
RJ;PARACAMBI;3303609; 10.930,36 ; 10.930,36 ; -   ;0%
RJ;PARAIBA DO SUL;3303708; 10.569,33 ; 10.569,33 ; -   ;0%
RJ;PARATY;3303807; 18.230,50 ; 18.230,50 ; -   ;0%
RJ;PATY DO ALFERES;3303856; 10.148,53 ; 10.194,38 ; 287.771,73 ;55%
RJ;PETROPOLIS;3303906; 11.417,00 ; 11.417,00 ; -   ;0%
RJ;PINHEIRAL;3303955; 12.075,36 ; 12.075,36 ; -   ;0%
RJ;PIRAI;3304003; 14.100,51 ; 14.100,51 ; -   ;0%
RJ;PORCIUNCULA;3304102; 13.255,10 ; 13.255,10 ; -   ;0%
RJ;PORTO REAL;3304110; 15.901,83 ; 15.901,83 ; -   ;0%
RJ;QUATIS;3304128; 11.541,27 ; 11.541,27 ; -   ;0%
RJ;QUEIMADOS;3304144; 9.955,81 ; 10.194,38 ; 4.087.086,36 ;62%
RJ;QUISSAMA;3304151; 20.395,88 ; 20.395,88 ; -   ;0%
RJ;RESENDE;3304201; 13.097,51 ; 13.097,51 ; -   ;0%
RJ;RIO BONITO;3304300; 10.529,54 ; 10.529,54 ; -   ;0%
RJ;RIO CLARO;3304409; 14.585,96 ; 14.585,96 ; -   ;0%
RJ;RIO DAS FLORES;3304508; 14.210,77 ; 14.210,77 ; -   ;0%
RJ;RIO DAS OSTRAS;3304524; 12.747,89 ; 12.747,89 ; -   ;0%
RJ;RIO DE JANEIRO;3304557; 13.383,66 ; 13.383,66 ; -   ;0%
RJ;Rio de Janeiro;33; 22.839,43 ; 22.839,43 ; -   ;0%
RJ;SANTA MARIA MADALENA;3304607; 15.954,65 ; 15.954,65 ; -   ;0%
RJ;SANTO ANTONIO DE PADUA;3304706; 10.890,95 ; 10.890,95 ; -   ;0%
RJ;SAO FIDELIS;3304805; 10.483,66 ; 10.483,66 ; -   ;0%
RJ;SAO FRANCISCO DE ITABAPOANA;3304755; 11.878,07 ; 11.878,07 ; -   ;0%
RJ;SAO GONCALO;3304904; 10.304,74 ; 10.304,74 ; -   ;0%
RJ;SAO JOAO DA BARRA;3305000; 23.349,93 ; 23.349,93 ; -   ;0%
RJ;SAO JOAO DE MERITI;3305109; 9.651,17 ; 10.194,38 ; 19.796.284,52 ;57%
RJ;SAO JOSE DE UBA;3305133; 17.764,60 ; 17.764,60 ; -   ;0%
RJ;SAO JOSE DO VALE DO RIO PRETO;3305158; 11.922,69 ; 11.922,69 ; -   ;0%
RJ;SAO PEDRO DA ALDEIA;3305208; 9.349,82 ; 10.194,38 ; 14.995.825,65 ;55%
RJ;SAO SEBASTIAO DO ALTO;3305307; 16.209,18 ; 16.209,18 ; -   ;0%
RJ;SAPUCAIA;3305406; 13.184,82 ; 13.184,82 ; -   ;0%
RJ;SAQUAREMA;3305505; 64.622,80 ; 64.622,80 ; -   ;0%
RJ;SEROPEDICA;3305554; 9.972,77 ; 10.194,38 ; 3.647.718,93 ;57%
RJ;SILVA JARDIM;3305604; 18.885,86 ; 18.885,86 ; -   ;0%
RJ;SUMIDOURO;3305703; 11.709,78 ; 11.709,78 ; -   ;0%
RJ;TANGUA;3305752; 9.603,60 ; 10.194,38 ; 4.114.199,42 ;49%
RJ;TERESOPOLIS;3305802; 10.637,87 ; 10.637,87 ; -   ;0%
RJ;TRAJANO DE MORAES;3305901; 16.073,23 ; 16.073,23 ; -   ;0%
RJ;TRES RIOS;3306008; 10.610,63 ; 10.610,63 ; -   ;0%
RJ;VALENCA;3306107; 10.509,94 ; 10.509,94 ; -   ;0%
RJ;VARRE-SAI;3306156; 11.727,26 ; 11.727,26 ; -   ;0%
RJ;VASSOURAS;3306206; 12.249,15 ; 12.249,15 ; -   ;0%
RJ;VOLTA REDONDA;3306305; 11.555,74 ; 11.555,74 ; -   ;0%
RN;ACARI;2400109; 9.068,53 ; 10.194,38 ; 1.955.857,39 ;51%
RN;ACU;2400208; 10.103,62 ; 10.194,38 ; 682.855,01 ;55%
RN;AFONSO BEZERRA;2400307; 10.620,93 ; 10.620,93 ; -   ;0%
RN;AGUA NOVA;2400406; 9.519,19 ; 10.194,38 ; 493.153,02 ;49%
RN;ALEXANDRIA;2400505; 8.162,07 ; 10.194,38 ; 4.901.221,63 ;53%
RN;ALMINO AFONSO;2400604; 10.727,72 ; 10.727,72 ; -   ;0%
RN;ALTO DO RODRIGUES;2400703; 10.236,47 ; 10.236,47 ; -   ;0%
RN;ANGICOS;2400802; 9.495,52 ; 10.194,38 ; 1.080.888,01 ;50%
RN;ANTONIO MARTINS;2400901; 8.725,79 ; 10.194,38 ; 1.561.727,46 ;51%
RN;APODI;2401008; 10.084,65 ; 10.194,38 ; 427.459,52 ;52%
RN;AREIA BRANCA;2401107; 10.434,77 ; 10.434,77 ; -   ;0%
RN;ARES;2401206; 8.915,80 ; 10.194,38 ; 4.086.750,80 ;47%
RN;AUGUSTO SEVERO;2401305; 8.473,23 ; 10.194,38 ; 2.739.951,83 ;54%
RN;BAIA FORMOSA;2401404; 8.580,78 ; 10.194,38 ; 3.451.635,94 ;37%
RN;BARAUNA;2401453; 8.382,94 ; 10.194,38 ; 10.524.191,84 ;52%
RN;BARCELONA;2401503; 9.344,64 ; 10.194,38 ; 869.258,45 ;37%
RN;BENTO FERNANDES;2401602; 9.412,57 ; 10.194,38 ; 928.306,84 ;53%
RN;BODO;2401651; 11.398,56 ; 11.398,56 ; -   ;0%
RN;BOM JESUS;2401701; 8.183,05 ; 10.194,38 ; 4.776.719,78 ;42%
RN;BREJINHO;2401800; 8.747,45 ; 10.194,38 ; 2.917.310,28 ;46%
RN;CAICARA DO NORTE;2401859; 9.379,04 ; 10.194,38 ; 858.814,75 ;46%
RN;CAICARA DO RIO DO VENTO;2401909; 12.070,29 ; 12.070,29 ; -   ;0%
RN;CAICO;2402006; 9.581,61 ; 10.194,38 ; 4.113.334,02 ;47%
RN;CAMPO REDONDO;2402105; 9.832,42 ; 10.194,38 ; 989.492,88 ;48%
RN;CANGUARETAMA;2402204; 7.573,00 ; 10.194,38 ; 22.573.329,14 ;53%
RN;CARAUBAS;2402303; 8.842,21 ; 10.194,38 ; 5.053.870,46 ;48%
RN;CARNAUBA DOS DANTAS;2402402; 8.327,96 ; 10.194,38 ; 3.046.957,53 ;40%
RN;CARNAUBAIS;2402501; 10.700,51 ; 10.700,51 ; -   ;0%
RN;CEARA MIRIM;2402600; 8.192,71 ; 10.194,38 ; 28.753.426,05 ;55%
RN;CERRO CORA;2402709; 9.160,09 ; 10.194,38 ; 2.281.809,44 ;56%
RN;CORONEL EZEQUIEL;2402808; 8.023,91 ; 10.194,38 ; 2.665.597,70 ;54%
RN;CORONEL JOAO PESSOA;2402907; 9.797,49 ; 10.194,38 ; 413.885,06 ;46%
RN;CRUZETA;2403004; 8.576,54 ; 10.194,38 ; 2.564.211,91 ;47%
RN;CURRAIS NOVOS;2403103; 9.393,02 ; 10.194,38 ; 4.763.945,72 ;52%
RN;DOUTOR SEVERIANO;2403202; 7.976,72 ; 10.194,38 ; 4.909.516,68 ;41%
RN;ENCANTO;2403301; 8.852,74 ; 10.194,38 ; 2.018.653,84 ;49%
RN;EQUADOR;2403400; 9.509,48 ; 10.194,38 ; 793.919,36 ;45%
RN;ESPIRITO SANTO;2403509; 9.234,14 ; 10.194,38 ; 1.716.704,94 ;48%
RN;EXTREMOZ;2403608; 6.650,15 ; 10.194,38 ; 47.254.274,60 ;53%
RN;FELIPE GUERRA;2403707; 11.489,16 ; 11.489,16 ; -   ;0%
RN;FERNANDO PEDROZA;2403756; 9.215,75 ; 10.194,38 ; 645.230,33 ;54%
RN;FLORANIA;2403806; 8.339,57 ; 10.194,38 ; 2.753.118,80 ;53%
RN;FRANCISCO DANTAS;2403905; 9.591,83 ; 10.194,38 ; 319.291,31 ;50%
RN;FRUTUOSO GOMES;2404002; 9.498,50 ; 10.194,38 ; 468.371,10 ;50%
RN;GALINHOS;2404101; 12.087,46 ; 12.087,46 ; -   ;0%
RN;GOIANINHA;2404200; 7.600,50 ; 10.194,38 ; 23.690.129,05 ;49%
RN;GOVERNADOR DIX-SEPT ROSADO;2404309; 11.694,73 ; 11.694,73 ; -   ;0%
RN;GROSSOS;2404408; 10.993,28 ; 10.993,28 ; -   ;0%
RN;GUAMARE;2404507; 14.297,73 ; 14.297,73 ; -   ;0%
RN;IELMO MARINHO;2404606; 9.133,98 ; 10.194,38 ; 3.825.166,21 ;55%
RN;IPANGUACU;2404705; 8.384,68 ; 10.194,38 ; 4.983.100,50 ;54%
RN;IPUEIRA;2404804; 11.403,10 ; 11.403,10 ; -   ;0%
RN;ITAJA;2404853; 8.563,12 ; 10.194,38 ; 3.104.481,35 ;51%
RN;ITAU;2404903; 8.705,84 ; 10.194,38 ; 1.688.182,51 ;39%
RN;JACANA;2405009; 7.249,07 ; 10.194,38 ; 5.092.263,48 ;45%
RN;JANDAIRA;2405108; 10.049,89 ; 10.194,38 ; 253.377,43 ;49%
RN;JANDUIS;2405207; 8.134,58 ; 10.194,38 ; 2.883.166,39 ;43%
RN;JANUARIO CICCO;2405306; 7.659,04 ; 10.194,38 ; 6.236.429,72 ;53%
RN;JAPI;2405405; 8.362,45 ; 10.194,38 ; 2.142.068,43 ;56%
RN;JARDIM DE ANGICOS;2405504; 10.279,19 ; 10.279,19 ; -   ;0%
RN;JARDIM DE PIRANHAS;2405603; 8.039,09 ; 10.194,38 ; 6.538.232,01 ;54%
RN;JARDIM DO SERIDO;2405702; 9.196,18 ; 10.194,38 ; 1.513.667,24 ;45%
RN;JOAO CAMARA;2405801; 8.892,69 ; 10.194,38 ; 8.596.352,65 ;53%
RN;JOAO DIAS;2405900; 9.644,07 ; 10.194,38 ; 319.906,47 ;47%
RN;JOSE DA PENHA;2406007; 8.380,10 ; 10.194,38 ; 2.509.846,54 ;53%
RN;JUCURUTU;2406106; 9.466,07 ; 10.194,38 ; 1.997.714,48 ;51%
RN;JUNDIA;2406155; 7.303,89 ; 10.194,38 ; 3.460.916,32 ;49%
RN;LAGOA DANTA;2406205; 7.939,56 ; 10.194,38 ; 3.550.557,71 ;44%
RN;LAGOA DE PEDRAS;2406304; 6.461,16 ; 10.194,38 ; 7.425.229,67 ;56%
RN;LAGOA DE VELHOS;2406403; 9.101,68 ; 10.194,38 ; 1.052.233,05 ;46%
RN;LAGOA NOVA;2406502; 8.757,67 ; 10.194,38 ; 5.369.743,19 ;51%
RN;LAGOA SALGADA;2406601; 8.401,70 ; 10.194,38 ; 3.508.180,55 ;55%
RN;LAJES;2406700; 10.331,22 ; 10.331,22 ; -   ;0%
RN;LAJES PINTADAS;2406809; 9.700,25 ; 10.194,38 ; 710.044,93 ;47%
RN;LUCRECIA;2406908; 9.572,68 ; 10.194,38 ; 441.588,58 ;42%
RN;LUIS GOMES;2407005; 9.069,20 ; 10.194,38 ; 2.267.303,68 ;52%
RN;MACAIBA;2407104; 9.374,69 ; 10.194,38 ; 9.090.644,18 ;58%
RN;MACAU;2407203; 10.782,37 ; 10.782,37 ; -   ;0%
RN;MAJOR SALES;2407252; 9.214,45 ; 10.194,38 ; 1.228.866,40 ;45%
RN;MARCELINO VIEIRA;2407302; 8.565,76 ; 10.194,38 ; 2.001.252,87 ;53%
RN;MARTINS;2407401; 8.201,63 ; 10.194,38 ; 3.167.403,48 ;50%
RN;MAXARANGUAPE;2407500; 8.422,54 ; 10.194,38 ; 4.730.990,98 ;48%
RN;MESSIAS TARGINO;2407609; 9.521,71 ; 10.194,38 ; 502.154,72 ;49%
RN;MONTANHAS;2407708; 8.388,92 ; 10.194,38 ; 4.466.601,73 ;53%
RN;MONTE ALEGRE;2407807; 7.797,52 ; 10.194,38 ; 15.897.219,54 ;51%
RN;MONTE DAS GAMELEIRAS;2407906; 10.279,15 ; 10.279,15 ; -   ;0%
RN;MOSSORO;2408003; 11.370,33 ; 11.370,33 ; -   ;0%
RN;NATAL;2408102; 13.515,98 ; 13.515,98 ; -   ;0%
RN;NISIA FLORESTA;2408201; 6.787,14 ; 10.194,38 ; 30.501.646,63 ;53%
RN;NOVA CRUZ;2408300; 8.679,93 ; 10.194,38 ; 8.605.984,10 ;53%
RN;OLHO DAGUA DO BORGES;2408409; 10.970,81 ; 10.970,81 ; -   ;0%
RN;OURO BRANCO;2408508; 9.434,57 ; 10.194,38 ; 635.678,45 ;49%
RN;PARANA;2408607; 9.900,44 ; 10.194,38 ; 254.460,32 ;41%
RN;PARAU;2408706; 12.404,77 ; 12.404,77 ; -   ;0%
RN;PARAZINHO;2408805; 9.848,73 ; 10.194,38 ; 465.872,38 ;50%
RN;PARELHAS;2408904; 9.429,50 ; 10.194,38 ; 2.075.048,27 ;49%
RN;PARNAMIRIM;2403251; 10.653,39 ; 10.653,39 ; -   ;0%
RN;PASSA E FICA;2409100; 7.402,46 ; 10.194,38 ; 10.708.782,44 ;44%
RN;PASSAGEM;2409209; 8.669,75 ; 10.194,38 ; 1.658.988,65 ;42%
RN;PATU;2409308; 9.918,70 ; 10.194,38 ; 407.129,11 ;49%
RN;PAU DOS FERROS;2409407; 10.233,22 ; 10.233,22 ; -   ;0%
RN;PEDRA GRANDE;2409506; 10.071,13 ; 10.194,38 ; 141.171,20 ;53%
RN;PEDRA PRETA;2409605; 12.500,51 ; 12.500,51 ; -   ;0%
RN;PEDRO AVELINO;2409704; 10.161,90 ; 10.194,38 ; 43.421,33 ;46%
RN;PEDRO VELHO;2409803; 6.147,34 ; 10.194,38 ; 19.231.779,40 ;46%
RN;PENDENCIAS;2409902; 10.600,52 ; 10.600,52 ; -   ;0%
RN;PILOES;2410009; 11.926,57 ; 11.926,57 ; -   ;0%
RN;POCO BRANCO;2410108; 7.344,25 ; 10.194,38 ; 7.850.269,74 ;52%
RN;PORTALEGRE;2410207; 8.369,14 ; 10.194,38 ; 3.225.822,42 ;49%
RN;PRESIDENTE JUSCELINO;2410306; 8.042,78 ; 10.194,38 ; 7.462.739,35 ;52%
RN;PUREZA;2410405; 6.748,58 ; 10.194,38 ; 9.171.966,77 ;51%
RN;RAFAEL GODEIRO;2410603; 11.106,41 ; 11.106,41 ; -   ;0%
RN;RIACHO DA CRUZ;2410702; 9.027,65 ; 10.194,38 ; 907.217,25 ;44%
RN;RIACHO DE SANTANA;2410801; 9.808,84 ; 10.194,38 ; 332.646,34 ;54%
RN;RIACHUELO;2410900; 9.138,83 ; 10.194,38 ; 1.817.462,49 ;46%
RN;RIO DO FOGO;2408953; 8.887,15 ; 10.194,38 ; 3.904.924,75 ;56%
RN;Rio Grande do Norte;24; 12.390,10 ; 12.390,10 ; -   ;0%
RN;RODOLFO FERNANDES;2411007; 9.380,79 ; 10.194,38 ; 792.977,05 ;33%
RN;RUY BARBOSA;2411106; 11.256,28 ; 11.256,28 ; -   ;0%
RN;SANTA CRUZ;2411205; 9.069,47 ; 10.194,38 ; 5.785.525,07 ;52%
RN;SANTA MARIA;2409332; 8.905,96 ; 10.194,38 ; 1.662.391,20 ;31%
RN;SANTANA DO MATOS;2411403; 9.340,25 ; 10.194,38 ; 1.609.073,80 ;53%
RN;SANTANA DO SERIDO;2411429; 11.993,46 ; 11.993,46 ; -   ;0%
RN;SANTO ANTONIO;2411502; 8.854,94 ; 10.194,38 ; 4.578.368,30 ;50%
RN;SAO BENTO DO NORTE;2411601; 11.592,39 ; 11.592,39 ; -   ;0%
RN;SAO BENTO DO TRAIRI;2411700; 9.243,55 ; 10.194,38 ; 891.510,86 ;46%
RN;SAO FERNANDO;2411809; 10.593,82 ; 10.593,82 ; -   ;0%
RN;SAO FRANCISCO DO OESTE;2411908; 10.118,38 ; 10.194,38 ; 81.891,17 ;47%
RN;SAO GONCALO DO AMARANTE;2412005; 9.016,89 ; 10.194,38 ; 20.666.524,61 ;56%
RN;SAO JOAO DO SABUGI;2412104; 8.314,90 ; 10.194,38 ; 2.055.960,15 ;43%
RN;SAO JOSE DE MIPIBU;2412203; 7.681,26 ; 10.194,38 ; 29.702.438,03 ;53%
RN;SAO JOSE DO CAMPESTRE;2412302; 11.027,62 ; 11.027,62 ; -   ;0%
RN;SAO JOSE DO SERIDO;2412401; 9.801,16 ; 10.194,38 ; 361.780,80 ;48%
RN;SAO MIGUEL;2412500; 8.720,39 ; 10.194,38 ; 7.429.306,64 ;50%
RN;SAO MIGUEL DO GOSTOSO;2412559; 9.235,32 ; 10.194,38 ; 2.995.951,03 ;47%
RN;SAO PAULO DO POTENGI;2412609; 9.205,19 ; 10.194,38 ; 3.425.837,30 ;50%
RN;SAO PEDRO;2412708; 8.124,66 ; 10.194,38 ; 2.715.296,41 ;45%
RN;SAO RAFAEL;2412807; 8.238,55 ; 10.194,38 ; 1.968.339,70 ;52%
RN;SAO TOME;2412906; 9.877,76 ; 10.194,38 ; 929.660,22 ;34%
RN;SAO VICENTE;2413003; 9.449,76 ; 10.194,38 ; 774.602,77 ;52%
RN;SENADOR ELOI DE SOUZA;2413102; 8.493,58 ; 10.194,38 ; 2.272.147,21 ;47%
RN;SENADOR GEORGINO AVELINO;2413201; 8.481,55 ; 10.194,38 ; 2.097.180,19 ;42%
RN;SERRA DE SAO BENTO;2413300; 9.303,70 ; 10.194,38 ; 948.530,62 ;51%
RN;SERRA DO MEL;2413359; 9.577,46 ; 10.194,38 ; 2.482.145,53 ;50%
RN;SERRA NEGRA DO NORTE;2413409; 9.565,27 ; 10.194,38 ; 799.232,86 ;48%
RN;SERRINHA;2413508; 8.413,97 ; 10.194,38 ; 3.070.228,92 ;50%
RN;SERRINHA DOS PINTOS;2413557; 8.382,63 ; 10.194,38 ; 2.128.699,87 ;47%
RN;SEVERIANO MELO;2413607; 8.857,14 ; 10.194,38 ; 1.601.774,03 ;52%
RN;SITIO NOVO;2413706; 8.455,20 ; 10.194,38 ; 2.560.391,46 ;54%
RN;TABOLEIRO GRANDE;2413805; 11.475,29 ; 11.475,29 ; -   ;0%
RN;TAIPU;2413904; 8.520,73 ; 10.194,38 ; 3.716.198,72 ;58%
RN;TANGARA;2414001; 7.976,55 ; 10.194,38 ; 6.765.443,01 ;51%
RN;TENENTE ANANIAS;2414100; 7.959,84 ; 10.194,38 ; 5.357.876,29 ;47%
RN;TENENTE LAURENTINO CRUZ;2414159; 8.463,17 ; 10.194,38 ; 2.988.315,45 ;50%
RN;TIBAU;2411056; 12.999,24 ; 12.999,24 ; -   ;0%
RN;TIBAU DO SUL;2414209; 9.949,25 ; 10.194,38 ; 914.873,34 ;57%
RN;TIMBAUBA DOS BATISTAS;2414308; 11.707,24 ; 11.707,24 ; -   ;0%
RN;TOUROS;2414407; 7.550,63 ; 10.194,38 ; 23.887.030,85 ;51%
RN;TRIUNFO POTIGUAR;2414456; 9.518,75 ; 10.194,38 ; 598.540,07 ;40%
RN;UMARIZAL;2414506; 8.798,42 ; 10.194,38 ; 1.773.130,21 ;49%
RN;UPANEMA;2414605; 10.411,75 ; 10.411,75 ; -   ;0%
RN;VARZEA;2414704; 9.690,00 ; 10.194,38 ; 427.790,62 ;54%
RN;VENHA-VER;2414753; 9.124,73 ; 10.194,38 ; 1.287.870,90 ;52%
RN;VERA CRUZ;2414803; 8.456,67 ; 10.194,38 ; 6.122.169,16 ;56%
RN;VICOSA;2414902; 10.443,27 ; 10.443,27 ; -   ;0%
RN;VILA FLOR;2415008; 9.960,51 ; 10.194,38 ; 191.136,44 ;45%
RO;ALTA FLORESTA DOESTE;1100015; 10.447,27 ; 10.447,27 ; -   ;0%
RO;ALTO ALEGRE DOS PARECIS;1100379; 10.340,30 ; 10.340,30 ; -   ;0%
RO;ALTO PARAISO;1100403; 11.681,46 ; 11.681,46 ; -   ;0%
RO;ALVORADA DOESTE;1100346; 10.452,01 ; 10.452,01 ; -   ;0%
RO;ARIQUEMES;1100023; 11.111,96 ; 11.111,96 ; -   ;0%
RO;BURITIS;1100452; 11.020,02 ; 11.020,02 ; -   ;0%
RO;CABIXI;1100031; 11.915,26 ; 11.915,26 ; -   ;0%
RO;CACAULANDIA;1100601; 13.332,78 ; 13.332,78 ; -   ;0%
RO;CACOAL;1100049; 11.325,55 ; 11.325,55 ; -   ;0%
RO;CAMPO NOVO DE RONDONIA;1100700; 11.478,54 ; 11.478,54 ; -   ;0%
RO;CANDEIAS DO JAMARI;1100809; 9.463,80 ; 10.194,38 ; 3.370.635,41 ;57%
RO;CASTANHEIRAS;1100908; 12.081,53 ; 12.081,53 ; -   ;0%
RO;CEREJEIRAS;1100056; 11.010,01 ; 11.010,01 ; -   ;0%
RO;CHUPINGUAIA;1100924; 12.191,24 ; 12.191,24 ; -   ;0%
RO;COLORADO DO OESTE;1100064; 11.526,33 ; 11.526,33 ; -   ;0%
RO;CORUMBIARA;1100072; 12.269,01 ; 12.269,01 ; -   ;0%
RO;COSTA MARQUES;1100080; 11.039,87 ; 11.039,87 ; -   ;0%
RO;CUJUBIM;1100940; 11.105,94 ; 11.105,94 ; -   ;0%
RO;ESPIGAO DOESTE;1100098; 10.443,49 ; 10.443,49 ; -   ;0%
RO;GOVERNADOR JORGE TEIXEIRA;1101005; 12.216,16 ; 12.216,16 ; -   ;0%
RO;GUAJARA-MIRIM;1100106; 10.373,08 ; 10.373,08 ; -   ;0%
RO;ITAPUA DO OESTE;1101104; 11.314,10 ; 11.314,10 ; -   ;0%
RO;JARU;1100114; 10.510,93 ; 10.510,93 ; -   ;0%
RO;JI-PARANA;1100122; 11.577,56 ; 11.577,56 ; -   ;0%
RO;MACHADINHO DOESTE;1100130; 10.288,07 ; 10.288,07 ; -   ;0%
RO;MINISTRO ANDREAZZA;1101203; 11.109,78 ; 11.109,78 ; -   ;0%
RO;MIRANTE DA SERRA;1101302; 10.669,81 ; 10.669,81 ; -   ;0%
RO;MONTE NEGRO;1101401; 11.251,85 ; 11.251,85 ; -   ;0%
RO;NOVA BRASILANDIA DOESTE;1100148; 11.116,45 ; 11.116,45 ; -   ;0%
RO;NOVA MAMORE;1100338; 10.385,45 ; 10.385,45 ; -   ;0%
RO;NOVA UNIAO;1101435; 10.368,49 ; 10.368,49 ; -   ;0%
RO;NOVO HORIZONTE DO OESTE;1100502; 11.450,56 ; 11.450,56 ; -   ;0%
RO;OURO PRETO DO OESTE;1100155; 11.347,67 ; 11.347,67 ; -   ;0%
RO;PARECIS;1101450; 15.123,24 ; 15.123,24 ; -   ;0%
RO;PIMENTA BUENO;1100189; 10.805,78 ; 10.805,78 ; -   ;0%
RO;PIMENTEIRAS DO OESTE;1101468; 17.806,00 ; 17.806,00 ; -   ;0%
RO;PORTO VELHO;1100205; 13.030,58 ; 13.030,58 ; -   ;0%
RO;PRESIDENTE MEDICI;1100254; 12.219,53 ; 12.219,53 ; -   ;0%
RO;PRIMAVERA DE RONDONIA;1101476; 12.365,98 ; 12.365,98 ; -   ;0%
RO;RIO CRESPO;1100262; 15.859,92 ; 15.859,92 ; -   ;0%
RO;ROLIM DE MOURA;1100288; 10.850,51 ; 10.850,51 ; -   ;0%
RO;Rondônia;11; 14.463,59 ; 14.463,59 ; -   ;0%
RO;SANTA LUZIA DOESTE;1100296; 11.313,26 ; 11.313,26 ; -   ;0%
RO;SAO FELIPE DOESTE;1101484; 12.575,97 ; 12.575,97 ; -   ;0%
RO;SAO FRANCISCO DO GUAPORE;1101492; 10.579,28 ; 10.579,28 ; -   ;0%
RO;SAO MIGUEL DO GUAPORE;1100320; 11.478,68 ; 11.478,68 ; -   ;0%
RO;SERINGUEIRAS;1101500; 8.880,58 ; 10.194,38 ; 2.561.028,21 ;60%
RO;TEIXEIROPOLIS;1101559; 12.506,64 ; 12.506,64 ; -   ;0%
RO;THEOBROMA;1101609; 10.661,57 ; 10.661,57 ; -   ;0%
RO;URUPA;1101708; 11.283,92 ; 11.283,92 ; -   ;0%
RO;VALE DO ANARI;1101757; 12.870,88 ; 12.870,88 ; -   ;0%
RO;VALE DO PARAISO;1101807; 9.338,38 ; 10.194,38 ; 1.205.420,00 ;59%
RO;VILHENA;1100304; 11.921,62 ; 11.921,62 ; -   ;0%
RR;ALTO ALEGRE;1400050; 8.543,20 ; 10.194,38 ; 5.519.510,41 ;57%
RR;AMAJARI;1400027; 10.309,01 ; 10.309,01 ; -   ;0%
RR;BOA VISTA;1400100; 12.274,76 ; 12.274,76 ; -   ;0%
RR;BONFIM;1400159; 9.957,28 ; 10.194,38 ; 1.232.917,64 ;61%
RR;CANTA;1400175; 11.485,64 ; 11.485,64 ; -   ;0%
RR;CARACARAI;1400209; 10.895,87 ; 10.895,87 ; -   ;0%
RR;CAROEBE;1400233; 10.784,01 ; 10.784,01 ; -   ;0%
RR;IRACEMA;1400282; 11.970,52 ; 11.970,52 ; -   ;0%
RR;MUCAJAI;1400308; 12.748,21 ; 12.748,21 ; -   ;0%
RR;NORMANDIA;1400407; 8.341,43 ; 10.194,38 ; 12.211.631,30 ;43%
RR;PACARAIMA;1400456; 9.785,64 ; 10.194,38 ; 2.755.092,79 ;58%
RR;Roraima;14; 16.368,03 ; 16.368,03 ; -   ;0%
RR;RORAINOPOLIS;1400472; 9.535,84 ; 10.194,38 ; 4.937.281,25 ;55%
RR;SAO JOAO DA BALIZA;1400506; 11.707,34 ; 11.707,34 ; -   ;0%
RR;SAO LUIZ;1400605; 11.569,12 ; 11.569,12 ; -   ;0%
RR;UIRAMUTA;1400704; 8.574,15 ; 10.194,38 ; 6.359.473,24 ;63%
RS;ACEGUA;4300034; 13.081,57 ; 13.081,57 ; -   ;0%
RS;AGUA SANTA;4300059; 13.280,83 ; 13.280,83 ; -   ;0%
RS;AGUDO;4300109; 11.305,88 ; 11.305,88 ; -   ;0%
RS;AJURICABA;4300208; 12.951,16 ; 12.951,16 ; -   ;0%
RS;ALECRIM;4300307; 12.394,38 ; 12.394,38 ; -   ;0%
RS;ALEGRETE;4300406; 13.576,81 ; 13.576,81 ; -   ;0%
RS;ALEGRIA;4300455; 12.871,73 ; 12.871,73 ; -   ;0%
RS;ALMIRANTE TAMANDARE DO SUL;4300471; 14.348,02 ; 14.348,02 ; -   ;0%
RS;ALPESTRE;4300505; 13.464,70 ; 13.464,70 ; -   ;0%
RS;ALTO ALEGRE;4300554; 17.577,82 ; 17.577,82 ; -   ;0%
RS;ALTO FELIZ;4300570; 11.174,05 ; 11.174,05 ; -   ;0%
RS;ALVORADA;4300604; 11.053,28 ; 11.053,28 ; -   ;0%
RS;AMARAL FERRADOR;4300638; 10.799,06 ; 10.799,06 ; -   ;0%
RS;AMETISTA DO SUL;4300646; 11.721,79 ; 11.721,79 ; -   ;0%
RS;ANDRE DA ROCHA;4300661; 19.982,23 ; 19.982,23 ; -   ;0%
RS;ANTA GORDA;4300703; 15.977,96 ; 15.977,96 ; -   ;0%
RS;ANTONIO PRADO;4300802; 14.174,58 ; 14.174,58 ; -   ;0%
RS;ARAMBARE;4300851; 13.962,26 ; 13.962,26 ; -   ;0%
RS;ARARICA;4300877; 9.896,95 ; 10.194,38 ; 795.838,21 ;47%
RS;ARATIBA;4300901; 16.400,51 ; 16.400,51 ; -   ;0%
RS;ARROIO DO MEIO;4301008; 10.253,98 ; 10.253,98 ; -   ;0%
RS;ARROIO DO PADRE;4301073; 13.713,18 ; 13.713,18 ; -   ;0%
RS;ARROIO DO SAL;4301057; 13.339,28 ; 13.339,28 ; -   ;0%
RS;ARROIO DO TIGRE;4301206; 10.389,35 ; 10.389,35 ; -   ;0%
RS;ARROIO DOS RATOS;4301107; 11.607,92 ; 11.607,92 ; -   ;0%
RS;ARROIO GRANDE;4301305; 13.359,11 ; 13.359,11 ; -   ;0%
RS;ARVOREZINHA;4301404; 11.322,30 ; 11.322,30 ; -   ;0%
RS;AUGUSTO PESTANA;4301503; 14.196,13 ; 14.196,13 ; -   ;0%
RS;AUREA;4301552; 11.561,90 ; 11.561,90 ; -   ;0%
RS;BAGE;4301602; 12.662,71 ; 12.662,71 ; -   ;0%
RS;BALNEARIO PINHAL;4301636; 10.404,06 ; 10.404,06 ; -   ;0%
RS;BARAO;4301651; 11.234,49 ; 11.234,49 ; -   ;0%
RS;BARAO DE COTEGIPE;4301701; 11.408,27 ; 11.408,27 ; -   ;0%
RS;BARAO DO TRIUNFO;4301750; 12.511,30 ; 12.511,30 ; -   ;0%
RS;BARRA DO GUARITA;4301859; 12.538,25 ; 12.538,25 ; -   ;0%
RS;BARRA DO QUARAI;4301875; 10.492,46 ; 10.492,46 ; -   ;0%
RS;BARRA DO RIBEIRO;4301909; 12.512,47 ; 12.512,47 ; -   ;0%
RS;BARRA DO RIO AZUL;4301925; 28.843,07 ; 28.843,07 ; -   ;0%
RS;BARRA FUNDA;4301958; 15.128,80 ; 15.128,80 ; -   ;0%
RS;BARRACAO;4301800; 12.428,57 ; 12.428,57 ; -   ;0%
RS;BARROS CASSAL;4302006; 11.568,53 ; 11.568,53 ; -   ;0%
RS;BENJAMIN CONSTANT DO SUL;4302055; 10.122,44 ; 10.194,38 ; 35.769,87 ;36%
RS;BENTO GONCALVES;4302105; 12.405,92 ; 12.405,92 ; -   ;0%
RS;BOA VISTA DAS MISSOES;4302154; 11.436,86 ; 11.436,86 ; -   ;0%
RS;BOA VISTA DO BURICA;4302204; 11.056,32 ; 11.056,32 ; -   ;0%
RS;BOA VISTA DO CADEADO;4302220; 15.043,36 ; 15.043,36 ; -   ;0%
RS;BOA VISTA DO INCRA;4302238; 13.931,88 ; 13.931,88 ; -   ;0%
RS;BOA VISTA DO SUL;4302253; 14.214,96 ; 14.214,96 ; -   ;0%
RS;BOM JESUS;4302303; 10.842,43 ; 10.842,43 ; -   ;0%
RS;BOM PRINCIPIO;4302352; 11.475,97 ; 11.475,97 ; -   ;0%
RS;BOM PROGRESSO;4302378; 12.725,57 ; 12.725,57 ; -   ;0%
RS;BOM RETIRO DO SUL;4302402; 10.519,39 ; 10.519,39 ; -   ;0%
RS;BOQUEIRAO DO LEAO;4302451; 11.697,58 ; 11.697,58 ; -   ;0%
RS;BOSSOROCA;4302501; 12.349,63 ; 12.349,63 ; -   ;0%
RS;BOZANO;4302584; 16.441,87 ; 16.441,87 ; -   ;0%
RS;BRAGA;4302600; 14.525,80 ; 14.525,80 ; -   ;0%
RS;BROCHIER;4302659; 11.897,32 ; 11.897,32 ; -   ;0%
RS;BUTIA;4302709; 11.595,14 ; 11.595,14 ; -   ;0%
RS;CACAPAVA DO SUL;4302808; 11.441,21 ; 11.441,21 ; -   ;0%
RS;CACEQUI;4302907; 12.999,17 ; 12.999,17 ; -   ;0%
RS;CACHOEIRA DO SUL;4303004; 12.419,06 ; 12.419,06 ; -   ;0%
RS;CACHOEIRINHA;4303103; 11.923,24 ; 11.923,24 ; -   ;0%
RS;CACIQUE DOBLE;4303202; 11.026,26 ; 11.026,26 ; -   ;0%
RS;CAIBATE;4303301; 12.115,62 ; 12.115,62 ; -   ;0%
RS;CAICARA;4303400; 35.057,55 ; 35.057,55 ; -   ;0%
RS;CAMAQUA;4303509; 11.829,56 ; 11.829,56 ; -   ;0%
RS;CAMARGO;4303558; 12.346,36 ; 12.346,36 ; -   ;0%
RS;CAMBARA DO SUL;4303608; 13.537,85 ; 13.537,85 ; -   ;0%
RS;CAMPESTRE DA SERRA;4303673; 14.086,95 ; 14.086,95 ; -   ;0%
RS;CAMPINA DAS MISSOES;4303707; 12.232,84 ; 12.232,84 ; -   ;0%
RS;CAMPINAS DO SUL;4303806; 13.693,00 ; 13.693,00 ; -   ;0%
RS;CAMPO BOM;4303905; 12.127,82 ; 12.127,82 ; -   ;0%
RS;CAMPO NOVO;4304002; 12.622,23 ; 12.622,23 ; -   ;0%
RS;CAMPOS BORGES;4304101; 13.740,88 ; 13.740,88 ; -   ;0%
RS;CANDELARIA;4304200; 11.199,98 ; 11.199,98 ; -   ;0%
RS;CANDIDO GODOI;4304309; 14.320,23 ; 14.320,23 ; -   ;0%
RS;CANDIOTA;4304358; 17.621,15 ; 17.621,15 ; -   ;0%
RS;CANELA;4304408; 11.206,98 ; 11.206,98 ; -   ;0%
RS;CANGUCU;4304507; 10.792,64 ; 10.792,64 ; -   ;0%
RS;CANOAS;4304606; 15.040,27 ; 15.040,27 ; -   ;0%
RS;CANUDOS DO VALE;4304614; 14.372,03 ; 14.372,03 ; -   ;0%
RS;CAPAO BONITO DO SUL;4304622; 12.513,75 ; 12.513,75 ; -   ;0%
RS;CAPAO DA CANOA;4304630; 13.226,93 ; 13.226,93 ; -   ;0%
RS;CAPAO DO CIPO;4304655; 19.339,31 ; 19.339,31 ; -   ;0%
RS;CAPAO DO LEAO;4304663; 11.564,36 ; 11.564,36 ; -   ;0%
RS;CAPELA DE SANTANA;4304689; 10.631,46 ; 10.631,46 ; -   ;0%
RS;CAPITAO;4304697; 11.738,49 ; 11.738,49 ; -   ;0%
RS;CAPIVARI DO SUL;4304671; 11.916,26 ; 11.916,26 ; -   ;0%
RS;CARAA;4304713; 9.675,89 ; 10.194,38 ; 743.669,82 ;47%
RS;CARAZINHO;4304705; 12.020,73 ; 12.020,73 ; -   ;0%
RS;CARLOS BARBOSA;4304804; 14.173,72 ; 14.173,72 ; -   ;0%
RS;CARLOS GOMES;4304853; 14.031,01 ; 14.031,01 ; -   ;0%
RS;CASCA;4304903; 11.929,14 ; 11.929,14 ; -   ;0%
RS;CASEIROS;4304952; 13.429,05 ; 13.429,05 ; -   ;0%
RS;CATUIPE;4305009; 13.294,41 ; 13.294,41 ; -   ;0%
RS;CAXIAS DO SUL;4305108; 14.509,03 ; 14.509,03 ; -   ;0%
RS;CENTENARIO;4305116; 14.901,69 ; 14.901,69 ; -   ;0%
RS;CERRITO;4305124; 11.720,82 ; 11.720,82 ; -   ;0%
RS;CERRO BRANCO;4305132; 12.240,06 ; 12.240,06 ; -   ;0%
RS;CERRO GRANDE;4305157; 9.548,38 ; 10.194,38 ; 393.548,71 ;38%
RS;CERRO GRANDE DO SUL;4305173; 11.887,49 ; 11.887,49 ; -   ;0%
RS;CERRO LARGO;4305207; 12.795,72 ; 12.795,72 ; -   ;0%
RS;CHAPADA;4305306; 10.773,17 ; 10.773,17 ; -   ;0%
RS;CHARQUEADAS;4305355; 12.469,64 ; 12.469,64 ; -   ;0%
RS;CHARRUA;4305371; 13.523,74 ; 13.523,74 ; -   ;0%
RS;CHIAPETTA;4305405; 13.356,56 ; 13.356,56 ; -   ;0%
RS;CHUI;4305439; 12.265,64 ; 12.265,64 ; -   ;0%
RS;CHUVISCA;4305447; 11.823,88 ; 11.823,88 ; -   ;0%
RS;CIDREIRA;4305454; 13.271,36 ; 13.271,36 ; -   ;0%
RS;CIRIACO;4305504; 11.420,08 ; 11.420,08 ; -   ;0%
RS;COLINAS;4305587; 12.866,34 ; 12.866,34 ; -   ;0%
RS;COLORADO;4305603; 15.356,58 ; 15.356,58 ; -   ;0%
RS;CONDOR;4305702; 12.461,93 ; 12.461,93 ; -   ;0%
RS;CONSTANTINA;4305801; 12.264,22 ; 12.264,22 ; -   ;0%
RS;COQUEIRO BAIXO;4305835; 15.021,56 ; 15.021,56 ; -   ;0%
RS;COQUEIROS DO SUL;4305850; 16.313,66 ; 16.313,66 ; -   ;0%
RS;CORONEL BARROS;4305871; 14.337,72 ; 14.337,72 ; -   ;0%
RS;CORONEL BICACO;4305900; 13.778,81 ; 13.778,81 ; -   ;0%
RS;CORONEL PILAR;4305934; 17.028,94 ; 17.028,94 ; -   ;0%
RS;COTIPORA;4305959; 14.487,27 ; 14.487,27 ; -   ;0%
RS;COXILHA;4305975; 13.774,56 ; 13.774,56 ; -   ;0%
RS;CRISSIUMAL;4306007; 11.410,48 ; 11.410,48 ; -   ;0%
RS;CRISTAL;4306056; 12.971,21 ; 12.971,21 ; -   ;0%
RS;CRISTAL DO SUL;4306072; 13.323,37 ; 13.323,37 ; -   ;0%
RS;CRUZ ALTA;4306106; 12.516,63 ; 12.516,63 ; -   ;0%
RS;CRUZALTENSE;4306130; 14.950,96 ; 14.950,96 ; -   ;0%
RS;CRUZEIRO DO SUL;4306205; 12.448,59 ; 12.448,59 ; -   ;0%
RS;DAVID CANABARRO;4306304; 14.100,88 ; 14.100,88 ; -   ;0%
RS;DERRUBADAS;4306320; 12.960,71 ; 12.960,71 ; -   ;0%
RS;DEZESSEIS DE NOVEMBRO;4306353; 14.848,55 ; 14.848,55 ; -   ;0%
RS;DILERMANDO DE AGUIAR;4306379; 14.634,89 ; 14.634,89 ; -   ;0%
RS;DOIS IRMAOS;4306403; 11.346,38 ; 11.346,38 ; -   ;0%
RS;DOIS IRMAOS DAS MISSOES;4306429; 12.365,24 ; 12.365,24 ; -   ;0%
RS;DOIS LAJEADOS;4306452; 15.827,15 ; 15.827,15 ; -   ;0%
RS;DOM FELICIANO;4306502; 11.809,57 ; 11.809,57 ; -   ;0%
RS;DOM PEDRITO;4306601; 13.529,35 ; 13.529,35 ; -   ;0%
RS;DOM PEDRO DE ALCANTARA;4306551; 11.233,05 ; 11.233,05 ; -   ;0%
RS;DONA FRANCISCA;4306700; 13.631,93 ; 13.631,93 ; -   ;0%
RS;DOUTOR MAURICIO CARDOSO;4306734; 13.215,91 ; 13.215,91 ; -   ;0%
RS;DOUTOR RICARDO;4306759; 17.878,65 ; 17.878,65 ; -   ;0%
RS;ELDORADO DO SUL;4306767; 15.837,14 ; 15.837,14 ; -   ;0%
RS;ENCANTADO;4306809; 11.607,38 ; 11.607,38 ; -   ;0%
RS;ENCRUZILHADA DO SUL;4306908; 11.597,56 ; 11.597,56 ; -   ;0%
RS;ENGENHO VELHO;4306924; 12.655,63 ; 12.655,63 ; -   ;0%
RS;ENTRE RIOS DO SUL;4306957; 12.420,70 ; 12.420,70 ; -   ;0%
RS;ENTRE-IJUIS;4306932; 12.167,57 ; 12.167,57 ; -   ;0%
RS;EREBANGO;4306973; 14.041,18 ; 14.041,18 ; -   ;0%
RS;ERECHIM;4307005; 14.918,56 ; 14.918,56 ; -   ;0%
RS;ERNESTINA;4307054; 12.795,77 ; 12.795,77 ; -   ;0%
RS;ERVAL GRANDE;4307203; 9.040,73 ; 10.194,38 ; 1.164.575,72 ;42%
RS;ERVAL SECO;4307302; 10.384,21 ; 10.384,21 ; -   ;0%
RS;ESMERALDA;4307401; 15.375,47 ; 15.375,47 ; -   ;0%
RS;ESPERANCA DO SUL;4307450; 10.601,03 ; 10.601,03 ; -   ;0%
RS;ESPUMOSO;4307500; 12.473,88 ; 12.473,88 ; -   ;0%
RS;ESTACAO;4307559; 11.768,01 ; 11.768,01 ; -   ;0%
RS;ESTANCIA VELHA;4307609; 11.352,63 ; 11.352,63 ; -   ;0%
RS;ESTEIO;4307708; 10.885,81 ; 10.885,81 ; -   ;0%
RS;ESTRELA;4307807; 11.694,22 ; 11.694,22 ; -   ;0%
RS;ESTRELA VELHA;4307815; 13.795,21 ; 13.795,21 ; -   ;0%
RS;EUGENIO DE CASTRO;4307831; 16.753,85 ; 16.753,85 ; -   ;0%
RS;FAGUNDES VARELA;4307864; 15.835,49 ; 15.835,49 ; -   ;0%
RS;FARROUPILHA;4307906; 12.225,99 ; 12.225,99 ; -   ;0%
RS;FAXINAL DO SOTURNO;4308003; 12.939,72 ; 12.939,72 ; -   ;0%
RS;FAXINALZINHO;4308052; 17.437,61 ; 17.437,61 ; -   ;0%
RS;FAZENDA VILANOVA;4308078; 11.700,76 ; 11.700,76 ; -   ;0%
RS;FELIZ;4308102; 11.744,06 ; 11.744,06 ; -   ;0%
RS;FLORES DA CUNHA;4308201; 12.624,87 ; 12.624,87 ; -   ;0%
RS;FLORIANO PEIXOTO;4308250; 15.970,66 ; 15.970,66 ; -   ;0%
RS;FONTOURA XAVIER;4308300; 11.626,80 ; 11.626,80 ; -   ;0%
RS;FORMIGUEIRO;4308409; 12.560,50 ; 12.560,50 ; -   ;0%
RS;FORQUETINHA;4308433; 11.134,79 ; 11.134,79 ; -   ;0%
RS;FORTALEZA DOS VALOS;4308458; 13.814,08 ; 13.814,08 ; -   ;0%
RS;FREDERICO WESTPHALEN;4308508; 11.401,65 ; 11.401,65 ; -   ;0%
RS;GARIBALDI;4308607; 14.526,94 ; 14.526,94 ; -   ;0%
RS;GARRUCHOS;4308656; 17.384,37 ; 17.384,37 ; -   ;0%
RS;GAURAMA;4308706; 12.364,31 ; 12.364,31 ; -   ;0%
RS;GENERAL CAMARA;4308805; 12.599,84 ; 12.599,84 ; -   ;0%
RS;GENTIL;4308854; 16.395,27 ; 16.395,27 ; -   ;0%
RS;GETULIO VARGAS;4308904; 11.446,72 ; 11.446,72 ; -   ;0%
RS;GIRUA;4309001; 11.909,28 ; 11.909,28 ; -   ;0%
RS;GLORINHA;4309050; 11.142,65 ; 11.142,65 ; -   ;0%
RS;GRAMADO;4309100; 16.662,45 ; 16.662,45 ; -   ;0%
RS;GRAMADO DOS LOUREIROS;4309126; 13.559,31 ; 13.559,31 ; -   ;0%
RS;GRAMADO XAVIER;4309159; 11.127,98 ; 11.127,98 ; -   ;0%
RS;GRAVATAI;4309209; 11.757,91 ; 11.757,91 ; -   ;0%
RS;GUABIJU;4309258; 27.469,16 ; 27.469,16 ; -   ;0%
RS;GUAIBA;4309308; 12.336,51 ; 12.336,51 ; -   ;0%
RS;GUAPORE;4309407; 12.114,70 ; 12.114,70 ; -   ;0%
RS;GUARANI DAS MISSOES;4309506; 11.364,84 ; 11.364,84 ; -   ;0%
RS;HARMONIA;4309555; 10.109,11 ; 10.194,38 ; 96.976,70 ;34%
RS;HERVAL;4307104; 13.169,99 ; 13.169,99 ; -   ;0%
RS;HERVEIRAS;4309571; 11.350,37 ; 11.350,37 ; -   ;0%
RS;HORIZONTINA;4309605; 14.000,35 ; 14.000,35 ; -   ;0%
RS;HULHA NEGRA;4309654; 12.809,85 ; 12.809,85 ; -   ;0%
RS;HUMAITA;4309704; 11.838,73 ; 11.838,73 ; -   ;0%
RS;IBARAMA;4309753; 12.267,33 ; 12.267,33 ; -   ;0%
RS;IBIACA;4309803; 14.030,33 ; 14.030,33 ; -   ;0%
RS;IBIRAIARAS;4309902; 11.921,06 ; 11.921,06 ; -   ;0%
RS;IBIRAPUITA;4309951; 11.708,59 ; 11.708,59 ; -   ;0%
RS;IBIRUBA;4310009; 13.685,01 ; 13.685,01 ; -   ;0%
RS;IGREJINHA;4310108; 10.796,01 ; 10.796,01 ; -   ;0%
RS;IJUI;4310207; 13.192,83 ; 13.192,83 ; -   ;0%
RS;ILOPOLIS;4310306; 13.144,94 ; 13.144,94 ; -   ;0%
RS;IMBE;4310330; 12.439,70 ; 12.439,70 ; -   ;0%
RS;IMIGRANTE;4310363; 14.528,74 ; 14.528,74 ; -   ;0%
RS;INDEPENDENCIA;4310405; 12.137,65 ; 12.137,65 ; -   ;0%
RS;INHACORA;4310413; 14.349,88 ; 14.349,88 ; -   ;0%
RS;IPE;4310439; 14.414,25 ; 14.414,25 ; -   ;0%
RS;IPIRANGA DO SUL;4310462; 14.882,06 ; 14.882,06 ; -   ;0%
RS;IRAI;4310504; 9.911,53 ; 10.194,38 ; 381.465,05 ;45%
RS;ITAARA;4310538; 13.703,84 ; 13.703,84 ; -   ;0%
RS;ITACURUBI;4310553; 14.184,61 ; 14.184,61 ; -   ;0%
RS;ITAPUCA;4310579; 12.013,35 ; 12.013,35 ; -   ;0%
RS;ITAQUI;4310603; 12.960,10 ; 12.960,10 ; -   ;0%
RS;ITATI;4310652; 11.128,77 ; 11.128,77 ; -   ;0%
RS;ITATIBA DO SUL;4310702; 13.108,29 ; 13.108,29 ; -   ;0%
RS;IVORA;4310751; 22.918,31 ; 22.918,31 ; -   ;0%
RS;IVOTI;4310801; 11.228,51 ; 11.228,51 ; -   ;0%
RS;JABOTICABA;4310850; 11.915,28 ; 11.915,28 ; -   ;0%
RS;JACUIZINHO;4310876; 15.277,96 ; 15.277,96 ; -   ;0%
RS;JACUTINGA;4310900; 14.065,23 ; 14.065,23 ; -   ;0%
RS;JAGUARAO;4311007; 12.527,45 ; 12.527,45 ; -   ;0%
RS;JAGUARI;4311106; 14.139,57 ; 14.139,57 ; -   ;0%
RS;JAQUIRANA;4311122; 15.313,63 ; 15.313,63 ; -   ;0%
RS;JARI;4311130; 14.672,17 ; 14.672,17 ; -   ;0%
RS;JOIA;4311155; 15.492,57 ; 15.492,57 ; -   ;0%
RS;JULIO DE CASTILHOS;4311205; 12.970,67 ; 12.970,67 ; -   ;0%
RS;LAGOA BONITA DO SUL;4311239; 14.331,90 ; 14.331,90 ; -   ;0%
RS;LAGOA DOS TRES CANTOS;4311270; 14.155,86 ; 14.155,86 ; -   ;0%
RS;LAGOA VERMELHA;4311304; 12.547,39 ; 12.547,39 ; -   ;0%
RS;LAGOAO;4311254; 11.785,16 ; 11.785,16 ; -   ;0%
RS;LAJEADO;4311403; 11.763,78 ; 11.763,78 ; -   ;0%
RS;LAJEADO DO BUGRE;4311429; 9.098,79 ; 10.194,38 ; 742.027,51 ;30%
RS;LAVRAS DO SUL;4311502; 12.310,36 ; 12.310,36 ; -   ;0%
RS;LIBERATO SALZANO;4311601; 12.240,65 ; 12.240,65 ; -   ;0%
RS;LINDOLFO COLLOR;4311627; 11.086,83 ; 11.086,83 ; -   ;0%
RS;LINHA NOVA;4311643; 16.473,18 ; 16.473,18 ; -   ;0%
RS;MACAMBARA;4311718; 14.535,58 ; 14.535,58 ; -   ;0%
RS;MACHADINHO;4311700; 12.291,37 ; 12.291,37 ; -   ;0%
RS;MAMPITUBA;4311734; 11.824,99 ; 11.824,99 ; -   ;0%
RS;MANOEL VIANA;4311759; 13.342,85 ; 13.342,85 ; -   ;0%
RS;MAQUINE;4311775; 11.508,96 ; 11.508,96 ; -   ;0%
RS;MARATA;4311791; 11.884,66 ; 11.884,66 ; -   ;0%
RS;MARAU;4311809; 11.244,51 ; 11.244,51 ; -   ;0%
RS;MARCELINO RAMOS;4311908; 14.594,88 ; 14.594,88 ; -   ;0%
RS;MARIANA PIMENTEL;4311981; 12.423,48 ; 12.423,48 ; -   ;0%
RS;MARIANO MORO;4312005; 19.270,70 ; 19.270,70 ; -   ;0%
RS;MARQUES DE SOUZA;4312054; 12.498,95 ; 12.498,95 ; -   ;0%
RS;MATA;4312104; 14.810,99 ; 14.810,99 ; -   ;0%
RS;MATO CASTELHANO;4312138; 9.403,43 ; 10.194,38 ; 571.700,78 ;55%
RS;MATO LEITAO;4312153; 10.648,30 ; 10.648,30 ; -   ;0%
RS;MATO QUEIMADO;4312179; 14.697,24 ; 14.697,24 ; -   ;0%
RS;MAXIMILIANO DE ALMEIDA;4312203; 11.028,11 ; 11.028,11 ; -   ;0%
RS;MINAS DO LEAO;4312252; 13.842,34 ; 13.842,34 ; -   ;0%
RS;MIRAGUAI;4312302; 12.543,98 ; 12.543,98 ; -   ;0%
RS;MONTAURI;4312351; 14.164,13 ; 14.164,13 ; -   ;0%
RS;MONTE ALEGRE DOS CAMPOS;4312377; 11.051,91 ; 11.051,91 ; -   ;0%
RS;MONTE BELO DO SUL;4312385; 12.133,04 ; 12.133,04 ; -   ;0%
RS;MONTENEGRO;4312401; 12.622,15 ; 12.622,15 ; -   ;0%
RS;MORMACO;4312427; 11.779,04 ; 11.779,04 ; -   ;0%
RS;MORRINHOS DO SUL;4312443; 11.529,98 ; 11.529,98 ; -   ;0%
RS;MORRO REDONDO;4312450; 13.083,68 ; 13.083,68 ; -   ;0%
RS;MORRO REUTER;4312476; 10.641,80 ; 10.641,80 ; -   ;0%
RS;MOSTARDAS;4312500; 10.996,28 ; 10.996,28 ; -   ;0%
RS;MUCUM;4312609; 14.777,71 ; 14.777,71 ; -   ;0%
RS;MUITOS CAPOES;4312617; 15.359,16 ; 15.359,16 ; -   ;0%
RS;MULITERNO;4312625; 23.360,80 ; 23.360,80 ; -   ;0%
RS;NAO-ME-TOQUE;4312658; 12.017,58 ; 12.017,58 ; -   ;0%
RS;NICOLAU VERGUEIRO;4312674; 14.677,56 ; 14.677,56 ; -   ;0%
RS;NONOAI;4312708; 11.187,72 ; 11.187,72 ; -   ;0%
RS;NOVA ALVORADA;4312757; 14.588,54 ; 14.588,54 ; -   ;0%
RS;NOVA ARACA;4312807; 12.097,59 ; 12.097,59 ; -   ;0%
RS;NOVA BASSANO;4312906; 13.082,97 ; 13.082,97 ; -   ;0%
RS;NOVA BOA VISTA;4312955; 14.069,62 ; 14.069,62 ; -   ;0%
RS;NOVA BRESCIA;4313003; 14.504,78 ; 14.504,78 ; -   ;0%
RS;NOVA CANDELARIA;4313011; 12.104,12 ; 12.104,12 ; -   ;0%
RS;NOVA ESPERANCA DO SUL;4313037; 11.810,22 ; 11.810,22 ; -   ;0%
RS;NOVA HARTZ;4313060; 10.563,57 ; 10.563,57 ; -   ;0%
RS;NOVA PADUA;4313086; 12.793,79 ; 12.793,79 ; -   ;0%
RS;NOVA PALMA;4313102; 15.780,26 ; 15.780,26 ; -   ;0%
RS;NOVA PETROPOLIS;4313201; 12.517,12 ; 12.517,12 ; -   ;0%
RS;NOVA PRATA;4313300; 12.696,43 ; 12.696,43 ; -   ;0%
RS;NOVA RAMADA;4313334; 13.962,66 ; 13.962,66 ; -   ;0%
RS;NOVA ROMA DO SUL;4313359; 15.522,20 ; 15.522,20 ; -   ;0%
RS;NOVA SANTA RITA;4313375; 12.521,85 ; 12.521,85 ; -   ;0%
RS;NOVO BARREIRO;4313490; 11.862,17 ; 11.862,17 ; -   ;0%
RS;NOVO CABRAIS;4313391; 11.565,49 ; 11.565,49 ; -   ;0%
RS;NOVO HAMBURGO;4313409; 13.174,96 ; 13.174,96 ; -   ;0%
RS;NOVO MACHADO;4313425; 16.987,65 ; 16.987,65 ; -   ;0%
RS;NOVO TIRADENTES;4313441; 12.871,30 ; 12.871,30 ; -   ;0%
RS;NOVO XINGU;4313466; 16.055,97 ; 16.055,97 ; -   ;0%
RS;OSORIO;4313508; 14.712,77 ; 14.712,77 ; -   ;0%
RS;PAIM FILHO;4313607; 13.998,19 ; 13.998,19 ; -   ;0%
RS;PALMARES DO SUL;4313656; 11.504,43 ; 11.504,43 ; -   ;0%
RS;PALMEIRA DAS MISSOES;4313706; 12.629,07 ; 12.629,07 ; -   ;0%
RS;PALMITINHO;4313805; 11.376,15 ; 11.376,15 ; -   ;0%
RS;PANAMBI;4313904; 12.173,51 ; 12.173,51 ; -   ;0%
RS;PANTANO GRANDE;4313953; 10.571,45 ; 10.571,45 ; -   ;0%
RS;PARAI;4314001; 12.481,18 ; 12.481,18 ; -   ;0%
RS;PARAISO DO SUL;4314027; 11.682,15 ; 11.682,15 ; -   ;0%
RS;PARECI NOVO;4314035; 10.122,64 ; 10.194,38 ; 78.857,40 ;36%
RS;PAROBE;4314050; 10.215,98 ; 10.215,98 ; -   ;0%
RS;PASSA SETE;4314068; 11.259,42 ; 11.259,42 ; -   ;0%
RS;PASSO DO SOBRADO;4314076; 11.129,04 ; 11.129,04 ; -   ;0%
RS;PASSO FUNDO;4314100; 13.628,79 ; 13.628,79 ; -   ;0%
RS;PAULO BENTO;4314134; 17.857,13 ; 17.857,13 ; -   ;0%
RS;PAVERAMA;4314159; 10.477,32 ; 10.477,32 ; -   ;0%
RS;PEDRAS ALTAS;4314175; 17.387,39 ; 17.387,39 ; -   ;0%
RS;PEDRO OSORIO;4314209; 12.230,99 ; 12.230,99 ; -   ;0%
RS;PEJUCARA;4314308; 14.696,66 ; 14.696,66 ; -   ;0%
RS;PELOTAS;4314407; 13.319,48 ; 13.319,48 ; -   ;0%
RS;PICADA CAFE;4314423; 11.925,94 ; 11.925,94 ; -   ;0%
RS;PINHAL;4314456; 11.799,05 ; 11.799,05 ; -   ;0%
RS;PINHAL DA SERRA;4314464; 15.187,04 ; 15.187,04 ; -   ;0%
RS;PINHAL GRANDE;4314472; 17.912,76 ; 17.912,76 ; -   ;0%
RS;PINHEIRINHO DO VALE;4314498; 9.445,65 ; 10.194,38 ; 752.848,14 ;39%
RS;PINHEIRO MACHADO;4314506; 12.337,24 ; 12.337,24 ; -   ;0%
RS;PINTO BANDEIRA;4314548; 16.430,37 ; 16.430,37 ; -   ;0%
RS;PIRAPO;4314555; 21.740,82 ; 21.740,82 ; -   ;0%
RS;PIRATINI;4314605; 12.370,55 ; 12.370,55 ; -   ;0%
RS;PLANALTO;4314704; 10.778,00 ; 10.778,00 ; -   ;0%
RS;POCO DAS ANTAS;4314753; 15.540,42 ; 15.540,42 ; -   ;0%
RS;PONTAO;4314779; 13.370,11 ; 13.370,11 ; -   ;0%
RS;PONTE PRETA;4314787; 18.043,92 ; 18.043,92 ; -   ;0%
RS;PORTAO;4314803; 10.948,69 ; 10.948,69 ; -   ;0%
RS;PORTO ALEGRE;4314902; 20.515,69 ; 20.515,69 ; -   ;0%
RS;PORTO LUCENA;4315008; 13.701,66 ; 13.701,66 ; -   ;0%
RS;PORTO MAUA;4315057; 13.440,84 ; 13.440,84 ; -   ;0%
RS;PORTO VERA CRUZ;4315073; 17.012,91 ; 17.012,91 ; -   ;0%
RS;PORTO XAVIER;4315107; 9.439,39 ; 10.194,38 ; 1.328.407,49 ;45%
RS;POUSO NOVO;4315131; 14.093,02 ; 14.093,02 ; -   ;0%
RS;PRESIDENTE LUCENA;4315149; 12.498,63 ; 12.498,63 ; -   ;0%
RS;PROGRESSO;4315156; 12.863,63 ; 12.863,63 ; -   ;0%
RS;PROTASIO ALVES;4315172; 16.123,09 ; 16.123,09 ; -   ;0%
RS;PUTINGA;4315206; 14.784,33 ; 14.784,33 ; -   ;0%
RS;QUARAI;4315305; 10.347,45 ; 10.347,45 ; -   ;0%
RS;QUATRO IRMAOS;4315313; 15.874,14 ; 15.874,14 ; -   ;0%
RS;QUEVEDOS;4315321; 21.528,69 ; 21.528,69 ; -   ;0%
RS;QUINZE DE NOVEMBRO;4315354; 12.352,09 ; 12.352,09 ; -   ;0%
RS;REDENTORA;4315404; 12.137,44 ; 12.137,44 ; -   ;0%
RS;RELVADO;4315453; 18.242,26 ; 18.242,26 ; -   ;0%
RS;RESTINGA SECA;4315503; 11.781,73 ; 11.781,73 ; -   ;0%
RS;RIO DOS INDIOS;4315552; 13.873,91 ; 13.873,91 ; -   ;0%
RS;RIO GRANDE;4315602; 12.142,75 ; 12.142,75 ; -   ;0%
RS;Rio Grande do Sul;43; 15.319,69 ; 15.319,69 ; -   ;0%
RS;RIO PARDO;4315701; 12.244,06 ; 12.244,06 ; -   ;0%
RS;RIOZINHO;4315750; 11.970,68 ; 11.970,68 ; -   ;0%
RS;ROCA SALES;4315800; 13.147,83 ; 13.147,83 ; -   ;0%
RS;RODEIO BONITO;4315909; 11.030,13 ; 11.030,13 ; -   ;0%
RS;ROLADOR;4315958; 15.891,39 ; 15.891,39 ; -   ;0%
RS;ROLANTE;4316006; 11.019,83 ; 11.019,83 ; -   ;0%
RS;RONDA ALTA;4316105; 13.814,63 ; 13.814,63 ; -   ;0%
RS;RONDINHA;4316204; 13.098,51 ; 13.098,51 ; -   ;0%
RS;ROQUE GONZALES;4316303; 12.268,07 ; 12.268,07 ; -   ;0%
RS;ROSARIO DO SUL;4316402; 13.012,54 ; 13.012,54 ; -   ;0%
RS;SAGRADA FAMILIA;4316428; 10.860,97 ; 10.860,97 ; -   ;0%
RS;SALDANHA MARINHO;4316436; 15.117,06 ; 15.117,06 ; -   ;0%
RS;SALTO DO JACUI;4316451; 11.658,14 ; 11.658,14 ; -   ;0%
RS;SALVADOR DAS MISSOES;4316477; 13.153,64 ; 13.153,64 ; -   ;0%
RS;SALVADOR DO SUL;4316501; 11.382,31 ; 11.382,31 ; -   ;0%
RS;SANANDUVA;4316600; 12.710,50 ; 12.710,50 ; -   ;0%
RS;SANTA BARBARA DO SUL;4316709; 14.089,14 ; 14.089,14 ; -   ;0%
RS;SANTA CECILIA DO SUL;4316733; 14.239,68 ; 14.239,68 ; -   ;0%
RS;SANTA CLARA DO SUL;4316758; 10.829,52 ; 10.829,52 ; -   ;0%
RS;SANTA CRUZ DO SUL;4316808; 12.807,11 ; 12.807,11 ; -   ;0%
RS;SANTA MARGARIDA DO SUL;4316972; 13.752,92 ; 13.752,92 ; -   ;0%
RS;SANTA MARIA;4316907; 13.376,95 ; 13.376,95 ; -   ;0%
RS;SANTA MARIA DO HERVAL;4316956; 11.201,77 ; 11.201,77 ; -   ;0%
RS;SANTA ROSA;4317202; 11.869,68 ; 11.869,68 ; -   ;0%
RS;SANTA TEREZA;4317251; 26.299,63 ; 26.299,63 ; -   ;0%
RS;SANTA VITORIA DO PALMAR;4317301; 12.187,67 ; 12.187,67 ; -   ;0%
RS;SANTANA DA BOA VISTA;4317004; 15.511,64 ; 15.511,64 ; -   ;0%
RS;SANTANA DO LIVRAMENTO;4317103; 12.078,41 ; 12.078,41 ; -   ;0%
RS;SANTIAGO;4317400; 11.723,94 ; 11.723,94 ; -   ;0%
RS;SANTO ANGELO;4317509; 13.656,06 ; 13.656,06 ; -   ;0%
RS;SANTO ANTONIO DA PATRULHA;4317608; 12.432,39 ; 12.432,39 ; -   ;0%
RS;SANTO ANTONIO DAS MISSOES;4317707; 14.128,28 ; 14.128,28 ; -   ;0%
RS;SANTO ANTONIO DO PALMA;4317558; 13.109,13 ; 13.109,13 ; -   ;0%
RS;SANTO ANTONIO DO PLANALTO;4317756; 18.304,99 ; 18.304,99 ; -   ;0%
RS;SANTO AUGUSTO;4317806; 11.535,41 ; 11.535,41 ; -   ;0%
RS;SANTO CRISTO;4317905; 11.426,19 ; 11.426,19 ; -   ;0%
RS;SANTO EXPEDITO DO SUL;4317954; 15.026,53 ; 15.026,53 ; -   ;0%
RS;SAO BORJA;4318002; 11.990,26 ; 11.990,26 ; -   ;0%
RS;SAO DOMINGOS DO SUL;4318051; 14.831,68 ; 14.831,68 ; -   ;0%
RS;SAO FRANCISCO DE ASSIS;4318101; 12.692,90 ; 12.692,90 ; -   ;0%
RS;SAO FRANCISCO DE PAULA;4318200; 14.255,92 ; 14.255,92 ; -   ;0%
RS;SAO GABRIEL;4318309; 11.697,08 ; 11.697,08 ; -   ;0%
RS;SAO JERONIMO;4318408; 11.975,23 ; 11.975,23 ; -   ;0%
RS;SAO JOAO DA URTIGA;4318424; 12.895,34 ; 12.895,34 ; -   ;0%
RS;SAO JOAO DO POLESINE;4318432; 16.878,53 ; 16.878,53 ; -   ;0%
RS;SAO JORGE;4318440; 14.915,25 ; 14.915,25 ; -   ;0%
RS;SAO JOSE DAS MISSOES;4318457; 11.469,18 ; 11.469,18 ; -   ;0%
RS;SAO JOSE DO HERVAL;4318465; 15.423,39 ; 15.423,39 ; -   ;0%
RS;SAO JOSE DO HORTENCIO;4318481; 11.750,00 ; 11.750,00 ; -   ;0%
RS;SAO JOSE DO INHACORA;4318499; 14.239,39 ; 14.239,39 ; -   ;0%
RS;SAO JOSE DO NORTE;4318507; 10.951,52 ; 10.951,52 ; -   ;0%
RS;SAO JOSE DO OURO;4318606; 12.643,21 ; 12.643,21 ; -   ;0%
RS;SAO JOSE DO SUL;4318614; 12.820,71 ; 12.820,71 ; -   ;0%
RS;SAO JOSE DOS AUSENTES;4318622; 13.317,21 ; 13.317,21 ; -   ;0%
RS;SAO LEOPOLDO;4318705; 12.703,75 ; 12.703,75 ; -   ;0%
RS;SAO LOURENCO DO SUL;4318804; 12.046,06 ; 12.046,06 ; -   ;0%
RS;SAO LUIZ GONZAGA;4318903; 11.133,11 ; 11.133,11 ; -   ;0%
RS;SAO MARCOS;4319000; 13.596,78 ; 13.596,78 ; -   ;0%
RS;SAO MARTINHO;4319109; 10.890,57 ; 10.890,57 ; -   ;0%
RS;SAO MARTINHO DA SERRA;4319125; 15.706,89 ; 15.706,89 ; -   ;0%
RS;SAO MIGUEL DAS MISSOES;4319158; 11.952,09 ; 11.952,09 ; -   ;0%
RS;SAO NICOLAU;4319208; 14.050,65 ; 14.050,65 ; -   ;0%
RS;SAO PAULO DAS MISSOES;4319307; 11.458,57 ; 11.458,57 ; -   ;0%
RS;SAO PEDRO DA SERRA;4319356; 11.517,89 ; 11.517,89 ; -   ;0%
RS;SAO PEDRO DAS MISSOES;4319364; 15.104,17 ; 15.104,17 ; -   ;0%
RS;SAO PEDRO DO BUTIA;4319372; 15.668,66 ; 15.668,66 ; -   ;0%
RS;SAO PEDRO DO SUL;4319406; 11.037,31 ; 11.037,31 ; -   ;0%
RS;SAO SEBASTIAO DO CAI;4319505; 11.182,75 ; 11.182,75 ; -   ;0%
RS;SAO SEPE;4319604; 12.681,38 ; 12.681,38 ; -   ;0%
RS;SAO VALENTIM;4319703; 12.586,72 ; 12.586,72 ; -   ;0%
RS;SAO VALENTIM DO SUL;4319711; 18.451,24 ; 18.451,24 ; -   ;0%
RS;SAO VALERIO DO SUL;4319737; 15.205,49 ; 15.205,49 ; -   ;0%
RS;SAO VENDELINO;4319752; 15.537,68 ; 15.537,68 ; -   ;0%
RS;SAO VICENTE DO SUL;4319802; 13.332,91 ; 13.332,91 ; -   ;0%
RS;SAPIRANGA;4319901; 10.553,25 ; 10.553,25 ; -   ;0%
RS;SAPUCAIA DO SUL;4320008; 10.998,55 ; 10.998,55 ; -   ;0%
RS;SARANDI;4320107; 10.279,48 ; 10.279,48 ; -   ;0%
RS;SEBERI;4320206; 10.877,02 ; 10.877,02 ; -   ;0%
RS;SEDE NOVA;4320230; 13.720,05 ; 13.720,05 ; -   ;0%
RS;SEGREDO;4320263; 11.435,51 ; 11.435,51 ; -   ;0%
RS;SELBACH;4320305; 16.034,08 ; 16.034,08 ; -   ;0%
RS;SENADOR SALGADO FILHO;4320321; 15.035,46 ; 15.035,46 ; -   ;0%
RS;SENTINELA DO SUL;4320354; 12.056,64 ; 12.056,64 ; -   ;0%
RS;SERAFINA CORREA;4320404; 10.898,07 ; 10.898,07 ; -   ;0%
RS;SERIO;4320453; 16.636,55 ; 16.636,55 ; -   ;0%
RS;SERTAO;4320503; 14.048,99 ; 14.048,99 ; -   ;0%
RS;SERTAO SANTANA;4320552; 11.818,85 ; 11.818,85 ; -   ;0%
RS;SETE DE SETEMBRO;4320578; 18.249,38 ; 18.249,38 ; -   ;0%
RS;SEVERIANO DE ALMEIDA;4320602; 15.129,73 ; 15.129,73 ; -   ;0%
RS;SILVEIRA MARTINS;4320651; 15.684,22 ; 15.684,22 ; -   ;0%
RS;SINIMBU;4320677; 12.009,47 ; 12.009,47 ; -   ;0%
RS;SOBRADINHO;4320701; 10.753,84 ; 10.753,84 ; -   ;0%
RS;SOLEDADE;4320800; 11.258,78 ; 11.258,78 ; -   ;0%
RS;TABAI;4320859; 11.485,69 ; 11.485,69 ; -   ;0%
RS;TAPEJARA;4320909; 10.850,99 ; 10.850,99 ; -   ;0%
RS;TAPERA;4321006; 11.883,57 ; 11.883,57 ; -   ;0%
RS;TAPES;4321105; 12.150,22 ; 12.150,22 ; -   ;0%
RS;TAQUARA;4321204; 10.463,41 ; 10.463,41 ; -   ;0%
RS;TAQUARI;4321303; 12.296,03 ; 12.296,03 ; -   ;0%
RS;TAQUARUCU DO SUL;4321329; 12.872,62 ; 12.872,62 ; -   ;0%
RS;TAVARES;4321352; 12.221,07 ; 12.221,07 ; -   ;0%
RS;TENENTE PORTELA;4321402; 10.898,66 ; 10.898,66 ; -   ;0%
RS;TERRA DE AREIA;4321436; 10.900,92 ; 10.900,92 ; -   ;0%
RS;TEUTONIA;4321451; 10.706,63 ; 10.706,63 ; -   ;0%
RS;TIO HUGO;4321469; 12.566,23 ; 12.566,23 ; -   ;0%
RS;TIRADENTES DO SUL;4321477; 13.451,06 ; 13.451,06 ; -   ;0%
RS;TOROPI;4321493; 15.781,05 ; 15.781,05 ; -   ;0%
RS;TORRES;4321501; 13.762,09 ; 13.762,09 ; -   ;0%
RS;TRAMANDAI;4321600; 12.151,97 ; 12.151,97 ; -   ;0%
RS;TRAVESSEIRO;4321626; 13.402,73 ; 13.402,73 ; -   ;0%
RS;TRES ARROIOS;4321634; 19.925,78 ; 19.925,78 ; -   ;0%
RS;TRES CACHOEIRAS;4321667; 9.993,54 ; 10.194,38 ; 366.110,06 ;46%
RS;TRES COROAS;4321709; 11.111,04 ; 11.111,04 ; -   ;0%
RS;TRES DE MAIO;4321808; 11.886,90 ; 11.886,90 ; -   ;0%
RS;TRES FORQUILHAS;4321832; 10.805,14 ; 10.805,14 ; -   ;0%
RS;TRES PALMEIRAS;4321857; 11.749,09 ; 11.749,09 ; -   ;0%
RS;TRES PASSOS;4321907; 11.212,09 ; 11.212,09 ; -   ;0%
RS;TRINDADE DO SUL;4321956; 11.388,57 ; 11.388,57 ; -   ;0%
RS;TRIUNFO;4322004; 15.902,33 ; 15.902,33 ; -   ;0%
RS;TUCUNDUVA;4322103; 15.209,44 ; 15.209,44 ; -   ;0%
RS;TUNAS;4322152; 11.529,66 ; 11.529,66 ; -   ;0%
RS;TUPANCI DO SUL;4322186; 17.608,76 ; 17.608,76 ; -   ;0%
RS;TUPANCIRETA;4322202; 13.656,51 ; 13.656,51 ; -   ;0%
RS;TUPANDI;4322251; 11.653,71 ; 11.653,71 ; -   ;0%
RS;TUPARENDI;4322301; 12.168,89 ; 12.168,89 ; -   ;0%
RS;TURUCU;4322327; 13.508,25 ; 13.508,25 ; -   ;0%
RS;UBIRETAMA;4322343; 19.636,19 ; 19.636,19 ; -   ;0%
RS;UNIAO DA SERRA;4322350; 26.150,48 ; 26.150,48 ; -   ;0%
RS;UNISTALDA;4322376; 13.795,11 ; 13.795,11 ; -   ;0%
RS;URUGUAIANA;4322400; 11.912,61 ; 11.912,61 ; -   ;0%
RS;VACARIA;4322509; 11.352,58 ; 11.352,58 ; -   ;0%
RS;VALE DO SOL;4322533; 11.303,93 ; 11.303,93 ; -   ;0%
RS;VALE REAL;4322541; 11.213,33 ; 11.213,33 ; -   ;0%
RS;VALE VERDE;4322525; 11.668,66 ; 11.668,66 ; -   ;0%
RS;VANINI;4322558; 14.738,34 ; 14.738,34 ; -   ;0%
RS;VENANCIO AIRES;4322608; 11.917,68 ; 11.917,68 ; -   ;0%
RS;VERA CRUZ;4322707; 10.726,70 ; 10.726,70 ; -   ;0%
RS;VERANOPOLIS;4322806; 13.145,69 ; 13.145,69 ; -   ;0%
RS;VESPASIANO CORREA;4322855; 16.460,01 ; 16.460,01 ; -   ;0%
RS;VIADUTOS;4322905; 14.179,25 ; 14.179,25 ; -   ;0%
RS;VIAMAO;4323002; 10.599,58 ; 10.599,58 ; -   ;0%
RS;VICENTE DUTRA;4323101; 10.540,84 ; 10.540,84 ; -   ;0%
RS;VICTOR GRAEFF;4323200; 14.817,81 ; 14.817,81 ; -   ;0%
RS;VILA FLORES;4323309; 13.766,61 ; 13.766,61 ; -   ;0%
RS;VILA LANGARO;4323358; 13.995,84 ; 13.995,84 ; -   ;0%
RS;VILA MARIA;4323408; 13.404,07 ; 13.404,07 ; -   ;0%
RS;VILA NOVA DO SUL;4323457; 13.841,13 ; 13.841,13 ; -   ;0%
RS;VISTA ALEGRE;4323507; 13.218,92 ; 13.218,92 ; -   ;0%
RS;VISTA ALEGRE DO PRATA;4323606; 20.276,31 ; 20.276,31 ; -   ;0%
RS;VISTA GAUCHA;4323705; 12.181,82 ; 12.181,82 ; -   ;0%
RS;VITORIA DAS MISSOES;4323754; 14.456,91 ; 14.456,91 ; -   ;0%
RS;WESTFALIA;4323770; 12.984,26 ; 12.984,26 ; -   ;0%
RS;XANGRI-LA;4323804; 22.148,21 ; 22.148,21 ; -   ;0%
SC;ABDON BATISTA;4200051; 14.251,06 ; 14.251,06 ; -   ;0%
SC;ABELARDO LUZ;4200101; 11.000,08 ; 11.000,08 ; -   ;0%
SC;AGROLANDIA;4200200; 10.177,45 ; 10.194,38 ; 39.320,10 ;43%
SC;AGRONOMICA;4200309; 10.617,41 ; 10.617,41 ; -   ;0%
SC;AGUA DOCE;4200408; 12.476,16 ; 12.476,16 ; -   ;0%
SC;AGUAS DE CHAPECO;4200507; 11.406,42 ; 11.406,42 ; -   ;0%
SC;AGUAS FRIAS;4200556; 13.580,17 ; 13.580,17 ; -   ;0%
SC;AGUAS MORNAS;4200606; 10.643,25 ; 10.643,25 ; -   ;0%
SC;ALFREDO WAGNER;4200705; 10.766,06 ; 10.766,06 ; -   ;0%
SC;ALTO BELA VISTA;4200754; 17.617,41 ; 17.617,41 ; -   ;0%
SC;ANCHIETA;4200804; 12.376,10 ; 12.376,10 ; -   ;0%
SC;ANGELINA;4200903; 12.088,99 ; 12.088,99 ; -   ;0%
SC;ANITA GARIBALDI;4201000; 10.023,81 ; 10.194,38 ; 234.276,90 ;50%
SC;ANTONIO CARLOS;4201208; 11.176,94 ; 11.176,94 ; -   ;0%
SC;APIUNA;4201257; 10.476,62 ; 10.476,62 ; -   ;0%
SC;ARABUTA;4201273; 12.320,63 ; 12.320,63 ; -   ;0%
SC;ARAQUARI;4201307; 10.675,56 ; 10.675,56 ; -   ;0%
SC;ARARANGUA;4201406; 10.279,12 ; 10.279,12 ; -   ;0%
SC;ARMAZEM;4201505; 9.606,54 ; 10.194,38 ; 951.870,28 ;40%
SC;ARROIO TRINTA;4201604; 12.846,61 ; 12.846,61 ; -   ;0%
SC;ARVOREDO;4201653; 13.964,56 ; 13.964,56 ; -   ;0%
SC;ASCURRA;4201703; 10.833,41 ; 10.833,41 ; -   ;0%
SC;ATALANTA;4201802; 12.197,17 ; 12.197,17 ; -   ;0%
SC;AURORA;4201901; 10.508,84 ; 10.508,84 ; -   ;0%
SC;BALNEARIO ARROIO DO SILVA;4201950; 11.140,29 ; 11.140,29 ; -   ;0%
SC;BALNEARIO BARRA DO SUL;4202057; 12.944,24 ; 12.944,24 ; -   ;0%
SC;BALNEARIO CAMBORIU;4202008; 19.716,22 ; 19.716,22 ; -   ;0%
SC;BALNEARIO GAIVOTA;4202073; 9.726,36 ; 10.194,38 ; 1.591.168,16 ;44%
SC;BALNEARIO PICARRAS;4212809; 14.170,29 ; 14.170,29 ; -   ;0%
SC;BALNEARIO RINCAO;4220000; 9.927,66 ; 10.194,38 ; 773.192,04 ;46%
SC;BANDEIRANTE;4202081; 11.436,32 ; 11.436,32 ; -   ;0%
SC;BARRA BONITA;4202099; 15.423,47 ; 15.423,47 ; -   ;0%
SC;BARRA VELHA;4202107; 10.709,89 ; 10.709,89 ; -   ;0%
SC;BELA VISTA DO TOLDO;4202131; 10.050,66 ; 10.194,38 ; 231.417,79 ;49%
SC;BELMONTE;4202156; 13.725,32 ; 13.725,32 ; -   ;0%
SC;BENEDITO NOVO;4202206; 12.106,98 ; 12.106,98 ; -   ;0%
SC;BIGUACU;4202305; 12.832,86 ; 12.832,86 ; -   ;0%
SC;BLUMENAU;4202404; 13.488,16 ; 13.488,16 ; -   ;0%
SC;BOCAINA DO SUL;4202438; 10.639,04 ; 10.639,04 ; -   ;0%
SC;BOM JARDIM DA SERRA;4202503; 11.437,79 ; 11.437,79 ; -   ;0%
SC;BOM JESUS;4202537; 14.829,18 ; 14.829,18 ; -   ;0%
SC;BOM JESUS DO OESTE;4202578; 13.305,97 ; 13.305,97 ; -   ;0%
SC;BOM RETIRO;4202602; 11.997,68 ; 11.997,68 ; -   ;0%
SC;BOMBINHAS;4202453; 13.974,31 ; 13.974,31 ; -   ;0%
SC;BOTUVERA;4202701; 11.765,84 ; 11.765,84 ; -   ;0%
SC;BRACO DO NORTE;4202800; 10.842,02 ; 10.842,02 ; -   ;0%
SC;BRACO DO TROMBUDO;4202859; 12.264,97 ; 12.264,97 ; -   ;0%
SC;BRUNOPOLIS;4202875; 12.659,99 ; 12.659,99 ; -   ;0%
SC;BRUSQUE;4202909; 10.807,20 ; 10.807,20 ; -   ;0%
SC;CACADOR;4203006; 10.858,29 ; 10.858,29 ; -   ;0%
SC;CAIBI;4203105; 12.342,35 ; 12.342,35 ; -   ;0%
SC;CALMON;4203154; 10.592,05 ; 10.592,05 ; -   ;0%
SC;CAMBORIU;4203204; 9.145,28 ; 10.194,38 ; 24.526.766,31 ;47%
SC;CAMPO ALEGRE;4203303; 11.309,12 ; 11.309,12 ; -   ;0%
SC;CAMPO BELO DO SUL;4203402; 11.937,87 ; 11.937,87 ; -   ;0%
SC;CAMPO ERE;4203501; 9.532,85 ; 10.194,38 ; 1.425.201,49 ;39%
SC;CAMPOS NOVOS;4203600; 11.662,90 ; 11.662,90 ; -   ;0%
SC;CANELINHA;4203709; 10.500,90 ; 10.500,90 ; -   ;0%
SC;CANOINHAS;4203808; 10.823,10 ; 10.823,10 ; -   ;0%
SC;CAPAO ALTO;4203253; 13.209,61 ; 13.209,61 ; -   ;0%
SC;CAPINZAL;4203907; 11.074,50 ; 11.074,50 ; -   ;0%
SC;CAPIVARI DE BAIXO;4203956; 11.700,20 ; 11.700,20 ; -   ;0%
SC;CATANDUVAS;4204004; 10.605,03 ; 10.605,03 ; -   ;0%
SC;CAXAMBU DO SUL;4204103; 12.157,91 ; 12.157,91 ; -   ;0%
SC;CELSO RAMOS;4204152; 11.425,41 ; 11.425,41 ; -   ;0%
SC;CERRO NEGRO;4204178; 10.590,20 ; 10.590,20 ; -   ;0%
SC;CHAPADAO DO LAGEADO;4204194; 11.471,10 ; 11.471,10 ; -   ;0%
SC;CHAPECO;4204202; 11.779,32 ; 11.779,32 ; -   ;0%
SC;COCAL DO SUL;4204251; 11.756,76 ; 11.756,76 ; -   ;0%
SC;CONCORDIA;4204301; 11.170,12 ; 11.170,12 ; -   ;0%
SC;CORDILHEIRA ALTA;4204350; 12.852,74 ; 12.852,74 ; -   ;0%
SC;CORONEL FREITAS;4204400; 11.914,81 ; 11.914,81 ; -   ;0%
SC;CORONEL MARTINS;4204459; 12.578,67 ; 12.578,67 ; -   ;0%
SC;CORREIA PINTO;4204558; 11.453,49 ; 11.453,49 ; -   ;0%
SC;CORUPA;4204509; 10.882,28 ; 10.882,28 ; -   ;0%
SC;CRICIUMA;4204608; 11.169,95 ; 11.169,95 ; -   ;0%
SC;CUNHA PORA;4204707; 11.633,72 ; 11.633,72 ; -   ;0%
SC;CUNHATAI;4204756; 12.323,90 ; 12.323,90 ; -   ;0%
SC;CURITIBANOS;4204806; 10.950,41 ; 10.950,41 ; -   ;0%
SC;DESCANSO;4204905; 11.428,90 ; 11.428,90 ; -   ;0%
SC;DIONISIO CERQUEIRA;4205001; 11.886,61 ; 11.886,61 ; -   ;0%
SC;DONA EMMA;4205100; 11.135,26 ; 11.135,26 ; -   ;0%
SC;DOUTOR PEDRINHO;4205159; 12.020,45 ; 12.020,45 ; -   ;0%
SC;ENTRE RIOS;4205175; 11.257,37 ; 11.257,37 ; -   ;0%
SC;ERMO;4205191; 12.238,97 ; 12.238,97 ; -   ;0%
SC;ERVAL VELHO;4205209; 12.114,88 ; 12.114,88 ; -   ;0%
SC;FAXINAL DOS GUEDES;4205308; 9.976,04 ; 10.194,38 ; 536.207,86 ;49%
SC;FLOR DO SERTAO;4205357; 11.290,88 ; 11.290,88 ; -   ;0%
SC;FLORIANOPOLIS;4205407; 18.843,00 ; 18.843,00 ; -   ;0%
SC;FORMOSA DO SUL;4205431; 14.265,83 ; 14.265,83 ; -   ;0%
SC;FORQUILHINHA;4205456; 10.122,00 ; 10.194,38 ; 419.729,27 ;42%
SC;FRAIBURGO;4205506; 9.758,47 ; 10.194,38 ; 3.731.515,07 ;43%
SC;FREI ROGERIO;4205555; 12.376,34 ; 12.376,34 ; -   ;0%
SC;GALVAO;4205605; 12.196,44 ; 12.196,44 ; -   ;0%
SC;GAROPABA;4205704; 13.280,54 ; 13.280,54 ; -   ;0%
SC;GARUVA;4205803; 11.932,46 ; 11.932,46 ; -   ;0%
SC;GASPAR;4205902; 10.405,78 ; 10.405,78 ; -   ;0%
SC;GOVERNADOR CELSO RAMOS;4206009; 12.339,64 ; 12.339,64 ; -   ;0%
SC;GRAO PARA;4206108; 10.871,77 ; 10.871,77 ; -   ;0%
SC;GRAVATAL;4206207; 9.267,26 ; 10.194,38 ; 1.537.669,50 ;40%
SC;GUABIRUBA;4206306; 9.539,49 ; 10.194,38 ; 3.983.089,68 ;40%
SC;GUARACIABA;4206405; 11.613,87 ; 11.613,87 ; -   ;0%
SC;GUARAMIRIM;4206504; 11.068,73 ; 11.068,73 ; -   ;0%
SC;GUARUJA DO SUL;4206603; 11.357,23 ; 11.357,23 ; -   ;0%
SC;GUATAMBU;4206652; 11.571,65 ; 11.571,65 ; -   ;0%
SC;HERVAL DOESTE;4206702; 10.542,23 ; 10.542,23 ; -   ;0%
SC;IBIAM;4206751; 16.271,87 ; 16.271,87 ; -   ;0%
SC;IBICARE;4206801; 13.279,45 ; 13.279,45 ; -   ;0%
SC;IBIRAMA;4206900; 11.336,14 ; 11.336,14 ; -   ;0%
SC;ICARA;4207007; 11.163,59 ; 11.163,59 ; -   ;0%
SC;ILHOTA;4207106; 8.836,80 ; 10.194,38 ; 6.330.331,19 ;44%
SC;IMARUI;4207205; 8.847,90 ; 10.194,38 ; 3.159.220,72 ;42%
SC;IMBITUBA;4207304; 14.579,90 ; 14.579,90 ; -   ;0%
SC;IMBUIA;4207403; 9.869,08 ; 10.194,38 ; 399.564,64 ;43%
SC;INDAIAL;4207502; 11.753,08 ; 11.753,08 ; -   ;0%
SC;IOMERE;4207577; 12.089,96 ; 12.089,96 ; -   ;0%
SC;IPIRA;4207601; 10.738,72 ; 10.738,72 ; -   ;0%
SC;IPORA DO OESTE;4207650; 11.786,33 ; 11.786,33 ; -   ;0%
SC;IPUACU;4207684; 11.891,81 ; 11.891,81 ; -   ;0%
SC;IPUMIRIM;4207700; 11.605,64 ; 11.605,64 ; -   ;0%
SC;IRACEMINHA;4207759; 12.973,66 ; 12.973,66 ; -   ;0%
SC;IRANI;4207809; 10.328,84 ; 10.328,84 ; -   ;0%
SC;IRATI;4207858; 13.758,46 ; 13.758,46 ; -   ;0%
SC;IRINEOPOLIS;4207908; 9.741,80 ; 10.194,38 ; 1.311.421,82 ;48%
SC;ITA;4208005; 11.496,79 ; 11.496,79 ; -   ;0%
SC;ITAIOPOLIS;4208104; 10.916,45 ; 10.916,45 ; -   ;0%
SC;ITAJAI;4208203; 14.964,11 ; 14.964,11 ; -   ;0%
SC;ITAPEMA;4208302; 13.487,68 ; 13.487,68 ; -   ;0%
SC;ITAPIRANGA;4208401; 11.080,31 ; 11.080,31 ; -   ;0%
SC;ITAPOA;4208450; 13.340,56 ; 13.340,56 ; -   ;0%
SC;ITUPORANGA;4208500; 11.359,22 ; 11.359,22 ; -   ;0%
SC;JABORA;4208609; 13.161,29 ; 13.161,29 ; -   ;0%
SC;JACINTO MACHADO;4208708; 10.264,29 ; 10.264,29 ; -   ;0%
SC;JAGUARUNA;4208807; 11.194,85 ; 11.194,85 ; -   ;0%
SC;JARAGUA DO SUL;4208906; 12.378,74 ; 12.378,74 ; -   ;0%
SC;JARDINOPOLIS;4208955; 16.643,67 ; 16.643,67 ; -   ;0%
SC;JOACABA;4209003; 14.628,46 ; 14.628,46 ; -   ;0%
SC;JOINVILLE;4209102; 13.313,56 ; 13.313,56 ; -   ;0%
SC;JOSE BOITEUX;4209151; 10.782,57 ; 10.782,57 ; -   ;0%
SC;JUPIA;4209177; 13.127,11 ; 13.127,11 ; -   ;0%
SC;LACERDOPOLIS;4209201; 14.852,80 ; 14.852,80 ; -   ;0%
SC;LAGES;4209300; 11.136,84 ; 11.136,84 ; -   ;0%
SC;LAGUNA;4209409; 13.209,71 ; 13.209,71 ; -   ;0%
SC;LAJEADO GRANDE;4209458; 15.205,69 ; 15.205,69 ; -   ;0%
SC;LAURENTINO;4209508; 11.593,90 ; 11.593,90 ; -   ;0%
SC;LAURO MULLER;4209607; 10.418,99 ; 10.418,99 ; -   ;0%
SC;LEBON REGIS;4209706; 10.446,52 ; 10.446,52 ; -   ;0%
SC;LEOBERTO LEAL;4209805; 12.301,85 ; 12.301,85 ; -   ;0%
SC;LINDOIA DO SUL;4209854; 13.953,18 ; 13.953,18 ; -   ;0%
SC;LONTRAS;4209904; 9.322,06 ; 10.194,38 ; 2.474.373,96 ;45%
SC;LUIZ ALVES;4210001; 10.025,15 ; 10.194,38 ; 430.930,88 ;42%
SC;LUZERNA;4210035; 10.696,01 ; 10.696,01 ; -   ;0%
SC;MACIEIRA;4210050; 16.050,01 ; 16.050,01 ; -   ;0%
SC;MAFRA;4210100; 11.426,55 ; 11.426,55 ; -   ;0%
SC;MAJOR GERCINO;4210209; 12.316,63 ; 12.316,63 ; -   ;0%
SC;MAJOR VIEIRA;4210308; 10.860,14 ; 10.860,14 ; -   ;0%
SC;MARACAJA;4210407; 10.265,39 ; 10.265,39 ; -   ;0%
SC;MARAVILHA;4210506; 11.884,77 ; 11.884,77 ; -   ;0%
SC;MAREMA;4210555; 14.468,44 ; 14.468,44 ; -   ;0%
SC;MASSARANDUBA;4210605; 10.457,36 ; 10.457,36 ; -   ;0%
SC;MATOS COSTA;4210704; 12.540,44 ; 12.540,44 ; -   ;0%
SC;MELEIRO;4210803; 10.845,82 ; 10.845,82 ; -   ;0%
SC;MIRIM DOCE;4210852; 11.612,08 ; 11.612,08 ; -   ;0%
SC;MODELO;4210902; 12.580,39 ; 12.580,39 ; -   ;0%
SC;MONDAI;4211009; 12.089,68 ; 12.089,68 ; -   ;0%
SC;MONTE CARLO;4211058; 10.056,93 ; 10.194,38 ; 309.794,56 ;44%
SC;MONTE CASTELO;4211108; 10.953,43 ; 10.953,43 ; -   ;0%
SC;MORRO DA FUMACA;4211207; 11.145,02 ; 11.145,02 ; -   ;0%
SC;MORRO GRANDE;4211256; 12.603,65 ; 12.603,65 ; -   ;0%
SC;NAVEGANTES;4211306; 10.690,86 ; 10.690,86 ; -   ;0%
SC;NOVA ERECHIM;4211405; 11.518,22 ; 11.518,22 ; -   ;0%
SC;NOVA ITABERABA;4211454; 12.978,42 ; 12.978,42 ; -   ;0%
SC;NOVA TRENTO;4211504; 10.769,75 ; 10.769,75 ; -   ;0%
SC;NOVA VENEZA;4211603; 11.292,22 ; 11.292,22 ; -   ;0%
SC;NOVO HORIZONTE;4211652; 16.083,43 ; 16.083,43 ; -   ;0%
SC;ORLEANS;4211702; 11.271,83 ; 11.271,83 ; -   ;0%
SC;OTACILIO COSTA;4211751; 11.925,84 ; 11.925,84 ; -   ;0%
SC;OURO;4211801; 12.097,56 ; 12.097,56 ; -   ;0%
SC;OURO VERDE;4211850; 14.824,51 ; 14.824,51 ; -   ;0%
SC;PAIAL;4211876; 14.590,85 ; 14.590,85 ; -   ;0%
SC;PAINEL;4211892; 16.798,33 ; 16.798,33 ; -   ;0%
SC;PALHOCA;4211900; 11.289,50 ; 11.289,50 ; -   ;0%
SC;PALMA SOLA;4212007; 11.154,65 ; 11.154,65 ; -   ;0%
SC;PALMEIRA;4212056; 14.150,01 ; 14.150,01 ; -   ;0%
SC;PALMITOS;4212106; 11.464,03 ; 11.464,03 ; -   ;0%
SC;PAPANDUVA;4212205; 10.740,73 ; 10.740,73 ; -   ;0%
SC;PARAISO;4212239; 12.663,55 ; 12.663,55 ; -   ;0%
SC;PASSO DE TORRES;4212254; 10.210,61 ; 10.210,61 ; -   ;0%
SC;PASSOS MAIA;4212270; 13.583,78 ; 13.583,78 ; -   ;0%
SC;PAULO LOPES;4212304; 10.320,59 ; 10.320,59 ; -   ;0%
SC;PEDRAS GRANDES;4212403; 12.003,13 ; 12.003,13 ; -   ;0%
SC;PENHA;4212502; 12.114,54 ; 12.114,54 ; -   ;0%
SC;PERITIBA;4212601; 10.037,67 ; 10.194,38 ; 109.426,08 ;29%
SC;PESCARIA BRAVA;4212650; 10.033,74 ; 10.194,38 ; 329.189,57 ;42%
SC;PETROLANDIA;4212700; 10.005,28 ; 10.194,38 ; 239.984,75 ;48%
SC;PINHALZINHO;4212908; 11.563,90 ; 11.563,90 ; -   ;0%
SC;PINHEIRO PRETO;4213005; 12.751,13 ; 12.751,13 ; -   ;0%
SC;PIRATUBA;4213104; 13.150,35 ; 13.150,35 ; -   ;0%
SC;PLANALTO ALEGRE;4213153; 11.653,95 ; 11.653,95 ; -   ;0%
SC;POMERODE;4213203; 12.291,87 ; 12.291,87 ; -   ;0%
SC;PONTE ALTA;4213302; 12.402,34 ; 12.402,34 ; -   ;0%
SC;PONTE SERRADA;4213401; 10.892,41 ; 10.892,41 ; -   ;0%
SC;PORTO BELO;4213500; 12.739,68 ; 12.739,68 ; -   ;0%
SC;PORTO UNIAO;4213609; 11.785,91 ; 11.785,91 ; -   ;0%
SC;POUSO REDONDO;4213708; 10.860,21 ; 10.860,21 ; -   ;0%
SC;PRAIA GRANDE;4213807; 10.199,12 ; 10.199,12 ; -   ;0%
SC;PRESIDENTE CASTELLO BRANCO;4213906; 13.410,62 ; 13.410,62 ; -   ;0%
SC;PRESIDENTE GETULIO;4214003; 10.062,94 ; 10.194,38 ; 492.765,07 ;39%
SC;PRESIDENTE NEREU;4214102; 12.677,27 ; 12.677,27 ; -   ;0%
SC;PRINCESA;4214151; 13.095,51 ; 13.095,51 ; -   ;0%
SC;QUILOMBO;4214201; 10.661,30 ; 10.661,30 ; -   ;0%
SC;RANCHO QUEIMADO;4214300; 15.122,55 ; 15.122,55 ; -   ;0%
SC;RIO DAS ANTAS;4214409; 11.294,91 ; 11.294,91 ; -   ;0%
SC;RIO DO CAMPO;4214508; 10.103,38 ; 10.194,38 ; 102.220,40 ;40%
SC;RIO DO OESTE;4214607; 11.287,36 ; 11.287,36 ; -   ;0%
SC;RIO DO SUL;4214805; 12.317,11 ; 12.317,11 ; -   ;0%
SC;RIO DOS CEDROS;4214706; 11.420,76 ; 11.420,76 ; -   ;0%
SC;RIO FORTUNA;4214904; 11.913,64 ; 11.913,64 ; -   ;0%
SC;RIO NEGRINHO;4215000; 10.716,09 ; 10.716,09 ; -   ;0%
SC;RIO RUFINO;4215059; 12.611,05 ; 12.611,05 ; -   ;0%
SC;RIQUEZA;4215075; 11.505,75 ; 11.505,75 ; -   ;0%
SC;RODEIO;4215109; 10.793,86 ; 10.793,86 ; -   ;0%
SC;ROMELANDIA;4215208; 11.887,79 ; 11.887,79 ; -   ;0%
SC;SALETE;4215307; 10.725,69 ; 10.725,69 ; -   ;0%
SC;SALTINHO;4215356; 11.114,98 ; 11.114,98 ; -   ;0%
SC;SALTO VELOSO;4215406; 11.157,64 ; 11.157,64 ; -   ;0%
SC;SANGAO;4215455; 11.082,43 ; 11.082,43 ; -   ;0%
SC;Santa Catarina;42; 14.000,96 ; 14.000,96 ; -   ;0%
SC;SANTA CECILIA;4215505; 11.358,67 ; 11.358,67 ; -   ;0%
SC;SANTA HELENA;4215554; 14.797,40 ; 14.797,40 ; -   ;0%
SC;SANTA ROSA DE LIMA;4215604; 10.413,79 ; 10.413,79 ; -   ;0%
SC;SANTA ROSA DO SUL;4215653; 9.593,72 ; 10.194,38 ; 1.245.977,73 ;49%
SC;SANTA TEREZINHA;4215679; 9.872,09 ; 10.194,38 ; 432.721,46 ;47%
SC;SANTA TEREZINHA DO PROGRESSO;4215687; 12.004,87 ; 12.004,87 ; -   ;0%
SC;SANTIAGO DO SUL;4215695; 17.994,79 ; 17.994,79 ; -   ;0%
SC;SANTO AMARO DA IMPERATRIZ;4215703; 9.817,32 ; 10.194,38 ; 2.004.308,32 ;45%
SC;SAO BENTO DO SUL;4215802; 11.029,21 ; 11.029,21 ; -   ;0%
SC;SAO BERNARDINO;4215752; 14.577,62 ; 14.577,62 ; -   ;0%
SC;SAO BONIFACIO;4215901; 13.785,22 ; 13.785,22 ; -   ;0%
SC;SAO CARLOS;4216008; 12.656,58 ; 12.656,58 ; -   ;0%
SC;SAO CRISTOVAO DO SUL;4216057; 12.313,05 ; 12.313,05 ; -   ;0%
SC;SAO DOMINGOS;4216107; 10.944,89 ; 10.944,89 ; -   ;0%
SC;SAO FRANCISCO DO SUL;4216206; 16.163,56 ; 16.163,56 ; -   ;0%
SC;SAO JOAO BATISTA;4216305; 10.838,84 ; 10.838,84 ; -   ;0%
SC;SAO JOAO DO ITAPERIU;4216354; 9.811,03 ; 10.194,38 ; 435.772,72 ;45%
SC;SAO JOAO DO OESTE;4216255; 11.933,57 ; 11.933,57 ; -   ;0%
SC;SAO JOAO DO SUL;4216404; 8.616,03 ; 10.194,38 ; 3.711.224,18 ;37%
SC;SAO JOAQUIM;4216503; 10.721,56 ; 10.721,56 ; -   ;0%
SC;SAO JOSE;4216602; 13.164,59 ; 13.164,59 ; -   ;0%
SC;SAO JOSE DO CEDRO;4216701; 10.508,08 ; 10.508,08 ; -   ;0%
SC;SAO LOURENCO DO OESTE;4216909; 11.367,97 ; 11.367,97 ; -   ;0%
SC;SAO LUDGERO;4217006; 10.159,59 ; 10.194,38 ; 93.679,19 ;38%
SC;SAO MARTINHO;4217105; 12.385,29 ; 12.385,29 ; -   ;0%
SC;SAO MIGUEL DA BOA VISTA;4217154; 12.999,08 ; 12.999,08 ; -   ;0%
SC;SAO MIGUEL DO OESTE;4217204; 11.597,22 ; 11.597,22 ; -   ;0%
SC;SAO PEDRO DE ALCANTARA;4217253; 12.587,34 ; 12.587,34 ; -   ;0%
SC;SAUDADES;4217303; 11.374,70 ; 11.374,70 ; -   ;0%
SC;SCHROEDER;4217402; 10.517,78 ; 10.517,78 ; -   ;0%
SC;SEARA;4217501; 9.636,87 ; 10.194,38 ; 1.836.118,95 ;48%
SC;SERRA ALTA;4217550; 12.538,78 ; 12.538,78 ; -   ;0%
SC;SIDEROPOLIS;4217600; 10.504,58 ; 10.504,58 ; -   ;0%
SC;SOMBRIO;4217709; 10.131,83 ; 10.194,38 ; 381.641,85 ;45%
SC;SUL BRASIL;4217758; 13.192,32 ; 13.192,32 ; -   ;0%
SC;TAIO;4217808; 9.996,83 ; 10.194,38 ; 749.081,40 ;38%
SC;TANGARA;4217907; 12.117,42 ; 12.117,42 ; -   ;0%
SC;TIGRINHOS;4217956; 11.972,30 ; 11.972,30 ; -   ;0%
SC;TIJUCAS;4218004; 10.524,21 ; 10.524,21 ; -   ;0%
SC;TIMBE DO SUL;4218103; 14.479,77 ; 14.479,77 ; -   ;0%
SC;TIMBO;4218202; 12.484,35 ; 12.484,35 ; -   ;0%
SC;TIMBO GRANDE;4218251; 9.565,21 ; 10.194,38 ; 1.188.771,60 ;54%
SC;TRES BARRAS;4218301; 11.664,10 ; 11.664,10 ; -   ;0%
SC;TREVISO;4218350; 15.344,72 ; 15.344,72 ; -   ;0%
SC;TREZE DE MAIO;4218400; 10.369,03 ; 10.369,03 ; -   ;0%
SC;TREZE TILIAS;4218509; 10.666,83 ; 10.666,83 ; -   ;0%
SC;TUBARAO;4218707; 13.415,68 ; 13.415,68 ; -   ;0%
SC;TUNAPOLIS;4218756; 12.406,25 ; 12.406,25 ; -   ;0%
SC;TURVO;4218806; 10.962,26 ; 10.962,26 ; -   ;0%
SC;UNIAO DO OESTE;4218855; 14.870,43 ; 14.870,43 ; -   ;0%
SC;URUBICI;4218905; 10.690,66 ; 10.690,66 ; -   ;0%
SC;URUPEMA;4218954; 11.777,41 ; 11.777,41 ; -   ;0%
SC;URUSSANGA;4219002; 11.701,32 ; 11.701,32 ; -   ;0%
SC;VARGEAO;4219101; 15.145,95 ; 15.145,95 ; -   ;0%
SC;VARGEM BONITA;4219176; 15.017,31 ; 15.017,31 ; -   ;0%
SC;VIDAL RAMOS;4219200; 11.913,40 ; 11.913,40 ; -   ;0%
SC;VIDEIRA;4219309; 11.394,62 ; 11.394,62 ; -   ;0%
SC;VITOR MEIRELES;4219358; 10.424,97 ; 10.424,97 ; -   ;0%
SC;WITMARSUM;4219408; 9.728,15 ; 10.194,38 ; 406.068,67 ;42%
SC;XANXERE;4219507; 13.227,91 ; 13.227,91 ; -   ;0%
SC;XAVANTINA;4219606; 17.275,62 ; 17.275,62 ; -   ;0%
SC;XAXIM;4219705; 10.780,27 ; 10.780,27 ; -   ;0%
SC;ZORTEA;4219853; 10.196,36 ; 10.196,36 ; -   ;0%
SE;AMPARO DE SAO FRANCISCO;2800100; 8.300,50 ; 10.194,38 ; 2.006.917,74 ;40%
SE;AQUIDABA;2800209; 9.178,15 ; 10.194,38 ; 5.368.940,39 ;46%
SE;ARACAJU;2800308; 16.907,23 ; 16.907,23 ; -   ;0%
SE;ARAUA;2800407; 8.685,90 ; 10.194,38 ; 4.790.233,80 ;48%
SE;AREIA BRANCA;2800506; 9.779,61 ; 10.194,38 ; 2.029.449,77 ;53%
SE;BARRA DOS COQUEIROS;2800605; 14.174,90 ; 14.174,90 ; -   ;0%
SE;BOQUIM;2800670; 9.848,12 ; 10.194,38 ; 1.515.730,71 ;51%
SE;BREJO GRANDE;2800704; 8.298,32 ; 10.194,38 ; 5.146.411,27 ;46%
SE;CAMPO DO BRITO;2801009; 9.638,46 ; 10.194,38 ; 1.641.752,56 ;50%
SE;CANHOBA;2801108; 7.918,87 ; 10.194,38 ; 3.546.905,98 ;47%
SE;CANINDE DE SAO FRANCISCO;2801207; 8.432,41 ; 10.194,38 ; 17.954.366,06 ;54%
SE;CAPELA;2801306; 8.266,59 ; 10.194,38 ; 18.666.915,01 ;50%
SE;CARIRA;2801405; 7.745,13 ; 10.194,38 ; 14.930.938,95 ;52%
SE;CARMOPOLIS;2801504; 12.519,89 ; 12.519,89 ; -   ;0%
SE;CEDRO DE SAO JOAO;2801603; 10.247,38 ; 10.247,38 ; -   ;0%
SE;CRISTINAPOLIS;2801702; 9.475,83 ; 10.194,38 ; 3.597.421,48 ;48%
SE;CUMBE;2801900; 12.173,89 ; 12.173,89 ; -   ;0%
SE;DIVINA PASTORA;2802007; 9.620,79 ; 10.194,38 ; 1.107.628,45 ;38%
SE;ESTANCIA;2802106; 10.150,27 ; 10.194,38 ; 519.457,08 ;54%
SE;FEIRA NOVA;2802205; 10.586,52 ; 10.586,52 ; -   ;0%
SE;FREI PAULO;2802304; 7.915,60 ; 10.194,38 ; 8.232.808,90 ;50%
SE;GARARU;2802403; 7.503,75 ; 10.194,38 ; 8.368.118,26 ;57%
SE;GENERAL MAYNARD;2802502; 11.526,55 ; 11.526,55 ; -   ;0%
SE;GRACHO CARDOSO;2802601; 6.178,02 ; 10.194,38 ; 7.105.068,22 ;48%
SE;ILHA DAS FLORES;2802700; 8.309,29 ; 10.194,38 ; 7.032.522,95 ;50%
SE;INDIAROBA;2802809; 6.933,43 ; 10.194,38 ; 21.000.339,88 ;52%
SE;ITABAIANA;2802908; 9.165,17 ; 10.194,38 ; 14.979.203,39 ;53%
SE;ITABAIANINHA;2803005; 9.056,25 ; 10.194,38 ; 11.580.133,42 ;52%
SE;ITABI;2803104; 10.140,69 ; 10.194,38 ; 51.657,89 ;55%
SE;ITAPORANGA DAJUDA;2803203; 8.915,54 ; 10.194,38 ; 11.615.210,47 ;59%
SE;JAPARATUBA;2803302; 9.287,99 ; 10.194,38 ; 4.532.043,63 ;45%
SE;JAPOATA;2803401; 10.089,06 ; 10.194,38 ; 374.501,61 ;51%
SE;LAGARTO;2803500; 9.569,50 ; 10.194,38 ; 11.146.744,27 ;53%
SE;LARANJEIRAS;2803609; 6.740,37 ; 10.194,38 ; 41.593.527,95 ;36%
SE;MACAMBIRA;2803708; 9.217,77 ; 10.194,38 ; 1.538.315,98 ;47%
SE;MALHADA DOS BOIS;2803807; 7.652,54 ; 10.194,38 ; 4.126.979,14 ;44%
SE;MALHADOR;2803906; 8.623,85 ; 10.194,38 ; 4.551.239,84 ;45%
SE;MARUIM;2804003; 9.909,77 ; 10.194,38 ; 1.019.758,16 ;53%
SE;MOITA BONITA;2804102; 8.692,73 ; 10.194,38 ; 3.788.408,02 ;47%
SE;MONTE ALEGRE DE SERGIPE;2804201; 8.104,32 ; 10.194,38 ; 7.431.312,23 ;63%
SE;MURIBECA;2804300; 8.370,43 ; 10.194,38 ; 3.321.037,46 ;54%
SE;NEOPOLIS;2804409; 9.799,26 ; 10.194,38 ; 1.282.888,97 ;55%
SE;NOSSA SENHORA APARECIDA;2804458; 9.294,26 ; 10.194,38 ; 1.366.975,38 ;46%
SE;NOSSA SENHORA DA GLORIA;2804508; 8.199,10 ; 10.194,38 ; 20.659.928,08 ;54%
SE;NOSSA SENHORA DAS DORES;2804607; 9.273,86 ; 10.194,38 ; 5.251.361,54 ;56%
SE;NOSSA SENHORA DE LOURDES;2804706; 8.043,13 ; 10.194,38 ; 2.943.294,31 ;54%
SE;NOSSA SENHORA DO SOCORRO;2804805; 9.802,57 ; 10.194,38 ; 9.661.410,45 ;57%
SE;PACATUBA;2804904; 9.260,97 ; 10.194,38 ; 3.736.206,21 ;57%
SE;PEDRA MOLE;2805000; 8.989,03 ; 10.194,38 ; 1.252.034,29 ;44%
SE;PEDRINHAS;2805109; 10.035,58 ; 10.194,38 ; 371.876,25 ;41%
SE;PINHAO;2805208; 10.990,07 ; 10.990,07 ; -   ;0%
SE;PIRAMBU;2805307; 10.192,19 ; 10.194,38 ; 5.065,36 ;46%
SE;POCO REDONDO;2805406; 9.130,06 ; 10.194,38 ; 7.852.398,29 ;59%
SE;POCO VERDE;2805505; 9.193,06 ; 10.194,38 ; 3.566.878,35 ;54%
SE;PORTO DA FOLHA;2805604; 7.465,58 ; 10.194,38 ; 18.098.218,44 ;60%
SE;PROPRIA;2805703; 9.465,44 ; 10.194,38 ; 2.174.438,52 ;55%
SE;RIACHAO DO DANTAS;2805802; 8.903,77 ; 10.194,38 ; 6.428.485,45 ;54%
SE;RIACHUELO;2805901; 8.823,90 ; 10.194,38 ; 3.710.360,45 ;45%
SE;RIBEIROPOLIS;2806008; 10.359,66 ; 10.359,66 ; -   ;0%
SE;ROSARIO DO CATETE;2806107; 13.599,72 ; 13.599,72 ; -   ;0%
SE;SALGADO;2806206; 9.199,24 ; 10.194,38 ; 3.487.205,79 ;57%
SE;SANTA LUZIA DO ITANHY;2806305; 8.616,64 ; 10.194,38 ; 8.787.064,46 ;42%
SE;SANTA ROSA DE LIMA;2806503; 10.322,97 ; 10.322,97 ; -   ;0%
SE;SANTANA DO SAO FRANCISCO;2806404; 8.194,23 ; 10.194,38 ; 4.776.341,38 ;48%
SE;SANTO AMARO DAS BROTAS;2806602; 12.303,43 ; 12.303,43 ; -   ;0%
SE;SAO CRISTOVAO;2806701; 9.495,62 ; 10.194,38 ; 8.326.311,36 ;58%
SE;SAO DOMINGOS;2806800; 9.134,96 ; 10.194,38 ; 2.500.635,03 ;48%
SE;SAO FRANCISCO;2806909; 11.054,32 ; 11.054,32 ; -   ;0%
SE;SAO MIGUEL DO ALEIXO;2807006; 11.646,10 ; 11.646,10 ; -   ;0%
SE;Sergipe;28; 14.870,94 ; 14.870,94 ; -   ;0%
SE;SIMAO DIAS;2807105; 9.276,93 ; 10.194,38 ; 6.185.660,15 ;51%
SE;SIRIRI;2807204; 9.945,18 ; 10.194,38 ; 482.083,61 ;49%
SE;TELHA;2807303; 9.838,91 ; 10.194,38 ; 317.139,02 ;46%
SE;TOBIAS BARRETO;2807402; 8.113,13 ; 10.194,38 ; 21.970.960,87 ;53%
SE;TOMAR DO GERU;2807501; 8.419,67 ; 10.194,38 ; 5.829.700,92 ;53%
SE;UMBAUBA;2807600; 8.399,58 ; 10.194,38 ; 11.062.057,98 ;52%
SP;ADAMANTINA;3500105; 11.739,58 ; 11.739,58 ; -   ;0%
SP;ADOLFO;3500204; 10.818,68 ; 10.818,68 ; -   ;0%
SP;AGUAI;3500303; 10.600,49 ; 10.600,49 ; -   ;0%
SP;AGUAS DA PRATA;3500402; 18.599,55 ; 18.599,55 ; -   ;0%
SP;AGUAS DE LINDOIA;3500501; 13.303,58 ; 13.303,58 ; -   ;0%
SP;AGUAS DE SANTA BARBARA;3500550; 16.108,43 ; 16.108,43 ; -   ;0%
SP;AGUAS DE SAO PEDRO;3500600; 12.952,82 ; 12.952,82 ; -   ;0%
SP;AGUDOS;3500709; 11.066,06 ; 11.066,06 ; -   ;0%
SP;ALAMBARI;3500758; 11.665,90 ; 11.665,90 ; -   ;0%
SP;ALFREDO MARCONDES;3500808; 17.627,77 ; 17.627,77 ; -   ;0%
SP;ALTAIR;3500907; 14.304,33 ; 14.304,33 ; -   ;0%
SP;ALTINOPOLIS;3501004; 11.015,03 ; 11.015,03 ; -   ;0%
SP;ALTO ALEGRE;3501103; 15.827,24 ; 15.827,24 ; -   ;0%
SP;ALUMINIO;3501152; 12.120,19 ; 12.120,19 ; -   ;0%
SP;ALVARES FLORENCE;3501202; 12.014,62 ; 12.014,62 ; -   ;0%
SP;ALVARES MACHADO;3501301; 9.797,41 ; 10.194,38 ; 1.822.834,55 ;48%
SP;ALVARO DE CARVALHO;3501400; 11.638,31 ; 11.638,31 ; -   ;0%
SP;ALVINLANDIA;3501509; 11.772,32 ; 11.772,32 ; -   ;0%
SP;AMERICANA;3501608; 15.434,59 ; 15.434,59 ; -   ;0%
SP;AMERICO BRASILIENSE;3501707; 10.393,07 ; 10.393,07 ; -   ;0%
SP;AMERICO DE CAMPOS;3501806; 10.860,04 ; 10.860,04 ; -   ;0%
SP;AMPARO;3501905; 13.266,68 ; 13.266,68 ; -   ;0%
SP;ANALANDIA;3502002; 11.742,64 ; 11.742,64 ; -   ;0%
SP;ANDRADINA;3502101; 12.184,41 ; 12.184,41 ; -   ;0%
SP;ANGATUBA;3502200; 9.924,49 ; 10.194,38 ; 1.369.693,37 ;46%
SP;ANHEMBI;3502309; 11.488,10 ; 11.488,10 ; -   ;0%
SP;ANHUMAS;3502408; 12.761,04 ; 12.761,04 ; -   ;0%
SP;APARECIDA;3502507; 11.152,28 ; 11.152,28 ; -   ;0%
SP;APARECIDA DOESTE;3502606; 12.965,03 ; 12.965,03 ; -   ;0%
SP;APIAI;3502705; 9.806,69 ; 10.194,38 ; 1.319.472,92 ;47%
SP;ARACARIGUAMA;3502754; 11.834,73 ; 11.834,73 ; -   ;0%
SP;ARACATUBA;3502804; 11.958,42 ; 11.958,42 ; -   ;0%
SP;ARACOIABA DA SERRA;3502903; 11.573,70 ; 11.573,70 ; -   ;0%
SP;ARAMINA;3503000; 12.753,01 ; 12.753,01 ; -   ;0%
SP;ARANDU;3503109; 13.952,78 ; 13.952,78 ; -   ;0%
SP;ARAPEI;3503158; 18.199,07 ; 18.199,07 ; -   ;0%
SP;ARARAQUARA;3503208; 13.254,25 ; 13.254,25 ; -   ;0%
SP;ARARAS;3503307; 11.693,76 ; 11.693,76 ; -   ;0%
SP;ARCO-IRIS;3503356; 15.864,15 ; 15.864,15 ; -   ;0%
SP;AREALVA;3503406; 10.235,02 ; 10.235,02 ; -   ;0%
SP;AREIAS;3503505; 14.788,63 ; 14.788,63 ; -   ;0%
SP;AREIOPOLIS;3503604; 9.506,21 ; 10.194,38 ; 1.539.183,83 ;45%
SP;ARIRANHA;3503703; 12.899,19 ; 12.899,19 ; -   ;0%
SP;ARTUR NOGUEIRA;3503802; 11.069,47 ; 11.069,47 ; -   ;0%
SP;ARUJA;3503901; 12.394,80 ; 12.394,80 ; -   ;0%
SP;ASPASIA;3503950; 18.023,89 ; 18.023,89 ; -   ;0%
SP;ASSIS;3504008; 11.757,19 ; 11.757,19 ; -   ;0%
SP;ATIBAIA;3504107; 13.355,42 ; 13.355,42 ; -   ;0%
SP;AURIFLAMA;3504206; 11.169,48 ; 11.169,48 ; -   ;0%
SP;AVAI;3504305; 14.630,75 ; 14.630,75 ; -   ;0%
SP;AVANHANDAVA;3504404; 11.493,84 ; 11.493,84 ; -   ;0%
SP;AVARE;3504503; 12.069,95 ; 12.069,95 ; -   ;0%
SP;BADY BASSITT;3504602; 9.638,99 ; 10.194,38 ; 2.927.063,45 ;48%
SP;BALBINOS;3504701; 17.751,81 ; 17.751,81 ; -   ;0%
SP;BALSAMO;3504800; 11.823,35 ; 11.823,35 ; -   ;0%
SP;BANANAL;3504909; 11.055,27 ; 11.055,27 ; -   ;0%
SP;BARAO DE ANTONINA;3505005; 14.100,42 ; 14.100,42 ; -   ;0%
SP;BARBOSA;3505104; 10.154,96 ; 10.194,38 ; 48.876,77 ;46%
SP;BARIRI;3505203; 10.937,07 ; 10.937,07 ; -   ;0%
SP;BARRA BONITA;3505302; 13.417,83 ; 13.417,83 ; -   ;0%
SP;BARRA DO CHAPEU;3505351; 8.816,69 ; 10.194,38 ; 1.641.795,96 ;48%
SP;BARRA DO TURVO;3505401; 12.208,31 ; 12.208,31 ; -   ;0%
SP;BARRETOS;3505500; 11.924,73 ; 11.924,73 ; -   ;0%
SP;BARRINHA;3505609; 10.082,57 ; 10.194,38 ; 765.143,65 ;50%
SP;BARUERI;3505708; 20.438,31 ; 20.438,31 ; -   ;0%
SP;BASTOS;3505807; 10.540,20 ; 10.540,20 ; -   ;0%
SP;BATATAIS;3505906; 11.196,94 ; 11.196,94 ; -   ;0%
SP;BAURU;3506003; 13.565,87 ; 13.565,87 ; -   ;0%
SP;BEBEDOURO;3506102; 12.242,47 ; 12.242,47 ; -   ;0%
SP;BENTO DE ABREU;3506201; 15.489,71 ; 15.489,71 ; -   ;0%
SP;BERNARDINO DE CAMPOS;3506300; 11.422,40 ; 11.422,40 ; -   ;0%
SP;BERTIOGA;3506359; 18.711,89 ; 18.711,89 ; -   ;0%
SP;BILAC;3506409; 12.510,15 ; 12.510,15 ; -   ;0%
SP;BIRIGUI;3506508; 11.824,55 ; 11.824,55 ; -   ;0%
SP;BIRITIBA MIRIM;3506607; 10.465,84 ; 10.465,84 ; -   ;0%
SP;BOA ESPERANCA DO SUL;3506706; 10.484,84 ; 10.484,84 ; -   ;0%
SP;BOCAINA;3506805; 13.537,88 ; 13.537,88 ; -   ;0%
SP;BOFETE;3506904; 12.159,04 ; 12.159,04 ; -   ;0%
SP;BOITUVA;3507001; 11.166,32 ; 11.166,32 ; -   ;0%
SP;BOM JESUS DOS PERDOES;3507100; 11.622,79 ; 11.622,79 ; -   ;0%
SP;BOM SUCESSO DE ITARARE;3507159; 11.502,46 ; 11.502,46 ; -   ;0%
SP;BORA;3507209; 26.557,04 ; 26.557,04 ; -   ;0%
SP;BORACEIA;3507308; 12.232,35 ; 12.232,35 ; -   ;0%
SP;BORBOREMA;3507407; 12.378,49 ; 12.378,49 ; -   ;0%
SP;BOREBI;3507456; 10.404,45 ; 10.404,45 ; -   ;0%
SP;BOTUCATU;3507506; 10.503,10 ; 10.503,10 ; -   ;0%
SP;BRAGANCA PAULISTA;3507605; 13.182,45 ; 13.182,45 ; -   ;0%
SP;BRAUNA;3507704; 11.268,27 ; 11.268,27 ; -   ;0%
SP;BREJO ALEGRE;3507753; 12.888,09 ; 12.888,09 ; -   ;0%
SP;BRODOWSKY;3507803; 10.509,49 ; 10.509,49 ; -   ;0%
SP;BROTAS;3507902; 12.865,10 ; 12.865,10 ; -   ;0%
SP;BURI;3508009; 9.604,54 ; 10.194,38 ; 3.201.131,67 ;51%
SP;BURITAMA;3508108; 12.602,39 ; 12.602,39 ; -   ;0%
SP;BURITIZAL;3508207; 13.630,87 ; 13.630,87 ; -   ;0%
SP;CABRALIA PAULISTA;3508306; 13.656,56 ; 13.656,56 ; -   ;0%
SP;CABREUVA;3508405; 11.986,89 ; 11.986,89 ; -   ;0%
SP;CACAPAVA;3508504; 11.968,85 ; 11.968,85 ; -   ;0%
SP;CACHOEIRA PAULISTA;3508603; 12.497,67 ; 12.497,67 ; -   ;0%
SP;CACONDE;3508702; 11.062,23 ; 11.062,23 ; -   ;0%
SP;CAFELANDIA;3508801; 11.755,02 ; 11.755,02 ; -   ;0%
SP;CAIABU;3508900; 13.361,75 ; 13.361,75 ; -   ;0%
SP;CAIEIRAS;3509007; 12.838,02 ; 12.838,02 ; -   ;0%
SP;CAIUA;3509106; 16.477,64 ; 16.477,64 ; -   ;0%
SP;CAJAMAR;3509205; 12.853,53 ; 12.853,53 ; -   ;0%
SP;CAJATI;3509254; 11.809,96 ; 11.809,96 ; -   ;0%
SP;CAJOBI;3509304; 9.958,40 ; 10.194,38 ; 417.299,63 ;39%
SP;CAJURU;3509403; 10.730,36 ; 10.730,36 ; -   ;0%
SP;CAMPINA DO MONTE ALEGRE;3509452; 10.267,46 ; 10.267,46 ; -   ;0%
SP;CAMPINAS;3509502; 22.259,89 ; 22.259,89 ; -   ;0%
SP;CAMPO LIMPO PAULISTA;3509601; 10.989,51 ; 10.989,51 ; -   ;0%
SP;CAMPOS DO JORDAO;3509700; 12.669,33 ; 12.669,33 ; -   ;0%
SP;CAMPOS NOVOS PAULISTA;3509809; 11.969,25 ; 11.969,25 ; -   ;0%
SP;CANANEIA;3509908; 12.063,45 ; 12.063,45 ; -   ;0%
SP;CANAS;3509957; 10.337,85 ; 10.337,85 ; -   ;0%
SP;CANDIDO MOTA;3510005; 11.482,60 ; 11.482,60 ; -   ;0%
SP;CANDIDO RODRIGUES;3510104; 10.806,99 ; 10.806,99 ; -   ;0%
SP;CANITAR;3510153; 9.839,42 ; 10.194,38 ; 505.688,07 ;46%
SP;CAPAO BONITO;3510203; 9.980,13 ; 10.194,38 ; 1.981.986,40 ;48%
SP;CAPELA DO ALTO;3510302; 9.456,12 ; 10.194,38 ; 3.661.765,10 ;47%
SP;CAPIVARI;3510401; 11.321,80 ; 11.321,80 ; -   ;0%
SP;CARAGUATATUBA;3510500; 13.323,22 ; 13.323,22 ; -   ;0%
SP;CARAPICUIBA;3510609; 10.473,26 ; 10.473,26 ; -   ;0%
SP;CARDOSO;3510708; 11.985,86 ; 11.985,86 ; -   ;0%
SP;CASA BRANCA;3510807; 12.641,00 ; 12.641,00 ; -   ;0%
SP;CASSIA DOS COQUEIROS;3510906; 12.834,75 ; 12.834,75 ; -   ;0%
SP;CASTILHO;3511003; 12.076,32 ; 12.076,32 ; -   ;0%
SP;CATANDUVA;3511102; 12.221,61 ; 12.221,61 ; -   ;0%
SP;CATIGUA;3511201; 13.822,20 ; 13.822,20 ; -   ;0%
SP;CEDRAL;3511300; 10.680,56 ; 10.680,56 ; -   ;0%
SP;CERQUEIRA CESAR;3511409; 11.365,54 ; 11.365,54 ; -   ;0%
SP;CERQUILHO;3511508; 10.894,90 ; 10.894,90 ; -   ;0%
SP;CESARIO LANGE;3511607; 10.092,43 ; 10.194,38 ; 453.299,31 ;45%
SP;CHARQUEADA;3511706; 9.753,01 ; 10.194,38 ; 1.419.110,87 ;46%
SP;CHAVANTES;3557204; 11.052,75 ; 11.052,75 ; -   ;0%
SP;CLEMENTINA;3511904; 10.480,18 ; 10.480,18 ; -   ;0%
SP;COLINA;3512001; 10.859,72 ; 10.859,72 ; -   ;0%
SP;COLOMBIA;3512100; 11.463,05 ; 11.463,05 ; -   ;0%
SP;CONCHAL;3512209; 10.544,22 ; 10.544,22 ; -   ;0%
SP;CONCHAS;3512308; 11.433,38 ; 11.433,38 ; -   ;0%
SP;CORDEIROPOLIS;3512407; 13.163,74 ; 13.163,74 ; -   ;0%
SP;COROADOS;3512506; 13.373,02 ; 13.373,02 ; -   ;0%
SP;CORONEL MACEDO;3512605; 11.406,87 ; 11.406,87 ; -   ;0%
SP;CORUMBATAI;3512704; 12.265,01 ; 12.265,01 ; -   ;0%
SP;COSMOPOLIS;3512803; 10.826,33 ; 10.826,33 ; -   ;0%
SP;COSMORAMA;3512902; 10.980,16 ; 10.980,16 ; -   ;0%
SP;COTIA;3513009; 13.073,68 ; 13.073,68 ; -   ;0%
SP;CRAVINHOS;3513108; 12.433,33 ; 12.433,33 ; -   ;0%
SP;CRUZALIA;3513306; 12.890,59 ; 12.890,59 ; -   ;0%
SP;CRUZEIRO;3513405; 11.199,18 ; 11.199,18 ; -   ;0%
SP;CUNHA;3513603; 10.248,61 ; 10.248,61 ; -   ;0%
SP;DESCALVADO;3513702; 11.030,38 ; 11.030,38 ; -   ;0%
SP;DIADEMA;3513801; 12.152,62 ; 12.152,62 ; -   ;0%
SP;DIRCE REIS;3513850; 18.532,94 ; 18.532,94 ; -   ;0%
SP;DIVINOLANDIA;3513900; 10.499,00 ; 10.499,00 ; -   ;0%
SP;DOBRADA;3514007; 10.220,29 ; 10.220,29 ; -   ;0%
SP;DOIS CORREGOS;3514106; 10.321,51 ; 10.321,51 ; -   ;0%
SP;DOLCINOPOLIS;3514205; 12.888,62 ; 12.888,62 ; -   ;0%
SP;DOURADO;3514304; 13.455,65 ; 13.455,65 ; -   ;0%
SP;DRACENA;3514403; 12.230,30 ; 12.230,30 ; -   ;0%
SP;DUARTINA;3514502; 10.517,76 ; 10.517,76 ; -   ;0%
SP;DUMONT;3514601; 10.610,74 ; 10.610,74 ; -   ;0%
SP;ECHAPORA;3514700; 11.810,34 ; 11.810,34 ; -   ;0%
SP;ELDORADO;3514809; 10.178,73 ; 10.194,38 ; 36.967,91 ;55%
SP;ELIAS FAUSTO;3514908; 11.159,26 ; 11.159,26 ; -   ;0%
SP;ELISIARIO;3514924; 13.161,48 ; 13.161,48 ; -   ;0%
SP;EMBAUBA;3514957; 14.410,88 ; 14.410,88 ; -   ;0%
SP;EMBU;3515004; 11.251,83 ; 11.251,83 ; -   ;0%
SP;EMBU-GUACU;3515103; 11.059,20 ; 11.059,20 ; -   ;0%
SP;EMILIANOPOLIS;3515129; 10.233,73 ; 10.233,73 ; -   ;0%
SP;ENGENHEIRO COELHO;3515152; 10.489,40 ; 10.489,40 ; -   ;0%
SP;ESPIRITO SANTO DO PINHAL;3515186; 13.168,65 ; 13.168,65 ; -   ;0%
SP;ESPIRITO SANTO DO TURVO;3515194; 10.851,76 ; 10.851,76 ; -   ;0%
SP;ESTIVA GERBI;3557303; 10.271,23 ; 10.271,23 ; -   ;0%
SP;ESTRELA DO NORTE;3515301; 14.357,96 ; 14.357,96 ; -   ;0%
SP;ESTRELA DOESTE;3515202; 12.283,55 ; 12.283,55 ; -   ;0%
SP;EUCLIDES DA CUNHA PAULISTA;3515350; 10.924,87 ; 10.924,87 ; -   ;0%
SP;FARTURA;3515400; 10.435,67 ; 10.435,67 ; -   ;0%
SP;FERNANDO PRESTES;3515608; 10.782,75 ; 10.782,75 ; -   ;0%
SP;FERNANDOPOLIS;3515509; 11.247,45 ; 11.247,45 ; -   ;0%
SP;FERNAO;3515657; 15.352,87 ; 15.352,87 ; -   ;0%
SP;FERRAZ DE VASCONCELOS;3515707; 9.641,08 ; 10.194,38 ; 14.068.380,53 ;50%
SP;FLORA RICA;3515806; 14.756,31 ; 14.756,31 ; -   ;0%
SP;FLOREAL;3515905; 15.345,21 ; 15.345,21 ; -   ;0%
SP;FLORIDA PAULISTA;3516002; 11.788,03 ; 11.788,03 ; -   ;0%
SP;FLORINIA;3516101; 21.666,34 ; 21.666,34 ; -   ;0%
SP;FRANCA;3516200; 11.146,85 ; 11.146,85 ; -   ;0%
SP;FRANCISCO MORATO;3516309; 9.347,59 ; 10.194,38 ; 24.816.375,94 ;50%
SP;FRANCO DA ROCHA;3516408; 10.237,44 ; 10.237,44 ; -   ;0%
SP;GABRIEL MONTEIRO;3516507; 12.047,65 ; 12.047,65 ; -   ;0%
SP;GALIA;3516606; 13.074,53 ; 13.074,53 ; -   ;0%
SP;GARCA;3516705; 11.160,77 ; 11.160,77 ; -   ;0%
SP;GASTAO VIDIGAL;3516804; 15.527,03 ; 15.527,03 ; -   ;0%
SP;GAVIAO PEIXOTO;3516853; 13.756,62 ; 13.756,62 ; -   ;0%
SP;GENERAL SALGADO;3516903; 11.135,48 ; 11.135,48 ; -   ;0%
SP;GETULINA;3517000; 13.409,02 ; 13.409,02 ; -   ;0%
SP;GLICERIO;3517109; 13.497,08 ; 13.497,08 ; -   ;0%
SP;GUAICARA;3517208; 9.697,30 ; 10.194,38 ; 892.243,88 ;48%
SP;GUAIMBE;3517307; 10.571,02 ; 10.571,02 ; -   ;0%
SP;GUAIRA;3517406; 13.549,26 ; 13.549,26 ; -   ;0%
SP;GUAPIACU;3517505; 10.435,21 ; 10.435,21 ; -   ;0%
SP;GUAPIARA;3517604; 9.747,62 ; 10.194,38 ; 1.303.486,21 ;59%
SP;GUARA;3517703; 10.626,89 ; 10.626,89 ; -   ;0%
SP;GUARACAI;3517802; 13.819,77 ; 13.819,77 ; -   ;0%
SP;GUARACI;3517901; 11.049,99 ; 11.049,99 ; -   ;0%
SP;GUARANI DOESTE;3518008; 13.984,99 ; 13.984,99 ; -   ;0%
SP;GUARANTA;3518107; 13.250,64 ; 13.250,64 ; -   ;0%
SP;GUARARAPES;3518206; 11.820,53 ; 11.820,53 ; -   ;0%
SP;GUARAREMA;3518305; 21.835,92 ; 21.835,92 ; -   ;0%
SP;GUARATINGUETA;3518404; 11.359,22 ; 11.359,22 ; -   ;0%
SP;GUAREI;3518503; 11.349,90 ; 11.349,90 ; -   ;0%
SP;GUARIBA;3518602; 10.528,36 ; 10.528,36 ; -   ;0%
SP;GUARUJA;3518701; 17.182,22 ; 17.182,22 ; -   ;0%
SP;GUARULHOS;3518800; 12.770,85 ; 12.770,85 ; -   ;0%
SP;GUATAPARA;3518859; 11.665,25 ; 11.665,25 ; -   ;0%
SP;GUZOLANDIA;3518909; 13.094,89 ; 13.094,89 ; -   ;0%
SP;HERCULANDIA;3519006; 11.048,40 ; 11.048,40 ; -   ;0%
SP;HOLAMBRA;3519055; 11.571,38 ; 11.571,38 ; -   ;0%
SP;HORTOLANDIA;3519071; 12.736,80 ; 12.736,80 ; -   ;0%
SP;IACANGA;3519105; 11.116,68 ; 11.116,68 ; -   ;0%
SP;IACRI;3519204; 13.571,92 ; 13.571,92 ; -   ;0%
SP;IARAS;3519253; 11.347,39 ; 11.347,39 ; -   ;0%
SP;IBATE;3519303; 10.280,93 ; 10.280,93 ; -   ;0%
SP;IBIRA;3519402; 10.610,68 ; 10.610,68 ; -   ;0%
SP;IBIRAREMA;3519501; 13.294,91 ; 13.294,91 ; -   ;0%
SP;IBITINGA;3519600; 9.806,92 ; 10.194,38 ; 3.021.344,29 ;46%
SP;IBIUNA;3519709; 10.688,82 ; 10.688,82 ; -   ;0%
SP;ICEM;3519808; 13.055,69 ; 13.055,69 ; -   ;0%
SP;IEPE;3519907; 12.857,65 ; 12.857,65 ; -   ;0%
SP;IGARACU DO TIETE;3520004; 10.751,90 ; 10.751,90 ; -   ;0%
SP;IGARAPAVA;3520103; 11.412,83 ; 11.412,83 ; -   ;0%
SP;IGARATA;3520202; 12.009,82 ; 12.009,82 ; -   ;0%
SP;IGUAPE;3520301; 11.566,44 ; 11.566,44 ; -   ;0%
SP;ILHA COMPRIDA;3520426; 11.210,65 ; 11.210,65 ; -   ;0%
SP;ILHA SOLTEIRA;3520442; 13.144,62 ; 13.144,62 ; -   ;0%
SP;ILHABELA;3520400; 16.886,25 ; 16.886,25 ; -   ;0%
SP;INDAIATUBA;3520509; 13.996,02 ; 13.996,02 ; -   ;0%
SP;INDIANA;3520608; 11.775,60 ; 11.775,60 ; -   ;0%
SP;INDIAPORA;3520707; 13.215,08 ; 13.215,08 ; -   ;0%
SP;INUBIA PAULISTA;3520806; 13.026,68 ; 13.026,68 ; -   ;0%
SP;IPAUSSU;3520905; 10.705,97 ; 10.705,97 ; -   ;0%
SP;IPERO;3521002; 9.660,92 ; 10.194,38 ; 4.209.272,92 ;48%
SP;IPEUNA;3521101; 12.943,76 ; 12.943,76 ; -   ;0%
SP;IPIGUA;3521150; 11.468,71 ; 11.468,71 ; -   ;0%
SP;IPORANGA;3521200; 13.982,63 ; 13.982,63 ; -   ;0%
SP;IPUA;3521309; 10.470,49 ; 10.470,49 ; -   ;0%
SP;IRACEMAPOLIS;3521408; 12.444,39 ; 12.444,39 ; -   ;0%
SP;IRAPUA;3521507; 10.433,55 ; 10.433,55 ; -   ;0%
SP;IRAPURU;3521606; 12.975,06 ; 12.975,06 ; -   ;0%
SP;ITABERA;3521705; 11.891,89 ; 11.891,89 ; -   ;0%
SP;ITAI;3521804; 12.336,41 ; 12.336,41 ; -   ;0%
SP;ITAJOBI;3521903; 10.673,60 ; 10.673,60 ; -   ;0%
SP;ITAJU;3522000; 11.459,58 ; 11.459,58 ; -   ;0%
SP;ITANHAEM;3522109; 11.497,25 ; 11.497,25 ; -   ;0%
SP;ITAOCA;3522158; 10.076,18 ; 10.194,38 ; 77.677,96 ;52%
SP;ITAPECERICA DA SERRA;3522208; 11.394,69 ; 11.394,69 ; -   ;0%
SP;ITAPETININGA;3522307; 10.825,36 ; 10.825,36 ; -   ;0%
SP;ITAPEVA;3522406; 10.319,98 ; 10.319,98 ; -   ;0%
SP;ITAPEVI;3522505; 10.042,81 ; 10.194,38 ; 5.893.180,78 ;54%
SP;ITAPIRA;3522604; 13.577,52 ; 13.577,52 ; -   ;0%
SP;ITAPIRAPUA PAULISTA;3522653; 11.385,79 ; 11.385,79 ; -   ;0%
SP;ITAPOLIS;3522703; 10.822,11 ; 10.822,11 ; -   ;0%
SP;ITAPORANGA;3522802; 11.451,40 ; 11.451,40 ; -   ;0%
SP;ITAPUI;3522901; 9.936,30 ; 10.194,38 ; 717.851,59 ;37%
SP;ITAPURA;3523008; 13.080,76 ; 13.080,76 ; -   ;0%
SP;ITAQUAQUECETUBA;3523107; 9.061,96 ; 10.194,38 ; 63.794.368,89 ;52%
SP;ITARARE;3523206; 10.388,65 ; 10.388,65 ; -   ;0%
SP;ITARIRI;3523305; 10.963,08 ; 10.963,08 ; -   ;0%
SP;ITATIBA;3523404; 12.237,98 ; 12.237,98 ; -   ;0%
SP;ITATINGA;3523503; 11.539,50 ; 11.539,50 ; -   ;0%
SP;ITIRAPINA;3523602; 12.378,01 ; 12.378,01 ; -   ;0%
SP;ITIRAPUA;3523701; 10.615,71 ; 10.615,71 ; -   ;0%
SP;ITOBI;3523800; 11.659,27 ; 11.659,27 ; -   ;0%
SP;ITU;3523909; 13.608,15 ; 13.608,15 ; -   ;0%
SP;ITUPEVA;3524006; 16.603,52 ; 16.603,52 ; -   ;0%
SP;ITUVERAVA;3524105; 11.349,68 ; 11.349,68 ; -   ;0%
SP;JABORANDI;3524204; 11.002,68 ; 11.002,68 ; -   ;0%
SP;JABOTICABAL;3524303; 14.090,76 ; 14.090,76 ; -   ;0%
SP;JACAREI;3524402; 11.980,08 ; 11.980,08 ; -   ;0%
SP;JACI;3524501; 10.690,61 ; 10.690,61 ; -   ;0%
SP;JACUPIRANGA;3524600; 10.578,86 ; 10.578,86 ; -   ;0%
SP;JAGUARIUNA;3524709; 15.112,66 ; 15.112,66 ; -   ;0%
SP;JALES;3524808; 11.891,13 ; 11.891,13 ; -   ;0%
SP;JAMBEIRO;3524907; 12.114,62 ; 12.114,62 ; -   ;0%
SP;JANDIRA;3525003; 11.296,42 ; 11.296,42 ; -   ;0%
SP;JARDINOPOLIS;3525102; 10.766,04 ; 10.766,04 ; -   ;0%
SP;JARINU;3525201; 12.199,17 ; 12.199,17 ; -   ;0%
SP;JAU;3525300; 12.521,17 ; 12.521,17 ; -   ;0%
SP;JERIQUARA;3525409; 10.558,79 ; 10.558,79 ; -   ;0%
SP;JOANOPOLIS;3525508; 11.459,53 ; 11.459,53 ; -   ;0%
SP;JOSE BONIFACIO;3525706; 11.453,54 ; 11.453,54 ; -   ;0%
SP;JULIO MESQUITA;3525805; 10.021,85 ; 10.194,38 ; 133.341,16 ;45%
SP;JUMIRIM;3525854; 10.438,90 ; 10.438,90 ; -   ;0%
SP;JUNDIAI;3525904; 18.514,02 ; 18.514,02 ; -   ;0%
SP;JUNQUEIROPOLIS;3526001; 11.005,41 ; 11.005,41 ; -   ;0%
SP;JUQUIA;3526100; 9.782,63 ; 10.194,38 ; 1.143.893,88 ;52%
SP;JUQUITIBA;3526209; 10.475,73 ; 10.475,73 ; -   ;0%
SP;LAGOINHA;3526308; 11.506,78 ; 11.506,78 ; -   ;0%
SP;LARANJAL PAULISTA;3526407; 10.793,55 ; 10.793,55 ; -   ;0%
SP;LAVINIA;3526506; 14.198,59 ; 14.198,59 ; -   ;0%
SP;LAVRINHAS;3526605; 10.670,87 ; 10.670,87 ; -   ;0%
SP;LEME;3526704; 11.364,82 ; 11.364,82 ; -   ;0%
SP;LENCOIS PAULISTA;3526803; 11.106,68 ; 11.106,68 ; -   ;0%
SP;LIMEIRA;3526902; 13.513,08 ; 13.513,08 ; -   ;0%
SP;LINDOIA;3527009; 11.523,19 ; 11.523,19 ; -   ;0%
SP;LINS;3527108; 11.585,45 ; 11.585,45 ; -   ;0%
SP;LORENA;3527207; 11.658,29 ; 11.658,29 ; -   ;0%
SP;LOURDES;3527256; 13.500,48 ; 13.500,48 ; -   ;0%
SP;LOUVEIRA;3527306; 15.067,20 ; 15.067,20 ; -   ;0%
SP;LUCELIA;3527405; 10.278,19 ; 10.278,19 ; -   ;0%
SP;LUCIANOPOLIS;3527504; 15.508,24 ; 15.508,24 ; -   ;0%
SP;LUIS ANTONIO;3527603; 12.228,31 ; 12.228,31 ; -   ;0%
SP;LUIZIANIA;3527702; 10.577,64 ; 10.577,64 ; -   ;0%
SP;LUPERCIO;3527801; 12.329,40 ; 12.329,40 ; -   ;0%
SP;LUTECIA;3527900; 13.432,90 ; 13.432,90 ; -   ;0%
SP;MACATUBA;3528007; 10.288,01 ; 10.288,01 ; -   ;0%
SP;MACAUBAL;3528106; 13.183,47 ; 13.183,47 ; -   ;0%
SP;MACEDONIA;3528205; 12.971,11 ; 12.971,11 ; -   ;0%
SP;MAGDA;3528304; 13.718,73 ; 13.718,73 ; -   ;0%
SP;MAIRINQUE;3528403; 10.520,02 ; 10.520,02 ; -   ;0%
SP;MAIRIPORA;3528502; 12.353,86 ; 12.353,86 ; -   ;0%
SP;MANDURI;3528601; 11.519,28 ; 11.519,28 ; -   ;0%
SP;MARABA PAULISTA;3528700; 16.207,00 ; 16.207,00 ; -   ;0%
SP;MARACAI;3528809; 12.660,78 ; 12.660,78 ; -   ;0%
SP;MARAPOAMA;3528858; 13.153,57 ; 13.153,57 ; -   ;0%
SP;MARIAPOLIS;3528908; 11.590,90 ; 11.590,90 ; -   ;0%
SP;MARILIA;3529005; 12.942,55 ; 12.942,55 ; -   ;0%
SP;MARINOPOLIS;3529104; 13.206,34 ; 13.206,34 ; -   ;0%
SP;MARTINOPOLIS;3529203; 11.262,44 ; 11.262,44 ; -   ;0%
SP;MATAO;3529302; 12.370,61 ; 12.370,61 ; -   ;0%
SP;MAUA;3529401; 13.713,17 ; 13.713,17 ; -   ;0%
SP;MENDONCA;3529500; 9.718,56 ; 10.194,38 ; 610.185,92 ;52%
SP;MERIDIANO;3529609; 11.875,77 ; 11.875,77 ; -   ;0%
SP;MESOPOLIS;3529658; 13.147,76 ; 13.147,76 ; -   ;0%
SP;MIGUELOPOLIS;3529708; 11.924,56 ; 11.924,56 ; -   ;0%
SP;MINEIROS DO TIETE;3529807; 10.768,29 ; 10.768,29 ; -   ;0%
SP;MIRA ESTRELA;3530003; 13.586,11 ; 13.586,11 ; -   ;0%
SP;MIRACATU;3529906; 9.429,04 ; 10.194,38 ; 2.724.239,15 ;51%
SP;MIRANDOPOLIS;3530102; 12.464,21 ; 12.464,21 ; -   ;0%
SP;MIRANTE DO PARANAPANEMA;3530201; 13.641,43 ; 13.641,43 ; -   ;0%
SP;MIRASSOL;3530300; 12.633,91 ; 12.633,91 ; -   ;0%
SP;MIRASSOLANDIA;3530409; 10.774,08 ; 10.774,08 ; -   ;0%
SP;MOCOCA;3530508; 13.599,41 ; 13.599,41 ; -   ;0%
SP;MOGI DAS CRUZES;3530607; 11.242,87 ; 11.242,87 ; -   ;0%
SP;MOGI MIRIM;3530805; 14.074,56 ; 14.074,56 ; -   ;0%
SP;MOGI-GUACU;3530706; 10.825,77 ; 10.825,77 ; -   ;0%
SP;MOMBUCA;3530904; 10.271,67 ; 10.271,67 ; -   ;0%
SP;MONCOES;3531001; 17.350,39 ; 17.350,39 ; -   ;0%
SP;MONGAGUA;3531100; 12.296,94 ; 12.296,94 ; -   ;0%
SP;MONTE ALEGRE DO SUL;3531209; 11.986,95 ; 11.986,95 ; -   ;0%
SP;MONTE ALTO;3531308; 11.600,96 ; 11.600,96 ; -   ;0%
SP;MONTE APRAZIVEL;3531407; 11.353,24 ; 11.353,24 ; -   ;0%
SP;MONTE AZUL PAULISTA;3531506; 11.497,04 ; 11.497,04 ; -   ;0%
SP;MONTE CASTELO;3531605; 12.958,64 ; 12.958,64 ; -   ;0%
SP;MONTE MOR;3531803; 10.717,10 ; 10.717,10 ; -   ;0%
SP;MONTEIRO LOBATO;3531704; 11.432,17 ; 11.432,17 ; -   ;0%
SP;MORRO AGUDO;3531902; 11.385,69 ; 11.385,69 ; -   ;0%
SP;MORUNGABA;3532009; 10.175,69 ; 10.194,38 ; 47.414,27 ;49%
SP;MOTUCA;3532058; 11.804,01 ; 11.804,01 ; -   ;0%
SP;MURUTINGA DO SUL;3532108; 13.116,25 ; 13.116,25 ; -   ;0%
SP;NANTES;3532157; 15.348,16 ; 15.348,16 ; -   ;0%
SP;NARANDIBA;3532207; 10.615,36 ; 10.615,36 ; -   ;0%
SP;NATIVIDADE DA SERRA;3532306; 11.955,43 ; 11.955,43 ; -   ;0%
SP;NAZARE PAULISTA;3532405; 12.288,85 ; 12.288,85 ; -   ;0%
SP;NEVES PAULISTA;3532504; 12.136,89 ; 12.136,89 ; -   ;0%
SP;NHANDEARA;3532603; 13.392,90 ; 13.392,90 ; -   ;0%
SP;NIPOA;3532702; 10.658,44 ; 10.658,44 ; -   ;0%
SP;NOVA ALIANCA;3532801; 10.462,01 ; 10.462,01 ; -   ;0%
SP;NOVA CAMPINA;3532827; 10.753,54 ; 10.753,54 ; -   ;0%
SP;NOVA CANAA PAULISTA;3532843; 15.562,89 ; 15.562,89 ; -   ;0%
SP;NOVA CASTILHO;3532868; 18.674,93 ; 18.674,93 ; -   ;0%
SP;NOVA EUROPA;3532900; 10.809,95 ; 10.809,95 ; -   ;0%
SP;NOVA GRANADA;3533007; 11.390,05 ; 11.390,05 ; -   ;0%
SP;NOVA GUATAPORANGA;3533106; 14.350,88 ; 14.350,88 ; -   ;0%
SP;NOVA INDEPENDENCIA;3533205; 10.921,89 ; 10.921,89 ; -   ;0%
SP;NOVA LUZITANIA;3533304; 12.646,20 ; 12.646,20 ; -   ;0%
SP;NOVA ODESSA;3533403; 13.976,74 ; 13.976,74 ; -   ;0%
SP;NOVAIS;3533254; 10.552,33 ; 10.552,33 ; -   ;0%
SP;NOVO HORIZONTE;3533502; 11.794,75 ; 11.794,75 ; -   ;0%
SP;NUPORANGA;3533601; 10.838,11 ; 10.838,11 ; -   ;0%
SP;OCAUCU;3533700; 11.427,30 ; 11.427,30 ; -   ;0%
SP;OLEO;3533809; 12.897,37 ; 12.897,37 ; -   ;0%
SP;OLIMPIA;3533908; 11.749,18 ; 11.749,18 ; -   ;0%
SP;ONDA VERDE;3534005; 13.351,92 ; 13.351,92 ; -   ;0%
SP;ORIENTE;3534104; 11.678,64 ; 11.678,64 ; -   ;0%
SP;ORLANDIA;3534302; 10.605,70 ; 10.605,70 ; -   ;0%
SP;OSASCO;3534401; 17.728,17 ; 17.728,17 ; -   ;0%
SP;OSCAR BRESSANE;3534500; 14.615,51 ; 14.615,51 ; -   ;0%
SP;OSVALDO CRUZ;3534609; 12.751,81 ; 12.751,81 ; -   ;0%
SP;OURO VERDE;3534807; 10.126,91 ; 10.194,38 ; 114.151,23 ;44%
SP;OUROESTE;3534757; 12.837,19 ; 12.837,19 ; -   ;0%
SP;PACAEMBU;3534906; 13.252,47 ; 13.252,47 ; -   ;0%
SP;PALESTINA;3535002; 11.287,81 ; 11.287,81 ; -   ;0%
SP;PALMARES PAULISTA;3535101; 10.395,75 ; 10.395,75 ; -   ;0%
SP;PALMEIRA DOESTE;3535200; 12.167,15 ; 12.167,15 ; -   ;0%
SP;PALMITAL;3535309; 12.201,34 ; 12.201,34 ; -   ;0%
SP;PANORAMA;3535408; 11.568,04 ; 11.568,04 ; -   ;0%
SP;PARAGUACU PAULISTA;3535507; 10.546,82 ; 10.546,82 ; -   ;0%
SP;PARAIBUNA;3535606; 15.271,47 ; 15.271,47 ; -   ;0%
SP;PARAISO;3535705; 12.040,77 ; 12.040,77 ; -   ;0%
SP;PARANAPANEMA;3535804; 10.644,77 ; 10.644,77 ; -   ;0%
SP;PARANAPUA;3535903; 10.578,28 ; 10.578,28 ; -   ;0%
SP;PARAPUA;3536000; 11.979,11 ; 11.979,11 ; -   ;0%
SP;PARDINHO;3536109; 13.130,30 ; 13.130,30 ; -   ;0%
SP;PARIQUERA-ACU;3536208; 10.650,72 ; 10.650,72 ; -   ;0%
SP;PARISI;3536257; 11.493,33 ; 11.493,33 ; -   ;0%
SP;PATROCINIO PAULISTA;3536307; 11.503,87 ; 11.503,87 ; -   ;0%
SP;PAULICEIA;3536406; 11.612,02 ; 11.612,02 ; -   ;0%
SP;PAULINIA;3536505; 24.792,27 ; 24.792,27 ; -   ;0%
SP;PAULISTANIA;3536570; 15.751,07 ; 15.751,07 ; -   ;0%
SP;PAULO DE FARIA;3536604; 11.890,69 ; 11.890,69 ; -   ;0%
SP;PEDERNEIRAS;3536703; 11.194,88 ; 11.194,88 ; -   ;0%
SP;PEDRA BELA;3536802; 10.010,61 ; 10.194,38 ; 232.255,37 ;49%
SP;PEDRANOPOLIS;3536901; 14.345,71 ; 14.345,71 ; -   ;0%
SP;PEDREGULHO;3537008; 11.286,36 ; 11.286,36 ; -   ;0%
SP;PEDREIRA;3537107; 11.007,54 ; 11.007,54 ; -   ;0%
SP;PEDRINHAS PAULISTA;3537156; 13.425,68 ; 13.425,68 ; -   ;0%
SP;PEDRO DE TOLEDO;3537206; 11.386,95 ; 11.386,95 ; -   ;0%
SP;PENAPOLIS;3537305; 10.890,01 ; 10.890,01 ; -   ;0%
SP;PEREIRA BARRETO;3537404; 11.331,32 ; 11.331,32 ; -   ;0%
SP;PEREIRAS;3537503; 11.116,88 ; 11.116,88 ; -   ;0%
SP;PERUIBE;3537602; 12.854,54 ; 12.854,54 ; -   ;0%
SP;PIACATU;3537701; 11.512,48 ; 11.512,48 ; -   ;0%
SP;PIEDADE;3537800; 10.753,48 ; 10.753,48 ; -   ;0%
SP;PILAR DO SUL;3537909; 10.240,74 ; 10.240,74 ; -   ;0%
SP;PINDAMONHANGABA;3538006; 12.361,70 ; 12.361,70 ; -   ;0%
SP;PINDORAMA;3538105; 11.932,78 ; 11.932,78 ; -   ;0%
SP;PINHALZINHO;3538204; 10.087,03 ; 10.194,38 ; 323.751,90 ;43%
SP;PIQUEROBI;3538303; 13.679,00 ; 13.679,00 ; -   ;0%
SP;PIQUETE;3538501; 11.404,90 ; 11.404,90 ; -   ;0%
SP;PIRACAIA;3538600; 11.245,78 ; 11.245,78 ; -   ;0%
SP;PIRACICABA;3538709; 13.814,10 ; 13.814,10 ; -   ;0%
SP;PIRAJU;3538808; 10.939,05 ; 10.939,05 ; -   ;0%
SP;PIRAJUI;3538907; 11.631,86 ; 11.631,86 ; -   ;0%
SP;PIRANGI;3539004; 12.183,88 ; 12.183,88 ; -   ;0%
SP;PIRAPORA DO BOM JESUS;3539103; 10.027,00 ; 10.194,38 ; 799.969,30 ;45%
SP;PIRAPOZINHO;3539202; 11.297,83 ; 11.297,83 ; -   ;0%
SP;PIRASSUNUNGA;3539301; 12.338,72 ; 12.338,72 ; -   ;0%
SP;PIRATININGA;3539400; 13.126,64 ; 13.126,64 ; -   ;0%
SP;PITANGUEIRAS;3539509; 11.273,57 ; 11.273,57 ; -   ;0%
SP;PLANALTO;3539608; 15.211,24 ; 15.211,24 ; -   ;0%
SP;PLATINA;3539707; 14.101,56 ; 14.101,56 ; -   ;0%
SP;POA;3539806; 11.166,09 ; 11.166,09 ; -   ;0%
SP;POLONI;3539905; 14.186,42 ; 14.186,42 ; -   ;0%
SP;POMPEIA;3540002; 12.087,96 ; 12.087,96 ; -   ;0%
SP;PONGAI;3540101; 14.624,83 ; 14.624,83 ; -   ;0%
SP;PONTAL;3540200; 10.808,38 ; 10.808,38 ; -   ;0%
SP;PONTALINDA;3540259; 10.304,21 ; 10.304,21 ; -   ;0%
SP;PONTES GESTAL;3540309; 15.565,30 ; 15.565,30 ; -   ;0%
SP;POPULINA;3540408; 12.699,59 ; 12.699,59 ; -   ;0%
SP;PORANGABA;3540507; 10.893,24 ; 10.893,24 ; -   ;0%
SP;PORTO FELIZ;3540606; 14.813,89 ; 14.813,89 ; -   ;0%
SP;PORTO FERREIRA;3540705; 12.413,21 ; 12.413,21 ; -   ;0%
SP;POTIM;3540754; 9.503,18 ; 10.194,38 ; 2.572.349,35 ;49%
SP;POTIRENDABA;3540804; 10.231,31 ; 10.231,31 ; -   ;0%
SP;PRACINHA;3540853; 17.037,92 ; 17.037,92 ; -   ;0%
SP;PRADOPOLIS;3540903; 11.179,35 ; 11.179,35 ; -   ;0%
SP;PRAIA GRANDE;3541000; 13.001,49 ; 13.001,49 ; -   ;0%
SP;PRATANIA;3541059; 9.233,97 ; 10.194,38 ; 1.135.301,02 ;50%
SP;PRESIDENTE ALVES;3541109; 17.076,58 ; 17.076,58 ; -   ;0%
SP;PRESIDENTE BERNARDES;3541208; 11.584,81 ; 11.584,81 ; -   ;0%
SP;PRESIDENTE EPITACIO;3541307; 10.979,74 ; 10.979,74 ; -   ;0%
SP;PRESIDENTE PRUDENTE;3541406; 11.875,94 ; 11.875,94 ; -   ;0%
SP;PRESIDENTE VENCESLAU;3541505; 12.003,07 ; 12.003,07 ; -   ;0%
SP;PROMISSAO;3541604; 12.095,92 ; 12.095,92 ; -   ;0%
SP;QUADRA;3541653; 11.114,56 ; 11.114,56 ; -   ;0%
SP;QUATA;3541703; 11.604,24 ; 11.604,24 ; -   ;0%
SP;QUEIROZ;3541802; 13.069,97 ; 13.069,97 ; -   ;0%
SP;QUELUZ;3541901; 11.876,73 ; 11.876,73 ; -   ;0%
SP;QUINTANA;3542008; 10.313,68 ; 10.313,68 ; -   ;0%
SP;RAFARD;3542107; 10.728,97 ; 10.728,97 ; -   ;0%
SP;RANCHARIA;3542206; 10.985,08 ; 10.985,08 ; -   ;0%
SP;REDENCAO DA SERRA;3542305; 11.670,28 ; 11.670,28 ; -   ;0%
SP;REGENTE FEIJO;3542404; 12.213,18 ; 12.213,18 ; -   ;0%
SP;REGINOPOLIS;3542503; 12.558,92 ; 12.558,92 ; -   ;0%
SP;REGISTRO;3542602; 11.502,79 ; 11.502,79 ; -   ;0%
SP;RESTINGA;3542701; 10.756,10 ; 10.756,10 ; -   ;0%
SP;RIBEIRA;3542800; 12.086,29 ; 12.086,29 ; -   ;0%
SP;RIBEIRAO BONITO;3542909; 10.119,97 ; 10.194,38 ; 162.952,44 ;50%
SP;RIBEIRAO BRANCO;3543006; 9.219,74 ; 10.194,38 ; 3.279.187,30 ;53%
SP;RIBEIRAO CORRENTE;3543105; 10.456,73 ; 10.456,73 ; -   ;0%
SP;RIBEIRAO DO SUL;3543204; 12.440,50 ; 12.440,50 ; -   ;0%
SP;RIBEIRAO DOS INDIOS;3543238; 18.161,36 ; 18.161,36 ; -   ;0%
SP;RIBEIRAO GRANDE;3543253; 10.940,16 ; 10.940,16 ; -   ;0%
SP;RIBEIRAO PIRES;3543303; 13.150,16 ; 13.150,16 ; -   ;0%
SP;RIBEIRAO PRETO;3543402; 16.240,16 ; 16.240,16 ; -   ;0%
SP;RIFAINA;3543600; 15.799,93 ; 15.799,93 ; -   ;0%
SP;RINCAO;3543709; 10.753,67 ; 10.753,67 ; -   ;0%
SP;RINOPOLIS;3543808; 13.481,55 ; 13.481,55 ; -   ;0%
SP;RIO CLARO;3543907; 13.032,06 ; 13.032,06 ; -   ;0%
SP;RIO DAS PEDRAS;3544004; 12.071,24 ; 12.071,24 ; -   ;0%
SP;RIO GRANDE DA SERRA;3544103; 11.728,20 ; 11.728,20 ; -   ;0%
SP;RIOLANDIA;3544202; 10.847,36 ; 10.847,36 ; -   ;0%
SP;RIVERSUL;3543501; 10.151,28 ; 10.194,38 ; 45.625,69 ;50%
SP;ROSANA;3544251; 12.666,52 ; 12.666,52 ; -   ;0%
SP;ROSEIRA;3544301; 10.219,98 ; 10.219,98 ; -   ;0%
SP;RUBIACEA;3544400; 13.409,64 ; 13.409,64 ; -   ;0%
SP;RUBINEIA;3544509; 12.177,54 ; 12.177,54 ; -   ;0%
SP;SABINO;3544608; 14.653,23 ; 14.653,23 ; -   ;0%
SP;SAGRES;3544707; 11.219,53 ; 11.219,53 ; -   ;0%
SP;SALES;3544806; 10.745,64 ; 10.745,64 ; -   ;0%
SP;SALES OLIVEIRA;3544905; 12.822,59 ; 12.822,59 ; -   ;0%
SP;SALESOPOLIS;3545001; 9.711,47 ; 10.194,38 ; 1.095.934,45 ;53%
SP;SALMOURAO;3545100; 11.328,32 ; 11.328,32 ; -   ;0%
SP;SALTINHO;3545159; 11.398,88 ; 11.398,88 ; -   ;0%
SP;SALTO;3545209; 12.685,04 ; 12.685,04 ; -   ;0%
SP;SALTO DE PIRAPORA;3545308; 11.572,08 ; 11.572,08 ; -   ;0%
SP;SALTO GRANDE;3545407; 10.235,06 ; 10.235,06 ; -   ;0%
SP;SANDOVALINA;3545506; 13.139,48 ; 13.139,48 ; -   ;0%
SP;SANTA ADELIA;3545605; 11.588,26 ; 11.588,26 ; -   ;0%
SP;SANTA ALBERTINA;3545704; 11.680,52 ; 11.680,52 ; -   ;0%
SP;SANTA BARBARA DOESTE;3545803; 11.999,78 ; 11.999,78 ; -   ;0%
SP;SANTA BRANCA;3546009; 11.368,47 ; 11.368,47 ; -   ;0%
SP;SANTA CLARA DOESTE;3546108; 13.512,30 ; 13.512,30 ; -   ;0%
SP;SANTA CRUZ DA CONCEICAO;3546207; 16.136,20 ; 16.136,20 ; -   ;0%
SP;SANTA CRUZ DA ESPERANCA;3546256; 12.054,65 ; 12.054,65 ; -   ;0%
SP;SANTA CRUZ DAS PALMEIRAS;3546306; 10.450,39 ; 10.450,39 ; -   ;0%
SP;SANTA CRUZ DO RIO PARDO;3546405; 11.602,08 ; 11.602,08 ; -   ;0%
SP;SANTA ERNESTINA;3546504; 10.572,17 ; 10.572,17 ; -   ;0%
SP;SANTA FE DO SUL;3546603; 10.933,71 ; 10.933,71 ; -   ;0%
SP;SANTA GERTRUDES;3546702; 11.694,19 ; 11.694,19 ; -   ;0%
SP;SANTA ISABEL;3546801; 11.590,10 ; 11.590,10 ; -   ;0%
SP;SANTA LUCIA;3546900; 11.686,53 ; 11.686,53 ; -   ;0%
SP;SANTA MARIA DA SERRA;3547007; 8.991,90 ; 10.194,38 ; 1.473.450,84 ;45%
SP;SANTA MERCEDES;3547106; 12.960,17 ; 12.960,17 ; -   ;0%
SP;SANTA RITA DO PASSA QUATRO;3547502; 13.120,68 ; 13.120,68 ; -   ;0%
SP;SANTA RITA DOESTE;3547403; 15.009,76 ; 15.009,76 ; -   ;0%
SP;SANTA ROSA DE VITERBO;3547601; 11.697,51 ; 11.697,51 ; -   ;0%
SP;SANTA SALETE;3547650; 21.082,96 ; 21.082,96 ; -   ;0%
SP;SANTANA DA PONTE PENSA;3547205; 24.995,64 ; 24.995,64 ; -   ;0%
SP;SANTANA DE PARNAIBA;3547304; 16.232,91 ; 16.232,91 ; -   ;0%
SP;SANTO ANASTACIO;3547700; 11.628,40 ; 11.628,40 ; -   ;0%
SP;SANTO ANDRE;3547809; 16.642,15 ; 16.642,15 ; -   ;0%
SP;SANTO ANTONIO DA ALEGRIA;3547908; 10.274,72 ; 10.274,72 ; -   ;0%
SP;SANTO ANTONIO DE POSSE;3548005; 10.052,99 ; 10.194,38 ; 787.285,04 ;44%
SP;SANTO ANTONIO DO ARACANGUA;3548054; 12.558,93 ; 12.558,93 ; -   ;0%
SP;SANTO ANTONIO DO JARDIM;3548104; 11.927,40 ; 11.927,40 ; -   ;0%
SP;SANTO ANTONIO DO PINHAL;3548203; 9.962,41 ; 10.194,38 ; 400.117,39 ;55%
SP;SANTO EXPEDITO;3548302; 10.791,48 ; 10.791,48 ; -   ;0%
SP;SANTOPOLIS DO AGUAPEI;3548401; 10.345,73 ; 10.345,73 ; -   ;0%
SP;SANTOS;3548500; 24.998,48 ; 24.998,48 ; -   ;0%
SP;SAO BENTO DO SAPUCAI;3548609; 13.141,53 ; 13.141,53 ; -   ;0%
SP;SAO BERNARDO DO CAMPO;3548708; 15.188,87 ; 15.188,87 ; -   ;0%
SP;SAO CAETANO DO SUL;3548807; 20.148,30 ; 20.148,30 ; -   ;0%
SP;SAO CARLOS;3548906; 15.239,03 ; 15.239,03 ; -   ;0%
SP;SAO FRANCISCO;3549003; 15.872,43 ; 15.872,43 ; -   ;0%
SP;SAO JOAO DA BOA VISTA;3549102; 11.980,82 ; 11.980,82 ; -   ;0%
SP;SAO JOAO DAS DUAS PONTES;3549201; 14.480,31 ; 14.480,31 ; -   ;0%
SP;SAO JOAO DE IRACEMA;3549250; 13.410,25 ; 13.410,25 ; -   ;0%
SP;SAO JOAO DO PAU DALHO;3549300; 15.291,05 ; 15.291,05 ; -   ;0%
SP;SAO JOAQUIM DA BARRA;3549409; 12.306,69 ; 12.306,69 ; -   ;0%
SP;SAO JOSE DA BELA VISTA;3549508; 12.965,05 ; 12.965,05 ; -   ;0%
SP;SAO JOSE DO BARREIRO;3549607; 14.241,46 ; 14.241,46 ; -   ;0%
SP;SAO JOSE DO RIO PARDO;3549706; 12.007,91 ; 12.007,91 ; -   ;0%
SP;SAO JOSE DO RIO PRETO;3549805; 14.232,71 ; 14.232,71 ; -   ;0%
SP;SAO JOSE DOS CAMPOS;3549904; 12.613,90 ; 12.613,90 ; -   ;0%
SP;SAO LOURENCO DA SERRA;3549953; 11.514,17 ; 11.514,17 ; -   ;0%
SP;SAO LUIS DO PARAITINGA;3550001; 10.258,36 ; 10.258,36 ; -   ;0%
SP;SAO MANUEL;3550100; 11.570,82 ; 11.570,82 ; -   ;0%
SP;SAO MIGUEL ARCANJO;3550209; 10.282,03 ; 10.282,03 ; -   ;0%
SP;SAO PAULO;3550308; 20.853,23 ; 20.853,23 ; -   ;0%
SP;São Paulo;35; 11.506,97 ; 11.506,97 ; -   ;0%
SP;SAO PEDRO;3550407; 10.404,70 ; 10.404,70 ; -   ;0%
SP;SAO PEDRO DO TURVO;3550506; 11.449,31 ; 11.449,31 ; -   ;0%
SP;SAO ROQUE;3550605; 11.021,13 ; 11.021,13 ; -   ;0%
SP;SAO SEBASTIAO;3550704; 19.587,03 ; 19.587,03 ; -   ;0%
SP;SAO SEBASTIAO DA GRAMA;3550803; 10.467,84 ; 10.467,84 ; -   ;0%
SP;SAO SIMAO;3550902; 16.188,13 ; 16.188,13 ; -   ;0%
SP;SAO VICENTE;3551009; 11.425,06 ; 11.425,06 ; -   ;0%
SP;SARAPUI;3551108; 10.258,55 ; 10.258,55 ; -   ;0%
SP;SARUTAIA;3551207; 12.892,18 ; 12.892,18 ; -   ;0%
SP;SEBASTIANOPOLIS DO SUL;3551306; 14.872,37 ; 14.872,37 ; -   ;0%
SP;SERRA AZUL;3551405; 11.886,31 ; 11.886,31 ; -   ;0%
SP;SERRA NEGRA;3551603; 14.865,79 ; 14.865,79 ; -   ;0%
SP;SERRANA;3551504; 9.878,23 ; 10.194,38 ; 2.656.377,34 ;47%
SP;SERTAOZINHO;3551702; 11.990,55 ; 11.990,55 ; -   ;0%
SP;SETE BARRAS;3551801; 9.680,98 ; 10.194,38 ; 1.167.440,24 ;56%
SP;SEVERINIA;3551900; 9.923,57 ; 10.194,38 ; 824.333,53 ;50%
SP;SILVEIRAS;3552007; 14.535,98 ; 14.535,98 ; -   ;0%
SP;SOCORRO;3552106; 12.428,10 ; 12.428,10 ; -   ;0%
SP;SOROCABA;3552205; 14.162,40 ; 14.162,40 ; -   ;0%
SP;SUD MENNUCCI;3552304; 11.055,23 ; 11.055,23 ; -   ;0%
SP;SUMARE;3552403; 11.588,61 ; 11.588,61 ; -   ;0%
SP;SUZANAPOLIS;3552551; 15.358,90 ; 15.358,90 ; -   ;0%
SP;SUZANO;3552502; 11.600,17 ; 11.600,17 ; -   ;0%
SP;TABAPUA;3552601; 11.031,78 ; 11.031,78 ; -   ;0%
SP;TABATINGA;3552700; 10.038,47 ; 10.194,38 ; 395.260,96 ;46%
SP;TABOAO DA SERRA;3552809; 11.812,22 ; 11.812,22 ; -   ;0%
SP;TACIBA;3552908; 11.473,28 ; 11.473,28 ; -   ;0%
SP;TAGUAI;3553005; 9.645,65 ; 10.194,38 ; 1.375.555,10 ;44%
SP;TAIACU;3553104; 9.911,08 ; 10.194,38 ; 280.373,18 ;41%
SP;TAIUVA;3553203; 10.659,85 ; 10.659,85 ; -   ;0%
SP;TAMBAU;3553302; 11.563,85 ; 11.563,85 ; -   ;0%
SP;TANABI;3553401; 10.911,79 ; 10.911,79 ; -   ;0%
SP;TAPIRAI;3553500; 9.194,30 ; 10.194,38 ; 1.594.874,19 ;50%
SP;TAPIRATIBA;3553609; 9.860,22 ; 10.194,38 ; 849.761,21 ;29%
SP;TAQUARAL;3553658; 15.696,51 ; 15.696,51 ; -   ;0%
SP;TAQUARITINGA;3553708; 12.139,15 ; 12.139,15 ; -   ;0%
SP;TAQUARITUBA;3553807; 10.525,82 ; 10.525,82 ; -   ;0%
SP;TAQUARIVAI;3553856; 9.687,22 ; 10.194,38 ; 840.183,79 ;53%
SP;TARABAI;3553906; 10.459,14 ; 10.459,14 ; -   ;0%
SP;TARUMA;3553955; 11.427,64 ; 11.427,64 ; -   ;0%
SP;TATUI;3554003; 11.134,23 ; 11.134,23 ; -   ;0%
SP;TAUBATE;3554102; 11.290,68 ; 11.290,68 ; -   ;0%
SP;TEJUPA;3554201; 11.437,64 ; 11.437,64 ; -   ;0%
SP;TEODORO SAMPAIO;3554300; 10.339,35 ; 10.339,35 ; -   ;0%
SP;TERRA ROXA;3554409; 10.101,58 ; 10.194,38 ; 138.959,76 ;53%
SP;TIETE;3554508; 11.134,27 ; 11.134,27 ; -   ;0%
SP;TIMBURI;3554607; 13.654,18 ; 13.654,18 ; -   ;0%
SP;TORRE DE PEDRA;3554656; 12.632,56 ; 12.632,56 ; -   ;0%
SP;TORRINHA;3554706; 11.518,61 ; 11.518,61 ; -   ;0%
SP;TRABIJU;3554755; 13.793,06 ; 13.793,06 ; -   ;0%
SP;TREMEMBE;3554805; 12.804,70 ; 12.804,70 ; -   ;0%
SP;TRES FRONTEIRAS;3554904; 11.708,76 ; 11.708,76 ; -   ;0%
SP;TUIUTI;3554953; 9.607,97 ; 10.194,38 ; 866.801,55 ;56%
SP;TUPA;3555000; 12.106,97 ; 12.106,97 ; -   ;0%
SP;TUPI PAULISTA;3555109; 9.183,16 ; 10.194,38 ; 2.338.339,98 ;46%
SP;TURIUBA;3555208; 16.669,64 ; 16.669,64 ; -   ;0%
SP;TURMALINA;3555307; 15.511,91 ; 15.511,91 ; -   ;0%
SP;UBARANA;3555356; 10.750,18 ; 10.750,18 ; -   ;0%
SP;UBATUBA;3555406; 12.094,15 ; 12.094,15 ; -   ;0%
SP;UBIRAJARA;3555505; 11.701,26 ; 11.701,26 ; -   ;0%
SP;UCHOA;3555604; 11.412,07 ; 11.412,07 ; -   ;0%
SP;UNIAO PAULISTA;3555703; 21.752,68 ; 21.752,68 ; -   ;0%
SP;URANIA;3555802; 11.411,32 ; 11.411,32 ; -   ;0%
SP;URU;3555901; 15.622,47 ; 15.622,47 ; -   ;0%
SP;URUPES;3556008; 10.548,90 ; 10.548,90 ; -   ;0%
SP;VALENTIM GENTIL;3556107; 10.454,66 ; 10.454,66 ; -   ;0%
SP;VALINHOS;3556206; 18.233,82 ; 18.233,82 ; -   ;0%
SP;VALPARAISO;3556305; 10.990,11 ; 10.990,11 ; -   ;0%
SP;VARGEM;3556354; 10.118,15 ; 10.194,38 ; 154.936,73 ;49%
SP;VARGEM GRANDE DO SUL;3556404; 11.196,50 ; 11.196,50 ; -   ;0%
SP;VARGEM GRANDE PAULISTA;3556453; 13.874,09 ; 13.874,09 ; -   ;0%
SP;VARZEA PAULISTA;3556503; 10.709,54 ; 10.709,54 ; -   ;0%
SP;VERA CRUZ;3556602; 11.413,03 ; 11.413,03 ; -   ;0%
SP;VINHEDO;3556701; 14.168,52 ; 14.168,52 ; -   ;0%
SP;VIRADOURO;3556800; 10.590,57 ; 10.590,57 ; -   ;0%
SP;VISTA ALEGRE DO ALTO;3556909; 10.674,81 ; 10.674,81 ; -   ;0%
SP;VITORIA BRASIL;3556958; 13.837,00 ; 13.837,00 ; -   ;0%
SP;VOTORANTIM;3557006; 12.698,04 ; 12.698,04 ; -   ;0%
SP;VOTUPORANGA;3557105; 11.327,51 ; 11.327,51 ; -   ;0%
SP;ZACARIAS;3557154; 18.083,20 ; 18.083,20 ; -   ;0%
TO;ABREULANDIA;1700251; 10.732,55 ; 10.732,55 ; -   ;0%
TO;AGUIARNOPOLIS;1700301; 12.185,24 ; 12.185,24 ; -   ;0%
TO;ALIANCA DO TOCANTINS;1700350; 10.670,36 ; 10.670,36 ; -   ;0%
TO;ALMAS;1700400; 10.657,47 ; 10.657,47 ; -   ;0%
TO;ALVORADA;1700707; 11.450,00 ; 11.450,00 ; -   ;0%
TO;ANANAS;1701002; 9.002,70 ; 10.194,38 ; 2.553.514,24 ;49%
TO;ANGICO;1701051; 11.989,76 ; 11.989,76 ; -   ;0%
TO;APARECIDA DO RIO NEGRO;1701101; 10.772,82 ; 10.772,82 ; -   ;0%
TO;ARAGOMINAS;1701309; 11.183,58 ; 11.183,58 ; -   ;0%
TO;ARAGUACEMA;1701903; 11.808,71 ; 11.808,71 ; -   ;0%
TO;ARAGUACU;1702000; 10.616,84 ; 10.616,84 ; -   ;0%
TO;ARAGUAINA;1702109; 15.493,80 ; 15.493,80 ; -   ;0%
TO;ARAGUANA;1702158; 11.302,75 ; 11.302,75 ; -   ;0%
TO;ARAGUATINS;1702208; 10.527,65 ; 10.527,65 ; -   ;0%
TO;ARAPOEMA;1702307; 11.994,30 ; 11.994,30 ; -   ;0%
TO;ARRAIAS;1702406; 11.376,38 ; 11.376,38 ; -   ;0%
TO;AUGUSTINOPOLIS;1702554; 9.083,45 ; 10.194,38 ; 4.082.474,17 ;52%
TO;AURORA DO TOCANTINS;1702703; 11.773,49 ; 11.773,49 ; -   ;0%
TO;AXIXA DO TOCANTINS;1702901; 9.271,94 ; 10.194,38 ; 3.417.854,17 ;48%
TO;BABACULANDIA;1703008; 11.215,73 ; 11.215,73 ; -   ;0%
TO;BANDEIRANTES DO TOCANTINS;1703057; 10.912,36 ; 10.912,36 ; -   ;0%
TO;BARRA DO OURO;1703073; 9.874,50 ; 10.194,38 ; 339.227,85 ;53%
TO;BARROLANDIA;1703107; 11.212,59 ; 11.212,59 ; -   ;0%
TO;BERNARDO SAYAO;1703206; 11.317,98 ; 11.317,98 ; -   ;0%
TO;BOM JESUS DO TOCANTINS;1703305; 11.123,49 ; 11.123,49 ; -   ;0%
TO;BRASILANDIA DO TOCANTINS;1703602; 14.786,94 ; 14.786,94 ; -   ;0%
TO;BREJINHO DE NAZARE;1703701; 10.271,63 ; 10.271,63 ; -   ;0%
TO;BURITI DO TOCANTINS;1703800; 9.360,33 ; 10.194,38 ; 1.857.680,75 ;47%
TO;CACHOEIRINHA;1703826; 9.481,08 ; 10.194,38 ; 386.429,35 ;55%
TO;CAMPOS LINDOS;1703842; 10.319,17 ; 10.319,17 ; -   ;0%
TO;CARIRI DO TOCANTINS;1703867; 13.209,73 ; 13.209,73 ; -   ;0%
TO;CARMOLANDIA;1703883; 10.252,09 ; 10.252,09 ; -   ;0%
TO;CARRASCO BONITO;1703891; 10.774,91 ; 10.774,91 ; -   ;0%
TO;CASEARA;1703909; 9.566,87 ; 10.194,38 ; 761.866,16 ;47%
TO;CENTENARIO;1704105; 16.320,35 ; 16.320,35 ; -   ;0%
TO;CHAPADA DA NATIVIDADE;1705102; 9.802,08 ; 10.194,38 ; 307.380,18 ;48%
TO;CHAPADA DE AREIA;1704600; 12.235,53 ; 12.235,53 ; -   ;0%
TO;COLINAS DO TOCANTINS;1705508; 9.707,04 ; 10.194,38 ; 4.146.727,40 ;48%
TO;COLMEIA;1716703; 9.226,85 ; 10.194,38 ; 1.340.430,59 ;56%
TO;COMBINADO;1705557; 10.602,80 ; 10.602,80 ; -   ;0%
TO;CONCEICAO DO TOCANTINS;1705607; 12.003,07 ; 12.003,07 ; -   ;0%
TO;COUTO DE MAGALHAES;1706001; 9.513,90 ; 10.194,38 ; 1.146.097,53 ;48%
TO;CRISTALANDIA;1706100; 10.751,48 ; 10.751,48 ; -   ;0%
TO;CRIXAS DO TOCANTINS;1706258; 12.197,33 ; 12.197,33 ; -   ;0%
TO;DARCINOPOLIS;1706506; 9.582,75 ; 10.194,38 ; 648.756,30 ;51%
TO;DIANOPOLIS;1707009; 10.249,18 ; 10.249,18 ; -   ;0%
TO;DIVINOPOLIS DO TOCANTINS;1707108; 11.580,73 ; 11.580,73 ; -   ;0%
TO;DOIS IRMAOS DO TOCANTINS;1707207; 11.105,21 ; 11.105,21 ; -   ;0%
TO;DUERE;1707306; 11.726,45 ; 11.726,45 ; -   ;0%
TO;ESPERANTINA;1707405; 10.082,98 ; 10.194,38 ; 248.027,25 ;51%
TO;FATIMA;1707553; 10.895,25 ; 10.895,25 ; -   ;0%
TO;FIGUEIROPOLIS;1707652; 12.667,80 ; 12.667,80 ; -   ;0%
TO;FILADELFIA;1707702; 9.653,26 ; 10.194,38 ; 787.816,97 ;52%
TO;FORMOSO DO ARAGUAIA;1708205; 11.623,27 ; 11.623,27 ; -   ;0%
TO;FORTALEZA DO TABOCAO;1708254; 10.711,62 ; 10.711,62 ; -   ;0%
TO;GOIANORTE;1708304; 11.398,11 ; 11.398,11 ; -   ;0%
TO;GOIATINS;1709005; 10.512,57 ; 10.512,57 ; -   ;0%
TO;GUARAI;1709302; 13.066,76 ; 13.066,76 ; -   ;0%
TO;GURUPI;1709500; 11.011,14 ; 11.011,14 ; -   ;0%
TO;IPUEIRAS;1709807; 10.405,85 ; 10.405,85 ; -   ;0%
TO;ITACAJA;1710508; 10.838,03 ; 10.838,03 ; -   ;0%
TO;ITAGUATINS;1710706; 10.195,01 ; 10.195,01 ; -   ;0%
TO;ITAPIRATINS;1710904; 11.837,75 ; 11.837,75 ; -   ;0%
TO;ITAPORA DO TOCANTINS;1711100; 15.503,63 ; 15.503,63 ; -   ;0%
TO;JAU DO TOCANTINS;1711506; 11.816,10 ; 11.816,10 ; -   ;0%
TO;JUARINA;1711803; 10.226,69 ; 10.226,69 ; -   ;0%
TO;LAGOA DA CONFUSAO;1711902; 9.995,35 ; 10.194,38 ; 648.688,89 ;54%
TO;LAGOA DO TOCANTINS;1711951; 10.528,88 ; 10.528,88 ; -   ;0%
TO;LAJEADO;1712009; 11.348,94 ; 11.348,94 ; -   ;0%
TO;LIZARDA;1712405; 12.012,08 ; 12.012,08 ; -   ;0%
TO;LUZINOPOLIS;1712454; 9.560,82 ; 10.194,38 ; 435.140,11 ;57%
TO;MARIANOPOLIS DO TOCANTINS;1712504; 9.133,38 ; 10.194,38 ; 1.657.637,29 ;45%
TO;MATEIROS;1712702; 13.668,32 ; 13.668,32 ; -   ;0%
TO;MAURILANDIA DO TOCANTINS;1712801; 10.754,05 ; 10.754,05 ; -   ;0%
TO;MIRACEMA DO TOCANTINS;1713205; 12.060,05 ; 12.060,05 ; -   ;0%
TO;MIRANORTE;1713304; 10.599,08 ; 10.599,08 ; -   ;0%
TO;MONTE DO CARMO;1713601; 9.426,04 ; 10.194,38 ; 1.166.570,00 ;56%
TO;MONTE SANTO DO TOCANTINS;1713700; 16.463,88 ; 16.463,88 ; -   ;0%
TO;MURICILANDIA;1713957; 9.907,40 ; 10.194,38 ; 205.077,03 ;62%
TO;NATIVIDADE;1714203; 9.767,10 ; 10.194,38 ; 749.663,41 ;57%
TO;NAZARE;1714302; 9.197,67 ; 10.194,38 ; 942.174,18 ;54%
TO;NOVA OLINDA;1714880; 10.040,35 ; 10.194,38 ; 376.006,73 ;47%
TO;NOVA ROSALANDIA;1715002; 13.359,03 ; 13.359,03 ; -   ;0%
TO;NOVO ACORDO;1715101; 12.325,87 ; 12.325,87 ; -   ;0%
TO;NOVO ALEGRE;1715150; 13.941,96 ; 13.941,96 ; -   ;0%
TO;NOVO JARDIM;1715259; 11.951,92 ; 11.951,92 ; -   ;0%
TO;OLIVEIRA DE FATIMA;1715507; 11.085,53 ; 11.085,53 ; -   ;0%
TO;PALMAS;1721000; 12.919,23 ; 12.919,23 ; -   ;0%
TO;PALMEIRANTE;1715705; 11.296,51 ; 11.296,51 ; -   ;0%
TO;PALMEIRAS DO TOCANTINS;1713809; 10.556,99 ; 10.556,99 ; -   ;0%
TO;PALMEIROPOLIS;1715754; 9.063,89 ; 10.194,38 ; 1.956.456,66 ;45%
TO;PARAISO DO TOCANTINS;1716109; 10.424,17 ; 10.424,17 ; -   ;0%
TO;PARANA;1716208; 9.805,36 ; 10.194,38 ; 1.014.374,77 ;56%
TO;PAU DARCO;1716307; 10.013,33 ; 10.194,38 ; 166.575,49 ;50%
TO;PEDRO AFONSO;1716505; 10.938,94 ; 10.938,94 ; -   ;0%
TO;PEIXE;1716604; 12.185,87 ; 12.185,87 ; -   ;0%
TO;PEQUIZEIRO;1716653; 9.908,85 ; 10.194,38 ; 395.955,13 ;48%
TO;PINDORAMA DO TOCANTINS;1717008; 12.274,81 ; 12.274,81 ; -   ;0%
TO;PIRAQUE;1717206; 9.395,24 ; 10.194,38 ; 521.050,11 ;54%
TO;PIUM;1717503; 11.476,20 ; 11.476,20 ; -   ;0%
TO;PONTE ALTA DO BOM JESUS;1717800; 12.635,76 ; 12.635,76 ; -   ;0%
TO;PONTE ALTA DO TOCANTINS;1717909; 10.296,67 ; 10.296,67 ; -   ;0%
TO;PORTO ALEGRE DO TOCANTINS;1718006; 11.137,58 ; 11.137,58 ; -   ;0%
TO;PORTO NACIONAL;1718204; 10.449,33 ; 10.449,33 ; -   ;0%
TO;PRAIA NORTE;1718303; 12.807,11 ; 12.807,11 ; -   ;0%
TO;PRESIDENTE KENNEDY;1718402; 11.913,77 ; 11.913,77 ; -   ;0%
TO;PUGMIL;1718451; 11.537,85 ; 11.537,85 ; -   ;0%
TO;RECURSOLANDIA;1718501; 12.189,08 ; 12.189,08 ; -   ;0%
TO;RIACHINHO;1718550; 11.236,52 ; 11.236,52 ; -   ;0%
TO;RIO DA CONCEICAO;1718659; 12.775,28 ; 12.775,28 ; -   ;0%
TO;RIO DOS BOIS;1718709; 11.085,53 ; 11.085,53 ; -   ;0%
TO;RIO SONO;1718758; 10.295,65 ; 10.295,65 ; -   ;0%
TO;SAMPAIO;1718808; 10.014,51 ; 10.194,38 ; 210.917,70 ;53%
TO;SANDOLANDIA;1718840; 11.049,43 ; 11.049,43 ; -   ;0%
TO;SANTA FE DO ARAGUAIA;1718865; 9.195,62 ; 10.194,38 ; 1.474.563,39 ;56%
TO;SANTA MARIA DO TOCANTINS;1718881; 11.358,11 ; 11.358,11 ; -   ;0%
TO;SANTA RITA DO TOCANTINS;1718899; 14.454,24 ; 14.454,24 ; -   ;0%
TO;SANTA ROSA DO TOCANTINS;1718907; 9.365,17 ; 10.194,38 ; 1.309.310,99 ;49%
TO;SANTA TEREZA DO TOCANTINS;1719004; 10.189,16 ; 10.194,38 ; 3.909,19 ;53%
TO;SANTA TEREZINHA DO TOCANTINS;1720002; 10.475,93 ; 10.475,93 ; -   ;0%
TO;SAO BENTO DO TOCANTINS;1720101; 7.823,65 ; 10.194,38 ; 4.789.734,10 ;52%
TO;SAO FELIX DO TOCANTINS;1720150; 11.590,24 ; 11.590,24 ; -   ;0%
TO;SAO MIGUEL DO TOCANTINS;1720200; 8.901,73 ; 10.194,38 ; 5.200.754,07 ;46%
TO;SAO SALVADOR DO TOCANTINS;1720259; 10.783,14 ; 10.783,14 ; -   ;0%
TO;SAO SEBASTIAO DO TOCANTINS;1720309; 9.258,00 ; 10.194,38 ; 1.202.976,02 ;47%
TO;SAO VALERIO;1720499; 10.425,93 ; 10.425,93 ; -   ;0%
TO;SILVANOPOLIS;1720655; 10.268,02 ; 10.268,02 ; -   ;0%
TO;SITIO NOVO DO TOCANTINS;1720804; 8.489,19 ; 10.194,38 ; 6.560.224,26 ;44%
TO;SUCUPIRA;1720853; 15.043,32 ; 15.043,32 ; -   ;0%
TO;TAGUATINGA;1720903; 11.221,59 ; 11.221,59 ; -   ;0%
TO;TAIPAS DO TOCANTINS;1720937; 12.788,56 ; 12.788,56 ; -   ;0%
TO;TALISMA;1720978; 15.866,67 ; 15.866,67 ; -   ;0%
TO;TOCANTINIA;1721109; 9.685,09 ; 10.194,38 ; 1.110.275,32 ;47%
TO;TOCANTINOPOLIS;1721208; 10.664,20 ; 10.664,20 ; -   ;0%
TO;Tocantins;17; 15.441,75 ; 15.441,75 ; -   ;0%
TO;TUPIRAMA;1721257; 14.474,43 ; 14.474,43 ; -   ;0%
TO;TUPIRATINS;1721307; 12.851,61 ; 12.851,61 ; -   ;0%
TO;WANDERLANDIA;1722081; 9.984,17 ; 10.194,38 ; 423.145,38 ;51%
TO;XAMBIOA;1722107; 10.213,38 ; 10.213,38 ; -   ;0%
TOTAL;;;;; 31.609.695.667,85 ;
